ticker,name,close,rs,mcap,dvol_50d,vs_52w_low,from_52w_high,sma200_up_months,n_pass,pass_all,new_52w_high,new_52w_low,1_price_gt_150_200,2_150_gt_200,3_200ma_rising_1m,4_50_gt_150_gt_200,5_price_gt_50,6_ge_30pct_above_52wlow,7_within_25pct_of_52whigh,8_rs_ge_70
010170.KQ,대한광통신,16100.0,99.0,2808100000000.0,143475939848,1370.3,-48.9,5,6,False,False,False,True,True,True,False,True,True,False,True
043260.KQ,성호전자,18560.0,98.9,2048500000000.0,33230206583,1701.9,-68.9,5,5,False,False,False,False,True,True,False,True,True,False,True
327260.KQ,RF머트리얼즈,44250.0,98.8,889500000000.0,20598389701,1240.5,-30.1,5,6,False,False,False,True,True,True,False,True,True,False,True
000500.KS,가온전선,249500.0,98.7,9707500000000.0,45980076556,753.8,-29.3,5,7,False,False,False,True,True,True,True,True,True,False,True
036930.KQ,주성엔지니어링,202000.0,98.6,9691300000000.0,267292619070,668.1,-28.6,5,7,False,False,False,True,True,True,True,True,True,False,True
017900.KS,광전자,10460.0,98.4,636200000000.0,39454013561,494.3,-53.4,5,6,False,False,False,True,True,True,False,True,True,False,True
009150.KS,삼성전기,1381000.0,98.3,106961400000000.0,1071671272080,704.8,-42.9,5,7,False,False,False,True,True,True,True,True,True,False,True
046970.KQ,우리로,7240.0,98.2,350600000000.0,13350747212,500.3,-55.3,5,6,False,False,False,True,True,True,False,True,True,False,True
046970.KQ,우리로,7240.0,98.2,350600000000.0,13350747212,500.3,-55.3,5,6,False,False,False,True,True,True,False,True,True,False,True
159010.KQ,아스플로,21350.0,98.0,300000000000.0,3662574246,521.5,-20.0,5,8,True,False,False,True,True,True,True,True,True,True,True
001210.KS,금호전기,11060.0,97.9,131700000000.0,54125647579,375.7,-22.9,2,8,True,False,False,True,True,True,True,True,True,True,True
002990.KS,금호건설,13630.0,97.8,512000000000.0,139768507558,325.9,-29.7,5,7,False,False,False,True,True,True,True,True,True,False,True
002990.KS,금호건설,13630.0,97.8,512000000000.0,139768507558,325.9,-29.7,5,7,False,False,False,True,True,True,True,True,True,False,True
079650.KQ,서산,6570.0,97.6,120200000000.0,36327082940,590.1,-36.2,3,7,False,False,False,True,True,True,True,True,True,False,True
079650.KQ,서산,6570.0,97.6,120200000000.0,36327082940,590.1,-36.2,3,7,False,False,False,True,True,True,True,True,True,False,True
351320.KQ,넥사다이내믹스,3860.0,97.3,111100000000.0,1926641785,400.6,-32.2,1,7,False,False,False,True,True,True,True,True,True,False,True
069540.KQ,빛과전자,4410.0,97.2,463200000000.0,55474677470,644.9,-45.6,5,6,False,False,False,True,True,True,False,True,True,False,True
032580.KQ,피델릭스,4920.0,97.1,217000000000.0,4603271840,478.8,-49.7,5,7,False,False,False,True,True,True,True,True,True,False,True
131290.KQ,티에스이,243000.0,97.0,2981100000000.0,35947604764,572.2,-23.7,5,8,True,False,False,True,True,True,True,True,True,True,True
001820.KS,삼화콘덴서공업,143900.0,96.9,1520800000000.0,84302347574,418.6,-26.9,5,7,False,False,False,True,True,True,True,True,True,False,True
317400.KS,자이에스앤디,10240.0,96.8,378100000000.0,13250764631,235.7,-14.1,5,8,True,False,False,True,True,True,True,True,True,True,True
402340.KS,SK스퀘어,1020000.0,96.7,149469900000000.0,805421793940,620.8,-53.4,5,6,False,False,False,True,True,True,True,False,True,False,True
319660.KQ,피에스케이,129500.0,96.6,4006100000000.0,68639893124,476.8,-41.0,5,6,False,False,False,True,True,True,True,False,True,False,True
064290.KQ,인텍플러스,50700.0,96.5,656900000000.0,13167492660,362.6,-6.3,5,8,True,False,False,True,True,True,True,True,True,True,True
047040.KS,대우건설,18570.0,96.4,7593600000000.0,116050810695,459.3,-54.0,5,5,False,False,False,False,True,True,False,True,True,False,True
031980.KQ,피에스케이홀딩스,166800.0,96.2,3665600000000.0,26850044144,399.4,-4.1,5,8,True,False,False,True,True,True,True,True,True,True,True
000660.KS,SK하이닉스,1759000.0,96.1,1372595200000000.0,8576104988680,582.4,-41.1,5,7,False,False,False,True,True,True,True,True,True,False,True
020120.KS,키다리스튜디오,8980.0,96.0,311000000000.0,3229251678,220.7,-5.0,1,8,True,True,False,True,True,True,True,True,True,True,True
006340.KS,대원전선,12740.0,95.9,1074300000000.0,122568978368,360.8,-37.2,5,6,False,False,False,True,True,True,True,False,True,False,True
219130.KQ,타이거일렉,74800.0,95.8,478000000000.0,4101262448,388.9,-14.9,5,8,True,False,False,True,True,True,True,True,True,True,True
095610.KQ,테스,135700.0,95.7,2896300000000.0,75218185496,385.5,-42.6,5,6,False,False,False,True,True,True,True,False,True,False,True
222800.KQ,심텍,130700.0,95.6,5064600000000.0,88924949318,440.1,-20.4,5,8,True,False,False,True,True,True,True,True,True,True,True
417840.KQ,저스템,14530.0,95.5,346200000000.0,12576304571,390.3,-34.7,5,7,False,False,False,True,True,True,True,True,True,False,True
024840.KQ,KBI메탈,5630.0,95.4,276400000000.0,23666321161,247.5,-52.1,5,7,False,False,False,True,True,True,True,True,True,False,True
134580.KQ,탑코미디어,3710.0,95.3,176500000000.0,1792719758,336.5,-15.7,1,6,False,False,False,True,False,True,False,True,True,True,True
080220.KQ,제주반도체,71500.0,95.1,2614200000000.0,133591692738,339.5,-48.2,5,6,False,False,False,True,True,True,True,False,True,False,True
098120.KQ,마이크로컨텍솔,50000.0,95.0,480500000000.0,5843623558,222.6,-11.5,1,8,True,False,False,True,True,True,True,True,True,True,True
092190.KQ,서울바이오시스,8780.0,94.9,386200000000.0,1470878677,311.2,-54.4,5,7,False,False,False,True,True,True,True,True,True,False,True
420770.KQ,기가비스,105800.0,94.8,1412100000000.0,17118726390,314.9,-48.6,5,5,False,False,False,False,True,True,True,False,True,False,True
228340.KQ,동양파일,3940.0,94.7,71100000000.0,7370241464,154.2,-46.0,3,7,False,False,False,True,True,True,True,True,True,False,True
052460.KQ,아이크래프트,5900.0,94.6,86600000000.0,3710944771,162.2,-31.5,5,7,False,False,False,True,True,True,True,True,True,False,True
241710.KQ,코스메카코리아,136400.0,94.5,1392700000000.0,17112148238,138.0,-12.3,5,8,True,False,False,True,True,True,True,True,True,True,True
189330.KQ,씨이랩,11550.0,94.4,104800000000.0,8682526724,239.7,-39.5,4,6,False,False,False,True,True,True,True,False,True,False,True
065170.KQ,비엘팜텍,2255.0,94.3,61700000000.0,4840252914,499.7,-72.3,5,4,False,False,False,False,True,True,False,False,True,False,True
161890.KS,한국콜마,150000.0,94.1,3444000000000.0,50961861042,147.5,-9.6,3,8,True,False,False,True,True,True,True,True,True,True,True
224060.KQ,더코디,7430.0,94.0,27000000000.0,1387515711,209.6,-41.7,5,6,False,False,False,True,True,True,False,True,True,False,True
071200.KQ,인피니트헬스케어,13000.0,93.9,293700000000.0,1664226385,147.6,-7.7,5,8,True,False,False,True,True,True,True,True,True,True,True
252990.KQ,샘씨엔에스,16600.0,93.8,1099600000000.0,9974803227,253.9,-3.8,5,8,True,False,False,True,True,True,True,True,True,True,True
067290.KQ,JW신약,3500.0,93.7,183500000000.0,48047007215,180.9,-19.3,3,8,True,False,False,True,True,True,True,True,True,True,True
457600.KQ,벡트,4550.0,93.6,62200000000.0,1133568515,224.8,-20.2,2,8,True,False,False,True,True,True,True,True,True,True,True
078930.KS,GS,112000.0,93.5,10552900000000.0,54578375928,154.5,-15.9,5,8,True,False,False,True,True,True,True,True,True,True,True
126640.KQ,화신정공,3720.0,93.4,138600000000.0,7800518233,202.4,-52.8,5,6,False,False,False,True,True,True,True,False,True,False,True
080580.KQ,오킨스전자,22100.0,93.3,488300000000.0,4850263411,270.8,-19.6,5,7,False,False,False,True,True,True,False,True,True,True,True
072950.KQ,빛샘전자,13530.0,93.2,111000000000.0,9849245267,194.1,-47.4,5,6,False,False,False,True,True,True,False,True,True,False,True
226340.KQ,본느,4920.0,93.0,41600000000.0,10800243353,303.3,-49.2,1,5,False,False,False,True,False,True,False,True,True,False,True
446540.KQ,메가터치,8950.0,92.9,267500000000.0,3341710388,175.8,-18.6,5,8,True,False,False,True,True,True,True,True,True,True,True
353200.KS,대덕전자,101700.0,92.8,5085000000000.0,105972002094,352.0,-48.6,5,5,False,False,False,False,True,True,True,False,True,False,True
032820.KQ,우리기술,12920.0,92.7,2339500000000.0,53264736434,265.0,-57.2,5,5,False,False,False,False,True,True,False,True,True,False,True
005930.KS,삼성전자,253500.0,92.6,1607726600000000.0,6376608979370,268.5,-32.3,5,6,False,False,False,True,True,True,True,False,True,False,True
356680.KQ,엑스게이트,17090.0,92.5,514900000000.0,27494286323,180.2,-44.1,5,6,False,False,False,True,True,True,False,True,True,False,True
413630.KQ,씨피시스템,4725.0,92.4,161200000000.0,26737088597,184.1,-23.7,0,5,False,False,False,True,False,False,False,True,True,True,True
092870.KQ,엑시콘,32000.0,92.3,497900000000.0,6726455263,230.2,-23.3,5,7,False,False,False,True,True,True,False,True,True,True,True
091590.KQ,남화토건,6450.0,92.2,72100000000.0,9461873056,101.6,-47.1,3,7,False,False,False,True,True,True,True,True,True,False,True
091590.KQ,남화토건,6450.0,92.2,72100000000.0,9461873056,101.6,-47.1,3,7,False,False,False,True,True,True,True,True,True,False,True
222040.KQ,코스맥스엔비티,7410.0,91.9,153500000000.0,3308199493,159.1,-33.8,4,6,False,False,False,True,True,True,True,False,True,False,True
003010.KS,혜인,8980.0,91.8,132000000000.0,7086185359,128.8,-32.4,1,7,False,False,False,True,True,True,True,True,True,False,True
049080.KQ,기가레인,10990.0,91.7,86000000000.0,11650548401,207.0,-64.8,5,5,False,False,False,False,True,True,False,True,True,False,True
041830.KQ,인바디,57800.0,91.6,767100000000.0,6910211745,122.3,-21.4,5,8,True,False,False,True,True,True,True,True,True,True,True
440110.KQ,파두,59300.0,91.5,3282300000000.0,38363883216,326.9,-54.2,5,4,False,False,False,False,True,True,False,False,True,False,True
006110.KS,삼아알미늄,58000.0,91.4,865100000000.0,9633681239,205.3,-44.6,5,6,False,False,False,True,True,True,False,True,True,False,True
036540.KQ,SFA반도체,8920.0,91.3,1744900000000.0,19824131376,175.3,-23.4,5,7,False,False,False,True,True,True,False,True,True,True,True
010120.KS,엘에스일렉트릭,199400.0,91.2,31650000000000.0,139421585216,270.6,-40.5,5,5,False,False,False,False,True,True,False,True,True,False,True
025560.KS,미래산업,5830.0,91.1,170800000000.0,4532166796,184.9,-56.5,5,6,False,False,False,True,True,True,True,False,True,False,True
053260.KQ,금강철강,7580.0,91.0,135500000000.0,11706242925,103.8,-17.3,5,8,True,False,False,True,True,True,True,True,True,True,True
066570.KS,LG전자,200000.0,90.8,33065600000000.0,217594714952,174.7,-54.3,5,7,False,False,False,True,True,True,True,True,True,False,True
010950.KS,S-Oil,144100.0,90.7,17326500000000.0,63985373144,149.3,-18.6,5,8,True,False,False,True,True,True,True,True,True,True,True
089970.KQ,브이엠,51900.0,90.6,1461100000000.0,47314486319,307.4,-57.5,5,5,False,False,False,False,True,True,True,False,True,False,True
119850.KQ,지엔씨에너지,47350.0,90.5,871800000000.0,39463460779,158.0,-18.4,2,8,True,False,False,True,True,True,True,True,True,True,True
375500.KS,DL이앤씨,87200.0,90.4,3304400000000.0,26688930870,126.8,-18.2,5,7,False,False,False,True,True,True,False,True,True,True,True
034730.KS,SK,551000.0,90.3,41906600000000.0,107252892680,174.8,-37.6,5,6,False,False,False,True,True,True,True,False,True,False,True
192820.KS,코스맥스,280500.0,90.2,3115400000000.0,32351917206,98.9,-8.5,1,8,True,False,False,True,True,True,True,True,True,True,True
095340.KQ,ISC,191900.0,90.1,4226700000000.0,29695197162,247.6,-34.4,5,5,False,False,False,False,True,True,False,True,True,False,True
475150.KS,SK이터닉스,48800.0,90.0,1723800000000.0,263413268088,183.6,-44.4,5,6,False,False,False,True,True,True,True,False,True,False,True
044820.KS,코스맥스비티아이,25500.0,89.8,246300000000.0,1006904228,115.9,-12.5,3,8,True,False,False,True,True,True,True,True,True,True,True
006360.KS,GS건설,36700.0,89.7,3149400000000.0,86913643034,106.3,-18.2,5,8,True,False,False,True,True,True,True,True,True,True,True
181710.KS,NHN,53400.0,89.6,1816900000000.0,14133543270,116.6,-31.7,5,7,False,False,False,True,True,True,True,True,True,False,True
093370.KS,후성,14530.0,89.5,1497300000000.0,43070822144,166.6,-38.3,5,7,False,False,False,True,True,True,True,True,True,False,True
003350.KS,한국화장품제조,14950.0,89.4,345600000000.0,19226469232,121.5,-16.5,1,6,False,False,False,True,False,True,False,True,True,True,True
089860.KS,롯데렌탈,48150.0,89.3,1788200000000.0,5920405320,80.7,-9.3,4,8,True,False,False,True,True,True,True,True,True,True,True
037460.KQ,삼지전자,29950.0,89.2,501000000000.0,2670598401,173.3,-53.6,5,5,False,False,False,False,True,True,True,False,True,False,True
091580.KQ,상신이디피,22700.0,89.1,286600000000.0,4274004252,138.7,-28.1,5,6,False,False,False,True,True,True,False,True,True,False,True
121440.KQ,골프존홀딩스,7750.0,89.0,334100000000.0,1512666256,89.5,-8.2,3,8,True,False,False,True,True,True,True,True,True,True,True
417310.KS,코람코더원리츠,2375.0,88.9,96600000000.0,1589290588,4.2,-78.5,5,6,False,False,False,True,True,True,True,True,False,False,True
006400.KS,삼성SDI,544000.0,88.7,43193800000000.0,223108703700,176.4,-24.8,5,7,False,False,False,True,True,True,False,True,True,True,True
198440.KQ,강동씨앤엘,1910.0,88.6,101600000000.0,7526873432,109.9,-34.8,1,7,False,False,False,True,True,True,True,True,True,False,True
198440.KQ,강동씨앤엘,1910.0,88.6,101600000000.0,7526873432,109.9,-34.8,1,7,False,False,False,True,True,True,True,True,True,False,True
000990.KS,DB하이텍,125000.0,88.4,5777400000000.0,49821523678,183.8,-45.8,5,6,False,False,False,True,True,True,False,True,True,False,True
011070.KS,LG이노텍,515000.0,88.3,12425200000000.0,164662484720,222.3,-71.2,5,4,False,False,False,False,True,True,False,False,True,False,True
058610.KQ,에스피지,98101.2109,88.2,2228800000000.0,59547383322,277.3,-40.8,5,5,False,False,False,False,True,True,False,True,True,False,True
031330.KQ,에스에이엠티,7920.0,88.1,833000000000.0,7339597824,175.0,-60.3,5,5,False,False,False,False,True,True,True,False,True,False,True
005090.KS,SGC에너지,53300.0,88.0,779500000000.0,9097725460,164.5,-24.6,5,8,True,False,False,True,True,True,True,True,True,True,True
085910.KQ,네오티스,13180.0,87.9,196200000000.0,3071490259,326.5,-63.7,5,4,False,False,False,False,True,True,False,False,True,False,True
084370.KQ,유진테크,140400.0,87.8,3265500000000.0,23733881980,215.5,-39.4,5,6,False,False,False,True,True,True,False,True,True,False,True
004310.KS,현대약품,9970.0,87.6,297600000000.0,46954789116,184.9,-37.5,5,5,False,False,False,True,False,True,False,True,True,False,True
452260.KS,한화갤러리아,2610.0,87.5,523400000000.0,3479118673,161.3,-36.7,5,6,False,False,False,True,True,True,False,True,True,False,True
064760.KQ,티씨케이,270000.0,87.4,3007300000000.0,17911670120,166.5,-22.5,5,7,False,False,False,True,True,True,False,True,True,True,True
240810.KQ,원익IPS,119400.0,87.3,6425100000000.0,136626610850,221.4,-36.4,5,5,False,False,False,False,True,True,False,True,True,False,True
001450.KS,현대해상,48500.0,87.2,4160100000000.0,24591624801,85.8,-11.3,5,8,True,False,False,True,True,True,True,True,True,True,True
048770.KQ,TPC로보틱스,4295.0,87.1,68300000000.0,3156925318,126.1,-59.8,5,6,False,False,False,True,True,True,False,True,True,False,True
322000.KS,HD현대에너지솔루션,120000.0,87.0,1340600000000.0,54173126932,180.7,-53.1,5,4,False,False,False,False,True,True,False,False,True,False,True
144960.KQ,뉴파워프라즈마,9200.0,86.9,518600000000.0,12782075595,95.3,-30.7,5,6,False,False,False,True,True,True,True,False,True,False,True
083450.KQ,GST,46400.0,86.8,890200000000.0,6142640940,139.5,-34.5,5,7,False,False,False,True,True,True,True,True,True,False,True
028050.KS,삼성E&A,50500.0,86.7,10231200000000.0,87029574682,118.1,-25.0,5,8,True,False,False,True,True,True,True,True,True,True,True
076610.KQ,해성옵틱스,1215.0,86.5,72000000000.0,2227451516,150.5,-58.5,5,5,False,False,False,False,True,True,False,True,True,False,True
332570.KQ,PS일렉트로닉스,8460.0,86.4,432800000000.0,33198234391,108.1,-43.6,5,7,False,False,False,True,True,True,True,True,True,False,True
170920.KQ,엘티씨,32350.0,86.3,370800000000.0,11622324586,170.3,-46.7,5,5,False,False,False,False,True,True,True,False,True,False,True
319400.KQ,현대무벡스,21200.0,86.2,2439100000000.0,37035802171,244.7,-57.9,5,4,False,False,False,False,True,True,False,False,True,False,True
437730.KQ,삼현,49500.0,86.1,1762900000000.0,10516991150,246.6,-35.6,5,5,False,False,False,True,False,True,False,True,True,False,True
008930.KS,한미사이언스,51100.0,86.0,3460600000000.0,17994983010,99.6,-16.2,1,8,True,False,False,True,True,True,True,True,True,True,True
108490.KQ,로보티즈,309000.0,85.9,4517400000000.0,80590711468,223.9,-33.4,5,5,False,False,False,True,False,True,False,True,True,False,True
019210.KQ,와이지-원,13200.0,85.8,474200000000.0,14477960081,169.4,-53.7,5,5,False,False,False,False,True,True,True,False,True,False,True
356860.KQ,티엘비,38100.0,85.7,911300000000.0,18580345086,190.3,-41.1,5,6,False,False,False,True,True,True,False,True,True,False,True
138080.KQ,오이솔루션,25800.0,85.6,342900000000.0,7095886723,180.4,-55.4,5,5,False,False,False,False,True,True,False,True,True,False,True
138080.KQ,오이솔루션,25800.0,85.6,342900000000.0,7095886723,180.4,-55.4,5,5,False,False,False,False,True,True,False,True,True,False,True
036710.KQ,심텍홀딩스,4040.0,85.3,208700000000.0,1231344005,167.5,-37.8,5,7,False,False,False,True,True,True,True,True,True,False,True
187660.KQ,페니트리움바이오,6740.0,85.2,409400000000.0,9460436537,193.0,-68.7,5,5,False,False,False,False,True,True,False,True,True,False,True
340810.KQ,시선AI,4080.0,85.1,64300000000.0,1003515272,93.8,-11.9,1,6,False,False,False,True,False,True,False,True,True,True,True
029460.KS,케이씨,39800.0,85.0,491000000000.0,1178468917,89.5,-7.4,5,8,True,False,False,True,True,True,True,True,True,True,True
000150.KS,두산,1387000.0,84.9,23400100000000.0,90733039760,165.7,-44.3,5,6,False,False,False,True,True,True,False,True,True,False,True
057050.KS,현대홈쇼핑,87300.0,84.8,,1111461788,74.6,-9.3,5,8,True,False,False,True,True,True,True,True,True,True,True
281820.KS,케이씨텍,70500.0,84.7,1566100000000.0,16142107386,128.5,-43.5,5,6,False,False,False,True,True,True,True,False,True,False,True
162300.KQ,신스틸,2530.0,84.6,98700000000.0,6522233444,89.5,-19.8,1,6,False,False,False,True,False,True,False,True,True,True,True
007810.KS,코리아써키트,50900.0,84.4,1268700000000.0,18399920009,322.1,-65.7,5,4,False,False,False,False,True,True,False,False,True,False,True
011560.KQ,세보엠이씨,23900.0,84.3,249600000000.0,1143970474,99.0,-18.4,5,8,True,False,False,True,True,True,True,True,True,True,True
013700.KS,까뮤이앤씨,1645.0,84.2,100000000000.0,1245074613,65.0,-18.0,5,8,True,False,False,True,True,True,True,True,True,True,True
039030.KQ,이오테크닉스,468000.0,84.1,5999600000000.0,48300262330,148.0,-24.9,5,7,False,False,False,True,True,True,False,True,True,True,True
088350.KS,한화생명,5840.0,84.0,5002700000000.0,22127149774,99.3,-22.8,5,8,True,False,False,True,True,True,True,True,True,True,True
010060.KS,OCI홀딩스,203000.0,83.9,3603400000000.0,73100192094,143.4,-51.0,5,4,False,False,False,False,True,True,False,False,True,False,True
261780.KQ,아리바이오LAB,4025.0,83.8,99900000000.0,1444598359,120.7,-40.1,1,6,False,False,False,True,True,True,False,True,True,False,True
212560.KQ,네오오토,10280.0,83.7,142600000000.0,3538004524,105.8,-36.1,5,6,False,False,False,True,True,True,True,False,True,False,True
019010.KQ,베뉴지,4815.0,83.6,238100000000.0,2368880692,109.8,-34.0,5,5,False,False,False,False,True,True,False,True,True,False,True
085620.KS,미래에셋생명,19380.0,83.5,2626500000000.0,5744258554,163.3,-48.0,5,7,False,False,False,True,True,True,True,True,True,False,True
448900.KQ,한국피아이엠,51800.0,83.3,345000000000.0,5527495345,358.4,-71.0,5,4,False,False,False,False,True,True,False,False,True,False,True
007340.KS,DN오토모티브,46300.0,83.2,2870000000000.0,10345015445,114.8,-31.4,5,7,False,False,False,True,True,True,True,True,True,False,True
024850.KQ,HLB이노베이션,16060.0,83.1,463000000000.0,3093754558,115.3,-44.8,5,5,False,False,False,False,True,True,False,True,True,False,True
003160.KS,디아이,31400.0,83.0,1004700000000.0,9357706589,149.0,-24.7,5,7,False,False,False,True,True,True,False,True,True,True,True
010580.KS,에스엠벡셀,2560.0,82.9,310400000000.0,4134332772,93.8,-26.8,0,4,False,False,False,True,False,False,False,True,True,False,True
053610.KQ,프로텍,62300.0,82.8,615600000000.0,1810237635,136.9,-38.9,5,5,False,False,False,False,True,True,False,True,True,False,True
403870.KQ,HPSP,53400.0,82.7,4551200000000.0,115112250956,110.7,-42.0,5,6,False,False,False,True,True,True,False,True,True,False,True
042700.KS,한미반도체,226000.0,82.6,22779600000000.0,175023877792,175.6,-46.9,5,5,False,False,False,False,True,True,False,True,True,False,True
251970.KQ,펌텍코리아,61300.0,82.5,741500000000.0,5092251708,95.2,-12.7,1,6,False,False,False,True,False,True,False,True,True,True,True
004770.KS,써니전자,2170.0,82.4,71900000000.0,3828233833,53.0,-19.8,3,8,True,False,False,True,True,True,True,True,True,True,True
203650.KQ,드림시큐리티,2665.0,82.2,284300000000.0,9035688463,90.4,-44.6,5,6,False,False,False,True,True,True,False,True,True,False,True
126730.KQ,코칩,22900.0,82.1,204300000000.0,12653447841,146.0,-37.3,1,6,False,False,False,True,True,True,False,True,True,False,True
055550.KS,신한지주,112100.0,82.0,53141800000000.0,125481356210,76.0,-3.8,5,8,True,False,False,True,True,True,True,True,True,True,True
307180.KQ,아이엘,5300.0,81.9,214800000000.0,1827568361,120.8,-49.0,5,5,False,False,False,False,True,True,False,True,True,False,True
051160.KQ,지어소프트,9920.0,81.8,186600000000.0,1352392986,58.2,-14.8,2,8,True,False,False,True,True,True,True,True,True,True,True
290550.KQ,디케이티,16850.0,81.7,432000000000.0,6296050712,153.0,-51.8,5,4,False,False,False,False,True,True,False,False,True,False,True
086790.KS,하나금융지주,136700.0,81.6,36770600000000.0,109985969800,69.8,-4.1,5,8,True,False,False,True,True,True,True,True,True,True,True
073240.KS,금호타이어,7030.0,81.5,1962000000000.0,48544491145,66.6,-20.6,5,8,True,False,False,True,True,True,True,True,True,True,True
073240.KS,금호타이어,7030.0,81.5,1962000000000.0,48544491145,66.6,-20.6,5,8,True,False,False,True,True,True,True,True,True,True,True
122350.KQ,삼기,1628.0,81.3,60000000000.0,6353830445,94.7,-30.6,3,6,False,False,False,True,True,True,True,False,True,False,True
032940.KQ,원익,10190.0,81.1,173900000000.0,14259933519,141.8,-42.8,0,4,False,False,False,True,False,False,False,True,True,False,True
042510.KQ,라온시큐어,12120.0,81.0,125100000000.0,6512195952,91.8,-28.5,0,4,False,False,False,True,False,False,False,True,True,False,True
005830.KS,DB손해보험,187000.0,80.9,12399200000000.0,40224656366,58.3,-12.6,5,8,True,False,False,True,True,True,True,True,True,True,True
077360.KQ,덕산하이메탈,10660.0,80.8,562100000000.0,7166046513,143.4,-49.5,5,5,False,False,False,False,True,True,False,True,True,False,True
093320.KQ,케이아이엔엑스,138500.0,80.7,673000000000.0,1891933322,73.1,-15.4,5,7,False,False,False,True,True,True,True,False,True,True,True
000370.KS,한화손해보험,8080.0,80.6,943300000000.0,4938562493,60.0,-25.2,5,7,False,False,False,True,True,True,True,True,True,False,True
382800.KQ,지앤비에스 에코,5090.0,80.5,172500000000.0,3379021039,99.6,-49.9,5,5,False,False,False,False,True,True,False,True,True,False,True
012200.KS,계양전기,3580.0,80.4,105400000000.0,1215050909,170.0,-74.9,5,4,False,False,False,False,True,True,False,False,True,False,True
041960.KQ,코미팜,9850.0,80.3,731300000000.0,2131862643,74.3,-8.7,5,7,False,False,False,True,True,True,False,True,True,True,True
017890.KQ,한국알콜,14130.0,80.1,293600000000.0,1156398632,59.8,-13.1,5,8,True,False,False,True,True,True,True,True,True,True,True
012210.KQ,삼미금속,10940.0,80.0,255200000000.0,17061911731,172.1,-47.5,0,4,False,False,False,False,True,False,False,True,True,False,True
105560.KS,KB금융,176700.0,79.9,63098900000000.0,216835159004,67.0,-9.2,5,8,True,False,False,True,True,True,True,True,True,True,True
059120.KQ,아진엑스텍,7040.0,79.8,131600000000.0,8931614889,101.1,-51.4,5,5,False,False,False,False,True,True,False,True,True,False,True
067310.KQ,하나마이크론,34950.0,79.7,3002100000000.0,56307868353,162.2,-40.3,5,5,False,False,False,False,True,True,False,True,True,False,True
396300.KQ,세아메카닉스,4670.0,79.6,121900000000.0,8635313855,105.7,-36.4,5,6,False,False,False,True,True,True,False,True,True,False,True
033790.KQ,피노,7770.0,79.5,654900000000.0,10715006701,125.5,-59.4,5,5,False,False,False,False,True,True,False,True,True,False,True
175330.KS,JB금융지주,32950.0,79.4,5847500000000.0,12535703285,51.8,-14.4,5,8,True,False,False,True,True,True,True,True,True,True,True
032830.KS,삼성생명,283500.0,79.3,58700000000000.0,139526186850,96.9,-45.1,5,5,False,False,False,False,True,True,True,False,True,False,True
096530.KQ,씨젠,32450.0,79.2,1593600000000.0,9640501094,49.5,-9.2,4,8,True,False,False,True,True,True,True,True,True,True,True
388790.KQ,라이콤,4850.0,79.0,166800000000.0,3187240709,129.9,-48.0,5,6,False,False,False,True,True,True,False,True,True,False,True
489460.KQ,바이오비쥬,11580.0,78.9,168500000000.0,1447415364,106.4,-33.2,0,4,False,False,False,True,False,False,False,True,True,False,True
236200.KQ,슈프리마,51400.0,78.8,355000000000.0,1458119390,70.2,-20.9,5,7,False,False,False,True,True,True,True,False,True,True,True
012630.KS,HDC,26600.0,78.7,1571200000000.0,1861070712,67.8,-13.2,3,7,False,False,False,True,True,True,False,True,True,True,True
000720.KS,현대건설,124300.0,78.6,14064200000000.0,76466040104,129.8,-37.3,5,5,False,False,False,False,True,True,False,True,True,False,True
079940.KQ,가비아,37300.0,78.5,552900000000.0,2439445737,49.8,-22.1,5,7,False,False,False,True,True,True,True,False,True,True,True
028670.KS,팬오션,5800.0,78.4,3105800000000.0,19802437077,66.4,-12.1,5,8,True,False,False,True,True,True,True,True,True,True,True
089890.KQ,코세스,28000.0,78.3,459400000000.0,5937099800,171.8,-45.5,0,4,False,False,False,False,True,False,False,True,True,False,True
377450.KQ,리파인,14870.0,78.2,252500000000.0,2621571592,76.6,-18.1,1,6,False,False,False,True,False,True,False,True,True,True,True
000810.KS,삼성화재해상보험,661000.0,78.1,29199400000000.0,73124357440,57.8,-12.7,5,8,True,False,False,True,True,True,True,True,True,True,True
054920.KQ,한컴위드,5290.0,77.9,140800000000.0,3511364780,89.3,-41.1,0,5,False,False,False,True,True,False,False,True,True,False,True
316140.KS,우리금융지주,36300.0,77.8,26855900000000.0,86370271575,52.8,-12.5,5,8,True,False,False,True,True,True,True,True,True,True,True
030530.KQ,원익홀딩스,25300.0,77.7,2085400000000.0,34335351491,193.5,-50.0,0,3,False,False,False,False,False,False,False,True,True,False,True
005160.KQ,동국산업,3490.0,77.6,177700000000.0,1525756331,64.2,-11.5,0,6,False,False,False,True,True,False,False,True,True,True,True
003550.KS,LG,112200.0,77.5,16948600000000.0,35940939988,60.1,-39.6,5,7,False,False,False,True,True,True,True,True,True,False,True
298040.KS,효성중공업,2806000.0,77.4,27209000000000.0,129625593380,136.8,-40.8,5,5,False,False,False,False,True,True,False,True,True,False,True
017670.KS,SK텔레콤,88100.0,77.3,18772700000000.0,129533387370,71.4,-36.8,5,5,False,False,False,False,True,True,True,False,True,False,True
021240.KS,코웨이,107400.0,77.2,7154600000000.0,17912115904,56.1,-1.3,1,8,True,False,False,True,True,True,True,True,True,True,True
028260.KS,삼성물산,353500.0,77.1,59758800000000.0,167306450190,111.4,-37.4,5,4,False,False,False,False,True,True,False,False,True,False,True
003690.KS,코리안리,15210.0,77.0,2634900000000.0,3888157368,51.9,-2.9,5,8,True,False,False,True,True,True,True,True,True,True,True
096770.KS,SK이노베이션,136300.0,76.8,23701200000000.0,130450998956,55.4,-17.2,2,8,True,False,False,True,True,True,True,True,True,True,True
090360.KQ,로보스타,76800.0,76.7,765400000000.0,12190625978,168.1,-55.2,0,3,False,False,False,False,False,False,False,True,True,False,True
033640.KQ,네패스,24600.0,76.6,638700000000.0,3270133229,115.8,-40.2,5,6,False,False,False,True,True,True,False,True,True,False,True
131970.KQ,두산테스나,78500.0,76.5,1849600000000.0,23219633592,132.9,-60.1,5,4,False,False,False,False,True,True,False,False,True,False,True
004710.KS,한솔테크닉스,8910.0,76.4,521600000000.0,7446350902,98.9,-45.8,5,6,False,False,False,True,True,True,False,True,True,False,True
263860.KQ,지니언스,19680.0,76.3,155600000000.0,3184239121,78.9,-34.4,0,4,False,False,False,True,False,False,False,True,True,False,True
062040.KS,산일전기,196300.0,76.2,6343100000000.0,49814392264,93.0,-42.4,5,6,False,False,False,True,True,True,False,True,True,False,True
195870.KS,해성디에스,57400.0,76.1,967300000000.0,8159238312,163.9,-47.1,5,5,False,False,False,False,True,True,False,True,True,False,True
412350.KQ,레이저쎌,4750.0,76.0,76700000000.0,2367379966,202.0,-67.6,5,5,False,False,False,False,True,True,False,True,True,False,True
090430.KS,아모레퍼시픽,144600.0,75.8,8463900000000.0,43134098138,53.8,-14.4,2,8,True,False,False,True,True,True,True,True,True,True,True
100790.KQ,미래에셋벤처투자,16400.0,75.7,899900000000.0,11143396077,178.0,-76.8,5,5,False,False,False,False,True,True,False,True,True,False,True
052710.KQ,아모텍,16000.0,75.6,319400000000.0,7746464326,134.4,-46.7,5,6,False,False,False,True,True,True,False,True,True,False,True
201490.KQ,미투온,3840.0,75.5,133500000000.0,3999662837,120.9,-43.5,0,4,False,False,False,True,False,False,False,True,True,False,True
005440.KS,현대지에프홀딩스,13080.0,75.4,2424500000000.0,3311458035,78.9,-33.9,5,5,False,False,False,False,True,True,False,True,True,False,True
189860.KQ,서전기전,5030.0,75.3,50300000000.0,1676724298,78.4,-56.3,5,5,False,False,False,False,True,True,False,True,True,False,True
217190.KQ,제너셈,6840.0,75.2,97500000000.0,1179013578,72.5,-29.3,1,6,False,False,False,True,True,True,False,True,True,False,True
282330.KS,BGF리테일,141500.0,75.1,2416300000000.0,8966187970,39.8,-9.6,5,8,True,False,False,True,True,True,True,True,True,True,True
014910.KS,성문전자,1964.0,75.0,44700000000.0,1054218994,89.0,-52.7,5,4,False,False,False,False,True,True,False,False,True,False,True
005950.KS,이수화학,11040.0,74.9,281300000000.0,7598206421,118.2,-38.6,5,5,False,False,False,False,True,True,True,False,True,False,True
204270.KQ,제이앤티씨,21550.0,74.7,1463600000000.0,9685925023,93.4,-28.4,0,4,False,False,False,True,False,False,False,True,True,False,True
336260.KS,두산퓨얼셀,51300.0,74.6,3189500000000.0,42233200499,181.4,-52.9,5,6,False,False,False,True,True,True,False,True,True,False,True
005180.KS,빙그레,85600.0,74.5,746200000000.0,6678322312,39.2,-10.8,1,8,True,False,False,True,True,True,True,True,True,True,True
204620.KQ,글로벌텍스프리,5880.0,74.4,409800000000.0,4677351123,48.7,-18.7,0,7,False,False,False,True,True,False,True,True,True,True,True
004430.KS,송원산업,11600.0,74.3,275300000000.0,2260998058,37.0,-30.7,3,6,False,False,False,True,True,True,True,False,True,False,True
128940.KS,한미약품,502000.0,74.2,6482400000000.0,60295813890,74.3,-22.4,5,7,False,False,False,True,True,True,False,True,True,True,True
000210.KS,DL,54600.0,74.1,1098100000000.0,4214765441,61.1,-29.7,5,6,False,False,False,True,True,True,False,True,True,False,True
368770.KQ,파이버프로,12420.0,74.0,440200000000.0,1939460533,135.2,-58.5,5,5,False,False,False,False,True,True,False,True,True,False,True
092730.KQ,네오팜,21750.0,73.9,375900000000.0,1613423099,39.5,-16.3,2,8,True,False,False,True,True,True,True,True,True,True,True
122640.KQ,예스티,28750.0,73.8,698300000000.0,12052559416,89.1,-34.7,5,6,False,False,False,True,True,True,False,True,True,False,True
028100.KS,동아지질,19660.0,73.6,215500000000.0,1043856481,48.9,-5.3,3,8,True,False,False,True,True,True,True,True,True,True,True
018260.KS,삼성에스디에스,217500.0,73.5,17410000000000.0,58324658234,51.4,-44.0,5,6,False,False,False,True,True,True,True,False,True,False,True
038500.KQ,삼표시멘트,6800.0,73.4,723000000000.0,3757409319,135.3,-71.1,5,4,False,False,False,False,True,True,False,False,True,False,True
294870.KS,IPARK현대산업개발,24000.0,73.3,1552100000000.0,4037080236,42.0,-4.2,2,8,True,False,False,True,True,True,True,True,True,True,True
059090.KQ,미코,19790.0,73.2,671700000000.0,4160032565,75.1,-32.3,1,6,False,False,False,True,True,True,False,True,True,False,True
004800.KS,효성,160200.0,73.1,2728700000000.0,3928698348,93.9,-49.6,5,5,False,False,False,False,True,True,False,True,True,False,True
115440.KQ,우리넷,9670.0,73.0,108200000000.0,4624765568,82.8,-54.7,5,6,False,False,False,True,True,True,False,True,True,False,True
001230.KS,동국홀딩스,2120.0,72.9,338200000000.0,1158847751,54.5,-16.7,5,7,False,False,False,True,True,True,False,True,True,True,True
425420.KQ,티에프이,56200.0,72.8,724800000000.0,4388905723,139.1,-27.7,1,6,False,False,False,True,True,True,False,True,True,False,True
280360.KS,롯데웰푸드,130300.0,72.7,1173600000000.0,4130781740,44.8,-15.9,1,8,True,False,False,True,True,True,True,True,True,True,True
051900.KS,LG생활건강,301500.0,72.5,4477700000000.0,25708777270,43.6,-10.1,1,6,False,False,False,True,False,True,False,True,True,True,True
006260.KS,LS,303500.0,72.4,10186800000000.0,45985576710,88.3,-49.8,5,4,False,False,False,False,True,True,False,False,True,False,True
023530.KS,롯데쇼핑,118600.0,72.3,3117400000000.0,20197545122,89.2,-43.8,5,5,False,False,False,False,True,True,False,True,True,False,True
218410.KQ,RFHIC,52700.0,72.2,1610500000000.0,19112521668,116.4,-58.5,5,5,False,False,False,False,True,True,False,True,True,False,True
216080.KQ,제테마,6980.0,72.1,274100000000.0,1200954081,83.7,-38.1,0,4,False,False,False,True,False,False,False,True,True,False,True
127120.KQ,제이에스링크,31100.0,72.0,1275000000000.0,5391285960,124.4,-37.7,5,4,False,False,False,False,True,True,False,False,True,False,True
008060.KS,대덕,14370.0,71.9,445200000000.0,1331586341,83.5,-41.0,5,4,False,False,False,False,True,True,False,False,True,False,True
082920.KQ,비츠로셀,27900.0,71.8,1327100000000.0,12111745696,123.6,-58.8,5,4,False,False,False,False,True,True,False,False,True,False,True
347700.KQ,스피어,20350.0,71.7,1208900000000.0,20323461985,188.7,-64.5,5,4,False,False,False,False,True,True,False,False,True,False,True
183300.KQ,코미코,27900.0,71.5,1628200000000.0,10021216065,76.4,-49.9,5,5,False,False,False,False,True,True,False,True,True,False,True
007070.KS,GS리테일,24050.0,71.4,1948100000000.0,5010059255,50.8,-19.7,5,7,False,False,False,True,True,True,True,False,True,True,True
180640.KS,한진칼,135600.0,71.3,9286600000000.0,14141884434,45.6,-22.9,3,8,True,False,False,True,True,True,True,True,True,True,True
229640.KS,LS에코에너지,56600.0,71.2,1877300000000.0,5519212875,76.9,-48.5,5,6,False,False,False,True,True,True,False,True,True,False,True
298000.KS,효성화학,55200.0,71.1,196800000000.0,4852364362,41.9,-36.9,3,6,False,False,False,True,True,True,True,False,True,False,True
139130.KS,iM금융지주,18450.0,71.0,2879000000000.0,8256204102,41.4,-16.1,5,7,False,False,False,True,True,True,False,True,True,True,True
100590.KQ,머큐리,4825.0,70.9,86400000000.0,2876948547,94.6,-62.2,5,5,False,False,False,False,True,True,False,True,True,False,True
295310.KQ,에이치브이엠,53300.0,70.8,746800000000.0,5795502392,142.8,-63.0,5,5,False,False,False,False,True,True,False,True,True,False,True
298020.KS,효성티앤씨,324500.0,70.7,1380500000000.0,6472324860,63.1,-41.7,5,5,False,False,False,False,True,True,False,True,True,False,True
003490.KS,대한항공,29050.0,70.6,10696800000000.0,75617928270,38.3,-6.9,5,8,True,False,False,True,True,True,True,True,True,True,True
001540.KQ,안국약품,10190.0,70.4,130200000000.0,1030432444,40.0,-25.3,5,6,False,False,False,True,True,True,True,False,True,False,True
001120.KS,LX인터내셔널,41650.0,70.3,1624000000000.0,3357976761,43.6,-27.8,5,5,False,False,False,False,True,True,False,True,True,False,True
004170.KS,신세계,362000.0,70.2,3395500000000.0,42703376210,125.1,-54.3,5,4,False,False,False,False,True,True,False,False,True,False,True
138360.KQ,앤로보틱스,1653.0,70.1,151700000000.0,2333380669,127.1,-66.8,5,4,False,False,False,False,True,True,False,False,True,False,True
171090.KQ,선익시스템,70100.0,70.0,711000000000.0,3349639108,94.5,-51.3,5,5,False,False,False,False,True,True,False,True,True,False,True
452430.KQ,사피엔반도체,38900.0,69.9,313700000000.0,1037790361,104.7,-30.5,1,4,False,False,False,True,False,True,False,True,True,False,False
005430.KS,한국공항,80100.0,69.8,255500000000.0,1137038910,47.8,-16.5,5,6,False,False,False,True,True,True,True,False,True,True,False
103590.KS,일진전기,70400.0,69.7,3524000000000.0,20567439228,110.1,-52.4,5,4,False,False,False,False,True,True,False,True,True,False,False
101160.KQ,월덱스,30300.0,69.6,513500000000.0,2435452398,46.4,-14.4,5,6,False,False,False,True,True,True,False,True,True,True,False
278470.KS,에이피알,353000.0,69.5,13721100000000.0,108104341370,73.0,-25.7,5,4,False,False,False,False,True,True,True,False,True,False,False
265740.KQ,엔에프씨,6690.0,69.3,140800000000.0,2434593487,66.4,-32.1,1,5,False,False,False,True,True,True,False,True,True,False,False
443670.KQ,에스피소프트,5290.0,69.2,123700000000.0,6346558664,109.9,-27.4,0,3,False,False,False,True,False,False,False,True,True,False,False
053690.KS,한미글로벌,22900.0,69.1,244400000000.0,5568893662,66.7,-34.1,1,5,False,False,False,True,True,True,False,True,True,False,False
001510.KS,SK증권,2335.0,69.0,554000000000.0,13467815797,86.5,-62.3,5,4,False,False,False,False,True,True,False,True,True,False,False
047770.KQ,코데즈컴바인,3570.0,68.9,141700000000.0,8095493371,90.1,-40.1,5,4,False,False,False,False,True,True,False,True,True,False,False
289080.KQ,SV인베스트먼트,2515.0,68.8,162700000000.0,3337331484,74.8,-50.0,5,4,False,False,False,False,True,True,False,True,True,False,False
078340.KQ,컴투스,33850.0,68.7,413500000000.0,3739761207,50.8,-19.8,1,7,False,False,False,True,True,True,True,True,True,True,False
125020.KQ,티씨머티리얼즈,5890.0,68.6,221800000000.0,3867118046,97.0,-43.4,5,4,False,False,False,False,True,True,False,True,True,False,False
194370.KS,제이에스코퍼레이션,12810.0,68.5,369700000000.0,1050793680,34.8,-20.4,5,7,False,False,False,True,True,True,True,True,True,True,False
052690.KS,한전기술,135400.0,68.4,5018300000000.0,46210773648,75.6,-31.6,5,4,False,False,False,False,True,True,False,True,True,False,False
443060.KS,HD현대마린솔루션,236500.0,68.2,10513400000000.0,22974784458,49.7,-17.6,0,5,False,False,False,True,True,False,False,True,True,True,False
411080.KQ,샌즈랩,7160.0,68.1,94500000000.0,4894664383,141.5,-30.9,0,3,False,False,False,True,False,False,False,True,True,False,False
267270.KS,HD건설기계,133600.0,68.0,6535600000000.0,34994099222,56.4,-38.6,5,4,False,False,False,False,True,True,False,True,True,False,False
242040.KQ,나무기술,3065.0,67.9,105000000000.0,1219110330,134.3,-72.4,5,3,False,False,False,False,True,True,False,False,True,False,False
257720.KQ,실리콘투,42750.0,67.8,2698500000000.0,54738627979,43.2,-23.8,1,5,False,False,False,True,False,True,False,True,True,True,False
160980.KQ,싸이맥스,22800.0,67.7,287300000000.0,5185413170,92.4,-52.4,5,3,False,False,False,False,True,True,False,False,True,False,False
045100.KQ,한양이엔지,29000.0,67.6,562600000000.0,2985579617,55.0,-26.4,5,3,False,False,False,False,True,True,False,False,True,False,False
086450.KQ,동국제약,20850.0,67.5,958900000000.0,8271703841,28.2,-33.3,5,4,False,False,False,True,True,True,False,True,False,False,False
073490.KQ,LIG아큐버,31600.0,67.4,242600000000.0,1780943761,72.9,-49.4,5,4,False,False,False,False,True,True,False,True,True,False,False
192650.KS,드림텍,7110.0,67.2,536300000000.0,2953322098,99.4,-22.0,0,4,False,False,False,True,False,False,False,True,True,True,False
365270.KQ,큐라클,9200.0,67.1,200500000000.0,1071318419,155.6,-55.7,5,3,False,False,False,False,True,True,False,False,True,False,False
077500.KS,유니퀘스트,7350.0,67.0,179700000000.0,1141603985,80.4,-22.8,1,6,False,False,False,True,True,True,False,True,True,True,False
060370.KQ,LS마린솔루션,32300.0,66.9,1718700000000.0,3480066533,49.2,-37.4,5,5,False,False,False,True,True,True,False,True,True,False,False
456010.KQ,아이씨티케이,18520.0,66.8,322000000000.0,6006490051,68.4,-53.6,0,4,False,False,False,True,True,False,False,True,True,False,False
056190.KQ,SFA,28050.0,66.7,1034200000000.0,2721511068,66.5,-23.2,1,6,False,False,False,True,True,True,False,True,True,True,False
001430.KS,세아베스틸지주,43250.0,66.6,1577900000000.0,5069255377,87.6,-53.2,5,4,False,False,False,False,True,True,False,True,True,False,False
033780.KS,케이티앤지,172000.0,66.5,18021500000000.0,47208796560,32.6,-10.6,5,6,False,False,False,True,True,True,True,False,True,True,False
067170.KQ,오텍,2480.0,66.4,67600000000.0,1438325074,50.3,-52.3,5,5,False,False,False,True,True,True,False,True,True,False,False
217730.KQ,강스템바이오텍,2145.0,66.3,199400000000.0,1698913458,77.6,-54.3,5,3,False,False,False,False,True,True,False,False,True,False,False
054940.KQ,엑사이엔씨,3780.0,66.1,24900000000.0,1490647471,34.3,-26.6,2,6,False,False,False,True,True,True,True,True,True,False,False
112610.KS,씨에스윈드,52500.0,66.0,2125400000000.0,19002262408,52.2,-33.9,1,5,False,False,False,True,True,True,False,True,True,False,False
460860.KS,동국제강,9960.0,65.9,504000000000.0,1726758616,28.4,-43.8,2,4,False,False,False,True,True,True,False,True,False,False,False
079160.KS,CJ CGV,5400.0,65.8,877600000000.0,3235395303,30.1,-18.9,1,5,False,False,False,True,False,True,False,True,True,True,False
046890.KQ,서울반도체,10000.0,65.7,602300000000.0,2470290726,74.5,-47.3,5,4,False,False,False,False,True,True,False,True,True,False,False
007690.KS,국도화학,38200.0,65.6,352800000000.0,1044085349,31.5,-14.1,2,7,False,False,False,True,True,True,True,True,True,True,False
166090.KQ,하나머티리얼즈,52800.0,65.5,1135200000000.0,9685084690,104.7,-39.9,5,3,False,False,False,False,True,True,False,False,True,False,False
001800.KS,오리온홀딩스,24400.0,65.4,1452800000000.0,1972229732,32.9,-18.5,5,6,False,False,False,True,True,True,True,False,True,True,False
014990.KS,인디에프,3705.0,65.3,61200000000.0,2506615798,163.5,-42.2,0,3,False,False,False,True,False,False,False,True,True,False,False
439090.KQ,마녀공장,15850.0,65.2,258400000000.0,7341570439,43.3,-25.4,2,5,False,False,False,True,True,True,True,False,True,False,False
306200.KS,세아제강,145300.0,65.0,417800000000.0,1110482924,29.7,-23.1,2,5,False,False,False,True,True,True,False,True,False,True,False
001790.KS,대한제당,2890.0,64.9,244100000000.0,1148820715,34.4,-11.3,1,5,False,False,False,True,False,True,False,True,True,True,False
388050.KQ,지투파워,10200.0,64.8,193600000000.0,16951496831,90.7,-44.7,1,4,False,False,False,False,True,True,False,True,True,False,False
000400.KS,롯데손해보험,2035.0,64.7,639300000000.0,1653256026,29.7,-38.0,5,3,False,False,False,False,True,True,True,False,False,False,False
012750.KS,에스원,82900.0,64.6,3210900000000.0,4892736044,24.1,-19.5,1,5,False,False,False,True,True,True,False,True,False,True,False
024060.KQ,흥구석유,13970.0,64.5,190700000000.0,55963075281,56.6,-61.4,0,3,False,False,False,False,True,False,False,True,True,False,False
003470.KS,유안타증권,4635.0,64.4,873800000000.0,1583757252,39.8,-44.8,5,4,False,False,False,False,True,True,False,True,True,False,False
098460.KQ,고영,27300.0,64.3,1954100000000.0,30645941661,92.7,-39.3,5,3,False,False,False,False,True,True,False,False,True,False,False
138040.KS,메리츠금융지주,125000.0,64.2,21704900000000.0,32841097244,27.6,-16.6,2,6,False,False,False,True,True,True,True,True,False,True,False
006120.KS,SK디스커버리,55500.0,64.1,989100000000.0,1672803972,29.8,-18.7,0,3,False,False,False,True,False,False,False,True,False,True,False
013580.KS,계룡건설산업,22750.0,63.9,206800000000.0,2098361521,39.6,-31.7,5,4,False,False,False,False,True,True,False,True,True,False,False
125490.KQ,한라캐스트,10930.0,63.8,457400000000.0,16102448654,125.1,-56.9,0,2,False,False,False,False,False,False,False,True,True,False,False
002900.KS,TYM,6750.0,63.7,275700000000.0,1624936347,25.5,-31.8,5,3,False,False,False,False,True,True,False,True,False,False,False
014950.KQ,삼익제약,10240.0,63.6,97300000000.0,20768934557,176.4,-59.1,0,2,False,False,False,False,False,,False,True,True,False,False
092790.KS,넥스틸,13930.0,63.5,361200000000.0,9421544445,54.3,-39.4,1,5,False,False,False,True,True,True,False,True,True,False,False
053800.KQ,안랩,64600.0,63.4,765500000000.0,2761907984,27.2,-13.9,0,3,False,False,False,True,False,False,False,True,False,True,False
187870.KQ,디바이스,9940.0,63.3,147500000000.0,1168224426,85.3,-66.5,5,3,False,False,False,False,True,True,False,False,True,False,False
124500.KQ,아이티센글로벌,28750.0,63.2,722800000000.0,14025907130,97.3,-61.9,5,4,False,False,False,False,True,True,False,True,True,False,False
476060.KQ,온코닉테라퓨틱스,14600.0,63.1,682000000000.0,11117605310,125.9,-49.5,0,2,False,False,False,False,False,False,False,True,True,False,False
452280.KQ,한선엔지니어링,13000.0,62.9,263100000000.0,4778884677,67.3,-65.1,5,4,False,False,False,False,True,True,False,True,True,False,False
037710.KS,광주신세계,34650.0,62.8,265400000000.0,7420612714,17.7,-41.9,5,3,False,False,False,False,True,True,True,False,False,False,False
037710.KS,광주신세계,34650.0,62.8,265400000000.0,7420612714,17.7,-41.9,5,3,False,False,False,False,True,True,True,False,False,False,False
406820.KQ,뷰티스킨,2540.0,62.6,35400000000.0,1817813392,66.6,-86.7,0,2,False,False,False,False,False,False,False,True,True,False,False
003380.KQ,하림지주,11200.0,62.5,1223100000000.0,5654890307,58.6,-42.9,5,4,False,False,False,False,True,True,False,True,True,False,False
079550.KS,LIG디펜스앤에어로스페이스,666000.0,62.4,16126000000000.0,94637658920,85.0,-40.4,5,3,False,False,False,False,True,True,False,False,True,False,False
006910.KQ,보성파워텍,7140.0,62.3,368500000000.0,8978751749,87.9,-60.8,5,4,False,False,False,False,True,True,False,True,True,False,False
001440.KS,대한전선,27900.0,62.2,5928800000000.0,51544785196,89.3,-63.2,5,4,False,False,False,False,True,True,False,True,True,False,False
123330.KQ,제닉,24700.0,62.1,194000000000.0,9416848189,58.6,-36.5,2,4,False,False,False,False,True,True,True,False,True,False,False
161390.KS,한국타이어앤테크놀로지,57800.0,62.0,7296200000000.0,21835694704,53.5,-26.3,5,4,False,False,False,False,True,True,True,False,True,False,False
355150.KQ,코스텍시스,19100.0,61.8,165700000000.0,1804676888,76.2,-70.2,5,3,False,False,False,False,True,True,False,False,True,False,False
003200.KS,일신방직,12000.0,61.7,262000000000.0,1073829020,29.0,-32.6,0,2,False,False,False,True,False,False,False,True,False,False,False
033100.KQ,제룡전기,46100.0,61.6,763800000000.0,6034546911,44.7,-50.9,5,4,False,False,False,False,True,True,False,True,True,False,False
320000.KQ,한울반도체,10730.0,61.5,73300000000.0,6703031450,51.7,-63.1,0,4,False,False,False,True,True,False,True,False,True,False,False
066430.KQ,아이로보틱스,2100.0,61.4,84200000000.0,4099692934,109.6,-58.7,5,3,False,False,False,False,True,True,False,False,True,False,False
018000.KQ,유니슨,1224.0,61.3,363700000000.0,2851712936,79.7,-31.8,0,3,False,False,False,True,False,False,False,True,True,False,False
307950.KS,현대오토에버,363000.0,61.2,9954900000000.0,35319787570,145.9,-65.9,5,3,False,False,False,False,True,True,False,False,True,False,False
302430.KQ,이노메트리,7600.0,61.1,70800000000.0,3101469832,88.6,-34.1,0,3,False,False,False,True,False,False,False,True,True,False,False
058730.KS,다스코,3235.0,61.0,64000000000.0,21703945689,42.5,-44.2,3,4,False,False,False,False,True,True,True,False,True,False,False
058730.KS,다스코,3235.0,61.0,64000000000.0,21703945689,42.5,-44.2,3,4,False,False,False,False,True,True,True,False,True,False,False
357780.KQ,솔브레인,333000.0,60.7,2671900000000.0,11247660880,66.5,-37.2,5,4,False,False,False,False,True,True,False,True,True,False,False
234690.KQ,녹십자웰빙,9270.0,60.6,162200000000.0,3853467525,38.8,-41.7,1,4,False,False,False,False,True,True,False,True,True,False,False
001740.KS,SK네트웍스,6290.0,60.5,1235700000000.0,9223590716,47.1,-61.3,5,3,False,False,False,False,True,True,False,False,True,False,False
101730.KQ,위메이드맥스,5040.0,60.4,411500000000.0,3158554637,93.8,-38.2,0,2,False,False,False,False,False,False,False,True,True,False,False
018670.KS,SK가스,239000.0,60.3,2266300000000.0,3267620980,21.9,-20.9,0,4,False,False,False,True,True,False,False,True,False,True,False
023590.KS,다우기술,39850.0,60.2,1707700000000.0,1720500909,23.4,-36.0,5,3,False,False,False,False,True,True,False,True,False,False,False
199430.KQ,케이엔알시스템,18850.0,60.1,209900000000.0,4303326830,121.5,-58.4,0,2,False,False,False,False,False,False,False,True,True,False,False
140410.KQ,메지온,72100.0,60.0,2428300000000.0,7942075980,57.3,-59.9,1,3,False,False,False,False,False,True,False,True,True,False,False
049070.KQ,인탑스,18260.0,59.9,286000000000.0,1985571719,40.5,-26.8,5,4,False,False,False,False,True,True,False,True,True,False,False
030190.KS,NICE평가정보,16040.0,59.8,890900000000.0,1514865101,23.3,-13.3,2,4,False,False,False,True,False,True,False,True,False,True,False
004020.KS,현대제철,34600.0,59.6,4724000000000.0,18054568437,46.3,-31.3,0,4,False,False,False,True,True,False,False,True,True,False,False
004690.KS,삼천리,132200.0,59.5,474400000000.0,1061199534,22.9,-18.3,1,5,False,False,False,True,True,True,False,True,False,True,False
007390.KQ,네이처셀,24900.0,59.4,1610900000000.0,8978656220,50.5,-32.6,0,5,False,False,False,True,True,False,True,True,True,False,False
452190.KQ,한빛레이저,5070.0,59.3,115800000000.0,4717755806,93.9,-52.1,0,4,False,False,False,True,True,False,False,True,True,False,False
003230.KS,삼양식품,1261000.0,59.2,9649800000000.0,77583629340,28.5,-24.3,1,3,False,False,False,True,False,True,False,False,False,True,False
001060.KS,JW중외제약,27450.0,59.1,633400000000.0,1700563317,32.6,-30.1,5,4,False,False,False,False,True,True,False,True,True,False,False
001200.KS,유진증권,4240.0,59.0,405900000000.0,2135892430,36.6,-38.7,5,3,False,False,False,False,True,True,False,False,True,False,False
010820.KS,퍼스텍,6090.0,58.9,316000000000.0,3230704256,64.6,-67.5,5,4,False,False,False,False,True,True,False,True,True,False,False
066970.KS,엘앤에프,111000.0,58.8,4426700000000.0,54427317828,87.5,-50.7,0,3,False,False,False,False,True,False,False,True,True,False,False
149950.KQ,아바텍,11040.0,58.7,167800000000.0,1177064207,63.6,-43.4,1,5,False,False,False,True,True,True,False,True,True,False,False
016380.KS,KG스틸,5610.0,58.5,568100000000.0,1338633235,16.3,-29.0,5,3,False,False,False,False,True,True,False,True,False,False,False
340570.KQ,티앤엘,27000.0,58.4,454800000000.0,2894319636,25.3,-24.6,5,4,False,False,False,False,True,True,True,False,False,True,False
330860.KQ,네패스아크,23650.0,58.3,344200000000.0,5744302183,64.8,-62.8,5,3,False,False,False,False,True,True,False,False,True,False,False
225570.KQ,넥슨게임즈,11580.0,58.2,715200000000.0,1637707524,47.3,-24.9,0,4,False,False,False,True,False,False,False,True,True,True,False
007660.KS,이수페타시스,107600.0,58.1,8104400000000.0,64554852950,85.8,-34.5,0,2,False,False,False,False,False,False,False,True,True,False,False
007540.KS,샘표,49300.0,58.0,137000000000.0,1612052720,24.0,-32.6,0,2,False,False,False,True,False,False,False,True,False,False,False
009420.KS,한올바이오파마,47750.0,57.9,2460500000000.0,18430260933,58.6,-34.6,5,4,False,False,False,False,True,True,True,False,True,False,False
009240.KS,한샘,38950.0,57.8,926100000000.0,1754884626,37.6,-28.9,0,3,False,False,False,True,False,False,False,True,True,False,False
004370.KS,농심,398000.0,57.7,2402600000000.0,12322583360,24.8,-31.3,0,2,False,False,False,True,False,False,False,True,False,False,False
267250.KS,HD현대,215500.0,57.5,16667500000000.0,32605683838,60.0,-35.3,5,3,False,False,False,False,True,True,False,False,True,False,False
042520.KQ,한스바이오메드,18620.0,57.4,252700000000.0,3209450063,160.4,-67.8,0,2,False,False,False,False,True,False,False,False,True,False,False
140860.KQ,파크시스템스,253500.0,57.3,1778600000000.0,8846559560,23.7,-27.7,4,2,False,False,False,False,True,True,False,False,False,False,False
002790.KS,아모레퍼시픽홀딩스,26300.0,57.2,2033800000000.0,2636714408,31.8,-26.8,0,2,False,False,False,False,False,False,False,True,True,False,False
119830.KQ,아이텍,6180.0,57.1,164500000000.0,1165606699,43.7,-36.5,1,4,False,False,False,False,True,True,False,True,True,False,False
006730.KQ,서부T&D,11620.0,57.0,712200000000.0,4684211433,37.5,-43.2,5,3,False,False,False,False,False,True,False,True,True,False,False
253590.KQ,네오셈,12000.0,56.9,578200000000.0,4387587012,79.1,-43.9,0,3,False,False,False,False,True,False,False,True,True,False,False
044490.KQ,태웅,37300.0,56.8,766300000000.0,7863444920,86.7,-39.2,1,4,False,False,False,False,True,True,False,True,True,False,False
007610.KS,선도전기,3805.0,56.7,86000000000.0,2987260899,27.9,-77.1,5,2,False,False,False,False,True,True,False,False,False,False,False
120110.KS,코오롱인더,53800.0,56.6,1724900000000.0,10880928063,59.4,-48.7,5,4,False,False,False,False,True,True,False,True,True,False,False
020150.KS,롯데에너지머티리얼즈,38900.0,56.4,2183600000000.0,7993150262,80.1,-53.2,5,4,False,False,False,False,True,True,False,True,True,False,False
237880.KQ,클리오,12110.0,56.3,221700000000.0,1865954082,37.6,-21.0,0,3,False,False,False,False,False,False,False,True,True,True,False
200470.KQ,에이팩트,6190.0,56.2,356300000000.0,3891977550,134.5,-52.7,5,4,False,False,False,False,True,True,False,True,True,False,False
354320.KQ,알멕,34900.0,56.1,228500000000.0,2982386102,84.7,-66.4,5,4,False,False,False,False,True,True,False,True,True,False,False
032190.KQ,다우데이타,19770.0,56.0,764900000000.0,1437880202,24.0,-37.1,5,3,False,False,False,False,True,True,False,True,False,False,False
243840.KQ,신흥에스이씨,5700.0,55.9,215200000000.0,1094559878,66.4,-53.6,1,4,False,False,False,False,True,True,False,True,True,False,False
039860.KQ,나노엔텍,4130.0,55.8,160000000000.0,1753227679,37.0,-56.0,5,4,False,False,False,False,True,True,False,True,True,False,False
285130.KS,SK케미칼,54100.0,55.7,887400000000.0,3667956135,50.9,-33.9,0,2,False,False,False,False,False,False,False,True,True,False,False
393890.KQ,더블유씨피,9700.0,55.6,349900000000.0,2091318793,75.7,-54.6,5,4,False,False,False,False,True,True,False,True,True,False,False
190510.KQ,나무가,16560.0,55.5,224800000000.0,1529618717,49.9,-42.1,0,2,False,False,False,False,False,False,False,True,True,False,False
033160.KQ,엠케이전자,13740.0,55.3,362100000000.0,14275785282,75.5,-62.9,5,3,False,False,False,False,True,True,False,False,True,False,False
046120.KQ,오르비텍,5600.0,55.2,188900000000.0,3762026849,72.8,-65.9,5,4,False,False,False,False,True,True,False,True,True,False,False
071050.KS,한국금융지주,186900.0,55.1,10287000000000.0,42430709850,46.1,-37.8,5,3,False,False,False,False,True,True,False,False,True,False,False
178320.KQ,서진시스템,35900.0,55.0,2090100000000.0,37429951501,89.7,-56.9,5,3,False,False,False,False,True,True,False,False,True,False,False
900290.KQ,GRT,3595.0,54.9,340400000000.0,1892313987,69.6,-52.0,2,4,False,False,False,False,True,True,False,True,True,False,False
192080.KS,더블유게임즈,57200.0,54.8,1242900000000.0,3143824006,21.7,-25.2,4,3,False,False,False,False,True,True,True,False,False,False,False
068270.KS,셀트리온,177200.0,54.7,42266500000000.0,108025719974,11.8,-25.9,5,2,False,False,False,False,True,True,False,False,False,False,False
058430.KS,포스코스틸리온,4675.0,54.6,282300000000.0,1418655775,31.3,-55.5,5,4,False,False,False,False,True,True,False,True,True,False,False
241560.KS,두산밥캣,59400.0,54.5,5636300000000.0,9681321564,14.5,-25.5,5,2,False,False,False,False,True,True,False,False,False,False,False
005940.KS,NH투자증권,25400.0,54.4,9765500000000.0,15774556808,34.5,-40.4,5,3,False,False,False,False,True,True,False,False,True,False,False
026940.KS,부국철강,2190.0,54.2,42700000000.0,1539878848,27.0,-53.3,1,3,False,False,False,False,True,True,False,True,False,False,False
026940.KS,부국철강,2190.0,54.2,42700000000.0,1539878848,27.0,-53.3,1,3,False,False,False,False,True,True,False,True,False,False,False
005880.KS,대한해운,2040.0,54.0,656800000000.0,4824551909,24.5,-39.7,5,3,False,False,False,False,True,True,False,True,False,False,False
389500.KQ,에스비비테크,40450.0,53.9,285500000000.0,4152148896,89.5,-64.8,5,4,False,False,False,False,True,True,False,True,True,False,False
003240.KS,태광산업,908000.0,53.8,1013200000000.0,1600567240,28.2,-44.4,2,3,False,False,False,False,True,True,False,True,False,False,False
032640.KS,LG유플러스,14650.0,53.7,6166900000000.0,14092609532,6.1,-22.1,5,3,False,False,False,False,True,True,False,False,False,True,False
003670.KS,포스코퓨처엠,188200.0,53.6,15957000000000.0,53271394396,64.1,-37.2,0,2,False,False,False,False,False,False,False,True,True,False,False
263800.KQ,데이타솔루션,4850.0,53.5,76700000000.0,10214019525,17.9,-44.4,0,0,False,False,False,False,False,False,False,False,False,False,False
323280.KQ,태성,44600.0,53.4,1398600000000.0,13358843204,93.9,-52.6,5,4,False,False,False,False,True,True,False,True,True,False,False
037030.KQ,파워넷,3535.0,53.2,92700000000.0,1185534761,46.1,-66.0,5,4,False,False,False,False,True,True,False,True,True,False,False
300720.KS,한일시멘트,16090.0,53.1,1196600000000.0,1406502419,26.6,-23.9,0,2,False,False,False,False,False,False,False,True,False,True,False
011780.KS,금호석유화학,121000.0,53.0,3013800000000.0,12530522282,17.7,-25.4,5,2,False,False,False,False,True,True,False,False,False,False,False
074600.KQ,원익QnC,26950.0,52.9,766300000000.0,6824552378,60.5,-40.6,5,3,False,False,False,False,True,True,False,False,True,False,False
037350.KQ,성도이엔지,7130.0,52.8,116200000000.0,1128208184,52.0,-50.7,5,3,False,False,False,False,True,True,False,False,True,False,False
115500.KQ,케이씨에스,10200.0,52.7,120500000000.0,1554826878,66.7,-62.9,0,3,False,False,False,False,True,False,False,True,True,False,False
086280.KS,현대글로비스,200500.0,52.6,15300000000000.0,34336273790,28.4,-32.3,5,3,False,False,False,False,True,True,False,True,False,False,False
264850.KQ,이랜시스,5600.0,52.5,176000000000.0,9961612826,58.9,-41.2,2,3,False,False,False,False,False,True,False,True,True,False,False
078350.KQ,한양디지텍,17810.0,52.4,429100000000.0,2522800069,102.6,-59.8,0,2,False,False,False,False,True,False,False,False,True,False,False
425040.KQ,티이엠씨,9930.0,52.3,284100000000.0,1888537685,57.6,-67.2,1,4,False,False,False,False,True,True,False,True,True,False,False
099440.KQ,스맥,4215.0,52.1,290400000000.0,2076246727,74.5,-49.5,1,3,False,False,False,False,False,True,False,True,True,False,False
026960.KS,동서,25300.0,52.0,2542400000000.0,1756892182,13.2,-18.3,0,1,False,False,False,False,False,False,False,False,False,True,False
030200.KS,케이티,52800.0,51.9,13432800000000.0,20899715762,9.8,-23.9,5,3,False,False,False,False,True,True,False,False,False,True,False
294630.KQ,서남,3040.0,51.8,83500000000.0,1187054197,32.5,-57.5,1,4,False,False,False,False,True,True,False,True,True,False,False
482630.KQ,삼양엔씨켐,12970.0,51.7,302100000000.0,2070414057,71.4,-48.1,5,3,False,False,False,False,True,True,False,False,True,False,False
000880.KS,한화,137700.0,51.6,7050100000000.0,17607398318,36.9,-37.4,5,4,False,False,False,False,True,True,False,True,True,False,False
006040.KS,동원산업,36200.0,51.5,1567000000000.0,1716241625,21.3,-29.7,0,1,False,False,False,False,False,False,False,True,False,False,False
027360.KQ,아주IB투자,3500.0,51.4,488800000000.0,8765420590,83.0,-82.5,5,4,False,False,False,False,True,True,False,True,True,False,False
006660.KS,삼성공조,12350.0,51.3,106900000000.0,15276968374,40.5,-38.2,0,2,False,False,False,False,False,False,False,True,True,False,False
013030.KQ,하이록코리아,34050.0,51.2,437200000000.0,1150514176,23.6,-29.2,0,2,False,False,False,False,True,False,False,True,False,False,False
147830.KQ,제룡산업,6870.0,51.0,141000000000.0,1123627887,36.3,-55.4,5,4,False,False,False,False,True,True,False,True,True,False,False
014620.KQ,성광벤드,32000.0,50.9,880400000000.0,5292619333,41.9,-40.0,1,4,False,False,False,False,True,True,False,True,True,False,False
005490.KS,POSCO홀딩스,326500.0,50.8,25317700000000.0,90245108010,26.3,-39.8,5,3,False,False,False,False,True,True,False,True,False,False,False
396470.KQ,워트,6560.0,50.7,109300000000.0,1973557171,59.0,-40.1,0,2,False,False,False,False,False,False,False,True,True,False,False
002380.KS,케이씨씨,466000.0,50.6,4017200000000.0,11207170150,38.7,-32.7,5,4,False,False,False,False,True,True,False,True,True,False,False
000240.KS,한국앤컴퍼니,24200.0,50.5,2340200000000.0,2080215847,12.3,-33.6,5,1,False,False,False,False,False,True,False,False,False,False,False
158430.KQ,아톤,6020.0,50.4,138300000000.0,3777488556,82.4,-47.1,0,3,False,False,False,True,False,False,False,True,True,False,False
090710.KQ,휴림로봇,6090.0,50.3,785500000000.0,11834060659,137.9,-77.1,5,3,False,False,False,False,True,True,False,False,True,False,False
001290.KS,상상인증권,4145.0,50.2,89800000000.0,1131851059,41.2,-53.5,5,3,False,False,False,False,True,True,False,False,True,False,False
035510.KS,신세계I&C,15280.0,50.1,213600000000.0,1250418588,48.2,-47.8,0,2,False,False,False,False,False,False,False,True,True,False,False
138930.KS,BNK금융지주,16090.0,49.9,4832700000000.0,17244247517,17.9,-30.2,5,3,False,False,False,False,True,True,False,True,False,False,False
214320.KS,이노션,18250.0,49.8,726400000000.0,1249582553,9.1,-19.4,5,3,False,False,False,False,True,True,False,False,False,True,False
000640.KS,동아쏘시오홀딩스,94100.0,49.7,632900000000.0,1526197104,26.3,-22.8,0,2,False,False,False,False,False,False,False,True,False,True,False
036460.KS,한국가스공사,36300.0,49.6,3291000000000.0,5675427218,16.5,-20.6,0,2,False,False,False,False,False,False,False,True,False,True,False
004490.KS,세방전지,60700.0,49.5,819100000000.0,4103866814,29.4,-21.9,1,4,False,False,False,True,False,True,False,True,False,True,False
034020.KS,두산에너빌리티,83800.0,49.4,55408500000000.0,219875854478,47.0,-39.8,5,4,False,False,False,False,True,True,False,True,True,False,False
024110.KS,기업은행,20200.0,49.3,16068100000000.0,21265817795,8.3,-31.6,5,2,False,False,False,False,True,True,False,False,False,False,False
005850.KS,에스엘,50300.0,49.2,2301500000000.0,4701272143,54.1,-36.7,5,3,False,False,False,False,True,True,False,False,True,False,False
006800.KS,미래에셋증권,31750.0,49.1,17376700000000.0,56027643597,74.1,-63.8,5,3,False,False,False,False,True,True,False,False,True,False,False
047050.KS,포스코인터내셔널,54800.0,48.9,10256300000000.0,74183669229,22.2,-39.9,5,3,False,False,False,False,True,True,False,True,False,False,False
457370.KQ,한켐,9730.0,48.8,91500000000.0,9300989416,78.2,-42.9,1,5,False,False,False,True,True,True,False,True,True,False,False
107640.KQ,한중엔시에스,43100.0,48.7,370300000000.0,3740791837,85.8,-41.0,0,2,False,False,False,False,False,False,False,True,True,False,False
083650.KQ,비에이치아이,63200.0,48.6,1924700000000.0,20451515106,90.6,-44.7,1,4,False,False,False,False,True,True,False,True,True,False,False
094170.KQ,동운아나텍,26750.0,48.5,580300000000.0,3202629008,64.3,-52.6,5,3,False,False,False,False,True,True,False,False,True,False,False
417010.KQ,나노팀,6150.0,48.4,130700000000.0,2779268993,84.7,-61.4,1,4,False,False,False,False,True,True,False,True,True,False,False
002680.KQ,한탑,2625.0,48.3,20600000000.0,1330189267,75.6,-49.0,0,2,False,False,False,False,False,False,False,True,True,False,False
000670.KS,영풍,47050.0,48.2,811000000000.0,2364030460,51.8,-34.3,0,2,False,False,False,False,False,False,False,True,True,False,False
033240.KS,자화전자,25800.0,48.1,598500000000.0,2840783156,55.4,-57.0,5,3,False,False,False,False,True,True,False,False,True,False,False
330350.KQ,위더스제약,7490.0,48.0,95800000000.0,4431566355,26.7,-37.3,1,3,False,False,False,False,True,True,False,True,False,False,False
004000.KS,롯데정밀화학,45250.0,47.8,1150700000000.0,2562957626,9.4,-37.0,5,2,False,False,False,False,True,True,False,False,False,False,False
419050.KQ,삼기에너지솔루션즈,1560.0,47.7,86900000000.0,5581618750,80.3,-36.7,0,2,False,False,False,False,False,False,False,True,True,False,False
114810.KQ,한솔아이원스,12280.0,47.6,388100000000.0,3472011868,74.2,-38.3,0,3,False,False,False,False,True,False,False,True,True,False,False
064400.KS,LG씨엔에스,69700.0,47.5,6762600000000.0,61090838556,28.8,-54.5,4,2,False,False,False,False,True,True,False,False,False,False,False
050890.KQ,쏠리드,9110.0,47.4,572300000000.0,7741105242,49.3,-56.4,5,3,False,False,False,False,True,True,False,False,True,False,False
009970.KS,영원무역홀딩스,166600.0,47.3,2164600000000.0,2348572944,33.0,-36.4,5,3,False,False,False,False,True,True,False,False,True,False,False
111770.KS,영원무역,72100.0,47.2,3199300000000.0,5663958082,26.9,-30.1,5,1,False,False,False,False,False,True,False,False,False,False,False
441270.KQ,파인엠텍,8850.0,47.1,363400000000.0,6806467832,65.7,-37.1,0,2,False,False,False,False,False,False,False,True,True,False,False
008490.KS,서흥,20300.0,47.0,231400000000.0,1216927861,26.9,-34.1,0,0,False,False,False,False,False,False,False,False,False,False,False
483650.KS,달바글로벌,160100.0,46.9,2298500000000.0,37466105212,37.8,-43.4,5,4,False,False,False,False,True,True,True,False,True,False,False
001250.KS,GS글로벌,2600.0,46.7,211700000000.0,1441494104,18.2,-54.3,5,2,False,False,False,False,True,True,False,False,False,False,False
456040.KS,OCI,73100.0,46.6,668800000000.0,4115386904,38.4,-55.2,5,3,False,False,False,False,True,True,False,False,True,False,False
032500.KQ,케이엠더블유,18000.0,46.5,817700000000.0,3592820069,56.5,-55.0,0,3,False,False,False,False,True,False,False,True,True,False,False
178920.KS,PI첨단소재,18470.0,46.4,545900000000.0,1016128166,24.1,-42.6,5,2,False,False,False,False,True,True,False,False,False,False,False
011200.KS,HMM,20350.0,46.3,19855200000000.0,29400881537,13.6,-18.4,2,4,False,False,False,False,True,True,True,False,False,True,False
066590.KQ,스모트로닉,2395.0,46.2,89200000000.0,3500357896,34.8,-43.0,0,1,False,False,False,False,False,False,False,False,True,False,False
066980.KQ,한성크린텍,1463.0,46.1,80400000000.0,1568843918,36.2,-46.7,5,3,False,False,False,False,True,True,False,False,True,False,False
003280.KS,흥아해운,1816.0,46.0,432000000000.0,27594526196,19.2,-62.1,5,3,False,False,False,False,True,True,False,True,False,False,False
271560.KS,오리온,111400.0,45.9,4403500000000.0,14246991874,12.5,-25.8,5,2,False,False,False,False,True,True,False,False,False,False,False
457190.KS,이수스페셜티케미컬,64300.0,45.8,1949100000000.0,7602118559,47.8,-51.2,5,4,False,False,False,False,True,True,False,True,True,False,False
010130.KS,고려아연,1134000.0,45.6,23711700000000.0,29283957980,37.5,-48.2,5,2,False,False,False,False,False,True,False,False,True,False,False
005380.KS,현대자동차,362000.0,45.5,74019900000000.0,286159292300,70.0,-53.8,5,3,False,False,False,False,True,True,False,False,True,False,False
036200.KQ,유니셈,9160.0,45.4,290100000000.0,1807349134,52.7,-36.3,0,3,False,False,False,False,True,False,False,True,True,False,False
207940.KS,삼성바이오로직스,1409000.0,45.3,64946200000000.0,80790070180,14.7,-29.1,0,0,False,False,False,False,False,False,False,False,False,False,False
142210.KQ,유니트론텍,5900.0,45.2,128200000000.0,1640502107,32.0,-34.9,1,3,False,False,False,False,False,True,False,True,True,False,False
950200.KQ,소마젠,3080.0,45.1,59100000000.0,1612576330,29.4,-34.3,0,1,False,False,False,False,False,False,False,True,False,False,False
272110.KQ,케이엔제이,25450.0,45.0,240800000000.0,2138066135,64.2,-42.9,0,2,False,False,False,False,True,False,False,False,True,False,False
062970.KQ,한국첨단소재,3375.0,44.9,88600000000.0,7989910063,86.0,-66.6,0,3,False,False,False,False,True,False,False,True,True,False,False
062970.KQ,한국첨단소재,3375.0,44.9,88600000000.0,7989910063,86.0,-66.6,0,3,False,False,False,False,True,False,False,True,True,False,False
161000.KS,애경케미칼,9930.0,44.6,481100000000.0,2068967704,41.9,-50.3,0,3,False,False,False,False,True,False,False,True,True,False,False
012450.KS,한화에어로스페이스,1055000.0,44.5,55379100000000.0,194473541840,34.7,-36.3,1,4,False,False,False,False,True,True,False,True,True,False,False
452450.KQ,피아이이,5380.0,44.4,190200000000.0,1492397179,196.4,-45.4,0,2,False,False,False,False,False,False,False,True,True,False,False
081660.KS,미스토홀딩스,39300.0,44.3,2062600000000.0,5317192509,9.2,-29.6,5,3,False,False,False,False,True,True,True,False,False,False,False
383220.KS,F&F,66800.0,44.2,2631700000000.0,5530308042,15.2,-24.9,4,3,False,False,False,False,True,True,False,False,False,True,False
053300.KQ,한국정보인증,5400.0,44.1,202600000000.0,1244352232,42.9,-30.3,0,2,False,False,False,False,False,False,False,True,True,False,False
016360.KS,삼성증권,85600.0,44.0,7867300000000.0,41670895102,26.4,-47.5,5,2,False,False,False,False,True,True,False,False,False,False,False
047810.KS,한국항공우주,125100.0,43.9,12671800000000.0,57025985184,33.1,-41.9,5,3,False,False,False,False,True,True,False,False,True,False,False
395400.KS,SK리츠,5210.0,43.8,1583400000000.0,1154309719,9.5,-27.6,5,2,False,False,False,False,True,True,False,False,False,False,False
189300.KQ,인텔리안테크,65700.0,43.7,737700000000.0,4715501899,68.5,-63.5,5,4,False,False,False,False,True,True,False,True,True,False,False
069080.KQ,웹젠,11150.0,43.5,343100000000.0,1109537204,17.0,-38.1,0,0,False,False,False,False,False,False,False,False,False,False,False
078600.KQ,대주전자재료,87100.0,43.4,1399200000000.0,12599475706,47.9,-52.5,5,4,False,False,False,False,True,True,False,True,True,False,False
130660.KS,한전산업,12680.0,43.3,422800000000.0,6625142012,43.9,-54.4,1,4,False,False,False,False,True,True,False,True,True,False,False
069960.KS,현대백화점,98000.0,43.2,2160800000000.0,18858347456,41.9,-55.9,5,3,False,False,False,False,True,True,False,False,True,False,False
017800.KS,현대엘리베이터,72800.0,43.1,2900700000000.0,8729347616,17.8,-35.8,1,3,False,False,False,False,True,True,False,True,False,False,False
001680.KS,대상,18150.0,43.0,617100000000.0,2002305549,14.3,-24.8,0,2,False,False,False,False,False,False,False,True,False,True,False
031210.KS,서울보증보험,42350.0,42.9,2911600000000.0,1990028111,6.8,-34.6,0,0,False,False,False,False,False,False,False,False,False,False,False
071320.KS,지역난방공사,73500.0,42.8,906600000000.0,1111309814,21.7,-37.0,0,1,False,False,False,False,False,False,False,True,False,False,False
475430.KQ,키스트론,4195.0,42.7,77800000000.0,1676234119,26.5,-46.4,0,1,False,False,False,False,True,False,False,False,False,False,False
115180.KQ,큐리언트,21950.0,42.6,837000000000.0,4272965263,99.9,-65.1,5,3,False,False,False,False,False,True,False,True,True,False,False
432470.KQ,케이엔에스,9780.0,42.4,89800000000.0,2381361075,65.2,-52.1,0,2,False,False,False,False,False,False,False,True,True,False,False
214450.KQ,파마리서치,331000.0,42.3,3387000000000.0,66947369260,29.8,-52.4,0,0,False,False,False,False,False,False,False,False,False,False,False
373220.KS,LG에너지솔루션,367000.0,42.2,83187000000000.0,110277211160,26.3,-30.4,0,1,False,False,False,False,False,False,False,True,False,False,False
036830.KQ,솔브레인홀딩스,41100.0,42.1,826300000000.0,2235234634,59.6,-49.1,1,4,False,False,False,False,True,True,False,True,True,False,False
082740.KS,한화엔진,48050.0,42.0,4214100000000.0,35100001305,34.2,-49.1,1,4,False,False,False,False,True,True,False,True,True,False,False
003000.KS,부광약품,3930.0,41.9,395600000000.0,1828056576,19.3,-60.3,5,2,False,False,False,False,True,True,False,False,False,False,False
078150.KQ,HB테크놀러지,2040.0,41.8,197400000000.0,1702606580,29.5,-66.8,0,2,False,False,False,False,True,False,False,True,False,False,False
260970.KQ,에스앤디,55700.0,41.7,162600000000.0,1368828827,32.3,-58.6,0,2,False,False,False,False,False,False,False,True,True,False,False
005290.KQ,동진쎄미켐,40650.0,41.6,2176400000000.0,15916608652,44.4,-43.7,1,3,False,False,False,False,True,True,False,False,True,False,False
003680.KS,한성기업,4640.0,41.5,28800000000.0,12663013865,18.5,-73.2,0,0,False,False,False,False,False,False,False,False,False,False,False
011230.KS,삼화전자공업,2700.0,41.3,53400000000.0,3164360271,34.3,-45.2,0,1,False,False,False,False,False,False,False,False,True,False,False
462870.KS,시프트업,31400.0,41.2,1821000000000.0,1946084745,14.2,-26.5,0,0,False,False,False,False,False,False,False,False,False,False,False
100840.KS,SNT에너지,38200.0,41.1,766200000000.0,6493427650,80.2,-43.7,0,3,False,False,False,False,True,False,False,True,True,False,False
006280.KS,녹십자,122400.0,41.0,1465500000000.0,3942933724,15.6,-33.4,0,0,False,False,False,False,False,False,False,False,False,False,False
002070.KS,비비안,4885.0,40.9,19200000000.0,1357449743,64.2,-58.6,0,1,False,False,False,False,False,False,False,False,True,False,False
099320.KQ,쎄트렉아이,74700.0,40.8,833400000000.0,3560295964,63.6,-66.7,5,4,False,False,False,False,True,True,False,True,True,False,False
023410.KQ,유진기업,3240.0,40.7,254400000000.0,2089332974,9.8,-37.7,5,2,False,False,False,False,True,True,False,False,False,False,False
226950.KQ,올릭스,111100.0,40.6,2434300000000.0,30780628716,47.7,-48.8,0,3,False,False,False,False,True,False,False,True,True,False,False
037070.KQ,파세코,6220.0,40.5,127600000000.0,15072998552,24.6,-37.7,0,0,False,False,False,False,False,False,False,False,False,False,False
010960.KS,삼호개발,3060.0,40.3,74300000000.0,3929829438,13.3,-44.4,0,1,False,False,False,False,True,False,False,False,False,False,False
049720.KQ,고려신용정보,9040.0,40.2,129800000000.0,1590112724,2.5,-24.3,0,1,False,False,False,False,False,False,False,False,False,True,False
004990.KS,롯데지주,25100.0,40.1,2431800000000.0,3278049872,18.7,-36.6,0,1,False,False,False,False,False,False,False,True,False,False,False
003720.KS,삼영,6390.0,40.0,220300000000.0,2072664458,46.4,-54.3,5,4,False,False,False,False,True,True,False,True,True,False,False
294570.KQ,쿠콘,24350.0,39.9,290100000000.0,3666562430,87.3,-48.6,0,2,False,False,False,False,False,False,False,True,True,False,False
007310.KS,오뚜기,321500.0,39.8,1266500000000.0,1566783570,10.7,-31.6,0,0,False,False,False,False,False,False,False,False,False,False,False
088980.KS,맥쿼리인프라,9730.0,39.7,4698200000000.0,12863455611,4.4,-18.2,0,1,False,False,False,False,False,False,False,False,False,True,False
290690.KQ,소룩스,3960.0,39.6,207500000000.0,2830228729,46.7,-44.8,0,1,False,False,False,False,False,False,False,False,True,False,False
117580.KS,대성에너지,7140.0,39.5,196400000000.0,1667652451,11.6,-55.8,0,2,False,False,False,False,True,False,False,True,False,False,False
104830.KQ,원익머트리얼즈,32400.0,39.4,444400000000.0,2281372894,41.5,-42.2,5,3,False,False,False,False,True,True,False,False,True,False,False
308080.KQ,바이젠셀,5890.0,39.2,116200000000.0,1214529381,91.9,-66.1,5,3,False,False,False,False,False,True,False,True,True,False,False
318060.KQ,그래피,17100.0,39.1,179700000000.0,1698036711,108.3,-75.2,2,3,False,False,False,False,True,True,False,False,True,False,False
042370.KQ,비츠로테크,8800.0,39.0,289000000000.0,1184140068,35.0,-63.0,0,3,False,False,False,False,True,False,False,True,True,False,False
110990.KQ,디아이티,15820.0,38.9,332100000000.0,1249560864,40.2,-45.4,5,3,False,False,False,False,True,True,False,False,True,False,False
204320.KS,HL만도,48400.0,38.8,2225800000000.0,24924352125,50.5,-38.8,5,2,False,False,False,False,False,True,False,False,True,False,False
272210.KS,한화시스템,68800.0,38.7,14584600000000.0,35389881600,53.7,-62.6,5,3,False,False,False,False,True,True,False,False,True,False,False
041510.KQ,에스엠,87000.0,38.6,1909400000000.0,8237031994,36.2,-42.7,0,2,False,False,False,False,False,False,False,True,True,False,False
145020.KQ,휴젤,231000.0,38.5,2596900000000.0,10996690740,10.8,-32.1,1,2,False,False,False,False,True,True,False,False,False,False,False
025860.KS,남해화학,6220.0,38.4,303000000000.0,3512778076,18.5,-51.5,0,2,False,False,False,False,True,False,False,True,False,False,False
126340.KQ,비나텍,75200.0,38.3,608200000000.0,7434539139,81.2,-63.2,5,4,False,False,False,False,True,True,False,True,True,False,False
058470.KQ,리노공업,65900.0,38.1,5365300000000.0,43422090644,46.4,-48.9,5,3,False,False,False,False,True,True,False,False,True,False,False
323410.KS,카카오뱅크,20800.0,38.0,9685500000000.0,18295314882,8.8,-29.5,0,1,False,False,False,False,True,False,False,False,False,False,False
037440.KQ,희림,4110.0,37.9,58100000000.0,3077278439,32.8,-44.9,1,4,False,False,False,False,True,True,False,True,True,False,False
248170.KS,샘표식품,22900.0,37.8,103200000000.0,2914649138,12.0,-36.7,0,0,False,False,False,False,False,False,False,False,False,False,False
036570.KS,NC,201000.0,37.7,4470400000000.0,18742903370,14.1,-41.5,5,2,False,False,False,False,True,True,False,False,False,False,False
011170.KS,롯데케미칼,64100.0,37.6,2737600000000.0,9101792410,22.1,-46.4,0,2,False,False,False,False,True,False,False,True,False,False,False
012330.KS,현대모비스,383000.0,37.5,33637800000000.0,151823392830,35.3,-53.4,5,3,False,False,False,False,True,True,False,False,True,False,False
211050.KQ,인카금융서비스,10360.0,37.4,503000000000.0,1023898078,27.9,-40.2,0,0,False,False,False,False,False,False,False,False,False,False,False
003540.KS,대신증권,26800.0,37.3,1258400000000.0,1906831011,17.8,-47.9,0,2,False,False,False,False,True,False,False,True,False,False,False
014680.KS,한솔케미칼,214500.0,37.2,2358500000000.0,9655997272,34.3,-38.1,0,2,False,False,False,False,True,False,False,False,True,False,False
052900.KQ,KX하이텍,1000.0,37.0,83000000000.0,1290435008,25.8,-58.8,5,2,False,False,False,False,True,True,False,False,False,False,False
234340.KQ,헥토파이낸셜,18410.0,36.9,303900000000.0,12189068240,29.8,-59.1,5,2,False,False,False,False,True,True,False,False,False,False,False
005070.KS,코스모신소재,41600.0,36.8,1375100000000.0,3909096368,56.4,-37.3,0,2,False,False,False,False,False,False,False,True,True,False,False
078520.KS,에이블씨엔씨,10000.0,36.7,265600000000.0,1411051581,14.8,-40.4,2,2,False,False,False,False,True,True,False,False,False,False,False
035250.KS,강원랜드,14530.0,36.6,3080700000000.0,5069668616,4.4,-25.8,0,0,False,False,False,False,False,False,False,False,False,False,False
051600.KS,한전KPS,46800.0,36.5,2085800000000.0,5505585039,12.8,-32.2,0,1,False,False,False,False,False,False,False,True,False,False,False
051600.KS,한전KPS,46800.0,36.5,2085800000000.0,5505585039,12.8,-32.2,0,1,False,False,False,False,False,False,False,True,False,False,False
277810.KQ,레인보우로보틱스,423500.0,36.3,8526200000000.0,57616319070,55.1,-56.7,5,3,False,False,False,False,True,True,False,False,True,False,False
089030.KQ,테크윙,45600.0,36.2,1789700000000.0,38760827836,44.2,-38.4,0,2,False,False,False,False,True,False,False,False,True,False,False
039830.KQ,오로라,13970.0,36.1,177400000000.0,2016719186,54.5,-47.1,0,3,False,False,False,False,True,False,True,False,True,False,False
139480.KS,이마트,73300.0,35.9,2022800000000.0,8899165968,4.3,-46.3,5,2,False,False,False,False,True,True,False,False,False,False,False
039490.KS,키움증권,267000.0,35.8,6950500000000.0,28214200390,34.4,-48.4,0,2,False,False,False,False,True,False,False,False,True,False,False
336370.KS,솔루스첨단소재,7900.0,35.7,558200000000.0,1213248434,48.2,-53.3,0,3,False,False,False,False,True,False,False,True,True,False,False
000020.KS,동화약품,5100.0,35.6,140200000000.0,2071667960,14.6,-32.5,0,0,False,False,False,False,False,False,False,False,False,False,False
000270.KS,기아,120700.0,35.5,47005700000000.0,120940119808,20.7,-43.2,5,2,False,False,False,False,True,True,False,False,False,False,False
036810.KQ,에프에스티,26150.0,35.4,653800000000.0,3323370161,74.3,-48.7,0,3,False,False,False,False,True,False,False,True,True,False,False
023160.KQ,태광,25500.0,35.3,710100000000.0,4031285386,31.3,-50.3,0,3,False,False,False,False,True,False,False,True,True,False,False
048550.KQ,SM C&C,1108.0,35.2,105100000000.0,1015755874,42.6,-41.7,0,1,False,False,False,False,False,False,False,False,True,False,False
004980.KS,성신양회,8100.0,35.1,200800000000.0,1215970190,19.5,-47.1,0,0,False,False,False,False,False,False,False,False,False,False,False
000080.KS,하이트진로,15070.0,34.9,1056900000000.0,1646750819,9.0,-22.8,0,1,False,False,False,False,False,False,False,False,False,True,False
214330.KS,금호에이치티,6430.0,34.8,68200000000.0,3827272345,43.7,-51.2,0,2,False,False,False,False,False,False,False,True,True,False,False
005010.KS,휴스틸,3895.0,34.7,225300000000.0,1410371384,25.2,-46.6,0,2,False,False,False,False,True,False,False,True,False,False,False
064550.KQ,바이오니아,9210.0,34.6,221200000000.0,4985990541,68.4,-41.1,0,2,False,False,False,False,False,False,False,True,True,False,False
030000.KS,제일기획,17550.0,34.5,2013200000000.0,6050659259,0.5,-24.7,0,1,False,False,True,False,False,False,False,False,False,True,False
020000.KS,한섬,16210.0,34.4,400300000000.0,2180366167,14.3,-43.6,5,2,False,False,False,False,True,True,False,False,False,False,False
417200.KQ,LS머트리얼즈,12760.0,34.3,935600000000.0,7294776610,46.7,-61.0,0,3,False,False,False,False,True,False,False,True,True,False,False
090460.KS,비에이치,18730.0,34.2,654700000000.0,18964063374,50.6,-56.8,1,4,False,False,False,False,True,True,False,True,True,False,False
121600.KQ,나노신소재,50800.0,34.1,637600000000.0,2700816778,53.0,-46.7,0,3,False,False,False,False,True,False,False,True,True,False,False
029780.KS,삼성카드,44400.0,34.0,5057200000000.0,4813989492,0.8,-35.8,0,0,False,False,False,False,False,False,False,False,False,False,False
000490.KS,대동,7870.0,33.8,223700000000.0,4190648779,43.9,-42.3,0,2,False,False,False,False,False,False,False,True,True,False,False
265520.KQ,AP시스템,18580.0,33.7,285700000000.0,1072866256,19.1,-40.3,0,1,False,False,False,False,True,False,False,False,False,False,False
009450.KS,경동나비엔,58900.0,33.6,882900000000.0,3046536086,11.1,-29.2,0,1,False,False,False,False,True,False,False,False,False,False,False
049630.KQ,재영솔루텍,7000.0,33.5,170300000000.0,3033454780,96.6,-82.7,0,2,False,False,False,False,False,False,False,True,True,False,False
004090.KS,한국석유공업,11880.0,33.4,148600000000.0,6742641104,22.6,-64.6,0,1,False,False,False,False,False,False,False,True,False,False,False
002140.KS,고려산업,2025.0,33.3,49100000000.0,5470178911,22.9,-39.0,0,0,False,False,False,False,False,False,False,False,False,False,False
097950.KS,CJ제일제당,176700.0,33.2,2640500000000.0,11874157960,2.4,-29.9,0,0,False,False,False,False,False,False,False,False,False,False,False
060720.KQ,KH바텍,10920.0,33.1,260000000000.0,2904664376,32.4,-45.3,0,2,False,False,False,False,False,False,False,True,True,False,False
002780.KS,진흥기업,6890.0,33.0,99400000000.0,1846423921,11.0,-58.1,5,2,False,False,False,False,True,True,False,False,False,False,False
267260.KS,HD현대일렉트릭,707000.0,32.9,26026000000000.0,111601997320,43.7,-50.6,0,2,False,False,False,False,True,False,False,False,True,False,False
215200.KQ,메가스터디교육,34650.0,32.7,374200000000.0,1363647049,3.0,-31.8,0,1,False,False,False,False,True,False,False,False,False,False,False
049480.KQ,오픈베이스,1932.0,32.6,60000000000.0,1117292821,27.0,-53.9,0,1,False,False,False,False,False,False,False,True,False,False,False
475830.KQ,오름테라퓨틱,50700.0,32.5,577500000000.0,6780537770,82.4,-65.4,5,2,False,False,False,False,False,True,False,False,True,False,False
382900.KQ,범한퓨얼셀,25300.0,32.4,216800000000.0,2860184264,114.2,-42.8,0,2,False,False,False,False,False,False,False,True,True,False,False
102710.KQ,이엔에프테크놀로지,41400.0,32.3,616500000000.0,3598751332,24.3,-36.3,0,1,False,False,False,False,True,False,False,False,False,False,False
009900.KS,명신산업,7870.0,32.2,455400000000.0,1460582402,46.0,-47.3,0,3,False,False,False,False,True,False,False,True,True,False,False
001720.KS,신영증권,143000.0,32.1,2316400000000.0,1265675006,19.9,-47.4,5,2,False,False,False,False,True,True,False,False,False,False,False
061970.KQ,LB세미콘,3990.0,32.0,305200000000.0,2878345398,38.3,-44.0,0,2,False,False,False,False,True,False,False,False,True,False,False
187790.KQ,나노,3000.0,31.9,94100000000.0,1141412365,78.0,-60.3,5,3,False,False,False,False,True,True,False,False,True,False,False
053700.KQ,삼보모터스,3890.0,31.8,103900000000.0,1110640451,10.5,-61.1,2,1,False,False,False,False,False,True,False,False,False,False,False
035420.KS,NAVER,201500.0,31.6,30175500000000.0,212216775128,11.3,-33.7,0,0,False,False,False,False,False,False,False,False,False,False,False
094820.KQ,일진파워,11690.0,31.5,183100000000.0,1328909196,29.7,-52.3,5,3,False,False,False,False,True,True,False,True,False,False,False
232680.KQ,라온로보틱스,9210.0,31.4,132400000000.0,1862853458,31.2,-61.5,5,4,False,False,False,False,True,True,False,True,True,False,False
041930.KQ,SY동아,5000.0,31.3,75800000000.0,1102997370,24.5,-42.1,0,1,False,False,False,False,False,False,False,True,False,False,False
071090.KS,하이스틸,3140.0,31.2,65300000000.0,1155872655,33.3,-44.7,0,2,False,False,False,False,False,False,False,True,True,False,False
007820.KQ,엠엑스로보틱스,3490.0,31.1,81400000000.0,4679414298,41.0,-54.0,0,2,False,False,False,False,False,False,False,True,True,False,False
003310.KQ,대주산업,1650.0,31.0,58100000000.0,1229798978,21.8,-72.9,2,2,False,False,False,False,False,True,False,True,False,False,False
001260.KS,남광토건,7490.0,30.9,74400000000.0,1600384282,16.7,-44.1,1,2,False,False,False,False,True,True,False,False,False,False,False
468530.KQ,프로티나,32550.0,30.8,438700000000.0,2844471477,110.0,-72.9,0,2,False,False,False,False,False,False,False,True,True,False,False
048410.KQ,현대바이오,6810.0,30.6,683300000000.0,7924604534,49.2,-68.3,5,4,False,False,False,False,True,True,False,True,True,False,False
086520.KQ,에코프로,82200.0,30.5,10902800000000.0,73580764046,80.5,-56.7,0,2,False,False,False,False,True,False,False,False,True,False,False
241520.KQ,DSC인베스트먼트,7820.0,30.4,216800000000.0,1336880933,27.8,-60.3,5,2,False,False,False,False,True,True,False,False,False,False,False
008350.KS,남선알미늄,1061.0,30.3,137700000000.0,1272913451,20.4,-69.6,0,2,False,False,False,False,True,False,False,True,False,False,False
011930.KS,신성이엔지,16180.0,30.2,345000000000.0,2938897138,43.2,-67.4,0,3,False,False,False,False,True,False,False,True,True,False,False
263750.KQ,펄어비스,34750.0,30.1,2180700000000.0,12652038595,18.0,-55.1,0,2,False,False,False,False,True,False,False,True,False,False,False
484810.KQ,티엑스알로보틱스,12270.0,30.0,191100000000.0,7728427946,62.7,-53.7,0,1,False,False,False,False,False,False,False,False,True,False,False
298050.KS,HS효성첨단소재,168400.0,29.9,725800000000.0,2485685172,24.7,-40.3,0,1,False,False,False,False,False,False,False,True,False,False,False
103140.KS,풍산,76800.0,29.8,2199900000000.0,10896953614,39.1,-51.8,0,2,False,False,False,False,False,False,False,True,True,False,False
001550.KS,조비,10490.0,29.7,54900000000.0,1932332495,21.4,-49.9,0,1,False,False,False,False,True,False,False,False,False,False,False
009470.KS,삼화전기,25900.0,29.5,179600000000.0,1424173185,45.5,-56.5,0,3,False,False,False,False,True,False,False,True,True,False,False
195940.KQ,HK이노엔,39150.0,29.4,1099200000000.0,5143165582,12.5,-33.2,0,0,False,False,False,False,False,False,False,False,False,False,False
045390.KQ,대아티아이,3245.0,29.3,232900000000.0,4988642286,57.1,-36.9,0,2,False,False,False,False,False,False,False,True,True,False,False
019170.KS,신풍제약,9200.0,29.2,492200000000.0,4143183790,45.8,-42.1,0,2,False,False,False,False,False,False,False,True,True,False,False
488280.KQ,에스투더블유,14360.0,29.1,153800000000.0,3291260072,79.3,-64.1,0,2,False,False,False,False,False,False,False,True,True,False,False
015750.KQ,성우하이텍,5980.0,29.0,468800000000.0,1397220771,22.5,-50.1,0,2,False,False,False,False,True,False,False,True,False,False,False
005300.KS,롯데칠성음료,95100.0,28.9,881500000000.0,1750749046,1.3,-38.6,0,0,False,False,False,False,False,False,False,False,False,False,False
112290.KQ,와이씨켐,9940.0,28.8,209500000000.0,1122760919,34.3,-43.8,0,3,False,False,False,False,True,False,False,True,True,False,False
217820.KQ,원익피앤이,2315.0,28.7,109400000000.0,1366647412,52.8,-49.9,0,2,False,False,False,False,False,False,False,True,True,False,False
060250.KQ,NHN KCP,12910.0,28.6,539800000000.0,7701750200,18.4,-49.4,0,1,False,False,False,False,True,False,False,False,False,False,False
499790.KS,GS피앤엘,39750.0,28.4,754600000000.0,3518922446,23.3,-40.7,0,1,False,False,False,False,True,False,False,False,False,False,False
011090.KS,에넥스,1825.0,28.3,19400000000.0,1789351552,101.0,-56.2,0,2,False,False,False,False,False,False,False,True,True,False,False
196170.KQ,알테오젠,255500.0,28.2,17831700000000.0,168204161038,31.3,-41.6,0,1,False,False,False,False,False,False,False,False,True,False,False
185750.KS,종근당,65600.0,28.1,890300000000.0,1503647488,4.1,-33.1,0,0,False,False,False,False,False,False,False,False,False,False,False
051910.KS,LG화학,271000.0,28.0,18459900000000.0,52561755830,21.0,-38.1,0,1,False,False,False,False,False,False,False,True,False,False,False
105840.KS,우진,14190.0,27.9,300100000000.0,3748449376,37.4,-55.2,0,3,False,False,False,False,True,False,False,True,True,False,False
025540.KS,한국단자공업,56300.0,27.8,572500000000.0,1374443852,4.5,-40.1,0,1,False,False,False,False,True,False,False,False,False,False,False
009520.KQ,포스코엠텍,12630.0,27.7,527600000000.0,2290530082,52.7,-45.3,0,2,False,False,False,False,False,False,False,True,True,False,False
067080.KQ,대화제약,11270.0,27.6,204000000000.0,1207589221,51.1,-54.7,0,2,False,False,False,False,False,False,False,True,True,False,False
008770.KS,호텔신라,40550.0,27.5,1585600000000.0,10967691582,2.1,-42.3,0,1,False,False,False,False,True,False,False,False,False,False,False
142280.KQ,녹십자엠에스,3065.0,27.3,79200000000.0,1942206634,39.3,-54.0,0,2,False,False,False,False,False,False,False,True,True,False,False
253840.KQ,수젠텍,4560.0,27.2,75800000000.0,1517764795,29.2,-44.7,0,1,False,False,False,False,False,False,False,True,False,False,False
005690.KS,파미셀,11630.0,27.1,744000000000.0,8996543639,42.9,-45.0,0,2,False,False,False,False,False,False,False,True,True,False,False
000100.KS,유한양행,77300.0,27.0,5587400000000.0,20643676252,18.9,-40.2,0,1,False,False,False,False,False,False,False,True,False,False,False
009270.KS,신원,1095.0,26.9,128500000000.0,1043292795,21.9,-42.1,0,1,False,False,False,False,False,False,False,True,False,False,False
372910.KS,한컴라이프케어,1980.0,26.8,59100000000.0,1055338192,29.9,-47.6,0,1,False,False,False,False,False,False,False,True,False,False,False
013120.KQ,동원개발,2080.0,26.7,189300000000.0,1071041290,8.4,-42.7,0,0,False,False,False,False,False,False,False,False,False,False,False
270660.KQ,에브리봇,13410.0,26.6,171200000000.0,2088855312,41.6,-58.0,0,2,False,False,False,False,False,False,False,True,True,False,False
222080.KQ,SFA넥셀,7530.0,26.5,601200000000.0,3802893632,32.3,-62.1,5,4,False,False,False,False,True,True,False,True,True,False,False
302440.KS,SK바이오사이언스,36200.0,26.3,2804800000000.0,3016980296,13.8,-40.9,0,0,False,False,False,False,False,False,False,False,False,False,False
018880.KS,한온시스템,3345.0,26.2,3458500000000.0,14140133316,21.4,-43.7,0,1,False,False,False,False,True,False,False,False,False,False,False
362320.KQ,청담글로벌,4480.0,26.1,91900000000.0,1012696010,36.2,-54.0,0,1,False,False,False,False,False,False,False,False,True,False,False
009830.KS,한화솔루션,28500.0,26.0,6252000000000.0,105853214823,29.5,-51.9,5,2,False,False,False,False,True,True,False,False,False,False,False
232140.KQ,와이씨,11890.0,25.9,1172400000000.0,14443365486,74.3,-50.8,0,3,False,False,False,False,True,False,False,True,True,False,False
064960.KS,SNT모티브,26100.0,25.8,682100000000.0,1834449209,8.3,-36.0,0,0,False,False,False,False,False,False,False,False,False,False,False
111710.KQ,남화산업,3180.0,25.7,65500000000.0,1363086070,22.3,-59.3,0,0,False,False,False,False,False,False,False,False,False,False,False
111710.KQ,남화산업,3180.0,25.7,65500000000.0,1363086070,22.3,-59.3,0,0,False,False,False,False,False,False,False,False,False,False,False
278280.KQ,천보,37150.0,25.5,440500000000.0,1170226402,43.4,-53.9,0,2,False,False,False,False,False,False,False,True,True,False,False
009540.KS,HD한국조선해양,332500.0,25.4,23956700000000.0,69821297170,5.9,-32.8,0,0,False,False,False,False,False,False,False,False,False,False,False
006220.KS,제주은행,10110.0,25.2,365100000000.0,3462074472,26.4,-46.3,0,1,False,False,False,False,False,False,False,True,False,False,False
950220.KQ,네오이뮨텍,1927.0,25.1,66400000000.0,2946438268,72.8,-62.7,0,2,False,False,False,False,False,False,False,True,True,False,False
003530.KS,한화투자증권,4590.0,25.0,1012700000000.0,7330190397,30.6,-55.4,0,3,False,False,False,False,True,False,False,True,True,False,False
293490.KQ,카카오게임즈,9510.0,24.9,960700000000.0,4071973312,40.3,-48.4,0,2,False,False,False,False,False,False,False,True,True,False,False
042110.KQ,에스씨디,1018.0,24.8,48600000000.0,2369816183,2.3,-39.1,0,1,False,False,True,False,True,False,False,False,False,False,False
377300.KS,카카오페이,40500.0,24.7,5452600000000.0,14022796056,10.8,-48.9,0,0,False,False,False,False,False,False,False,False,False,False,False
073010.KQ,케이에스피,3390.0,24.6,138500000000.0,1063727094,65.4,-59.0,0,2,False,False,False,False,False,False,False,True,True,False,False
475580.KQ,에이럭스,7720.0,24.5,103800000000.0,1382246145,53.8,-50.7,0,2,False,False,False,False,False,False,False,True,True,False,False
455900.KQ,엔젤로보틱스,20200.0,24.4,334000000000.0,2291361467,35.9,-54.0,0,2,False,False,False,False,False,False,False,True,True,False,False
095660.KQ,네오위즈,17960.0,24.3,386400000000.0,1009096054,11.6,-43.1,0,0,False,False,False,False,False,False,False,False,False,False,False
388720.KQ,유일로보틱스,68300.0,24.1,829400000000.0,2306097894,27.0,-55.9,0,1,False,False,False,False,False,False,False,True,False,False,False
022100.KS,포스코DX,21250.0,24.0,3124300000000.0,16669562065,28.7,-53.4,0,1,False,False,False,False,False,False,False,True,False,False,False
454910.KS,두산로보틱스,67700.0,23.9,4569800000000.0,34073621806,24.9,-60.2,0,0,False,False,False,False,False,False,False,False,False,False,False
017510.KQ,세명전기,7360.0,23.8,120400000000.0,1556197118,44.6,-59.0,0,2,False,False,False,False,False,False,False,True,True,False,False
174900.KQ,앱클론,20250.0,23.7,390700000000.0,4452643268,101.5,-78.9,0,1,False,False,False,False,False,False,False,False,True,False,False
259960.KS,크래프톤,203000.0,23.6,9172500000000.0,23261254230,1.9,-39.3,0,0,False,False,False,False,False,False,False,False,False,False,False
005860.KQ,한일사료,2430.0,23.5,93400000000.0,5543315765,21.5,-54.5,0,2,False,False,False,False,True,False,False,True,False,False,False
148780.KQ,비큐AI,3715.0,23.4,25300000000.0,2532387016,100.8,-64.2,0,2,False,False,False,False,False,False,False,True,True,False,False
108230.KQ,톱텍,3190.0,23.3,123600000000.0,2327641929,25.1,-39.4,0,1,False,False,False,False,False,False,False,True,False,False,False
161580.KQ,필옵틱스,31300.0,23.2,771200000000.0,5824628111,61.5,-51.8,0,2,False,False,False,False,False,False,False,True,True,False,False
123690.KS,한국화장품,6450.0,23.0,102500000000.0,1339923026,31.5,-50.7,0,2,False,False,False,False,False,False,False,True,True,False,False
002710.KS,TCC스틸,11490.0,22.9,302000000000.0,1531049280,82.1,-49.9,0,2,False,False,False,False,False,False,False,True,True,False,False
000120.KS,CJ대한통운,71000.0,22.8,1615100000000.0,3440668432,2.3,-53.9,0,0,False,False,False,False,False,False,False,False,False,False,False
030520.KQ,한글과컴퓨터,16860.0,22.7,405500000000.0,2072722787,13.9,-39.4,0,0,False,False,False,False,False,False,False,False,False,False,False
317330.KQ,덕산테코피아,13610.0,22.6,261900000000.0,1355123748,73.4,-58.8,0,2,False,False,False,False,False,False,False,True,True,False,False
025900.KQ,동화기업,6950.0,22.5,343300000000.0,1153379131,54.4,-46.5,0,2,False,False,False,False,False,False,False,True,True,False,False
011210.KS,현대위아,55000.0,22.4,1465800000000.0,4452643928,17.1,-51.2,5,1,False,False,False,False,False,True,False,False,False,False,False
459510.KQ,나우로보틱스,15960.0,22.3,206000000000.0,2132557959,49.2,-58.3,0,2,False,False,False,False,False,False,False,True,True,False,False
326030.KS,에스케이바이오팜,78200.0,22.2,6108400000000.0,11339596980,7.1,-45.7,0,0,False,False,False,False,False,False,False,False,False,False,False
464080.KQ,에스오에스랩,9680.0,22.0,179600000000.0,1119908457,47.8,-66.3,0,2,False,False,False,False,False,False,False,True,True,False,False
464080.KQ,에스오에스랩,9680.0,22.0,179600000000.0,1119908457,47.8,-66.3,0,2,False,False,False,False,False,False,False,True,True,False,False
462860.KQ,더즌,2565.0,21.8,234700000000.0,7830842693,61.5,-53.6,0,2,False,False,False,False,False,False,False,True,True,False,False
013360.KS,일성건설,1373.0,21.7,75000000000.0,1821090234,24.3,-51.5,3,1,False,False,False,False,False,True,False,False,False,False,False
117730.KQ,티로보틱스,12330.0,21.6,301800000000.0,1250664381,25.8,-60.1,0,0,False,False,False,False,False,False,False,False,False,False,False
000440.KQ,중앙에너비스,12950.0,21.5,79300000000.0,1336353601,15.9,-65.9,0,2,False,False,False,False,True,False,False,True,False,False,False
003620.KS,KG모빌리티,2615.0,21.4,526200000000.0,1354186221,3.6,-44.0,0,0,False,False,False,False,False,False,False,False,False,False,False
383310.KQ,에코프로에이치엔,22700.0,21.3,462500000000.0,4193585215,13.5,-51.6,0,1,False,False,False,False,True,False,False,False,False,False,False
006650.KS,대한유화,100900.0,21.2,634400000000.0,3833320420,27.2,-50.2,0,1,False,False,False,False,False,False,False,True,False,False,False
137310.KS,에스디바이오센서,6160.0,21.1,737800000000.0,1028685580,6.2,-43.6,0,0,False,False,False,False,False,False,False,False,False,False,False
025980.KQ,아난티,5090.0,20.9,509900000000.0,19113935407,61.6,-51.4,0,2,False,False,False,False,False,False,False,True,True,False,False
069620.KS,대웅제약,108900.0,20.8,1260600000000.0,3866907234,3.7,-45.4,0,0,False,False,False,False,False,False,False,False,False,False,False
290660.KQ,다이나믹솔루션,1488.0,20.7,68800000000.0,1606695207,24.0,-57.2,1,2,False,False,False,False,True,True,False,False,False,False,False
010140.KS,삼성중공업,20200.0,20.6,18260000000000.0,70139450173,9.5,-42.9,0,0,False,False,False,False,False,False,False,False,False,False,False
108860.KQ,셀바스AI,8680.0,20.5,236600000000.0,7264133511,42.3,-50.6,0,1,False,False,False,False,False,False,False,False,True,False,False
290650.KQ,엘앤씨바이오,45700.0,20.4,1232500000000.0,13738526453,53.9,-63.4,0,2,False,False,False,False,True,False,False,False,True,False,False
079370.KQ,제우스,10080.0,20.3,353900000000.0,2030081069,53.2,-51.9,0,2,False,False,False,False,False,False,False,True,True,False,False
254490.KQ,미래반도체,14880.0,20.2,236800000000.0,1409200492,41.4,-68.9,0,2,False,False,False,False,True,False,False,False,True,False,False
005360.KS,모나미,1285.0,20.1,23300000000.0,6677517760,20.7,-71.3,0,0,False,False,False,False,False,False,False,False,False,False,False
035760.KQ,CJ ENM,38800.0,20.0,843200000000.0,2887478443,38.1,-52.9,0,2,False,False,False,False,False,False,False,True,True,False,False
079900.KS,전진건설로봇,39100.0,19.8,601900000000.0,4069184711,52.7,-47.4,0,3,False,False,False,False,True,False,False,True,True,False,False
399720.KQ,가온칩스,40050.0,19.7,523000000000.0,11085376414,14.6,-51.9,0,0,False,False,False,False,False,False,False,False,False,False,False
365550.KS,ESR켄달스퀘어리츠,3120.0,19.6,772700000000.0,1322849678,6.7,-34.9,0,0,False,False,False,False,False,False,False,False,False,False,False
011790.KS,SKC,85700.0,19.5,4409300000000.0,15781065928,40.3,-53.5,0,2,False,False,False,False,False,False,False,True,True,False,False
086390.KQ,유니테스트,11640.0,19.4,272200000000.0,2166303036,93.0,-50.9,0,3,False,False,False,False,True,False,False,True,True,False,False
348340.KQ,뉴로메카,17960.0,19.3,475200000000.0,6943650223,28.3,-78.4,5,2,False,False,False,False,True,True,False,False,False,False,False
068760.KQ,셀트리온제약,38800.0,19.2,1749500000000.0,3222145682,4.9,-50.4,0,0,False,False,False,False,False,False,False,False,False,False,False
039200.KQ,오스코텍,34350.0,19.1,1386900000000.0,5383781023,25.8,-48.0,0,1,False,False,False,False,False,False,False,True,False,False,False
453450.KQ,그리드위즈,12630.0,19.0,99800000000.0,1118904538,18.0,-57.6,0,1,False,False,False,False,True,False,False,False,False,False,False
365340.KQ,성일하이텍,35200.0,18.9,454200000000.0,1581113869,47.9,-58.8,0,3,False,False,False,False,True,False,False,True,True,False,False
215600.KQ,신라젠,2200.0,18.7,305500000000.0,4699594535,23.6,-59.3,0,0,False,False,False,False,False,False,False,False,False,False,False
218150.KQ,미래생명자원,1976.0,18.6,39700000000.0,3861265441,27.9,-54.0,0,0,False,False,False,False,False,False,False,False,False,False,False
489790.KS,한화비전,45000.0,18.5,2378000000000.0,10605409987,45.4,-54.0,1,3,False,False,False,False,True,True,False,False,True,False,False
272290.KQ,이녹스첨단소재,20450.0,18.4,414700000000.0,2174267520,22.5,-53.9,0,1,False,False,False,False,True,False,False,False,False,False,False
199820.KQ,제일일렉트릭,7490.0,18.3,172900000000.0,1314577274,38.4,-66.4,0,3,False,False,False,False,True,False,False,True,True,False,False
256840.KQ,한국비엔씨,2840.0,18.2,197700000000.0,3017957416,38.5,-54.0,0,2,False,False,False,False,False,False,False,True,True,False,False
299660.KQ,셀리드,2210.0,18.1,74100000000.0,4166368918,127.1,-53.6,0,2,False,False,False,False,False,False,False,True,True,False,False
089010.KQ,켐트로닉스,21900.0,18.0,389900000000.0,1576129163,34.8,-55.2,0,2,False,False,False,False,False,False,False,True,True,False,False
094940.KQ,푸른로보틱스,6080.0,17.9,52500000000.0,1645336422,29.0,-61.3,0,1,False,False,False,False,False,False,False,True,False,False,False
122870.KQ,와이지엔터테인먼트,44500.0,17.7,816800000000.0,4992270285,29.7,-58.0,0,1,False,False,False,False,False,False,False,True,False,False,False
329180.KS,HD현대중공업,440500.0,17.6,47442500000000.0,134406326180,7.0,-42.4,0,0,False,False,False,False,False,False,False,False,False,False,False
003090.KS,대웅,15810.0,17.5,924500000000.0,1023895910,2.6,-48.3,0,0,False,False,False,False,False,False,False,False,False,False,False
041190.KQ,우리기술투자,5180.0,17.4,488400000000.0,20334697703,39.1,-60.6,0,2,False,False,False,False,False,False,False,True,True,False,False
052020.KQ,에스티큐브,7350.0,17.3,524200000000.0,1327006048,22.3,-67.3,0,1,False,False,False,False,True,False,False,False,False,False,False
213420.KQ,덕산네오룩스,30950.0,17.2,736200000000.0,5403169137,26.3,-46.0,0,1,False,False,False,False,True,False,False,False,False,False,False
214430.KQ,아이쓰리시스템,59600.0,17.1,477200000000.0,1801155494,21.0,-56.8,0,0,False,False,False,False,False,False,False,False,False,False,False
001040.KS,CJ,131000.0,17.0,3743400000000.0,16067131890,12.1,-44.3,0,0,False,False,False,False,False,False,False,False,False,False,False
114190.KQ,강원에너지,8680.0,16.9,223100000000.0,1149681637,43.7,-57.1,0,2,False,False,False,False,False,False,False,True,True,False,False
376900.KQ,로킷헬스케어,27800.0,16.8,511100000000.0,9753908363,94.4,-81.9,0,1,False,False,False,False,False,False,False,False,True,False,False
015760.KS,한국전력공사,30850.0,16.6,19868800000000.0,59711405025,1.5,-55.6,0,0,False,False,False,False,False,False,False,False,False,False,False
015760.KS,한국전력공사,30850.0,16.6,19868800000000.0,59711405025,1.5,-55.6,0,0,False,False,False,False,False,False,False,False,False,False,False
012690.KS,모나리자,1453.0,16.4,52500000000.0,4796409214,14.0,-46.1,0,0,False,False,False,False,False,False,False,False,False,False,False
255440.KQ,야스,6500.0,16.3,92800000000.0,2709734276,78.1,-51.7,0,1,False,False,False,False,False,False,False,False,True,False,False
095500.KQ,미래나노텍,6600.0,16.2,204700000000.0,1179772007,26.4,-53.4,0,0,False,False,False,False,False,False,False,False,False,False,False
460930.KQ,현대힘스,12990.0,16.1,467000000000.0,10121203713,25.1,-61.2,0,0,False,False,False,False,False,False,False,False,False,False,False
041020.KQ,폴라리스오피스,3060.0,16.0,150800000000.0,1247562492,29.9,-49.8,0,1,False,False,False,False,False,False,False,True,False,False,False
475560.KS,더본코리아,14300.0,15.9,222300000000.0,1100968299,17.9,-50.4,0,0,False,False,False,False,False,False,False,False,False,False,False
000890.KS,보해양조,1315.0,15.8,36400000000.0,1719470585,6.9,-70.0,0,0,False,False,False,False,False,False,False,False,False,False,False
000890.KS,보해양조,1315.0,15.8,36400000000.0,1719470585,6.9,-70.0,0,0,False,False,False,False,False,False,False,False,False,False,False
432720.KQ,퀄리타스반도체,10020.0,15.5,154800000000.0,1293373887,75.2,-68.8,0,2,False,False,False,False,False,False,False,True,True,False,False
039440.KQ,에스티아이,19130.0,15.4,332600000000.0,2029263513,10.5,-55.7,0,0,False,False,False,False,False,False,False,False,False,False,False
237690.KQ,에스티팜,90400.0,15.3,1901900000000.0,17550883194,7.5,-47.5,5,2,False,False,False,False,True,True,False,False,False,False,False
445680.KQ,큐리옥스바이오시스템즈,47350.0,15.2,825100000000.0,4704670038,49.6,-68.3,0,2,False,False,False,False,False,False,False,True,True,False,False
065450.KQ,빅텍,2795.0,15.1,85400000000.0,1006538929,11.8,-60.4,0,1,False,False,False,False,True,False,False,False,False,False,False
092200.KS,디아이씨,5410.0,15.0,225900000000.0,3321189088,42.7,-64.3,0,2,False,False,False,False,False,False,False,True,True,False,False
114090.KS,GKL,9100.0,14.9,555500000000.0,1447273824,1.2,-48.6,0,0,False,False,False,False,False,False,False,False,False,False,False
023790.KQ,동일스틸럭스,1455.0,14.8,19100000000.0,2520383773,46.8,-83.5,0,1,False,False,False,False,False,False,False,False,True,False,False
052400.KQ,코나아이,36250.0,14.7,554100000000.0,2514366922,10.0,-50.0,0,1,False,False,False,False,True,False,False,False,False,False,False
056080.KQ,유진로봇,11450.0,14.6,495100000000.0,4157878202,23.8,-76.8,0,1,False,False,False,False,True,False,False,False,False,False,False
274090.KQ,켄코아에어로스페이스,10180.0,14.4,173400000000.0,1350518937,39.5,-74.3,0,3,False,False,False,False,True,False,False,True,True,False,False
248070.KS,솔루엠,12690.0,14.3,609700000000.0,1512911220,10.2,-47.9,0,1,False,False,False,False,True,False,False,False,False,False,False
005420.KS,코스모화학,10430.0,14.2,396000000000.0,1198630438,45.7,-51.8,0,2,False,False,False,False,False,False,False,True,True,False,False
333430.KQ,일승,3685.0,14.1,116900000000.0,4981910363,29.3,-64.7,0,1,False,False,False,False,False,False,False,True,False,False,False
078590.KQ,휴림에이텍,2940.0,14.0,29500000000.0,1472057487,54.7,-80.4,0,2,False,False,False,False,False,False,False,True,True,False,False
251270.KS,넷마블,34150.0,13.9,2864800000000.0,5614377586,0.4,-50.5,0,0,False,False,True,False,False,False,False,False,False,False,False
108320.KS,LX세미콘,35800.0,13.8,587100000000.0,3632083979,21.4,-46.8,0,0,False,False,False,False,False,False,False,False,False,False,False
200710.KQ,에이디테크놀로지,23550.0,13.7,353400000000.0,5277788204,13.5,-62.0,5,2,False,False,False,False,True,True,False,False,False,False,False
465770.KS,STX그린로지스,3060.0,13.6,19200000000.0,9288094851,83.3,-68.1,0,1,False,False,False,False,False,False,False,False,True,False,False
168360.KQ,펨트론,13070.0,13.4,318600000000.0,1288748587,50.7,-62.3,0,2,False,False,False,False,True,False,False,False,True,False,False
458870.KQ,씨어스,23000.0,13.3,954800000000.0,6251944859,30.2,-64.2,0,1,False,False,False,False,False,False,False,False,True,False,False
067630.KQ,HLB생명과학,2600.0,13.2,326100000000.0,1019890100,61.7,-51.2,0,2,False,False,False,False,False,False,False,True,True,False,False
018290.KQ,브이티,11600.0,13.1,399000000000.0,2760658927,12.7,-66.2,0,0,False,False,False,False,False,False,False,False,False,False,False
206650.KQ,유바이오로직스,8320.0,13.0,308700000000.0,1156895439,19.7,-53.0,0,0,False,False,False,False,False,False,False,False,False,False,False
314130.KQ,지놈앤컴퍼니,3330.0,12.9,210500000000.0,1402575913,34.8,-67.3,5,2,False,False,False,False,False,True,False,False,True,False,False
310210.KQ,보로노이,142000.0,12.8,2858300000000.0,14164073324,45.6,-62.2,0,2,False,False,False,False,True,False,False,False,True,False,False
361610.KS,SK아이이테크놀로지,15820.0,12.7,1329000000000.0,8025443886,33.6,-54.9,0,2,False,False,False,False,False,False,False,True,True,False,False
025320.KQ,시노펙스,3810.0,12.6,354100000000.0,2708996200,27.4,-54.3,0,0,False,False,False,False,False,False,False,False,False,False,False
060280.KQ,큐렉소,7800.0,12.5,330900000000.0,1732880686,11.9,-65.4,0,0,False,False,False,False,False,False,False,False,False,False,False
017860.KS,DS단석,11990.0,12.3,208100000000.0,1193794889,25.4,-54.7,0,1,False,False,False,False,False,False,False,True,False,False,False
003030.KS,세아제강지주,104600.0,12.2,447300000000.0,2505217972,11.0,-59.8,0,2,False,False,False,False,True,False,False,True,False,False,False
064260.KQ,다날,4445.0,12.1,338500000000.0,18305737655,16.8,-60.4,0,0,False,False,False,False,False,False,False,False,False,False,False
082800.KQ,비보존 제약,2875.0,12.0,176400000000.0,1406859788,38.9,-66.1,0,2,False,False,False,False,False,False,False,True,True,False,False
095700.KQ,제넥신,2795.0,11.9,135500000000.0,1273896483,30.6,-62.7,0,2,False,False,False,False,False,False,False,True,True,False,False
010690.KS,화신,7520.0,11.8,264700000000.0,3435613646,17.3,-55.0,0,1,False,False,False,False,True,False,False,False,False,False,False
194700.KQ,노바렉스,10110.0,11.7,186900000000.0,2044712537,1.4,-53.0,0,0,False,False,True,False,False,False,False,False,False,False,False
112040.KQ,위메이드,15050.0,11.6,514000000000.0,3814811587,19.7,-56.8,0,0,False,False,False,False,False,False,False,False,False,False,False
035720.KS,카카오,33500.0,11.5,14796200000000.0,80428239880,3.9,-51.9,0,0,False,False,False,False,False,False,False,False,False,False,False
137400.KQ,피엔티,28900.0,11.4,695300000000.0,4085518055,25.7,-53.4,0,1,False,False,False,False,True,False,False,False,False,False,False
336570.KQ,원텍,5010.0,11.2,441900000000.0,2768782951,21.3,-56.2,0,0,False,False,False,False,False,False,False,False,False,False,False
109610.KQ,에스와이,1858.0,11.1,92400000000.0,1849043609,25.6,-49.4,0,0,False,False,False,False,False,False,False,False,False,False,False
281740.KQ,레이크머티리얼즈,10610.0,11.0,708600000000.0,4077444300,15.3,-63.0,0,1,False,False,False,False,True,False,False,False,False,False,False
215100.KQ,로보로보,4025.0,10.9,83400000000.0,1175288444,28.4,-73.7,0,1,False,False,False,False,False,False,False,True,False,False,False
304100.KQ,솔트룩스,14980.0,10.8,188900000000.0,3357536002,50.4,-60.9,0,2,False,False,False,False,False,False,False,True,True,False,False
389260.KQ,대명에너지,12960.0,10.7,233600000000.0,4170678315,22.4,-53.0,0,0,False,False,False,False,False,False,False,False,False,False,False
036620.KQ,감성코퍼레이션,3735.0,10.6,337900000000.0,1443619058,5.5,-51.5,0,0,False,False,False,False,False,False,False,False,False,False,False
034940.KQ,조아제약,2750.0,10.5,16700000000.0,1192022140,10.7,-61.3,0,0,False,False,False,False,False,False,False,False,False,False,False
011330.KS,유니켐,4300.0,10.4,41500000000.0,1393150498,40.5,-75.4,0,2,False,False,False,False,False,False,False,True,True,False,False
445090.KQ,에이직랜드,20050.0,10.3,237600000000.0,1823481394,44.1,-42.4,0,1,False,False,False,False,False,False,False,False,True,False,False
010780.KS,아이에스동서,15440.0,10.1,454800000000.0,1658222116,7.8,-55.2,0,1,False,False,False,False,True,False,False,False,False,False,False
094480.KQ,갤럭시아머니트리,5190.0,10.0,226700000000.0,5041362536,28.0,-57.6,0,0,False,False,False,False,False,False,False,False,False,False,False
033500.KQ,동성화인텍,16280.0,9.9,494500000000.0,1788132227,15.9,-52.5,0,0,False,False,False,False,False,False,False,False,False,False,False
028300.KQ,HLB,31900.0,9.8,4249000000000.0,44828193395,32.1,-53.9,0,1,False,False,False,False,False,False,False,False,True,False,False
101490.KQ,에스앤에스텍,40550.0,9.7,935500000000.0,9735212778,27.1,-62.6,0,1,False,False,False,False,True,False,False,False,False,False,False
034220.KS,LG디스플레이,8470.0,9.6,4285000000000.0,43572568871,4.3,-52.8,0,0,False,False,False,False,False,False,False,False,False,False,False
098070.KQ,한텍,24800.0,9.5,272500000000.0,1803105766,19.2,-60.1,0,1,False,False,False,False,False,False,False,True,False,False,False
253450.KQ,스튜디오드래곤,21550.0,9.4,631200000000.0,1543199694,13.4,-57.3,0,0,False,False,False,False,False,False,False,False,False,False,False
466100.KQ,클로봇,22850.0,9.3,729000000000.0,11705796946,16.9,-72.2,0,0,False,False,False,False,False,False,False,False,False,False,False
025950.KQ,동신건설,9910.0,9.2,83600000000.0,1768696713,21.3,-67.2,0,0,False,False,False,False,False,False,False,False,False,False,False
097230.KS,HJ중공업,15040.0,9.0,1378800000000.0,5902513261,16.5,-56.2,0,0,False,False,False,False,False,False,False,False,False,False,False
357880.KQ,SKAI,1762.0,8.9,103300000000.0,1764305527,24.7,-71.4,0,1,False,False,False,False,True,False,False,False,False,False,False
086900.KQ,메디톡스,67800.0,8.8,494800000000.0,1960443008,3.4,-51.9,0,0,False,False,False,False,False,False,False,False,False,False,False
417860.KQ,오브젠,7100.0,8.7,33700000000.0,1240935119,22.2,-60.0,0,1,False,False,False,False,False,False,False,True,False,False,False
042660.KS,한화오션,81300.0,8.6,25279100000000.0,117510233168,14.0,-47.5,0,0,False,False,False,False,False,False,False,False,False,False,False
160190.KQ,하이젠알앤엠,23950.0,8.5,929700000000.0,4503559378,117.7,-73.7,0,2,False,False,False,False,False,False,False,True,True,False,False
214150.KQ,클래시스,32000.0,8.4,2015800000000.0,10550609471,6.1,-58.8,0,0,False,False,False,False,False,False,False,False,False,False,False
014940.KQ,오리엔탈정공,4450.0,8.3,207100000000.0,1594217625,26.1,-65.7,0,0,False,False,False,False,False,False,False,False,False,False,False
247540.KQ,에코프로비엠,104100.0,8.2,10164600000000.0,46111778323,17.9,-60.0,0,0,False,False,False,False,False,False,False,False,False,False,False
008970.KS,KBI동양철관,1163.0,8.0,120000000000.0,1097741571,30.7,-67.1,0,2,False,False,False,False,False,False,False,True,True,False,False
032350.KS,롯데관광개발,11750.0,7.9,936000000000.0,6122300173,15.8,-57.6,0,0,False,False,False,False,False,False,False,False,False,False,False
377480.KQ,마음AI,9940.0,7.8,71500000000.0,1693428935,28.6,-62.5,0,1,False,False,False,False,False,False,False,True,False,False,False
475400.KQ,씨메스로보틱스,17840.0,7.7,219500000000.0,1739480882,32.9,-62.0,0,1,False,False,False,False,False,False,False,False,True,False,False
100090.KS,SK오션플랜트,11970.0,7.6,727900000000.0,26709507877,8.7,-62.1,0,0,False,False,False,False,False,False,False,False,False,False,False
230240.KQ,에치에프알,12500.0,7.5,175300000000.0,2580948950,12.1,-68.5,0,1,False,False,False,False,True,False,False,False,False,False,False
462350.KQ,이노스페이스,6170.0,7.4,223600000000.0,1706023308,28.3,-70.3,0,0,False,False,False,False,False,False,False,False,False,False,False
067160.KQ,SOOP,36850.0,7.3,422400000000.0,2244218178,1.1,-53.5,0,0,False,False,True,False,False,False,False,False,False,False,False
352820.KS,하이브,169900.0,7.2,7043700000000.0,46985498874,7.6,-58.1,0,0,False,False,False,False,False,False,False,False,False,False,False
347850.KQ,디앤디파마텍,46050.0,7.1,2051400000000.0,75215374952,22.6,-60.5,0,0,False,False,False,False,False,False,False,False,False,False,False
450080.KS,에코프로머티,35350.0,6.9,2457200000000.0,11987803811,30.4,-60.2,0,1,False,False,False,False,False,False,False,False,True,False,False
039980.KQ,폴라리스AI,5090.0,6.8,72900000000.0,6336766351,35.4,-65.7,0,1,False,False,False,False,False,False,False,False,True,False,False
439260.KS,대한조선,45600.0,6.7,1765400000000.0,3136886708,8.3,-58.4,0,0,False,False,False,False,False,False,False,False,False,False,False
439260.KS,대한조선,45600.0,6.7,1765400000000.0,3136886708,8.3,-58.4,0,0,False,False,False,False,False,False,False,False,False,False,False
035900.KQ,JYP Ent.,38700.0,6.5,1366200000000.0,10903198840,1.7,-56.3,0,0,False,False,False,False,False,False,False,False,False,False,False
249420.KS,일동제약,14420.0,6.4,448600000000.0,4741308729,28.2,-68.0,0,0,False,False,False,False,False,False,False,False,False,False,False
017960.KS,한국카본,20900.0,6.3,1072300000000.0,6364556206,12.8,-61.4,0,1,False,False,False,False,True,False,False,False,False,False,False
077970.KS,STX엔진,22750.0,6.2,935400000000.0,4328750135,20.8,-66.4,0,0,False,False,False,False,False,False,False,False,False,False,False
044340.KQ,위닉스,2910.0,6.1,50300000000.0,10119696800,1.2,-55.9,0,0,False,False,True,False,False,False,False,False,False,False,False
358570.KQ,지아이이노베이션,9000.0,6.0,603900000000.0,3420745993,39.1,-57.1,0,2,False,False,False,False,False,False,False,True,True,False,False
054540.KQ,삼영엠텍,6450.0,5.8,87100000000.0,1600274561,25.0,-71.7,0,0,False,False,False,False,False,False,False,False,False,False,False
381620.KQ,제닉스로보틱스,5940.0,5.7,82500000000.0,1042517431,30.3,-70.2,0,2,False,False,False,False,False,False,False,True,True,False,False
071970.KS,HD현대마린엔진,48750.0,5.6,1743600000000.0,12272505278,4.8,-58.8,0,0,False,False,False,False,False,False,False,False,False,False,False
475960.KQ,토모큐브,27500.0,5.5,371900000000.0,1330341707,5.8,-59.4,0,0,False,False,True,False,False,False,False,False,False,False,False
457550.KQ,우진엔텍,14130.0,5.4,133600000000.0,1004552721,31.4,-59.5,0,1,False,False,False,False,False,False,False,False,True,False,False
424870.KQ,이뮨온시아,3520.0,5.3,298900000000.0,1157448165,53.0,-78.2,0,2,False,False,False,False,False,False,False,True,True,False,False
064350.KS,현대로템,119500.0,5.2,13151600000000.0,65957198274,5.7,-57.6,0,0,False,False,False,False,False,False,False,False,False,False,False
034230.KS,파라다이스,9790.0,5.1,889200000000.0,5883104119,6.9,-59.2,0,0,False,False,False,False,False,False,False,False,False,False,False
228760.KQ,지노믹트리,10070.0,5.0,279900000000.0,1148062605,1.4,-69.8,0,0,False,False,True,False,False,False,False,False,False,False,False
042000.KQ,카페24,15410.0,4.9,367300000000.0,1075540094,2.7,-64.9,0,0,False,False,False,False,False,False,False,False,False,False,False
075580.KS,세진중공업,10000.0,4.7,580400000000.0,2368252928,17.6,-63.5,0,0,False,False,False,False,False,False,False,False,False,False,False
085660.KQ,차바이오텍,7830.0,4.6,745600000000.0,2682752926,3.0,-67.3,0,0,False,False,False,False,False,False,False,False,False,False,False
065350.KQ,신성델타테크,31100.0,4.5,846500000000.0,4386205855,37.6,-62.5,0,2,False,False,False,False,False,False,False,True,True,False,False
051980.KQ,중앙첨단소재,1035.0,4.4,115000000000.0,1230367822,28.6,-76.2,0,1,False,False,False,False,False,False,False,True,False,False,False
000250.KQ,삼천당제약,156100.0,4.3,3786000000000.0,32082314002,30.1,-87.3,0,2,False,False,False,False,True,False,False,False,True,False,False
008830.KQ,대동기어,6100.0,4.2,120100000000.0,2923312359,11.8,-64.9,0,0,False,False,False,False,False,False,False,False,False,False,False
084110.KQ,휴온스글로벌,22250.0,4.1,277200000000.0,1059319795,10.7,-71.0,0,0,False,False,False,False,False,False,False,False,False,False,False
138610.KQ,나이벡,14120.0,4.0,169400000000.0,1325971301,25.7,-74.0,0,0,False,False,False,False,False,False,False,False,False,False,False
194480.KQ,데브시스터즈,14410.0,3.9,172800000000.0,1774021245,10.0,-75.2,0,0,False,False,False,False,False,False,False,False,False,False,False
900340.KQ,윙입푸드,1368.0,3.7,47300000000.0,1092631104,51.2,-71.5,0,1,False,False,False,False,False,False,False,False,True,False,False
456160.KQ,지투지바이오,33000.0,3.6,532100000000.0,5533258998,47.3,-73.4,0,1,False,False,False,False,False,False,False,False,True,False,False
484590.KQ,삼양컴텍,6540.0,3.5,271600000000.0,1182860722,38.9,-71.1,0,2,False,False,False,False,False,False,False,True,True,False,False
214370.KQ,케어젠,41200.0,3.4,2162000000000.0,4692795894,3.5,-73.2,0,1,False,False,False,False,True,False,False,False,False,False,False
003570.KS,SNT다이내믹스,27050.0,3.3,924400000000.0,1639558559,0.2,-64.6,0,0,False,False,True,False,False,False,False,False,False,False,False
376300.KQ,디어유,17180.0,3.2,408500000000.0,1657399668,0.2,-66.0,0,0,False,False,True,False,False,False,False,False,False,False,False
900270.KQ,헝셩그룹,2905.0,3.1,31200000000.0,1569268582,38.3,-78.7,0,2,False,False,False,False,False,False,False,True,True,False,False
066910.KQ,손오공,1809.0,3.0,28900000000.0,1246631883,15.8,-66.7,0,0,False,False,False,False,False,False,False,False,False,False,False
087010.KQ,펩트론,146500.0,2.9,3723800000000.0,34565871112,49.5,-62.7,0,1,False,False,False,False,False,False,False,False,True,False,False
348210.KQ,넥스틴,30750.0,2.8,347800000000.0,2983800817,24.0,-69.4,0,0,False,False,False,False,False,False,False,False,False,False,False
141080.KQ,리가켐바이오,82600.0,2.6,3020800000000.0,33349488996,7.4,-63.3,0,0,False,False,False,False,False,False,False,False,False,False,False
365330.KQ,에스와이스틸텍,1511.0,2.5,78100000000.0,1580901193,36.1,-67.4,0,1,False,False,False,False,False,False,False,False,True,False,False
131400.KQ,이브이첨단소재,7660.0,2.4,45600000000.0,1727648418,32.1,-68.6,0,1,False,False,False,False,False,False,False,False,True,False,False
328130.KQ,루닛,8210.0,2.3,762500000000.0,3356589632,0.4,-66.6,0,0,False,False,True,False,False,False,False,False,False,False,False
389650.KQ,넥스트바이오메디컬,29200.0,2.2,238000000000.0,1155745108,2.3,-71.1,0,0,False,False,False,False,False,False,False,False,False,False,False
419530.KQ,SAMG엔터,17340.0,2.1,177500000000.0,2230986423,1.9,-73.8,0,0,False,False,True,False,False,False,False,False,False,False,False
002020.KS,코오롱,24500.0,2.0,313700000000.0,2525573895,21.3,-72.2,0,0,False,False,False,False,False,False,False,False,False,False,False
287840.KQ,인투셀,16450.0,1.9,259700000000.0,1109213205,26.1,-78.0,0,0,False,False,False,False,False,False,False,False,False,False,False
322310.KQ,오로스테크놀로지,12290.0,1.8,128800000000.0,1848483601,12.6,-76.4,0,1,False,False,False,False,True,False,False,False,False,False,False
255220.KQ,SG,1115.0,1.7,121600000000.0,2467248642,7.7,-69.3,0,0,False,False,False,False,False,False,False,False,False,False,False
047920.KQ,HLB제약,6600.0,1.5,241700000000.0,2538981963,10.0,-70.3,0,0,False,False,False,False,False,False,False,False,False,False,False
298380.KQ,에이비엘바이오,57900.0,1.4,3000900000000.0,25082405736,7.0,-77.5,0,0,False,False,True,False,False,False,False,False,False,False,False
463020.KQ,뉴엔AI,6830.0,1.3,60400000000.0,8169671486,25.3,-77.9,0,0,False,False,False,False,False,False,False,False,False,False,False
484870.KS,엠앤씨솔루션,18410.0,1.2,500400000000.0,2257462185,41.5,-76.0,0,1,False,False,False,False,False,False,False,False,True,False,False
082270.KQ,젬백스,10330.0,1.1,481600000000.0,2013225961,15.0,-83.1,0,0,False,False,False,False,False,False,False,False,False,False,False
397030.KQ,에이프릴바이오,17680.0,1.0,508200000000.0,5219460908,7.5,-76.9,0,0,False,False,False,False,False,False,False,False,False,False,False
389470.KQ,인벤티지랩,24500.0,0.9,340700000000.0,1456544396,8.2,-75.9,0,0,False,False,False,False,False,False,False,False,False,False,False
900300.KQ,오가닉티코스메틱,2995.0,0.8,61800000000.0,2099002202,94.4,-87.9,0,2,False,False,False,False,False,False,False,True,True,False,False
348370.KQ,엔켐,20150.0,0.7,447000000000.0,6088197994,43.7,-80.8,0,1,False,False,False,False,False,False,False,False,True,False,False
321370.KQ,센서뷰,1397.0,0.6,120100000000.0,3747249418,44.8,-94.6,0,2,False,False,False,False,False,False,False,True,True,False,False
210980.KS,SK디앤디,3705.0,0.4,63800000000.0,2116585116,40.4,-73.2,0,1,False,False,False,False,False,False,False,False,True,False,False
102940.KQ,코오롱생명과학,14050.0,0.3,181800000000.0,3445383914,6.4,-80.7,0,0,False,False,False,False,False,False,False,False,False,False,False
950160.KQ,코오롱티슈진,15880.0,0.2,1306800000000.0,60955491700,38.4,-89.3,0,1,False,False,False,False,False,False,False,False,True,False,False
179900.KQ,유티아이,2290.0,0.1,50400000000.0,1402816245,36.3,-92.2,0,1,False,False,False,False,False,False,False,False,True,False,False
