ticker,name,close,rs,mcap,dvol_50d,vs_52w_low,from_52w_high,sma200_up_months,n_pass,pass_all,new_52w_high,new_52w_low,1_price_gt_150_200,2_150_gt_200,3_200ma_rising_1m,4_50_gt_150_gt_200,5_price_gt_50,6_ge_30pct_above_52wlow,7_within_25pct_of_52whigh,8_rs_ge_70
AXTI,AXT Inc - Common Stock,85.87,99.0,5364544474.0,720181996,2046.8,-40.0,5,6,False,False,False,True,True,True,False,True,True,False,True
TJGC,TJGC Group Limited - Class A Ordinary Shares,33.28,99.0,329058749.0,11276385,2177.9,-9.5,2,8,True,False,False,True,True,True,True,True,True,True,True
IOVA,"Iovance Biotherapeutics, Inc. - Common Stock",14.22,98.9,6445783477.0,155067008,708.0,-7.1,5,8,True,False,False,True,True,True,True,True,True,True,True
SNDK,Sandisk Corporation - Common Stock When-Issued,1719.99,98.9,261751783898.0,19393259888,1386.9,-26.9,5,7,False,False,False,True,True,True,True,True,True,False,True
MRNA,"Moderna, Inc. - Common Stock",190.01,98.8,75431628868.0,2999234481,752.8,-9.0,5,8,True,False,False,True,True,True,True,True,True,True,True
TXG,"10x Genomics, Inc. - Common Stock",93.5,98.8,11564644072.0,199122459,737.8,-1.7,5,8,True,False,False,True,True,True,True,True,True,True,True
MXL,"MaxLinear, Inc - Common Stock",105.93,98.7,8354656755.0,217868102,729.5,-17.4,5,8,True,False,False,True,True,True,True,True,True,True,True
QMCO,Quantum Corporation - Common Stock,34.5,98.7,1256587882.0,44318738,723.4,-1.9,5,8,True,True,False,True,True,True,True,True,True,True,True
TWST,Twist Bioscience Corporation - Common Stock,188.67,98.7,12467935771.0,275232463,709.7,-5.8,5,8,True,False,False,True,True,True,True,True,True,True,True
KOD,Kodiak Sciences Inc - Common Stock,94.45,98.6,6188157536.0,125447795,763.3,-9.2,5,8,True,False,False,True,True,True,True,True,True,True,True
AGL,"agilon health, inc. Common Stock",84.14,98.6,1381580759.0,26365289,1024.9,-36.8,5,6,False,False,False,True,True,True,True,False,True,False,True
CDNA,"CareDx, Inc. - Common Stock",67.15,98.5,3426357589.0,64078561,381.4,-3.8,5,8,True,True,False,True,True,True,True,True,True,True,True
EDRY,EuroDry Ltd. - Common Shares,55.88,98.5,159755116.0,7864251,367.8,-23.5,5,8,True,False,False,True,True,True,True,True,True,True,True
MU,"Micron Technology, Inc. - Common Stock",1074.89,98.5,1239384749976.0,29470825073,498.5,-14.4,5,8,True,False,False,True,True,True,True,True,True,True,True
SLS,"SELLAS Life Sciences Group, Inc.  - Common Stock",11.74,98.4,2288044883.0,83030164,744.6,-26.1,5,6,False,False,False,True,True,True,True,False,True,False,True
DELL,Dell Technologies Inc. Class C Common Stock ,562.52,98.4,344445199185.0,3918084363,410.4,-5.5,5,8,True,False,False,True,True,True,True,True,True,True,True
AEHR,Aehr Test Systems - Common Stock,107.21,98.3,3318209874.0,245699046,473.3,-27.3,5,7,False,False,False,True,True,True,True,True,True,False,True
BAND,Bandwidth Inc. - Class A Common Stock,63.74,98.3,2009368403.0,50934624,409.9,-19.4,5,8,True,False,False,True,True,True,True,True,True,True,True
ABCL,AbCellera Biologics Inc. - Common Shares,13.74,98.2,4505525908.0,74118190,400.5,-8.5,5,8,True,False,False,True,True,True,True,True,True,True,True
LITE,Lumentum Holdings Inc. - Common Stock,1085.42,98.2,93806466000.0,4241986725,634.3,-0.6,5,8,True,True,False,True,True,True,True,True,True,True,True
VICR,Vicor Corporation - Common Stock,308.9,98.2,14228076428.0,194608041,536.5,-19.3,5,7,False,False,False,True,True,True,False,True,True,True,True
ERAS,"Erasca, Inc. - Common Stock",14.74,98.1,5099530470.0,66157103,600.2,-39.3,5,5,False,False,False,False,True,True,True,False,True,False,True
IBRX,"ImmunityBio, Inc. - Common Stock",10.285,98.1,9835280613.0,84800054,427.4,-17.3,5,8,True,False,False,True,True,True,True,True,True,True,True
ABSI,Absci Corporation - Common Stock,11.07,98.0,1844850608.0,30170959,394.2,-8.2,5,8,True,False,False,True,True,True,True,True,True,True,True
SILC,Silicom Ltd - Ordinary Shares,60.03,98.0,308244378.0,8197222,350.0,-1.2,5,8,True,True,False,True,True,True,True,True,True,True,True
SYRE,"Spyre Therapeutics, Inc. - Common Stock",93.19,98.0,7929466417.0,107067758,487.6,-15.4,5,7,False,False,False,True,True,True,True,False,True,True,True
FIRY,Firy Inc. Class A Common Stock,12.47,97.9,202459090.0,6181625,459.2,-37.6,4,7,False,False,False,True,True,True,True,True,True,False,True
UMC,United Microelectronics Corporation (NEW) Common Stock,26.27,97.9,63469484291.0,255836666,276.9,-9.3,5,8,True,False,False,True,True,True,True,True,True,True,True
AMD,"Advanced Micro Devices, Inc. - Common Stock",633.91,97.8,1005163857611.0,11842381875,288.6,-1.8,5,8,True,True,False,True,True,True,True,True,True,True,True
ECO,Okeanis Eco Tankers Corp. Common Stock,87.28,97.8,3347688720.0,46475381,214.6,-0.5,5,8,True,True,False,True,True,True,True,True,True,True,True
CLYM,"Climb Bio, Inc. - Common Stock",10.94,97.7,635819343.0,20729934,610.4,-40.3,5,5,False,False,False,False,True,True,True,False,True,False,True
HPE,Hewlett Packard Enterprise Company Common Stock,69.33,97.7,85727675428.0,1185713622,249.4,-1.4,5,8,True,True,False,True,True,True,True,True,True,True,True
RNG,"RingCentral, Inc. Class A Common Stock",78.28,97.7,6539367546.0,123075848,224.3,-4.4,5,8,True,False,False,True,True,True,True,True,True,True,True
COHU,"Cohu, Inc. - Common Stock",73.48,97.6,3329785377.0,56956001,293.6,-1.6,5,8,True,True,False,True,True,True,True,True,True,True,True
PLSE,"Pulse Biosciences, Inc - Common Stock",47.9,97.6,3554005507.0,26432200,281.4,-18.7,5,8,True,False,False,True,True,True,True,True,True,True,True
ATEX,Anterix Inc. - Common Stock,84.33,97.5,1617415149.0,28098765,379.7,-25.4,5,6,False,False,False,True,True,True,True,False,True,False,True
RVMD,"Revolution Medicines, Inc. - Common Stock",206.64,97.5,44129725102.0,384885937,353.1,-7.9,5,8,True,False,False,True,True,True,True,True,True,True,True
ETON,"Eton Pharmaceuticals, Inc. - Common Stock",55.36,97.4,1485751357.0,34024487,287.9,-16.6,5,8,True,False,False,True,True,True,True,True,True,True,True
MRVL,"Marvell Technology, Inc. - Common Stock",272.29,97.4,235079352000.0,4863883562,285.2,-17.5,5,8,True,False,False,True,True,True,True,True,True,True,True
ORKA,"Oruka Therapeutics, Inc. - Common Stock",84.52,97.4,5523213091.0,83900785,358.6,-26.8,5,6,False,False,False,True,True,True,True,False,True,False,True
PAYS,"Paysign, Inc. - Common Stock",14.23,97.3,810796560.0,10065297,362.0,-4.7,4,8,True,False,False,True,True,True,True,True,True,True,True
PBF,PBF Energy Inc. Class A Common Stock,80.78,97.3,9760323241.0,249615931,215.3,-3.1,5,8,True,True,False,True,True,True,True,True,True,True,True
GRAL,"GRAIL, Inc. - Common Stock",143.26,97.2,5920955979.0,91242716,245.2,-5.4,1,6,False,False,False,True,False,True,False,True,True,True,True
INTC,Intel Corporation - Common Stock,119.33,97.2,634208341320.0,11002695925,262.8,-16.2,5,8,True,False,False,True,True,True,True,True,True,True,True
OMER,Omeros Corporation - Common Stock,18.61,97.2,1337012197.0,31983514,358.4,-12.4,5,8,True,False,False,True,True,True,True,True,True,True,True
DRTS,Alpha Tau Medical Ltd. - Ordinary Shares,14.77,97.1,1341858015.0,7841529,330.6,-6.5,5,8,True,False,False,True,True,True,True,True,True,True,True
BE,Bloom Energy Corporation Class A Common Stock,289.15,97.1,81754900703.0,3853597767,282.0,-17.7,5,8,True,False,False,True,True,True,True,True,True,True,True
SMTC,Semtech Corporation - Common Stock,194.88,97.0,17413628555.0,464489566,223.3,-3.5,5,8,True,True,False,True,True,True,True,True,True,True,True
ANRO,"Alto Neuroscience, Inc. Common Stock",24.8,97.0,993217652.0,15930440,513.9,-33.8,5,5,False,False,False,False,True,True,True,False,True,False,True
BLZE,"Backblaze, Inc. - Common Stock",14.36,96.9,877742000.0,40856320,340.4,-40.1,5,6,False,False,False,True,True,True,True,False,True,False,True
FORM,"FormFactor, Inc. - Common Stock",149.15,96.9,11596240419.0,146791007,301.6,-6.9,5,7,False,False,False,True,True,True,False,True,True,True,True
DOCN,"DigitalOcean Holdings, Inc. Common Stock",140.07,96.9,16437621090.0,346656938,282.5,-25.3,5,7,False,False,False,True,True,True,True,True,True,False,True
AAOI,"Applied Optoelectronics, Inc. - Common Stock",115.59,96.8,9112142935.0,1111236735,524.8,-50.5,5,5,False,False,False,False,True,True,False,True,True,False,True
CLMT,"Calumet, Inc - Common Stock",55.28,96.8,4721893130.0,68975073,217.3,-7.7,5,8,True,False,False,True,True,True,True,True,True,True,True
STX,Seagate Technology Holdings PLC - Ordinary Shares (Ireland),848.99,96.7,216269400269.0,3800400156,306.2,-25.9,5,6,False,False,False,True,True,True,True,False,True,False,True
FET,"Forum Energy Technologies, Inc. Common Stock",83.14,96.7,944203128.0,15449921,231.6,-4.9,5,8,True,False,False,True,True,True,True,True,True,True,True
ASST,"Strive, Inc. - Class A Common Stock",30.03,96.6,2920749761.0,176462017,327.8,-45.2,1,7,False,False,False,True,True,True,True,True,True,False,True
CUE,"Cue Biopharma, Inc. - Common Stock",25.57,96.6,183426454.0,8608617,413.5,-43.8,5,6,False,False,False,True,True,True,True,False,True,False,True
OKTA,"Okta, Inc. - Class A Common Stock",211.49,96.6,37172173921.0,606050742,237.5,-2.4,4,8,True,True,False,True,True,True,True,True,True,True,True
PENG,"Penguin Solutions, Inc. - Common Stock",61.36,96.5,2817323591.0,92292110,282.5,-31.7,5,7,False,False,False,True,True,True,True,True,True,False,True
INSW,"International Seaways, Inc. Common Stock ",115.81,96.5,5676288241.0,64952112,174.0,-0.3,5,8,True,True,False,True,True,True,True,True,True,True,True
KRT,Karat Packaging Inc. - Common Stock,54.57,96.4,1063755950.0,7870019,164.8,-0.6,5,8,True,True,False,True,True,True,True,True,True,True,True
FRO,Frontline Plc Ordinary Shares,52.74,96.4,11473983699.0,133674549,157.6,-4.0,5,8,True,False,False,True,True,True,True,True,True,True,True
TWLO,Twilio Inc. Class A Common Stock,294.58,96.4,46267606529.0,597468263,196.9,-3.7,5,8,True,False,False,True,True,True,True,True,True,True,True
CORT,Corcept Therapeutics Incorporated - Common Stock,116.23,96.3,12325919718.0,151119074,305.5,-8.0,4,8,True,False,False,True,True,True,True,True,True,True,True
LIND,Lindblad Expeditions Holdings Inc.  - Common Stock,34.78,96.3,2206790141.0,26295458,205.9,-2.0,5,8,True,True,False,True,True,True,True,True,True,True,True
CRWD,"CrowdStrike Holdings, Inc. - Class A Common Stock",270.04,96.2,272458822108.0,2195230740,215.2,-1.3,5,8,True,True,False,True,True,True,True,True,True,True,True
VIAV,Viavi Solutions Inc. - Common Stock,47.1,96.2,11049457298.0,202767050,285.1,-22.1,5,7,False,False,False,True,True,True,False,True,True,True,True
APPS,"Digital Turbine, Inc. - Common Stock",11.17,96.1,1397737688.0,39237248,307.7,-27.2,4,7,False,False,False,True,True,True,True,True,True,False,True
MPC,Marathon Petroleum Corporation Common Stock,422.33,96.1,117988524174.0,982885189,160.8,-2.0,5,8,True,False,False,True,True,True,True,True,True,True,True
MTW,"Manitowoc Company, Inc. (The) Common Stock",23.22,96.1,807788106.0,8605975,133.8,-1.4,5,8,True,True,False,True,True,True,True,True,True,True,True
ILMN,"Illumina, Inc. - Common Stock",273.04,96.0,40123720000.0,651023564,210.3,-2.5,5,8,True,False,False,True,True,True,True,True,True,True,True
DINO,HF Sinclair Corporation Common Stock,113.36,96.0,20036239782.0,273891816,148.0,-4.2,5,8,True,False,False,True,True,True,True,True,True,True,True
HELP,Cybin Inc. - Common Stock,11.7,95.9,870164692.0,20462801,211.2,-22.8,3,8,True,False,False,True,True,True,True,True,True,True,True
P,"Everpure, Inc. Class A common stock",140.14,95.9,44695771177.0,532228252,146.8,-0.5,2,8,True,True,False,True,True,True,True,True,True,True,True
VLO,Valero Energy Corporation Common Stock,406.3,95.9,117606850720.0,1115262102,161.6,-3.0,5,8,True,False,False,True,True,True,True,True,True,True,True
TEAM,Atlassian Corporation  - Class A Common Stock,187.89,95.8,48073592357.0,688530378,235.5,-6.1,1,6,False,False,False,True,False,True,False,True,True,True,True
MTRN,Materion Corporation,312.16,95.8,5940528347.0,81947989,184.8,-0.7,5,8,True,True,False,True,True,True,True,True,True,True,True
NBIS,Nebius Group N.V. - Class A Ordinary Shares,242.81,95.7,63146530037.0,4500936490,230.3,-19.0,5,8,True,False,False,True,True,True,True,True,True,True,True
LPG,Dorian LPG Ltd. Common Stock,57.21,95.7,2421071918.0,30683505,140.8,-4.6,5,8,True,False,False,True,True,True,True,True,True,True,True
ALNT,Allient Inc. - Common Stock,118.3,95.6,1971441150.0,24888217,183.4,-2.6,5,8,True,True,False,True,True,True,True,True,True,True,True
PRAX,"Praxis Precision Medicines, Inc. - Common Stock",295.51,95.6,8010523757.0,139950045,487.4,-24.7,5,6,False,False,False,False,True,True,True,False,True,True,True
GTE,Gran Tierra Energy Inc. Common Stock,10.44,95.6,354158094.0,10229533,237.9,-9.4,5,8,True,False,False,True,True,True,True,True,True,True,True
CRSR,"Corsair Gaming, Inc. - Common Stock",13.79,95.5,1498250882.0,19971223,207.8,-7.9,4,8,True,False,False,True,True,True,True,True,True,True,True
DK,"Delek US Holdings, Inc. Common Stock",74.19,95.5,4551999815.0,146188728,187.0,-9.8,5,8,True,False,False,True,True,True,True,True,True,True,True
RLAY,"Relay Therapeutics, Inc. - Common Stock",18.96,95.4,4051928757.0,54112767,267.1,-10.9,5,7,False,False,False,True,True,True,True,False,True,True,True
TER,"Teradyne, Inc. - Common Stock",449.04,95.4,65004920443.0,1072784571,240.8,-8.0,5,8,True,False,False,True,True,True,True,True,True,True,True
DFTX,"Definium Therapeutics, Inc.  - Common Shares",37.4,95.3,5052197320.0,90166353,257.4,-24.7,5,7,False,False,False,True,True,True,True,False,True,True,True
SDGR,"Schrodinger, Inc. - Common Stock",30.31,95.3,2278579429.0,42644506,176.9,-6.6,1,8,True,False,False,True,True,True,True,True,True,True,True
MEI,"Methode Electronics, Inc. Common Stock",15.74,95.3,509367807.0,10165901,222.5,-22.8,5,8,True,False,False,True,True,True,True,True,True,True,True
AMLX,"Amylyx Pharmaceuticals, Inc. - Common Stock",27.79,95.2,3522868587.0,81039749,156.6,-32.5,5,6,False,False,False,True,True,True,True,False,True,False,True
PUBM,"PubMatic, Inc. - Class A Common Stock",18.42,95.2,873650170.0,12398744,199.5,-5.4,4,8,True,True,False,True,True,True,True,True,True,True,True
ICHR,Ichor Holdings - Ordinary Shares,62.92,95.1,2340140228.0,50495453,347.5,-44.6,5,5,False,False,False,False,True,True,False,True,True,False,True
NTRA,"Natera, Inc. - Common Stock",410.35,95.1,58878569120.0,495026543,160.7,-4.0,5,8,True,False,False,True,True,True,True,True,True,True,True
CVI,CVR Energy Inc. Common Stock,54.83,95.1,5464843362.0,46807947,179.5,-2.5,1,8,True,True,False,True,True,True,True,True,True,True,True
PSNL,"Personalis, Inc. - Common Stock",16.28,95.0,1726953930.0,44947502,228.6,-13.8,5,8,True,False,False,True,True,True,True,True,True,True,True
VSXY,Victorias Secret & Co. Common Stock ,91.73,95.0,7059915092.0,149752972,227.1,-10.5,5,8,True,False,False,True,True,True,True,True,True,True,True
CAKE,The Cheesecake Factory Incorporated - Common Stock,109.65,94.9,5371660440.0,176702047,154.6,-7.4,4,8,True,False,False,True,True,True,True,True,True,True,True
FSLY,"Fastly, Inc. - Class A Common Stock",25.81,94.9,4203927000.0,171172158,233.7,-25.9,5,7,False,False,False,True,True,True,True,True,True,False,True
IRDM,Iridium Communications Inc - Common Stock,48.96,94.8,5072323534.0,51793500,212.8,-14.4,5,8,True,False,False,True,True,True,True,True,True,True,True
NTAP,"NetApp, Inc. - Common Stock",226.27,94.8,42239907025.0,488727149,141.5,-2.4,5,8,True,True,False,True,True,True,True,True,True,True,True
HZO,"MarineMax, Inc.  (FL) Common Stock",52.35,94.8,1155799418.0,41436359,144.4,-0.4,5,8,True,False,False,True,True,True,True,True,True,True,True
TRMD,TORM plc - Class A Common Stock,40.0,94.7,3982850148.0,41694658,107.3,0.0,5,8,True,True,False,True,True,True,True,True,True,True,True
XNCR,"Xencor, Inc. - Common Stock",24.84,94.7,1841733644.0,32732706,139.4,-18.9,5,8,True,False,False,True,True,True,True,True,True,True,True
DMRA,"Damora Therapeutics, Inc. - Ordinary Shares",20.65,94.6,1248909549.0,13936676,490.0,-46.1,5,3,False,False,False,False,False,True,False,False,True,False,True
MBX,"MBX Biosciences, Inc. - Common Stock",58.51,94.6,2723453429.0,30526531,352.2,-19.5,5,7,False,False,False,True,True,True,True,False,True,True,True
PANW,"Palo Alto Networks, Inc. - Common Stock",403.24,94.5,324132500000.0,2238763429,188.9,-1.5,5,8,True,True,False,True,True,True,True,True,True,True,True
PARR,"Par Pacific Holdings, Inc.  Common Stock",84.0,94.5,4319088844.0,79333291,152.9,-4.2,5,8,True,False,False,True,True,True,True,True,True,True,True
VSH,"Vishay Intertechnology, Inc. Common Stock",38.18,94.5,5256304053.0,136663346,224.4,-45.0,5,6,False,False,False,True,True,True,False,True,True,False,True
FTNT,"Fortinet, Inc. - Common Stock",180.95,94.4,131129304064.0,761617533,146.0,-1.2,5,8,True,True,False,True,True,True,True,True,True,True,True
HNGE,"Hinge Health, Inc. Class A Common Stock",97.67,94.4,7903211201.0,159484727,224.7,-2.1,5,8,True,True,False,True,True,True,True,True,True,True,True
FTH,"Faeth Therapeutics, Inc.  - Common Stock",28.35,94.3,730508815.0,11451044,280.5,-32.7,5,6,False,False,False,True,True,True,True,False,True,False,True
DHT,"DHT Holdings, Inc.",23.68,94.3,3794140968.0,73931494,118.7,-0.2,5,8,True,True,False,True,True,True,True,True,True,True,True
VSTS,Vestis Corporation Common Stock,14.03,94.3,1821166247.0,19599920,211.8,-17.0,5,8,True,False,False,True,True,True,True,True,True,True,True
SITM,SiTime Corporation - Common Stock,709.44,94.2,20414324209.0,281849856,191.1,-21.3,5,8,True,False,False,True,True,True,True,True,True,True,True
AMBQ,"Ambiq Micro, Inc. Common Stock",68.18,94.2,1672360664.0,33808753,208.2,-25.6,4,7,False,False,False,True,True,True,True,True,True,False,True
AVT,"Avnet, Inc. - Common Stock",106.94,94.1,8391141373.0,122311422,141.7,-1.6,5,8,True,True,False,True,True,True,True,True,True,True,True
HTFL,"Heartflow, Inc. - Common Stock",49.32,94.1,4252901897.0,85184131,145.0,-5.6,2,8,True,False,False,True,True,True,True,True,True,True,True
FCEL,"FuelCell Energy, Inc. - Common Stock",18.47,94.0,1324841028.0,138024752,223.5,-51.2,5,6,False,False,False,True,True,True,True,False,True,False,True
NSIT,"Insight Enterprises, Inc. - Common Stock",160.66,94.0,4734849971.0,56825050,152.5,-4.7,3,8,True,False,False,True,True,True,True,True,True,True,True
TSEM,Tower Semiconductor Ltd. - Ordinary Shares,240.86,94.0,27274380300.0,423680102,239.7,-24.7,5,8,True,False,False,True,True,True,True,True,True,True,True
FLXS,"Flexsteel Industries, Inc. - Common Stock",88.82,93.9,353771927.0,6797985,161.2,-2.0,5,8,True,False,False,True,True,True,True,True,True,True,True
CMBT,CMB.TECH NV Ordinary Shares,19.85,93.9,6196321658.0,18563682,123.7,-4.7,5,8,True,False,False,True,True,True,True,True,True,True,True
BWLP,BW LPG Limited Common Shares,25.64,93.8,4104697140.0,9230600,118.8,-3.1,5,8,True,False,False,True,True,True,True,True,True,True,True
HAFN,Hafnia Limited Common Shares,10.25,93.8,5033411750.0,17973604,98.3,-0.3,5,8,True,True,False,True,True,True,True,True,True,True,True
PSX,Phillips 66 Common Stock,264.58,93.8,105433296635.0,716197389,108.8,-4.5,5,8,True,False,False,True,True,True,True,True,True,True,True
GH,"Guardant Health, Inc. - Common Stock",177.8,93.7,23450780708.0,331024650,194.1,-3.1,5,8,True,False,False,True,True,True,True,True,True,True,True
TEN,Tsakos Energy Navigation Ltd Common Shares,50.05,93.7,1475649995.0,16102931,144.1,-7.0,5,8,True,False,False,True,True,True,True,True,True,True,True
FEIM,"Frequency Electronics, Inc. - Common Stock",86.03,93.6,969164483.0,25724782,230.2,-4.2,5,8,True,False,False,True,True,True,True,True,True,True,True
HSHP,Himalaya Shipping Ltd. Common Shares,18.17,93.6,843837500.0,7138065,146.5,-7.1,5,8,True,False,False,True,True,True,True,True,True,True,True
ALAB,"Astera Labs, Inc. - Common Stock",350.33,93.5,61833560768.0,1293861460,257.9,-29.9,5,7,False,False,False,True,True,True,True,True,True,False,True
AYA,Aya Gold & Silver Inc. - Common Shares,27.12,93.5,3876013281.0,29887130,193.2,-11.6,5,8,True,False,False,True,True,True,True,True,True,True,True
ELVN,"Enliven Therapeutics, Inc.  - Common Stock",46.97,93.5,3385841866.0,64562536,217.7,-24.6,5,7,False,False,False,True,True,True,True,False,True,True,True
CHEF,"The Chefs' Warehouse, Inc. - Common Stock",116.42,93.4,4592007102.0,75942015,118.8,-1.8,5,8,True,True,False,True,True,True,True,True,True,True,True
URGN,UroGen Pharma Ltd. - Ordinary Shares,41.4,93.4,1982106870.0,36720410,161.0,-18.5,5,7,False,False,False,True,True,True,True,False,True,True,True
NEO,"NeoGenomics, Inc. - Common Stock",18.47,93.3,2284293323.0,37649923,161.2,-7.9,5,8,True,False,False,True,True,True,True,True,True,True,True
WDC,Western Digital Corporation - Common Stock,415.29,93.3,166771819057.0,3543131803,269.1,-48.1,5,5,False,False,False,False,True,True,True,False,True,False,True
FTK,"Flotek Industries, Inc. Common Stock",30.94,93.2,1079006580.0,17174165,134.6,-22.0,5,8,True,False,False,True,True,True,True,True,True,True,True
OSCR,"Oscar Health, Inc. Class A Common Stock",30.94,93.2,9228485500.0,167200301,189.4,-10.3,5,8,True,False,False,True,True,True,True,True,True,True,True
TNK,Teekay Tankers Ltd.,103.1,93.2,3499376097.0,42546755,118.5,-0.8,5,8,True,True,False,True,True,True,True,True,True,True,True
DDOG,"Datadog, Inc. - Class A Common Stock",277.22,93.1,99269881135.0,1041135841,182.8,-5.3,5,8,True,False,False,True,True,True,True,True,True,True,True
FIVN,"Five9, Inc. - Common Stock",34.36,93.1,2671366233.0,86679183,158.5,-14.1,3,8,True,False,False,True,True,True,True,True,True,True,True
ATRC,"AtriCure, Inc. - Common Stock",55.14,93.0,2725924695.0,59504020,117.4,-10.6,2,6,False,False,False,True,False,True,False,True,True,True,True
ARW,"Arrow Electronics, Inc. Common Stock",242.01,93.0,11791223129.0,124166965,137.8,-2.1,5,8,True,True,False,True,True,True,True,True,True,True,True
ZETA,Zeta Global Holdings Corp. Class A Common Stock,32.63,93.0,8132840802.0,215807373,127.1,-0.5,5,8,True,False,False,True,True,True,True,True,True,True,True
REPL,"Replimune Group, Inc. - Common Stock",13.07,92.9,1267254077.0,52667910,771.3,-20.0,4,7,False,False,False,True,True,True,True,False,True,True,True
VREX,Varex Imaging Corporation - Common Stock,18.46,92.9,778429000.0,17234422,103.1,-0.9,2,6,False,False,False,True,False,True,False,True,True,True,True
ADPT,Adaptive Biotechnologies Corporation - Common Stock,28.35,92.8,4368138196.0,60316484,136.3,-5.4,5,8,True,False,False,True,True,True,True,True,True,True,True
XMTR,"Xometry, Inc. - Class A Common Stock",102.53,92.8,5974836014.0,65573375,185.9,-5.0,5,8,True,False,False,True,True,True,True,True,True,True,True
MRX,Marex Group Limited - Ordinary Shares,72.75,92.7,5260466114.0,51365553,160.7,-8.0,5,8,True,False,False,True,True,True,True,True,True,True,True
AMN,AMN Healthcare Services Inc,36.63,92.7,1388857477.0,22744215,144.7,-1.6,5,8,True,False,False,True,True,True,True,True,True,True,True
PRLB,"Proto Labs, Inc. Common stock",98.21,92.7,2257509420.0,18046186,117.8,-1.2,5,8,True,True,False,True,True,True,True,True,True,True,True
TH,Target Hospitality Corp. - Common Stock,18.84,92.6,2040287703.0,34908966,215.6,-13.4,5,8,True,False,False,True,True,True,True,True,True,True,True
TNGX,"Tango Therapeutics, Inc. - Common Stock",23.24,92.6,4122523473.0,65977044,247.4,-32.4,5,5,False,False,False,False,True,True,True,False,True,False,True
AAMI,Acadian Asset Management Inc. Common Stock,94.17,92.5,3338201440.0,39122283,127.1,-4.4,5,8,True,False,False,True,True,True,True,True,True,True,True
ONTO,Onto Innovation Inc. Common Stock,327.77,92.5,15452498895.0,282296020,175.5,-15.2,5,8,True,False,False,True,True,True,True,True,True,True,True
WT,"WisdomTree, Inc. Common Stock",24.38,92.5,3640836027.0,61380059,128.1,-5.9,5,8,True,False,False,True,True,True,True,True,True,True,True
AMPL,"Amplitude, Inc. - Class A Common Stock",14.52,92.4,1786299744.0,23292938,163.5,-1.6,2,6,False,False,False,True,False,True,False,True,True,True,True
SHIP,Seanergy Maritime Holdings Corp. - Common Stock,17.82,92.4,375509871.0,6786204,132.6,-7.3,5,8,True,False,False,True,True,True,True,True,True,True,True
COHR,Coherent Corp. Common Stock,337.04,92.3,62507694601.0,2087458280,211.5,-23.4,5,7,False,False,False,True,True,True,False,True,True,True,True
HAE,Haemonetics Corporation Common Stock,104.68,92.3,4748527213.0,69657432,119.2,-5.2,4,8,True,False,False,True,True,True,True,True,True,True,True
LRCX,Lam Research Corporation - Common Stock,347.49,92.2,425609425516.0,2858918606,165.2,-20.8,5,8,True,False,False,True,True,True,True,True,True,True,True
MAN,ManpowerGroup Common Stock,54.16,92.2,2617333480.0,53508600,115.3,-15.2,3,7,False,False,False,True,True,True,True,False,True,True,True
UTZ,Utz Brands Inc Class A Common Stock ,14.27,92.2,2052901157.0,30817514,110.5,-0.4,2,6,False,False,False,True,False,True,False,True,True,True,True
VCTR,"Victory Capital Holdings, Inc. - Common Stock",113.23,92.1,6873079575.0,72553248,98.5,-8.4,5,8,True,False,False,True,True,True,True,True,True,True,True
RBRK,"Rubrik, Inc. Class A Common Stock",118.58,92.1,23922931568.0,323510140,180.7,-0.2,2,8,True,True,False,True,True,True,True,True,True,True,True
AMAT,"Applied Materials, Inc. - Common Stock",540.04,92.0,420051126580.0,3430783815,165.5,-27.0,5,7,False,False,False,True,True,True,True,True,True,False,True
HUT,Hut 8 Corp. - Common Stock,89.63,92.0,10644687656.0,433611493,183.0,-36.3,5,6,False,False,False,True,True,True,True,False,True,False,True
ARCT,Arcturus Therapeutics Holdings Inc. - Common Stock,13.03,91.9,375468741.0,13130039,136.9,-46.1,1,7,False,False,False,True,True,True,True,True,True,False,True
KLIC,"Kulicke and Soffa Industries, Inc. - Common Stock",100.77,91.9,5025164913.0,75849166,187.7,-25.8,5,6,False,False,False,True,True,True,False,True,True,False,True
BHE,"Benchmark Electronics, Inc. Common Stock",87.39,91.9,3039544730.0,29430721,143.4,-13.0,5,8,True,False,False,True,True,True,True,True,True,True,True
CYRX,"CryoPort, Inc. - Common Stock",17.43,91.8,879268376.0,9453917,129.0,-3.5,5,8,True,True,False,True,True,True,True,True,True,True,True
MATX,"Matson, Inc. Common Stock",231.11,91.8,6743229779.0,62614174,165.7,-4.1,5,8,True,False,False,True,True,True,True,True,True,True,True
LFST,"LifeStance Health Group, Inc. - Common Stock",11.83,91.7,4551455891.0,57136605,148.0,-12.8,5,7,False,False,False,True,True,True,True,False,True,True,True
UCTT,"Ultra Clean Holdings, Inc. - Common Stock",72.69,91.7,3560585561.0,85482460,238.3,-49.6,5,4,False,False,False,False,True,True,False,False,True,False,True
SNOW,Snowflake Inc. Common Stock,341.04,91.7,120654072000.0,1627238068,188.3,-11.3,4,8,True,False,False,True,True,True,True,True,True,True,True
KEYS,Keysight Technologies Inc. Common Stock,384.64,91.6,63651105261.0,408251640,142.2,-0.8,5,8,True,True,False,True,True,True,True,True,True,True,True
NET,"Cloudflare, Inc. Class A Common Stock",349.07,91.6,124983979965.0,1069149952,119.8,-5.0,5,8,True,False,False,True,True,True,True,True,True,True,True
CVE,Cenovus Energy Inc Common Stock,32.4,91.5,59343750000.0,221478303,107.3,-5.2,5,8,True,False,False,True,True,True,True,True,True,True,True
TK,Teekay Corporation Ltd. Common Stock,14.84,91.5,1266966567.0,7320074,90.3,-0.6,5,8,True,False,False,True,True,True,True,True,True,True,True
MRAM,"Everspin Technologies, Inc. - Common Stock",18.83,91.4,454127668.0,18105773,156.2,-63.4,5,6,False,False,False,True,True,True,False,True,True,False,True
PLPC,Preformed Line Products Company - Common Stock,419.45,91.4,1989847968.0,37203911,127.9,-16.9,5,8,True,False,False,True,True,True,True,True,True,True,True
DAC,Danaos Corporation Common Stock,165.15,91.4,2944230047.0,19176126,97.6,-0.1,5,8,True,True,False,True,True,True,True,True,True,True,True
NUTX,Nutex Health Inc. - Common Stock,216.5,91.3,1453893148.0,30228988,157.8,-3.5,5,8,True,False,False,True,True,True,True,True,True,True,True
PTEN,"Patterson-UTI Energy, Inc. - Common Stock",11.21,91.3,4309649076.0,94379782,113.9,-16.3,5,7,False,False,False,True,True,True,True,False,True,True,True
ACMR,"ACM Research, Inc. - Class A Common Stock",83.38,91.2,5821279802.0,79713204,193.0,-34.4,5,7,False,False,False,True,True,True,True,True,True,False,True
KNSA,"Kiniksa Pharmaceuticals International, plc - Class A Ordinary Shares",75.79,91.2,5868966258.0,46753873,115.3,-8.6,5,7,False,False,False,True,True,True,True,False,True,True,True
CBRL,"Cracker Barrel Old Country Store, Inc. - Common Stock",55.76,91.1,1156067680.0,49941442,124.4,-7.5,3,8,True,False,False,True,True,True,True,True,True,True,True
DIOD,Diodes Incorporated - Common Stock,103.84,91.1,4489580720.0,55730528,145.6,-17.6,5,8,True,False,False,True,True,True,True,True,True,True,True
S,"SentinelOne, Inc. Class A Common Stock",25.06,91.1,8586371716.0,176549912,112.2,-2.7,3,8,True,True,False,True,True,True,True,True,True,True,True
MTSI,"MACOM Technology Solutions Holdings, Inc. - Common Stock",321.6,91.0,23035763918.0,377822312,163.7,-23.2,5,7,False,False,False,True,True,True,False,True,True,True,True
OUST,"Ouster, Inc. - Common Stock",44.39,91.0,2947231050.0,101732989,170.7,-30.4,5,7,False,False,False,True,True,True,True,True,True,False,True
CADL,"Candel Therapeutics, Inc. - Common Stock",10.18,90.9,777428620.0,13941417,134.0,-27.3,5,6,False,False,False,True,True,True,True,False,True,False,True
CMPS,COMPASS Pathways Plc - American Depository Shares,11.9,90.9,1654798023.0,37336803,143.9,-25.0,5,6,False,False,False,True,True,True,True,False,True,False,True
GCT,GigaCloud Technology Inc - Class A Ordinary Shares,53.75,90.9,1899427506.0,32524553,111.7,-4.5,5,8,True,False,False,True,True,True,True,True,True,True,True
GTLB,GitLab Inc. - Class A Common Stock,49.78,90.8,8321670000.0,214976865,165.8,-10.4,1,6,False,False,False,True,False,True,False,True,True,True,True
NEOG,Neogen Corporation - Common Stock,12.15,90.8,2669617501.0,37445630,126.3,-14.8,5,8,True,False,False,True,True,True,True,True,True,True,True
LBRX,LB Pharmaceuticals Inc - Common Stock,36.99,90.7,1202622044.0,15164200,158.4,-26.3,3,6,False,False,False,True,True,True,True,False,True,False,True
ASC,Ardmore Shipping Corporation Common Stock,19.3,90.7,785450320.0,10940285,87.2,-3.6,5,8,True,False,False,True,True,True,True,True,True,True,True
EWTX,"Edgewise Therapeutics, Inc. - Common Stock",41.4,90.6,4396295142.0,61327781,190.5,-14.7,5,7,False,False,False,True,True,True,True,False,True,True,True
NVEC,NVE Corporation - Common Stock,111.42,90.6,535957993.0,16027884,94.8,-17.5,5,8,True,False,False,True,True,True,True,True,True,True,True
SN,"SharkNinja, Inc. Ordinary Shares",182.57,90.6,25325887619.0,319861404,119.6,-6.2,4,8,True,False,False,True,True,True,True,True,True,True,True
SLN,Silence Therapeutics Plc - American Depository Share,10.64,90.5,501228000.0,17122746,153.9,-39.5,5,6,False,False,False,True,True,True,True,False,True,False,True
TBBB,BBB Foods Inc. Class A Common Shares,52.65,90.5,6152143178.0,34136844,121.1,-2.5,5,8,True,False,False,True,True,True,True,True,True,True,True
ECPG,Encore Capital Group Inc - Common Stock,95.92,90.4,2000043214.0,35213071,140.1,-8.6,5,7,False,False,False,True,True,True,True,False,True,True,True
MLAB,"Mesa Laboratories, Inc. - Common Stock",132.55,90.4,723545862.0,16764524,99.1,-4.4,5,8,True,False,False,True,True,True,True,True,True,True,True
TVTX,"Travere Therapeutics, Inc. - Common Stock",56.93,90.4,5358742512.0,98590766,152.0,-17.2,5,7,False,False,False,True,True,True,True,False,True,True,True
FTRE,Fortrea Holdings Inc. - Common Stock,20.0,90.3,1844940000.0,28460806,133.9,-6.5,5,6,False,False,False,True,False,True,False,True,True,True,True
PDFS,"PDF Solutions, Inc. - Common Stock",55.5,90.3,2254511062.0,27973387,135.7,-22.6,5,8,True,False,False,True,True,True,True,True,True,True,True
INBX,"Inhibrx Biosciences, Inc. - Common Stock",96.99,90.2,1441300444.0,31178932,244.4,-37.5,5,6,False,False,False,True,True,True,True,False,True,False,True
RVTY,"Revvity, Inc. Common Stock",151.53,90.2,16633068933.0,246083681,86.6,-4.3,5,8,True,False,False,True,True,True,True,True,True,True,True
AMRX,"Amneal Pharmaceuticals, Inc. - Class A Common Stock",20.3,90.1,6990301061.0,41156414,112.3,-4.1,5,8,True,False,False,True,True,True,True,True,True,True,True
VSAT,"ViaSat, Inc. - Common Stock",72.0,90.1,9691121234.0,137291074,147.2,-22.6,5,7,False,False,False,True,True,True,True,False,True,True,True
PD,"PagerDuty, Inc. Common Stock",15.34,90.1,1225365021.0,20094964,169.1,-8.5,1,6,False,False,False,True,False,True,False,True,True,True,True
AVAH,Aveanna Healthcare Holdings Inc. - Common Stock,12.59,90.0,2712470821.0,40338774,112.3,-14.4,3,8,True,False,False,True,True,True,True,True,True,True,True
BLFS,"BioLife Solutions, Inc. - Common Stock",37.3,90.0,1798788573.0,32510415,108.8,-6.2,5,8,True,False,False,True,True,True,True,True,True,True,True
PRCH,"Porch Group, Inc. - Common Stock",17.31,89.9,2208186737.0,25243962,172.2,-5.8,2,8,True,False,False,True,True,True,True,True,True,True,True
ACVA,ACV Auctions Inc. Class A Common Stock,10.45,89.9,1774493391.0,82351352,157.1,-0.5,1,6,False,False,False,True,False,True,False,True,True,True,True
QLYS,"Qualys, Inc. - Common Stock",193.0,89.8,6484141037.0,125821002,159.0,-4.2,3,8,True,False,False,True,True,True,True,True,True,True,True
PBR,Petroleo Brasileiro S.A. Petrobras ADS,21.65,89.8,135202806673.0,386440804,89.4,-2.7,5,8,True,False,False,True,True,True,True,True,True,True,True
STM,STMicroelectronics N.V. Common Stock,57.26,89.8,47751168575.0,462775033,171.2,-29.7,5,6,False,False,False,True,True,True,False,True,True,False,True
TITN,Titan Machinery Inc. - Common Stock,25.42,89.7,550199132.0,5304056,92.4,-5.5,5,8,True,False,False,True,True,True,True,True,True,True,True
MCS,Marcus Corporation (The) Common Stock,27.06,89.7,835859830.0,8290571,110.6,-16.5,5,7,False,False,False,True,True,True,True,False,True,True,True
HALO,"Halozyme Therapeutics, Inc. - Common Stock",109.86,89.6,12137476120.0,240684313,79.4,-6.0,3,8,True,False,False,True,True,True,True,True,True,True,True
VECO,Veeco Instruments Inc. - Common Stock,57.38,89.6,3251485552.0,35065182,120.7,-33.8,5,6,False,False,False,True,True,True,False,True,True,False,True
VPG,"Vishay Precision Group, Inc. Common Stock",79.07,89.6,1000231089.0,36992619,171.9,-47.9,5,5,False,False,False,False,True,True,False,True,True,False,True
CON,"Concentra Group Holdings Parent, Inc. Common Stock",35.65,89.5,4459295228.0,31808214,92.2,-2.9,5,8,True,False,False,True,True,True,True,True,True,True,True
KFRC,"Kforce, Inc. Common Stock",52.86,89.5,967981450.0,14642258,115.8,-14.3,5,7,False,False,False,True,True,True,True,False,True,True,True
ENTG,"Entegris, Inc. - Common Stock",166.47,89.4,24215744000.0,322785204,144.9,-11.0,5,8,True,False,False,True,True,True,True,True,True,True,True
ROG,Rogers Corporation Common Stock,160.0,89.4,2783886593.0,32281621,112.9,-5.3,5,8,True,False,False,True,True,True,True,True,True,True,True
ZBRA,Zebra Technologies Corporation - Class A Common Stock,375.86,89.3,17762787297.0,238712602,88.8,-2.7,2,8,True,False,False,True,True,True,True,True,True,True,True
PAYC,"Paycom Software, Inc. Common Stock",220.99,89.3,10252441174.0,175469333,110.7,-9.8,2,8,True,False,False,True,True,True,True,True,True,True,True
SFL,SFL Corporation Ltd,13.45,89.3,1792742728.0,17406538,99.9,-3.8,5,8,True,False,False,True,True,True,True,True,True,True,True
RDVT,"Red Violet, Inc. - Common Stock ",79.27,89.2,1287769744.0,17919024,137.3,-3.1,5,8,True,False,False,True,True,True,True,True,True,True,True
MG,Mistras Group Inc Common Stock,20.65,89.2,657063293.0,6590711,120.4,-5.1,5,8,True,False,False,True,True,True,True,True,True,True,True
BJRI,"BJ's Restaurants, Inc. - Common Stock",61.93,89.1,1260470576.0,30196551,117.6,-17.0,5,7,False,False,False,True,True,True,True,False,True,True,True
SMCI,"Super Micro Computer, Inc. - Common Stock",43.69,89.1,27539988897.0,1631636478,124.3,-25.7,1,7,False,False,False,True,True,True,True,True,True,False,True
BVS,Bioventus Inc. - Class A Common Stock,13.13,89.0,1131035786.0,8881104,106.1,-17.4,5,7,False,False,False,True,True,True,True,False,True,True,True
SMTI,Sanara MedTech Inc. - Common Stock,34.85,89.0,320478661.0,11280663,117.1,-1.4,2,8,True,False,False,True,True,True,True,True,True,True,True
SNX,TD SYNNEX Corporation Common Stock,278.37,89.0,21729590444.0,216428484,95.7,-6.8,5,8,True,False,False,True,True,True,True,True,True,True,True
DGII,Digi International Inc. - Common Stock,75.61,88.9,2785012747.0,27558856,119.7,-12.9,5,8,True,False,False,True,True,True,True,True,True,True,True
PACS,"PACS Group, Inc. Common Stock",42.85,88.9,6496510160.0,35277055,315.6,-13.4,5,7,False,False,False,True,True,True,True,False,True,True,True
APA,APA Corporation - Common Stock,43.68,88.8,15184234443.0,240958313,101.9,-7.9,5,8,True,False,False,True,True,True,True,True,True,True,True
EQNR,Equinor ASA,42.56,88.8,105436429335.0,137294968,91.2,-7.2,5,8,True,False,False,True,True,True,True,True,True,True,True
ERO,Ero Copper Corp. Common Shares,37.91,88.8,3727937356.0,50278641,98.5,-7.2,5,6,False,False,False,True,False,True,False,True,True,True,True
FROG,JFrog Ltd. - Ordinary shares,95.5,88.7,12032974940.0,180408039,180.5,-9.7,5,8,True,False,False,True,True,True,True,True,True,True,True
ESTC,Elastic N.V. Ordinary Shares,93.94,88.7,9691745057.0,206130703,123.4,-13.0,1,6,False,False,False,True,False,True,False,True,True,True,True
MSBI,"Midland States Bancorp, Inc. - Common Stock",33.14,88.6,679424147.0,5826629,132.7,-5.6,5,8,True,False,False,True,True,True,True,True,True,True,True
OGN,Organon & Co. Common Stock ,13.72,88.6,3600375326.0,37046352,141.1,-0.5,5,8,True,False,False,True,True,True,True,True,True,True,True
AVTR,"Avantor, Inc. Common Stock",15.34,88.5,10165673365.0,132803617,111.1,-4.4,2,6,False,False,False,True,False,True,False,True,True,True,True
CODI,D/B/A Compass Diversified Holdings Shares of Beneficial Interest,10.93,88.5,828347986.0,7307358,138.6,-17.5,5,7,False,False,False,True,True,True,True,False,True,True,True
IDT,IDT Corporation Class B Common Stock,78.98,88.5,1986598106.0,17514519,72.7,-3.4,3,8,True,False,False,True,True,True,True,True,True,True,True
AUGO,Aura Minerals Inc. - Common Shares,81.95,88.4,6606780234.0,77615220,181.5,-25.7,4,7,False,False,False,True,True,True,True,True,True,False,True
SANM,Sanmina Corporation - Common Stock,229.04,88.4,11896469138.0,139894095,101.4,-20.7,5,8,True,False,False,True,True,True,True,True,True,True,True
FLEX,Flex Ltd. - Ordinary Shares,116.61,88.3,41661267859.0,419212896,119.7,-30.1,5,7,False,False,False,True,True,True,True,True,True,False,True
CRL,"Charles River Laboratories International, Inc. Common Stock",290.19,88.3,13692940656.0,258523985,98.5,-4.3,5,8,True,False,False,True,True,True,True,True,True,True,True
WTTR,"Select Water Solutions, Inc. Class A common stock",19.95,88.3,2773771085.0,34644138,114.9,-11.5,5,8,True,False,False,True,True,True,True,True,True,True,True
DNTH,"Dianthus Therapeutics, Inc. - Common Stock",88.21,88.2,4940124265.0,80154283,173.8,-25.2,5,5,False,False,False,False,True,True,True,False,True,False,True
HPQ,HP Inc. Common Stock,32.12,88.2,28992579653.0,481937994,82.9,-11.3,2,8,True,False,False,True,True,True,True,True,True,True,True
KELYA,"Kelly Services, Inc. - Class A Common Stock",15.72,88.1,570645823.0,5039534,97.0,-11.4,3,7,False,False,False,True,True,True,True,False,True,True,True
ATI,ATI Inc. Common Stock,192.42,88.1,26027607007.0,352956789,142.7,-21.0,5,7,False,False,False,True,True,True,True,False,True,True,True
FRNM,"Freenome, Inc. - Common stock",16.32,88.0,1680468171.0,12597756,64.0,-6.7,5,6,False,False,False,True,False,True,False,True,True,True,True
HUM,Humana Inc. Common Stock,388.36,88.0,45592091341.0,453731299,138.1,-9.4,5,8,True,False,False,True,True,True,True,True,True,True,True
ZIM,ZIM Integrated Shipping Services Ltd. Ordinary Shares,29.63,88.0,3583860763.0,48959470,140.3,-4.3,5,8,True,False,False,True,True,True,True,True,True,True,True
VIR,"Vir Biotechnology, Inc. - Common Stock",11.17,87.9,1910448166.0,19503743,132.0,-6.4,5,8,True,False,False,True,True,True,True,True,True,True,True
KN,Knowles Corporation Common Stock,40.05,87.9,3265236763.0,29672628,94.7,-6.7,5,8,True,False,False,True,True,True,True,True,True,True,True
PTGX,"Protagonist Therapeutics, Inc. - Common Stock",140.06,87.8,9006746189.0,84600879,125.0,-12.9,5,7,False,False,False,True,True,True,True,False,True,True,True
TGT,Target Corporation Common Stock,156.0,87.8,71188298531.0,629417765,87.0,-8.6,5,8,True,False,False,True,True,True,True,True,True,True,True
TTMI,"TTM Technologies, Inc. - Common Stock",131.87,87.7,13326631296.0,311670519,147.1,-41.1,5,5,False,False,False,False,True,True,False,True,True,False,True
ATKR,Atkore Inc. Common Stock,94.62,87.7,3200624564.0,96762874,76.0,-0.3,5,8,True,True,False,True,True,True,True,True,True,True,True
WOLF,"Wolfspeed, Inc. Common Stock New",35.28,87.7,1649845836.0,98987760,161.6,-56.3,2,6,False,False,False,True,True,True,False,True,True,False,True
EFXT,Enerflex Ltd Common Shares,24.59,87.6,3106297344.0,15449819,132.6,-15.6,5,7,False,False,False,True,True,True,False,True,True,True,True
VAC,Marriott Vacations Worldwide Corporation Common Stock,104.2,87.6,3546845398.0,52987866,133.7,-20.7,4,7,False,False,False,True,True,True,True,False,True,True,True
SBLK,Star Bulk Carriers Corp. - Common Shares,30.75,87.5,3393862465.0,51541106,83.9,-6.5,5,8,True,False,False,True,True,True,True,True,True,True,True
GEO,Geo Group Inc (The) REIT,31.36,87.5,4052566991.0,67183491,150.7,-5.4,4,8,True,False,False,True,True,True,True,True,True,True,True
SM,SM Energy Company Common Stock,35.24,87.5,8339163624.0,133969516,101.9,-15.2,5,8,True,False,False,True,True,True,True,True,True,True,True
CXW,"CoreCivic, Inc. Common Stock",33.43,87.4,3213049458.0,59119160,112.4,-8.5,5,8,True,False,False,True,True,True,True,True,True,True,True
MYE,"Myers Industries, Inc. Common Stock",31.63,87.4,1177069410.0,12288799,103.5,-15.5,5,7,False,False,False,True,True,True,True,False,True,True,True
CNXN,"PC Connection, Inc. - Common Stock",92.38,87.3,2336290824.0,12351351,68.1,-1.6,5,8,True,True,False,True,True,True,True,True,True,True,True
CGAU,Centerra Gold Inc. Common Shares,21.43,87.3,4301760314.0,31840437,104.9,-12.6,5,7,False,False,False,True,True,True,True,False,True,True,True
MGNI,"Magnite, Inc. - Common Stock",24.73,87.2,3648710554.0,59448809,128.6,-7.9,2,8,True,False,False,True,True,True,True,True,True,True,True
MOVE,"Corvex, Inc. - Common Stock",11.65,87.2,360958026.0,5430164,238.8,-56.4,5,5,False,False,False,False,True,True,False,True,True,False,True
ROIV,Roivant Sciences Ltd. - Common Shares,35.72,87.2,25642467033.0,283313919,134.2,-16.0,5,7,False,False,False,True,True,True,True,False,True,True,True
CRGY,Crescent Energy Company Class A Common Stock,13.39,87.1,4384457046.0,77723855,74.3,-13.4,5,8,True,False,False,True,True,True,True,True,True,True,True
WCC,"WESCO International, Inc. Common Stock",381.73,87.1,18093534033.0,193805120,84.1,-0.9,5,8,True,False,False,True,True,True,True,True,True,True,True
ANF,Abercrombie & Fitch Company Common Stock,135.91,87.0,5786351648.0,218284383,107.7,-12.4,3,6,False,False,False,True,False,True,False,True,True,True,True
IMAX,Imax Corporation Common Stock,52.72,87.0,2880307827.0,61061985,71.5,-8.7,5,8,True,False,False,True,True,True,True,True,True,True,True
REPX,"Riley Exploration Permian, Inc. Common Stock",42.19,87.0,909634412.0,11140131,75.2,-6.9,5,8,True,False,False,True,True,True,True,True,True,True,True
CBZ,"CBIZ, Inc. Common Stock",54.69,86.9,2968776820.0,80791564,125.2,-3.9,2,6,False,False,False,True,False,True,False,True,True,True,True
OII,"Oceaneering International, Inc. Common Stock",44.32,86.9,4415135052.0,48051154,101.3,-18.3,5,7,False,False,False,True,True,True,True,False,True,True,True
AZTA,"Azenta, Inc. - Common Stock",38.75,86.8,1510513391.0,28029424,143.3,-7.7,0,5,False,True,False,True,False,False,False,True,True,True,True
CLBK,"Columbia Financial, Inc. - Common Stock",11.41,86.8,3008123707.0,54481275,83.8,-4.9,5,8,True,False,False,True,True,True,True,True,True,True,True
ASML,ASML Holding N.V. - New York Registry Shares,1867.3101,86.7,697023992976.0,2373621610,99.6,-6.6,5,8,True,False,False,True,True,True,True,True,True,True,True
SAFT,"Safety Insurance Group, Inc. - Common Stock",103.92,86.7,1523980836.0,24401267,55.0,-0.1,5,8,True,True,False,True,True,True,True,True,True,True,True
IBTA,"Ibotta, Inc. Class A Common Stock",41.61,86.7,924930991.0,9098725,117.9,-4.2,4,8,True,False,False,True,True,True,True,True,True,True,True
LFUS,"Littelfuse, Inc. - Common Stock",456.53,86.6,11062424256.0,106913711,95.6,-8.8,5,8,True,False,False,True,True,True,True,True,True,True,True
SEPN,"Septerna, Inc. - Common Stock",37.71,86.6,1776057833.0,15336830,114.9,-26.2,5,6,False,False,False,True,True,True,True,False,True,False,True
DXPE,"DXP Enterprises, Inc. - Common Stock",193.98,86.5,2828931252.0,25122073,130.8,-6.7,5,8,True,False,False,True,True,True,True,True,True,True,True
SCSC,"ScanSource, Inc. - Common Stock",61.73,86.5,1253285763.0,16190022,82.8,-7.6,5,8,True,False,False,True,True,True,True,True,True,True,True
DAVE,Dave Inc.  - Class A Common Stock,346.57,86.4,4331642622.0,134841023,127.7,-24.4,5,7,False,False,False,True,True,True,True,False,True,True,True
BZH,"Beazer Homes USA, Inc. Common Stock",33.4,86.4,890832612.0,25665437,87.3,-3.3,4,8,True,False,False,True,True,True,True,True,True,True,True
FIX,"Comfort Systems USA, Inc. Common Stock",1728.01,86.4,59312650720.0,644953443,124.3,-16.7,5,7,False,False,False,True,True,True,False,True,True,True,True
ACLS,"Axcelis Technologies, Inc. - Common Stock",147.77,86.3,4221808361.0,45899791,100.8,-23.7,5,7,False,False,False,True,True,True,False,True,True,True,True
GKOS,Glaukos Corporation Common Stock,163.75,86.3,9624409000.0,143267027,123.8,-14.5,5,7,False,False,False,True,True,True,True,False,True,True,True
NRIX,"Nurix Therapeutics, Inc. - Common stock",22.99,86.2,2422264481.0,32438616,159.8,-18.6,5,7,False,False,False,True,True,True,True,False,True,True,True
OOMA,"Ooma, Inc. Common Stock",20.8,86.2,572976000.0,10323808,112.4,-20.6,5,7,False,False,False,True,True,True,True,False,True,True,True
SKM,"SK Telecom Co., Ltd. Common Stock",36.79,86.2,13651612200.0,64724872,87.1,-22.0,5,8,True,False,False,True,True,True,True,True,True,True,True
ARX,Accelerant Holdings Class A Common Shares,19.73,86.1,4285130131.0,78307382,114.9,-0.9,2,8,True,False,False,True,True,True,True,True,True,True,True
OBE,Obsidian Energy Ltd. Common Shares,10.4,86.1,696614951.0,9107554,91.2,-28.7,5,5,False,False,False,False,True,True,True,False,True,False,True
STRZ,Starz Entertainment Corp. - Common Shares,23.25,86.0,391287307.0,6670402,176.8,-28.6,5,6,False,False,False,True,True,True,True,False,True,False,True
NHC,National HealthCare Corporation Common Stock,227.66,86.0,3497972573.0,24324492,95.6,-4.9,5,8,True,False,False,True,True,True,True,True,True,True,True
LSCC,Lattice Semiconductor Corporation - Common Stock,134.0,85.9,18302020850.0,213536291,121.5,-14.7,5,7,False,False,False,True,True,True,False,True,True,True,True
PLXS,Plexus Corp. - Common Stock,273.13,85.9,7203262797.0,66158460,106.9,-11.0,5,8,True,False,False,True,True,True,True,True,True,True,True
ITGR,Integer Holdings Corporation Common Stock,126.45,85.9,4297274708.0,142091704,104.0,-0.3,2,8,True,False,False,True,True,True,True,True,True,True,True
SYNA,Synaptics Incorporated - Common Stock,121.1,85.8,4213349640.0,84181726,107.8,-18.8,5,7,False,False,False,True,True,True,False,True,True,True,True
ANET,"Arista Networks, Inc. Common Stock",207.35,85.8,257907828270.0,1181264205,81.1,-3.5,5,8,True,False,False,True,True,True,True,True,True,True,True
CNC,Centene Corporation Common Stock,62.99,85.7,30128755050.0,304469790,99.1,-9.5,5,7,False,False,False,True,True,True,True,False,True,True,True
SEI,"Solaris Energy Infrastructure, Inc. Class A Common Stock",74.93,85.7,5465309061.0,175576401,94.6,-13.1,5,7,False,False,False,True,True,True,False,True,True,True,True
FDMT,"4D Molecular Therapeutics, Inc. - Common Stock",13.67,85.6,764579880.0,13311392,96.4,-19.3,5,8,True,False,False,True,True,True,True,True,True,True,True
NVT,nVent Electric plc Ordinary Shares ,169.56,85.6,26831190548.0,360859752,81.9,-8.2,5,8,True,False,False,True,True,True,True,True,True,True,True
U,Unity Software Inc. Common Stock,43.61,85.6,19192278368.0,457530108,159.9,-16.4,0,5,False,False,False,True,False,False,False,True,True,True,True
SRZN,"Surrozen, Inc. - Common Stock",29.32,85.5,352606740.0,15446954,157.4,-22.5,5,7,False,False,False,True,True,True,False,True,True,True,True
UMAC,"Unusual Machines, Inc. Common Stock",22.37,85.5,1088052679.0,94627178,208.8,-36.0,5,6,False,False,False,True,True,True,True,False,True,False,True
BRKR,Bruker Corporation - Common Stock,63.24,85.4,9437136033.0,134612632,95.4,-5.6,5,8,True,False,False,True,True,True,True,True,True,True,True
RAL,Ralliant Corporation Common Stock,73.2,85.4,7833312566.0,100335399,96.4,-2.9,5,8,True,False,False,True,True,True,True,True,True,True,True
WNC,Wabash National Corporation Common Stock,14.04,85.4,507585176.0,11687236,111.8,-3.0,3,8,True,False,False,True,True,True,True,True,True,True,True
CIEN,Ciena Corporation Common Stock,391.34,85.3,53765284169.0,878521778,165.6,-38.6,5,5,False,False,False,False,True,True,False,True,True,False,True
SU,Suncor Energy  Inc. Common Stock,69.56,85.3,80821406189.0,291766471,84.2,-3.5,5,8,True,False,False,True,True,True,True,True,True,True,True
NIQ,NIQ Global Intelligence plc Ordinary Shares,16.64,85.2,5085039095.0,24682826,109.8,-15.5,2,6,False,False,False,True,False,True,False,True,True,True,True
PEB,Pebblebrook Hotel Trust Common Shares of Beneficial Interest,19.07,85.2,2122571488.0,39503198,90.9,-4.3,5,8,True,False,False,True,True,True,True,True,True,True,True
ARCB,ArcBest Corporation - Common Stock,132.61,85.1,2896958992.0,41012433,123.1,-24.9,5,7,False,False,False,True,True,True,True,False,True,True,True
DCO,Ducommun Incorporated Common Stock,175.39,85.1,2596256001.0,41694194,106.9,-16.6,5,7,False,False,False,True,True,True,True,False,True,True,True
PR,Permian Resources Corporation Class A Common Stock,22.12,85.1,18367625646.0,216309041,85.6,-10.2,5,8,True,False,False,True,True,True,True,True,True,True,True
IESC,"IES Holdings, Inc. - Common Stock",339.34,85.0,13156450754.0,100886839,99.5,-16.9,5,8,True,False,False,True,True,True,True,True,True,True,True
CBL,"CBL & Associates Properties, Inc. Common Stock",54.7,85.0,1682357698.0,13891905,95.1,-9.4,5,7,False,False,False,True,True,True,True,False,True,True,True
CGEM,"Cullinan Therapeutics, Inc. - Common Stock",15.51,84.9,935073704.0,17447693,173.1,-33.1,5,5,False,False,False,False,True,True,True,False,True,False,True
UFCS,"United Fire Group, Inc - Common Stock",54.62,84.9,1386551380.0,7822693,83.7,-3.7,5,8,True,False,False,True,True,True,True,True,True,True,True
DAR,Darling Ingredients Inc. Common Stock,62.94,84.9,9726971742.0,156985951,115.9,-10.1,5,7,False,False,False,True,True,True,True,False,True,True,True
TGTX,"TG Therapeutics, Inc. - Common Stock",54.29,84.8,8207562622.0,109431084,102.9,-8.4,5,8,True,False,False,True,True,True,True,True,True,True,True
SCCO,Southern Copper Corporation Common Stock,205.54,84.8,166215562469.0,215432768,77.6,-6.9,5,8,True,False,False,True,True,True,True,True,True,True,True
NTNX,"Nutanix, Inc. - Class A Common Stock",72.29,84.7,19351179202.0,171435647,112.6,-7.2,1,8,True,False,False,True,True,True,True,True,True,True,True
GIC,Global Industrial Company Common Stock,43.61,84.7,1641326247.0,5495407,65.2,-0.7,2,8,True,True,False,True,True,True,True,True,True,True,True
TXN,Texas Instruments Incorporated - Common Stock,293.8,84.6,256905706549.0,1692767046,92.4,-12.0,5,8,True,False,False,True,True,True,True,True,True,True,True
NEXA,Nexa Resources S.A. Common Shares,12.24,84.6,1562780200.0,9863205,145.8,-27.5,5,5,False,False,False,False,True,True,True,False,True,False,True
TALO,"Talos Energy, Inc. Common Stock",16.78,84.6,2778305388.0,32280735,87.2,-10.4,5,8,True,False,False,True,True,True,True,True,True,True,True
PK,Park Hotels & Resorts Inc. Common Stock ,15.53,84.5,3104637049.0,57284815,57.8,-4.1,5,8,True,False,False,True,True,True,True,True,True,True,True
WHD,"Cactus, Inc. Class A Common Stock",63.44,84.5,4986357943.0,53208748,91.1,-14.4,5,7,False,False,False,True,True,True,True,False,True,True,True
FCX,"Freeport-McMoRan, Inc. Common Stock",72.04,84.4,99487293993.0,919190974,88.6,-10.2,5,8,True,False,False,True,True,True,True,True,True,True,True
FIGS,"FIGS, Inc. Class A Common Stock",13.52,84.4,2339254607.0,38377219,100.5,-22.7,5,8,True,False,False,True,True,True,True,True,True,True,True
CRDO,Credo Technology Group Holding Ltd - Ordinary Shares,218.64,84.3,39501854606.0,1408405906,152.8,-29.2,5,7,False,False,False,True,True,True,True,True,True,False,True
RIGL,"Rigel Pharmaceuticals, Inc. - Common Stock",47.15,84.3,877393212.0,12328503,89.0,-9.7,3,6,False,False,False,True,False,True,False,True,True,True,True
NUE,Nucor Corporation Common Stock,240.39,84.3,53538122022.0,358450321,83.1,-14.2,5,7,False,False,False,True,True,True,True,False,True,True,True
CSTL,"Castle Biosciences, Inc. - Common stock",35.56,84.2,1077022869.0,13455288,100.7,-19.7,0,5,False,False,False,True,False,False,False,True,True,True,True
FFIV,"F5, Inc. - Common Stock",454.04,84.2,25124348110.0,251398518,102.9,-1.7,5,8,True,False,False,True,True,True,True,True,True,True,True
CHMG,Chemung Financial Corp  - Common Stock,81.93,84.1,388658858.0,5439942,64.5,-4.7,5,7,False,False,False,True,True,True,True,False,True,True,True
GHRS,GH Research PLC - Ordinary Shares,22.94,84.1,1567216998.0,7829484,90.5,-27.0,5,5,False,False,False,False,True,True,True,False,True,False,True
NESR,National Energy Services Reunited Corp - Ordinary Shares,24.67,84.1,2514738486.0,65471616,147.9,-33.2,5,5,False,False,False,False,True,True,True,False,True,False,True
SWKS,"Skyworks Solutions, Inc. - Common Stock",85.03,84.0,12513316551.0,494013402,63.7,-8.4,1,8,True,False,False,True,True,True,True,True,True,True,True
BSTZ,BlackRock Science and Technology Term Trust Common Shares of Beneficial Interest,30.88,84.0,684455369.0,5405864,49.3,-3.2,5,8,True,False,False,True,True,True,True,True,True,True,True
OSPN,OneSpan Inc. - Common Stock,18.12,83.9,664813201.0,7995005,79.9,-1.9,2,8,True,False,False,True,True,True,True,True,True,True,True
MOV,Movado Group Inc. Common Stock,33.66,83.9,757500718.0,6715906,95.2,-16.9,5,7,False,False,False,True,True,True,True,False,True,True,True
ADI,"Analog Devices, Inc. - Common Stock",417.15,83.8,196055187139.0,1352556930,86.7,-6.4,5,7,False,False,False,True,True,True,False,True,True,True,True
CBLL,"CeriBell, Inc. - Common Stock",23.69,83.8,906106965.0,8697684,118.3,-7.6,5,6,False,False,False,True,False,True,False,True,True,True,True
TEVA,Teva Pharmaceutical Industries Limited Ordinary Shares,39.53,83.8,45807789062.0,201830030,109.9,-3.1,5,8,True,False,False,True,True,True,True,True,True,True,True
DT,"Dynatrace, Inc. Common Stock",59.32,83.7,17126266105.0,351164237,87.5,-1.5,2,8,True,True,False,True,True,True,True,True,True,True,True
STNG,Scorpio Tankers Inc. Common Shares,86.23,83.7,4440729754.0,74719397,76.2,-4.3,5,8,True,False,False,True,True,True,True,True,True,True,True
GNK,Genco Shipping & Trading Limited Ordinary Shares New (Marshall Islands),27.67,83.6,1186427388.0,15045906,77.9,-2.6,5,8,True,False,False,True,True,True,True,True,True,True,True
OPY,"Oppenheimer Holdings, Inc. Class A Common Stock (DE)",120.13,83.6,1279285357.0,14608532,88.3,-4.6,5,8,True,False,False,True,True,True,True,True,True,True,True
HP,"Helmerich & Payne, Inc. Common Stock",38.56,83.5,3817667699.0,51838055,77.5,-20.0,5,7,False,False,False,True,True,True,True,False,True,True,True
MATV,"Mativ Holdings, Inc. Common Stock",11.9,83.5,642964642.0,6577327,68.3,-23.1,2,6,False,False,False,True,False,True,False,True,True,True,True
RLJ,RLJ Lodging Trust Common Shares of Beneficial Interest $0.01 par value,11.22,83.5,1682229627.0,19902590,71.6,-13.0,5,8,True,False,False,True,True,True,True,True,True,True,True
APPN,Appian Corporation - Class A Common Stock,36.68,83.4,2705374339.0,30846013,96.9,-20.4,0,5,False,False,False,True,False,False,False,True,True,True,True
BTSG,"BrightSpring Health Services, Inc. - Common Stock",60.25,83.4,11329706440.0,159941966,122.2,-18.3,5,7,False,False,False,True,True,True,True,False,True,True,True
CFFI,C&F Financial Corporation - Common Stock,98.3,83.3,314926273.0,5369696,51.9,-1.8,5,8,True,False,False,True,True,True,True,True,True,True,True
GPRK,Geopark Ltd Common Shares,10.85,83.3,675564789.0,8659298,88.7,-17.4,5,8,True,False,False,True,True,True,True,True,True,True,True
HBM,Hudbay Minerals Inc. Ordinary Shares (Canada),27.2,83.3,11627709817.0,119147889,89.7,-15.4,5,8,True,False,False,True,True,True,True,True,True,True,True
TENB,"Tenable Holdings, Inc. - Common Stock",36.85,83.2,3977154786.0,147012687,134.3,-15.6,3,8,True,False,False,True,True,True,True,True,True,True,True
TSM,Taiwan Semiconductor Manufacturing Company Ltd.,472.78,83.2,2381643051917.0,4505308058,77.2,-1.3,5,8,True,False,False,True,True,True,True,True,True,True,True
DCTH,"Delcath Systems, Inc. - Common Stock",15.13,83.1,534708431.0,8220403,86.3,-13.1,5,7,False,False,False,True,True,True,True,False,True,True,True
TIGO,Millicom International Cellular S.A. - Common Stock,88.32,83.1,14343170371.0,103402824,96.8,-17.6,5,7,False,False,False,True,True,True,True,False,True,True,True
AIP,"Arteris, Inc.  - Common Stock",24.66,83.0,1180141969.0,17470614,132.1,-50.9,5,4,False,False,False,False,True,True,False,False,True,False,True
ELF,"e.l.f. Beauty, Inc. Common Stock",104.68,83.0,6142142304.0,182802989,114.4,-29.2,1,5,False,False,False,True,False,True,False,True,True,False,True
TRLV,Trulieve Cannabis Corp. Subordinate Voting Shares,10.72,83.0,2093184833.0,19648762,132.2,-19.3,5,8,True,False,False,True,True,True,True,True,True,True,True
NTSK,"Netskope, Inc. - Class A Common Stock",17.75,82.9,7293291302.0,88691506,131.6,-28.9,0,4,False,False,False,True,False,False,False,True,True,False,True
EAT,"Brinker International, Inc. Common Stock",202.0,82.9,8138785256.0,266306012,101.4,-20.8,3,7,False,False,False,True,True,True,True,False,True,True,True
MSGS,Madison Square Garden Sports Corp. Class A Common Stock (New),406.95,82.8,9612471648.0,101978371,95.7,-7.3,5,8,True,False,False,True,True,True,True,True,True,True,True
VIRT,"Virtu Financial, Inc. Class A Common Stock",58.79,82.8,8632236626.0,77746312,86.3,-14.5,5,7,False,False,False,True,True,True,True,False,True,True,True
WKC,World Kinect Corporation Common Stock,35.85,82.8,1825089802.0,43908916,61.4,-13.0,5,7,False,False,False,True,True,True,True,False,True,True,True
LGND,Ligand Pharmaceuticals Incorporated - Common Stock,302.96,82.7,6035306269.0,74007576,72.6,-7.2,5,8,True,False,False,True,True,True,True,True,True,True,True
RXO,"RXO, Inc. Common Stock",23.38,82.7,3522822094.0,40070640,124.3,-21.8,5,8,True,False,False,True,True,True,True,True,True,True,True
ASYS,"Amtech Systems, Inc. - Common Stock",18.01,82.6,302014742.0,5681662,166.8,-29.9,5,6,False,False,False,True,True,True,False,True,True,False,True
MSM,"MSC Industrial Direct Company, Inc. Common Stock",130.12,82.6,7176249293.0,80934541,65.1,-1.7,5,8,True,True,False,True,True,True,True,True,True,True,True
KLAC,KLA Corporation  - Common Stock,206.89,82.5,261431950542.0,1903233393,110.9,-32.7,5,6,False,False,False,True,True,True,False,True,True,False,True
LNTH,"Lantheus Holdings, Inc. - Common Stock",99.96,82.5,6504391571.0,150123944,101.2,-10.6,5,7,False,False,False,True,True,True,True,False,True,True,True
VTRS,Viatris Inc. - Common Stock,17.6,82.5,20054396485.0,158901414,81.6,-4.5,5,8,True,False,False,True,True,True,True,True,True,True,True
QRVO,"Qorvo, Inc. - Common Stock",114.17,82.4,9899349439.0,165911907,52.4,-5.7,2,8,True,False,False,True,True,True,True,True,True,True,True
LB,LandBridge Company LLC Class A Shares Representing Limited Liability Company Interests,83.79,82.4,6226188727.0,23365048,91.5,-8.6,5,8,True,False,False,True,True,True,True,True,True,True,True
GTX,Garrett Motion Inc. - Common Stock,27.07,82.3,4895452118.0,71170333,120.7,-25.3,5,6,False,False,False,True,True,True,True,False,True,False,True
PBI,Pitney Bowes Inc. Common Stock,16.76,82.3,2277068421.0,29404724,87.3,-12.1,5,7,False,False,False,True,True,True,True,False,True,True,True
AMAL,Amalgamated Financial Corp. - Common Stock,48.19,82.2,1430423032.0,10665372,91.8,-6.6,5,7,False,False,False,True,True,True,True,False,True,True,True
AMTB,Amerant Bancorp Inc. Class A Common Stock,29.56,82.2,1150614231.0,11340045,89.2,-3.4,5,8,True,False,False,True,True,True,True,True,True,True,True
GLW,Corning Incorporated Common Stock,164.19,82.2,138183916059.0,1570311249,112.2,-39.6,5,5,False,False,False,False,True,True,False,True,True,False,True
LQDT,"Liquidity Services, Inc. - Common Stock",43.23,82.1,1367311810.0,9519306,99.5,-3.9,5,8,True,True,False,True,True,True,True,True,True,True,True
TSAT,Telesat Corporation - Class A Common Shares and Class B Variable Voting Shares,48.0,82.1,1678816311.0,9433690,108.6,-22.0,5,8,True,False,False,True,True,True,True,True,True,True,True
GSAT,"Globalstar, Inc. - Common Stock",83.22,82.0,10738213763.0,61849351,115.3,-1.9,5,8,True,False,False,True,True,True,True,True,True,True,True
MEOH,Methanex Corporation - Common Stock,58.43,82.0,4529677599.0,47070755,82.6,-12.5,5,8,True,False,False,True,True,True,True,True,True,True,True
UFPT,"UFP Technologies, Inc. - Common Stock",300.7,82.0,2284930592.0,43481651,73.0,-11.2,4,6,False,False,False,True,False,True,False,True,True,True,True
CAI,"Caris Life Sciences, Inc. - Common Stock",28.3,81.9,8011573523.0,130485636,99.4,-15.9,1,6,False,False,False,True,False,True,False,True,True,True,True
CEVA,"CEVA, Inc. - Common Stock",37.1,81.9,1000032637.0,25450727,118.0,-28.1,5,6,False,False,False,True,True,True,False,True,True,False,True
BWMN,Bowman Consulting Group Ltd. - Common Stock,42.6,81.8,738319456.0,16753056,69.9,-7.0,1,6,False,False,False,True,False,True,False,True,True,True,True
MPWR,"Monolithic Power Systems, Inc. - Common Stock",1439.73,81.8,66882148710.0,966016629,72.8,-16.0,5,7,False,False,False,True,True,True,False,True,True,True,True
ANAB,"AnaptysBio, Inc. - Common Stock",48.53,81.7,1439860431.0,26721439,146.9,-32.9,5,5,False,False,False,False,True,True,True,False,True,False,True
PI,"Impinj, Inc. - Common Stock",189.61,81.7,5618039918.0,73122027,117.0,-23.3,1,6,False,False,False,True,False,True,False,True,True,True,True
MFG,"Mizuho Financial Group, Inc. Sponosred ADR (Japan)",10.89,81.7,133953854357.0,35594033,78.8,-5.2,5,8,True,False,False,True,True,True,True,True,True,True,True
ATRO,Astronics Corporation - Common Stock,68.19,81.6,2940959796.0,47634472,105.9,-27.8,5,6,False,False,False,True,True,True,True,False,True,False,True
MKSI,MKS Inc. - Common Stock,279.15,81.6,18340586432.0,391058477,130.9,-37.6,5,5,False,False,False,False,True,True,False,True,True,False,True
ATLC,Atlanticus Holdings Corporation - Common Stock,91.89,81.5,1354532693.0,13162957,93.5,-19.6,5,7,False,False,False,True,True,True,True,False,True,True,True
VELO,"Velo3D, Inc. - Common stock",11.2,81.5,336601265.0,15823397,242.5,-64.7,5,4,False,False,False,False,True,True,False,False,True,False,True
MSGE,Madison Square Garden Entertainment Corp. Class A Common Stock,79.87,81.5,3786783982.0,33141562,91.8,-11.7,5,8,True,False,False,True,True,True,True,True,True,True,True
ROKU,"Roku, Inc. - Class A Common Stock",152.39,81.4,22449853251.0,353435186,94.1,-4.7,5,7,False,False,False,True,True,True,True,False,True,True,True
KOP,Koppers Holdings Inc. Common Stock,46.04,81.4,854613758.0,8550322,84.2,-13.1,5,7,False,False,False,True,True,True,True,False,True,True,True
TRGP,"Targa Resources, Inc. Common Stock",281.74,81.3,59892728476.0,343857631,95.5,-8.5,5,8,True,False,False,True,True,True,True,True,True,True,True
VEEV,Veeva Systems Inc. Class A Common Stock,273.33,81.3,45646962081.0,443953755,84.6,-12.0,1,6,False,False,False,True,False,True,False,True,True,True,True
DRH,Diamondrock Hospitality Company - Common Stock,12.57,81.2,2559617069.0,35024429,68.0,-8.8,5,8,True,False,False,True,True,True,True,True,True,True,True
PBAM,"Private Bancorp of America, Inc. - Common Stock",86.9,81.2,490985534.0,7575641,59.6,-5.6,5,7,False,False,False,True,True,True,True,False,True,True,True
GSL,Global Ship Lease Inc New Class A Common Shares,45.79,81.2,1632125007.0,14383461,67.9,-1.7,5,8,True,False,False,True,True,True,True,True,True,True,True
CNQ,Canadian Natural Resources Limited Common Stock,48.44,81.1,98869863600.0,315246419,63.2,-7.4,5,8,True,False,False,True,True,True,True,True,True,True,True
NVGS,Navigator Holdings Ltd. Ordinary Shares (Marshall Islands),23.84,81.1,1468459310.0,9785137,69.3,-6.4,5,8,True,False,False,True,True,True,True,True,True,True,True
CSCO,"Cisco Systems, Inc. - Common Stock",112.2,81.0,428795748307.0,2180081738,67.9,-13.9,5,8,True,False,False,True,True,True,True,True,True,True,True
MITK,"Mitek Systems, Inc. - Common Stock",17.75,81.0,809946613.0,12196295,108.1,-15.7,5,7,False,False,False,True,True,True,True,False,True,True,True
DNA,"Ginkgo Bioworks Holdings, Inc. Class A Common Stock",12.35,80.9,804253463.0,13469096,130.0,-29.7,0,4,False,False,False,True,False,False,False,True,True,False,True
EXPD,"Expeditors International of Washington, Inc. Common Stock",192.47,80.9,24404439374.0,186731935,70.4,-1.1,5,8,True,False,False,True,True,True,True,True,True,True,True
MRK,"Merck & Company, Inc. Common Stock (new)",144.3,80.9,354803953261.0,1446883610,76.0,-8.0,5,8,True,False,False,True,True,True,True,True,True,True,True
TECK,Teck Resources Ltd Ordinary Shares,68.56,80.8,31927983373.0,199791547,80.4,-5.5,5,8,True,False,False,True,True,True,True,True,True,True,True
VIA,"Via Transportation, Inc. Class A Common Stock",29.33,80.8,2463099625.0,20798945,126.5,-46.9,0,4,False,False,False,True,False,False,False,True,True,False,True
ALRS,Alerus Financial Corporation - Common Stock,32.67,80.7,790950400.0,6094569,60.9,-5.0,5,7,False,False,False,True,True,True,True,False,True,True,True
LTH,"Life Time Group Holdings, Inc. Common Stock",40.99,80.7,9018924221.0,135271005,69.8,-13.2,5,7,False,False,False,True,True,True,True,False,True,True,True
TDW,Tidewater Inc. Common Stock,82.42,80.7,4088967064.0,54108561,76.7,-18.9,5,7,False,False,False,True,True,True,True,False,True,True,True
HURN,Huron Consulting Group Inc. - Common Stock,162.15,80.6,2679574326.0,45001247,91.0,-13.2,0,5,False,False,False,True,False,False,False,True,True,True,True
RUSHB,"Rush Enterprises, Inc. - Class B Common Stock",56.71,80.6,6341960296.0,8632102,78.3,-1.2,5,8,True,False,False,True,True,True,True,True,True,True,True
SLAB,"Silicon Laboratories, Inc. - Common Stock",222.76,80.5,7424437990.0,61579388,92.8,-0.3,5,8,True,True,False,True,True,True,True,True,True,True,True
CNK,"Cinemark Holdings Inc Cinemark Holdings, Inc. Common Stock",36.05,80.5,4193690914.0,85903428,66.9,-7.7,4,7,False,False,False,True,True,True,True,False,True,True,True
NWPX,"NWPX Infrastructure, Inc. - Common Stock",105.99,80.4,1009689654.0,18302346,115.2,-30.3,5,5,False,False,False,False,True,True,True,False,True,False,True
CNH,CNH Industrial N.V. Common Shares,13.47,80.4,15904778560.0,244586567,49.7,-6.8,2,8,True,False,False,True,True,True,True,True,True,True,True
VET,Vermilion Energy Inc. Common (Canada),11.68,80.4,1777120000.0,17403684,64.5,-21.2,5,7,False,False,False,True,True,True,True,False,True,True,True
IMVT,"Immunovant, Inc.  - Common Stock",33.62,80.3,6950497749.0,50048580,110.8,-26.0,5,6,False,False,False,True,True,True,True,False,True,False,True
A,"Agilent Technologies, Inc. Common Stock",167.78,80.3,46991901385.0,346859284,54.9,-5.2,4,6,False,False,False,True,False,True,False,True,True,True,True
ON,ON Semiconductor Corporation - Common Stock,84.89,80.2,31176634529.0,783336951,90.5,-37.1,5,5,False,False,False,False,True,True,False,True,True,False,True
ODC,Oil-Dri Corporation Of America Common Stock,89.66,80.2,1324378702.0,11047583,96.6,-16.2,5,7,False,False,False,True,True,True,True,False,True,True,True
KYMR,"Kymera Therapeutics, Inc. - Common Stock",107.39,80.1,9156546054.0,81169920,97.6,-17.4,5,7,False,False,False,True,True,True,True,False,True,True,True
NVTS,Navitas Semiconductor Corporation - Common Stock,12.4,80.1,3164453075.0,170533904,81.0,-63.7,5,5,False,False,False,False,True,True,False,True,True,False,True
E,ENI S.p.A. Common Stock,54.73,80.1,85576277275.0,20364120,60.8,-5.6,5,8,True,False,False,True,True,True,True,True,True,True,True
VRNS,"Varonis Systems, Inc. - Common Stock",47.57,80.0,5450130013.0,80198458,141.5,-25.6,1,7,False,False,False,True,True,True,True,True,True,False,True
THC,Tenet Healthcare Corporation Common Stock,258.62,80.0,20449410430.0,239407091,64.1,-8.6,3,7,False,False,False,True,True,True,True,False,True,True,True
IBEX,IBEX Limited - Common Share,43.58,79.9,587977914.0,5043733,68.0,-3.8,1,6,False,False,False,True,False,True,False,True,True,True,True
RGEN,Repligen Corporation - Common Stock,181.7,79.9,8670682308.0,187228946,79.9,-8.6,4,6,False,False,False,True,False,True,False,True,True,True,True
NBR,Nabors Industries Ltd.,79.64,79.9,1336704494.0,20490621,117.2,-29.5,5,4,False,False,False,False,True,True,False,False,True,False,True
BELFB,Bel Fuse Inc. - Class B Common Stock,257.94,79.8,3640040951.0,49800996,98.5,-23.1,5,7,False,False,False,True,True,True,True,False,True,True,True
UVE,UNIVERSAL INSURANCE HOLDINGS INC Common Stock,43.95,79.8,1200323211.0,8072792,71.8,-2.7,5,8,True,False,False,True,True,True,True,True,True,True,True
CGNX,Cognex Corporation - Common Stock,64.97,79.7,10466887449.0,118077459,87.8,-10.9,5,8,True,False,False,True,True,True,True,True,True,True,True
APLE,"Apple Hospitality REIT, Inc. Common Shares",16.51,79.7,3864673766.0,43761158,52.2,-4.5,5,8,True,False,False,True,True,True,True,True,True,True,True
NDSN,Nordson Corporation - Common Stock,333.54,79.6,18326205401.0,119116818,49.4,-1.6,5,8,True,False,False,True,True,True,True,True,True,True,True
OBK,"Origin Bancorp, Inc. Common Stock",53.62,79.6,1623310056.0,9437959,66.9,-3.5,5,7,False,False,False,True,True,True,True,False,True,True,True
PWR,"Quanta Services, Inc. Common Stock",676.56,79.6,97620711565.0,671221148,67.3,-14.2,5,7,False,False,False,True,True,True,False,True,True,True,True
CHRD,Chord Energy Corporation - Common Stock,137.01,79.5,7485403783.0,101371638,62.6,-12.8,5,7,False,False,False,True,True,True,True,False,True,True,True
IQV,"IQVIA Holdings, Inc. Common Stock",258.21,79.5,42914512000.0,389485190,67.1,-6.9,3,6,False,False,False,True,False,True,False,True,True,True,True
CHYM,"Chime Financial, Inc. - Class A Common Stock",27.25,79.4,10163117305.0,247296232,71.6,-23.3,2,5,False,False,False,True,False,True,False,False,True,True,True
DE,Deere & Company Common Stock,687.0,79.4,179910252411.0,822449020,58.7,-4.7,5,8,True,False,False,True,True,True,True,True,True,True,True
OVV,Ovintiv Inc. (DE),60.34,79.4,16956346000.0,211227319,70.1,-10.6,5,7,False,False,False,True,True,True,True,False,True,True,True
CAMT,Camtek Ltd. - Ordinary Shares,165.19,79.3,7158710271.0,65200814,79.7,-23.5,5,7,False,False,False,True,True,True,False,True,True,True,True
BFH,"Bread Financial Holdings, Inc. Common Stock",98.05,79.3,3724363840.0,56817125,82.1,-14.4,5,7,False,False,False,True,True,True,True,False,True,True,True
SLDE,"Slide Insurance Holdings, Inc. - Common Stock",23.61,79.2,2760260920.0,27607290,66.3,-11.7,4,8,True,False,False,True,True,True,True,True,True,True,True
STLD,"Steel Dynamics, Inc. - Common Stock",231.99,79.2,32416513663.0,267609410,64.8,-19.7,5,7,False,False,False,True,True,True,True,False,True,True,True
DOCU,"DocuSign, Inc. - Common Stock",69.01,79.1,13034577002.0,206761273,71.8,-8.0,1,6,False,False,False,True,False,True,False,True,True,True,True
PESI,"Perma-Fix Environmental Services, Inc. - Common Stock",15.56,79.1,326974789.0,6876250,81.4,-27.0,3,4,False,False,False,True,False,True,False,False,True,False,True
AMG,"Affiliated Managers Group, Inc. Common Stock",371.43,79.1,9618602079.0,98719499,61.4,-5.5,5,8,True,False,False,True,True,True,True,True,True,True,True
CLS,"Celestica, Inc. Common Stock",387.32,79.0,42895316491.0,901362501,68.2,-18.3,5,7,False,False,False,True,True,True,False,True,True,True,True
STT,State Street Corporation Common Stock,175.96,79.0,47968422204.0,321036006,68.2,-10.2,5,7,False,False,False,True,True,True,True,False,True,True,True
MANH,"Manhattan Associates, Inc. - Common Stock",204.15,78.9,11902960034.0,162084400,71.5,-10.1,2,8,True,False,False,True,True,True,True,True,True,True,True
HRTG,"Heritage Insurance Holdings, Inc. Common Stock",33.99,78.9,1005847633.0,10321360,66.0,-6.9,5,8,True,False,False,True,True,True,True,True,True,True,True
CARE,"Carter Bankshares, Inc. - Common Stock",30.75,78.8,672896945.0,10648885,83.3,-14.7,5,7,False,False,False,True,True,True,True,False,True,True,True
POWL,"Powell Industries, Inc. - Common Stock",196.1,78.8,6944046698.0,118790664,111.8,-40.2,5,5,False,False,False,False,True,True,False,True,True,False,True
MUFG,"Mitsubishi UFJ Financial Group, Inc. Common Stock",22.82,78.8,268447621010.0,67194819,56.1,-5.9,5,7,False,False,False,True,True,True,True,False,True,True,True
DSGR,"Distribution Solutions Group, Inc. - Common Stock",34.98,78.7,1616164445.0,7659644,83.9,-0.2,3,8,True,False,False,True,True,True,True,True,True,True,True
GRC,Gorman-Rupp Company (The) Common Stock,77.26,78.7,1984201557.0,14592674,82.6,-16.7,5,7,False,False,False,True,True,True,True,False,True,True,True
PGC,Peapack-Gladstone Financial Corporation - Common Stock,44.58,78.6,780561727.0,7096873,80.4,-9.3,5,7,False,False,False,True,True,True,True,False,True,True,True
RRBI,"Red River Bancshares, Inc. - Common Stock",103.41,78.6,667760031.0,6581732,67.9,-1.4,5,8,True,False,False,True,True,True,True,True,True,True,True
XOM,ExxonMobil Holdings Corporation Common Stock,164.01,78.6,673613417287.0,2258966232,48.6,-7.0,5,8,True,False,False,True,True,True,True,True,True,True,True
KB,KB Financial Group Inc,123.88,78.5,43776389102.0,22534035,60.0,-7.1,5,8,True,False,False,True,True,True,True,True,True,True,True
PRSU,"Pursuit Attractions and Hospitality, Inc. Common Stock",52.38,78.5,1389108697.0,11050132,63.5,-7.3,5,8,True,False,False,True,True,True,True,True,True,True,True
ACA,"Arcosa, Inc. Common Stock ",146.5,78.4,7194147519.0,93720997,64.6,-0.3,5,8,True,True,False,True,True,True,True,True,True,True,True
MT,Arcelor Mittal NY Registry Shares NEW,64.51,78.4,49138282875.0,99614758,75.8,-19.0,5,6,False,False,False,False,True,True,True,False,True,True,True
ANGO,"AngioDynamics, Inc. - Common Stock",15.11,78.3,624945722.0,7109434,60.9,-7.2,5,7,False,False,False,True,True,True,True,False,True,True,True
XP,XP Inc. - Class A Common Stock,21.5,78.3,10972663749.0,115169140,45.3,-7.0,1,6,False,False,False,True,False,True,False,True,True,True,True
KNTK,Kinetik Holdings Inc. Class A Common Stock,52.53,78.3,8282959370.0,62523310,67.7,-7.7,5,7,False,False,False,True,True,True,True,False,True,True,True
PVLA,"Palvella Therapeutics, Inc. - Common Stock",132.47,78.2,1912427861.0,29994045,119.0,-17.9,5,6,False,False,False,False,True,True,True,False,True,True,True
ZD,"Ziff Davis, Inc. - Common Stock",55.2,78.2,1865909859.0,35528142,145.9,-8.7,5,7,False,False,False,True,True,True,True,False,True,True,True
CTS,CTS Corporation Common Stock,61.6,78.1,1707946023.0,12749127,71.0,-11.4,5,8,True,False,False,True,True,True,True,True,True,True,True
CVX,Chevron Corporation Common Stock,206.69,78.1,409182230845.0,1766334365,41.1,-5.1,5,8,True,False,False,True,True,True,True,True,True,True,True
GRDN,"Guardian Pharmacy Services, Inc. Class A Common Stock",42.38,78.0,2586899695.0,21625184,83.1,-12.3,5,8,True,False,False,True,True,True,True,True,True,True,True
JXN,Jackson Financial Inc. Class A Common Stock ,131.53,78.0,8769517773.0,93442991,46.7,-6.7,5,8,True,False,False,True,True,True,True,True,True,True,True
TMP,Tompkins Financial Corporation Common Stock,98.89,78.0,1395285614.0,11054002,59.8,-3.6,5,8,True,False,False,True,True,True,True,True,True,True,True
DXCM,"DexCom, Inc. - Common Stock",85.36,77.9,32539818766.0,394924119,57.8,-7.8,3,7,False,False,False,True,True,True,True,False,True,True,True
TEM,"Tempus AI, Inc. - Class A Common Stock",76.63,77.9,13889045858.0,452396636,88.0,-26.5,0,4,False,False,False,True,False,False,False,True,True,False,True
RPRX,Royalty Pharma plc - Class A Ordinary Shares,57.16,77.8,33137319387.0,173946292,62.2,-11.2,5,7,False,False,False,True,True,True,True,False,True,True,True
BEN,"Franklin Templeton, Inc. Common Stock",32.81,77.8,16512499575.0,133686838,55.4,-9.6,5,7,False,False,False,True,True,True,True,False,True,True,True
FTI,TechnipFMC plc Ordinary Share,68.82,77.8,27000518114.0,224869948,95.0,-14.7,5,6,False,False,False,False,True,True,True,False,True,True,True
JAZZ,Jazz Pharmaceuticals plc - Ordinary Shares,235.67,77.7,15125745587.0,223908688,83.0,-11.5,5,7,False,False,False,True,True,True,True,False,True,True,True
SMBK,"SmartFinancial, Inc. Common Stock",50.99,77.7,852529864.0,6279930,54.5,-5.8,5,7,False,False,False,True,True,True,True,False,True,True,True
SENEA,Seneca Foods Corp. - Class A Common Stock,177.66,77.6,1198443001.0,17757848,78.4,-15.4,5,7,False,False,False,True,True,True,True,False,True,True,True
NPO,Enpro Inc. Common Stock,332.56,77.6,6687082105.0,54902548,64.6,-14.8,5,8,True,False,False,True,True,True,True,True,True,True,True
IOSP,Innospec Inc. - Common Stock,97.41,77.5,2344136743.0,18166419,48.7,-3.1,3,8,True,False,False,True,True,True,True,True,True,True,True
NTCT,"NetScout Systems, Inc. - Common Stock",40.96,77.5,2932285893.0,23892429,62.5,-9.5,5,8,True,False,False,True,True,True,True,True,True,True,True
SXT,Sensient Technologies Corporation Common Stock,128.59,77.5,5465916189.0,48176871,55.7,-7.4,5,7,False,False,False,True,True,True,True,False,True,True,True
PAGP,"Plains GP Holdings, L.P. - Class A Shares representing limited partner interests",26.06,77.4,5131653935.0,46744811,56.2,-9.2,5,7,False,False,False,True,True,True,True,False,True,True,True
ARMK,Aramark Common Stock,55.55,77.4,14391291152.0,139747952,58.4,-11.3,5,7,False,False,False,True,True,True,True,False,True,True,True
ALM,Almonty Industries Inc. - Common Shares,13.4,77.3,3802176285.0,100767288,146.6,-45.1,5,4,False,False,False,False,True,True,False,False,True,False,True
AMCX,AMC Global Media Inc. - Class A Common Stock,11.16,77.3,462824675.0,8185590,72.5,-13.7,5,7,False,False,False,True,True,True,True,False,True,True,True
RS,"Reliance, Inc. Common Stock",400.31,77.3,20066482297.0,125813006,53.8,-7.6,5,8,True,False,False,True,True,True,True,True,True,True,True
TRST,TrustCo Bank Corp NY - Common Stock,55.69,77.2,932268765.0,7786986,62.3,-6.1,5,7,False,False,False,True,True,True,True,False,True,True,True
MLR,"Miller Industries, Inc. Common Stock",54.39,77.2,603822667.0,5282265,52.3,-8.9,5,8,True,False,False,True,True,True,True,True,True,True,True
BIO,"Bio-Rad Laboratories, Inc. Class A Common Stock",369.14,77.1,9507292885.0,100985525,55.9,-6.8,5,8,True,False,False,True,True,True,True,True,True,True,True
EPC,Edgewell Personal Care Company Common Stock,26.97,77.1,1229191363.0,16117322,71.5,-9.9,3,7,False,False,False,True,True,True,True,False,True,True,True
CGON,"CG Oncology, Inc. - Common stock",67.38,77.0,6058569631.0,64259199,88.2,-16.8,5,6,False,False,False,False,True,True,True,False,True,True,True
MBIN,Merchants Bancorp - Common Stock,49.95,77.0,2274853474.0,10117316,64.5,-12.2,5,7,False,False,False,True,True,True,True,False,True,True,True
NEU,NewMarket Corp Common Stock,924.06,77.0,8471177423.0,112091432,59.3,-5.9,2,8,True,False,False,True,True,True,True,True,True,True,True
BWIN,"The Baldwin Insurance Group, Inc. - Class A Common Stock",31.77,76.9,4431862071.0,88946282,100.1,-2.9,2,8,True,False,False,True,True,True,True,True,True,True,True
NVAX,"Novavax, Inc. - Common Stock",10.46,76.9,1748424696.0,44856643,68.7,-12.6,2,7,False,False,False,True,True,True,False,True,True,True,True
CPAY,"Corpay, Inc. Common Stock",394.6,76.8,25589515518.0,203882847,56.1,-7.7,5,7,False,False,False,True,True,True,True,False,True,True,True
EFOR,"Everforth, Inc. Common Stock",34.25,76.8,1483790000.0,25060346,102.7,-37.7,0,4,False,False,False,True,False,False,False,True,True,False,True
DJCO,Daily Journal Corp. (S.C.) - Common Stock,656.44,76.7,899857774.0,40503789,88.3,-5.2,5,6,False,False,False,True,False,True,False,True,True,True,True
BBY,"Best Buy Co., Inc. Common Stock",87.97,76.7,18393119115.0,319931666,59.7,-8.9,4,8,True,False,False,True,True,True,True,True,True,True,True
RHI,Robert Half Inc. Common Stock,36.12,76.7,3868253480.0,81359268,65.5,-22.7,3,7,False,False,False,True,True,True,True,False,True,True,True
NPK,"National Presto Industries, Inc. Common Stock",150.73,76.6,1071266378.0,14952159,65.1,-4.7,5,8,True,False,False,True,True,True,True,True,True,True,True
TMO,Thermo Fisher Scientific Inc Common Stock,654.8,76.6,241263801588.0,1252029068,50.4,-4.2,3,6,False,False,False,True,False,True,False,True,True,True,True
SRCE,1st Source Corporation - Common Stock,86.85,76.5,2069592126.0,10401952,52.7,-5.0,5,7,False,False,False,True,True,True,True,False,True,True,True
BXC,Bluelinx Holdings Inc. Common Stock,73.64,76.5,580005412.0,12912740,64.4,-21.5,2,5,False,False,False,True,False,True,False,False,True,True,True
SCL,Stepan Company Common Stock,63.0,76.5,1398733186.0,9199199,50.6,-7.4,4,8,True,False,False,True,True,True,True,True,True,True,True
NVDA,NVIDIA Corporation - Common Stock,233.95,76.4,5563726000000.0,26598594984,42.4,-1.7,5,8,True,True,False,True,True,True,True,True,True,True,True
PNTG,"The Pennant Group, Inc. - Common Stock",39.24,76.4,1354898780.0,12485455,76.3,-8.2,5,7,False,False,False,True,True,True,True,False,True,True,True
CCSI,"Consensus Cloud Solutions, Inc. - Common Stock",35.36,76.3,654749463.0,5727128,75.0,-14.6,5,7,False,False,False,True,True,True,True,False,True,True,True
AGM,Federal Agricultural Mortgage Corporation Common Stock,214.79,76.3,2270383000.0,23892780,57.3,-13.5,3,7,False,False,False,True,True,True,True,False,True,True,True
CAC,Camden National Corporation - Common Stock,57.19,76.2,953331505.0,5473282,63.4,-5.6,5,7,False,False,False,True,True,True,True,False,True,True,True
FRSH,Freshworks Inc. - Class A Common Stock,12.78,76.2,3431108152.0,74638345,88.2,-8.6,2,6,False,False,False,True,False,True,False,True,True,True,True
COP,ConocoPhillips Common Stock,126.75,76.2,152641940082.0,867923628,48.1,-10.5,5,7,False,False,False,True,True,True,True,False,True,True,True
KALU,Kaiser Aluminum Corporation - Common Stock,152.03,76.1,2426041762.0,38696873,101.3,-23.9,5,6,False,False,False,False,True,True,True,False,True,True,True
PLTR,Palantir Technologies Inc. - Class A Common Stock,188.75,76.1,456486243339.0,5729656409,77.4,-9.0,1,6,False,False,False,True,False,True,False,True,True,True,True
DBX,"Dropbox, Inc. - Class A Common Stock",33.9,76.0,7692172433.0,151690688,56.3,-11.2,2,7,False,False,False,True,True,True,True,False,True,True,True
BMNR,"BitMine Immersion Technologies, Inc. Common Stock",26.27,76.0,16124241512.0,908291407,105.2,-60.0,0,4,False,False,False,True,False,False,False,True,True,False,True
ING,"ING Group, N.V. Common Stock",34.78,76.0,99408490814.0,73710207,47.1,-7.3,5,7,False,False,False,True,True,True,True,False,True,True,True
CTBI,"Community Trust Bancorp, Inc. - Common Stock",76.21,75.9,1367138539.0,8378421,51.7,-4.6,5,7,False,False,False,True,True,True,True,False,True,True,True
CAT,"Caterpillar, Inc. Common Stock",845.42,75.9,379852344525.0,2179085786,74.8,-21.2,5,7,False,False,False,True,True,True,False,True,True,True,True
WASH,"Washington Trust Bancorp, Inc. - Common Stock",38.46,75.8,720627847.0,5140911,52.4,-5.1,5,7,False,False,False,True,True,True,True,False,True,True,True
BOW,Bowhead Specialty Holdings Inc. Common Stock,33.77,75.8,1113473569.0,12431468,59.2,-3.7,3,8,True,False,False,True,True,True,True,True,True,True,True
EXEL,"Exelixis, Inc. - Common Stock",58.39,75.7,14356471234.0,131698402,73.0,-4.5,5,8,True,False,False,True,True,True,True,True,True,True,True
FISI,"Financial Institutions, Inc. - Common Stock",39.98,75.7,778007093.0,6156580,56.1,-7.0,5,7,False,False,False,True,True,True,True,False,True,True,True
SHOO,"Steven Madden, Ltd. - Common Stock",45.97,75.7,3343461471.0,48544796,46.7,-7.5,5,6,False,False,False,True,False,True,False,True,True,True,True
WBD,"Warner Bros. Discovery, Inc. - Series A Common Stock",30.94,75.6,77706267568.0,954670958,81.1,-0.1,5,6,False,False,False,True,False,True,False,True,True,True,True
VG,"Venture Global, Inc. Class A common stock",13.13,75.6,31926185707.0,195239372,129.5,-25.5,2,5,False,False,False,False,True,True,True,False,True,False,True
MSFT,Microsoft Corporation - Common Stock,517.53,75.5,3807819727785.0,13395062316,48.2,-6.5,1,6,False,False,False,True,False,True,False,True,True,True,True
WST,"West Pharmaceutical Services, Inc. Common Stock",364.98,75.5,25687856888.0,213853327,63.1,-5.4,5,8,True,False,False,True,True,True,True,True,True,True,True
AMKR,"Amkor Technology, Inc. - Common Stock",56.02,75.4,13143135769.0,255116212,98.7,-42.1,5,5,False,False,False,False,True,True,False,True,True,False,True
APH,Amphenol Corporation Common Stock,86.96,75.4,211259385522.0,1016797732,47.4,-2.6,5,8,True,False,False,True,True,True,True,True,True,True,True
BNS,Bank Nova Scotia Halifax Pfd 3 Ordinary Shares,91.19,75.4,111232809931.0,178955027,44.8,-4.8,5,8,True,False,False,True,True,True,True,True,True,True,True
LXP,LXP Industrial Trust Common Stock (Maryland REIT),60.95,75.3,3593445241.0,47599180,38.5,-1.1,5,8,True,False,False,True,True,True,True,True,True,True,True
WAB,Westinghouse Air Brake Technologies Corporation Common Stock,287.54,75.3,48619299352.0,252848256,54.5,-6.2,5,7,False,False,False,True,True,True,True,False,True,True,True
ORIC,"Oric Pharmaceuticals, Inc. - Common Stock",12.205,75.2,1297731253.0,19224890,68.8,-18.3,2,7,False,False,False,True,True,True,True,False,True,True,True
SSRM,SSR Mining Inc. - Common Stock,33.27,75.2,6814649207.0,90436168,82.9,-15.6,5,7,False,False,False,True,True,True,True,False,True,True,True
GEF,Greif Inc. Class A Common Stock,82.18,75.2,3765488261.0,28317821,47.4,-9.3,5,7,False,False,False,True,True,True,True,False,True,True,True
JCI,Johnson Controls International plc Ordinary Share,156.24,75.1,91933382902.0,484890759,49.5,-0.5,5,8,True,False,False,True,True,True,True,True,True,True,True
PAG,"Penske Automotive Group, Inc. Common Stock",204.03,75.1,13319057159.0,83310254,45.6,-10.1,3,7,False,False,False,True,True,True,True,False,True,True,True
KMX,CarMax Inc,54.92,75.0,7933183483.0,147075930,81.5,-15.9,3,7,False,False,False,True,True,True,True,False,True,True,True
VOYA,"Voya Financial, Inc. Common Stock",96.65,75.0,8641079768.0,104043153,49.8,-8.5,5,7,False,False,False,True,True,True,True,False,True,True,True
RBCAA,"Republic Bancorp, Inc. - Class A Common Stock",93.7,74.9,1810465064.0,10253818,46.5,-8.3,5,7,False,False,False,True,True,True,True,False,True,True,True
IMO,Imperial Oil Limited Common Stock,125.68,74.9,60221836290.0,73741539,50.9,-9.9,5,7,False,False,False,True,True,True,True,False,True,True,True
INVX,"Innovex International, Inc. Common Stock",27.31,74.9,1924633959.0,22981655,60.6,-19.0,5,6,False,False,False,False,True,True,True,False,True,True,True
HSTM,"HealthStream, Inc. - Common Stock",30.82,74.8,928891129.0,5690452,58.1,-0.9,3,8,True,False,False,True,True,True,True,True,True,True,True
OSBC,"Old Second Bancorp, Inc. - Common Stock",24.95,74.8,1253068885.0,11461493,49.8,-4.3,5,7,False,False,False,True,True,True,True,False,True,True,True
HRMY,"Harmony Biosciences Holdings, Inc. - Common Stock",39.64,74.7,2304414071.0,35313629,55.3,-8.9,3,6,False,False,False,True,False,True,False,True,True,True,True
BP,BP p.l.c. Common Stock,44.79,74.7,116497902845.0,397995284,36.9,-7.2,5,8,True,False,False,True,True,True,True,True,True,True,True
BOX,"Box, Inc. Class A Common Stock",34.49,74.6,4747146746.0,97077526,61.6,-5.1,2,8,True,False,False,True,True,True,True,True,True,True,True
FSM,Fortuna Mining Corp. Common Shares,11.25,74.6,3401906013.0,60238658,46.3,-18.8,2,6,False,False,False,True,False,True,False,True,True,True,True
TNET,"TriNet Group, Inc. Common Stock",63.24,74.6,2977381307.0,24888581,88.2,-13.5,2,5,False,False,False,True,False,True,False,False,True,True,True
ACHC,"Acadia Healthcare Company, Inc. - Common Stock",28.06,74.5,2507190406.0,55557311,145.5,-21.7,5,7,False,False,False,True,True,True,True,False,True,True,True
PSTL,"Postal Realty Trust, Inc. Class A Common Stock",22.69,74.5,681507109.0,7889477,59.2,-10.0,5,7,False,False,False,True,True,True,True,False,True,True,True
CNMD,CONMED Corporation Common Stock,46.32,74.4,1375660821.0,18611052,47.3,-13.7,2,5,False,False,False,True,False,True,False,False,True,True,True
IEX,IDEX Corporation Common Stock,232.99,74.4,16944518096.0,146257376,46.3,-4.4,5,8,True,False,False,True,True,True,True,True,True,True,True
WAT,Waters Corporation Common Stock,425.21,74.4,41807518674.0,309720044,50.4,-5.1,5,6,False,False,False,True,False,True,False,True,True,True,True
WSFS,WSFS Financial Corporation - Common Stock,78.03,74.3,3914562155.0,28547217,56.3,-5.9,5,7,False,False,False,True,True,True,True,False,True,True,True
TKR,Timken Company (The) Common Stock,122.44,74.3,8245630873.0,120937000,73.5,-16.3,5,7,False,False,False,True,True,True,True,False,True,True,True
ARHS,"Arhaus, Inc. - Class A Common Stock",10.24,74.2,1399089605.0,13173908,83.8,-15.2,0,5,False,False,False,True,False,False,False,True,True,True,True
STRL,"Sterling Infrastructure, Inc. - Common Stock",533.42,74.2,15450872212.0,346976145,89.4,-47.0,5,5,False,False,False,False,True,True,False,True,True,False,True
RELY,"Remitly Global, Inc. - Common stock",21.77,74.1,4546973480.0,87030250,80.2,-20.8,5,7,False,False,False,True,True,True,True,False,True,True,True
ASH,Ashland Inc. Common Stock,69.52,74.1,3141883116.0,50724819,47.5,-11.2,5,7,False,False,False,True,True,True,True,False,True,True,True
RAMP,"LiveRamp Holdings, Inc. Common Stock",37.65,74.1,2291970821.0,41312364,73.4,-1.5,5,7,False,False,False,True,True,True,True,False,True,True,True
GPRE,"Green Plains, Inc. - Common Stock",15.23,74.0,1046523247.0,23049109,70.5,-22.5,5,5,False,False,False,False,True,True,False,False,True,True,True
IVZ,Invesco Ltd Common Stock,30.66,74.0,13430423308.0,138878955,48.3,-8.9,5,7,False,False,False,True,True,True,True,False,True,True,True
HELE,Helen of Troy Limited - Common Stock,26.74,73.9,625391838.0,10596847,93.1,-12.8,5,7,False,False,False,True,True,True,True,False,True,True,True
AIT,"Applied Industrial Technologies, Inc. Common Stock",343.45,73.9,12467116624.0,92954884,44.1,-8.4,5,8,True,False,False,True,True,True,True,True,True,True,True
LXFR,Luxfer Holdings PLC Ordinary Shares,17.27,73.9,461329315.0,7197056,53.4,-11.2,5,8,True,False,False,True,True,True,True,True,True,True,True
DVN,Devon Energy Corporation Common Stock,47.65,73.8,51876000000.0,536652879,51.4,-9.6,5,8,True,False,False,True,True,True,True,True,True,True,True
SPHR,Sphere Entertainment Co. Class A Common Stock,128.25,73.8,4616694180.0,100641516,125.0,-29.4,5,5,False,False,False,False,True,True,True,False,True,False,True
AEIS,"Advanced Energy Industries, Inc. - Common Stock",304.28,73.7,11779235497.0,172499390,79.7,-23.4,5,6,False,False,False,False,True,True,False,True,True,True,True
CROX,"Crocs, Inc. - Common Stock",118.09,73.7,5716970743.0,134801722,61.3,-16.4,5,7,False,False,False,True,True,True,True,False,True,True,True
KRYS,"Krystal Biotech, Inc. - Common Stock",322.28,73.6,9628797339.0,100557485,80.4,-15.8,5,7,False,False,False,True,True,True,True,False,True,True,True
SAIL,"SailPoint, Inc. - Common Stock",20.43,73.6,11749361407.0,81141137,98.3,-14.9,1,6,False,False,False,True,False,True,False,True,True,True,True
CNO,"CNO Financial Group, Inc. Common Stock",53.86,73.6,4911034373.0,49689500,40.9,-6.5,5,7,False,False,False,True,True,True,True,False,True,True,True
RPD,"Rapid7, Inc. - Common Stock",12.19,73.5,812851718.0,24077675,145.3,-39.6,0,4,False,False,False,True,False,False,False,True,True,False,True
DGX,Quest Diagnostics Incorporated Common Stock,233.33,73.5,25506179762.0,236883034,36.3,-6.2,5,7,False,False,False,True,True,True,True,False,True,True,True
FIVE,"Five Below, Inc. - Common Stock",221.19,73.4,12176300921.0,256971676,60.6,-16.2,5,7,False,False,False,True,True,True,True,False,True,True,True
NSP,"Insperity, Inc. Common Stock",46.48,73.4,1857435980.0,24083896,150.3,-16.9,3,7,False,False,False,True,True,True,True,False,True,True,True
BELFA,Bel Fuse Inc. - Class A Common Stock,209.31,73.3,2942037938.0,27763857,89.1,-28.7,5,4,False,False,False,False,True,True,False,False,True,False,True
EZPW,"EZCORP, Inc. - Class A Non-Voting Common Stock",30.2,73.3,1846987913.0,28112064,83.0,-18.7,5,6,False,False,False,False,True,True,True,False,True,True,True
DV,"DoubleVerify Holdings, Inc. Common Stock",13.49,73.3,2090772566.0,53158553,76.6,-1.2,2,8,True,False,False,True,True,True,True,True,True,True,True
AMGN,Amgen Inc. - Common Stock,403.04,73.2,220183196676.0,1167087252,39.9,-9.8,5,7,False,False,False,True,True,True,True,False,True,True,True
MSTR,Strategy Inc - Class A Common Stock,160.01,73.2,67489768982.0,2945779761,95.6,-56.2,0,4,False,False,False,True,False,False,False,True,True,False,True
ABNB,"Airbnb, Inc. - Class A Common Stock",162.43,73.1,96087138391.0,867164660,46.6,-16.0,5,7,False,False,False,True,True,True,True,False,True,True,True
ENLT,Enlight Renewable Energy Ltd. - Ordinary Shares,66.58,73.1,9105697118.0,15141213,115.1,-38.7,5,4,False,False,False,False,True,True,False,False,True,False,True
KSPI,Joint Stock Company Kaspi.kz - American Depository Shares,94.05,73.1,17422465449.0,58732722,37.1,-14.5,3,7,False,False,False,True,True,True,True,False,True,True,True
BIIB,Biogen Inc. - Common Stock,219.88,73.0,32922545834.0,204711899,59.3,-4.6,5,8,True,False,False,True,True,True,True,True,True,True,True
GRMN,Garmin Ltd. Common Stock (Switzerland),281.16,73.0,54473127319.0,267981439,50.6,-10.5,5,7,False,False,False,True,True,True,True,False,True,True,True
RGA,"Reinsurance Group of America, Incorporated Common Stock",249.41,72.9,15974093292.0,84222907,40.0,-3.3,5,8,True,False,False,True,True,True,True,True,True,True,True
VAL,Valaris Limited Common Shares,78.39,72.9,5524312805.0,97269074,67.9,-31.3,5,4,False,False,False,False,True,True,False,False,True,False,True
TRNS,"Transcat, Inc. - Common Stock",90.39,72.8,846636353.0,11328098,80.0,-9.6,4,8,True,False,False,True,True,True,True,True,True,True,True
EMR,Emerson Electric Company Common Stock,161.61,72.8,88450346000.0,408883848,31.8,-2.8,4,6,False,False,False,True,False,True,False,True,True,True,True
ENS,EnerSys Common Stock,196.3,72.8,6837605818.0,100843750,80.3,-19.6,5,6,False,False,False,False,True,True,False,True,True,True,True
ADM,Archer-Daniels-Midland Company Common Stock,80.45,72.7,38325426040.0,313401708,44.7,-9.4,5,7,False,False,False,True,True,True,True,False,True,True,True
RHP,"Ryman Hospitality Properties, Inc. (REIT)",121.66,72.7,8342846954.0,92947558,45.1,-11.5,5,7,False,False,False,True,True,True,True,False,True,True,True
KIDS,OrthoPediatrics Corp. - Common Stock,22.16,72.6,566321302.0,5012856,53.7,-17.1,3,7,False,False,False,True,True,True,True,False,True,True,True
BBVA,Banco Bilbao Vizcaya Argentaria S.A. Common Stock,26.98,72.6,153399988969.0,43129511,50.7,-9.0,5,7,False,False,False,True,True,True,True,False,True,True,True
SONO,"Sonos, Inc. - Common Stock",17.7,72.5,2099718127.0,30501205,42.3,-10.7,0,5,False,False,False,True,False,False,False,True,True,True,True
CRM,"Salesforce, Inc. Common Stock",234.69,72.5,194795870000.0,3139936783,60.4,-12.8,1,6,False,False,False,True,False,True,False,True,True,True,True
OXY,Occidental Petroleum Corporation Common Stock,58.08,72.5,57819025539.0,492674519,49.7,-13.9,5,7,False,False,False,True,True,True,True,False,True,True,True
CCNE,CNB Financial Corporation - Common Stock,34.1,72.4,997631407.0,5328565,49.6,-5.7,5,7,False,False,False,True,True,True,True,False,True,True,True
AVNT,Avient Corporation Common Stock,41.17,72.4,3718310557.0,32595039,49.8,-11.7,5,7,False,False,False,True,True,True,True,False,True,True,True
ROST,"Ross Stores, Inc. - Common Stock",228.54,72.3,74783973051.0,555184096,55.0,-11.1,5,7,False,False,False,True,True,True,True,False,True,True,True
SWBI,"Smith & Wesson Brands, Inc. - Common Stock",14.64,72.3,646139789.0,7423847,79.9,-16.6,5,7,False,False,False,True,True,True,False,True,True,True,True
CLH,"Clean Harbors, Inc. Common Stock",318.51,72.3,16496542872.0,139244061,58.2,-5.2,5,8,True,False,False,True,True,True,True,True,True,True,True
INGM,Ingram Micro Holding Corporation Common Stock,28.5,72.2,6410094312.0,45228221,49.8,-10.1,5,8,True,False,False,True,True,True,True,True,True,True,True
SKE,Skeena Resources Limited Common Shares,29.94,72.2,3741297863.0,16537241,94.0,-22.8,5,6,False,False,False,False,True,True,True,False,True,True,True
AAPL,Apple Inc. - Common Stock,333.69,72.1,4820749537600.0,14699371452,37.1,-3.4,5,8,True,False,False,True,True,True,True,True,True,True,True
SEIC,SEI Investments Company - Common Stock,102.43,72.1,12466392434.0,78238853,36.4,-8.7,5,7,False,False,False,True,True,True,True,False,True,True,True
NE,Noble Corporation plc A Ordinary Shares,40.7,72.0,6660273335.0,57368748,52.5,-26.0,5,4,False,False,False,False,True,True,False,False,True,False,True
SVM,Silvercorp Metals Inc. Common Shares,10.58,72.0,2351511644.0,26350513,77.8,-32.9,5,5,False,False,False,False,True,True,True,False,True,False,True
TD,Toronto Dominion Bank (The) Common Stock,117.88,72.0,192072504685.0,233509174,51.2,-6.0,5,7,False,False,False,True,True,True,True,False,True,True,True
DNOW,DNOW Inc. Common Stock,15.76,71.9,2762408414.0,37055018,44.1,-8.7,2,6,False,False,False,True,False,True,False,True,True,True,True
KEX,Kirby Corporation Common Stock,137.87,71.9,7046688000.0,64439981,73.4,-12.6,5,6,False,False,False,False,True,True,False,True,True,True,True
HST,"Host Hotels & Resorts, Inc. - Common Stock",22.56,71.8,15422150221.0,209466517,44.5,-12.3,5,7,False,False,False,True,True,True,True,False,True,True,True
GEV,GE Vernova Inc. Common Stock,988.7,71.8,262991094558.0,2138669912,86.5,-17.3,5,7,False,False,False,True,True,True,False,True,True,True,True
GOLD,"Gold.com, Inc. Common Stock",42.29,71.8,1227123680.0,24677792,83.9,-36.6,5,3,False,False,False,False,False,True,False,False,True,False,True
SAIC,Science Applications International Corporation - Common Stock,125.26,71.7,5291671301.0,58112145,54.5,-12.2,3,7,False,False,False,True,True,True,True,False,True,True,True
DXYZ,Destiny Tech100 Inc. Common Stock,32.8,71.7,,32458889,66.4,-55.0,2,6,False,False,False,True,True,True,False,True,True,False,True
INOD,Innodata Inc. - Common Stock,70.07,71.6,2470393474.0,93382489,104.7,-44.0,1,6,False,False,False,True,True,True,False,True,True,False,True
MFC,Manulife Financial Corporation Common Stock,42.93,71.6,71011291371.0,97790443,38.2,-5.3,5,7,False,False,False,True,True,True,True,False,True,True,True
PFG,Principal Financial Group Inc - Common Stock,111.96,71.5,24031104906.0,155048426,43.7,-7.6,5,7,False,False,False,True,True,True,True,False,True,True,True
KNX,Knight-Swift Transportation Holdings Inc.,66.76,71.5,10645869960.0,243046223,70.9,-19.4,5,6,False,False,False,False,True,True,True,False,True,True,True
TPC,Tutor Perini Corporation Common Stock,86.73,71.5,4376904681.0,45139428,49.8,-15.2,5,7,False,False,False,True,True,True,True,False,True,True,True
FLYW,Flywire Corporation - Voting Common Stock,17.58,71.4,2136484355.0,30239874,66.6,-10.9,5,7,False,False,False,True,True,True,True,False,True,True,True
FMBH,"First Mid Bancshares, Inc. - Common Stock",49.98,71.4,1310942223.0,6406479,46.3,-6.3,5,7,False,False,False,True,True,True,True,False,True,True,True
AXGN,"Axogen, Inc. - Common Stock",37.39,71.3,2342166799.0,52230308,144.9,-29.3,5,5,False,False,False,False,True,True,True,False,True,False,True
SOLV,Solventum Corporation Common Stock,87.85,71.3,14940536694.0,92924578,40.8,-6.7,4,5,False,False,False,True,False,True,False,False,True,True,True
LTC,"LTC Properties, Inc. Common Stock",43.0,71.2,2300150373.0,23285662,27.8,-1.4,5,7,False,False,False,True,True,True,True,True,False,True,True
SIG,Signet Jewelers Limited Common Shares,100.58,71.2,3994572583.0,82821652,40.4,-8.7,1,6,False,False,False,True,False,True,False,True,True,True,True
TRV,"The Travelers Companies, Inc. Common Stock",360.38,71.2,75429070956.0,596601036,42.9,-9.6,5,7,False,False,False,True,True,True,True,False,True,True,True
SEZL,Sezzle Inc. - Common Stock,107.41,71.1,3694654161.0,77940905,117.0,-45.1,4,5,False,False,False,False,True,True,True,False,True,False,True
ESI,Element Solutions Inc. Common Stock,37.93,71.1,8853290906.0,163035194,65.9,-23.0,5,6,False,False,False,False,True,True,False,True,True,True,True
ANDE,"The Andersons, Inc. - Common Stock",67.72,71.0,2225060079.0,25263238,70.6,-17.5,5,5,False,False,False,False,True,True,False,False,True,True,True
GSBC,"Great Southern Bancorp, Inc. - Common Stock",79.27,71.0,851204272.0,7148942,47.5,-4.4,5,8,True,False,False,True,True,True,True,True,True,True,True
SPT,"Sprout Social, Inc - Class A Common Stock",10.09,71.0,628947161.0,12493310,105.1,-21.7,1,6,False,False,False,True,False,True,False,True,True,True,True
EGBN,"Eagle Bancorp, Inc. - Common Stock",28.38,70.9,859952878.0,7755487,88.8,-3.1,5,8,True,False,False,True,True,True,True,True,True,True,True
FBP,First BanCorp. New Common Stock,27.04,70.9,4070136025.0,37911581,41.1,-9.5,5,7,False,False,False,True,True,True,True,False,True,True,True
SPSC,"SPS Commerce, Inc. - Common Stock",82.35,70.8,3031214651.0,43175037,67.9,-28.3,0,4,False,False,False,True,False,False,False,True,True,False,True
HNI,HNI Corporation Common Stock,46.82,70.8,3373055514.0,26970343,61.8,-11.3,2,5,False,False,False,True,False,True,False,False,True,True,True
KRNT,Kornit Digital Ltd. - Ordinary Shares,17.49,70.7,724845429.0,5100113,46.6,-11.6,4,8,True,False,False,True,True,True,True,True,True,True,True
TRIN,Trinity Capital Inc. Common Stock,17.59,70.7,1661872224.0,17223964,24.5,-6.9,5,6,False,False,False,True,True,True,True,False,False,True,True
TTE,TotalEnergies SE Ordinary Shares,84.4,70.7,184389141056.0,132718071,47.1,-10.4,5,6,False,False,False,False,True,True,True,False,True,True,True
FLNG,FLEX LNG Ltd. Ordinary Shares,31.24,70.6,1694173216.0,11523570,30.2,-6.5,5,8,True,False,False,True,True,True,True,True,True,True,True
URI,"United Rentals, Inc. Common Stock",1081.04,70.6,64365580300.0,492805266,54.1,-8.3,5,8,True,False,False,True,True,True,True,True,True,True,True
BGC,"BGC Group, Inc. - Class A Common Stock",11.78,70.5,5524920986.0,38495073,42.4,-8.6,5,8,True,False,False,True,True,True,True,True,True,True,True
BY,"Byline Bancorp, Inc. Common Stock",37.74,70.5,1680482960.0,10058757,47.6,-5.7,5,7,False,False,False,True,True,True,True,False,True,True,True
SNDR,"Schneider National, Inc. Common Stock",32.89,70.5,5663972047.0,24046886,63.6,-16.2,5,7,False,False,False,True,True,True,True,False,True,True,True
COKE,"Coca-Cola Consolidated, Inc. - Common Stock",192.04,70.4,12454845050.0,95402174,63.1,-12.6,5,8,True,False,False,True,True,True,True,True,True,True,True
PLGO,Pelagos Insurance Capital Limited Common Shares,24.25,70.4,2105791531.0,11388566,43.0,-7.9,5,7,False,False,False,True,True,True,True,False,True,True,True
CRBG,Corebridge Financial Inc. Common Stock,34.03,70.3,15004703091.0,152105464,53.4,-4.5,2,6,False,False,False,True,False,True,False,True,True,True,True
ST,Sensata Technologies Holding plc Ordinary Shares,43.51,70.3,6163443756.0,64872529,54.5,-19.3,5,7,False,False,False,True,True,True,True,False,True,True,True
MTCH,"Match Group, Inc. - Common Stock",40.32,70.2,9211881028.0,134187008,40.0,-10.3,3,7,False,False,False,True,True,True,True,False,True,True,True
NX,Quanex Building Products Corporation Common Stock,19.0,70.2,879863194.0,8257909,72.1,-18.6,3,7,False,False,False,True,True,True,True,False,True,True,True
SHO,"Sunstone Hotel Investors, Inc. Sunstone Hotel Investors, Inc. Common Shares",11.39,70.2,2103025973.0,24723716,31.1,-5.6,5,8,True,False,False,True,True,True,True,True,True,True,True
DCOM,"Dime Commercial Bancshares, Inc. Common Stock",39.88,70.1,1745068634.0,12439335,55.6,-5.0,5,7,False,False,False,True,True,True,True,False,True,True,True
SWK,"Stanley Black & Decker, Inc. Common Stock",91.34,70.1,13529580867.0,179206557,47.6,-12.7,5,7,False,False,False,True,True,True,True,False,True,True,True
BAP,Credicorp Ltd. Common Stock,373.31,70.0,35709549637.0,115604518,62.0,-9.7,5,7,False,False,False,True,True,True,True,False,True,True,True
SDRL,Seadrill Limited Common Shares,43.85,70.0,2818117422.0,29124557,56.0,-20.9,5,6,False,False,False,False,True,True,True,False,True,True,True
FRHC,Freedom Holding Corp. - Common Stock,173.0,69.9,11061419161.0,17276070,60.2,-2.8,2,7,False,False,False,True,True,True,True,True,True,True,False
HG,"Hamilton Insurance Group, Ltd. Class B Common Shares",34.13,69.9,2808362374.0,13644655,50.6,-8.5,5,6,False,False,False,True,True,True,True,False,True,True,False
SLF,Sun Life Financial Inc. Common Stock,78.57,69.9,43251689327.0,64759680,37.3,-6.9,5,6,False,False,False,True,True,True,True,False,True,True,False
EOG,"EOG Resources, Inc. Common Stock",141.38,69.8,74121217861.0,440912867,39.2,-8.3,5,6,False,False,False,True,True,True,True,False,True,True,False
WSM,"Williams-Sonoma, Inc. Common Stock (DE)",232.3,69.8,27488481186.0,253141218,40.4,-8.9,5,6,False,False,False,True,True,True,True,False,True,True,False
ARIS,Aris Mining Corporation Common Shares,17.5,69.7,3574848000.0,28287397,100.0,-24.9,5,3,False,False,False,False,False,True,False,False,True,True,False
KSS,Kohl's Corporation Common Stock,18.81,69.7,2145082339.0,74088410,65.3,-25.4,0,3,False,False,False,True,False,False,False,True,True,False,False
NOG,"Northern Oil and Gas, Inc. Common Stock",23.83,69.7,2506035491.0,54262979,38.7,-23.5,2,7,False,False,False,True,True,True,True,True,True,True,False
MUR,Murphy Oil Corporation Common Stock,37.66,69.6,5372490754.0,62104365,42.2,-13.1,5,6,False,False,False,True,True,True,False,True,True,True,False
NEM,Newmont Corporation,115.56,69.6,120826892716.0,876082643,52.0,-14.6,5,4,False,False,False,True,False,True,False,False,True,True,False
DSGN,"Design Therapeutics, Inc. - Common Stock",12.34,69.5,765999408.0,8443586,133.7,-28.5,5,4,False,False,False,False,True,True,True,False,True,False,False
GCO,Genesco Inc. Common Stock,34.8,69.5,376649491.0,7314146,58.7,-20.2,5,6,False,False,False,True,True,True,True,False,True,True,False
CRVL,CorVel Corp. - Common Stock,75.47,69.4,3774598185.0,13255559,68.3,-5.0,0,4,False,False,False,True,False,False,False,True,True,True,False
CVLT,"Commvault Systems, Inc. - Common Stock",150.28,69.4,6124263222.0,84462091,109.4,-20.9,1,7,False,False,False,True,True,True,True,True,True,True,False
CVLG,"Covenant Logistics Group, Inc. Class A Common Stock",33.76,69.4,839496896.0,7857255,87.6,-32.3,5,3,False,False,False,False,True,True,False,False,True,False,False
STBA,"S&T Bancorp, Inc. - Common Stock",49.64,69.3,1728361763.0,13295474,44.4,-7.2,5,6,False,False,False,True,True,True,True,False,True,True,False
ETN,"Eaton Corporation, PLC Ordinary Shares",436.11,69.3,169839552000.0,893216344,39.8,-8.8,5,7,False,False,False,True,True,True,True,True,True,True,False
HOPE,"Hope Bancorp, Inc. - Common Stock",13.68,69.2,1724514786.0,13225610,39.6,-6.2,5,6,False,False,False,True,True,True,True,False,True,True,False
GFF,Griffon Corporation Common Stock,93.97,69.2,4219202795.0,34024634,44.5,-13.4,5,6,False,False,False,True,True,True,True,False,True,True,False
MBWM,Mercantile Bank Corporation - Common Stock,59.5,69.1,1018226977.0,6873342,39.2,-5.5,5,6,False,False,False,True,True,True,True,False,True,True,False
NWBI,"Northwest Bancshares, Inc. - Common Stock",15.19,69.1,2195422239.0,15815548,35.0,-6.0,5,6,False,False,False,True,True,True,True,False,True,True,False
EMBJ,Embraer S.A. Common Stock,75.21,69.1,13387435828.0,94848530,40.4,-6.9,5,5,False,False,False,True,False,True,False,True,True,True,False
AME,"AMETEK, Inc.",251.93,69.0,57106683268.0,342290716,40.6,-3.5,5,7,False,False,False,True,True,True,True,True,True,True,False
EQH,"Equitable Holdings, Inc. Common Stock",52.64,69.0,14184176406.0,152402647,49.6,-4.4,2,5,False,False,False,True,False,True,False,True,True,True,False
TECH,Bio-Techne Corp - Common Stock,72.4,68.9,11353640431.0,223504661,67.6,-0.4,4,5,False,False,False,True,False,True,False,True,True,True,False
MD,"Pediatrix Medical Group, Inc. Common Stock",25.97,68.9,2093084261.0,20315310,65.4,-7.1,5,6,False,False,False,True,True,True,True,False,True,True,False
WTS,"Watts Water Technologies, Inc. Class A Common Stock",363.07,68.9,12000872645.0,71298921,39.6,-8.0,5,7,False,False,False,True,True,True,True,True,True,True,False
TILE,"Interface, Inc. - Common Stock",34.89,68.8,1991225847.0,17513351,43.0,-13.9,5,6,False,False,False,True,True,True,True,False,True,True,False
MET,"MetLife, Inc. Common Stock",94.43,68.8,59957248062.0,326394020,40.2,-6.4,5,6,False,False,False,True,True,True,True,False,True,True,False
PLUS,ePlus inc. - Common Stock,93.4,68.7,2423538928.0,20837943,34.9,-4.8,5,5,False,False,False,True,False,True,False,True,True,True,False
RIOT,"Riot Platforms, Inc. - Common Stock",19.73,68.7,7358827715.0,394469201,71.6,-34.9,5,4,False,False,False,False,True,True,True,False,True,False,False
FTDR,"Frontdoor, Inc. - Common Stock",77.24,68.6,5198000692.0,43938138,59.4,-17.3,5,6,False,False,False,True,True,True,True,False,True,True,False
GABC,"German American Bancorp, Inc. - Common Stock",49.4,68.6,1833845830.0,7018976,32.8,-5.4,5,6,False,False,False,True,True,True,True,False,True,True,False
SLB,SLB Limited Common Shares,48.74,68.6,72218409620.0,694129671,54.0,-19.4,5,5,False,False,False,False,True,True,True,False,True,True,False
CACI,"CACI International, Inc. Class A Common Stock",615.04,68.5,13857773295.0,169494457,41.5,-10.0,2,5,False,False,False,True,False,True,False,True,True,True,False
XPRO,Expro Ltd Ordinary Shares,16.3,68.5,1848343113.0,14513639,38.4,-15.2,5,5,False,False,False,False,True,True,True,False,True,True,False
TFSL,TFS Financial Corporation - Common Stock,16.82,68.4,4610478892.0,15041070,34.1,-13.7,5,6,False,False,False,True,True,True,True,False,True,True,False
UVSP,Univest Financial Corporation - Common Stock,41.81,68.4,1136879257.0,10313518,49.1,-8.0,5,6,False,False,False,True,True,True,True,False,True,True,False
OFG,OFG Bancorp Common Stock,51.29,68.4,2142437891.0,13286684,43.6,-5.8,5,6,False,False,False,True,True,True,True,False,True,True,False
BUSE,First Busey Corporation - Common Stock,29.73,68.3,2450762699.0,23335461,35.1,-6.2,5,6,False,False,False,True,True,True,True,False,True,True,False
DDS,"Dillard's, Inc. Common Stock",654.11,68.3,10095632154.0,110896949,30.0,-11.8,2,5,False,False,False,True,False,True,False,True,True,True,False
NBTB,NBT Bancorp Inc. - Common Stock,51.53,68.2,2636453495.0,17485693,31.5,-5.4,5,6,False,False,False,True,True,True,True,False,True,True,False
RGR,"Sturm, Ruger & Company, Inc. Common Stock",44.37,68.2,698409570.0,6682351,56.6,-8.0,1,6,False,False,False,True,True,True,False,True,True,True,False
KARO,Karooooo Ltd. - Ordinary shares,60.0,68.1,1877076908.0,5442471,45.5,-12.8,3,6,False,False,False,True,True,True,True,False,True,True,False
THFF,First Financial Corporation  - Common Stock,74.99,68.1,879881385.0,8339806,46.4,-10.9,5,6,False,False,False,True,True,True,True,False,True,True,False
DAL,"Delta Air Lines, Inc. Common Stock",84.09,68.1,55325825514.0,496106871,52.8,-12.1,5,7,False,False,False,True,True,True,True,True,True,True,False
GILD,"Gilead Sciences, Inc. - Common Stock",144.74,68.0,182893385363.0,868220868,33.5,-8.0,5,7,False,False,False,True,True,True,True,True,True,True,False
BDX,"Becton, Dickinson and Company Common Stock",176.8,68.0,48503917476.0,327151534,38.6,-8.4,3,4,False,False,False,True,False,True,False,False,True,True,False
INSP,"Inspire Medical Systems, Inc. Common Stock",69.97,67.9,2046276343.0,50933430,79.8,-52.4,0,3,False,False,False,True,False,False,False,True,True,False,False
SPB,"Spectrum Brands Holdings, Inc. Common Stock",78.32,67.9,1827000102.0,29625495,56.7,-20.9,5,5,False,False,False,False,True,True,True,False,True,True,False
FA,First Advantage Corporation - Common Stock,18.09,67.8,3149962693.0,41879542,105.1,-28.1,4,5,False,False,False,True,True,True,True,False,True,False,False
INTA,"Intapp, Inc. - Common Stock",36.49,67.8,2876054053.0,24762991,92.0,-23.9,0,3,False,False,False,True,False,False,False,False,True,True,False
META,"Meta Platforms, Inc. - Class A Common Stock",728.08,67.8,1849311193914.0,12508369617,39.9,-6.6,1,5,False,False,False,True,False,True,False,True,True,True,False
NOVT,Novanta Inc. - Common Shares,149.27,67.7,5429875417.0,56850449,51.9,-15.4,5,7,False,False,False,True,True,True,True,True,True,True,False
PDS,Precision Drilling Corporation Common Stock,84.91,67.7,1054829986.0,9714452,58.9,-18.2,5,5,False,False,False,False,True,True,False,True,True,True,False
EQIX,"Equinix, Inc. - Common Stock",1025.72,67.6,99888307888.0,589119503,42.3,-9.1,5,5,False,False,False,False,True,True,True,False,True,True,False
IBKR,"Interactive Brokers Group, Inc. - Class A Common Stock",88.3,67.6,38878637854.0,381209963,49.8,-10.6,5,6,False,False,False,True,True,True,True,False,True,True,False
VEEE,Twin Vee PowerCats Co. - Common Stock,10.87,67.6,6579454.0,12731086,161.3,-91.5,0,1,False,False,False,False,False,False,False,False,True,False,False
SNEX,StoneX Group Inc. - Common Stock,65.81,67.5,7888334469.0,63215049,80.6,-30.5,5,3,False,False,False,False,True,True,False,False,True,False,False
RIO,Rio Tinto Plc Common Stock,94.21,67.5,116648303296.0,210695314,44.3,-16.3,5,5,False,False,False,False,True,True,True,False,True,True,False
BNY,The Bank of New York Mellon Corporation Common Stock,145.4,67.4,97650316117.0,493599778,41.0,-12.3,5,6,False,False,False,True,True,True,True,False,True,True,False
CF,"CF Industries Holdings, Inc. Common Stock",115.01,67.4,17334269410.0,314191431,52.5,-19.0,5,5,False,False,False,False,True,True,True,False,True,True,False
CSX,CSX Corporation - Common Stock,47.43,67.3,86214182637.0,533482764,41.0,-11.5,5,6,False,False,False,True,True,True,True,False,True,True,False
CHE,Chemed Corp,507.5,67.3,6572883387.0,84547940,39.0,-8.9,3,6,False,False,False,True,True,True,True,False,True,True,False
MGA,"Magna International, Inc. Common Stock",64.57,67.3,17111187143.0,81675196,49.8,-11.8,5,6,False,False,False,True,True,True,True,False,True,True,False
IPAR,"Interparfums, Inc. - Common Stock",113.95,67.2,3582083605.0,27940109,47.6,-11.9,3,6,False,False,False,True,True,True,True,False,True,True,False
WS,"Worthington Steel, Inc. Common Shares",36.97,67.2,1850890668.0,9474451,35.8,-24.8,5,5,False,False,False,True,False,True,False,True,True,True,False
PCTY,Paylocity Holding Corporation - Common Stock,144.47,67.1,7778150776.0,105852303,55.4,-10.8,0,3,False,False,False,True,False,False,False,False,True,True,False
NIC,Nicolet Bankshares Inc. Common Stock,166.47,67.1,3429068277.0,27004984,45.9,-7.5,5,6,False,False,False,True,True,True,True,False,True,True,False
QCRH,"QCR Holdings, Inc. - Common Stock",100.95,67.0,1625443446.0,12292030,51.5,-6.6,5,6,False,False,False,True,True,True,True,False,True,True,False
HSBC,"HSBC Holdings, plc. Common Stock",96.14,67.0,328982481368.0,137961187,48.7,-10.9,5,6,False,False,False,True,True,True,True,False,True,True,False
NOV,NOV Inc. Common Stock,18.8,67.0,6741001344.0,68257738,53.0,-14.3,5,5,False,False,False,False,True,True,True,False,True,True,False
BMY,Bristol-Myers Squibb Company Common Stock,61.15,66.9,125545242758.0,726564141,43.8,-10.9,5,6,False,False,False,True,True,True,True,False,True,True,False
KWR,Quaker Houghton Common Stock,160.73,66.9,2725527920.0,24741568,43.3,-12.2,5,4,False,False,False,True,False,True,False,False,True,True,False
ATEN,"A10 Networks, Inc. Common Stock",27.63,66.8,2004008980.0,35858168,67.3,-28.2,5,4,False,False,False,False,True,True,False,True,True,False,False
IFF,"International Flavors & Fragrances, Inc. Common Stock",82.42,66.8,21208064925.0,137690011,39.4,-7.7,5,6,False,False,False,True,True,True,True,False,True,True,False
PRGO,Perrigo Company plc Ordinary Shares,14.26,66.8,1945544815.0,38237597,54.5,-37.0,1,4,False,False,False,True,False,True,False,True,True,False,False
BATRK,"Atlanta Braves Holdings, Inc. - Series C Common Stock",52.03,66.7,3352772618.0,27585392,37.8,-5.2,5,7,False,False,False,True,True,True,True,True,True,True,False
JBHT,"J.B. Hunt Transport Services, Inc. - Common Stock",234.2,66.7,21337474141.0,255596439,77.2,-21.9,5,5,False,False,False,False,True,True,True,False,True,True,False
WDAY,"Workday, Inc. - Class A Common Stock",186.14,66.6,45006750000.0,739222442,68.7,-24.8,0,4,False,False,False,True,False,False,False,True,True,True,False
KO,Coca-Cola Company (The) Common Stock,85.65,66.6,370449489822.0,1388155392,30.1,-7.4,5,6,False,False,False,True,True,True,True,False,True,True,False
ABM,ABM Industries Incorporated Common Stock,48.97,66.5,2840463128.0,22235722,32.5,-4.5,3,5,False,False,False,True,False,True,False,True,True,True,False
JHX,James Hardie Industries plc. Ordinary Shares,24.99,66.5,14629166698.0,268336174,51.8,-20.5,4,6,False,False,False,True,True,True,True,False,True,True,False
XHR,"Xenia Hotels & Resorts, Inc. Common Stock",18.2,66.5,1666882238.0,15185346,54.9,-17.5,5,6,False,False,False,True,True,True,True,False,True,True,False
CM,Canadian Imperial Bank of Commerce Common Stock,111.02,66.4,99829777373.0,145278976,40.0,-11.1,5,6,False,False,False,True,True,True,True,False,True,True,False
WPM,Wheaton Precious Metals Corp Common Shares (Canada),136.28,66.4,60594022931.0,297949931,47.2,-17.8,5,4,False,False,False,True,False,True,False,False,True,True,False
CATY,Cathay General Bancorp - Common Stock,60.84,66.3,4008166306.0,27501302,36.5,-6.8,5,6,False,False,False,True,True,True,True,False,True,True,False
UBSI,"United Bankshares, Inc. - Common Stock",47.04,66.3,6320263294.0,45381270,37.9,-5.2,5,6,False,False,False,True,True,True,True,False,True,True,False
AU,AngloGold Ashanti PLC Ordinary Shares,94.92,66.3,47643463915.0,272216812,51.8,-26.5,5,2,False,False,False,False,False,True,False,False,True,False,False
HYMC,Hycroft Mining Holding Corporation - Class A Common Stock,18.71,66.2,1763929221.0,44387782,216.0,-68.1,5,2,False,False,False,False,False,True,False,False,True,False,False
URBN,"Urban Outfitters, Inc. - Common Stock",80.8,66.2,6747452457.0,85536264,35.7,-5.4,3,5,False,False,False,True,False,True,False,True,True,True,False
GHM,Graham Corporation Common Stock,91.49,66.1,1019948168.0,17474319,74.0,-27.3,5,3,False,False,False,False,True,True,False,False,True,False,False
OUT,OUTFRONT Media Inc. Common Stock,28.7,66.1,4940593791.0,52080355,69.1,-17.9,5,4,False,False,False,False,True,True,False,False,True,True,False
SHOP,Shopify Inc. - Class A Subordinate Voting Shares,151.39,66.0,193192465717.0,1396400046,61.1,-16.9,0,4,False,False,False,True,False,False,False,True,True,True,False
IAG,Iamgold Corporation Ordinary Shares,18.52,66.0,10472140000.0,105969036,70.4,-25.5,5,3,False,False,False,True,False,True,False,False,True,False,False
W,Wayfair Inc. Class A Common Stock,101.25,66.0,13884453256.0,299835722,82.1,-15.6,5,5,False,False,False,True,False,True,False,True,True,True,False
CMCO,Columbus McKinnon Corporation - Common Stock,16.74,65.9,459951728.0,10052806,39.6,-31.4,3,3,False,False,False,True,False,True,False,False,True,False,False
MTUS,Metallus Inc. Common Shares,19.89,65.9,804945095.0,7184445,40.2,-11.9,5,4,False,False,False,True,False,True,False,False,True,True,False
BBNX,"Beta Bionics, Inc. - Common Stock",18.96,65.8,993351955.0,25041716,115.5,-42.0,0,3,False,False,False,True,False,False,False,True,True,False,False
CHCO,City Holding Company - Common Stock,142.82,65.8,1985845172.0,16534071,26.2,-4.1,5,5,False,False,False,True,True,True,True,False,False,True,False
HAFC,Hanmi Financial Corporation - Common Stock,31.67,65.7,925353249.0,7168244,38.6,-5.5,5,6,False,False,False,True,True,True,True,False,True,True,False
LNG,"Cheniere Energy, Inc. Common Stock",269.95,65.7,56259904639.0,521524785,45.0,-10.3,5,6,False,False,False,True,True,True,True,False,True,True,False
SJM,The J.M. Smucker Company Common Stock,117.19,65.7,12386148069.0,162182473,32.8,-13.8,4,6,False,False,False,True,True,True,True,False,True,True,False
BAX,Baxter International Inc. Common Stock,23.49,65.6,12221785416.0,173997469,49.3,-21.7,3,6,False,False,False,True,True,True,True,False,True,True,False
BWA,BorgWarner Inc. Common Stock,60.52,65.6,12297374455.0,143002283,49.4,-23.2,5,5,False,False,False,False,True,True,True,False,True,True,False
AMPH,"Amphastar Pharmaceuticals, Inc. - Common Stock",25.43,65.5,1078336880.0,10810682,52.7,-13.9,0,4,False,False,False,True,False,False,False,True,True,True,False
ICUI,"ICU Medical, Inc. - Common Stock",159.38,65.5,3930606233.0,48359915,41.7,-17.4,4,4,False,False,False,True,False,True,False,False,True,True,False
MLKN,"MillerKnoll, Inc. - Common Stock",20.24,65.5,1386315869.0,14107251,47.0,-18.1,3,4,False,False,False,True,False,True,False,False,True,True,False
NTRS,Northern Trust Corporation - Common Stock,171.4,65.4,30956096488.0,185855155,41.5,-12.5,5,6,False,False,False,True,True,True,True,False,True,True,False
EGO,Eldorado Gold Corporation Ordinary Shares,38.12,65.4,9828240047.0,123268571,56.0,-25.5,5,3,False,False,False,True,False,True,False,False,True,False,False
ITRN,Ituran Location and Control Ltd. - Ordinary Shares,52.53,65.3,1020938526.0,6492489,50.1,-23.1,5,5,False,False,False,False,True,True,False,True,True,True,False
PSMT,"PriceSmart, Inc. - Common Stock",170.68,65.3,5173458243.0,40781452,52.8,-14.6,5,6,False,False,False,True,True,True,True,False,True,True,False
AVPT,"AvePoint, Inc. - Class A Common Stock",14.07,65.2,2978841198.0,26667817,59.3,-9.7,1,5,False,False,False,True,False,True,False,True,True,True,False
GO,Grocery Outlet Holding Corp. - Common Stock,11.62,65.2,1166224471.0,28533004,105.5,-31.6,1,4,False,False,False,True,False,True,False,True,True,False,False
MCHP,Microchip Technology Incorporated - Common Stock,81.32,65.2,42626182244.0,707913728,67.6,-23.2,5,6,False,False,False,True,True,True,False,True,True,True,False
GOOD,Gladstone Commercial Corporation - Real Estate Investment Trust,12.94,65.1,615743413.0,5412844,25.3,-2.6,5,6,False,False,False,True,True,True,True,True,False,True,False
BMO,Bank Of Montreal Common Stock,165.7,65.1,115593839013.0,140465216,38.3,-11.5,5,6,False,False,False,True,True,True,True,False,True,True,False
PEBO,Peoples Bancorp Inc. - Common Stock,37.48,65.0,1325912000.0,12901170,36.3,-11.4,5,6,False,False,False,True,True,True,True,False,True,True,False
JNJ,Johnson & Johnson Common Stock,256.03,65.0,623344371100.0,1785965185,40.0,-8.9,5,6,False,False,False,True,True,True,True,False,True,True,False
MPTI,"M-tron Industries, Inc. Common Stock",77.11,65.0,334504793.0,11556293,77.1,-26.5,5,4,False,False,False,False,True,True,True,False,True,False,False
AVBP,"ArriVent BioPharma, Inc. - Common Stock",28.27,64.9,1426472600.0,15644741,66.3,-21.1,5,5,False,False,False,False,True,True,True,False,True,True,False
THG,Hanover Insurance Group Inc,219.43,64.9,7553898744.0,68864659,31.8,-7.0,5,6,False,False,False,True,True,True,True,False,True,True,False
ARQQ,Arqit Quantum Inc. - Ordinary Shares,24.62,64.8,416787743.0,6501811,113.7,-60.3,0,3,False,False,False,True,False,False,False,True,True,False,False
WABC,Westamerica Bancorporation - Common Stock,59.6,64.8,1366331365.0,10888863,32.7,-6.3,5,7,False,False,False,True,True,True,True,True,True,True,False
SFNC,Simmons First National Corporation - Common Stock,22.9,64.7,3284798424.0,30127201,34.7,-5.8,5,6,False,False,False,True,True,True,True,False,True,True,False
IOT,Samsara Inc. Class A Common Stock,41.12,64.7,23447632568.0,242274023,75.9,-13.4,0,6,False,False,False,True,True,False,True,True,True,True,False
MLI,"Mueller Industries, Inc. Common Stock",62.56,64.7,13562842712.0,92130866,29.6,-12.0,5,5,False,False,False,True,True,True,True,False,False,True,False
HRI,Herc Holdings Inc. Common Stock ,138.37,64.6,4408270206.0,93386602,56.4,-26.5,5,2,False,False,False,False,False,True,False,False,True,False,False
NTB,Bank of N.T. Butterfield & Son Limited (The) Voting Ordinary Shares,58.76,64.6,2332800000.0,10727364,44.8,-8.4,5,6,False,False,False,True,True,True,True,False,True,True,False
MKTX,"MarketAxess Holdings, Inc. - Common Stock",164.14,64.5,5779376560.0,194362668,50.9,-16.2,0,4,False,False,False,True,False,False,False,True,True,True,False
QCOM,QUALCOMM Incorporated - Common Stock,184.87,64.5,191237094675.0,2165770623,51.5,-28.9,1,5,False,False,False,True,True,True,False,True,True,False,False
INCY,Incyte Corporation - Common Stock,115.3,64.4,23744013966.0,202684614,39.2,-13.0,5,6,False,False,False,True,True,True,True,False,True,True,False
ETSY,"Etsy, Inc. Common Stock",72.77,64.4,6685382524.0,247048840,65.4,-17.3,5,6,False,False,False,True,True,True,True,False,True,True,False
WOR,"Worthington Enterprises, Inc. Common Shares",60.66,64.4,2893530006.0,20152937,34.8,-10.2,2,7,False,False,False,True,True,True,True,True,True,True,False
BFST,"Business First Bancshares, Inc. - Common Stock",30.9,64.3,991469436.0,6883136,37.0,-5.0,5,6,False,False,False,True,True,True,True,False,True,True,False
MTD,"Mettler-Toledo International, Inc. Common Stock",1486.1899,64.3,29677550094.0,266967277,45.3,-4.4,0,4,False,False,False,True,False,False,False,True,True,True,False
FCF,First Commonwealth Financial Corporation Common Stock,20.56,64.2,2049414159.0,19318463,37.1,-8.0,5,6,False,False,False,True,True,True,True,False,True,True,False
JBL,Jabil Inc. Common Stock,304.41,64.2,31414121411.0,376627354,60.6,-29.0,5,3,False,False,False,False,True,True,False,False,True,False,False
TTC,Toro Company (The) Common Stock,98.64,64.2,9257131735.0,72952598,45.8,-6.2,5,7,False,False,False,True,True,True,True,True,True,True,False
BFC,Bank First Corporation - Common Stock,152.6,64.1,1657298247.0,11055560,28.1,-4.1,5,6,False,False,False,True,True,True,True,True,False,True,False
ITIC,Investors Title Company - Common Stock,290.2,64.1,539494857.0,19234544,38.4,-6.3,5,6,False,False,False,True,True,True,True,False,True,True,False
PKE,Park Aerospace Corp. Common Stock,30.42,64.0,646445991.0,8033831,66.7,-23.7,5,5,False,False,False,False,True,True,True,False,True,True,False
UNF,Unifirst Corporation Common Stock,251.78,64.0,4562998531.0,73711510,70.5,-17.9,5,5,False,False,False,False,True,True,True,False,True,True,False
ASTH,Astrana Health Inc. - Common Stock,35.88,63.9,1731688417.0,16213533,98.5,-30.5,5,5,False,False,False,True,True,True,True,False,True,False,False
FDX,FedEx Corporation Common Stock,290.36,63.9,67940981775.0,487701192,60.4,-15.9,5,5,False,False,False,False,True,True,True,False,True,True,False
GNRC,Generac Holdlings Inc. Common Stock,216.8,63.9,12268012516.0,261273026,60.8,-26.9,5,4,False,False,False,False,True,True,False,True,True,False,False
SMBC,"Southern Missouri Bancorp, Inc. - Common Stock",72.59,63.8,785907589.0,6931760,52.5,-9.1,5,6,False,False,False,True,True,True,True,False,True,True,False
GTES,Gates Industrial Corporation Ltd. Common Shares,27.65,63.8,6708506005.0,49872710,32.4,-8.9,5,7,False,False,False,True,True,True,True,True,True,True,False
FPI,Farmland Partners Inc. Common Stock,11.24,63.7,501316996.0,6308905,22.0,-15.0,2,4,False,False,False,True,False,True,False,True,False,True,False
LYB,LyondellBasell Industries NV Ordinary Shares Class A (Netherlands),58.58,63.7,18665132867.0,243919807,40.9,-30.2,5,3,False,False,False,False,True,True,False,False,True,False,False
FANG,"Diamondback Energy, Inc. - Common Stock",184.71,63.6,51947317725.0,480397588,34.8,-14.8,5,5,False,False,False,False,True,True,True,False,True,True,False
PM,Philip Morris International Inc Common Stock,187.46,63.6,293299876951.0,858831707,31.9,-9.8,5,6,False,False,False,True,True,True,True,False,True,True,False
VRT,"Vertiv Holdings, LLC Class A Common Stock",252.18,63.6,94753289139.0,1413308515,70.6,-33.6,5,3,False,False,False,False,True,True,False,False,True,False,False
RUSHA,"Rush Enterprises, Inc. - Class A Common Stock",47.18,63.5,5391775190.0,34725252,55.0,-15.4,5,5,False,False,False,False,True,True,True,False,True,True,False
PFE,"Pfizer, Inc. Common Stock",27.8,63.5,160274821323.0,980892231,17.7,-4.8,5,6,False,False,False,True,True,True,True,True,False,True,False
HAS,"Hasbro, Inc. - Common Stock",89.54,63.4,12691181141.0,155109868,28.8,-16.3,5,5,False,False,False,True,True,True,True,False,False,True,False
LIVN,LivaNova PLC - Ordinary Shares,75.07,63.4,4115484973.0,52899819,53.8,-12.5,5,6,False,False,False,True,True,True,True,False,True,True,False
GWW,"W.W. Grainger, Inc. Common Stock",1280.3,63.4,60368335343.0,346743061,41.2,-9.8,5,6,False,False,False,True,True,True,True,False,True,True,False
FCFS,"FirstCash Holdings, Inc. - Common Stock",210.36,63.3,9027840170.0,87527673,44.0,-12.0,5,5,False,False,False,False,True,True,True,False,True,True,False
CNI,Canadian National Railway Company Common Stock,119.77,63.3,70776356000.0,172906982,32.0,-9.0,5,6,False,False,False,True,True,True,True,False,True,True,False
SFST,"Southern First Bancshares, Inc. - Common Stock",60.85,63.2,567168689.0,6084325,48.8,-6.5,5,6,False,False,False,True,True,True,True,False,True,True,False
LH,Labcorp Holdings Inc. Common Stock,308.49,63.2,24703060000.0,235743156,26.2,-9.7,3,5,False,False,False,True,True,True,True,False,False,True,False
CECO,CECO Environmental Corp. - Common Stock,73.66,63.1,4209413682.0,60632561,72.0,-27.2,5,4,False,False,False,False,True,True,False,True,True,False,False
ADX,Adams Diversified Equity Fund Inc.,25.79,63.1,,6928700,23.3,-2.9,5,5,False,False,False,True,True,True,True,False,False,True,False
DVA,DaVita Inc. Common Stock,178.69,63.1,11251130000.0,156037151,76.9,-27.8,5,4,False,False,False,False,True,True,True,False,True,False,False
MMSI,"Merit Medical Systems, Inc. - Common Stock",85.37,63.0,5144052683.0,72727908,42.9,-9.9,2,4,False,False,False,True,False,True,False,False,True,True,False
PCVX,"Vaxcyte, Inc. - Common Stock",56.48,63.0,8340535832.0,69523913,49.8,-13.1,5,6,False,False,False,True,True,True,True,False,True,True,False
FMNB,Farmers National Banc Corp. - Common Stock,15.34,62.9,897600716.0,6161347,26.6,-6.8,5,5,False,False,False,True,True,True,True,False,False,True,False
NAVN,"Navan, Inc. - Class A Common Stock",21.43,62.9,5598825600.0,83263994,164.4,-30.6,1,5,False,False,False,True,True,True,True,False,True,False,False
NBBK,"NB Bancorp, Inc. - Common Stock",22.57,62.9,975837772.0,7179466,34.1,-3.8,5,6,False,False,False,True,True,True,True,False,True,True,False
RDW,Redwire Corporation Common Stock,10.88,62.8,2642421877.0,163299909,123.4,-59.2,4,3,False,False,False,False,True,True,False,False,True,False,False
SBH,"Sally Beauty Holdings, Inc. (Name to be changed from Sally Holdings, Inc.) Common Stock",16.24,62.8,1504510232.0,21799405,40.7,-9.4,2,5,False,False,False,True,False,True,False,True,True,True,False
GCMG,GCM Grosvenor Inc. - Class A Common Stock,13.05,62.7,2652520668.0,6171197,40.3,-12.2,3,6,False,False,False,True,True,True,True,False,True,True,False
CFR,"Cullen/Frost Bankers, Inc. Common Stock",155.04,62.7,9538595522.0,87630814,30.3,-9.2,5,6,False,False,False,True,True,True,True,False,True,True,False
ABBV,AbbVie Inc. Common Stock,262.82,62.6,459326795890.0,1195419274,37.8,-2.4,5,7,False,False,False,True,True,True,True,True,True,True,False
ALSN,"Allison Transmission Holdings, Inc. Common Stock",117.97,62.6,9602174259.0,100779569,55.2,-14.3,5,5,False,False,False,False,True,True,True,False,True,True,False
ECG,"Everus Construction Group, Inc. Common Stock",123.35,62.6,6108766701.0,62379934,57.9,-28.1,5,4,False,False,False,False,True,True,False,True,True,False,False
ROK,"Rockwell Automation, Inc. Common Stock",454.35,62.5,49233160505.0,336892966,36.6,-8.6,5,7,False,False,False,True,True,True,True,True,True,True,False
SXI,Standex International Corporation Common Stock,288.59,62.5,3501691301.0,39872001,37.5,-20.7,5,6,False,False,False,True,True,True,True,False,True,True,False
BPOP,"Popular, Inc. - Common Stock",158.14,62.4,9982610977.0,81356930,45.4,-11.8,5,6,False,False,False,True,True,True,True,False,True,True,False
MAC,Macerich Company (The) Common Stock,23.05,62.4,6391428313.0,83967497,43.8,-13.6,5,6,False,False,False,True,True,True,True,False,True,True,False
CTO,"CTO Realty Growth, Inc. Common Stock",20.54,62.3,762828989.0,8231636,36.3,-9.6,5,6,False,False,False,True,True,True,True,False,True,True,False
KGS,"Kodiak Gas Services, Inc. Common Stock",54.33,62.3,5429777561.0,107869923,66.9,-30.1,5,3,False,False,False,False,True,True,False,False,True,False,False
WELL,Welltower Inc. Common Stock,227.71,62.3,163565859180.0,673756479,39.1,-10.8,5,6,False,False,False,True,True,True,True,False,True,True,False
CWBC,Community West Bancshares - Common Stock,26.53,62.2,711919487.0,5769167,34.1,-5.8,5,7,False,False,False,True,True,True,True,True,True,True,False
WK,Workiva Inc. Class A Common Stock,71.23,62.2,3789020059.0,65897375,64.4,-26.6,0,3,False,False,False,True,False,False,False,True,True,False,False
CVBF,CVB Financial Corporation - Common Stock,22.28,62.1,3873703544.0,28740622,24.1,-4.8,5,5,False,False,False,True,True,True,True,False,False,True,False
IRM,Iron Mountain Incorporated (Delaware)Common Stock REIT,113.39,62.1,33083713498.0,199186811,45.8,-15.8,5,5,False,False,False,False,True,True,True,False,True,True,False
MHK,"Mohawk Industries, Inc. Common Stock",126.41,62.1,8475396702.0,134135572,35.9,-9.9,2,4,False,False,False,True,False,True,False,False,True,True,False
FFBC,First Financial Bancorp. - Common Stock,31.87,62.0,3313809838.0,26568286,38.2,-12.1,5,6,False,False,False,True,True,True,True,False,True,True,False
HGTY,"Hagerty, Inc. Class A Common Stock",13.61,62.0,4873820101.0,5132812,45.4,-4.0,2,5,False,False,False,True,False,True,False,True,True,True,False
MCK,McKesson Corporation Common Stock,902.28,61.9,104793750072.0,834011847,24.7,-9.7,5,4,False,False,False,True,False,True,False,True,False,True,False
RY,Royal Bank Of Canada Common Stock,195.67,61.9,270462205533.0,253315457,36.7,-10.5,5,6,False,False,False,True,True,True,True,False,True,True,False
HBNC,"Horizon Bancorp, Inc. - Common Stock",19.48,61.8,979653423.0,11083163,30.1,-7.4,5,6,False,False,False,True,True,True,True,False,True,True,False
JOE,St. Joe Company (The) Common Stock,65.38,61.8,3709588187.0,15569992,41.0,-11.1,5,6,False,False,False,True,True,True,True,False,True,True,False
REX,REX American Resources Corporation,43.37,61.8,1451434250.0,8795903,43.1,-18.7,5,5,False,False,False,False,True,True,False,True,True,True,False
SIBN,"SI-BONE, Inc. - Common Stock",18.08,61.7,825109966.0,10403791,57.5,-17.4,0,3,False,False,False,True,False,False,False,False,True,True,False
VRSN,"VeriSign, Inc. - Common Stock",288.32,61.7,25907070000.0,223395180,38.0,-7.7,2,6,False,False,False,True,True,True,True,False,True,True,False
PNRG,PrimeEnergy Resources Corporation - Common Stock,204.66,61.6,318767292.0,18467414,61.9,-26.6,5,4,False,False,False,False,True,True,False,True,True,False,False
ZGN,Ermenegildo Zegna N.V. Ordinary Shares,12.52,61.6,3386098071.0,14195455,44.9,-21.5,5,5,False,False,False,False,True,True,True,False,True,True,False
OMDA,"Omada Health, Inc. - Common Stock",20.37,61.5,1249432908.0,31622024,98.2,-24.3,1,6,False,False,False,True,True,True,True,False,True,True,False
DAN,Dana Incorporated Common Stock ,27.88,61.5,2972343641.0,42658244,57.2,-29.5,5,3,False,False,False,False,True,True,False,False,True,False,False
M,Macy's Inc Common Stock,22.73,61.5,5944380463.0,134818426,38.5,-14.5,5,6,False,False,False,True,True,True,True,False,True,True,False
SYBT,"Stock Yards Bancorp, Inc. - Common Stock",78.64,61.4,2405179501.0,13268908,27.8,-11.9,3,5,False,False,False,True,True,True,True,False,False,True,False
LLY,Eli Lilly and Company Common Stock,1142.85,61.4,1082419421190.0,2984202955,45.8,-11.6,5,6,False,False,False,True,True,True,True,False,True,True,False
FAST,Fastenal Company - Common Stock,50.75,61.3,57633065604.0,351769476,30.2,-4.1,3,7,False,False,False,True,True,True,True,True,True,True,False
ENR,"Energizer Holdings, Inc. Common Stock",22.11,61.3,1452537941.0,21624214,40.4,-12.8,1,5,False,False,False,True,False,True,False,True,True,True,False
ITT,ITT Inc. Common Stock ,206.17,61.3,18070422000.0,174568655,23.5,-10.5,5,6,False,False,False,True,True,True,True,True,False,True,False
IFS,Intercorp Financial Services Inc. Common Shares,53.11,61.2,5983555611.0,13363390,38.7,-13.5,5,6,False,False,False,True,True,True,True,False,True,True,False
KMT,Kennametal Inc. Common Stock,32.6,61.2,2419272282.0,47698036,60.0,-25.6,5,4,False,False,False,False,True,True,False,True,True,False,False
EHC,Encompass Health Corporation Common Stock,119.8,61.1,11745671899.0,109221786,29.1,-6.4,2,5,False,False,False,True,True,True,True,False,False,True,False
SOBO,South Bow Corporation Common Shares,33.82,61.1,6989670851.0,22013169,35.2,-13.3,5,5,False,False,False,False,True,True,True,False,True,True,False
LECO,"Lincoln Electric Holdings, Inc. - Common Shares",274.38,61.0,14683850936.0,123875706,26.9,-11.5,5,6,False,False,False,True,True,True,True,True,False,True,False
RDWR,Radware Ltd. - Ordinary Shares,30.7,61.0,1274285936.0,8334593,41.6,-6.4,5,7,False,False,False,True,True,True,True,True,True,True,False
SPNT,SiriusPoint Ltd. Common Shares,24.42,61.0,2835588041.0,20051766,40.4,-7.8,5,7,False,False,False,True,True,True,True,True,True,True,False
FSBC,Five Star Bancorp - Common Stock,43.65,60.9,1053111473.0,8394274,42.3,-13.2,5,6,False,False,False,True,True,True,True,False,True,True,False
CAH,"Cardinal Health, Inc. Common Stock",228.3,60.9,53279489691.0,428192529,51.4,-11.6,5,6,False,False,False,True,True,True,True,False,True,True,False
ALRM,"Alarm.com Holdings, Inc. - Common Stock",54.68,60.8,2693089908.0,23280534,31.8,-6.0,2,4,False,False,False,True,False,True,False,False,True,True,False
HTO,H2O America  - Common Stock,60.13,60.8,2519779601.0,26215900,37.4,-10.4,5,6,False,False,False,True,True,True,True,False,True,True,False
LION,Lionsgate Studios Corp Common Shares,11.16,60.8,3347546400.0,31502281,90.0,-33.2,5,3,False,False,False,False,True,True,False,False,True,False,False
ALKS,Alkermes plc - Ordinary Shares,41.75,60.7,6801123047.0,86047730,54.6,-25.0,5,5,False,False,False,True,True,True,True,False,True,False,False
OKE,"ONEOK, Inc. Common Stock",87.88,60.7,54943020176.0,345051520,37.3,-12.0,5,5,False,False,False,False,True,True,True,False,True,True,False
NTR,Nutrien Ltd. Common Shares,70.06,60.6,33607226507.0,194880373,32.1,-17.9,5,5,False,False,False,False,True,True,True,False,True,True,False
XPO,"XPO, Inc. Common Stock",186.09,60.6,21043950354.0,195136243,53.2,-19.8,5,4,False,False,False,False,True,True,False,False,True,True,False
AOSL,Alpha and Omega Semiconductor Limited - Common Shares,30.24,60.5,873998248.0,16420797,77.8,-44.4,5,4,False,False,False,False,True,True,False,True,True,False,False
BETA,"Beta Technologies, Inc. Class A Common Stock",22.17,60.5,5083539234.0,60275656,65.1,-43.9,0,3,False,False,False,True,False,False,False,True,True,False,False
UNP,Union Pacific Corporation Common Stock,278.28,60.5,161838047165.0,749923546,29.1,-11.9,5,5,False,False,False,True,True,True,True,False,False,True,False
ZS,"Zscaler, Inc. - Common Stock",196.6,60.4,32412012868.0,523263462,71.5,-41.7,0,3,False,False,False,True,False,False,False,True,True,False,False
CSW,"CSW Industrials, Inc. Common Stock",302.69,60.4,4763889729.0,43629450,31.3,-14.9,4,4,False,False,False,True,False,True,False,False,True,True,False
CHT,"Chunghwa Telecom Co., Ltd.",46.16,60.3,35335168990.0,9367774,17.5,-0.7,4,6,False,False,False,True,True,True,True,True,False,True,False
MANU,Manchester United Ltd. Class A Ordinary Shares,20.08,60.3,3556772524.0,7620672,35.2,-17.9,5,5,False,False,False,False,True,True,True,False,True,True,False
GOOGL,Alphabet Inc. - Class A Common Stock,343.5,60.2,4136675200000.0,9177057150,45.6,-15.9,5,4,False,False,False,False,True,True,False,False,True,True,False
NVRI,Enviri Corporation Common Stock,20.21,60.2,548579716.0,7479755,81.3,-16.5,5,5,False,False,False,False,True,True,True,False,True,True,False
WEX,WEX Inc. common stock,169.1,60.2,5748204511.0,121171965,35.0,-17.1,3,6,False,False,False,True,True,True,True,False,True,True,False
AKAM,"Akamai Technologies, Inc. - Common Stock",108.92,60.1,15367617000.0,487963588,53.8,-34.2,5,3,False,False,False,False,True,True,False,False,True,False,False
RNR,RenaissanceRe Holdings Ltd. Common Stock,325.53,60.1,13420845920.0,92751703,40.8,-4.3,5,7,False,False,False,True,True,True,True,True,True,True,False
ACN,Accenture plc Class A Ordinary Shares (Ireland),198.9,60.0,141712417583.0,1141457586,68.3,-31.7,0,3,False,False,False,True,False,False,False,True,True,False,False
USFD,US Foods Holding Corp. Common Stock,96.92,60.0,20319944811.0,233821064,38.7,-13.0,5,6,False,False,False,True,True,True,True,False,True,True,False
USPH,"U.S. Physical Therapy, Inc. Common Stock",83.72,60.0,1232614855.0,16059090,43.9,-10.5,1,5,False,False,False,True,False,True,False,True,True,True,False
MTDR,Matador Resources Company Common Stock,53.5,59.9,6554023279.0,109667375,44.0,-20.0,5,4,False,False,False,False,True,True,False,False,True,True,False
Q,"Qnity Electronics, Inc. Common Stock",131.48,59.9,26872837348.0,223449160,86.5,-25.8,1,4,False,False,False,False,True,True,False,True,True,False,False
HIW,"Highwoods Properties, Inc. Common Stock",29.67,59.8,3208807678.0,37957971,45.1,-16.3,4,6,False,False,False,True,True,True,True,False,True,True,False
HLIO,"Helios Technologies, Inc. Common Stock",71.71,59.8,2273370000.0,25042956,52.5,-24.6,5,4,False,False,False,False,True,True,False,False,True,True,False
FBNC,First Bancorp - Common Stock,62.33,59.7,2548925532.0,13279740,35.6,-6.7,5,6,False,False,False,True,True,True,True,False,True,True,False
ZM,"Zoom Communications, Inc. - Class A Common Stock",92.88,59.7,27369312092.0,307606700,31.4,-19.1,5,6,False,False,False,True,True,True,True,False,True,True,False
RCUS,"Arcus Biosciences, Inc. Common Stock",24.44,59.7,3212621076.0,38445804,89.5,-23.0,5,5,False,False,False,False,True,True,True,False,True,True,False
EME,"EMCOR Group, Inc. Common Stock",786.61,59.6,33921837166.0,298486073,39.2,-17.4,5,5,False,False,False,False,True,True,False,True,True,True,False
NGVT,Ingevity Corporation Common Stock ,72.41,59.6,2443926475.0,18172537,57.9,-8.7,5,7,False,False,False,True,True,True,True,True,True,True,False
CNOB,"ConnectOne Bancorp, Inc. - Common Stock",30.78,59.5,1647321829.0,12347491,32.7,-9.8,5,6,False,False,False,True,True,True,True,False,True,True,False
CTRN,"Citi Trends, Inc. - Common Stock",47.91,59.5,411968682.0,10923403,55.9,-38.5,5,4,False,False,False,False,True,True,True,False,True,False,False
AZZ,AZZ Inc.,139.39,59.5,4069273750.0,33409472,49.9,-14.1,5,5,False,False,False,False,True,True,True,False,True,True,False
FULT,Fulton Financial Corporation - Common Stock,22.81,59.4,4312759978.0,38992118,37.4,-9.6,5,6,False,False,False,True,True,True,True,False,True,True,False
HBCP,"Home Bancorp, Inc. - Common Stock",67.53,59.4,526159638.0,5426971,33.6,-9.4,5,6,False,False,False,True,True,True,True,False,True,True,False
HSIC,"Henry Schein, Inc. - Common Stock",84.88,59.3,9465154812.0,101768996,37.0,-7.9,5,6,False,False,False,True,True,True,True,False,True,True,False
MAR,Marriott International - Class A Common Stock,358.96,59.3,92517271320.0,573660398,39.8,-12.7,5,6,False,False,False,True,True,True,False,True,True,True,False
COGT,"Cogent Biosciences, Inc. - Common Stock",31.02,59.2,5481654181.0,66366323,125.1,-29.1,0,1,False,False,False,False,False,False,False,False,True,False,False
PSO,"Pearson, Plc Common Stock",16.12,59.2,9723793471.0,11002142,34.1,-9.2,5,6,False,False,False,True,True,True,True,False,True,True,False
SNDA,"Sonida Senior Living, Inc. Common Stock",37.7,59.2,1814772582.0,18148176,51.1,-15.1,5,6,False,False,False,True,True,True,True,False,True,True,False
IMNM,"Immunome, Inc. - Common Stock",20.9,59.1,2372636670.0,29767912,85.8,-30.5,5,4,False,False,False,False,True,True,True,False,True,False,False
POWI,"Power Integrations, Inc. - Common Stock",54.46,59.1,2877474847.0,41623290,76.5,-40.3,5,3,False,False,False,False,True,True,False,False,True,False,False
AIZ,"Assurant, Inc. Common Stock",267.32,59.0,13131959726.0,107280922,29.7,-12.0,5,5,False,False,False,True,True,True,True,False,False,True,False
HCC,"Warrior Met Coal, Inc. Common Stock",89.35,59.0,4703609910.0,60742651,44.4,-19.8,5,3,False,False,False,False,False,True,False,False,True,True,False
KMTS,"Kestra Medical Technologies, Ltd. - Common Stock",27.43,58.9,1615018071.0,8844906,58.2,-8.6,5,5,False,False,False,True,False,True,False,True,True,True,False
UNM,Unum Group Common Stock,88.57,58.9,13943662768.0,153622852,28.3,-8.5,5,5,False,False,False,True,True,True,True,False,False,True,False
WBI,WaterBridge Infrastructure LLC Class A Shares Representing Limited Liability Company Interests,28.85,58.9,3472823159.0,19686128,54.8,-21.8,2,5,False,False,False,False,True,True,True,False,True,True,False
BLX,"Bladex, Inc. Class E Common Stock",54.78,58.8,2075836318.0,9520825,42.6,-13.3,5,6,False,False,False,True,True,True,True,False,True,True,False
HIPO,Hippo Holdings Inc. Common Stock,32.24,58.8,831529395.0,6031953,33.9,-16.7,1,5,False,False,False,True,False,True,False,True,True,True,False
ZBIO,"Zenas BioPharma, Inc. - Common Stock",28.295,58.7,1821037641.0,22095629,109.6,-36.6,0,2,False,False,False,True,False,False,False,False,True,False,False
CURB,Curbline Properties Corp. Common Stock,28.27,58.7,3215312799.0,42024571,27.1,-12.1,5,4,False,False,False,False,True,True,True,False,False,True,False
PRK,Park National Corporation Common Stock,183.15,58.7,3236375085.0,20644440,22.9,-14.8,5,5,False,False,False,True,True,True,True,False,False,True,False
GFS,GlobalFoundries Inc. - Ordinary Share,50.17,58.6,27135137594.0,200012359,56.7,-45.8,5,4,False,False,False,False,True,True,False,True,True,False,False
CPF,Central Pacific Financial Corp New,36.42,58.6,928709872.0,6292493,33.0,-11.1,5,6,False,False,False,True,True,True,True,False,True,True,False
CSWC,Capital Southwest Corporation - Common Stock,23.52,58.5,1447878916.0,14897931,21.4,-8.7,5,5,False,False,False,True,True,True,True,False,False,True,False
IBCP,Independent Bank Corporation - Common Stock,36.37,58.5,789628923.0,7046205,21.9,-7.3,5,5,False,False,False,True,True,True,True,False,False,True,False
GOOG,Alphabet Inc. - Class C Capital Stock,340.35,58.4,4096193900000.0,6080244816,43.8,-15.9,5,4,False,False,False,False,True,True,False,False,True,True,False
ELV,"Elevance Health, Inc. Common Stock",386.43,58.4,82772501914.0,428325529,40.6,-11.4,5,6,False,False,False,True,True,True,True,False,True,True,False
R,"Ryder System, Inc. Common Stock",237.24,58.4,8855058759.0,70265180,50.5,-16.5,5,5,False,False,False,False,True,True,True,False,True,True,False
ALGM,"Allegro MicroSystems, Inc. - Common Stock",39.53,58.3,6781306433.0,91477100,76.4,-44.9,5,4,False,False,False,False,True,True,False,True,True,False,False
FLS,Flowserve Corporation Common Stock,74.37,58.3,9286859707.0,126331417,52.7,-19.5,5,3,False,False,False,False,False,True,False,False,True,True,False
GLBE,Global-E Online Ltd. - ordinary shares,39.31,58.2,6737920860.0,58451531,46.4,-10.6,3,4,False,False,False,True,False,True,False,False,True,True,False
SNPS,"Synopsys, Inc. - Common Stock",489.9,58.2,94005440329.0,828384693,35.1,-9.2,0,4,False,False,False,True,False,False,False,True,True,True,False
BHRB,Burke & Herbert Financial Services Corp. - Common Stock,69.86,58.1,1390280963.0,8656952,21.7,-7.0,5,5,False,False,False,True,True,True,True,False,False,True,False
CZR,"Caesars Entertainment, Inc. - Common Stock",29.65,58.1,6034197419.0,117892966,66.0,-4.0,4,6,False,False,False,True,True,True,True,False,True,True,False
SAN,"Banco Santander, S.A. Sponsored ADR (Spain)",13.36,58.1,192224128017.0,187553059,38.9,-11.2,5,6,False,False,False,True,True,True,True,False,True,True,False
MEDP,"Medpace Holdings, Inc. - Common Stock",599.47,58.0,16693402622.0,151954965,60.7,-11.6,5,4,False,False,False,True,False,True,False,False,True,True,False
HMC,"Honda Motor Company, Ltd. Common Stock",31.35,58.0,41027797859.0,31471889,34.8,-6.3,2,4,False,False,False,True,False,True,False,False,True,True,False
GLNG,Golar LNG Limited - Common Shares,49.21,57.9,4906761644.0,68180735,40.5,-14.8,5,4,False,False,False,False,True,True,False,False,True,True,False
PH,Parker-Hannifin Corporation Common Stock,972.55,57.9,121809459400.0,622609287,36.0,-11.6,5,6,False,False,False,True,True,True,True,False,True,True,False
SAP,SAP  SE ADS,208.57,57.9,258956407063.0,508646679,43.9,-25.9,0,3,False,False,False,True,False,False,False,True,True,False,False
AMZN,"Amazon.com, Inc. - Common Stock",251.52,57.8,2677486617978.0,10231416425,28.3,-12.4,5,5,False,False,False,True,True,True,True,False,False,True,False
HWC,Hancock Whitney Corporation - Common Stock,73.09,57.8,5770444562.0,58068335,35.2,-8.8,5,6,False,False,False,True,True,True,True,False,True,True,False
KDP,Keurig Dr Pepper Inc. - Common Stock,30.37,57.7,41763751106.0,349239566,22.1,-10.2,4,5,False,False,False,True,True,True,True,False,False,True,False
NGNE,Neurogene Inc. - Common Stock,25.65,57.7,531302192.0,8710723,61.0,-41.3,5,4,False,False,False,False,True,True,True,False,True,False,False
HTLD,"Heartland Express, Inc. - Common Stock",11.9,57.6,900151592.0,9379704,70.0,-28.5,5,3,False,False,False,False,True,True,False,False,True,False,False
IDYA,"IDEAYA Biosciences, Inc. - Common Stock",37.36,57.6,3648267390.0,30263302,43.4,-12.5,5,6,False,False,False,True,True,True,True,False,True,True,False
EIG,Employers Holdings Inc Common Stock,49.13,57.6,873778617.0,8408448,37.5,-6.6,4,7,False,False,False,True,True,True,True,True,True,True,False
LAUR,"Laureate Education, Inc. - Common Stock",38.62,57.5,5234475680.0,36491552,54.6,-5.6,5,7,False,False,False,True,True,True,True,True,True,True,False
RMBS,"Rambus, Inc. - Common Stock",111.97,57.5,11636845386.0,227440749,43.8,-35.7,0,4,False,False,False,True,True,False,False,True,True,False,False
IDCC,"InterDigital, Inc. - Common Stock",335.13,57.4,8772235960.0,71415699,34.5,-18.8,0,4,False,False,False,True,False,False,False,True,True,True,False
EL,"Estee Lauder Companies, Inc. (The) Common Stock",91.97,57.4,32677891077.0,302319328,38.9,-24.4,1,4,False,False,False,True,False,True,False,False,True,True,False
VZ,Verizon Communications Inc. Common Stock,45.92,57.4,191036563788.0,1031394494,19.6,-11.1,5,4,False,False,False,False,True,True,True,False,False,True,False
ESQ,"Esquire Financial Holdings, Inc. - Common Stock",119.92,57.3,1430640665.0,20705765,30.2,-11.0,5,6,False,False,False,True,True,True,True,False,True,True,False
UNFI,"United Natural Foods, Inc. Common Stock",45.59,57.3,2700999022.0,27150955,47.5,-20.0,5,4,False,False,False,False,True,True,False,False,True,True,False
EBAY,eBay Inc. - Common Stock,106.4,57.2,47121050000.0,504367134,36.4,-10.8,5,6,False,False,False,True,True,True,True,False,True,True,False
ETD,Ethan Allen Interiors Inc. Common Stock,21.06,57.2,533284963.0,12913438,15.2,-28.1,1,3,False,False,False,True,False,True,False,True,False,False,False
ACT,"Enact Holdings, Inc. - Common Stock",45.26,57.1,6069904075.0,19083335,30.7,-10.5,5,6,False,False,False,True,True,True,True,False,True,True,False
EXTR,"Extreme Networks, Inc. - Common Stock",23.12,57.1,2903790169.0,37748967,71.5,-31.5,5,4,False,False,False,False,True,True,True,False,True,False,False
UHAL,U-Haul Holding Company Common Stock,61.89,57.1,11856059260.0,10323692,47.5,-19.0,4,6,False,False,False,True,True,True,True,False,True,True,False
TRMK,Trustmark Corporation - Common Stock,45.93,57.0,2617821611.0,17740556,26.4,-6.3,5,5,False,False,False,True,True,True,True,False,False,True,False
PBA,Pembina Pipeline Corp. Ordinary Shares (Canada),45.89,57.0,26332810400.0,46804660,26.8,-11.0,5,4,False,False,False,False,True,True,True,False,False,True,False
INDV,"Indivior Pharmaceuticals, Inc.  - Common Stock",35.71,56.9,4175969825.0,79469048,58.3,-16.6,5,5,False,False,False,False,True,True,True,False,True,True,False
RGLD,"Royal Gold, Inc. - Common Stock",234.64,56.9,19684823017.0,168139163,38.9,-23.4,5,3,False,False,False,False,False,True,False,False,True,True,False
EWBC,"East West Bancorp, Inc. - Common Stock",126.21,56.8,17129222237.0,93724960,36.2,-8.2,5,6,False,False,False,True,True,True,True,False,True,True,False
LSTR,"Landstar System, Inc. - Common Stock",173.48,56.8,5774028420.0,76236343,44.6,-24.1,5,4,False,False,False,False,True,True,False,False,True,True,False
SKY,"Champion Homes, Inc. Common Stock",88.1,56.8,4748426122.0,53107467,38.3,-11.2,5,5,False,False,False,True,False,True,False,True,True,True,False
CLSK,"CleanSpark, Inc. - Common Stock",12.74,56.7,3215349754.0,246378347,59.2,-46.0,1,3,False,False,False,False,True,True,False,False,True,False,False
NBN,Northeast Bank - Common Stock,126.86,56.7,1013811000.0,14876333,57.1,-10.9,5,6,False,False,False,True,True,True,True,False,True,True,False
BKR,Baker Hughes Company - Common Stock,56.0,56.6,55212531829.0,472144918,27.5,-20.5,5,3,False,False,False,False,True,True,False,False,False,True,False
WSBC,"WesBanco, Inc. - Common Stock",38.11,56.6,3607979544.0,37059786,28.9,-11.4,5,5,False,False,False,True,True,True,True,False,False,True,False
BVN,Buenaventura Mining Company Inc.,31.39,56.6,7998046442.0,36816712,49.5,-29.7,5,2,False,False,False,False,False,True,False,False,True,False,False
EXLS,"ExlService Holdings, Inc. - Common Stock",35.75,56.5,5530823964.0,79992653,43.9,-19.0,0,4,False,False,False,True,False,False,False,True,True,True,False
MUSA,Murphy USA Inc. Common Stock,515.02,56.5,9399158045.0,150377640,47.2,-19.0,5,5,False,False,False,False,True,True,True,False,True,True,False
NWSA,News Corporation - Class A Common Stock,28.69,56.4,15478373526.0,120969008,29.2,-9.4,2,5,False,False,False,True,True,True,True,False,False,True,False
AWR,American States Water Company Common Stock,82.82,56.4,3218016475.0,20767560,19.3,-9.7,5,5,False,False,False,True,True,True,True,False,False,True,False
MCRI,"Monarch Casino & Resort, Inc. - Common Stock",117.55,56.3,2082238490.0,19172985,33.4,-13.5,5,6,False,False,False,True,True,True,True,False,True,True,False
TCBK,TriCo Bancshares - Common Stock,52.59,56.3,1655871434.0,14585314,30.0,-14.8,5,6,False,False,False,True,True,True,True,False,True,True,False
AEM,Agnico Eagle Mines Limited Common Stock,183.69,56.3,91660440629.0,510945277,36.7,-28.0,2,2,False,False,False,False,False,True,False,False,True,False,False
AUPH,Aurinia Pharmaceuticals Inc - Common Shares,15.83,56.2,2122166130.0,15998475,45.2,-17.8,5,6,False,False,False,True,True,True,True,False,True,True,False
HFWA,Heritage Financial Corporation - Common Stock,28.14,56.2,1141134913.0,11405933,32.0,-10.0,5,6,False,False,False,True,True,True,True,False,True,True,False
CNNE,"Cannae Holdings, Inc. Common Stock",15.54,56.1,670565549.0,7792964,48.6,-18.3,1,5,False,False,False,True,False,True,False,True,True,True,False
FNV,Franco-Nevada Corporation,239.3,56.1,45477715660.0,204885171,31.8,-16.2,2,4,False,False,False,True,False,True,False,False,True,True,False
PRAA,"PRA Group, Inc. - Common Stock",18.87,56.0,710041393.0,8404765,84.1,-16.3,3,6,False,False,False,True,True,True,True,False,True,True,False
CLF,Cleveland-Cliffs Inc. Common Stock,11.32,56.0,6544094339.0,208710105,46.4,-32.2,0,1,False,False,False,False,False,False,False,False,True,False,False
HTH,Hilltop Holdings Inc.,38.45,56.0,2172873797.0,11151737,24.9,-4.9,5,5,False,False,False,True,True,True,True,False,False,True,False
CR,Crane Company Common Stock,208.2,55.9,11925369450.0,88530866,30.5,-9.7,4,6,False,False,False,True,True,True,True,False,True,True,False
SII,Sprott Inc. Common Shares,116.31,55.9,2984286000.0,20507122,47.6,-31.4,5,3,False,False,False,False,True,True,False,False,True,False,False
EPD,Enterprise Products Partners L.P. Common Stock,36.18,55.8,77028550618.0,117083597,20.6,-9.9,5,4,False,False,False,False,True,True,True,False,False,True,False
FLR,Fluor Corporation Common Stock,49.9,55.8,6597446835.0,136364100,26.9,-14.5,4,5,False,False,False,True,True,True,True,False,False,True,False
NOW,"ServiceNow, Inc. Common Stock",134.38,55.8,142443840000.0,2190212233,65.4,-30.4,0,3,False,False,False,True,False,False,False,True,True,False,False
REGN,"Regeneron Pharmaceuticals, Inc. - Common Stock",735.2,55.7,75652354732.0,593082787,35.9,-14.4,5,4,False,False,False,True,False,True,False,False,True,True,False
MSA,MSA Safety Incorporated Common Stock,181.23,55.7,6906671080.0,49349378,19.9,-13.3,3,3,False,False,False,True,False,True,False,False,False,True,False
VRTX,Vertex Pharmaceuticals Incorporated - Common Stock,504.73,55.6,128438788628.0,586802045,25.9,-9.9,4,5,False,False,False,True,True,True,True,False,False,True,False
WRBY,Warby Parker Inc. Class A Common Stock,27.03,55.6,3397985404.0,74981029,80.7,-12.8,3,7,False,False,False,True,True,True,True,True,True,True,False
SHC,Sotera Health Company - Common Stock,18.22,55.5,5170991285.0,45174396,39.2,-8.2,5,4,False,False,False,True,False,True,False,False,True,True,False
CSTM,Constellium SE Ordinary Shares (France),24.4,55.5,3342113772.0,42292381,69.6,-34.0,5,3,False,False,False,False,True,True,False,False,True,False,False
GL,Globe Life Inc. Common Stock,165.68,55.5,12743943796.0,88955919,29.6,-13.5,5,5,False,False,False,True,True,True,True,False,False,True,False
LAMR,Lamar Advertising Company - Class A Common Stock,144.12,55.4,14556131705.0,91221309,25.9,-13.4,5,4,False,False,False,False,True,True,True,False,False,True,False
AGRO,Adecoagro S.A. Common Shares,10.1,55.4,1432983067.0,8493131,46.6,-36.4,5,3,False,False,False,False,True,True,False,False,True,False,False
CTSH,Cognizant Technology Solutions Corporation - Class A Common Stock,58.51,55.3,27423043444.0,451555036,57.8,-32.8,0,1,False,False,False,False,False,False,False,False,True,False,False
KE,"Kimball Electronics, Inc. - Common Stock",28.79,55.3,679213378.0,5120974,37.0,-10.0,0,4,False,False,False,True,False,False,False,True,True,True,False
PFS,"Provident Financial Services, Inc Common Stock",22.58,55.3,2914945512.0,20935052,27.6,-11.4,5,5,False,False,False,True,True,True,True,False,False,True,False
NWE,"NorthWestern Energy Group, Inc.  - Common Stock",69.27,55.2,4215818261.0,29355732,22.3,-7.9,5,4,False,False,False,False,True,True,True,False,False,True,False
CNS,Cohen & Steers Inc Common Stock,73.0,55.2,3759942493.0,20784411,25.0,-15.7,4,5,False,False,False,True,True,True,True,False,False,True,False
ZYME,Zymeworks Inc. - Common Stock,25.15,55.1,1842101896.0,18747610,57.2,-19.8,5,5,False,False,False,False,True,True,True,False,True,True,False
NATL,NCR Atleos Corporation Common Stock,45.42,55.1,3327578938.0,33746111,36.4,-6.4,5,6,False,False,False,True,True,True,True,False,True,True,False
EBC,"Eastern Bankshares, Inc. - Common Stock",21.465,55.0,4817023516.0,54324061,29.2,-9.7,5,5,False,False,False,True,True,True,True,False,False,True,False
BCH,Banco De Chile ADS,38.49,55.0,19683178272.0,12399973,29.6,-17.7,5,2,False,False,False,False,False,True,False,False,False,True,False
PAY,"Paymentus Holdings, Inc. Class A Common Stock",30.83,55.0,3880200524.0,45202186,53.3,-32.0,0,4,False,False,False,True,True,False,True,False,True,False,False
DOC,"Healthpeak Properties, Inc. Common Stock",19.49,54.9,13404409934.0,110299844,24.1,-15.1,5,5,False,False,False,True,True,True,True,False,False,True,False
UNH,UnitedHealth Group Incorporated Common Stock (DE),371.9,54.9,327801638124.0,1791862096,45.3,-19.4,5,6,False,False,False,True,True,True,True,False,True,True,False
MGTX,MeiraGTx Holdings plc - Ordinary Shares,10.79,54.8,1023818337.0,9863900,63.0,-29.7,5,4,False,False,False,False,True,True,True,False,True,False,False
WERN,"Werner Enterprises, Inc. - Common Stock",35.35,54.8,2057216451.0,37786187,53.3,-25.6,5,4,False,False,False,False,True,True,True,False,True,False,False
IA,"Innovative Solutions and Support, Inc. - Common Stock",18.99,54.7,333103610.0,5524222,133.6,-38.6,5,3,False,False,False,False,True,True,False,False,True,False,False
PHVS,Pharvaris N.V. - Ordinary Shares,31.19,54.7,2160356708.0,28582859,51.0,-27.9,5,4,False,False,False,False,True,True,True,False,True,False,False
QGEN,Qiagen N.V. Common Shares,44.75,54.7,8663382616.0,111413673,37.6,-22.6,0,4,False,False,False,True,False,False,False,True,True,True,False
SSNC,"SS&C Technologies Holdings, Inc. - Common Stock",78.53,54.6,18406337886.0,134105732,27.9,-12.7,0,2,False,False,False,True,False,False,False,False,False,True,False
TARS,"Tarsus Pharmaceuticals, Inc. - Common Stock",73.0,54.6,3530900776.0,56403479,35.5,-20.2,0,4,False,False,False,True,False,False,False,True,True,True,False
IMKTA,"Ingles Markets, Incorporated - Class A Common Stock",86.65,54.5,1609203535.0,9843857,29.1,-9.4,5,4,False,False,False,False,True,True,False,True,False,True,False
SKWD,"Skyward Specialty Insurance Group, Inc. - Common Stock",55.01,54.5,2432039887.0,24978260,35.5,-16.3,4,6,False,False,False,True,True,True,True,False,True,True,False
CP,Canadian Pacific Kansas City Limited Common Shares,85.94,54.5,75369531380.0,220971935,25.6,-11.3,5,4,False,False,False,False,True,True,True,False,False,True,False
ADP,"Automatic Data Processing, Inc. - Common Stock",257.68,54.4,104594558610.0,616573381,36.9,-12.2,2,4,False,False,False,True,False,True,False,False,True,True,False
MDB,"MongoDB, Inc. - Class A Common Stock",357.96,54.4,28334081820.0,867676209,66.0,-24.3,5,4,False,False,False,True,False,True,False,False,True,True,False
CBOE,"Cboe Global Markets, Inc. Common Stock",271.26,54.3,30995039313.0,310006193,19.4,-26.9,5,2,False,False,False,False,True,True,False,False,False,False,False
HESM,Hess Midstream LP Class A Representing Limited Partner Interests,37.75,54.3,4883751022.0,52704747,19.3,-8.9,3,4,False,False,False,False,True,True,True,False,False,True,False
COLD,"Americold Realty Trust, Inc. Common Stock",13.97,54.2,3942486409.0,51924217,38.3,-17.2,4,6,False,False,False,True,True,True,True,False,True,True,False
ENVA,"Enova International, Inc. Common Stock",172.89,54.2,4269821643.0,78052636,67.8,-35.4,5,4,False,False,False,False,True,True,True,False,True,False,False
IT,"Gartner, Inc. Common Stock",184.8,54.2,12175122573.0,233918642,48.7,-29.4,0,3,False,False,False,True,False,False,False,True,True,False,False
ASB,Associated Banc-Corp Common Stock,29.0,54.1,5423762206.0,56458731,21.5,-10.7,5,5,False,False,False,True,True,True,True,False,False,True,False
KFY,Korn Ferry Common Stock,71.92,54.1,3948424047.0,37570031,22.0,-17.8,3,5,False,False,False,True,True,True,True,False,False,True,False
C,"Citigroup, Inc. Common Stock",128.5,54.0,213034471441.0,1261591595,37.2,-13.2,5,6,False,False,False,True,True,True,True,False,True,True,False
UGI,UGI Corporation Common Stock,37.2,54.0,7799037000.0,79107942,17.6,-10.0,4,4,False,False,False,True,False,True,False,True,False,True,False
VVX,"V2X, Inc. Common Stock",70.79,54.0,2216430264.0,58287865,39.1,-24.7,5,5,False,False,False,False,True,True,True,False,True,True,False
NVCR,NovoCure Limited - Ordinary Shares,14.94,53.9,1853817773.0,21308943,52.1,-30.4,5,4,False,False,False,False,True,True,True,False,True,False,False
PRU,"Prudential Financial, Inc. Common Stock",112.6,53.9,39029850000.0,207397908,22.5,-11.8,5,5,False,False,False,True,True,True,True,False,False,True,False
HOOD,"Robinhood Markets, Inc. - Class A Common Stock",112.74,53.8,99932994644.0,2267660146,77.5,-26.7,0,3,False,False,False,True,False,False,False,True,True,False,False
OPLN,"OPENLANE, Inc. Common Stock",35.53,53.8,4256576193.0,45607235,46.1,-17.2,5,6,False,False,False,True,True,True,True,False,True,True,False
AG,First Majestic Silver Corp. Ordinary Shares (Canada),17.67,53.7,8704726724.0,190097049,73.4,-44.9,5,2,False,False,False,False,False,True,False,False,True,False,False
BG,Bunge Limited Common Shares,106.72,53.7,20481819703.0,194571798,34.9,-20.9,5,4,False,False,False,False,True,True,False,False,True,True,False
GM,General Motors Company Common Stock,78.27,53.7,69590681717.0,564555837,44.1,-14.8,5,3,False,False,False,False,False,True,False,False,True,True,False
LOGI,Logitech International S.A. - Registered Shares,104.32,53.6,14793502521.0,92484147,25.2,-19.5,0,5,False,False,False,True,True,False,True,True,False,True,False
VCYT,"Veracyte, Inc. - Common Stock",45.81,53.6,3552466403.0,63451273,55.5,-24.8,0,6,False,False,False,True,True,False,True,True,True,True,False
BANR,Banner Corporation - Common Stock,67.88,53.5,2466202860.0,21408425,19.0,-9.3,5,5,False,False,False,True,True,True,True,False,False,True,False
STVN,Stevanato Group S.p.A. Ordinary Shares,20.2,53.5,5454613806.0,8299811,56.7,-27.8,0,4,False,False,False,True,True,False,True,False,True,False,False
KURA,"Kura Oncology, Inc. - Common Stock",10.65,53.4,947430592.0,22223410,44.7,-23.4,5,6,False,False,False,True,True,True,True,False,True,True,False
EDU,"New Oriental Education & Technology Group, Inc. Sponsored ADR representing 10 Ordinary Share (Cayman Islands)",55.44,53.4,8624295535.0,45807157,25.3,-14.7,1,3,False,False,False,True,False,True,False,False,False,True,False
GME,GameStop Corporation Common Stock,24.7,53.4,12163518869.0,173825775,38.8,-12.1,1,5,False,False,False,True,False,True,False,True,True,True,False
ONB,Old National Bancorp - Common Stock,24.96,53.3,9556598600.0,103777430,28.7,-8.8,5,5,False,False,False,True,True,True,True,False,False,True,False
MCY,Mercury General Corporation Common Stock,102.27,53.3,5553817629.0,30516785,37.7,-9.5,5,6,False,False,False,True,True,True,True,False,True,True,False
FRPT,"Freshpet, Inc. - Common Stock",60.26,53.2,2773912031.0,82081895,29.7,-29.9,3,1,False,False,False,False,False,True,False,False,False,False,False
MYRG,"MYR Group, Inc. - Common Stock",304.77,53.2,4638390960.0,90687339,60.3,-39.5,5,3,False,False,False,False,True,True,False,False,True,False,False
CAAP,Corporacion America Airports SA Common Shares,24.3,53.2,4011520865.0,6194021,40.0,-20.3,5,4,False,False,False,False,False,True,False,True,True,True,False
BLLN,"BillionToOne, Inc. - Class A common stock",105.9,53.1,4990501139.0,75466516,70.9,-29.6,1,5,False,False,False,True,True,True,True,False,True,False,False
MNST,Monster Beverage Corporation - Common Stock,42.94,53.1,123831785852.0,472922583,30.4,-14.4,5,5,False,False,False,False,True,True,True,False,True,True,False
CMRE,Costamare Inc. Common Stock $0.0001 par value,15.44,53.0,1836566800.0,5333509,42.4,-14.5,0,3,False,False,False,False,False,False,False,True,True,True,False
HXL,Hexcel Corporation Common Stock,86.41,53.0,6559578226.0,84362154,42.1,-22.7,5,5,False,False,False,False,True,True,True,False,True,True,False
PTRN,Pattern Group Inc. - Series A Common Stock,17.33,52.9,3086744149.0,34656889,94.3,-41.8,2,4,False,False,False,False,True,True,True,False,True,False,False
CDP,COPT Defense Properties Common Shares of Beneficial Interest,33.57,52.9,3773165938.0,31016264,24.1,-13.7,5,5,False,False,False,True,True,True,True,False,False,True,False
UBS,UBS Group AG Registered Ordinary Shares,47.71,52.9,147630415271.0,100430824,31.5,-14.8,5,6,False,False,False,True,True,True,True,False,True,True,False
TOWN,Towne Bank - Common Stock,36.03,52.8,2676523627.0,20700243,12.9,-7.7,5,5,False,False,False,True,True,True,True,False,False,True,False
CALY,Callaway Golf Company Common Stock,14.45,52.8,2556270661.0,31428480,72.2,-28.7,5,4,False,False,False,False,True,True,True,False,True,False,False
ARWR,"Arrowhead Pharmaceuticals, Inc. - Common Stock",64.19,52.7,9151876917.0,133497907,86.2,-32.8,5,4,False,False,False,False,True,True,True,False,True,False,False
EXPE,"Expedia Group, Inc. - Common Stock",265.0,52.7,30074635689.0,564326489,43.0,-22.5,5,6,False,False,False,True,True,True,True,False,True,True,False
PGNY,"Progyny, Inc. - Common Stock",25.23,52.6,1906660930.0,31290409,56.7,-23.7,4,6,False,False,False,True,True,True,True,False,True,True,False
SPFI,"South Plains Financial, Inc. - Common Stock",43.02,52.6,796517359.0,5242517,21.7,-8.4,5,5,False,False,False,True,True,True,True,False,False,True,False
HASI,"HA Sustainable Infrastructure Capital, Inc. Common Stock",36.27,52.6,4629703314.0,40626348,33.0,-17.8,5,5,False,False,False,False,True,True,True,False,True,True,False
EQBK,"Equity Bancshares, Inc. Class A Common Stock",47.73,52.5,977731425.0,5063087,23.7,-8.7,5,5,False,False,False,True,True,True,True,False,False,True,False
PLOW,"Douglas Dynamics, Inc. Common Stock",40.51,52.5,916158726.0,10510130,42.0,-26.3,5,3,False,False,False,False,True,True,False,False,True,False,False
ADUS,Addus HomeCare Corporation - Common Stock,111.27,52.4,2085919310.0,24732652,26.5,-10.6,2,3,False,False,False,True,False,True,False,False,False,True,False
HTGC,"Hercules Capital, Inc. Common Stock",16.74,52.4,3170558160.0,25830172,22.2,-12.5,2,3,False,False,False,True,False,True,False,False,False,True,False
VMI,"Valmont Industries, Inc. Common Stock",478.74,52.4,9040078904.0,88240062,26.6,-18.3,5,3,False,False,False,False,True,True,False,False,False,True,False
VCEL,Vericel Corporation - Common Stock,40.15,52.3,2019588856.0,20908706,38.7,-18.6,4,6,False,False,False,True,True,True,True,False,True,True,False
DLR,"Digital Realty Trust, Inc. Common Stock",178.55,52.3,65307684702.0,420702538,22.1,-14.2,5,4,False,False,False,False,True,True,True,False,False,True,False
BUD,Anheuser-Busch Inbev SA Sponsored ADR (Belgium),73.43,52.2,144005155603.0,175808237,25.7,-15.2,5,4,False,False,False,False,True,True,True,False,False,True,False
MSI,"Motorola Solutions, Inc. Common Stock",447.41,52.2,74146181838.0,433628529,24.5,-9.6,2,5,False,False,False,True,True,True,True,False,False,True,False
HRB,"H&R Block, Inc. Common Stock",41.68,52.1,5186614948.0,104622632,48.0,-29.0,2,5,False,False,False,True,True,True,True,False,True,False,False
USB,U.S. Bancorp Common Stock,57.51,52.1,89369830943.0,442846103,27.7,-13.0,5,5,False,False,False,True,True,True,True,False,False,True,False
WWW,"Wolverine World Wide, Inc. Common Stock",19.2,52.1,1579777026.0,15320773,42.5,-30.8,1,3,False,False,False,True,False,True,False,False,True,False,False
DEA,"Easterly Government Properties, Inc. Common Stock",23.4,52.0,1099281163.0,9895840,13.8,-9.9,5,5,False,False,False,True,True,True,True,False,False,True,False
V,Visa Inc.,360.66,52.0,642963867716.0,2426091110,22.7,-6.5,3,5,False,False,False,True,True,True,True,False,False,True,False
MCHB,Mechanics Bancorp - Class A Common Stock,14.9,51.9,3267227865.0,8831186,16.2,-14.3,5,5,False,False,False,True,True,True,True,False,False,True,False
SIRI,SiriusXM Holdings Inc. - Common Stock,25.72,51.9,8642395085.0,121257055,30.1,-21.2,5,5,False,False,False,False,True,True,True,False,True,True,False
TRVI,"Trevi Therapeutics, Inc. - Common Stock",13.91,51.9,2020307425.0,27135441,49.9,-31.2,5,4,False,False,False,False,True,True,True,False,True,False,False
NWS,News Corporation - Class B Common Stock,31.65,51.8,16997026794.0,38443421,24.2,-11.5,2,5,False,False,False,True,True,True,True,False,False,True,False
RYZ,Ryerson Holding Corporation Common Stock,25.57,51.8,1272035985.0,12964047,32.2,-20.1,5,3,False,False,False,False,False,True,False,False,True,True,False
PKG,Packaging Corporation of America Common Stock,228.54,51.7,20466770263.0,146528837,19.3,-12.1,5,5,False,False,False,True,True,True,True,False,False,True,False
TT,Trane Technologies plc,463.91,51.7,100977436852.0,514715598,33.3,-8.3,5,6,False,False,False,True,True,True,False,True,True,True,False
EPR,EPR Properties Common Stock,56.45,51.6,4251029082.0,49141985,17.3,-13.1,5,4,False,False,False,False,True,True,True,False,False,True,False
LNC,Lincoln National Corporation Common Stock,40.3,51.6,7606202659.0,88876974,25.2,-15.5,3,3,False,False,False,True,False,True,False,False,False,True,False
SSB,SouthState Bank Corporation Common Stock,101.91,51.6,9756607866.0,80849681,20.6,-9.2,3,5,False,False,False,True,True,True,True,False,False,True,False
DHR,Danaher Corporation Common Stock,214.06,51.5,148864326795.0,859891736,33.0,-11.8,0,4,False,False,False,True,False,False,False,True,True,True,False
HLF,Herbalife Ltd. Common Shares,12.56,51.5,1286985506.0,18907112,66.1,-38.4,5,3,False,False,False,False,False,True,False,True,True,False,False
MGRC,McGrath RentCorp - Common Stock,117.56,51.4,2808706988.0,17953876,23.8,-6.6,3,6,False,False,False,True,True,True,True,True,False,True,False
ULTA,"Ulta Beauty, Inc. - Common Stock",543.69,51.4,22991974881.0,317861127,22.6,-24.0,0,2,False,False,False,False,False,False,False,True,False,True,False
AHR,"American Healthcare REIT, Inc. Common Stock",50.75,51.3,11820157788.0,161911349,26.9,-13.5,5,4,False,False,False,False,True,True,True,False,False,True,False
EG,"Everest Group, Ltd. Common Stock",368.27,51.3,14137732880.0,135736490,21.8,-8.2,3,5,False,False,False,True,True,True,True,False,False,True,False
HLT,Hilton Worldwide Holdings Inc. Common Stock ,319.36,51.3,70994475210.0,589390802,26.0,-10.8,5,4,False,False,False,False,True,True,False,True,False,True,False
BRUN,Boost Run Inc. - Class A Common Stock,16.51,51.2,1263055437.0,41238496,55.9,-60.7,5,3,False,False,False,False,True,True,False,False,True,False,False
TFII,TFI International Inc. Common Shares,118.9,51.2,9908008237.0,37632042,47.5,-29.1,5,3,False,False,False,False,True,True,False,False,True,False,False
UTHR,United Therapeutics Corporation - Common Stock,541.7,51.1,24506883595.0,357715491,32.4,-11.1,5,6,False,False,False,True,True,True,False,True,True,True,False
HL,Hecla Mining Company Common Stock,17.2,51.1,11420063327.0,660863045,48.7,-49.7,5,2,False,False,False,False,False,True,False,False,True,False,False
NSC,Norfolk Southern Corporation Common Stock,317.44,51.1,69686993807.0,382002483,14.3,-11.5,5,5,False,False,False,True,True,True,True,False,False,True,False
BSAC,Banco Santander - Chile ADS,31.99,51.0,15353648181.0,10050328,23.7,-15.2,5,4,False,False,False,False,True,True,True,False,False,True,False
WMB,"Williams Companies, Inc. (The) Common Stock",70.54,51.0,84667652412.0,523079058,25.5,-11.9,5,3,False,False,False,False,True,True,False,False,False,True,False
INDB,Independent Bank Corp. - Common Stock,80.06,50.9,3738842984.0,27330276,26.4,-8.5,5,5,False,False,False,True,True,True,True,False,False,True,False
XYZ,"Block, Inc. Class A Common Stock,",74.33,50.9,44482861800.0,351779596,54.2,-14.5,3,6,False,False,False,True,True,True,True,False,True,True,False
JANX,"Janux Therapeutics, Inc. - Common Stock",16.93,50.8,1036879670.0,14433921,39.7,-52.1,0,4,False,False,False,True,True,False,True,False,True,False,False
RKLB,Rocket Lab Corporation - Common Stock,73.92,50.8,44231951210.0,1337630613,96.8,-51.0,5,4,False,False,False,False,True,True,False,True,True,False,False
BKH,Black Hills Corporation Common Stock,70.96,50.8,5348395310.0,64164871,19.6,-9.8,5,3,False,False,False,False,True,True,False,False,False,True,False
CTAS,Cintas Corporation - Common Stock,193.02,50.7,78145479625.0,409625779,19.8,-11.9,2,3,False,False,False,True,False,True,False,False,False,True,False
HOG,"Harley-Davidson, Inc. Common Stock",24.55,50.7,2584120349.0,51020092,43.7,-16.0,2,6,False,False,False,True,True,True,True,False,True,True,False
CCEP,Coca-Cola Europacific Partners plc - Ordinary Shares,101.06,50.6,45756889422.0,193668736,19.4,-11.1,4,5,False,False,False,True,True,True,True,False,False,True,False
CLFD,"Clearfield, Inc. - Common Stock",33.48,50.6,436995832.0,5489930,40.9,-36.5,1,5,False,False,False,True,True,True,False,True,True,False,False
CENTA,Central Garden & Pet Company - Class A Common Stock Nonvoting,34.28,50.5,2115003886.0,11336537,32.0,-16.0,4,5,False,False,False,False,True,True,True,False,True,True,False
DOW,Dow Inc. Common Stock ,27.97,50.5,19929380216.0,267736900,35.4,-34.6,5,3,False,False,False,False,True,True,False,False,True,False,False
MO,"Altria Group, Inc.",67.35,50.5,111789355846.0,603641049,23.1,-12.6,5,4,False,False,False,False,True,True,True,False,False,True,False
FMX,Fomento Economico Mexicano S.A.B. de C.V. Common Stock,115.68,50.4,39243098299.0,54720435,27.3,-18.2,5,4,False,False,False,False,True,True,True,False,False,True,False
SLG,SL Green Realty Corp Common Stock,48.81,50.4,3455349964.0,46647996,40.4,-19.7,2,6,False,False,False,True,True,True,True,False,True,True,False
PLAB,"Photronics, Inc. - Common Stock",31.49,50.3,1818882659.0,35087220,57.1,-43.8,5,4,False,False,False,False,True,True,False,True,True,False,False
GPC,Genuine Parts Company Common Stock,127.24,50.3,17249012921.0,140621422,40.2,-16.1,2,4,False,False,False,True,False,True,False,False,True,True,False
UCB,"United Community Banks, Inc. Common Stock",34.11,50.3,4071834736.0,28927856,19.1,-8.3,5,5,False,False,False,True,True,True,True,False,False,True,False
APPF,"AppFolio, Inc. - Class A Common Stock",202.97,50.2,7233566446.0,74098538,42.4,-23.4,0,3,False,False,False,True,False,False,False,False,True,True,False
BLKB,"Blackbaud, Inc. - Common Stock",41.76,50.2,1931348627.0,22717570,63.3,-40.9,0,1,False,False,False,False,False,False,False,False,True,False,False
MCB,Metropolitan Bank Holding Corp. Common Stock,89.25,50.1,1086045353.0,11041294,38.0,-12.5,5,5,False,False,False,False,True,True,True,False,True,True,False
MMM,3M Company Common Stock,161.89,50.1,84073068419.0,517665350,16.2,-12.4,4,3,False,False,False,True,False,True,False,False,False,True,False
ICFI,"ICF International, Inc. - Common Stock",81.86,50.0,1523842123.0,17247125,39.1,-16.5,2,4,False,False,False,True,False,True,False,False,True,True,False
AAT,"American Assets Trust, Inc. Common Stock",21.55,50.0,1313436116.0,10331220,21.6,-17.0,5,4,False,False,False,False,True,True,True,False,False,True,False
TEL,TE Connectivity plc Ordinary Shares,220.36,50.0,63044400529.0,426193277,15.8,-12.7,0,3,False,False,False,True,False,False,False,True,False,True,False
CDNS,"Cadence Design Systems, Inc. - Common Stock",351.35,49.9,96588586890.0,797064775,33.7,-15.7,0,5,False,False,False,True,True,False,False,True,True,True,False
B,Barrick Mining Corporation Common Shares,40.23,49.9,65999965202.0,423667608,32.6,-26.4,5,2,False,False,False,False,False,True,False,False,True,False,False
WRLD,World Acceptance Corporation - Common Stock,174.44,49.8,800341583.0,16524687,58.6,-23.4,4,6,False,False,False,True,True,True,True,False,True,True,False
DD,"DuPont de Nemours, Inc. Common Stock",129.98,49.8,17447552370.0,186116426,40.5,-17.7,5,4,False,False,False,False,True,True,False,False,True,True,False
PEN,"Penumbra, Inc. Common Stock",317.55,49.8,12525836196.0,104321020,43.5,-12.4,5,3,False,False,False,False,False,True,False,False,True,True,False
NXPI,NXP Semiconductors N.V. - Common Stock,243.66,49.7,60315148779.0,876645729,33.1,-28.3,5,4,False,False,False,False,True,True,False,True,True,False,False
ESE,ESCO Technologies Inc. Common Stock,274.95,49.7,6992970485.0,62063297,42.0,-24.1,5,4,False,False,False,False,True,True,False,False,True,True,False
CUZ,Cousins Properties Incorporated Common Stock,28.01,49.6,4547954863.0,45651962,33.2,-15.0,4,6,False,False,False,True,True,True,True,False,True,True,False
GAP,"Gap, Inc. (The) Common Stock",22.51,49.6,7984370214.0,149184680,24.3,-23.3,0,2,False,False,False,False,False,False,False,True,False,True,False
OTTR,Otter Tail Corporation - Common Stock,88.87,49.5,3714044407.0,21043119,19.9,-6.5,5,5,False,False,False,True,True,True,True,False,False,True,False
CFG,"Citizens Financial Group, Inc. Common Stock",64.33,49.5,26828961396.0,246431279,34.1,-14.6,5,5,False,False,False,False,True,True,True,False,True,True,False
CPA,"Copa Holdings, S.A. Class A Common Stock",132.48,49.5,5451681044.0,41101710,23.3,-17.4,5,3,False,False,False,True,False,True,False,False,False,True,False
JPM,JP Morgan Chase & Co. Common Stock,332.38,49.4,885654476450.0,2436617349,19.1,-9.3,5,5,False,False,False,True,True,True,True,False,False,True,False
TRNO,Terreno Realty Corporation Common Stock,64.54,49.4,6971920434.0,47946684,15.4,-18.2,5,4,False,False,False,False,True,True,True,False,False,True,False
FDUS,Fidus Investment Corporation - Closed End Fund,19.26,49.3,734796487.0,6636147,14.2,-8.9,3,5,False,False,False,True,True,True,True,False,False,True,False
KMI,"Kinder Morgan, Inc. Common Stock",31.07,49.3,67984267777.0,363821797,21.4,-10.7,5,3,False,False,False,False,True,True,False,False,False,True,False
UMBF,UMB Financial Corporation - Common Stock,130.94,49.2,9857554394.0,86075251,26.7,-14.6,5,4,False,False,False,False,True,True,True,False,False,True,False
BJ,"BJ's Wholesale Club Holdings, Inc. Common Stock",94.96,49.2,11919054337.0,168624501,14.1,-10.2,2,4,False,False,False,True,False,True,False,True,False,True,False
HTB,"HomeTrust Bancshares, Inc. Common Stock",46.59,49.2,769388666.0,10084693,21.6,-11.3,5,5,False,False,False,True,True,True,True,False,False,True,False
AES,The AES Corporation Common Stock,14.91,49.1,10644504360.0,112677960,12.9,-15.5,5,4,False,False,False,True,False,True,False,True,False,True,False
TDC,Teradata Corporation Common Stock,30.14,49.1,2782560000.0,65640851,48.3,-27.9,0,3,False,False,False,True,False,False,False,True,True,False,False
PYPL,"PayPal Holdings, Inc. - Common Stock",52.8,49.0,45390753974.0,689871425,37.3,-33.3,0,2,False,False,False,True,False,False,False,False,True,False,False
RNST,Renasant Corporation Common Stock,39.92,49.0,3590367385.0,26446476,20.8,-10.4,5,4,False,False,False,False,True,True,True,False,False,True,False
UMH,"UMH Properties, Inc. Common Stock",15.41,49.0,1308961248.0,10840132,10.6,-8.1,4,3,False,False,False,True,False,True,False,False,False,True,False
LGN,Legence Corp. - Class A Common stock,53.61,48.9,5584260052.0,63334627,82.8,-50.0,3,3,False,False,False,False,True,True,False,False,True,False,False
AUB,Atlantic Union Bankshares Corporation Common Stock,38.82,48.9,5494089049.0,42722474,25.8,-11.0,5,5,False,False,False,True,True,True,True,False,False,True,False
FIBK,"First Interstate BancSystem, Inc. - Common Stock",36.0,48.8,3409045792.0,43050242,23.7,-11.3,5,5,False,False,False,True,True,True,True,False,False,True,False
HAL,Halliburton Company Common Stock,31.85,48.8,26560196100.0,365810048,48.4,-26.9,5,3,False,False,False,False,True,True,False,False,True,False,False
ARCC,Ares Capital Corporation - Closed End Fund,18.86,48.7,13757317710.0,86971643,8.4,-10.8,2,3,False,False,False,True,False,True,False,False,False,True,False
SBCF,Seacoast Banking Corporation of Florida - Common Stock,32.68,48.7,3113821216.0,29988506,14.3,-9.9,5,3,False,False,False,True,False,True,False,False,False,True,False
SBUX,Starbucks Corporation - Common Stock,94.71,48.7,108163200000.0,717920750,21.4,-14.3,5,4,False,False,False,False,True,True,True,False,False,True,False
EGP,"EastGroup Properties, Inc. Common Stock",195.78,48.6,10477193084.0,100879165,17.9,-13.6,5,4,False,False,False,False,True,True,True,False,False,True,False
GPN,Global Payments Inc. Common Stock,78.38,48.6,21246210533.0,245069987,28.2,-18.3,2,5,False,False,False,True,True,True,True,False,False,True,False
BBT,Beacon Financial Corporation Common stock,28.34,48.5,2355232017.0,29060064,24.2,-13.7,5,4,False,False,False,False,True,True,True,False,False,True,False
DRI,"Darden Restaurants, Inc. Common Stock",200.33,48.5,22520131860.0,250036823,18.5,-12.8,4,4,False,False,False,False,True,True,True,False,False,True,False
MS,Morgan Stanley Common Stock,190.31,48.5,295282168559.0,1016725582,25.3,-18.1,5,4,False,False,False,False,True,True,True,False,False,True,False
COCO,"The Vita Coco Company, Inc. - Common Stock",55.97,48.4,3346156228.0,70588213,47.0,-34.8,5,3,False,False,False,False,True,True,False,False,True,False,False
MH,"McGraw Hill, Inc. Common Stock",12.85,48.4,2498493111.0,7952491,43.7,-28.6,0,2,False,False,False,False,False,False,False,True,True,False,False
AIN,Albany International Corporation Common Stock,60.88,48.3,1677020000.0,17382310,47.9,-20.9,4,5,False,False,False,False,True,True,True,False,True,True,False
T,AT&T Inc.,24.3,48.3,166512971295.0,999557375,22.2,-17.5,2,2,False,False,False,False,False,True,False,False,False,True,False
HCSG,"Healthcare Services Group, Inc. - Common Stock",20.87,48.2,1412450717.0,15426950,37.9,-19.0,5,5,False,False,False,False,True,True,True,False,True,True,False
CUBI,"Customers Bancorp, Inc Common Stock",75.47,48.2,2501014640.0,21627550,27.2,-10.6,5,4,False,False,False,False,True,True,True,False,False,True,False
REXR,"Rexford Industrial Realty, Inc. Common Stock",36.69,48.2,8032032226.0,102044310,14.2,-17.3,0,2,False,False,False,True,False,False,False,False,False,True,False
BLCO,Bausch + Lomb Corporation Common Shares,17.11,48.1,6050379267.0,6795447,24.3,-9.5,5,4,False,False,False,True,False,True,False,True,False,True,False
HCI,"HCI Group, Inc. Common Stock",184.25,48.1,2256286085.0,29857194,27.3,-12.5,1,4,False,False,False,True,False,True,False,True,False,True,False
EXPO,"Exponent, Inc. - Common Stock",67.3,48.0,3323471272.0,33769086,29.6,-17.9,0,2,False,False,False,True,False,False,False,False,False,True,False
FCNCA,"First Citizens BancShares, Inc. - Class A Common Stock",2073.46,48.0,23416284320.0,130530889,27.7,-9.7,4,3,False,False,False,True,False,True,False,False,False,True,False
CVCO,"Cavco Industries, Inc. - Common Stock",585.13,47.9,4438322834.0,61908375,32.0,-17.9,0,4,False,False,False,True,False,False,False,True,True,True,False
TTEK,"Tetra Tech, Inc. - Common Stock",33.12,47.9,8633818112.0,91297720,28.3,-23.2,2,3,False,False,False,True,False,True,False,False,False,True,False
ALX,"Alexander's, Inc. Common Stock",243.86,47.9,1245310521.0,9722897,21.2,-15.7,5,4,False,False,False,False,True,True,True,False,False,True,False
CAL,"Caleres, Inc. Common Stock",12.22,47.8,424411217.0,6846099,38.9,-18.7,2,3,False,False,False,False,False,True,False,False,True,True,False
VOYG,"Voyager Technologies, Inc. Class A Common Stock",30.93,47.8,1853455642.0,66924975,77.7,-41.0,2,4,False,False,False,False,True,True,True,False,True,False,False
BCPC,Balchem Corporation - Common Stock,166.56,47.7,5218113257.0,33868154,19.7,-9.4,5,4,False,False,False,False,True,True,True,False,False,True,False
OCSL,Oaktree Specialty Lending Corporation - Closed End Fund,11.91,47.7,1056145421.0,6426874,12.0,-16.8,3,5,False,False,False,True,True,True,True,False,False,True,False
LUV,Southwest Airlines Company Common Stock,42.47,47.7,20468471130.0,222956072,45.1,-22.9,5,4,False,False,False,False,False,True,False,True,True,True,False
J,Jacobs Solutions Inc. Common Stock,138.06,47.6,16360827432.0,123784713,30.6,-18.0,1,4,False,False,False,True,False,True,False,False,True,True,False
PATH,"UiPath, Inc. Class A Common Stock",13.12,47.6,6941790048.0,880091822,42.6,-33.9,0,2,False,False,False,True,False,False,False,False,True,False,False
ELE,Elemental Royalty Corporation - Common Stock,18.17,47.5,1479134508.0,7187589,44.4,-32.6,2,2,False,False,False,False,False,True,False,False,True,False,False
FOX,Fox Corporation - Class B Common Stock,55.89,47.5,23158315320.0,65463596,26.8,-18.0,0,1,False,False,False,False,False,False,False,False,False,True,False
FOXF,Fox Factory Holding Corp. - Common Stock,18.65,47.4,772109488.0,10700954,42.6,-28.3,1,3,False,False,False,True,False,True,False,False,True,False,False
NDAQ,"Nasdaq, Inc. - Common Stock",90.33,47.4,51241455691.0,293820792,18.0,-11.3,3,3,False,False,False,True,False,True,False,False,False,True,False
HOMB,"Home BancShares, Inc. Common Stock",28.67,47.4,5713417433.0,43951522,12.4,-9.6,3,3,False,False,False,True,False,True,False,False,False,True,False
CHD,"Church & Dwight Company, Inc. Common Stock",94.31,47.3,22323259688.0,183736769,16.0,-11.1,5,4,False,False,False,False,True,True,True,False,False,True,False
DG,Dollar General Corporation Common Stock,118.94,47.3,26237954835.0,292848473,25.1,-24.8,5,2,False,False,False,False,False,True,False,False,False,True,False
FSUN,FirstSun Capital Bancorp - Common Stock,39.52,47.2,1807458152.0,13390638,32.0,-6.7,2,4,False,False,False,True,False,True,False,False,True,True,False
VTR,"Ventas, Inc. Common Stock",84.01,47.2,42948998639.0,315095717,25.5,-17.3,5,4,False,False,False,False,True,True,True,False,False,True,False
FOXA,Fox Corporation - Class A Common Stock,62.28,47.1,25840159556.0,320585540,28.8,-18.5,0,1,False,False,False,False,False,False,False,False,False,True,False
RDNT,"RadNet, Inc. - Common Stock",69.93,47.1,5327804299.0,54140224,37.6,-18.5,0,3,False,False,False,True,False,False,False,False,True,True,False
AXTA,Axalta Coating Systems Ltd. Common Shares,32.2,47.1,6816536904.0,62280357,29.1,-16.6,4,3,False,False,False,True,False,True,False,False,False,True,False
CART,Maplebear Inc. - Common Stock,44.25,47.0,10468776274.0,190488004,35.2,-16.0,3,6,False,False,False,True,True,True,True,False,True,True,False
FR,"First Industrial Realty Trust, Inc. Common Stock",59.46,47.0,7804569331.0,60057870,18.4,-14.9,5,4,False,False,False,False,True,True,True,False,False,True,False
VLY,Valley National Bancorp - Common Stock,12.82,46.9,7001508213.0,94783081,33.0,-15.7,5,5,False,False,False,False,True,True,True,False,True,True,False
BXSL,Blackstone Secured Lending Fund Common Shares of Beneficial Interest,23.61,46.9,,36460832,5.1,-17.4,0,2,False,False,False,True,False,False,False,False,False,True,False
CVS,CVS Health Corporation Common Stock,86.46,46.9,108968275439.0,726230480,24.4,-21.9,5,4,False,False,False,False,True,True,True,False,False,True,False
ALLE,Allegion plc Ordinary Shares,154.21,46.8,13119475344.0,197160802,23.4,-15.8,0,2,False,False,False,True,False,False,False,False,False,True,False
LYV,"Live Nation Entertainment, Inc. Common Stock",168.77,46.8,39315509541.0,354673882,34.6,-10.8,5,5,False,False,False,False,True,True,True,False,True,True,False
BLK,"BlackRock, Inc. Common Stock",1059.63,46.7,164836644509.0,643292335,15.5,-13.1,2,3,False,False,False,True,False,True,False,False,False,True,False
FDS,FactSet Research Systems Inc. Common Stock,266.0,46.7,9873350392.0,252260900,43.8,-17.0,2,4,False,False,False,True,False,True,False,False,True,True,False
CACC,Credit Acceptance Corporation - Common Stock,527.5,46.6,5314337931.0,70478799,31.3,-21.1,5,5,False,False,False,False,True,True,True,False,True,True,False
FHI,"Federated Hermes, Inc. Common Stock",56.07,46.6,4192921381.0,37095169,20.2,-16.6,5,4,False,False,False,False,True,True,True,False,False,True,False
FITB,Fifth Third Bancorp Common Stock,50.87,46.6,45716454151.0,309336130,27.0,-14.5,5,4,False,False,False,False,True,True,True,False,False,True,False
AGCO,AGCO Corporation Common Stock,114.61,46.5,7830247619.0,123699127,16.7,-20.3,1,3,False,False,False,False,False,True,False,True,False,True,False
MTB,M&T Bank Corporation Common Stock,219.14,46.5,31388874546.0,241773012,25.4,-14.4,5,4,False,False,False,False,True,True,True,False,False,True,False
ZION,Zions Bancorporation N.A. - Common Stock,63.17,46.4,9143977691.0,96257987,36.8,-13.9,5,5,False,False,False,False,True,True,True,False,True,True,False
OGC,OceanaGold Corporation Common Shares,27.11,46.4,6053886621.0,16967949,34.3,-37.4,5,2,False,False,False,False,False,True,False,False,True,False,False
UTL,UNITIL Corporation Common Stock,51.2,46.4,922775704.0,6932261,10.3,-10.6,5,4,False,False,False,False,True,True,True,False,False,True,False
OHI,"Omega Healthcare Investors, Inc. Common Stock",45.72,46.3,13705277990.0,90978240,16.5,-12.7,5,4,False,False,False,False,True,True,True,False,False,True,False
TXNM,"TXNM Energy, Inc. Common Stock",58.41,46.3,6445660557.0,77638004,5.0,-1.9,5,4,False,False,False,True,False,True,False,True,False,True,False
JCAP,"Jefferson Capital, Inc. - Common Stock",19.25,46.2,1098837631.0,6921731,24.2,-21.2,0,1,False,False,False,False,False,False,False,False,False,True,False
TDY,Teledyne Technologies Incorporated Common Stock,617.17,46.2,28402120847.0,183581726,27.8,-11.5,5,4,False,False,False,False,True,True,True,False,False,True,False
EFSC,Enterprise Financial Services Corporation - Common Stock,60.08,46.1,2153454940.0,15538940,17.4,-12.6,5,4,False,False,False,False,True,True,True,False,False,True,False
MAIN,Main Street Capital Corporation Common Stock,55.11,46.1,5204680939.0,29033718,12.6,-15.5,2,3,False,False,False,True,False,True,False,False,False,True,False
MTN,"Vail Resorts, Inc. Common Stock",141.16,46.1,4952950069.0,111360277,19.1,-13.6,3,5,False,False,False,True,True,True,True,False,False,True,False
CME,CME Group Inc. - Class A Common Stock,263.14,46.0,95324462621.0,513036201,20.5,-20.1,2,2,False,False,False,False,False,True,False,False,False,True,False
VNOM,"Viper Energy, Inc.  - Class A Common Stock",40.64,46.0,14615640196.0,74109598,15.8,-20.5,5,3,False,False,False,False,True,True,False,False,False,True,False
LEA,Lear Corporation Common Stock,120.85,45.9,5986546607.0,87121449,25.8,-19.6,5,3,False,False,False,False,True,True,False,False,False,True,False
SPG,"Simon Property Group, Inc. Common Stock",200.95,45.9,64972379727.0,273242436,16.7,-15.7,5,4,False,False,False,False,True,True,True,False,False,True,False
DEO,Diageo plc Common Stock,84.75,45.8,46992388441.0,100085586,17.0,-17.5,0,1,False,False,False,False,False,False,False,False,False,True,False
EE,"Excelerate Energy, Inc. Class A Common Stock",32.54,45.8,3641341592.0,14537831,30.7,-24.6,5,5,False,False,False,False,True,True,True,False,True,True,False
SW,Smurfit WestRock plc Ordinary Shares,42.54,45.8,22575465960.0,222752917,30.0,-19.2,3,4,False,False,False,False,True,True,True,False,False,True,False
AVGO,Broadcom Inc. - Common Stock,355.14,45.7,1640410166809.0,8497796740,22.5,-28.3,0,1,False,False,False,False,True,False,False,False,False,False,False
VIK,Viking Holdings Ltd Ordinary Shares,80.56,45.7,34860468250.0,344305273,42.9,-26.8,5,4,False,False,False,False,True,True,True,False,True,False,False
TRS,TriMas Corporation - Common Stock,39.12,45.6,1383655282.0,15112231,28.6,-13.9,5,4,False,False,False,False,True,True,True,False,False,True,False
MA,Mastercard Incorporated Common Stock,552.26,45.6,481805467000.0,1652674722,18.9,-8.1,2,3,False,False,False,True,False,True,False,False,False,True,False
WTRG,"Essential Utilities, Inc. Common Stock",39.38,45.6,10973718655.0,92535118,9.1,-7.4,3,5,False,False,False,True,True,True,True,False,False,True,False
ARQT,"Arcutis Biotherapeutics, Inc. - Common stock",25.16,45.5,3178749694.0,61859175,30.4,-20.8,0,2,False,False,False,False,False,False,False,False,True,True,False
WMK,"Weis Markets, Inc. Common Stock",74.04,45.5,1796952634.0,13555792,23.4,-11.6,4,6,False,False,False,True,True,True,True,True,False,True,False
MNPR,Monopar Therapeutics Inc. - Common Stock,77.97,45.4,523348051.0,22316457,55.7,-37.5,5,4,False,False,False,False,True,True,True,False,True,False,False
WULF,TeraWulf Inc. - Common Stock,15.49,45.4,7439622974.0,495078346,47.9,-48.1,5,3,False,False,False,False,True,True,False,False,True,False,False
SBRA,"Sabra Health Care REIT, Inc. - Common Stock",19.16,45.3,4904884915.0,49576687,11.6,-15.9,5,4,False,False,False,False,True,True,True,False,False,True,False
UAL,"United Airlines Holdings, Inc. - Common Stock",112.51,45.3,36281974034.0,406444803,32.9,-18.9,5,4,False,False,False,True,False,True,False,False,True,True,False
CB,Chubb Limited  Common Stock,330.89,45.3,127815493287.0,567700268,24.7,-9.6,5,4,False,False,False,False,True,True,True,False,False,True,False
COLB,"Columbia Banking System, Inc. - Common Stock",28.92,45.2,8127782160.0,88744035,21.4,-14.1,5,4,False,False,False,False,True,True,True,False,False,True,False
AER,AerCap Holdings N.V. Ordinary Shares,144.34,45.2,22227119255.0,163711144,21.3,-9.1,5,3,False,False,False,True,False,True,False,False,False,True,False
BOKF,BOK Financial Corporation - Common Stock,128.36,45.1,7683362663.0,33695180,25.0,-12.6,5,4,False,False,False,False,True,True,True,False,False,True,False
FLOC,Flowco Holdings Inc. Class A Common Stock,18.46,45.1,1651657008.0,11751159,31.6,-34.7,5,3,False,False,False,False,True,True,False,False,True,False,False
TROW,"T. Rowe Price Group, Inc. - Common Stock",104.62,45.0,22575216406.0,180647736,22.8,-14.2,5,5,False,False,False,True,True,True,True,False,False,True,False
BCAT,BlackRock Capital Allocation Term Trust Common Shares of Beneficial Interest,13.73,45.0,1469554650.0,13570678,2.3,-15.2,5,4,False,False,False,False,True,True,True,False,False,True,False
RBC,RBC Bearings Incorporated Common Stock,515.56,45.0,16098409490.0,143759734,41.4,-22.8,5,4,False,False,False,False,True,True,False,False,True,True,False
AMCR,Amcor plc Ordinary Shares,41.86,44.9,19330673299.0,162755674,15.5,-17.8,3,3,False,False,False,True,False,True,False,False,False,True,False
AMP,"Ameriprise Financial, Inc. Common Stock",490.91,44.9,44482875105.0,283179545,16.2,-14.3,3,3,False,False,False,True,False,True,False,False,False,True,False
CNR,"Core Natural Resources, Inc. Common Stock",88.96,44.8,4348136113.0,48956086,19.0,-22.5,2,2,False,False,False,False,False,True,False,False,False,True,False
LAD,"Lithia Motors, Inc. Common Stock",307.77,44.8,6728372314.0,111213936,28.4,-30.0,3,1,False,False,False,False,False,True,False,False,False,False,False
TREX,"Trex Company, Inc. Common Stock",43.56,44.8,4431135765.0,80649033,46.3,-19.8,2,6,False,False,False,True,True,True,True,False,True,True,False
TNDM,"Tandem Diabetes Care, Inc. - Common Stock",16.5,44.7,1148048666.0,39840112,34.6,-44.4,0,1,False,False,False,False,False,False,False,False,True,False,False
AFG,"American Financial Group, Inc. Common Stock",139.1,44.7,11449796025.0,53422913,13.0,-7.3,5,5,False,False,False,True,True,True,True,False,False,True,False
ECAT,BlackRock ESG Capital Allocation Term Trust Common Shares of Beneficial Interest,13.99,44.6,1478205450.0,8386229,4.7,-16.4,5,4,False,False,False,False,True,True,True,False,False,True,False
SFBS,"ServisFirst Bancshares, Inc. Common Stock",40.15,44.6,4346464545.0,23913969,19.5,-12.8,3,4,False,False,False,False,True,True,True,False,False,True,False
FRME,First Merchants Corporation - Common Stock,40.15,44.5,2485680322.0,18352318,15.8,-11.4,5,4,False,False,False,False,True,True,True,False,False,True,False
PNFP,"Pinnacle Financial Partners, Inc. Common stock",96.09,44.5,14299789123.0,107195462,18.5,-12.9,4,2,False,False,False,False,False,True,False,False,False,True,False
UI,Ubiquiti Inc. Common Stock,620.52,44.5,36900522193.0,81749780,24.0,-43.6,1,3,False,False,False,False,True,True,False,True,False,False,False
CLDX,"Celldex Therapeutics, Inc. - Common Stock",31.65,44.4,2527080340.0,48172023,43.2,-29.9,5,4,False,False,False,False,True,True,True,False,True,False,False
HPP,"Hudson Pacific Properties, Inc. Common Stock",11.48,44.4,619749022.0,9237830,118.3,-41.6,0,3,False,False,False,False,True,False,True,False,True,False,False
CPK,Chesapeake Utilities Corporation Common Stock,127.38,44.3,2997155550.0,23910352,7.2,-9.6,0,3,False,False,False,False,True,False,True,False,False,True,False
DLB,Dolby Laboratories Common Stock,58.89,44.3,5532079033.0,58387417,22.0,-19.3,0,1,False,False,False,False,False,False,False,False,False,True,False
WFG,West Fraser Timber Co. Ltd Common stock,66.5,44.3,5245573036.0,15309705,16.0,-13.6,2,3,False,False,False,True,False,True,False,False,False,True,False
LLYVA,"Liberty Live Holdings, Inc. - Series A Liberty Live Group Common Stock",95.72,44.2,8612623247.0,13798807,28.7,-9.7,5,4,False,False,False,False,True,True,True,False,False,True,False
MOH,Molina Healthcare Inc Common Stock,189.54,44.2,9440370000.0,131455253,56.6,-22.6,5,6,False,False,False,True,True,True,True,False,True,True,False
DSGX,The Descartes Systems Group Inc. - Common Stock,80.08,44.1,6945687018.0,47853151,28.0,-18.6,0,3,False,False,False,True,False,False,False,True,False,True,False
DCI,"Donaldson Company, Inc. Common Stock",88.65,44.1,10172272921.0,61255860,11.6,-21.4,0,1,False,False,False,False,False,False,False,False,False,True,False
CRVS,"Corvus Pharmaceuticals, Inc. - Common Stock",10.9,44.0,919441918.0,12691118,70.6,-59.6,5,2,False,False,False,False,False,True,False,False,True,False,False
IREN,IREN Limited - Ordinary Shares,41.76,44.0,16018484041.0,1728755873,44.3,-45.7,0,2,False,False,False,False,False,False,False,True,True,False,False
CRC,California Resources Corporation Common Stock,52.43,44.0,4588435672.0,46315484,21.2,-27.2,2,2,False,False,False,False,True,True,False,False,False,False,False
ESLT,Elbit Systems Ltd. - Ordinary Shares,696.23,43.9,32355334509.0,59652878,53.7,-31.5,5,3,False,False,False,False,True,True,False,False,True,False,False
GRPN,"Groupon, Inc. - Common Stock",19.31,43.9,794193231.0,27559634,110.6,-35.4,3,5,False,False,False,True,True,True,True,False,True,False,False
AI,"C3.ai, Inc. Class A Common Stock",11.01,43.8,1786264200.0,50759103,43.5,-45.5,0,3,False,False,False,True,False,False,False,True,True,False,False
GHC,Graham Holdings Company Common Stock,1149.61,43.8,4875630257.0,37948258,23.6,-8.9,5,5,False,False,False,True,True,True,True,False,False,True,False
APG,APi Group Corporation Common Stock,40.48,43.7,17290733483.0,123522846,20.8,-19.0,0,2,False,False,False,False,False,False,False,True,False,True,False
BRC,Brady Corporation Common Stock,84.78,43.7,3946099866.0,20323544,20.1,-14.6,5,4,False,False,False,False,True,True,True,False,False,True,False
ITW,Illinois Tool Works Inc. Common Stock,262.92,43.7,74287232000.0,355296265,10.1,-13.3,3,4,False,False,False,False,True,True,True,False,False,True,False
HMY,Harmony Gold Mining Company Limited,17.38,43.6,11121130524.0,71554107,33.4,-33.3,2,2,False,False,False,False,False,True,False,False,True,False,False
SQM,Sociedad Quimica y Minera S.A. Common Stock,64.52,43.6,18315096249.0,70237335,59.0,-34.2,5,3,False,False,False,False,True,True,False,False,True,False,False
CBSH,"Commerce Bancshares, Inc. - Common Stock",55.28,43.5,7864386320.0,57787711,17.6,-9.3,3,5,False,False,False,True,True,True,True,False,False,True,False
CMC,Commercial Metals Company Common Stock,63.58,43.5,6938358291.0,73597864,19.8,-25.1,5,1,False,False,False,False,False,True,False,False,False,False,False
RL,Ralph Lauren Corporation Common Stock,363.37,43.5,21608094796.0,234016687,18.5,-13.8,0,3,False,False,False,False,True,False,False,True,False,True,False
AFRM,"Affirm Holdings, Inc. - Class A Common Stock",70.77,43.4,23764579060.0,318552477,68.1,-21.7,2,6,False,False,False,True,True,True,True,False,True,True,False
AVY,Avery Dennison Corporation Common Stock,169.87,43.4,13006760930.0,166804492,11.4,-14.9,3,2,False,False,False,False,False,True,False,False,False,True,False
MDLZ,"Mondelez International, Inc. - Class A Common Stock",58.19,43.3,73719553372.0,508649812,13.7,-12.7,2,4,False,False,False,False,True,True,True,False,False,True,False
PECO,"Phillips Edison & Company, Inc. - Common Stock",37.76,43.3,4824963000.0,37884184,14.5,-14.9,5,3,False,False,False,False,True,True,False,False,False,True,False
DNLI,Denali Therapeutics Inc. - Common Stock,20.0,43.2,3281667184.0,33728172,45.5,-26.7,5,4,False,False,False,False,True,True,True,False,True,False,False
QNST,"QuinStreet, Inc. - Common Stock",14.97,43.2,853773009.0,18945003,45.5,-32.8,3,5,False,False,False,True,True,True,True,False,True,False,False
ALL,Allstate Corporation (The) Common Stock,223.74,43.2,56743852560.0,488806920,19.0,-19.3,5,4,False,False,False,False,True,True,True,False,False,True,False
GBDC,"Golub Capital BDC, Inc. - Closed End Fund",12.54,43.1,3284592601.0,16411111,6.5,-13.0,0,4,False,False,False,True,True,False,True,False,False,True,False
ABCB,Ameris Bancorp Common Stock,81.44,43.1,5384684857.0,36643735,18.4,-12.6,5,4,False,False,False,False,True,True,True,False,False,True,False
CRWV,"CoreWeave, Inc. - Class A Common Stock",89.62,43.0,48849596839.0,2551787216,48.0,-41.5,1,4,False,False,False,False,True,True,False,True,True,False,False
XPEL,"XPEL, Inc. - Common Stock",44.97,43.0,1228552531.0,10000001,41.1,-19.6,5,3,False,False,False,False,False,True,False,False,True,True,False
AESI,Atlas Energy Solutions Inc. Common Stock,12.04,43.0,1461290342.0,44341133,57.6,-40.2,5,3,False,False,False,False,True,True,False,False,True,False,False
UTF,"Cohen & Steers Infrastructure Fund, Inc Common Stock",25.17,42.9,,8278787,7.5,-10.5,5,4,False,False,False,False,True,True,True,False,False,True,False
ZWS,Zurn Elkay Water Solutions Corporation Common Stock,47.67,42.9,7828785378.0,42898661,10.7,-13.3,5,4,False,False,False,False,True,True,True,False,False,True,False
CCK,"Crown Holdings, Inc.",106.05,42.8,11549278663.0,104591716,18.9,-13.7,4,4,False,False,False,False,True,True,True,False,False,True,False
DB,Deutsche Bank AG Common Stock,34.97,42.8,66093582000.0,72845759,24.4,-16.0,3,3,False,False,False,True,False,True,False,False,False,True,False
LLYVK,"Liberty Live Holdings, Inc. - Series C Liberty Live Group Common Stock",97.87,42.7,8842176660.0,29786752,27.2,-10.8,5,4,False,False,False,False,True,True,True,False,False,True,False
NJR,NewJersey Resources Corporation Common Stock,51.59,42.7,5190085438.0,36843043,18.7,-15.2,5,3,False,False,False,False,True,True,False,False,False,True,False
SMA,"SmartStop Self Storage REIT, Inc. Common Stock",32.51,42.7,1785093433.0,24154992,10.5,-16.0,1,5,False,False,False,True,True,True,True,False,False,True,False
SCHL,Scholastic Corporation - Common Stock,36.2,42.6,659978567.0,15800410,37.2,-24.7,5,4,False,False,False,False,True,True,False,False,True,True,False
SMP,"Standard Motor Products, Inc. Common Stock",37.52,42.6,833069526.0,6444450,9.5,-18.4,2,2,False,False,False,False,False,True,False,False,False,True,False
MAT,"Mattel, Inc. - Common Stock",15.27,42.5,4296928000.0,71326315,23.1,-32.1,0,1,False,False,False,False,False,False,False,True,False,False,False
AM,Antero Midstream Corporation Common Stock,20.36,42.5,9616895240.0,53765778,20.0,-14.6,5,3,False,False,False,False,True,True,False,False,False,True,False
PCRX,"Pacira BioSciences, Inc. - Common Stock",25.21,42.4,996945769.0,15135566,34.1,-8.9,3,6,False,False,False,True,True,True,True,False,True,True,False
ECL,Ecolab Inc. Common Stock,273.7,42.4,76041936850.0,372588238,12.6,-11.5,3,3,False,False,False,True,False,True,False,False,False,True,False
PNC,"PNC Financial Services Group, Inc. (The) Common Stock",221.03,42.4,88066814490.0,384384501,25.0,-14.6,5,4,False,False,False,False,True,True,True,False,False,True,False
CVSA,Covista Inc. Common Shares,125.48,42.3,4197667282.0,45418466,44.3,-19.7,2,6,False,False,False,True,True,True,True,False,True,True,False
FSK,FS KKR Capital Corp. Common Stock,10.97,42.3,3070140511.0,23556145,12.9,-32.7,0,1,False,False,False,True,False,False,False,False,False,False,False
CGBD,"Carlyle Secured Lending, Inc. - Closed End Fund",10.65,42.2,741025337.0,5428801,7.1,-19.8,1,3,False,False,False,True,False,True,False,False,False,True,False
LPLA,LPL Financial Holdings Inc. - Common Stock,316.44,42.2,24579405824.0,246477349,21.6,-20.9,0,1,False,False,False,False,False,False,False,False,False,True,False
PPLI,People Incorporated - Common Stock,41.28,42.2,3049297729.0,46755460,39.6,-14.6,5,5,False,False,False,False,True,True,False,True,True,True,False
COLM,Columbia Sportswear Company - Common Stock,57.27,42.1,2953335362.0,40958502,20.6,-17.1,5,3,False,False,False,False,True,True,False,False,False,True,False
ICLR,ICON plc - Ordinary Shares,162.05,42.1,12392421551.0,143990014,143.4,-20.5,0,3,False,False,False,True,False,False,False,False,True,True,False
ODFL,"Old Dominion Freight Line, Inc. - Common Stock",180.48,42.0,36930214378.0,351686923,43.2,-28.4,5,3,False,False,False,False,True,True,False,False,True,False,False
FNB,F.N.B. Corporation Common Stock,17.45,42.0,6085736757.0,75031725,20.7,-10.9,5,4,False,False,False,False,True,True,True,False,False,True,False
HIFS,Hingham Institution for Savings - Common Stock,287.78,41.9,609539490.0,13635712,15.8,-14.9,5,2,False,False,False,False,False,True,False,False,False,True,False
SRRK,Scholar Rock Holding Corporation - Common Stock,46.81,41.9,5621608617.0,79664871,72.9,-24.2,5,5,False,False,False,False,True,True,True,False,True,True,False
ESS,"Essex Property Trust, Inc. Common Stock",268.65,41.9,17320986995.0,142204947,12.7,-11.4,5,5,False,False,False,True,True,True,True,False,False,True,False
MSEX,Middlesex Water Company - Common Stock,53.56,41.8,987988089.0,7273036,21.3,-13.9,4,4,False,False,False,False,True,True,True,False,False,True,False
BCC,"Boise Cascade, L.L.C. Common Stock",74.99,41.8,2606383920.0,26391782,15.4,-18.5,2,2,False,False,False,False,False,True,False,False,False,True,False
AXSM,"Axsome Therapeutics, Inc. - Common Stock",179.25,41.7,9536975533.0,141839902,52.8,-31.1,5,4,False,False,False,False,True,True,True,False,True,False,False
DLTR,"Dollar Tree, Inc. - Common Stock",112.16,41.7,21470535115.0,304146011,32.4,-21.2,4,3,False,False,False,False,False,True,False,False,True,True,False
FTV,Fortive Corporation Common Stock ,57.47,41.6,16864632184.0,141719672,20.5,-11.0,5,3,False,False,False,False,True,True,False,False,False,True,False
KVUE,Kenvue Inc. Common Stock,17.2,41.6,33075719102.0,431876397,22.7,-14.6,3,4,False,False,False,False,True,True,True,False,False,True,False
PRI,"Primerica, Inc. Common Stock",275.42,41.6,8455153592.0,56121932,19.7,-15.8,5,4,False,False,False,False,True,True,True,False,False,True,False
CRS,Carpenter Technology Corporation Common Stock,388.47,41.5,19015126189.0,362262275,66.2,-37.9,5,4,False,False,False,False,True,True,True,False,True,False,False
ICE,Intercontinental Exchange Inc. Common Stock,150.15,41.5,85034422946.0,540548450,23.3,-14.7,2,2,False,False,False,False,False,True,False,False,False,True,False
FELE,"Franklin Electric Co., Inc. - Common Stock",98.65,41.4,4265079932.0,28324091,10.2,-14.8,5,4,False,False,False,False,True,True,True,False,False,True,False
LPTH,"LightPath Technologies, Inc. - Class A Common Stock",11.04,41.4,759893334.0,33671998,89.4,-41.7,5,3,False,False,False,False,True,True,False,False,True,False,False
FRT,Federal Realty Investment Trust Common Stock,106.69,41.4,9386633038.0,101998237,18.5,-16.8,5,4,False,False,False,False,True,True,True,False,False,True,False
FFIN,"First Financial Bankshares, Inc. - Common Stock",32.15,41.3,4550648347.0,24411378,14.3,-12.0,3,4,False,False,False,False,True,True,True,False,False,True,False
BH,Biglari Holdings Inc. Class B Common Stock,363.76,41.3,831020395.0,63667655,54.8,-24.8,4,4,False,False,False,True,False,True,False,False,True,True,False
CRAI,"CRA International,Inc. - Common Stock",170.38,41.2,1103283682.0,22913006,28.9,-25.0,0,2,False,False,False,True,False,False,False,True,False,False,False
CWT,California Water Service Group Common Stock,45.96,41.2,2785851500.0,24185903,11.3,-14.6,4,4,False,False,False,False,True,True,True,False,False,True,False
OSW,OneSpaWorld Holdings Limited - Common Shares,23.62,41.1,2307065724.0,23510500,23.9,-19.2,5,4,False,False,False,False,True,True,True,False,False,True,False
KIM,Kimco Realty Corporation (HC) Common Stock,22.24,41.1,14898231974.0,120014820,12.6,-16.5,5,4,False,False,False,False,True,True,True,False,False,True,False
VTS,"Vitesse Energy, Inc. Common Stock",16.87,41.1,706089396.0,8617190,12.5,-29.1,0,1,False,False,False,False,False,False,False,True,False,False,False
FLGT,"Fulgent Genetics, Inc. - Common Stock",21.48,41.0,586075741.0,6129182,59.6,-30.8,0,3,False,False,False,True,False,False,False,True,True,False,False
CBT,Cabot Corporation Common Stock,76.95,41.0,3942027384.0,34992648,31.9,-18.6,5,5,False,False,False,False,True,True,True,False,True,True,False
DUOL,"Duolingo, Inc. - Class A Common Stock",144.27,40.9,6857463447.0,174856574,64.1,-59.1,0,3,False,False,False,True,False,False,False,True,True,False,False
EVRG,"Evergy, Inc. - Common Stock",79.17,40.9,18166387482.0,173542858,10.9,-10.7,5,3,False,False,False,False,True,True,False,False,False,True,False
MRTN,"Marten Transport, Ltd. - Common Stock",13.34,40.9,1068134631.0,9825045,42.7,-27.8,5,3,False,False,False,False,True,True,False,False,True,False,False
PRGS,Progress Software Corporation - Common Stock,36.9,40.8,1495177943.0,22600622,54.9,-22.1,0,3,False,False,False,True,False,False,False,False,True,True,False
THRM,Gentherm Inc - Common Stock,31.3,40.8,1032619811.0,20713977,15.9,-35.3,3,1,False,False,False,False,False,True,False,False,False,False,False
FIZZ,National Beverage Corp. - Common Stock,30.32,40.7,2779438316.0,11804643,4.7,-20.6,2,4,False,False,False,False,True,True,True,False,False,True,False
CUBE,CubeSmart Common Shares,37.52,40.7,8450339355.0,98071932,6.9,-13.3,5,4,False,False,False,False,True,True,True,False,False,True,False
BNL,"Broadstone Net Lease, Inc. Common Stock",18.56,40.6,3502046721.0,43503848,8.2,-19.7,5,4,False,False,False,False,True,True,True,False,False,True,False
NWN,Northwest Natural Holding Company Common Stock,47.38,40.6,1964084483.0,11942216,8.6,-15.4,5,3,False,False,False,False,True,True,False,False,False,True,False
SYY,Sysco Corporation Common Stock,77.49,40.6,38256148669.0,314166040,13.6,-15.6,3,2,False,False,False,False,False,True,False,False,False,True,False
ACIW,"ACI Worldwide, Inc. - Common Stock",50.15,40.5,5016465925.0,46920084,31.8,-17.9,3,6,False,False,False,True,True,True,True,False,True,True,False
PLD,"Prologis, Inc. Common Stock",128.91,40.5,121524381680.0,558842957,16.1,-15.9,5,3,False,False,False,False,True,True,False,False,False,True,False
IIPR,"Innovative Industrial Properties, Inc. Common Stock",50.52,40.4,1406138799.0,20535844,13.3,-22.7,5,4,False,False,False,False,True,True,True,False,False,True,False
SNA,Snap-On Incorporated Common Stock,368.9,40.4,19021098037.0,117989410,15.0,-12.8,5,4,False,False,False,False,True,True,True,False,False,True,False
CTNM,"Contineum Therapeutics, Inc. - Common stock",13.12,40.3,488698505.0,8068982,52.6,-26.2,5,4,False,False,False,False,True,True,True,False,True,False,False
IBOC,International Bancshares Corporation - Common Stock,69.84,40.3,4298677448.0,24216030,10.5,-11.0,5,4,False,False,False,False,True,True,True,False,False,True,False
DLX,Deluxe Corporation Common Stock,22.61,40.3,1051943293.0,10686888,27.3,-29.5,5,2,False,False,False,False,True,True,False,False,False,False,False
PNW,Pinnacle West Capital Corporation Common Stock,95.92,40.2,11468894253.0,115112395,11.3,-13.7,5,3,False,False,False,False,True,True,False,False,False,True,False
SCHW,Charles Schwab Corporation (The) Common Stock,96.7,40.2,170114754186.0,830896992,15.2,-15.6,3,2,False,False,False,False,False,True,False,False,False,True,False
CBU,"Community Financial System, Inc. Common Stock",60.69,40.1,3153271187.0,15916732,13.5,-14.7,5,4,False,False,False,False,True,True,True,False,False,True,False
QSR,Restaurant Brands International Inc. Common Shares,69.91,40.1,31706540376.0,212012953,8.4,-14.7,5,4,False,False,False,False,True,True,True,False,False,True,False
RRC,Range Resources Corporation Common Stock,38.23,40.1,8786349764.0,102078423,17.0,-20.9,5,3,False,False,False,False,True,True,False,False,False,True,False
WTFC,Wintrust Financial Corporation - Common Stock,145.02,40.0,9684739563.0,76977632,21.2,-13.3,5,4,False,False,False,False,True,True,True,False,False,True,False
RACE,Ferrari N.V. Common Shares,388.33,40.0,90606718018.0,184960106,24.3,-23.0,2,5,False,False,False,True,True,True,True,False,False,True,False
AGYS,"Agilysys, Inc. - Common Stock",99.26,39.9,2829322594.0,28267333,61.4,-31.7,0,2,False,False,False,True,False,False,False,False,True,False,False
HLIT,Harmonic Inc. - Common Stock,11.17,39.9,1169192290.0,18274971,31.9,-36.8,5,3,False,False,False,False,True,True,False,False,True,False,False
NVMI,Nova Ltd. - Ordinary Shares,396.12,39.8,12287296975.0,203117868,48.7,-35.7,5,4,False,False,False,False,True,True,False,True,True,False,False
CL,Colgate-Palmolive Company Common Stock,84.26,39.8,67385019235.0,431860981,13.0,-15.2,5,4,False,False,False,False,True,True,True,False,False,True,False
WTM,"White Mountains Insurance Group, Ltd. Common Stock",2020.92,39.8,4804564842.0,42881356,22.5,-13.4,5,3,False,False,False,False,True,True,False,False,False,True,False
PG,Procter & Gamble Company (The) Common Stock,144.91,39.7,334602138987.0,1263140777,5.3,-13.4,1,2,False,False,False,False,False,True,False,False,False,True,False
RJF,"Raymond James Financial, Inc. Common Stock",158.21,39.7,30731706949.0,199290027,14.0,-13.4,3,2,False,False,False,False,False,True,False,False,False,True,False
LKFN,Lakeland Financial Corporation - Common Stock,59.07,39.6,1444116215.0,10340560,8.7,-9.7,2,4,False,False,False,False,True,True,True,False,False,True,False
VTOL,"Bristow Group, Inc. Common Stock",40.26,39.6,1194572600.0,11363983,14.9,-20.1,5,3,False,False,False,False,True,True,False,False,False,True,False
AEO,"American Eagle Outfitters, Inc. Common Stock",17.71,39.5,3011292794.0,98432671,26.0,-37.8,0,1,False,False,False,False,False,False,False,True,False,False,False
DIS,Walt Disney Company (The) Common Stock,102.19,39.5,174965183780.0,974751011,10.8,-12.7,1,2,False,False,False,False,False,True,False,False,False,True,False
GS,"Goldman Sachs Group, Inc. (The) Common Stock",902.56,39.5,261084666411.0,1996558095,22.0,-21.8,5,4,False,False,False,False,True,True,True,False,False,True,False
SIGI,"Selective Insurance Group, Inc. - Common Stock",85.59,39.4,5057418203.0,43297327,17.6,-14.8,5,4,False,False,False,False,True,True,True,False,False,True,False
KT,KT Corporation Common Stock,18.94,39.4,9021777257.0,27642586,10.6,-22.9,2,2,False,False,False,False,False,True,False,False,False,True,False
AVO,"Mission Produce, Inc. - Common Stock",12.81,39.3,1124037139.0,9829757,27.2,-17.5,3,2,False,False,False,False,False,True,False,False,False,True,False
BLSH,Bullish Ordinary Shares,34.23,39.3,5553918113.0,48360130,66.6,-51.4,0,3,False,False,False,True,False,False,False,True,True,False,False
SKT,Tanger Inc. Common Stock,35.11,39.3,3957581171.0,34504064,12.8,-17.4,5,4,False,False,False,False,True,True,True,False,False,True,False
CIFR,Cipher Digital Inc. - Common Stock,15.71,39.2,6416374962.0,607040737,34.0,-47.9,0,2,False,False,False,False,True,False,False,False,True,False,False
APD,"Air Products and Chemicals, Inc. Common Stock",277.57,39.2,60866635915.0,321501571,21.2,-11.8,3,4,False,False,False,False,True,True,True,False,False,True,False
GDDY,GoDaddy Inc. Class A Common Stock,97.21,39.1,12282294334.0,224527195,35.8,-30.3,0,3,False,False,False,True,False,False,False,True,True,False,False
VLTO,Veralto Corp Common Stock ,94.68,39.1,23062850342.0,160819655,18.3,-12.3,0,2,False,False,False,True,False,False,False,False,False,True,False
BMRN,BioMarin Pharmaceutical Inc. - Common Stock,57.18,39.0,11312450476.0,134195896,16.1,-19.4,3,4,False,False,False,False,True,True,True,False,False,True,False
BAC,Bank of America Corporation Common Stock,53.75,39.0,375720369651.0,1989470924,16.5,-17.6,5,4,False,False,False,False,True,True,True,False,False,True,False
DIN,"Dine Brands Global, Inc. Common Stock",29.92,39.0,359646452.0,11474727,28.8,-24.6,0,1,False,False,False,False,False,False,False,False,False,True,False
HWM,Howmet Aerospace Inc. Common Stock,231.27,38.9,91078263504.0,747813248,25.8,-25.4,5,3,False,False,False,False,True,True,True,False,False,False,False
PB,"Prosperity Bancshares, Inc. Common Stock",67.38,38.9,8027808303.0,72691007,10.3,-12.7,5,2,False,False,False,False,False,True,False,False,False,True,False
LBRT,Liberty Energy Inc. Class A common stock,19.31,38.8,3014145454.0,84698929,67.6,-44.0,5,3,False,False,False,False,True,True,False,False,True,False,False
LOB,"Live Oak Bancshares, Inc. Common Stock",36.68,38.8,1684260932.0,8575234,24.9,-17.6,5,4,False,False,False,False,True,True,True,False,False,True,False
MDT,Medtronic plc. Ordinary Shares,86.38,38.8,110568679212.0,906779747,17.8,-18.8,0,1,False,False,False,False,False,False,False,False,False,True,False
CNA,CNA Financial Corporation Common Stock,46.34,38.7,12415170577.0,24263517,11.6,-16.8,3,4,False,False,False,False,True,True,True,False,False,True,False
TRP,TC Energy Corporation Common Stock,59.07,38.7,58620000000.0,164413694,19.9,-17.3,5,3,False,False,False,False,True,True,False,False,False,True,False
CHH,"Choice Hotels International, Inc. Common Stock",102.5,38.6,4622308506.0,55840466,22.0,-17.2,3,3,False,False,False,False,True,True,False,False,False,True,False
SWX,"Southwest Gas Holdings, Inc. Common Stock (DE)",82.69,38.6,5923172941.0,51518693,7.8,-12.5,5,3,False,False,False,False,True,True,False,False,False,True,False
IPI,"Intrepid Potash, Inc Common Stock",32.76,38.5,438687572.0,7542498,45.3,-34.9,5,3,False,False,False,False,True,True,False,False,True,False,False
PVH,PVH Corp. Common Stock,75.53,38.5,3499554633.0,74587254,26.7,-25.0,0,1,False,False,False,False,True,False,False,False,False,False,False
SON,Sonoco Products Company Common Stock,48.74,38.5,4795437646.0,57821911,26.1,-19.7,5,4,False,False,False,False,True,True,True,False,False,True,False
OLLI,"Ollie's Bargain Outlet Holdings, Inc. - Common Stock",88.055,38.4,5222065248.0,128498251,46.1,-33.9,0,2,False,False,False,False,False,False,False,True,True,False,False
TSLX,"Sixth Street Specialty Lending, Inc. Common Stock",18.01,38.4,1724757385.0,8370080,12.3,-22.3,0,3,False,False,False,True,False,False,False,True,False,True,False
MORN,"Morningstar, Inc. - Common Stock",183.55,38.3,7172969911.0,67622066,29.7,-19.8,0,1,False,False,False,False,False,False,False,False,False,True,False
KRG,Kite Realty Group Trust Common Stock,24.39,38.3,4896479043.0,61809794,14.3,-18.5,5,3,False,False,False,False,True,True,False,False,False,True,False
AROC,"Archrock, Inc. Common Stock",30.33,38.2,5333787588.0,58287530,32.6,-28.2,5,3,False,False,False,False,True,True,False,False,True,False,False
EW,Edwards Lifesciences Corporation Common Stock,85.15,38.2,49103516000.0,310719252,17.8,-11.6,5,4,False,False,False,False,True,True,True,False,False,True,False
IONQ,"IonQ, Inc. Common Stock",43.77,38.2,16760291793.0,892095163,69.1,-48.3,0,4,False,False,False,True,True,False,False,True,True,False,False
BALL,Ball Corporation Common Stock,56.37,38.1,14955739671.0,118564011,25.7,-17.5,5,4,False,False,False,False,True,True,True,False,False,True,False
FN,Fabrinet Ordinary Shares,463.69,38.1,16177291004.0,401845549,29.4,-38.1,0,2,False,False,False,False,True,False,False,True,False,False,False
CDW,CDW Corporation - Common Stock,133.29,38.0,16981116974.0,244902689,37.2,-18.0,1,6,False,False,False,True,True,True,True,False,True,True,False
WIX,Wix.com Ltd. - Ordinary Shares,72.62,38.0,3069661632.0,112907462,80.8,-54.8,0,1,False,False,False,False,False,False,False,False,True,False,False
TFX,Teleflex Incorporated Common Stock,124.12,38.0,5343582986.0,92913862,23.9,-14.4,5,4,False,False,False,False,True,True,True,False,False,True,False
COR,"Cencora, Inc. Common Stock",309.05,37.9,59114439174.0,426973236,26.2,-18.1,0,1,False,False,False,False,False,False,False,False,False,True,False
FAF,First American Corporation (New) Common Stock,62.49,37.9,6280171000.0,58410881,11.2,-21.8,5,4,False,False,False,False,True,True,True,False,False,True,False
ESTA,Establishment Labs Holdings Inc. - Common Shares,64.06,37.8,1878711209.0,32410127,66.9,-34.4,5,4,False,False,False,False,True,True,True,False,True,False,False
RF,Regions Financial Corporation Common Stock,27.1,37.8,22968019482.0,245241702,19.4,-16.5,5,4,False,False,False,False,True,True,True,False,False,True,False
OGE,OGE Energy Corp Common Stock,45.34,37.7,9434567377.0,74525987,8.7,-10.4,5,3,False,False,False,False,True,True,False,False,False,True,False
PSA,Public Storage Common Stock,283.81,37.7,49876402056.0,280641092,10.6,-15.4,5,4,False,False,False,False,True,True,True,False,False,True,False
YETI,"YETI Holdings, Inc. Common Stock",40.87,37.7,3019546491.0,77487172,29.1,-24.3,5,2,False,False,False,False,False,True,False,False,False,True,False
EMN,Eastman Chemical Company Common Stock,64.87,37.6,7325873815.0,76555774,15.6,-22.3,5,3,False,False,False,False,True,True,False,False,False,True,False
MAS,Masco Corporation Common Stock,68.36,37.6,13463957720.0,178261534,17.5,-18.3,5,4,False,False,False,False,True,True,True,False,False,True,False
IVT,InvenTrust Properties Corp. Common Stock,30.4,37.5,2368204949.0,20921072,13.4,-18.3,5,3,False,False,False,False,True,True,False,False,False,True,False
OR,OR Royalties Inc. Common Shares,34.47,37.5,6371109459.0,33550815,25.2,-28.3,2,1,False,False,False,False,False,True,False,False,False,False,False
PRM,"Perimeter Solutions, SA Common Stock",27.45,37.5,4452284306.0,44934745,39.3,-28.1,5,4,False,False,False,False,True,True,True,False,True,False,False
SAIA,"Saia, Inc. - Common Stock",351.12,37.4,9186215967.0,156316429,40.8,-29.0,5,3,False,False,False,False,True,True,False,False,True,False,False
FERG,Ferguson Enterprises Inc. Common Stock,223.33,37.4,42847842288.0,639888281,5.3,-17.8,0,1,False,False,False,False,False,False,False,False,False,True,False
PLMR,"Palomar Holdings, Inc. - Common stock",126.49,37.3,3314185820.0,30306782,25.5,-14.3,3,3,False,False,False,True,False,True,False,False,False,True,False
WRB,W.R. Berkley Corporation Common Stock,68.98,37.3,25577576748.0,177501494,9.7,-12.6,0,2,False,False,False,True,False,False,False,False,False,True,False
AFL,AFLAC Incorporated Common Stock,111.54,37.2,55739347872.0,248148746,5.8,-14.3,5,4,False,False,False,False,True,True,True,False,False,True,False
FTS,Fortis Inc. Common Shares,52.87,37.2,26944866000.0,42737494,6.6,-11.0,5,3,False,False,False,False,True,True,False,False,False,True,False
KBDC,"Kayne Anderson BDC, Inc. Common Stock",12.67,37.2,842642456.0,5132271,1.0,-20.2,0,2,False,False,False,False,True,False,False,False,False,True,False
GATX,GATX Corporation Common Stock,171.03,37.1,5961464000.0,41487834,13.7,-16.8,5,2,False,False,False,False,False,True,False,False,False,True,False
SSD,"Simpson Manufacturing Company, Inc. Common Stock",173.56,37.1,7073546266.0,50560519,11.0,-18.7,5,3,False,False,False,False,True,True,False,False,False,True,False
CDE,"Coeur Mining, Inc. Common Stock",17.66,37.0,18050538565.0,690395817,30.3,-36.4,2,2,False,False,False,False,False,True,False,False,True,False,False
STAG,"Stag Industrial, Inc. Common Stock",36.05,37.0,6887113512.0,62549481,2.4,-15.4,0,2,False,False,False,False,True,False,False,False,False,True,False
COST,Costco Wholesale Corporation - Common Stock,920.65,36.9,405756496932.0,1927990752,9.1,-16.0,5,3,False,False,False,False,True,True,False,False,False,True,False
OZK,Bank OZK - Common Stock,46.71,36.9,5242728357.0,51805028,10.2,-12.5,4,4,False,False,False,False,True,True,True,False,False,True,False
WFRD,Weatherford International plc - Ordinary shares,79.72,36.9,5609409438.0,85010138,31.0,-29.5,5,3,False,False,False,False,True,True,False,False,True,False,False
AWK,"American Water Works Company, Inc. Common Stock",130.25,36.8,25409488534.0,293944000,8.0,-10.6,2,4,False,False,False,False,True,True,True,False,False,True,False
ED,"Consolidated Edison, Inc. Common Stock",103.39,36.8,38277263516.0,241377716,8.9,-11.0,5,3,False,False,False,False,True,True,False,False,False,True,False
CMPR,Cimpress plc - Ordinary Shares,75.04,36.7,1826941184.0,17580924,23.8,-29.6,5,3,False,False,False,False,True,True,True,False,False,False,False
TCBI,"Texas Capital Bancshares, Inc. - Common Stock",93.76,36.7,4051811191.0,45804550,24.3,-13.9,5,3,False,False,False,False,True,True,False,False,False,True,False
RTX,RTX Corporation Common Stock,184.68,36.7,249348734221.0,915732455,18.7,-18.6,5,4,False,False,False,False,True,True,True,False,False,True,False
FHN,First Horizon Corporation Common Stock,23.42,36.6,10920563492.0,120210414,18.3,-11.8,5,4,False,False,False,False,True,True,True,False,False,True,False
MTX,Minerals Technologies Inc. Common Stock,66.43,36.6,2028972707.0,15283942,23.2,-21.2,5,3,False,False,False,False,True,True,False,False,False,True,False
INVA,"Innoviva, Inc. - Common Stock",20.5,36.5,1484644717.0,16934316,24.1,-18.5,0,2,False,False,False,False,True,False,False,False,False,True,False
BHVN,Biohaven Ltd. Common Shares ,12.87,36.5,1984715282.0,40083940,72.1,-30.7,3,5,False,False,False,True,True,True,True,False,True,False,False
SKYW,"SkyWest, Inc. - Common Stock",96.43,36.4,3793139069.0,36010526,23.8,-18.1,0,1,False,False,False,False,False,False,False,False,False,True,False
CRCL,"Circle Internet Group, Inc. Class A Common Stock",81.25,36.4,21048849294.0,1153812272,62.8,-49.0,1,3,False,False,False,False,True,True,False,False,True,False,False
OMF,"OneMain Holdings, Inc. Common Stock",56.02,36.4,6427366873.0,58662287,22.4,-22.1,5,2,False,False,False,False,False,True,False,False,False,True,False
BCS,Barclays PLC Common Stock,23.71,36.3,79436746040.0,106489081,22.9,-17.4,5,2,False,False,False,False,False,True,False,False,False,True,False
MAGN,Magnera Corporation Common Stock,11.67,36.3,405256000.0,5196517,49.2,-24.8,0,2,False,False,False,False,False,False,False,False,True,True,False
LIN,Linde plc - Ordinary Shares,479.48,36.2,216407137520.0,1006221557,23.6,-12.5,5,3,False,False,False,False,True,True,False,False,False,True,False
HOV,"Hovnanian Enterprises, Inc. Class A Common Stock",116.2,36.2,685446949.0,16648363,27.0,-21.7,2,4,False,False,False,False,True,True,True,False,False,True,False
D,"Dominion Energy, Inc. Common Stock",61.31,36.1,53439996661.0,276658946,9.8,-16.0,5,4,False,False,False,False,True,True,True,False,False,True,False
OSK,Oshkosh Corporation (Holding Company)Common Stock,133.85,36.1,8076793964.0,103065353,14.6,-25.8,5,1,False,False,False,False,False,True,False,False,False,False,False
TFIN,"Triumph Financial, Inc. Common Stock",62.18,36.1,1460673047.0,14214549,33.9,-25.6,5,4,False,False,False,False,True,True,True,False,True,False,False
PGY,Pagaya Technologies Ltd. - Class A Ordinary Shares,17.98,36.0,1454946702.0,54237832,72.9,-43.9,0,2,False,False,False,True,False,False,False,False,True,False,False
EXR,Extra Space Storage Inc Common Stock,133.25,36.0,28115752779.0,181368449,6.0,-16.1,5,4,False,False,False,False,True,True,True,False,False,True,False
ENSG,"The Ensign Group, Inc. - Common Stock",171.78,35.9,9886449279.0,63228728,21.3,-21.2,0,1,False,False,False,False,False,False,False,False,False,True,False
LGIH,"LGI Homes, Inc. - Common Stock",48.14,35.9,1109175057.0,16769967,43.5,-27.3,3,2,False,False,False,False,False,True,False,False,True,False,False
BILL,"BILL Holdings, Inc. Common Stock",43.62,35.9,3733417516.0,101485487,38.9,-23.8,0,3,False,False,False,True,False,False,False,False,True,True,False
CXT,"Crane NXT, Co. Common Stock",48.78,35.8,2766396270.0,27441426,36.6,-29.3,0,2,False,False,False,True,False,False,False,False,True,False,False
PAAS,Pan American Silver Corp. Common Stock,45.51,35.8,18649517640.0,208131195,37.6,-35.0,5,2,False,False,False,False,False,True,False,False,True,False,False
HQY,"HealthEquity, Inc. - Common Stock",90.04,35.7,7392266004.0,83289141,23.7,-16.3,0,4,False,False,False,True,True,False,True,False,False,True,False
AX,"Axos Financial, Inc. Common Stock",88.93,35.7,4981329643.0,33388769,18.7,-15.9,5,2,False,False,False,False,False,True,False,False,False,True,False
BKU,"BankUnited, Inc. Common Stock",43.38,35.6,3043041677.0,36582995,23.6,-16.8,5,2,False,False,False,False,False,True,False,False,False,True,False
BRX,Brixmor Property Group Inc. Common Stock,27.39,35.6,8460469752.0,83553881,11.1,-16.6,5,3,False,False,False,False,True,True,False,False,False,True,False
QTWO,"Q2 Holdings, Inc. Common Stock",56.38,35.6,3521793174.0,45412916,38.2,-26.0,0,2,False,False,False,True,False,False,False,False,True,False,False
AD,"Array Digital Infrastructure, Inc. Common Shares",34.39,35.5,2955705000.0,7758895,3.8,-43.5,5,2,False,False,False,False,True,True,False,False,False,False,False
UHS,"Universal Health Services, Inc. Common Stock",175.72,35.5,10318015681.0,140496438,25.4,-28.7,0,1,False,False,False,False,False,False,False,True,False,False,False
NMIH,NMI Holdings Inc - Common Stock,38.83,35.4,2864295766.0,24647468,11.5,-16.9,3,4,False,False,False,False,True,True,True,False,False,True,False
GFL,"GFL Environmental Inc. Subordinate voting shares, no par value",41.98,35.4,18156318914.0,111219316,26.0,-10.7,0,3,False,False,False,True,False,False,False,True,False,True,False
GGG,Graco Inc. Common Stock,78.0,35.4,12593529354.0,150158639,7.6,-18.5,0,1,False,False,False,False,False,False,False,False,False,True,False
STRA,"Strategic Education, Inc. - Common Stock",79.72,35.3,1749733574.0,24380650,14.4,-11.2,2,5,False,False,False,True,True,True,True,False,False,True,False
GMED,"Globus Medical, Inc. Class A Common Stock",75.6,35.3,9990429021.0,112869689,33.8,-25.4,0,1,False,False,False,False,False,False,False,False,True,False,False
CI,The Cigna Group Common Stock,270.53,35.2,70805880629.0,472822146,13.0,-14.2,1,4,False,False,False,False,True,True,True,False,False,True,False
ETR,Entergy Corporation Common Stock,100.91,35.2,46849802399.0,282407774,11.0,-14.8,5,3,False,False,False,False,True,True,False,False,False,True,False
LYTS,LSI Industries Inc. - Common Stock,21.25,35.1,780252376.0,8300375,23.5,-22.3,5,3,False,False,False,False,True,True,False,False,False,True,False
NVS,Novartis AG Common Stock,141.0,35.1,269144794323.0,298822474,16.0,-17.3,5,3,False,False,False,False,True,True,False,False,False,True,False
PAM,Pampa Energia S.A.,76.39,35.1,4150010613.0,14802023,33.7,-19.2,0,2,False,False,False,False,False,False,False,False,True,True,False
BDC,Belden Inc Common Stock,112.46,35.0,4231386521.0,51368444,14.8,-29.7,0,0,False,False,False,False,False,False,False,False,False,False,False
HCA,"HCA Healthcare, Inc. Common Stock",426.69,35.0,91664570085.0,587803276,20.5,-23.3,0,2,False,False,False,False,False,False,False,True,False,True,False
ASND,Ascendis Pharma A/S - Ordinary Share,227.87,34.9,14976113862.0,167040669,22.5,-19.2,5,4,False,False,False,False,True,True,True,False,False,True,False
DFIN,"Donnelley Financial Solutions, Inc. Common Stock ",46.56,34.9,1167559839.0,11342117,28.9,-17.2,1,2,False,False,False,False,False,True,False,False,False,True,False
MARA,"MARA Holdings, Inc. - Common Stock",11.23,34.8,4330415119.0,521628178,68.6,-52.1,1,3,False,False,False,False,True,True,False,False,True,False,False
L,Loews Corporation Common Stock,106.03,34.8,21475131986.0,94826290,8.9,-12.4,5,4,False,False,False,False,True,True,True,False,False,True,False
RCL,Royal Caribbean Cruises Ltd. Common Stock,277.74,34.8,72209388159.0,668749843,25.0,-22.1,0,1,False,False,False,False,False,False,False,False,False,True,False
LNN,Lindsay Corporation Common Stock,114.35,34.7,1142779296.0,16615143,17.6,-22.7,1,2,False,False,False,False,False,True,False,False,False,True,False
MGY,Magnolia Oil & Gas Corporation Class A Common Stock,24.07,34.7,6450912171.0,109345922,14.3,-26.5,5,2,False,False,False,False,True,True,False,False,False,False,False
DLO,DLocal Limited - Class A Common Shares,13.745,34.6,4049415756.0,30031839,29.2,-18.1,3,3,False,False,False,True,False,True,False,False,False,True,False
DEC,Diversified Energy Company Common Stock,13.42,34.6,1030836988.0,12242476,8.8,-29.0,3,2,False,False,False,False,True,True,False,False,False,False,False
FSS,Federal Signal Corporation Common Stock,116.34,34.6,6847037506.0,49385615,15.0,-13.5,2,5,False,False,False,True,True,True,True,False,False,True,False
WWD,"Woodward, Inc. - Common Stock",331.62,34.5,19850614226.0,240958579,35.5,-26.5,5,3,False,False,False,False,True,True,False,False,True,False,False
MOD,Modine Manufacturing Company Common Stock,178.2,34.5,10049455481.0,281998314,60.3,-44.9,5,3,False,False,False,False,True,True,False,False,True,False,False
ADUR,Aduro Clean Technologies Inc. - Common Stock,12.28,34.4,432741546.0,5069197,36.4,-32.5,5,4,False,False,False,False,True,True,True,False,True,False,False
MTG,MGIC Investment Corporation Common Stock,26.95,34.4,5409142031.0,60157217,9.2,-15.5,3,4,False,False,False,False,True,True,True,False,False,True,False
ASO,"Academy Sports and Outdoors, Inc. - Common Stock",48.73,34.3,2946549934.0,84054469,18.0,-22.0,1,3,False,False,False,False,False,True,False,True,False,True,False
TPG,TPG Inc. - Class A Common Stock,44.67,34.3,16904306403.0,140469132,20.9,-36.5,0,0,False,False,False,False,False,False,False,False,False,False,False
TFC,Truist Financial Corporation Common Stock,46.45,34.3,56536859981.0,346928753,13.9,-17.3,5,2,False,False,False,False,False,True,False,False,False,True,False
HON,Honeywell International Inc. - Common Stock,213.99,34.2,67761774138.0,671842477,9.3,-17.8,5,3,False,False,False,False,True,True,False,False,False,True,False
SCI,Service Corporation International Common Stock,77.14,34.2,10451389761.0,79914238,12.8,-15.2,2,2,False,False,False,False,False,True,False,False,False,True,False
REG,Regency Centers Corporation - Common Stock,71.6,34.1,13148055275.0,100006347,7.1,-14.4,5,3,False,False,False,False,True,True,False,False,False,True,False
KEY,KeyCorp Common Stock,20.08,34.1,21395927508.0,255323236,21.9,-16.6,5,4,False,False,False,False,True,True,True,False,False,True,False
AMBA,"Ambarella, Inc. - Ordinary Shares",68.65,34.0,3103110261.0,124443998,42.1,-29.0,0,4,False,False,False,True,True,False,True,False,True,False,False
SA,"Seabridge Gold, Inc. Common Shares New",26.97,34.0,2939490636.0,20164101,24.5,-32.7,5,1,False,False,False,False,False,True,False,False,False,False,False
TR,"Tootsie Roll Industries, Inc. Common Stock",37.99,34.0,2840711160.0,6161906,13.6,-15.7,2,3,False,False,False,False,True,True,False,False,False,True,False
H,Hyatt Hotels Corporation Class A Common Stock,158.9,33.9,15160805665.0,139310835,18.4,-23.2,5,3,False,False,False,False,True,True,False,False,False,True,False
UPS,"United Parcel Service, Inc. Common Stock",93.02,33.9,79879882734.0,505029682,13.4,-24.0,5,2,False,False,False,False,False,True,False,False,False,True,False
PTC,PTC Inc. - Common Stock,144.03,33.8,15892912049.0,212773624,32.7,-30.4,0,2,False,False,False,False,False,False,False,True,True,False,False
CSL,Carlisle Companies Incorporated Common Stock,329.34,33.8,12915433193.0,191501795,12.2,-23.9,3,2,False,False,False,False,False,True,False,False,False,True,False
TFPM,Triple Flag Precious Metals Corp. Common Shares,30.61,33.8,6289023081.0,17171505,15.0,-26.6,2,1,False,False,False,False,False,True,False,False,False,False,False
CTRE,"CareTrust REIT, Inc. Common Stock",36.3,33.7,8485288776.0,87465225,10.7,-16.8,5,4,False,False,False,False,True,True,True,False,False,True,False
NVST,Envista Holdings Corporation Common Stock,23.46,33.7,3719906140.0,76519452,25.0,-22.9,5,4,False,False,False,False,True,True,True,False,False,True,False
MHO,"M/I Homes, Inc. Common Stock",134.76,33.6,3420035603.0,30056313,15.4,-17.7,3,4,False,False,False,False,True,True,True,False,False,True,False
SYF,Synchrony Financial Common Stock,71.77,33.6,26605835257.0,241746505,13.8,-19.2,0,1,False,False,False,False,False,False,False,False,False,True,False
ALV,"Autoliv, Inc. Common Stock",111.85,33.5,8280932126.0,72388244,12.8,-15.4,2,2,False,False,False,False,False,True,False,False,False,True,False
AMR,"Alpha Metallurgical Resources, Inc. Common Stock",171.54,33.5,2159114573.0,62856752,28.4,-32.4,2,1,False,False,False,False,False,True,False,False,False,False,False
ZBH,"Zimmer Biomet Holdings, Inc. Common Stock",88.29,33.5,16796360893.0,207465621,11.6,-17.4,2,4,False,False,False,False,True,True,True,False,False,True,False
AEP,"American Electric Power Company, Inc. - Common Stock",119.57,33.4,65191582902.0,478474779,7.0,-14.9,5,3,False,False,False,False,True,True,False,False,False,True,False
RSG,"Republic Services, Inc. Common Stock",209.56,33.4,63379962186.0,327991283,6.7,-10.2,2,2,False,False,False,False,False,True,False,False,False,True,False
PCAR,PACCAR Inc. - Common Stock,109.68,33.3,57868562933.0,418338563,18.9,-21.2,5,4,False,False,False,False,True,True,True,False,False,True,False
CMI,Cummins Inc. Common Stock,528.32,33.3,71172539779.0,614382988,31.8,-28.4,5,3,False,False,False,False,True,True,False,False,True,False,False
WPC,W. P. Carey Inc. REIT,64.52,33.3,14541551387.0,97440218,2.3,-16.4,5,3,False,False,False,False,True,True,False,False,False,True,False
CBIO,"Crescent Biopharma, Inc. - Common Stock",14.32,33.2,529672584.0,6044993,64.2,-47.8,5,3,False,False,False,False,True,True,False,False,True,False,False
VNO,Vornado Realty Trust Common Stock,33.73,33.2,6266341020.0,52651987,37.3,-19.4,2,5,False,False,False,False,True,True,True,False,True,True,False
FBK,FB Financial Corporation Common Stock,53.42,33.1,2603361208.0,25247756,8.5,-14.7,0,1,False,False,False,False,False,False,False,False,False,True,False
NNN,"NNN REIT, Inc. Common Stock",40.95,33.1,7715642280.0,74978584,5.3,-18.1,5,4,False,False,False,False,True,True,True,False,False,True,False
INMD,InMode Ltd.  - Ordinary Shares,14.09,33.0,807604847.0,7179660,10.8,-15.8,3,2,False,False,False,False,False,True,False,False,False,True,False
CCS,"Century Communities, Inc. Common Stock",59.87,33.0,1710523264.0,16931536,26.6,-21.2,3,2,False,False,False,False,False,True,False,False,False,True,False
EPAC,Enerpac Tool Group Corp. Common Stock,35.64,33.0,1788283481.0,14076357,10.2,-20.8,0,1,False,False,False,False,False,False,False,False,False,True,False
ESNT,Essent Group Ltd. Common Shares,60.22,32.9,5290130378.0,46147298,8.8,-14.4,3,4,False,False,False,False,True,True,True,False,False,True,False
HR,Healthcare Realty Trust Incorporated Common Stock,17.47,32.9,5973605417.0,72511867,7.1,-20.7,5,4,False,False,False,False,True,True,True,False,False,True,False
DOV,Dover Corporation Common Stock,189.69,32.8,25327963114.0,239460883,19.3,-20.1,5,2,False,False,False,False,False,True,False,False,False,True,False
OMC,Omnicom Group Inc. Common Stock,74.15,32.8,20493643735.0,238048775,11.8,-17.2,3,4,False,False,False,False,True,True,True,False,False,True,False
BRZE,"Braze, Inc. - Class A Common Stock",25.42,32.7,2913440553.0,70056711,66.6,-31.9,0,2,False,False,False,True,False,False,False,False,True,False,False
CHRW,"C.H. Robinson Worldwide, Inc. - Common Stock",157.72,32.7,17894601650.0,269629059,27.6,-25.0,0,1,False,False,False,False,False,False,False,True,False,False,False
LW,"Lamb Weston Holdings, Inc. Common Stock ",43.6,32.7,5661468033.0,80281449,15.9,-35.0,0,2,False,False,False,False,True,False,True,False,False,False,False
F,Ford Motor Company Common Stock,12.1,32.6,48058443862.0,664603447,8.9,-31.9,5,1,False,False,False,False,False,True,False,False,False,False,False
TOST,"Toast, Inc. Class A Common Stock",29.79,32.6,16894940000.0,301365439,33.8,-25.0,0,2,False,False,False,True,False,False,False,False,True,False,False
ACGL,Arch Capital Group Ltd. - Common Stock,93.6,32.5,32164257417.0,292029724,13.5,-12.6,5,4,False,False,False,False,True,True,True,False,False,True,False
BZ,KANZHUN LIMITED - American Depository Shares,14.83,32.5,6918945260.0,112553865,18.0,-39.8,0,0,False,False,False,False,False,False,False,False,False,False,False
PPG,"PPG Industries, Inc. Common Stock",105.15,32.5,23268141000.0,188217289,12.6,-21.2,4,2,False,False,False,False,False,True,False,False,False,True,False
LMT,Lockheed Martin Corporation Common Stock,505.41,32.4,116664725642.0,632248633,15.6,-27.0,5,1,False,False,False,False,False,True,False,False,False,False,False
YOU,"Clear Secure, Inc. Class A Common Stock",41.55,32.4,5646924543.0,85508522,41.2,-39.8,5,3,False,False,False,False,True,True,False,False,True,False,False
BANF,BancFirst Corporation - Common Stock,108.08,32.3,3577930355.0,15063180,6.5,-16.2,2,4,False,False,False,False,True,True,True,False,False,True,False
AIR,AAR Corp. Common Stock,102.51,32.3,4015401679.0,60857735,34.7,-33.4,5,4,False,False,False,False,True,True,True,False,True,False,False
JJSF,J & J Snack Foods Corp. - Common Stock,78.25,32.2,1449319149.0,18086258,13.6,-20.9,0,1,False,False,False,False,False,False,False,False,False,True,False
AMT,American Tower Corporation (REIT) Common Stock,162.2,32.2,75047525331.0,449600128,1.3,-17.3,0,2,False,False,False,False,True,False,False,False,False,True,False
UE,Urban Edge Properties Common Shares of Beneficial Interest,19.7,32.2,2469341755.0,17415899,6.7,-18.3,5,3,False,False,False,False,True,True,False,False,False,True,False
RAPP,"Rapport Therapeutics, Inc. - Common Stock",32.17,32.1,1575127129.0,15588090,35.5,-39.2,5,4,False,False,False,False,True,True,True,False,True,False,False
SR,Spire Inc. Common Stock,77.54,32.1,4518582967.0,40900341,3.6,-18.6,0,2,False,False,False,False,True,False,False,False,False,True,False
FHB,"First Hawaiian, Inc. - Common Stock",25.26,32.0,3029865665.0,52821955,11.5,-17.4,5,3,False,False,False,False,True,True,False,False,False,True,False
AMH,American Homes 4 Rent Common Shares of Beneficial Interest,30.26,32.0,10965763690.0,83745768,11.2,-13.7,3,4,False,False,False,False,True,True,True,False,False,True,False
JLL,Jones Lang LaSalle Incorporated Common Stock,306.81,32.0,14117838247.0,126302179,18.1,-22.1,3,2,False,False,False,False,False,True,False,False,False,True,False
CRSP,CRISPR Therapeutics AG - Common Shares,55.43,31.9,5360640682.0,83940481,25.6,-29.4,1,3,False,False,False,True,False,True,False,True,False,False,False
EMA,Emera Incorporated Common Shares,48.03,31.9,14644224000.0,24237581,2.5,-13.4,5,3,False,False,False,False,True,True,False,False,False,True,False
HMN,Horace Mann Educators Corporation Common Stock,45.26,31.8,1820117367.0,14387468,9.6,-18.5,5,4,False,False,False,False,True,True,True,False,False,True,False
IDA,"IDACORP, Inc. Common Stock",132.79,31.8,7627051790.0,76056698,7.0,-14.3,5,3,False,False,False,False,True,True,False,False,False,True,False
GLXY,Galaxy Digital Inc. - Class A common stock,23.06,31.7,8998266852.0,133762062,40.4,-49.8,0,3,False,False,False,False,True,False,False,True,True,False,False
NTGR,"NETGEAR, Inc. - Common Stock",23.56,31.7,622399581.0,7860067,24.0,-36.1,0,3,False,False,False,True,True,False,False,True,False,False,False
VOR,Vor Biopharma Inc. - Common Stock,18.69,31.7,1068471030.0,21557361,187.5,-56.3,1,5,False,False,False,True,True,True,True,False,True,False,False
CINF,Cincinnati Financial Corporation - Common Stock,161.95,31.6,24886464997.0,107890959,8.0,-16.9,5,4,False,False,False,False,True,True,True,False,False,True,False
PAHC,Phibro Animal Health Corporation - Class A Common Stock,37.24,31.6,1456379500.0,8240175,31.8,-38.0,0,2,False,False,False,False,False,False,False,True,True,False,False
KYIV,Kyivstar Group Ltd. - Common Shares,12.51,31.5,2877427574.0,5215535,34.7,-24.4,0,4,False,False,False,False,True,False,True,False,True,True,False
OBDC,Blue Owl Capital Corporation Common Stock,10.3,31.5,5148408420.0,41745682,0.7,-24.1,0,1,False,False,True,False,False,False,False,False,False,True,False
APAM,Artisan Partners Asset Management Inc. Class A Common Stock,34.88,31.4,2934830618.0,34075867,2.7,-25.0,0,0,False,False,False,False,False,False,False,False,False,False,False
BANC,"Banc of California, Inc. Common Stock",17.74,31.4,2762554752.0,55186372,15.7,-19.1,5,2,False,False,False,False,False,True,False,False,False,True,False
TEX,Terex Corporation Common Stock,56.71,31.4,6279642000.0,74721634,36.0,-24.1,5,4,False,False,False,False,True,True,False,False,True,True,False
MDU,"MDU Resources Group, Inc. Common Stock (Holding Company)",18.61,31.3,3885154452.0,33974073,6.8,-19.0,0,2,False,False,False,False,True,False,False,False,False,True,False
PGR,Progressive Corporation (The) Common Stock,210.31,31.3,122646188599.0,535666053,11.2,-15.0,2,3,False,False,False,True,False,True,False,False,False,True,False
BBIO,"BridgeBio Pharma, Inc. - Common Stock",67.25,31.2,13080066885.0,183217233,29.7,-28.0,0,0,False,False,False,False,False,False,False,False,False,False,False
NBIX,"Neurocrine Biosciences, Inc. - Common Stock",143.18,31.2,14303056259.0,207044149,17.2,-23.1,0,3,False,False,False,False,True,False,True,False,False,True,False
TRI,Thomson Reuters Corp - Common Shares,97.62,31.2,43042752000.0,189583285,28.0,-40.6,0,1,False,False,False,True,False,False,False,False,False,False,False
NP,Neptune Insurance Holdings Inc. Class A Common Stock,27.43,31.1,3738229372.0,17817005,85.6,-22.0,2,5,False,False,False,False,True,True,True,False,True,True,False
SHW,Sherwin-Williams Company (The) Common Stock,319.51,31.1,77871959678.0,612024051,10.2,-15.4,0,1,False,False,False,False,False,False,False,False,False,True,False
GE,GE Aerospace Common Stock,309.56,31.0,324124153436.0,1311066843,15.1,-20.4,5,4,False,False,False,False,True,True,True,False,False,True,False
RQI,Cohen & Steers Quality Income Realty Fund Inc Common Shares,11.06,31.0,1457159427.0,7314048,2.3,-18.5,5,3,False,False,False,False,True,True,False,False,False,True,False
BOH,Bank of Hawaii Corporation Common Stock,69.28,30.9,2711031213.0,29959676,16.7,-19.7,5,3,False,False,False,False,True,True,False,False,False,True,False
GTY,Getty Realty Corporation Common Stock,28.2,30.9,1724206340.0,19016082,11.1,-23.4,5,3,False,False,False,False,True,True,False,False,False,True,False
NOMD,Nomad Foods Limited Ordinary Shares,10.65,30.9,1535950655.0,18090126,18.5,-20.3,0,1,False,False,False,False,False,False,False,False,False,True,False
AR,Antero Resources Corporation Common Stock,34.08,30.8,10462149170.0,146778441,17.1,-25.5,5,2,False,False,False,False,True,True,False,False,False,False,False
TOL,"Toll Brothers, Inc. Common Stock",136.61,30.8,12565164920.0,138912062,10.9,-18.9,5,2,False,False,False,False,False,True,False,False,False,True,False
MDGL,"Madrigal Pharmaceuticals, Inc. - Common Stock",499.4,30.7,11545362803.0,150338654,26.9,-18.8,0,1,False,False,False,False,False,False,False,False,False,True,False
ATR,"AptarGroup, Inc. Common Stock",119.91,30.7,7685051062.0,58078729,16.2,-18.4,2,2,False,False,False,False,False,True,False,False,False,True,False
DORM,"Dorman Products, Inc. - Common Stock",123.06,30.6,3646836696.0,33486214,25.0,-25.0,0,1,False,False,False,False,False,False,False,False,False,True,False
ELAN,Elanco Animal Health Incorporated Common Stock,22.14,30.6,10876767239.0,156409220,14.1,-20.9,5,2,False,False,False,False,False,True,False,False,False,True,False
PDO,PIMCO Dynamic Income Opportunities Fund Common Shares of Beneficial Interest,12.11,30.6,1718039787.0,12491960,5.2,-15.0,0,1,False,False,False,False,False,False,False,False,False,True,False
GVA,Granite Construction Incorporated Common Stock,119.92,30.5,5113882994.0,84405414,23.3,-26.0,5,2,False,False,False,False,True,True,False,False,False,False,False
MRSH,Marsh Common Stock,170.06,30.5,82008756406.0,453773971,8.6,-18.2,0,1,False,False,False,False,False,False,False,False,False,True,False
DASH,"DoorDash, Inc. - Common Stock",189.15,30.4,78936051673.0,877533019,32.0,-33.7,0,2,False,False,False,True,False,False,False,False,True,False,False
USLM,"United States Lime & Minerals, Inc. - Common Stock",111.01,30.4,3194736104.0,17844203,15.3,-21.5,0,1,False,False,False,False,False,False,False,False,False,True,False
WAL,Western Alliance Bancorporation Common Stock (DE),76.38,30.4,8258935405.0,81078253,16.0,-21.4,0,1,False,False,False,False,False,False,False,False,False,True,False
WTW,Willis Towers Watson Public Limited Company - Ordinary Shares,288.61,30.3,27081456829.0,176405884,19.9,-18.2,0,1,False,False,False,False,False,False,False,False,False,True,False
HHH,Howard Hughes Holdings Inc. Common Stock,71.04,30.3,4303497854.0,40903880,18.2,-22.0,0,3,False,False,False,True,False,False,False,True,False,True,False
IBN,ICICI Bank Limited Common Stock,27.44,30.2,98487348400.0,149636890,9.4,-16.9,0,1,False,False,False,False,False,False,False,False,False,True,False
WFC,Wells Fargo & Company Common Stock,80.45,30.2,242675946714.0,1135316656,10.5,-17.7,0,1,False,False,False,False,False,False,False,False,False,True,False
WDFC,WD-40 Company - Common Stock,203.02,30.1,2715490354.0,24291289,15.8,-32.1,4,2,False,False,False,False,True,True,False,False,False,False,False
KRC,Kilroy Realty Corporation Common Stock,33.63,30.1,3873089300.0,47650128,22.9,-22.8,0,1,False,False,False,False,False,False,False,False,False,True,False
NBHC,National Bank Holdings Corporation Common Stock,38.06,30.1,1744614056.0,17043613,8.6,-19.5,5,4,False,False,False,False,True,True,True,False,False,True,False
PAYX,"Paychex, Inc. - Common Stock",98.94,30.0,35897070897.0,348457100,15.8,-23.4,2,4,False,False,False,False,True,True,True,False,False,True,False
BTI,"British American Tobacco  Industries, p.l.c. Common Stock ADR",52.64,30.0,114908141790.0,265178437,5.5,-21.8,5,3,False,False,False,False,True,True,False,False,False,True,False
SMMT,Summit Therapeutics Inc.  - Common Stock,16.755,29.9,13314440857.0,96560339,38.8,-42.7,0,3,False,False,False,True,False,False,False,True,True,False,False
TW,Tradeweb Markets Inc. - Class A Common Stock,102.22,29.9,24175119465.0,146137162,11.8,-19.9,0,1,False,False,False,False,False,False,False,False,False,True,False
EQX,Equinox Gold Corp. Common Shares,11.11,29.9,12631915274.0,165746937,30.9,-41.4,0,1,False,False,False,False,False,False,False,False,True,False,False
NNI,"Nelnet, Inc. Common Stock",123.87,29.8,4421265154.0,18006898,6.2,-14.2,0,1,False,False,False,False,False,False,False,False,False,True,False
TYG,Tortoise Energy Infrastructure Corporation Common Stock,38.11,29.8,450159059.0,5924963,1.8,-25.5,5,2,False,False,False,False,True,True,False,False,False,False,False
AWI,Armstrong World Industries Inc Common Stock,163.12,29.7,6875316534.0,71749777,8.5,-20.8,0,1,False,False,False,False,False,False,False,False,False,True,False
IR,Ingersoll Rand Inc. Common Stock,76.07,29.7,29196957032.0,338113764,11.8,-24.7,0,1,False,False,False,False,False,False,False,False,False,True,False
AIG,"American International Group, Inc. New Common Stock",74.93,29.6,39441831738.0,297745403,5.2,-14.2,0,1,False,False,False,False,False,False,False,False,False,True,False
G,Genpact Limited Common Stock,33.29,29.6,5830793923.0,79270278,24.0,-31.6,0,0,False,False,False,False,False,False,False,False,False,False,False
KR,Kroger Company (The) Common Stock,59.03,29.6,35128215876.0,405644588,9.0,-22.9,0,2,False,False,False,False,False,False,False,True,False,True,False
MRCY,Mercury Systems Inc - Common Stock,84.87,29.5,5116801675.0,65412978,30.5,-33.9,5,3,False,False,False,False,True,True,False,False,True,False,False
PFGC,Performance Food Group Company Common Stock,93.85,29.5,14467833659.0,161975982,16.1,-20.1,0,3,False,False,False,False,True,False,True,False,False,True,False
PRMB,Primo Brands Corporation Class A Common Stock,19.51,29.4,6902844557.0,95638136,35.9,-25.6,3,4,False,False,False,False,True,True,True,False,True,False,False
RMD,ResMed Inc. Common Stock,218.89,29.4,31901397472.0,305438124,21.4,-23.2,0,1,False,False,False,False,False,False,False,False,False,True,False
REYN,Reynolds Consumer Products Inc. - Common Stock,22.32,29.3,4624754145.0,34344507,9.2,-18.3,0,1,False,False,False,False,False,False,False,False,False,True,False
DTM,"DT Midstream, Inc. Common Stock ",121.0,29.3,12249996744.0,125443729,15.2,-20.9,5,3,False,False,False,False,True,True,False,False,False,True,False
MUX,McEwen Inc. Common Stock,17.74,29.3,1083592276.0,22543460,18.8,-40.3,5,1,False,False,False,False,False,True,False,False,False,False,False
CYTK,"Cytokinetics, Incorporated - Common Stock",65.6,29.2,9122716689.0,145283439,20.8,-25.7,5,3,False,False,False,False,True,True,True,False,False,False,False
TPL,Texas Pacific Land Corporation Common Stock,340.19,29.2,23207221842.0,139256696,26.4,-37.8,5,2,False,False,False,False,True,True,False,False,False,False,False
APOG,"Apogee Enterprises, Inc. - Common Stock",35.62,29.1,745206779.0,8171904,15.8,-30.0,2,1,False,False,False,False,False,True,False,False,False,False,False
CMP,Compass Minerals Intl Inc Common Stock,22.2,29.1,915602862.0,11467464,35.4,-35.7,5,3,False,False,False,False,True,True,False,False,True,False,False
CSR,D/B/A Centerspace Common Stock,54.5,29.1,912762107.0,14004014,4.8,-21.7,0,2,False,False,False,False,False,False,False,True,False,True,False
EFC,Ellington Financial Inc. Common Stock ,11.59,29.0,1506693542.0,16638408,2.7,-17.9,5,4,False,False,False,False,True,True,True,False,False,True,False
ELS,"Equity Lifestyle Properties, Inc. Common Stock",58.25,29.0,11182003347.0,96493336,1.4,-15.6,5,3,False,False,False,False,True,True,False,False,False,True,False
COF,Capital One Financial Corporation Common Stock,194.72,28.9,119310530905.0,722906927,11.8,-25.0,0,0,False,False,False,False,False,False,False,False,False,False,False
ECVT,Ecovyst Inc. Common Stock,10.12,28.9,1090305244.0,13425934,36.6,-32.9,5,3,False,False,False,False,True,True,False,False,True,False,False
WMG,Warner Music Group Corp. - Class A Common Stock,26.815,28.8,14150119251.0,57943396,14.9,-24.3,0,1,False,False,False,False,False,False,False,False,False,True,False
AEE,Ameren Corporation Common Stock,99.94,28.8,27584661530.0,173381516,3.5,-15.5,5,3,False,False,False,False,True,True,False,False,False,True,False
MSDL,Morgan Stanley Direct Lending Fund Common Stock,13.53,28.8,,6881143,0.7,-24.5,0,1,False,False,True,False,False,False,False,False,False,True,False
ECHO,EchoStar Corporation - Common stock,94.25,28.7,25664498233.0,327954139,43.3,-36.0,5,3,False,False,False,False,False,True,False,True,True,False,False
INVH,Invitation Homes Inc. Common Stock,26.04,28.7,15592453166.0,129860041,7.4,-15.7,3,4,False,False,False,False,True,True,True,False,False,True,False
JBIO,"Jade Biosciences, Inc. - Common Stock",14.12,28.6,875736019.0,17081994,73.0,-49.6,5,4,False,False,False,False,True,True,True,False,True,False,False
RLI,RLI Corp. Common Stock (DE),55.94,28.6,5155805455.0,44113258,18.4,-16.7,0,1,False,False,False,False,False,False,False,False,False,True,False
FWONK,Liberty Media Corporation - Series C Common Stock,91.2,28.5,22964897226.0,206528888,13.8,-16.6,2,4,False,False,False,False,True,True,True,False,False,True,False
MQ,"Marqeta, Inc. - Class A Common Stock",16.55,28.5,1769680178.0,15591354,11.8,-25.7,0,1,False,False,False,False,False,False,False,True,False,False,False
BXP,"BXP, Inc. Common Stock",60.45,28.5,9618012133.0,92691525,21.6,-20.8,0,1,False,False,False,False,False,False,False,False,False,True,False
DOCS,"Doximity, Inc. Class A Common Stock",27.93,28.4,5080010430.0,124246059,62.9,-62.4,0,3,False,False,False,True,False,False,False,True,True,False,False
GRBK,"Green Brick Partners, Inc. Common Stock",66.66,28.4,2857630642.0,22624946,10.3,-19.9,5,2,False,False,False,False,False,True,False,False,False,True,False
OCFC,OceanFirst Financial Corp. - Common Stock,16.78,28.3,1611075801.0,18663053,3.8,-18.6,0,3,False,False,False,False,True,False,True,False,False,True,False
WMT,Walmart Inc. - Common Stock,104.26,28.3,827172383087.0,2683795034,5.4,-22.9,0,1,False,False,False,False,False,False,False,False,False,True,False
VNT,Vontier Corporation Common Stock ,31.66,28.3,4284488000.0,47451929,16.2,-34.3,0,0,False,False,False,False,False,False,False,False,False,False,False
KHC,The Kraft Heinz Company Common Stock,22.19,28.2,26633601605.0,452916568,5.5,-21.0,3,4,False,False,False,False,True,True,True,False,False,True,False
TM,Toyota Motor Corporation Common Stock,181.49,28.2,238964108738.0,67214442,9.3,-27.1,0,0,False,False,False,False,False,False,False,False,False,False,False
BCO,Brinks Company (The) Common Stock,101.8,28.1,4117727711.0,52248254,11.8,-25.4,0,0,False,False,False,False,False,False,False,False,False,False,False
GRND,Grindr Inc. Common Stock,13.43,28.1,2463038285.0,25497148,38.0,-27.4,3,4,False,False,False,False,True,True,True,False,True,False,False
ALH,Alliance Laundry Holdings Inc. Common Stock,21.3,28.0,4220292508.0,31676366,14.3,-24.5,0,2,False,False,False,False,True,False,False,False,False,True,False
GD,General Dynamics Corporation Common Stock,330.09,28.0,90019789920.0,413429013,7.6,-17.5,5,4,False,False,False,False,True,True,True,False,False,True,False
OC,Owens Corning Inc Common Stock New,118.36,28.0,9255810292.0,132959362,21.4,-26.0,3,3,False,False,False,False,True,True,True,False,False,False,False
STRO,"Sutro Biopharma, Inc. - Common Stock",15.35,27.9,264801301.0,5585815,114.7,-65.0,5,3,False,False,False,False,True,True,False,False,True,False,False
CCL,Carnival Corporation Ltd. Common Shares,25.76,27.9,33709375934.0,550534993,20.1,-24.3,0,2,False,False,False,False,False,False,False,True,False,True,False
FWONA,Liberty Media Corporation - Series A Common Stock,83.39,27.8,20981793110.0,14708348,13.1,-16.2,2,4,False,False,False,False,True,True,True,False,False,True,False
IRMD,iRadimed Corporation - Common Stock,85.4,27.8,1090730332.0,11240615,22.9,-20.9,0,1,False,False,False,False,False,False,False,False,False,True,False
ORLY,"O'Reilly Automotive, Inc. - Common Stock",84.9,27.8,68785936144.0,523226413,2.8,-19.4,0,1,False,False,False,False,False,False,False,False,False,True,False
ORI,Old Republic International Corporation Common Stock,38.06,27.7,9051320246.0,53801923,3.8,-18.6,0,1,False,False,False,False,False,False,False,False,False,True,False
PCN,Pimco Corporate & Income Strategy Fund Common Stock,10.87,27.7,,5032437,4.1,-19.4,0,1,False,False,False,False,False,False,False,False,False,True,False
LYFT,"Lyft, Inc. - Class A Common Stock",15.46,27.6,5757597187.0,170769402,24.1,-39.5,0,1,False,False,False,True,False,False,False,False,False,False,False
BAM,Brookfield Asset Management Inc Class A Limited Voting Shares,44.85,27.6,71172881522.0,132684490,6.3,-24.4,0,1,False,False,False,False,False,False,False,False,False,True,False
ALG,"Alamo Group, Inc. Common Stock",161.01,27.5,1903052087.0,28459071,10.5,-26.8,1,1,False,False,False,False,False,True,False,False,False,False,False
FE,FirstEnergy Corp. Common Stock,43.34,27.5,25107186649.0,202396678,1.6,-17.2,5,3,False,False,False,False,True,True,False,False,False,True,False
MSCI,MSCI Inc. Common Stock,535.95,27.5,39649853000.0,333174810,7.0,-16.9,5,3,False,False,False,False,True,True,False,False,False,True,False
PRDO,Perdoceo Education Corporation - Common Stock,31.91,27.4,1991201890.0,22165821,19.7,-17.1,1,3,False,False,False,False,True,True,False,False,False,True,False
DUK,Duke Energy Corporation (Holding Company) Common Stock,114.13,27.4,88683327432.0,509816274,1.5,-15.1,5,3,False,False,False,False,True,True,False,False,False,True,False
DOX,Amdocs Limited - Ordinary Shares,58.12,27.3,6299935096.0,63981040,16.8,-32.1,0,0,False,False,False,False,False,False,False,False,False,False,False
ARES,Ares Management Corporation Class A Common Stock,117.55,27.3,38500416585.0,302061567,22.7,-35.1,0,0,False,False,False,False,False,False,False,False,False,False,False
ARE,"Alexandria Real Estate Equities, Inc. Common Stock",47.37,27.2,8194863217.0,102427446,20.2,-44.5,1,1,False,False,False,False,False,True,False,False,False,False,False
BTU,Peabody Energy Corporation Common Stock ,24.81,27.2,3015806000.0,62535736,23.7,-39.7,0,0,False,False,False,False,False,False,False,False,False,False,False
ES,Eversource Energy (D/B/A) Common Stock,64.5,27.2,24223953430.0,163599883,2.8,-15.8,5,4,False,False,False,False,True,True,True,False,False,True,False
HIG,"The Hartford Insurance Group, Inc. Common Stock",126.05,27.1,34059445531.0,220600859,4.8,-13.7,0,1,False,False,False,False,False,False,False,False,False,True,False
OGS,"ONE Gas, Inc. Common Stock",72.57,27.1,4507423122.0,41344903,3.1,-20.1,0,2,False,False,False,False,True,False,False,False,False,True,False
WAFD,"WaFd, Inc. - Common Stock",30.8,27.0,2218377235.0,31050289,17.1,-22.0,5,4,False,False,False,False,True,True,True,False,False,True,False
RPM,RPM International Inc. Common Stock,99.19,27.0,12674502899.0,127677749,6.7,-18.5,0,1,False,False,False,False,False,False,False,False,False,True,False
VMRK,Vivmark Residential Common Shares of Beneficial Interest,59.79,27.0,47383875000.0,350260154,3.9,-16.4,5,4,False,False,False,False,True,True,True,False,False,True,False
HEI,Heico Corporation Common Stock,302.45,26.9,42820271318.0,160423812,18.1,-19.7,0,1,False,False,False,False,False,False,False,False,False,True,False
UTG,Reaves Utility Income Fund Common Shares of Beneficial Interest,35.28,26.9,,12196664,5.2,-19.6,5,3,False,False,False,False,True,True,False,False,False,True,False
DXC,DXC Technology Company Common Stock ,11.1,26.8,1859823940.0,34304567,40.5,-29.2,0,2,False,False,False,False,False,False,False,True,True,False,False
SF,Stifel Financial Corporation Common Stock,70.28,26.8,10621461970.0,94203945,3.6,-21.8,0,1,False,False,False,False,False,False,False,False,False,True,False
JKHY,"Jack Henry & Associates, Inc. - Common Stock",142.54,26.7,10084997535.0,154072149,17.8,-26.3,0,0,False,False,False,False,False,False,False,False,False,False,False
SOLS,Solstice Advanced Materials Inc. - Common Stock,57.7,26.7,9051123086.0,167155161,42.7,-36.5,1,3,False,False,False,False,True,True,False,False,True,False,False
TCMD,"Tactile Systems Technology, Inc. - Common Stock",22.1,26.7,491781129.0,7619723,62.5,-41.5,0,1,False,False,False,False,False,False,False,False,True,False,False
AAL,"American Airlines Group, Inc. - Common Stock",12.94,26.6,8691665457.0,890314038,28.2,-31.1,0,0,False,False,False,False,False,False,False,False,False,False,False
BURL,"Burlington Stores, Inc. Common Stock",275.34,26.6,17294279487.0,394206372,21.4,-27.2,0,1,False,False,False,False,True,False,False,False,False,False,False
CE,Celanese Corporation Common Stock,44.19,26.5,4850902529.0,84349836,25.8,-37.5,5,2,False,False,False,False,True,True,False,False,False,False,False
EQT,EQT Corporation Common Stock,50.17,26.5,31332096440.0,362400881,4.7,-26.5,0,1,False,False,False,False,True,False,False,False,False,False,False
TAC,TransAlta Corporation Ordinary Shares,12.35,26.5,3861520000.0,23092879,8.5,-30.9,0,2,False,False,False,False,True,False,False,True,False,False,False
APO,"Apollo Global Management, Inc. (New) Common Stock",114.02,26.4,67522704800.0,411257875,14.5,-25.6,0,0,False,False,False,False,False,False,False,False,False,False,False
GWRE,"Guidewire Software, Inc. Common Stock",152.15,26.4,12735101349.0,221632082,48.7,-40.5,0,2,False,False,False,True,False,False,False,False,True,False,False
MCFT,"MasterCraft Boat Holdings, Inc. - Common Stock",20.1,26.3,483379908.0,5076400,16.9,-29.3,5,3,False,False,False,False,True,True,True,False,False,False,False
CRI,"Carter's, Inc. Common Stock",31.59,26.3,1164111676.0,46146566,16.4,-28.9,5,2,False,False,False,False,True,True,False,False,False,False,False
BLBD,Blue Bird Corporation - Common Stock,56.53,26.2,1761187768.0,36373385,22.5,-32.2,5,2,False,False,False,False,True,True,False,False,False,False,False
FWRD,Forward Air Corporation - Common Stock,15.91,26.2,523603361.0,9366530,102.4,-49.0,0,1,False,False,False,False,False,False,False,False,True,False,False
PTY,Pimco Corporate & Income Opportunity Fund,11.04,26.2,,17305435,3.7,-24.8,0,1,False,False,False,False,False,False,False,False,False,True,False
AKR,Acadia Realty Trust Common Stock,18.63,26.1,2565375247.0,28389896,1.0,-19.1,5,3,False,False,False,False,True,True,False,False,False,True,False
RCI,"Rogers Communication, Inc. Common Stock",30.83,26.1,16595689820.0,42285988,2.3,-25.1,0,0,False,False,False,False,False,False,False,False,False,False,False
BMA,Banco Macro S.A.  ADR (representing Ten Class B Common Shares),64.55,26.0,4177776220.0,23160944,64.2,-39.2,0,1,False,False,False,False,False,False,False,False,True,False,False
EVTC,"Evertec, Inc. Common Stock",27.23,26.0,1636622125.0,12562929,24.9,-20.9,0,1,False,False,False,False,False,False,False,False,False,True,False
GNTX,Gentex Corporation - Common Stock,22.08,25.9,4624499115.0,56213623,7.8,-21.2,0,1,False,False,False,False,False,False,False,False,False,True,False
LINE,"Lineage, Inc. - Common Stock",34.34,25.9,7735309108.0,37659285,9.6,-24.9,4,4,False,False,False,False,True,True,True,False,False,True,False
STE,STERIS plc (Ireland) Ordinary Shares,208.54,25.9,20410673027.0,153183765,6.9,-22.6,0,1,False,False,False,False,False,False,False,False,False,True,False
AYI,Acuity Inc. Common Stock,308.76,25.8,8959110506.0,98272667,20.1,-18.8,0,1,False,False,False,False,False,False,False,False,False,True,False
GIB,CGI Inc. Common Stock,70.19,25.8,16459437283.0,32168109,17.7,-26.3,0,0,False,False,False,False,False,False,False,False,False,False,False
CNP,"CenterPoint Energy, Inc (Holding Co) Common Stock",37.79,25.7,24510981916.0,253920361,3.9,-16.5,0,2,False,False,False,False,True,False,False,False,False,True,False
PHM,"PulteGroup, Inc. Common Stock",115.73,25.7,21810103029.0,190842910,6.7,-19.9,0,1,False,False,False,False,False,False,False,False,False,True,False
POR,Portland General Electric Co Common Stock,44.55,25.7,5264122442.0,61827348,4.6,-18.4,0,2,False,False,False,False,True,False,False,False,False,True,False
NFG,National Fuel Gas Company Common Stock,76.43,25.6,7248139250.0,56690737,1.9,-21.3,2,3,False,False,False,False,True,True,False,False,False,True,False
RRX,Regal Rexnord Corporation Common Stock,159.87,25.6,10426288616.0,215710409,24.9,-35.5,5,2,False,False,False,False,True,True,False,False,False,False,False
BKE,"Buckle, Inc. (The) Common Stock",42.9,25.5,2199065807.0,19681306,8.8,-26.9,0,0,False,False,False,False,False,False,False,False,False,False,False
PCOR,"Procore Technologies, Inc. Common Stock",50.95,25.5,7850012761.0,176299952,34.0,-38.1,0,1,False,False,False,False,False,False,False,False,True,False,False
ITRI,"Itron, Inc. - Common Stock",86.51,25.4,3776169579.0,78957798,11.2,-39.1,0,0,False,False,False,False,False,False,False,False,False,False,False
VRDN,"Viridian Therapeutics, Inc.  - Common Stock",19.4,25.4,2151420188.0,36590408,47.2,-43.4,0,1,False,False,False,False,False,False,False,False,True,False,False
NTST,NetSTREIT Corp. Common Stock,17.52,25.4,1765571885.0,32795874,2.9,-22.0,5,3,False,False,False,False,True,True,False,False,False,True,False
IART,Integra LifeSciences Holdings Corporation - Common Stock,12.68,25.3,1251359622.0,14447333,45.7,-38.1,5,4,False,False,False,False,True,True,True,False,True,False,False
GBCI,"Glacier Bancorp, Inc. Common Stock",43.91,25.3,5652500880.0,48539105,10.1,-19.5,5,2,False,False,False,False,False,True,False,False,False,True,False
GIII,"G-III Apparel Group, LTD. - Common Stock",27.37,25.2,1182105326.0,19343484,11.2,-27.1,0,2,False,False,False,False,True,False,True,False,False,False,False
DMC,Del Monte Corporation Ordinary Shares,29.67,25.2,1393642204.0,11981001,12.1,-31.9,0,0,False,False,False,False,False,False,False,False,False,False,False
APLD,Applied Digital Corporation - Common Stock,25.38,25.1,7226120052.0,471598327,33.5,-50.0,0,2,False,False,False,False,True,False,False,False,True,False,False
CARS,Cars.com Inc. Common Stock ,10.03,25.1,535327140.0,7275823,35.5,-26.7,0,1,False,False,False,False,False,False,False,False,True,False,False
IIIN,"Insteel Industries, Inc. Common Stock",29.56,25.1,562163493.0,5411001,21.4,-24.6,0,1,False,False,False,False,False,False,False,False,False,True,False
XEL,Xcel Energy Inc. - Common Stock,71.4,25.0,44067950288.0,403876768,3.9,-15.2,0,2,False,False,False,False,True,False,False,False,False,True,False
PRG,"PROG Holdings, Inc. Common Stock",31.0,25.0,1240755368.0,23000808,20.2,-35.1,5,3,False,False,False,False,True,True,True,False,False,False,False
CASY,"Caseys General Stores, Inc. - Common Stock",617.76,24.9,22896823457.0,356098040,24.2,-33.4,5,2,False,False,False,False,True,True,False,False,False,False,False
NCNO,"nCino, Inc. - Common Stock",18.68,24.9,2045994967.0,50077410,35.4,-32.1,0,1,False,False,False,False,False,False,False,False,True,False,False
FCPT,"Four Corners Property Trust, Inc. Common Stock",21.55,24.9,2350982217.0,22283736,0.9,-19.8,5,3,False,False,False,False,True,True,False,False,False,True,False
LNT,Alliant Energy Corporation - Common Stock,64.33,24.8,16519028173.0,175190687,2.9,-18.4,5,3,False,False,False,False,True,True,False,False,False,True,False
LOPE,"Grand Canyon Education, Inc. - Common Stock",155.79,24.8,4006456837.0,48353425,16.0,-30.2,0,1,False,False,False,False,False,False,False,True,False,False,False
CMG,"Chipotle Mexican Grill, Inc. Common Stock",32.36,24.7,40898309760.0,556065484,15.4,-24.4,1,2,False,False,False,False,False,True,False,False,False,True,False
NEE,"NextEra Energy, Inc. Common Stock",76.83,24.7,159264436257.0,965278615,3.3,-22.2,0,2,False,False,False,False,True,False,False,False,False,True,False
JBSS,"John B. Sanfilippo & Son, Inc. - Common Stock",68.52,24.6,779019704.0,10562089,16.0,-25.6,5,2,False,False,False,False,True,True,False,False,False,False,False
DX,"Dynex Capital, Inc. Common Stock",11.02,24.6,2749689440.0,72349249,1.3,-26.2,0,0,False,False,False,False,False,False,False,False,False,False,False
TNL,Travel   Leisure Co. Common  Stock,62.92,24.6,3853418447.0,49266031,8.4,-22.3,0,1,False,False,False,False,False,False,False,False,False,True,False
AVA,Avista Corporation Common Stock,35.31,24.5,2937211748.0,26026866,2.5,-18.8,0,2,False,False,False,False,True,False,False,False,False,True,False
PPL,PPL Corporation Common Stock,32.8,24.5,24653368991.0,270756719,3.9,-18.2,0,2,False,False,False,False,True,False,False,False,False,True,False
TXRH,"Texas Roadhouse, Inc. - Common Stock",156.14,24.4,10285933104.0,177690996,1.5,-27.8,4,1,False,False,False,False,False,True,False,False,False,False,False
ENB,Enbridge Inc Common Stock,45.97,24.4,101058706727.0,271595680,2.1,-21.4,5,3,False,False,False,False,True,True,False,False,False,True,False
MCO,Moody's Corporation Common Stock,441.36,24.4,77482752000.0,370197407,9.7,-19.3,0,1,False,False,False,False,False,False,False,False,False,True,False
IPGP,IPG Photonics Corporation - Common Stock,84.05,24.3,3558439533.0,40250500,21.1,-46.1,0,2,False,False,False,False,True,False,False,True,False,False,False
O,Realty Income Corporation Common Stock,54.13,24.3,50651051306.0,401212075,1.5,-20.3,5,3,False,False,False,False,True,True,False,False,False,True,False
COIN,"Coinbase Global, Inc. - Class A Common Stock",183.0,24.2,49941691155.0,1653599927,31.6,-54.5,0,2,False,False,False,False,False,False,False,True,True,False,False
CARR,Carrier Global Corporation Common Stock ,55.12,24.2,45519229648.0,399568469,9.7,-28.2,4,2,False,False,False,False,True,True,False,False,False,False,False
NBTX,Nanobiotix S.A. - ADSs,25.75,24.1,1417540494.0,5823184,74.2,-54.9,5,4,False,False,False,False,True,True,True,False,True,False,False
BIPC,Brookfield Infrastructure Corporation Brookfield Infrastructure Corporation,36.65,24.1,4418720244.0,43249925,7.2,-29.1,0,0,False,False,False,False,False,False,False,False,False,False,False
BR,"Broadridge Financial Solutions, Inc. Common Stock",156.93,24.1,18193840157.0,197270189,17.3,-34.3,0,0,False,False,False,False,False,False,False,False,False,False,False
AGIO,"Agios Pharmaceuticals, Inc. - Common Stock",31.8,24.0,1939117127.0,35111766,43.0,-30.9,1,4,False,False,False,False,True,True,True,False,True,False,False
RDN,Radian Group Inc. Common Stock,32.57,24.0,4130447148.0,44348264,6.7,-20.7,5,4,False,False,False,False,True,True,True,False,False,True,False
APEI,"American Public Education, Inc. - Common Stock",43.73,23.9,793554904.0,13316898,44.8,-29.0,5,3,False,False,False,False,True,True,False,False,True,False,False
ATO,Atmos Energy Corporation Common Stock,157.17,23.9,26426429918.0,168503793,1.6,-18.4,0,2,False,False,False,False,True,False,False,False,False,True,False
HBAN,Huntington Bancshares Incorporated - Common Stock,15.33,23.8,30690101207.0,437004016,3.4,-21.2,4,2,False,False,False,False,False,True,False,False,False,True,False
BCSF,"Bain Capital Specialty Finance, Inc. Common Stock",11.05,23.8,719391743.0,5372754,0.9,-24.8,0,1,False,False,False,False,False,False,False,False,False,True,False
TDS,"Telephone and Data Systems, Inc. Common Shares",35.39,23.8,4051520000.0,47585792,12.3,-28.0,0,1,False,False,False,False,False,False,False,True,False,False,False
DOLE,Dole plc Ordinary Shares,12.75,23.7,1193959320.0,14318457,1.8,-23.1,0,1,False,False,False,False,False,False,False,False,False,True,False
IE,Ivanhoe Electric Inc. Common Stock,10.44,23.7,1595902590.0,21611898,32.9,-51.6,0,2,False,False,False,False,False,False,False,True,True,False,False
SLM,SLM Corporation - Common Stock,22.75,23.6,4249480720.0,55829726,28.0,-26.8,0,0,False,False,False,False,False,False,False,False,False,False,False
MHD,"Blackrock MuniHoldings Fund, Inc. Common Stock",10.33,23.6,1526302952.0,5963107,3.2,-14.5,0,2,False,False,False,False,True,False,False,False,False,True,False
WM,"Waste Management, Inc. Common Stock",204.45,23.6,80702495650.0,468171535,5.3,-17.6,3,3,False,False,False,False,True,True,False,False,False,True,False
STAA,STAAR Surgical Company - Common Stock,22.47,23.5,1122222362.0,23288230,44.1,-37.4,0,2,False,False,False,False,True,False,False,False,True,False,False
WEC,"WEC Energy Group, Inc. Common Stock",101.59,23.5,33148657733.0,274010943,1.8,-15.3,0,2,False,False,False,False,True,False,False,False,False,True,False
ABT,Abbott Laboratories Common Stock,97.5,23.4,167310760890.0,905355311,18.9,-28.0,0,0,False,False,False,False,False,False,False,False,False,False,False
NU,Nu Holdings Ltd. Class A Ordinary Shares,13.43,23.4,64531902569.0,1008200950,19.9,-29.2,0,0,False,False,False,False,False,False,False,False,False,False,False
WAY,Waystar Holding Corp. - Common Stock,24.81,23.3,4860822346.0,60498435,43.7,-38.5,0,3,False,False,False,True,False,False,False,True,True,False,False
AXS,Axis Capital Holdings Limited Common Stock,94.88,23.3,6969012937.0,69785689,7.7,-20.9,0,1,False,False,False,False,False,False,False,False,False,True,False
NLY,Annaly Capital Management Inc. Common Stock,18.5,23.3,14094460065.0,197626899,0.7,-24.6,5,4,False,False,False,False,True,True,True,False,False,True,False
NEA,Nuveen AMT-Free Quality Municipal Income Fund Common Shares of Beneficial Interest Par Value $.01,10.09,23.2,,16567329,5.9,-15.2,0,1,False,False,False,False,False,False,False,False,False,True,False
NZF,Nuveen Municipal Credit Income Fund ,10.96,23.2,,10288425,4.9,-15.8,0,2,False,False,False,False,True,False,False,False,False,True,False
TECX,"Tectonic Therapeutic, Inc. - Common Stock",22.54,23.1,443184127.0,6775756,54.4,-43.0,5,3,False,False,False,False,True,True,False,False,True,False,False
ASGI,abrdn Global Infrastructure Income Fund Common Shares of Beneficial Interest,19.08,23.1,,5207103,1.0,-26.5,5,2,False,False,False,False,True,True,False,False,False,False,False
GEHC,GE HealthCare Technologies Inc. - Common Stock,64.29,23.0,28898886403.0,260108250,9.4,-28.4,0,0,False,False,False,False,False,False,False,False,False,False,False
AGI,Alamos Gold Inc. Class A Common Shares,32.46,23.0,13392696957.0,144837957,20.0,-41.4,0,0,False,False,False,False,False,False,False,False,False,False,False
WCN,"Waste Connections, Inc. Common Shares",153.82,23.0,38452202718.0,200396115,4.7,-14.4,0,1,False,False,False,False,False,False,False,False,False,True,False
TRMB,Trimble Inc. - Common Stock,57.52,22.9,13414836655.0,181270768,20.0,-31.9,0,0,False,False,False,False,False,False,False,False,False,False,False
MTH,Meritage Homes Corporation Common Stock,63.85,22.9,4195256366.0,53831472,10.0,-25.2,0,0,False,False,False,False,False,False,False,False,False,False,False
RYTM,"Rhythm Pharmaceuticals, Inc. - Common Stock",92.83,22.8,6431472980.0,68439325,24.6,-24.0,0,1,False,False,False,False,False,False,False,False,False,True,False
MQY,"Blackrock MuniYield Quality Fund, Inc. Common Stock",10.04,22.8,1481674211.0,7362966,2.4,-15.9,0,1,False,False,False,False,False,False,False,False,False,True,False
WH,"Wyndham Hotels & Resorts, Inc. Common Stock ",71.79,22.8,5305353112.0,89573762,7.4,-20.5,0,2,False,False,False,False,True,False,False,False,False,True,False
ADBE,Adobe Inc. - Common Stock,237.69,22.7,93906176000.0,1315864398,25.0,-34.6,0,0,False,False,False,False,False,False,False,False,False,False,False
SO,Southern Company (The) Common Stock,83.72,22.7,96020796772.0,537513687,2.5,-17.0,0,2,False,False,False,False,True,False,False,False,False,True,False
STEP,StepStone Group Inc. - Class A Common Stock,45.27,22.6,5395453826.0,57724757,16.5,-41.8,0,0,False,False,False,False,False,False,False,False,False,False,False
KGC,Kinross Gold Corporation Common Stock,24.06,22.6,28730046000.0,224814036,9.3,-38.5,2,1,False,False,False,False,False,True,False,False,False,False,False
EPAM,"EPAM Systems, Inc. Common Stock",108.29,22.5,5898971277.0,149689746,48.2,-51.3,0,1,False,False,False,False,False,False,False,False,True,False,False
KAI,Kadant Inc Common Stock,268.83,22.5,3111938512.0,43520949,9.8,-24.1,3,2,False,False,False,False,False,True,False,False,False,True,False
SUI,"Sun Communities, Inc. Common Stock",110.75,22.5,13398105270.0,205945215,0.9,-19.7,0,1,False,False,False,False,False,False,False,False,False,True,False
AAON,"AAON, Inc. - Common Stock",83.27,22.4,6784285417.0,100975470,13.8,-44.7,0,2,False,False,False,False,True,False,False,True,False,False,False
CASH,"Pathward Financial, Inc. - Common Stock",73.96,22.4,1531412247.0,17128560,12.3,-27.0,5,2,False,False,False,False,True,True,False,False,False,False,False
GRRR,Gorilla Technology Group Inc. - Ordinary shares,13.17,22.3,376946497.0,11485034,45.7,-43.9,0,2,False,False,False,False,True,False,False,False,True,False,False
TSSI,"TSS, Inc. - Common Stock",10.24,22.3,277675649.0,8803087,49.1,-53.0,1,4,False,False,False,False,True,True,False,True,True,False,False
ARLO,"Arlo Technologies, Inc. Common Stock",12.78,22.3,1374221892.0,18122733,15.7,-35.9,0,2,False,False,False,False,True,False,True,False,False,False,False
CEG,Constellation Energy Corporation - Common Stock When-Issued,257.49,22.2,91737266571.0,760861185,12.6,-37.6,0,0,False,False,False,False,False,False,False,False,False,False,False
YUMC,"Yum China Holdings, Inc. Common Stock",39.98,22.2,14027085251.0,66714734,0.7,-31.5,0,0,False,False,True,False,False,False,False,False,False,False,False
NSSC,"NAPCO Security Technologies, Inc. - Common Stock",36.17,22.1,1294459735.0,14478526,6.7,-30.1,0,0,False,False,False,False,False,False,False,False,False,False,False
UDR,"UDR, Inc. Common Stock",33.27,22.1,10820178997.0,133289048,1.0,-20.8,4,3,False,False,False,False,True,True,False,False,False,True,False
CORZ,"Core Scientific, Inc. - Common Stock",16.45,22.0,5253916210.0,235863052,23.2,-46.0,1,2,False,False,False,False,True,True,False,False,False,False,False
ADC,Agree Realty Corporation Common Stock,65.88,22.0,8088386529.0,113349066,1.4,-19.7,0,2,False,False,True,False,True,False,False,False,False,True,False
BC,Brunswick Corporation Common Stock,65.43,22.0,4161290826.0,55886839,11.7,-27.5,5,1,False,False,False,False,False,True,False,False,False,False,False
NAC,Nuveen California Quality Municipal Income Fund,10.23,21.9,,9210122,0.4,-16.5,0,2,False,False,False,False,True,False,False,False,False,True,False
NYT,New York Times Company (The) Common Stock,62.7,21.9,10225637338.0,184373142,15.9,-28.0,5,2,False,False,False,False,True,True,False,False,False,False,False
CWEN,"Clearway Energy, Inc. Class C Common Stock",29.34,21.8,4776445509.0,37893545,2.7,-29.7,0,1,False,False,False,False,True,False,False,False,False,False,False
INGR,Ingredion Incorporated Common Stock,95.33,21.8,5985402247.0,64604900,1.4,-22.8,0,1,False,False,False,False,False,False,False,False,False,True,False
DAKT,"Daktronics, Inc. - Common Stock",17.96,21.7,846911567.0,10974443,7.1,-36.5,0,0,False,False,False,False,False,False,False,False,False,False,False
LEVI,Levi Strauss & Co Class A Common Stock,19.87,21.7,7666223195.0,48676160,12.1,-22.7,0,2,False,False,False,False,True,False,False,False,False,True,False
NAD,Nuveen Quality Municipal Income Fund Common Stock,10.28,21.7,,12862527,6.4,-16.5,0,1,False,False,False,False,False,False,False,False,False,True,False
CNX,CNX Resources Corporation Common Stock,31.5,21.6,4663183438.0,58805713,2.3,-27.8,0,0,False,False,False,False,False,False,False,False,False,False,False
SEB,Seaboard Corporation Common Stock,4024.28,21.6,3784541010.0,62324762,28.2,-32.8,0,0,False,False,False,False,False,False,False,False,False,False,False
ALGT,Allegiant Travel Company - Common Stock,77.61,21.5,2062906992.0,43270619,35.9,-37.2,5,2,False,False,False,False,False,True,False,False,True,False,False
KNSL,"Kinsale Capital Group, Inc. Common Stock",329.72,21.5,7620066515.0,85028161,14.8,-32.0,0,0,False,False,False,False,False,False,False,False,False,False,False
TSN,"Tyson Foods, Inc. Common Stock",51.89,21.5,17755422311.0,189766967,3.9,-25.3,0,0,False,False,False,False,False,False,False,False,False,False,False
BAH,Booz Allen Hamilton Holding Corporation Common Stock,67.35,21.4,8476482047.0,137893179,13.2,-38.3,0,0,False,False,False,False,False,False,False,False,False,False,False
BCE,"BCE, Inc. Common Stock",19.73,21.4,18575914275.0,84663635,0.0,-25.6,0,0,False,False,True,False,False,False,False,False,False,False,False
MELI,"MercadoLibre, Inc. - Common Stock",1696.5601,21.3,85430194986.0,979211790,13.5,-30.1,0,0,False,False,False,False,False,False,False,False,False,False,False
AJG,Arthur J. Gallagher & Co. Common Stock,226.11,21.3,59415466000.0,355079663,18.5,-27.9,0,0,False,False,False,False,False,False,False,False,False,False,False
EXC,Exelon Corporation - Common Stock,40.73,21.2,41775318044.0,338102789,2.5,-19.6,0,2,False,False,False,False,True,False,False,False,False,True,False
OPCH,"Option Care Health, Inc. - Common Stock",22.64,21.2,3382150787.0,52489797,25.7,-38.5,0,0,False,False,False,False,False,False,False,False,False,False,False
PII,Polaris Inc. Common Stock,53.71,21.2,2980037552.0,53268312,13.9,-31.1,0,0,False,False,False,False,False,False,False,False,False,False,False
IRT,"Independence Realty Trust, Inc. Common Stock",14.51,21.1,3418296222.0,52869185,1.2,-18.4,0,1,False,False,False,False,False,False,False,False,False,True,False
NPKI,NPK International Inc. Common Stock,11.79,21.1,1004484046.0,10874920,9.9,-28.5,5,2,False,False,False,False,True,True,False,False,False,False,False
ROP,"Roper Technologies, Inc. - Common Stock",354.32,21.0,35860467904.0,313910742,15.8,-32.0,0,0,False,False,False,False,False,False,False,False,False,False,False
ALLY,Ally Financial Inc. Common Stock,37.91,21.0,11453118441.0,137211053,5.5,-19.8,5,2,False,False,False,False,False,True,False,False,False,True,False
CPT,Camden Property Trust Common Stock,95.96,21.0,9714111997.0,108728365,0.5,-19.9,0,1,False,False,True,False,False,False,False,False,False,True,False
HAPN,"Happen, Inc. - Common Stock",15.38,20.9,1777274946.0,25806228,17.9,-29.0,0,0,False,False,False,False,False,False,False,False,False,False,False
KMB,Kimberly-Clark Corporation - Common Stock,94.36,20.9,31375506445.0,416017923,2.1,-23.5,0,3,False,False,False,False,True,False,True,False,False,True,False
ATMU,Atmus Filtration Technologies Inc. Common Stock,45.7,20.8,3638344549.0,34244304,7.3,-31.3,0,0,False,False,False,False,False,False,False,False,False,False,False
BKSY,BlackSky Technology Inc. Class A Common Stock,21.92,20.8,865560493.0,23371507,76.6,-58.5,5,3,False,False,False,False,True,True,False,False,True,False,False
LUNR,"Intuitive Machines, Inc. - Class A Common Stock",14.71,20.7,3216383155.0,136029214,89.1,-68.5,5,3,False,False,False,False,True,True,False,False,True,False,False
AXP,American Express Company Common Stock,302.78,20.7,204004347451.0,942148439,4.1,-21.9,0,1,False,False,False,False,False,False,False,False,False,True,False
VRTS,"Virtus Investment Partners, Inc. Common Stock",133.81,20.7,879360778.0,20693373,10.0,-31.4,0,0,False,False,False,False,False,False,False,False,False,False,False
CCJ,Cameco Corporation Common Stock,85.18,20.6,37320820885.0,279753599,9.6,-37.0,5,1,False,False,False,False,False,True,False,False,False,False,False
GXO,"GXO Logistics, Inc. Common Stock ",46.56,20.6,5270903251.0,68844239,6.8,-30.4,0,0,False,False,False,False,False,False,False,False,False,False,False
GEN,Gen Digital Inc. - Common Stock,21.99,20.5,13318561462.0,213147869,23.7,-30.5,2,1,False,False,False,False,False,True,False,False,False,False,False
TPR,"Tapestry, Inc. Common Stock",118.12,20.5,23818240319.0,411675122,27.0,-28.3,5,2,False,False,False,False,True,True,False,False,False,False,False
BKD,Brookdale Senior Living Inc. Common Stock,10.86,20.4,2588779012.0,61083330,36.3,-36.5,5,3,False,False,False,False,True,True,False,False,True,False,False
PDI,PIMCO Dynamic Income Fund Common Stock,14.4,20.4,3439723500.0,59608058,4.9,-27.9,0,0,False,False,False,False,False,False,False,False,False,False,False
TKO,"TKO Group Holdings, Inc. Class A Common Stock",175.58,20.4,33319040277.0,209825534,2.6,-22.6,0,1,False,False,False,False,False,False,False,False,False,True,False
PPTA,Perpetua Resources Corp. - Common Shares,20.38,20.3,2618255157.0,25423709,24.0,-45.5,0,0,False,False,False,False,False,False,False,False,False,False,False
PWP,Perella Weinberg Partners - Class A Common Stock,15.82,20.3,1533139941.0,24595973,26.4,-39.0,0,0,False,False,False,False,False,False,False,False,False,False,False
MAMA,"Mama's Creations, Inc. - Common Stock",12.93,20.2,603959078.0,10133722,30.6,-38.4,5,4,False,False,False,False,True,True,True,False,True,False,False
GOLF,Acushnet Holdings Corp. Common Stock,83.65,20.2,4871564720.0,34191180,11.3,-30.1,5,2,False,False,False,False,True,True,False,False,False,False,False
RVLV,"Revolve Group, Inc. Class A Common Stock",20.75,20.2,1509143467.0,20199819,19.6,-34.5,0,0,False,False,False,False,False,False,False,False,False,False,False
IRON,"Disc Medicine, Inc. - Common Stock",64.51,20.1,2442168807.0,34546316,61.3,-35.2,0,1,False,False,False,False,False,False,False,False,True,False,False
HIMS,"Hims & Hers Health, Inc. Class A Common Stock",29.0,20.1,6836083001.0,355595781,111.1,-55.6,0,4,False,False,False,True,True,False,True,False,True,False,False
CRUS,"Cirrus Logic, Inc. - Common Stock",121.17,20.0,6022627305.0,100803030,14.0,-32.8,0,2,False,False,False,False,True,False,False,True,False,False,False
DHI,"D.R. Horton, Inc. Common Stock",135.0,20.0,38335855655.0,346292997,2.5,-23.4,0,1,False,False,False,False,False,False,False,False,False,True,False
AEVA,"Aeva Technologies, Inc. - Common Stock",14.76,19.9,996095282.0,30257234,67.2,-52.8,4,3,False,False,False,False,True,True,False,False,True,False,False
ARR,"ARMOUR Residential REIT, Inc.",13.59,19.9,2307615066.0,59474442,1.2,-29.6,5,1,False,False,True,False,False,True,False,False,False,False,False
PHG,Koninklijke Philips N.V. NY Registry Shares,23.92,19.9,23402486778.0,25697374,0.9,-28.5,0,0,False,False,False,False,False,False,False,False,False,False,False
WGS,GeneDx Holdings Corp. - Class A Common Stock,73.09,19.8,2116207509.0,59402947,126.9,-57.2,0,1,False,False,False,False,False,False,False,False,True,False,False
NI,NiSource Inc Common Stock,39.43,19.8,18942623950.0,238430516,2.6,-19.9,0,2,False,False,False,False,True,False,False,False,False,True,False
TAP,Molson Coors Beverage Company Class B Common Stock,36.86,19.7,6919305454.0,155986553,3.8,-32.8,0,0,False,False,False,False,False,False,False,False,False,False,False
TGS,Transportadora de Gas del Sur SA TGS Common Stock,25.01,19.7,3756277689.0,6245915,25.0,-31.2,0,0,False,False,False,False,False,False,False,False,False,False,False
HWKN,"Hawkins, Inc. - Common Stock",131.41,19.6,2655106131.0,21601032,13.2,-29.4,0,1,False,False,False,False,False,False,False,True,False,False,False
MIRM,"Mirum Pharmaceuticals, Inc. - common stock",82.93,19.6,5449110476.0,67466470,31.2,-36.2,5,3,False,False,False,False,True,True,False,False,True,False,False
CBRE,CBRE Group Inc Common Stock Class A,129.58,19.6,37798263648.0,257594372,6.5,-25.6,0,0,False,False,False,False,False,False,False,False,False,False,False
CWST,"Casella Waste Systems, Inc. - Class A Common Stock",82.77,19.5,4968378391.0,47326895,11.8,-23.3,0,1,False,False,False,False,False,False,False,False,False,True,False
TSLA,"Tesla, Inc.  - Common Stock",370.59,19.5,1398574227689.0,13119961052,24.6,-25.7,0,1,False,False,False,False,False,False,False,True,False,False,False
SBGI,"Sinclair, Inc. - Class A Common Stock",12.43,19.4,904698931.0,6621047,1.6,-30.5,0,0,False,False,True,False,False,False,False,False,False,False,False
DTE,DTE Energy Company Common Stock,124.45,19.4,25651016266.0,209907766,4.0,-20.1,0,2,False,False,False,False,True,False,False,False,False,True,False
SPIR,"Spire Global, Inc. Class A Common Stock",11.11,19.4,445627410.0,7530269,68.3,-57.2,5,3,False,False,False,False,True,True,False,False,True,False,False
MGEE,MGE Energy Inc. - Common Stock,70.77,19.3,2646770041.0,13689229,4.1,-19.5,0,1,False,False,False,False,False,False,False,False,False,True,False
NVG,Nuveen AMT-Free Municipal Credit Income Fund ,10.71,19.3,,9827915,3.8,-21.2,0,1,False,False,False,False,False,False,False,False,False,True,False
ALGN,"Align Technology, Inc. - Common Stock",143.74,19.2,10325287289.0,146066371,15.1,-28.3,4,1,False,False,False,False,False,True,False,False,False,False,False
HLNE,Hamilton Lane Incorporated - Class A Common Stock,87.04,19.2,4881149208.0,63847854,21.1,-44.1,0,0,False,False,False,False,False,False,False,False,False,False,False
PEP,"PepsiCo, Inc. - Common Stock",125.89,19.1,171430379685.0,1081528849,0.6,-26.6,0,0,False,False,True,False,False,False,False,False,False,False,False
PHIN,PHINIA Inc. Common Stock,59.78,19.1,2199384423.0,26884929,17.7,-31.2,5,2,False,False,False,False,True,True,False,False,False,False,False
SPOT,Spotify Technology S.A. Ordinary Shares,472.89,19.1,101146103768.0,885999541,16.8,-34.0,0,0,False,False,False,False,False,False,False,False,False,False,False
ENPH,"Enphase Energy, Inc. - Common Stock",33.47,19.0,4336987347.0,169276397,29.8,-54.6,5,2,False,False,False,False,True,True,False,False,False,False,False
VVV,Valvoline Inc. Common Stock,30.58,19.0,3927109946.0,79243475,16.7,-25.6,0,1,False,False,False,False,True,False,False,False,False,False,False
CAG,"ConAgra Brands, Inc. Common Stock",13.36,18.9,6301832024.0,183213939,6.6,-34.3,0,0,False,False,False,False,False,False,False,False,False,False,False
RYAN,"Ryan Specialty Holdings, Inc. Class A Common Stock",37.67,18.9,9820729596.0,83438450,28.7,-36.4,0,0,False,False,False,False,False,False,False,False,False,False,False
SGHC,Super Group (SGHC) Limited Ordinary Shares,11.25,18.9,5771752312.0,32973496,33.0,-29.1,5,4,False,False,False,False,True,True,True,False,True,False,False
MKL,Markel Group Inc. Common Stock,1737.1801,18.8,21386430403.0,124703067,1.9,-21.3,0,1,False,False,False,False,False,False,False,False,False,True,False
WMS,"Advanced Drainage Systems, Inc. Common Stock",127.27,18.8,9565921686.0,97579794,2.1,-29.0,0,0,False,False,False,False,False,False,False,False,False,False,False
GLPI,"Gaming and Leisure Properties, Inc. - Common Stock",37.68,18.7,10935684416.0,144097365,0.9,-24.6,0,2,False,False,False,False,True,False,False,False,False,True,False
DBD,Diebold Nixdorf Incorporated Common stock,63.77,18.7,2144745430.0,19245350,17.1,-30.7,0,1,False,False,False,False,True,False,False,False,False,False,False
ALC,Alcon Inc. Ordinary Shares,63.76,18.6,31950818000.0,125347836,3.1,-27.2,0,0,False,False,False,False,False,False,False,False,False,False,False
CVNA,Carvana Co. Class A Common Stock,63.77,18.6,69373236061.0,603717727,17.1,-34.5,0,0,False,False,False,False,False,False,False,False,False,False,False
RDY,Dr. Reddy's Laboratories Ltd Common Stock,12.25,18.6,10224547883.0,34539583,7.8,-21.8,0,2,False,False,False,False,False,False,False,True,False,True,False
LRN,"Stride, Inc. Common Stock",78.89,18.5,3221719184.0,73369788,30.2,-49.1,1,3,False,False,False,False,True,True,False,False,True,False,False
TJX,"TJX Companies, Inc. (The) Common Stock",132.68,18.5,146945534809.0,1060487276,8.1,-22.0,0,1,False,False,False,False,False,False,False,False,False,True,False
ANIP,"ANI Pharmaceuticals, Inc. - Common Stock",72.18,18.4,1675124244.0,29690214,3.7,-25.6,0,0,False,False,False,False,False,False,False,False,False,False,False
BSY,"Bentley Systems, Incorporated - Class B Common Stock",32.23,18.4,9893542115.0,90068101,14.8,-43.7,0,0,False,False,False,False,False,False,False,False,False,False,False
PSIX,"Power Solutions International, Inc. - Common Stock",44.85,18.3,1047171430.0,17101410,77.4,-57.9,0,2,False,False,False,False,False,False,False,True,True,False,False
TMDX,"TransMedics Group, Inc. - Common Stock",79.795,18.3,2726853403.0,69427475,32.8,-48.8,0,1,False,False,False,False,False,False,False,False,True,False,False
HSY,The Hershey Company Common Stock,160.19,18.3,32007457160.0,250904635,2.6,-33.1,0,0,False,False,False,False,False,False,False,False,False,False,False
AOS,A.O. Smith Corporation Common Stock,56.75,18.2,7701938832.0,90293528,4.8,-30.7,0,0,False,False,False,False,False,False,False,False,False,False,False
FLG,"Flagstar Bank, N.A. Common Stock",11.7,18.2,4852435253.0,61650390,10.7,-24.2,5,3,False,False,False,False,True,True,False,False,False,True,False
EVER,"EverQuote, Inc. - Class A Common Stock",19.5,18.1,704090225.0,17596719,40.5,-32.1,0,1,False,False,False,False,False,False,False,False,True,False,False
HRL,Hormel Foods Corporation Common Stock,20.25,18.1,10985001968.0,106916807,4.3,-23.9,0,1,False,False,False,False,False,False,False,False,False,True,False
VFC,V.F. Corporation Common Stock,14.33,18.1,5665069154.0,113506295,15.0,-35.7,0,1,False,False,False,False,False,False,False,True,False,False,False
BA,Boeing Company (The) Common Stock,193.56,18.0,151972347446.0,1427793665,9.5,-23.9,3,2,False,False,False,False,False,True,False,False,False,True,False
MOS,Mosaic Company (The) Common Stock,21.07,18.0,6850651171.0,192232183,6.4,-41.5,1,1,False,False,False,False,False,True,False,False,False,False,False
SUPN,"Supernus Pharmaceuticals, Inc. - Common Stock",42.38,17.9,2451797408.0,34946384,4.6,-29.0,0,0,False,False,False,False,False,False,False,False,False,False,False
UBER,"Uber Technologies, Inc. Common Stock",68.11,17.9,138648981013.0,1362886216,4.1,-32.8,0,0,False,False,False,False,False,False,False,False,False,False,False
EPRT,"Essential Properties Realty Trust, Inc. Common Stock",25.9,17.8,5536588902.0,55106190,2.1,-25.4,0,1,False,False,False,False,True,False,False,False,False,False,False
JBS,JBS N.V. Class A Common Shares,11.67,17.8,11630290971.0,74869826,10.0,-37.4,0,0,False,False,False,False,False,False,False,False,False,False,False
RHLD,Resolute Holdings Management Common Stock ,115.91,17.8,922712210.0,19717045,65.5,-50.9,0,1,False,False,False,False,False,False,False,False,True,False,False
EXE,Expand Energy Corporation - Common Stock,85.52,17.7,19900065702.0,288459639,2.7,-32.5,0,0,False,False,False,False,False,False,False,False,False,False,False
STRT,STRATTEC SECURITY CORPORATION - Common Stock,65.8,17.7,262094305.0,6633643,15.4,-29.2,0,0,False,False,False,False,False,False,False,False,False,False,False
VKTX,"Viking Therapeutics, Inc. - Common Stock",29.94,17.6,3834760742.0,154936552,16.2,-30.6,0,1,False,False,False,False,True,False,False,False,False,False,False
MRP,"Millrose Properties, Inc. Class A Common Stock",24.61,17.6,4184407760.0,44698986,5.0,-27.7,0,0,False,False,True,False,False,False,False,False,False,False,False
CMS,CMS Energy Corporation Common Stock,63.74,17.5,19956048935.0,254560754,2.3,-20.7,0,2,False,False,False,False,True,False,False,False,False,True,False
SHAK,"Shake Shack, Inc. Class A Common Stock",60.98,17.5,2576068078.0,102231934,18.2,-43.3,0,0,False,False,False,False,False,False,False,False,False,False,False
YUM,"Yum! Brands, Inc.",136.12,17.5,37302849309.0,344678094,1.4,-20.0,0,1,False,False,False,False,False,False,False,False,False,True,False
IDXX,"IDEXX Laboratories, Inc. - Common Stock",518.39,17.4,40788922809.0,297288597,3.6,-32.7,0,0,False,False,False,False,False,False,False,False,False,False,False
MLTX,MoonLake Immunotherapeutics - Class A Ordinary Shares,11.41,17.4,976173677.0,21343459,73.9,-51.0,0,2,False,False,False,False,True,False,False,False,True,False,False
DOO,BRP Inc. - Common Subordinate Voting Shares,56.01,17.3,3889075507.0,16891399,14.7,-31.6,0,0,False,False,False,False,False,False,False,False,False,False,False
DRS,"Leonardo DRS, Inc. - Common Stock",36.8,17.3,9810932091.0,35681727,13.5,-27.3,4,2,False,False,False,False,True,True,False,False,False,False,False
KTB,"Kontoor Brands, Inc. Common Stock ",64.71,17.3,3471597942.0,54430017,15.2,-27.3,0,2,False,False,False,False,True,False,True,False,False,False,False
KBR,"KBR, Inc. Common Stock",34.24,17.2,4418674813.0,53983989,14.4,-28.9,0,0,False,False,False,False,False,False,False,False,False,False,False
MP,MP Materials Corp. Common Stock,46.97,17.2,8208702191.0,312265624,24.2,-53.1,0,0,False,False,False,False,False,False,False,False,False,False,False
UFPI,"UFP Industries, Inc. - Common Stock",77.15,17.1,4251847726.0,37566802,2.6,-34.6,0,0,False,False,False,False,False,False,False,False,False,False,False
AAUC,Allied Gold Corporation Common Shares,20.1,17.1,2827368749.0,14694525,37.7,-37.6,5,2,False,False,False,False,False,True,False,False,True,False,False
LASR,"nLIGHT, Inc. - Common Stock",40.58,17.0,2303569566.0,59203433,44.7,-53.3,5,3,False,False,False,False,True,True,False,False,True,False,False
AGX,"Argan, Inc. Common Stock",383.83,17.0,5325447426.0,164220729,50.2,-52.4,5,3,False,False,False,False,True,True,False,False,True,False,False
MAA,"Mid-America Apartment Communities, Inc. Common Stock",115.27,17.0,13502635356.0,135987247,0.7,-20.2,0,1,False,False,True,False,False,False,False,False,False,True,False
OMCL,"Omnicell, Inc. - Common Stock",33.6,16.9,1525361721.0,24399642,15.6,-38.9,0,0,False,False,False,False,False,False,False,False,False,False,False
TYL,"Tyler Technologies, Inc. Common Stock",322.81,16.9,13521621829.0,300808665,19.2,-38.4,0,0,False,False,False,False,False,False,False,False,False,False,False
AVTX,"Avalo Therapeutics, Inc. - Common Stock",14.99,16.8,801768336.0,16814538,20.8,-38.2,0,2,False,False,False,False,True,False,True,False,False,False,False
CAE,CAE Inc - Common Shares,24.01,16.8,7729068186.0,20328662,5.5,-29.9,0,0,False,False,False,False,False,False,False,False,False,False,False
OTEX,Open Text Corporation - Common Shares,22.22,16.8,5613502205.0,36712554,12.3,-44.3,0,0,False,False,False,False,False,False,False,False,False,False,False
NTLA,"Intellia Therapeutics, Inc. - Common Stock",12.26,16.7,1698335519.0,46061675,54.2,-56.6,1,4,False,False,False,False,True,True,False,True,True,False,False
SPGI,S&P Global Inc. Common Stock,386.27,16.7,114429568000.0,845883877,7.0,-26.1,0,0,False,False,False,False,False,False,False,False,False,False,False
ODD,ODDITY Tech Ltd. - Class A Ordinary Shares,18.9,16.6,1071944480.0,19447488,104.3,-69.5,0,2,False,False,False,False,False,False,False,True,True,False,False
NHI,"National Health Investors, Inc. Common Stock",65.72,16.6,3196107045.0,26435227,1.8,-28.1,0,0,False,False,False,False,False,False,False,False,False,False,False
ADSK,"Autodesk, Inc. - Common Stock",212.0,16.5,44163790000.0,502022896,14.3,-35.0,0,0,False,False,False,False,False,False,False,False,False,False,False
BTDR,Bitdeer Technologies Group - Ordinary Shares,11.02,16.5,2891763087.0,137877592,59.3,-60.4,1,4,False,False,False,False,True,True,False,True,True,False,False
CHCT,Community Healthcare Trust Incorporated Common Stock,13.62,16.5,403732634.0,5746798,2.9,-28.9,5,2,False,False,False,False,True,True,False,False,False,False,False
ROCK,"Gibraltar Industries, Inc. - Common Stock",40.15,16.4,1179340910.0,14842028,19.6,-46.5,0,0,False,False,False,False,False,False,False,False,False,False,False
TXT,Textron Inc. Common Stock,77.26,16.4,13272230385.0,149650923,2.3,-23.9,0,1,False,False,False,False,False,False,False,False,False,True,False
VC,Visteon Corporation - Common Stock,88.77,16.3,2358808106.0,46616731,6.3,-30.1,0,1,False,False,False,False,True,False,False,False,False,False,False
AA,Alcoa Corporation Common Stock ,41.95,16.3,11100031257.0,208358451,24.2,-50.3,5,1,False,False,False,False,False,True,False,False,False,False,False
JEF,Jefferies Financial Group Inc. Common Stock,45.97,16.2,8766856723.0,109847288,29.4,-31.0,0,0,False,False,False,False,False,False,False,False,False,False,False
SAH,"Sonic Automotive, Inc. Common Stock",62.83,16.2,2015759776.0,24196846,16.1,-44.7,5,3,False,False,False,False,True,True,True,False,False,False,False
SRE,DBA Sempra Common Stock,78.38,16.2,51036922161.0,326544549,2.8,-22.4,0,2,False,False,False,False,True,False,False,False,False,True,False
KKR,KKR & Co. Inc. Common Stock,90.29,16.1,81900272235.0,452988265,9.2,-37.7,0,0,False,False,False,False,False,False,False,False,False,False,False
PUK,Prudential Public Limited Company Common Stock,24.57,16.1,30882504231.0,29940587,1.3,-27.8,0,0,False,False,False,False,False,False,False,False,False,False,False
NXT,Nextpower Inc. - Common Stock,84.3,16.0,12059462250.0,211198080,12.5,-48.3,0,1,False,False,False,False,True,False,False,False,False,False,False
SRPT,"Sarepta Therapeutics, Inc. - Common Stock",17.5,16.0,1855866759.0,56593147,19.2,-30.9,1,1,False,False,False,False,False,True,False,False,False,False,False
MC,Moelis & Company Class A Common Stock,56.32,16.0,4457423423.0,56401827,10.3,-28.0,0,0,False,False,False,False,False,False,False,False,False,False,False
FLY,Firefly Aerospace Inc. - Common Stock,23.32,15.9,3825196138.0,70201638,45.8,-62.5,1,4,False,False,False,False,True,True,False,True,True,False,False
NN,NextNav Inc. - Common stock,13.98,15.9,2322824362.0,41222392,28.6,-42.8,2,2,False,False,False,False,True,True,False,False,False,False,False
VSEC,VSE Corporation - Common Stock,167.28,15.8,4511724899.0,77712598,8.2,-32.5,5,1,False,False,False,False,False,True,False,False,False,False,False
FUL,H. B. Fuller Company Common Stock,50.2,15.8,2703836647.0,42400048,7.5,-26.9,0,0,False,False,False,False,False,False,False,False,False,False,False
CELC,Celcuity Inc. - Common Stock,72.1,15.7,3676254248.0,80929079,62.3,-52.3,0,1,False,False,False,False,False,False,False,False,True,False,False
TLN,Talen Energy Corporation - Common Stock,320.77,15.7,15480617940.0,272373038,14.7,-28.9,0,1,False,False,False,False,False,False,False,True,False,False,False
LOAR,Loar Holdings Inc. Common Stock,61.72,15.7,5801190124.0,45899899,16.1,-26.0,0,0,False,False,False,False,False,False,False,False,False,False,False
TRN,"Trinity Industries, Inc. Common Stock",26.13,15.6,2055472739.0,21104800,5.5,-31.8,5,2,False,False,False,False,True,True,False,False,False,False,False
VST,Vistra Corp. Common Stock,140.02,15.6,46905018501.0,685870748,5.5,-35.5,0,0,False,False,False,False,False,False,False,False,False,False,False
BEAM,Beam Therapeutics Inc. - Common Stock,24.5,15.5,2519186149.0,47140415,21.1,-36.0,5,1,False,False,False,False,False,True,False,False,False,False,False
MIDD,The Middleby Corporation - Common Stock,104.57,15.5,4643883019.0,68528337,17.3,-29.6,5,1,False,False,False,False,False,True,False,False,False,False,False
PTCT,"PTC Therapeutics, Inc. - Common Stock",63.46,15.5,5352341232.0,79333570,3.8,-30.2,0,0,False,False,False,False,False,False,False,False,False,False,False
BX,Blackstone Inc. Common Stock,111.75,15.4,84250162795.0,569325300,9.8,-34.3,0,0,False,False,False,False,False,False,False,False,False,False,False
MWA,MUELLER WATER PRODUCTS Common Stock,21.66,15.4,3356702099.0,29535105,3.6,-30.1,0,0,False,False,False,False,False,False,False,False,False,False,False
ATEC,"Alphatec Holdings, Inc. - Common Stock",10.03,15.3,1529065652.0,21472660,47.1,-56.9,0,2,False,False,False,False,False,False,False,True,True,False,False
HII,"Huntington Ingalls Industries, Inc. Common Stock",268.54,15.3,10809863369.0,149199897,4.6,-41.6,0,0,False,False,False,False,False,False,False,False,False,False,False
CNXC,Concentrix Corporation - Common Stock,24.91,15.2,1648105634.0,43981788,30.3,-49.5,0,1,False,False,False,False,False,False,False,False,True,False,False
ISRG,"Intuitive Surgical, Inc. - Common Stock",391.95,15.2,141749279967.0,971365072,19.3,-35.1,0,1,False,False,False,False,False,False,False,True,False,False,False
PEG,Public Service Enterprise Group Incorporated Common Stock,68.07,15.2,33837735837.0,228592612,2.9,-22.3,0,1,False,False,False,False,False,False,False,False,False,True,False
GBX,"Greenbrier Companies, Inc. (The) Common Stock",40.58,15.1,1240372012.0,17017997,6.1,-31.4,0,0,False,False,False,False,False,False,False,False,False,False,False
NVR,"NVR, Inc. Common Stock",5993.8501,15.1,16325945007.0,228948110,9.0,-26.9,0,0,False,False,False,False,False,False,False,False,False,False,False
WLDN,"Willdan Group, Inc. - Common Stock",73.54,15.0,1122300465.0,18405686,13.7,-46.3,0,0,False,False,False,False,False,False,False,False,False,False,False
TNC,Tennant Company Common Stock,67.12,15.0,1137188510.0,15529308,11.5,-27.0,0,1,False,False,False,False,True,False,False,False,False,False,False
SNDX,"Syndax Pharmaceuticals, Inc. - Common Stock",17.6,14.9,1626992907.0,29615620,35.5,-31.2,0,2,False,False,False,False,True,False,False,False,True,False,False
STOK,"Stoke Therapeutics, Inc. - Common Stock",25.62,14.9,1678327554.0,26976379,26.1,-36.3,0,0,False,False,False,False,False,False,False,False,False,False,False
WYFI,"WhiteFiber, Inc. - Ordinary Shares",17.93,14.9,679065103.0,45377244,70.6,-61.7,0,2,False,False,False,False,True,False,False,False,True,False,False
FSV,FirstService Corporation - Common Shares,129.13,14.8,5612002143.0,30653381,8.1,-32.1,0,0,False,False,False,False,False,False,False,False,False,False,False
ADNT,Adient plc Ordinary Shares ,17.31,14.8,1354593095.0,18798031,4.8,-36.6,0,0,False,False,False,False,False,False,False,False,False,False,False
BBAR,Banco BBVA Argentina S.A. ADS,12.38,14.7,2538662094.0,9957373,59.5,-44.9,0,1,False,False,False,False,False,False,False,False,True,False,False
ORA,"Ormat Technologies, Inc. Common Stock",92.86,14.7,5513815730.0,89012582,6.7,-36.6,0,0,False,False,False,False,False,False,False,False,False,False,False
PJT,PJT Partners Inc. Class A Common Stock,138.69,14.7,5753928743.0,70588944,8.6,-29.1,0,0,False,False,False,False,False,False,False,False,False,False,False
MBUU,"Malibu Boats, Inc. - Common Stock",23.01,14.6,449232211.0,6016311,3.6,-34.2,0,0,False,False,False,False,False,False,False,False,False,False,False
SBAC,SBA Communications Corporation - Class A Common Stock,158.49,14.6,16764043142.0,179031653,0.7,-29.4,0,1,False,False,False,False,True,False,False,False,False,False,False
SYM,Symbotic Inc. - Class A Common Stock,43.28,14.5,26109289734.0,71486697,14.9,-50.8,0,1,False,False,False,False,False,False,False,True,False,False,False
ALK,"Alaska Air Group, Inc. Common Stock",39.53,14.5,4407207209.0,111895225,19.7,-34.8,0,0,False,False,False,False,False,False,False,False,False,False,False
AZN,AstraZeneca PLC Ordinary Shares,156.9,14.4,244549469541.0,574991950,2.3,-26.2,0,0,False,False,False,False,False,False,False,False,False,False,False
LZB,La-Z-Boy Incorporated Common Stock,29.94,14.4,1179153578.0,23339353,4.0,-33.3,0,0,False,False,False,False,False,False,False,False,False,False,False
PIPR,Piper Sandler Companies Common Stock,65.36,14.4,4648691742.0,48829463,3.8,-31.2,0,0,False,False,False,False,False,False,False,False,False,False,False
BN,Brookfield Corporation Class A Limited Voting Shares,36.92,14.3,89550392759.0,186888619,3.4,-25.5,0,0,False,False,False,False,False,False,False,False,False,False,False
CC,Chemours Company (The) Common Stock,13.71,14.3,2028726453.0,34769582,31.3,-52.2,5,3,False,False,False,False,True,True,False,False,True,False,False
CENX,Century Aluminum Company - Common Stock,35.62,14.2,3562768687.0,83827962,40.2,-49.4,5,3,False,False,False,False,True,True,False,False,True,False,False
MAZE,"Maze Therapeutics, Inc. - Common Stock",26.43,14.2,1480385327.0,15316399,20.4,-50.7,0,0,False,False,False,False,False,False,False,False,False,False,False
BKNG,Booking Holdings Inc. - Common Stock,159.02,14.1,120431266540.0,1303347075,5.9,-29.3,0,0,False,False,False,False,False,False,False,False,False,False,False
DPZ,Domino's Pizza Inc - Common Stock,297.62,14.1,9759111825.0,267591874,5.5,-32.7,0,0,False,False,False,False,False,False,False,False,False,False,False
TDG,Transdigm Group Incorporated Common Stock,1090.38,14.1,60651614291.0,481248225,1.8,-25.5,0,0,False,False,False,False,False,False,False,False,False,False,False
BBSI,"Barrett Business Services, Inc. - Common Stock",30.51,14.0,758803486.0,8422267,20.5,-33.0,0,0,False,False,False,False,False,False,False,False,False,False,False
NXST,"Nexstar Media Group, Inc. - Common Stock",155.42,14.0,4886504622.0,62961866,0.7,-38.9,0,0,False,False,True,False,False,False,False,False,False,False,False
CMCSA,Comcast Corporation - Class A Common Stock,21.57,13.9,77005413634.0,680501100,1.4,-34.4,0,0,False,False,False,False,False,False,False,False,False,False,False
LDOS,"Leidos Holdings, Inc. Common Stock",117.74,13.9,15306284732.0,178141056,19.1,-42.8,0,0,False,False,False,False,False,False,False,False,False,False,False
ORCL,Oracle Corporation Common Stock,142.3,13.9,418559363642.0,4396170676,24.3,-55.9,0,0,False,False,False,False,False,False,False,False,False,False,False
AZO,"AutoZone, Inc. Common Stock",2792.03,13.8,46021665506.0,866264173,1.3,-35.0,0,0,False,False,False,False,False,False,False,False,False,False,False
CNM,"Core & Main, Inc. Class A Common Stock",41.35,13.8,7882643789.0,98878050,3.3,-30.7,0,0,False,False,False,False,False,False,False,False,False,False,False
MNRO,"Monro, Inc.  - Common Stock",14.18,13.7,438322121.0,14261847,28.2,-40.7,0,1,False,False,False,False,False,False,False,True,False,False,False
LEN,Lennar Corporation Class A Common Stock,79.81,13.7,19779900110.0,304483772,5.4,-40.3,0,0,False,False,False,False,False,False,False,False,False,False,False
UPBD,"Upbound Group, Inc. - Common Stock",15.91,13.6,914134670.0,18134369,5.2,-33.7,1,2,False,False,False,False,True,True,False,False,False,False,False
IP,International Paper Company Common Stock,31.97,13.6,17221612985.0,189866006,9.3,-36.4,0,0,False,False,False,False,False,False,False,False,False,False,False
RYN,Rayonier Inc. REIT Common Stock,18.06,13.6,5421676042.0,69507804,0.8,-33.3,0,0,False,False,False,False,False,False,False,False,False,False,False
OLED,Universal Display Corporation - Common Stock,80.37,13.5,3557373361.0,63117524,9.8,-47.6,0,0,False,False,False,False,False,False,False,False,False,False,False
SAFE,Safehold Inc. New Common Stock ,12.06,13.5,834923941.0,5680161,4.0,-30.9,5,2,False,False,False,False,True,True,False,False,False,False,False
EEFT,"Euronet Worldwide, Inc. - Common Stock",63.5,13.4,2380364786.0,46629162,2.0,-29.3,0,0,False,False,False,False,False,False,False,False,False,False,False
PENN,"PENN Entertainment, Inc. - Common Stock",14.77,13.4,1946646901.0,50415129,26.8,-33.9,4,3,False,False,False,False,True,True,True,False,False,False,False
SAM,"Boston Beer Company, Inc. (The) Common Stock",167.5,13.4,1707286961.0,41568446,5.6,-36.7,0,0,False,False,False,False,False,False,False,False,False,False,False
TTWO,"Take-Two Interactive Software, Inc. - Common Stock",202.73,13.3,38072957804.0,565207597,8.0,-23.8,0,1,False,False,False,False,False,False,False,False,False,True,False
STZ,"Constellation Brands, Inc. Common Stock",112.87,13.3,19296255258.0,253100802,1.2,-33.1,0,0,False,False,False,False,False,False,False,False,False,False,False
RRR,"Red Rock Resorts, Inc. - Class A Common Stock",50.31,13.2,5138442128.0,54169335,5.9,-27.1,0,0,False,False,False,False,False,False,False,False,False,False,False
GPOR,Gulfport Energy Corporation Common Shares,154.4,13.2,2711820851.0,48053119,3.5,-31.6,0,0,False,False,False,False,False,False,False,False,False,False,False
CARG,"CarGurus, Inc. - Class A Common Stock",30.02,13.1,2648154501.0,36006969,13.8,-27.2,0,0,False,False,False,False,False,False,False,False,False,False,False
TMUS,"T-Mobile US, Inc. - Common Stock",163.64,13.1,173483179970.0,833357598,1.8,-29.8,0,0,False,False,True,False,False,False,False,False,False,False,False
CWK,Cushman & Wakefield Ltd. Common Shares,11.92,13.1,2830647318.0,25238383,3.0,-31.5,0,0,False,False,False,False,False,False,False,False,False,False,False
PBH,Prestige Consumer Healthcare Inc. Common Stock,45.26,13.0,2120957350.0,27664371,6.2,-36.3,0,0,False,False,False,False,False,False,False,False,False,False,False
SPXC,"SPX Technologies, Inc. Common Stock",173.09,13.0,8500071301.0,101062992,4.2,-31.1,0,0,False,False,False,False,False,False,False,False,False,False,False
FER,Ferrovial N.V. - Ordinary Shares,53.64,12.9,38088093391.0,91886528,2.7,-28.3,0,0,False,False,False,False,False,False,False,False,False,False,False
VICI,VICI Properties Inc. Common Stock,22.65,12.9,25027492984.0,256553496,0.5,-31.4,0,0,False,False,False,False,False,False,False,False,False,False,False
LMAT,"LeMaitre Vascular, Inc. - Common Stock",78.96,12.8,1833885719.0,29014268,0.9,-33.1,0,1,False,False,False,False,True,False,False,False,False,False,False
ALB,Albemarle Corporation Common Stock,104.59,12.8,12394071137.0,288995353,23.5,-52.7,0,0,False,False,False,False,False,False,False,False,False,False,False
LPX,Louisiana-Pacific Corporation Common Stock,65.1,12.8,4513556116.0,80759559,4.7,-35.1,0,0,False,False,False,False,False,False,False,False,False,False,False
GLOB,Globant S.A. Common Shares,35.1,12.7,1596779981.0,55010845,27.4,-51.3,0,0,False,False,False,False,False,False,False,False,False,False,False
SNN,"Smith & Nephew SNATS, Inc. Common Stock",26.42,12.7,11129273631.0,47806244,1.1,-29.6,0,0,False,False,True,False,False,False,False,False,False,False,False
SGRY,"Surgery Partners, Inc. - Common Stock",13.32,12.6,1732048580.0,35114669,16.7,-43.2,0,0,False,False,False,False,False,False,False,False,False,False,False
EIX,Edison International Common Stock,53.89,12.6,20702992070.0,324343103,5.5,-34.0,0,1,False,False,False,False,True,False,False,False,False,False,False
RSI,"Rush Street Interactive, Inc. Class A Common Stock",20.01,12.6,4623878492.0,74569720,29.0,-42.1,5,2,False,False,False,False,True,True,False,False,False,False,False
LKQ,LKQ Corporation - Common Stock,22.8,12.5,5763387519.0,82778568,7.7,-38.6,0,0,False,False,False,False,False,False,False,False,False,False,False
SHEN,Shenandoah Telecommunications Co - Common Stock,10.86,12.5,595016182.0,9038350,12.3,-37.4,2,2,False,False,False,False,True,True,False,False,False,False,False
PEGA,Pegasystems Inc. - Common Stock,33.93,12.4,5660462256.0,75137995,35.2,-50.2,0,2,False,False,False,False,False,False,False,True,True,False,False
UVV,Universal Corporation Common Stock,42.2,12.4,1037801032.0,15191055,2.7,-28.9,0,0,False,False,False,False,False,False,False,False,False,False,False
TYRA,"Tyra Biosciences, Inc. - Common Stock",20.43,12.3,1444562278.0,23524139,57.4,-49.7,5,3,False,False,False,False,True,True,False,False,True,False,False
FCN,"FTI Consulting, Inc. Common Stock",136.4,12.3,3913112409.0,66487358,5.6,-27.9,0,0,False,False,False,False,False,False,False,False,False,False,False
PINS,"Pinterest, Inc. Class A Common Stock",19.26,12.3,11020451505.0,272961851,39.2,-45.6,0,1,False,False,False,False,False,False,False,False,True,False,False
USAR,"USA Rare Earth, Inc. - Common Stock",13.59,12.2,5176056625.0,216586698,18.7,-69.1,1,2,False,False,False,False,True,True,False,False,False,False,False
VMC,Vulcan Materials Company (Holding Company) Common Stock,243.06,12.2,31614620741.0,295735199,2.5,-26.6,0,0,False,False,False,False,False,False,False,False,False,False,False
BCAX,Bicara Therapeutics Inc. - Common Stock,17.63,12.1,1204347399.0,14953057,28.7,-43.1,5,3,False,False,False,False,True,True,True,False,False,False,False
ERIE,Erie Indemnity Company - Class A Common Stock,221.09,12.1,10259053893.0,65717758,8.0,-33.1,0,0,False,False,False,False,False,False,False,False,False,False,False
ACAD,ACADIA Pharmaceuticals Inc. - Common Stock,19.95,12.0,3427156753.0,49967590,1.8,-35.6,0,0,False,False,False,False,False,False,False,False,False,False,False
DYN,"Dyne Therapeutics, Inc. - Common Stock",15.2,12.0,2954328538.0,58280459,23.2,-44.3,0,2,False,False,False,False,True,False,True,False,False,False,False
WGO,"Winnebago Industries, Inc. Common Stock",26.3,12.0,745450708.0,15391636,2.4,-47.6,0,0,False,False,False,False,False,False,False,False,False,False,False
PRVA,"Privia Health Group, Inc. - Common Stock",20.3,11.9,2558516166.0,25998215,7.3,-29.6,0,0,False,False,False,False,False,False,False,False,False,False,False
THO,"Thor Industries, Inc. Common Stock",69.55,11.9,3563971627.0,50761303,3.3,-43.4,0,0,False,False,False,False,False,False,False,False,False,False,False
ROAD,"Construction Partners, Inc. - Common Stock",91.08,11.8,5172316133.0,69159933,3.0,-39.7,0,0,False,False,False,False,False,False,False,False,False,False,False
HUBS,"HubSpot, Inc. Common Stock",214.53,11.8,10843405407.0,419505363,26.5,-57.3,0,0,False,False,False,False,False,False,False,False,False,False,False
SLGN,Silgan Holdings Inc. Common Stock,34.87,11.8,3674563835.0,53678987,2.8,-29.6,0,0,False,False,False,False,False,False,False,False,False,False,False
PAX,Patria Investments Limited - Class A Common Shares,10.21,11.7,1645587351.0,12648157,3.2,-42.6,0,0,False,False,False,False,False,False,False,False,False,False,False
CCI,Crown Castle Inc. Common Stock,66.44,11.7,28131113627.0,256638001,1.2,-33.9,0,0,False,False,False,False,False,False,False,False,False,False,False
CHKP,Check Point Software Technologies Ltd. - Ordinary Shares,130.35,11.6,13347615883.0,150621076,16.1,-38.1,0,0,False,False,False,False,False,False,False,False,False,False,False
AGO,Assured Guaranty Ltd. Common Stock,68.47,11.6,3002460530.0,32979412,1.8,-25.9,0,0,False,False,False,False,False,False,False,False,False,False,False
BHF,"Brighthouse Financial, Inc. - Common Stock",50.02,11.5,2878453728.0,54888039,12.4,-25.1,0,0,False,False,False,False,False,False,False,False,False,False,False
NOC,Northrop Grumman Corporation Common Stock,478.0,11.5,68474378532.0,422851148,1.7,-38.2,0,0,False,False,True,False,False,False,False,False,False,False,False
SYK,Stryker Corporation Common Stock,275.43,11.5,104700098636.0,819782638,3.2,-29.8,0,0,False,False,False,False,False,False,False,False,False,False,False
CTGO,Contango Silver & Gold Inc. Common Stock,16.68,11.4,563475643.0,7191704,15.0,-51.5,0,0,False,False,False,False,False,False,False,False,False,False,False
HD,"Home Depot, Inc. (The) Common Stock",282.85,11.4,281807411760.0,1382231320,2.1,-28.9,0,0,False,False,False,False,False,False,False,False,False,False,False
CPB,The Campbell's Company - Common Stock,19.62,11.3,5812594167.0,154495922,2.7,-38.9,0,0,False,False,False,False,False,False,False,False,False,False,False
OSIS,"OSI Systems, Inc. - Common Stock",196.78,11.3,3134509748.0,51160397,5.5,-36.9,0,0,False,False,False,False,False,False,False,False,False,False,False
FBIN,"Fortune Brands Innovations, Inc. Common Stock",38.56,11.3,4598189294.0,107749194,19.2,-40.5,0,0,False,False,False,False,False,False,False,False,False,False,False
TTAN,"ServiceTitan, Inc. - Class A Common Stock",67.09,11.2,6496148588.0,172554101,26.6,-39.8,0,0,False,False,False,False,False,False,False,False,False,False,False
GIS,"General Mills, Inc. Common Stock",32.01,11.2,16933541850.0,347967691,2.7,-37.6,0,0,False,False,False,False,False,False,False,False,False,False,False
JACK,Jack In The Box Inc. - Common Stock,12.45,11.1,243002111.0,11369905,39.6,-47.8,0,1,False,False,False,False,False,False,False,False,True,False,False
BRO,"Brown & Brown, Inc. Common Stock",59.91,11.1,20668881752.0,150109635,11.3,-37.9,0,0,False,False,False,False,False,False,False,False,False,False,False
INSM,Insmed Incorporated - Common Stock,111.12,11.0,23714047411.0,301794072,22.9,-47.8,0,0,False,False,False,False,False,False,False,False,False,False,False
BKV,BKV Corporation Common Stock,21.57,11.0,2357290858.0,39721111,7.4,-34.3,0,0,False,False,False,False,False,False,False,False,False,False,False
LAZ,"Lazard, Inc. Common Stock",36.07,11.0,3551098844.0,66639373,2.6,-38.6,0,0,False,False,False,False,False,False,False,False,False,False,False
WSC,WillScot Holdings Corporation - Class A Common Stock,17.3,10.9,3120108297.0,61813085,16.0,-41.9,0,1,False,False,False,False,True,False,False,False,False,False,False
EXP,Eagle Materials Inc Common Stock,171.36,10.9,5308978498.0,88075825,2.4,-30.2,0,0,False,False,False,False,False,False,False,False,False,False,False
ASTE,"Astec Industries, Inc. - Common Stock",42.0,10.8,936671930.0,11121292,6.7,-36.1,0,1,False,False,False,False,True,False,False,False,False,False,False
HLI,"Houlihan Lokey, Inc. Class A Common Stock",126.37,10.8,8972028870.0,116216199,12.0,-38.5,0,0,False,False,False,False,False,False,False,False,False,False,False
AMSC,American Superconductor Corporation - Common Stock,30.01,10.7,1429043219.0,21864808,20.7,-57.4,0,1,False,False,False,False,True,False,False,False,False,False,False
KEP,Korea Electric Power Corporation Common Stock,11.08,10.7,14084691849.0,11267380,2.8,-52.7,0,0,False,False,False,False,False,False,False,False,False,False,False
PHR,"Phreesia, Inc. Common Stock",10.07,10.7,643054980.0,8484682,29.6,-58.5,0,0,False,False,False,False,False,False,False,False,False,False,False
RIVN,"Rivian Automotive, Inc. - Class A Common Stock",14.3,10.6,21370422899.0,363520893,15.4,-37.0,0,0,False,False,False,False,False,False,False,False,False,False,False
ABG,Asbury Automotive Group Inc Common Stock,175.88,10.6,3203878627.0,52259882,4.1,-32.0,0,0,False,False,False,False,False,False,False,False,False,False,False
CG,The Carlyle Group Inc. - Common Stock,39.82,10.5,14392281711.0,171405329,2.8,-40.8,0,0,False,False,False,False,False,False,False,False,False,False,False
GSHD,"Goosehead Insurance, Inc. - Class A Common Stock",45.51,10.5,1674574921.0,27469776,35.1,-43.0,0,1,False,False,False,False,False,False,False,False,True,False,False
ULS,UL Solutions Inc. Class A Common Stock,65.99,10.5,13426228505.0,67883841,4.5,-38.6,0,1,False,False,False,False,True,False,False,False,False,False,False
VRSK,"Verisk Analytics, Inc. - Common Stock",163.88,10.4,21915669301.0,257268176,5.1,-35.0,0,0,False,False,False,False,False,False,False,False,False,False,False
CTRI,"Centuri Holdings, Inc. Common Stock",20.91,10.4,2073781109.0,41624770,9.9,-51.4,0,0,False,False,False,False,False,False,False,False,False,False,False
OTIS,Otis Worldwide Corporation Common Stock ,64.05,10.3,24545558979.0,278396165,0.7,-32.3,0,0,False,False,True,False,False,False,False,False,False,False,False
TRU,TransUnion Common Stock,63.44,10.3,11913688000.0,184316292,4.1,-28.8,0,0,False,False,False,False,False,False,False,False,False,False,False
PPC,Pilgrim's Pride Corporation - Common Stock,27.5,10.2,6000334805.0,45089673,10.0,-38.7,0,0,False,False,True,False,False,False,False,False,False,False,False
AN,"AutoNation, Inc. Common Stock",162.46,10.2,5454702382.0,100467191,6.3,-31.1,0,0,False,False,False,False,False,False,False,False,False,False,False
STN,Stantec Inc Common Stock,67.45,10.2,7546516059.0,27085679,1.8,-41.1,0,0,False,False,False,False,False,False,False,False,False,False,False
MNDY,monday.com Ltd. - Ordinary Shares,78.8,10.1,3445856673.0,124913438,37.0,-62.6,0,1,False,False,False,False,False,False,False,False,True,False,False
FIG,"Figma, Inc. Class A Common Stock",21.36,10.1,11497022831.0,425456276,28.7,-70.1,0,0,False,False,False,False,False,False,False,False,False,False,False
DRVN,Driven Brands Holdings Inc. - Common Stock,11.68,10.0,1915415664.0,12711190,19.2,-32.5,0,0,False,False,False,False,False,False,False,False,False,False,False
HAYW,"Hayward Holdings, Inc. Common Stock",12.4,10.0,2596343684.0,41146647,3.2,-30.1,0,0,False,False,False,False,False,False,False,False,False,False,False
ONON,On Holding AG Class A Ordinary Shares,30.85,10.0,18223618314.0,295357033,17.0,-39.6,0,0,False,False,False,False,False,False,False,False,False,False,False
CHDN,"Churchill Downs, Incorporated - Common Stock",76.05,9.9,5214972181.0,93779223,2.8,-35.7,0,0,False,False,False,False,False,False,False,False,False,False,False
IDR,"Idaho Strategic Resources, Inc. Common Stock",27.64,9.9,447089303.0,6888748,6.2,-49.5,0,0,False,False,False,False,False,False,False,False,False,False,False
CALM,"Cal-Maine Foods, Inc. - Common Stock",66.67,9.8,3075426760.0,79849560,5.0,-30.2,0,0,False,False,False,False,False,False,False,False,False,False,False
XYL,Xylem Inc. Common Stock New,101.79,9.8,23554149595.0,248102812,3.3,-34.0,0,0,False,False,False,False,False,False,False,False,False,False,False
CAVA,"CAVA Group, Inc. Common Stock",54.41,9.7,6354257171.0,211004895,25.3,-44.9,4,2,False,False,False,False,True,True,False,False,False,False,False
MKC,"McCormick & Company, Incorporated Common Stock",44.67,9.7,11867107505.0,161279804,3.3,-38.3,0,0,False,False,True,False,False,False,False,False,False,False,False
SMG,Scotts Miracle-Gro Company (The) Common Stock,49.02,9.7,2912178105.0,60793449,2.3,-34.9,4,1,False,False,False,False,False,True,False,False,False,False,False
BMI,"Badger Meter, Inc. Common Stock",127.77,9.6,3721041549.0,49198569,14.0,-37.4,0,0,False,False,False,False,False,False,False,False,False,False,False
PAC,"Grupo Aeroportuario Del Pacifico, S.A. B. de C.V. Grupo Aeroportuario Del Pacifico, S.A. de C.V. (each representing 10 Series B shares)",200.9,9.6,11698652830.0,29360804,4.0,-33.1,0,0,False,False,False,False,False,False,False,False,False,False,False
CLX,Clorox Company (The) Common Stock,80.41,9.5,9753085553.0,284684318,1.6,-37.6,0,0,False,False,False,False,False,False,False,False,False,False,False
MCD,McDonald's Corporation Common Stock,231.89,9.5,164052536132.0,1319899069,1.0,-32.1,0,0,False,False,False,False,False,False,False,False,False,False,False
FWRG,"First Watch Restaurant Group, Inc. - Common Stock",10.57,9.4,631318210.0,14194334,7.0,-43.8,0,0,False,False,False,False,False,False,False,False,False,False,False
TSCO,Tractor Supply Company - Common Stock,31.09,9.4,16532603547.0,343981721,9.6,-46.6,0,0,False,False,False,False,False,False,False,False,False,False,False
MIAX,"Miami International Holdings, Inc. Common Stock",33.01,9.4,3349042808.0,59778148,0.4,-42.2,0,0,False,False,True,False,False,False,False,False,False,False,False
NVO,Novo Nordisk A/S Common Stock,37.32,9.3,165604601448.0,591204845,6.3,-41.8,0,0,False,False,False,False,False,False,False,False,False,False,False
SLVM,Sylvamo Corporation Common Stock,32.48,9.3,1318847260.0,10823308,2.8,-42.8,0,0,False,False,True,False,False,False,False,False,False,False,False
IBP,"Installed Building Products, Inc. Common Stock",193.0,9.2,5121807408.0,83436611,3.4,-44.7,0,0,False,False,False,False,False,False,False,False,False,False,False
KBH,KB Home Common Stock,45.75,9.2,2853354741.0,65357216,3.9,-32.3,0,0,False,False,False,False,False,False,False,False,False,False,False
WSO,"Watsco, Inc. Common Stock",297.47,9.2,12423098223.0,165304220,0.6,-35.2,0,0,False,False,False,False,False,False,False,False,False,False,False
CPRT,"Copart, Inc. - Common Stock",27.22,9.1,25279558035.0,325872532,1.8,-40.7,0,0,False,False,False,False,False,False,False,False,False,False,False
IRTC,"iRhythm Holdings, Inc.  - Common Stock",110.37,9.1,3660541483.0,70734833,9.4,-47.9,0,0,False,False,False,False,False,False,False,False,False,False,False
RGTI,"Rigetti Computing, Inc.  - Common stock",15.25,9.0,5213467828.0,287512931,21.7,-73.8,0,0,False,False,False,False,False,False,False,False,False,False,False
WLK,Westlake Corporation Common Stock,63.5,9.0,7983450354.0,69647018,12.7,-48.9,2,2,False,False,False,False,True,True,False,False,False,False,False
SFD,"Smithfield Foods, Inc. - Common Stock",18.86,8.9,7316198868.0,38456180,1.9,-36.7,0,1,False,False,False,False,True,False,False,False,False,False,False
IBM,International Business Machines Corporation Common Stock,222.64,8.9,212564361072.0,1395098991,11.8,-33.0,0,0,False,False,False,False,False,False,False,False,False,False,False
STWD,"STARWOOD PROPERTY TRUST, INC. Starwood Property Trust Inc.",13.05,8.9,4878826761.0,73120852,1.2,-33.3,0,0,False,False,True,False,False,False,False,False,False,False,False
FNF,"Fidelity National Financial, Inc. Common Stock",39.26,8.8,10489021464.0,98622049,3.2,-32.8,0,0,False,False,False,False,False,False,False,False,False,False,False
MLM,"Martin Marietta Materials, Inc. Common Stock",482.27,8.8,28781748074.0,382202014,2.6,-32.2,0,0,False,False,False,False,False,False,False,False,False,False,False
VERX,"Vertex, Inc. - Class A Common Stock",12.01,8.7,1995281154.0,24464026,17.6,-54.7,0,0,False,False,False,False,False,False,False,False,False,False,False
MMS,"Maximus, Inc. Common Stock",52.65,8.7,2802711053.0,37122935,3.2,-47.4,0,0,False,False,False,False,False,False,False,False,False,False,False
GLIBK,Liberty Capital Corporation - Series C GCI Group Common Stock,23.24,8.6,937567834.0,9087746,20.4,-43.6,0,0,False,False,False,False,False,False,False,False,False,False,False
WLFC,Willis Lease Finance Corporation - Common Stock,45.67,8.6,1010688506.0,12017497,20.2,-44.0,5,2,False,False,False,False,True,True,False,False,False,False,False
BIRK,Birkenstock Holding plc Ordinary Shares,33.33,8.6,5444210946.0,90186654,11.4,-34.3,0,0,False,False,False,False,False,False,False,False,False,False,False
FIGR,"Figure Technology Solutions, Inc. - Class A Common Stock",28.53,8.5,6403744467.0,150624048,18.3,-63.4,0,0,False,False,False,False,False,False,False,False,False,False,False
MEC,"Mayville Engineering Company, Inc. Common Stock",16.44,8.5,399845190.0,12841592,34.2,-57.6,5,3,False,False,False,False,True,True,False,False,True,False,False
TATT,TAT Technologies Ltd. - Ordinary Shares,35.19,8.4,452202662.0,5808234,11.6,-45.4,0,0,False,False,False,False,False,False,False,False,False,False,False
RDDT,"Reddit, Inc. Class A Common Stock",147.86,8.4,28769050140.0,998160531,24.0,-43.9,0,0,False,False,False,False,False,False,False,False,False,False,False
WY,Weyerhaeuser Company Common Stock,18.47,8.4,13398482240.0,138697636,0.3,-33.4,0,0,False,False,True,False,False,False,False,False,False,False,False
IMXI,"International Money Express, Inc. - Common Stock",11.51,8.3,347131594.0,8640988,11.2,-27.8,0,0,False,False,False,False,False,False,False,False,False,False,False
NMRK,"Newmark Group, Inc. - Class A Common Stock",12.65,8.3,2292542132.0,25131839,4.2,-36.2,0,0,False,False,False,False,False,False,False,False,False,False,False
FND,"Floor & Decor Holdings, Inc. Common Stock",45.49,8.2,4901733089.0,131623500,6.7,-41.3,0,0,False,False,False,False,False,False,False,False,False,False,False
LCII,LCI Industries,82.81,8.2,1996217840.0,29025209,1.4,-48.1,0,0,False,False,False,False,False,False,False,False,False,False,False
ASMB,"Assembly Biosciences, Inc. - Common Stock",22.54,8.1,467886496.0,8822112,3.4,-43.2,0,0,False,False,False,False,False,False,False,False,False,False,False
VERA,"Vera Therapeutics, Inc. - Class A Common Stock",30.42,8.1,2233242752.0,73867655,32.0,-45.7,0,1,False,False,False,False,False,False,False,False,True,False,False
LOW,"Lowe's Companies, Inc. Common Stock",180.8,8.1,102325031985.0,639492323,0.9,-38.3,0,0,False,False,False,False,False,False,False,False,False,False,False
ASTS,"AST SpaceMobile, Inc. - Class A Common Stock",58.45,8.0,22198113858.0,677889561,18.5,-56.3,0,0,False,False,False,False,False,False,False,False,False,False,False
EVR,Evercore Inc. Class A Common Stock,261.68,8.0,9960564502.0,154118665,4.2,-32.7,0,0,False,False,False,False,False,False,False,False,False,False,False
COO,"The Cooper Companies, Inc.  - Common Stock",56.91,7.9,10916815429.0,204980896,11.6,-36.6,0,0,False,False,False,False,False,False,False,False,False,False,False
QURE,uniQure N.V. - Ordinary Shares,23.46,7.9,1621093048.0,76317426,168.7,-67.2,1,4,False,False,False,False,True,True,True,False,True,False,False
SOFI,"SoFi Technologies, Inc.  - Common Stock",15.77,7.9,20458473932.0,895752075,6.0,-51.8,0,0,False,False,False,False,False,False,False,False,False,False,False
FTAI,FTAI Aviation Ltd. - Common Stock,167.03,7.8,17184950466.0,290221741,11.7,-48.4,5,1,False,False,False,False,False,True,False,False,False,False,False
BYD,Boyd Gaming Corporation Common Stock,67.25,7.8,4800343203.0,76812856,3.5,-26.4,0,0,False,False,False,False,False,False,False,False,False,False,False
SHOE,"Shoe Station Group, Inc. - Common Stock",12.58,7.7,344962612.0,13487399,23.3,-43.8,0,0,False,False,False,False,False,False,False,False,False,False,False
TLK,"PT Telekomunikasi Indonesia, Tbk",12.55,7.7,12303527302.0,10380162,1.4,-46.6,0,0,False,False,False,False,False,False,False,False,False,False,False
ALMU,"Aeluma, Inc. - Common Stock",13.12,7.6,242981731.0,7837190,28.1,-58.7,0,1,False,False,False,False,True,False,False,False,False,False,False
FG,"F&G Annuities & Life, Inc. Common Stock",21.92,7.6,2877955894.0,15907757,6.6,-38.0,0,0,False,False,False,False,False,False,False,False,False,False,False
SGI,Somnigroup International Inc. Common Stock,61.97,7.6,14447509173.0,222352222,3.1,-37.1,0,0,False,False,False,False,False,False,False,False,False,False,False
CSV,"Carriage Services, Inc. Common Stock",32.17,7.5,504898190.0,6201281,6.8,-38.3,0,0,False,False,False,False,False,False,False,False,False,False,False
STC,Stewart Information Services Corporation Common Stock,51.55,7.5,1546254601.0,16342837,5.8,-34.4,0,0,False,False,False,False,False,False,False,False,False,False,False
AS,"Amer Sports, Inc. Ordinary Shares",27.17,7.4,15101632840.0,208843609,4.1,-36.5,0,0,False,False,False,False,False,False,False,False,False,False,False
BEPC,Brookfield Renewable Corporation Brookfield Renewable Corporation Class A Subordinate Voting Shares,28.52,7.4,10737488807.0,57621561,3.4,-36.9,0,0,False,False,False,False,False,False,False,False,False,False,False
HNRG,Hallador Energy Company - Common Stock,13.49,7.3,637378187.0,11495152,2.3,-45.4,0,0,False,False,False,False,False,False,False,False,False,False,False
AON,Aon plc Class A Ordinary Shares (Ireland),269.45,7.3,58536013512.0,519538313,0.2,-29.5,0,0,False,False,True,False,False,False,False,False,False,False,False
BOOT,"Boot Barn Holdings, Inc. Common Stock",121.88,7.3,3663860427.0,103401100,2.2,-42.0,0,0,False,False,False,False,False,False,False,False,False,False,False
BV,"BrightView Holdings, Inc. Common Stock",10.28,7.2,940816000.0,12140688,4.7,-31.5,0,0,False,False,False,False,False,False,False,False,False,False,False
LHX,"L3Harris Technologies, Inc. Common Stock",236.6,7.2,44393564454.0,442058850,1.1,-37.6,0,0,False,False,False,False,False,False,False,False,False,False,False
CIGI,Colliers International Group Inc.  - Subordinate Voting Shares,89.78,7.1,4674466507.0,23727379,2.8,-47.7,0,0,False,False,False,False,False,False,False,False,False,False,False
TRUP,"Trupanion, Inc. - Common Stock",23.58,7.1,1039780881.0,13650119,11.4,-49.8,0,0,False,False,False,False,False,False,False,False,False,False,False
BBUC,Brookfield Business Corporation Class A Subordinate Voting Shares,25.6,7.1,5282739000.0,9369448,3.2,-33.1,0,0,False,False,False,False,False,False,False,False,False,False,False
DECK,Deckers Outdoor Corporation Common Stock,79.12,7.0,10854480042.0,253391367,2.5,-35.3,0,0,False,False,False,False,False,False,False,False,False,False,False
RBA,"RB Global, Inc. Common Stock",81.88,7.0,14811563280.0,165787334,4.9,-31.4,0,0,False,False,False,False,False,False,False,False,False,False,False
SEDG,"SolarEdge Technologies, Inc. - Common Stock",33.09,6.9,1899299841.0,116825756,17.3,-59.3,1,2,False,False,False,False,True,True,False,False,False,False,False
PRKS,United Parks & Resorts Inc. Common Stock,32.46,6.9,1413742015.0,27815683,12.8,-41.7,1,3,False,False,False,False,True,True,True,False,False,False,False
MATW,Matthews International Corporation - Class A Common Stock,19.29,6.8,579940754.0,18965863,4.0,-37.6,0,0,False,False,False,False,False,False,False,False,False,False,False
KMPR,Kemper Corporation,25.67,6.8,1528466615.0,24413336,13.1,-49.7,0,0,False,False,False,False,False,False,False,False,False,False,False
MGM,MGM Resorts International Common Stock,30.48,6.8,7871106167.0,128222968,4.4,-40.9,5,2,False,False,False,False,True,True,False,False,False,False,False
FSLR,"First Solar, Inc. - Common Stock",174.61,6.7,18496625213.0,503852968,3.6,-45.6,0,0,False,False,False,False,False,False,False,False,False,False,False
BBWI,"Bath & Body Works, Inc.",16.06,6.7,3306983133.0,115931231,12.5,-41.4,0,0,False,False,False,False,False,False,False,False,False,False,False
HGV,Hilton Grand Vacations Inc. Common Stock ,34.86,6.6,2707131970.0,47118554,2.5,-37.1,0,0,False,False,False,False,False,False,False,False,False,False,False
JBTM,JBT Marel Corporation Common Stock,108.6,6.6,5543556665.0,71748271,4.0,-36.2,0,0,False,False,False,False,False,False,False,False,False,False,False
ACI,"Albertsons Companies, Inc. Class A Common Stock",11.75,6.5,5688017005.0,95790667,8.2,-41.2,0,0,False,False,False,False,False,False,False,False,False,False,False
DY,"Dycom Industries, Inc. Common Stock",273.75,6.5,8142251952.0,205505185,3.9,-51.7,0,1,False,False,False,False,True,False,False,False,False,False,False
HDB,HDFC Bank Limited Common Stock,22.34,6.5,117759267709.0,231491776,2.6,-40.3,0,0,False,False,False,False,False,False,False,False,False,False,False
AMRC,"Ameresco, Inc. Class A Common Stock",21.57,6.4,1114390431.0,16687648,17.4,-52.0,0,0,False,False,False,False,False,False,False,False,False,False,False
CALX,"Calix, Inc Common Stock",34.81,6.4,2197443216.0,36157494,7.6,-51.1,0,0,False,False,False,False,False,False,False,False,False,False,False
MTZ,"MasTec, Inc. Common Stock",215.93,6.3,17157955190.0,395773979,18.4,-51.1,5,2,False,False,False,False,True,True,False,False,False,False,False
PL,Planet Labs PBC Class A Common Stock,17.5,6.3,5872506542.0,170002081,66.3,-66.2,5,3,False,False,False,False,True,True,False,False,True,False,False
REZI,"Resideo Technologies, Inc. Common Stock ",18.35,6.3,2759066858.0,49316056,4.8,-41.8,0,0,False,False,False,False,False,False,False,False,False,False,False
AAP,Advance Auto Parts Inc.,38.68,6.2,2339896000.0,91104939,2.1,-40.7,0,1,False,False,False,False,True,False,False,False,False,False,False
POST,"Post Holdings, Inc. Common Stock",72.56,6.2,3201374108.0,80083969,1.6,-38.1,0,0,False,False,False,False,False,False,False,False,False,False,False
TBBK,"The Bancorp, Inc. - Common Stock",48.81,6.1,1996106432.0,29027472,3.8,-40.2,0,0,False,False,False,False,False,False,False,False,False,False,False
RH,RH Common Stock,120.46,6.1,2281634991.0,114393697,13.3,-49.7,0,0,False,False,False,False,False,False,False,False,False,False,False
CDRE,"Cadre Holdings, Inc. Common Stock",25.0,6.0,1070946557.0,12874254,2.4,-48.7,0,0,False,False,True,False,False,False,False,False,False,False,False
KVYO,"Klaviyo, Inc. Series A Common Stock",15.71,6.0,4609737205.0,114044088,25.4,-52.9,0,0,False,False,False,False,False,False,False,False,False,False,False
MIR,"Mirion Technologies, Inc. Class A Common Stock",14.6,6.0,3573690234.0,60139017,4.0,-51.8,0,0,False,False,False,False,False,False,False,False,False,False,False
BGSI,Boyd Group Services Inc. Common Shares,78.43,5.9,2189892341.0,5360761,2.0,-57.2,0,0,False,False,False,False,False,False,False,False,False,False,False
SITE,"SiteOne Landscape Supply, Inc. Common Stock",89.56,5.9,3905847743.0,90472963,4.2,-46.9,0,0,False,False,False,False,False,False,False,False,False,False,False
MLYS,"Mineralys Therapeutics, Inc. - Common Stock",23.63,5.8,2097011312.0,29739966,6.0,-50.4,0,0,False,False,False,False,False,False,False,False,False,False,False
XENE,Xenon Pharmaceuticals Inc. - Common Shares,38.02,5.8,3769998018.0,67283244,5.4,-47.7,5,2,False,False,False,False,True,True,False,False,False,False,False
PCG,Pacific Gas & Electric Co. Common Stock,12.32,5.8,32616944736.0,613558213,4.7,-35.7,0,1,False,False,False,False,True,False,False,False,False,False,False
NFLX,"Netflix, Inc. - Common Stock",67.06,5.7,282523307017.0,2477118520,3.0,-46.3,0,0,False,False,False,False,False,False,False,False,False,False,False
SFM,"Sprouts Farmers Market, Inc. - Common Stock",64.47,5.7,6012606860.0,147584910,4.2,-43.6,0,1,False,False,False,False,True,False,False,False,False,False,False
HUBG,"Hub Group, Inc. - Class A Common Stock",29.77,5.6,1843778327.0,48903192,1.4,-44.1,0,0,False,False,False,False,False,False,False,False,False,False,False
MZTI,The Marzetti Company - Common Stock,99.53,5.6,2720639790.0,41758292,2.6,-43.5,0,0,False,False,False,False,False,False,False,False,False,False,False
QBTS,D-Wave Quantum Inc. - Common Stock,15.77,5.5,6286616960.0,309320570,23.7,-66.3,0,0,False,False,False,False,False,False,False,False,False,False,False
ASR,"Grupo Aeroportuario del Sureste, S.A. de C.V. Common Stock",234.41,5.5,6941700000.0,15998852,3.6,-38.6,0,0,False,False,False,False,False,False,False,False,False,False,False
GIL,"Gildan Activewear, Inc. Class A Sub. Vot. Common Stock",41.0,5.5,7763242268.0,74661626,2.7,-44.4,0,0,False,False,False,False,False,False,False,False,False,False,False
CLPT,ClearPoint Neuro Inc. - Common Stock,10.9,5.4,349273399.0,9297984,31.8,-63.8,0,1,False,False,False,False,False,False,False,False,True,False,False
MMYT,MakeMyTrip Limited - Ordinary Shares,44.62,5.4,4491301111.0,38708930,36.6,-53.8,0,1,False,False,False,False,False,False,False,False,True,False,False
ROOT,"Root, Inc. - Common Stock",46.26,5.3,715943175.0,12691414,13.1,-49.9,0,0,False,False,False,False,False,False,False,False,False,False,False
NCLH,Norwegian Cruise Line Holdings Ltd. Ordinary Shares,15.14,5.3,6722510065.0,288958885,11.1,-39.8,0,0,False,False,False,False,False,False,False,False,False,False,False
BL,"BlackLine, Inc. - Common Stock",27.41,5.2,1597282420.0,30942917,11.0,-54.0,0,0,False,False,False,False,False,False,False,False,False,False,False
CRH,CRH PLC Ordinary Shares,81.94,5.2,54685031594.0,457577144,1.4,-37.7,0,0,False,False,False,False,False,False,False,False,False,False,False
SARO,"StandardAero, Inc. Common Stock",21.05,5.2,7005564354.0,91824350,1.3,-39.0,0,0,False,False,False,False,False,False,False,False,False,False,False
LIF,"Life360, Inc. - Common Stock",43.1,5.1,3283658871.0,36685731,16.5,-61.7,0,0,False,False,False,False,False,False,False,False,False,False,False
AMTM,"Amentum Holdings, Inc. Common Stock",18.14,5.1,4518478512.0,43709162,2.4,-52.4,0,0,False,False,True,False,False,False,False,False,False,False,False
AXON,"Axon Enterprise, Inc. - Common Stock",413.35,5.0,34299248987.0,504223953,21.9,-45.9,0,0,False,False,False,False,False,False,False,False,False,False,False
GILT,Gilat Satellite Networks Ltd. - Ordinary Shares,10.03,5.0,742634128.0,5706493,7.0,-52.1,0,0,False,False,False,False,False,False,False,False,False,False,False
GPI,"Group 1 Automotive, Inc. Common Stock",249.84,5.0,3060435158.0,65495030,6.7,-45.8,0,0,False,False,False,False,False,False,False,False,False,False,False
CPRI,Capri Holdings Limited Ordinary Shares,14.44,4.9,1645675429.0,70748178,16.5,-48.9,0,0,False,False,False,False,False,False,False,False,False,False,False
OLN,Olin Corporation Common Stock,15.9,4.9,1819160540.0,53988076,6.4,-47.8,0,1,False,False,False,False,True,False,False,False,False,False,False
LQDA,Liquidia Corporation - Common Stock,28.64,4.8,2505353859.0,127391344,34.1,-69.4,5,4,False,False,False,False,True,True,True,False,True,False,False
EFX,"Equifax, Inc. Common Stock",140.0,4.8,16416164518.0,250404997,2.2,-42.7,0,0,False,False,False,False,False,False,False,False,False,False,False
KRUS,"Kura Sushi USA, Inc. - Class A Common Stock",41.53,4.7,502881712.0,8833960,22.3,-48.6,0,0,False,False,False,False,False,False,False,False,False,False,False
CRK,"Comstock Resources, Inc. Common Stock",12.78,4.7,3770087836.0,35250319,5.4,-54.5,0,0,False,False,False,False,False,False,False,False,False,False,False
TGLS,Tecnoglass Holdings Inc. Common Stock,34.74,4.7,1554979791.0,11207571,2.0,-48.5,0,0,False,False,False,False,False,False,False,False,False,False,False
GLUE,"Monte Rosa Therapeutics, Inc. - Common Stock",10.5,4.6,960628895.0,20061730,45.1,-59.3,0,1,False,False,False,False,False,False,False,False,True,False,False
INTU,Intuit Inc. - Common Stock,281.08,4.6,75568996080.0,1265843023,11.2,-59.2,0,0,False,False,False,False,False,False,False,False,False,False,False
CPS,Cooper-Standard Holdings Inc. Common Stock,21.83,4.5,388612579.0,5844015,7.8,-54.5,0,0,False,False,False,False,False,False,False,False,False,False,False
KD,"Kyndryl Holdings, Inc. Common Stock",11.56,4.5,2639957348.0,54563933,14.5,-62.7,0,0,False,False,False,False,False,False,False,False,False,False,False
UUUU,Energy Fuels Inc Ordinary Shares (Canada),10.73,4.5,2676075570.0,90980465,0.8,-61.5,0,0,False,False,False,False,False,False,False,False,False,False,False
POOL,Pool Corporation - Common Stock,161.42,4.4,5838867820.0,136322640,1.9,-48.6,0,0,False,False,False,False,False,False,False,False,False,False,False
GPGI,"GPGI, Inc. Class A Common Stock",12.9,4.4,3493175488.0,20311413,15.5,-51.8,0,0,False,False,False,False,False,False,False,False,False,False,False
CAR,"Avis Budget Group, Inc. - Common Stock",111.22,4.3,3748769014.0,56343857,29.4,-86.9,0,1,False,False,False,False,True,False,False,False,False,False,False
AMRZ,Amrize Ltd Ordinary Shares,37.26,4.3,20372980239.0,173263143,1.9,-43.5,0,0,False,False,False,False,False,False,False,False,False,False,False
CSIQ,Canadian Solar Inc. - Common Shares,11.19,4.2,764294479.0,25714241,8.2,-67.6,0,0,False,False,False,False,False,False,False,False,False,False,False
WYNN,"Wynn Resorts, Limited - Common Stock",75.88,4.2,7959881774.0,173208154,0.2,-43.7,0,0,False,False,True,False,False,False,False,False,False,False,False
OXM,"Oxford Industries, Inc. Common Stock",24.93,4.2,380148594.0,14064609,3.0,-49.7,0,1,False,False,False,False,True,False,False,False,False,False,False
EYE,"National Vision Holdings, Inc. - Common Stock",16.4,4.1,1296736733.0,40928699,11.2,-45.4,0,0,False,False,False,False,False,False,False,False,False,False,False
NKTR,Nektar Therapeutics - Common Stock,43.58,4.1,1604379288.0,69193514,30.5,-60.0,5,3,False,False,False,False,True,True,False,False,True,False,False
ACM,AECOM Common Stock,59.66,4.0,7670306930.0,136160405,2.7,-56.0,0,0,False,False,False,False,False,False,False,False,False,False,False
BWXT,"BWX Technologies, Inc. Common Stock",134.86,4.0,12532970644.0,168461767,2.3,-44.2,0,0,False,False,True,False,False,False,False,False,False,False,False
FISV,"Fiserv, Inc. - Common Stock",44.36,3.9,24131573799.0,386064541,1.1,-65.8,0,0,False,False,True,False,False,False,False,False,False,False,False
PRIM,Primoris Services Corporation Common Stock,79.08,3.9,4104714934.0,97784450,21.7,-61.5,0,1,False,False,False,False,False,False,False,True,False,False,False
ZTS,Zoetis Inc. Class A Common Stock,69.69,3.9,28553750898.0,407554818,1.3,-53.2,0,0,False,False,True,False,False,False,False,False,False,False,False
AORT,"Artivion, Inc. Common Stock",22.31,3.8,1069223927.0,17493643,16.4,-53.8,0,0,False,False,False,False,False,False,False,False,False,False,False
RKT,"Rocket Companies, Inc. Class A Common Stock",11.7,3.8,33894759779.0,406609828,4.0,-52.0,0,0,False,False,False,False,False,False,False,False,False,False,False
ALKT,"Alkami Technology, Inc. - Common Stock",13.89,3.7,1501465399.0,30039711,5.2,-44.0,0,0,False,False,False,False,False,False,False,False,False,False,False
NAMS,NewAmsterdam Pharma Company N.V. - Ordinary Shares,23.2,3.7,2888018003.0,36058471,10.4,-45.0,0,0,False,False,False,False,False,False,False,False,False,False,False
LVS,Las Vegas Sands Corp. Common Stock,36.23,3.7,23764156441.0,236714952,0.1,-48.6,0,0,False,False,True,False,False,False,False,False,False,False,False
BSX,Boston Scientific Corporation Common Stock,42.6,3.6,62650192409.0,976951831,1.6,-59.7,0,0,False,False,True,False,False,False,False,False,False,False,False
LMND,"Lemonade, Inc. Common Stock",46.49,3.6,3619065717.0,62024632,7.4,-53.5,0,0,False,False,False,False,False,False,False,False,False,False,False
HROW,"Harrow, Inc. - Common Stock",30.48,3.5,1147503089.0,20408021,6.8,-44.4,0,0,False,False,False,False,False,False,False,False,False,False,False
LII,"Lennox International, Inc. Common Stock",356.3,3.5,12457740911.0,224330291,1.7,-39.3,0,0,False,False,False,False,False,False,False,False,False,False,False
CELH,"Celsius Holdings, Inc. - Common Stock",26.75,3.4,6935690638.0,278421323,13.5,-59.9,0,0,False,False,False,False,False,False,False,False,False,False,False
ETOR,eToro Group Ltd. - Class A Common Shares,25.42,3.4,2076484465.0,36008883,2.7,-42.5,0,1,False,False,False,False,True,False,False,False,False,False,False
PATK,"Patrick Industries, Inc. - Common Stock",67.16,3.4,2137791652.0,41074530,1.4,-54.8,0,0,False,False,False,False,False,False,False,False,False,False,False
CRTO,Criteo S.A. - Ordinary Shares,14.73,3.3,746232824.0,7430127,2.6,-41.8,0,0,False,False,True,False,False,False,False,False,False,False,False
WINA,Winmark Corporation - Common Stock,297.69,3.3,1075710929.0,21934478,6.3,-43.6,0,0,False,False,False,False,False,False,False,False,False,False,False
NXRT,"NexPoint Residential Trust, Inc. Common Stock",18.67,3.2,481869473.0,12946105,0.8,-42.3,0,0,False,False,False,False,False,False,False,False,False,False,False
QXO,"QXO, Inc. Common Stock",12.06,3.2,12501763043.0,237585241,8.3,-56.3,0,0,False,False,False,False,False,False,False,False,False,False,False
CHWY,"Chewy, Inc. Class A Common Stock",18.17,3.1,7122150852.0,181420340,4.4,-54.2,0,0,False,False,False,False,False,False,False,False,False,False,False
ENOV,Enovis Corporation Common Stock,17.77,3.1,1040934367.0,34117289,2.7,-48.2,0,0,False,False,False,False,False,False,False,False,False,False,False
ESAB,ESAB Corporation Common Stock,69.9,3.1,4172081729.0,62467826,7.8,-49.1,0,0,False,False,False,False,False,False,False,False,False,False,False
LEU,Centrus Energy Corp. Class A Common Stock,139.27,3.0,2745183942.0,111887913,2.6,-70.0,0,0,False,False,False,False,False,False,False,False,False,False,False
NKE,"Nike, Inc. Common Stock",33.87,3.0,52144979410.0,1251484585,5.9,-56.0,0,0,False,False,True,False,False,False,False,False,False,False,False
AMSF,"AMERISAFE, Inc. - Common Stock",23.59,2.9,438933853.0,12650606,1.7,-46.1,0,0,False,False,False,False,False,False,False,False,False,False,False
AVAV,"AeroVironment, Inc. - Common Stock",140.82,2.9,7130652698.0,255670361,4.2,-66.3,0,0,False,False,False,False,False,False,False,False,False,False,False
PAR,PAR Technology Corporation Common Stock,14.25,2.9,595209368.0,16015143,23.0,-64.8,0,0,False,False,False,False,False,False,False,False,False,False,False
CLBT,Cellebrite DI Ltd. - Ordinary Shares,11.07,2.8,2799939408.0,38828876,15.6,-44.6,0,0,False,False,False,False,False,False,False,False,False,False,False
PRCT,PROCEPT BioRobotics Corporation - Common Stock,17.16,2.8,974797676.0,28309873,3.0,-55.0,0,0,False,False,False,False,False,False,False,False,False,False,False
CSGP,"CoStar Group, Inc. - Common Stock",27.38,2.7,11232077139.0,211476101,5.8,-67.9,0,0,False,False,False,False,False,False,False,False,False,False,False
NNE,Nano Nuclear Energy Inc. - common stock,15.62,2.7,844671837.0,32868009,6.2,-74.3,0,0,False,False,False,False,False,False,False,False,False,False,False
FIS,"Fidelity National Information Services, Inc. Common Stock",32.44,2.6,17069865853.0,254590816,1.1,-53.1,0,0,False,False,True,False,False,False,False,False,False,False,False
FOUR,"Shift4 Payments, Inc. Class A Common Stock",36.17,2.6,2809401070.0,86878010,4.7,-55.3,0,0,False,False,False,False,False,False,False,False,False,False,False
JBGS,JBG SMITH Properties Common Shares ,10.56,2.6,773793306.0,11269521,6.3,-52.6,0,0,False,False,False,False,False,False,False,False,False,False,False
DKNG,DraftKings Inc. - Class A Common Stock,18.59,2.5,9606385829.0,296378239,0.4,-49.7,0,0,False,False,True,False,False,False,False,False,False,False,False
YELP,Yelp Inc. Common Stock,18.26,2.5,982714176.0,27026505,5.7,-47.1,0,0,False,False,False,False,False,False,False,False,False,False,False
KTOS,"Kratos Defense & Security Solutions, Inc. - Common Stock",43.07,2.4,8038227222.0,195107961,3.0,-67.9,0,0,False,False,False,False,False,False,False,False,False,False,False
BROS,Dutch Bros Inc. Class A Common Stock,38.67,2.4,6744461055.0,204272129,3.4,-47.8,0,0,False,False,False,False,False,False,False,False,False,False,False
PSN,Parsons Corporation Common Stock,40.79,2.4,4380089208.0,69111642,12.5,-54.4,0,0,False,False,False,False,False,False,False,False,False,False,False
ZUMZ,Zumiez Inc. - Common Stock,13.29,2.3,206656663.0,5009670,1.7,-58.1,0,0,False,False,False,False,False,False,False,False,False,False,False
ATS,ATS Corporation Common Shares,18.26,2.3,1749044882.0,5523312,2.8,-49.0,0,0,False,False,False,False,False,False,False,False,False,False,False
APTV,Aptiv PLC Ordinary Shares,43.54,2.2,9129637564.0,211325178,2.3,-51.0,0,0,False,False,False,False,False,False,False,False,False,False,False
KNF,Knife Riv Holding Co. Common Stock,50.33,2.2,2873364320.0,59629919,1.4,-47.7,0,0,False,False,True,False,False,False,False,False,False,False,False
LULU,lululemon athletica inc. - Common Stock,94.46,2.1,10122246975.0,560087894,1.1,-58.2,0,0,False,False,True,False,False,False,False,False,False,False,False
BXMT,"Blackstone Mortgage Trust, Inc. Common Stock",10.9,2.1,1904542578.0,35115993,0.2,-47.3,0,0,False,False,True,False,False,False,False,False,False,False,False
DKS,Dick's Sporting Goods Inc Common Stock,136.08,2.1,11813892965.0,513659390,13.3,-44.3,0,0,False,False,False,False,False,False,False,False,False,False,False
LINC,Lincoln Educational Services Corporation - Common Stock,21.91,2.0,703265189.0,26313512,26.7,-61.1,5,2,False,False,False,False,True,True,False,False,False,False,False
ZG,"Zillow Group, Inc. - Class A Common Stock",28.1,2.0,6388697443.0,38033980,3.1,-63.2,0,0,False,False,False,False,False,False,False,False,False,False,False
PODD,Insulet Corporation - Common Stock,131.69,1.9,9070835687.0,251416365,4.2,-62.9,0,0,False,False,False,False,False,False,False,False,False,False,False
BBW,"Build-A-Bear Workshop, Inc. Common Stock",25.56,1.9,313034302.0,19596457,5.8,-64.6,0,0,False,False,False,False,False,False,False,False,False,False,False
UPST,"Upstart Holdings, Inc. - Common stock",22.81,1.8,2233334406.0,123647847,1.1,-58.7,0,0,False,False,False,False,False,False,False,False,False,False,False
CPNG,"Coupang, Inc. Class A Common Stock",13.78,1.8,24805661488.0,256892193,3.2,-58.2,0,0,False,False,True,False,False,False,False,False,False,False,False
NRG,"NRG Energy, Inc. Common Stock",95.23,1.8,20375702117.0,338750976,2.0,-49.9,0,0,False,False,False,False,False,False,False,False,False,False,False
RBLX,Roblox Corporation Class A Common Stock,44.12,1.7,30718165463.0,553200069,30.2,-68.9,0,2,False,False,False,False,False,False,False,True,True,False,False
TPB,"Turning Point Brands, Inc. Common Stock",55.64,1.7,1109106365.0,26871634,1.7,-62.1,0,0,False,False,False,False,False,False,False,False,False,False,False
ALNY,"Alnylam Pharmaceuticals, Inc. - Common Stock",219.72,1.6,30933991899.0,439910717,11.1,-55.7,0,0,False,False,False,False,False,False,False,False,False,False,False
FUN,Six Flags Entertainment Corporation Common Stock New,11.6,1.6,1113201475.0,33559763,11.0,-57.6,0,1,False,False,False,False,True,False,False,False,False,False,False
PFSI,"PennyMac Financial Services, Inc. Common Stock",62.0,1.6,3218399885.0,44835219,2.0,-61.3,0,0,False,False,False,False,False,False,False,False,False,False,False
DFH,"Dream Finders Homes, Inc. Class A Common Stock",10.75,1.5,985927435.0,10509644,5.6,-60.5,0,0,False,False,False,False,False,False,False,False,False,False,False
WD,"Walker & Dunlop, Inc Common Stock",33.97,1.5,1185267975.0,19227496,1.1,-62.3,0,0,False,False,False,False,False,False,False,False,False,False,False
SRAD,Sportradar Group AG - Class A Ordinary Shares,11.76,1.4,3697442337.0,32289477,3.2,-57.8,0,0,False,False,False,False,False,False,False,False,False,False,False
Z,"Zillow Group, Inc. - Class C Capital Stock",27.41,1.4,6240279974.0,127517831,2.8,-65.5,0,0,False,False,False,False,False,False,False,False,False,False,False
CHTR,"Charter Communications, Inc. - Class A Common Stock",109.29,1.3,12760495284.0,417800531,0.9,-61.6,0,0,False,False,True,False,False,False,False,False,False,False,False
BLDR,"Builders FirstSource, Inc. Common Stock",56.25,1.3,6170656809.0,178839399,2.7,-57.2,0,0,False,False,False,False,False,False,False,False,False,False,False
PNR,Pentair plc. Ordinary Share,53.03,1.3,8441654796.0,199476735,2.4,-53.5,0,0,False,False,False,False,False,False,False,False,False,False,False
LMB,"Limbach Holdings, Inc. - Common Stock",49.1,1.2,592552902.0,20118583,20.5,-57.3,0,0,False,False,False,False,False,False,False,False,False,False,False
ROL,"Rollins, Inc. Common Stock",30.16,1.2,14708615000.0,217320150,1.5,-54.4,0,0,False,False,False,False,False,False,False,False,False,False,False
REAX,Real REMAX Group Inc. - Common Stock,16.41,1.1,352473600.0,16675143,15.1,-63.5,0,0,False,False,False,False,False,False,False,False,False,False,False
PLNT,"Planet Fitness, Inc. Common Stock",42.41,1.1,3147829985.0,114882088,14.5,-62.9,0,0,False,False,False,False,False,False,False,False,False,False,False
COLL,"Collegium Pharmaceutical, Inc. - Common Stock",22.02,1.0,711014588.0,21198386,2.8,-56.6,0,0,False,False,False,False,False,False,False,False,False,False,False
KLAR,Klarna Group plc Ordinary Shares,12.51,1.0,8785274013.0,94246812,3.7,-72.0,0,0,False,False,False,False,False,False,False,False,False,False,False
WHR,Whirlpool Corporation Common Stock,30.31,1.0,1987277041.0,95911149,1.7,-68.0,0,0,False,False,False,False,False,False,False,False,False,False,False
IIIV,"i3 Verticals, Inc. - Common Stock",14.28,0.9,380484640.0,8986422,4.8,-58.0,0,0,False,False,False,False,False,False,False,False,False,False,False
OKLO,Oklo Inc. Class A common stock,35.87,0.9,6722677871.0,397728793,4.3,-81.5,0,0,False,False,False,False,False,False,False,False,False,False,False
IONS,"Ionis Pharmaceuticals, Inc. - Common Stock",43.54,0.8,7312110168.0,171683797,1.2,-49.8,0,0,False,False,False,False,False,False,False,False,False,False,False
RARE,Ultragenyx Pharmaceutical Inc. - Common Stock,15.22,0.8,1454185877.0,77526546,19.6,-61.8,0,0,False,False,False,False,False,False,False,False,False,False,False
WING,Wingstop Inc. - Common Stock,106.89,0.8,2843032101.0,151671580,11.6,-64.7,0,0,False,False,False,False,False,False,False,False,False,False,False
FLUT,Flutter Entertainment plc Ordinary Shares,74.81,0.7,13396099788.0,300790823,1.8,-71.0,0,0,False,False,True,False,False,False,False,False,False,False,False
ONT,"Onterris, Inc. Common Stock",12.71,0.7,447044808.0,12368150,3.7,-58.9,0,0,False,False,True,False,False,False,False,False,False,False,False
PZZA,"Papa John's International, Inc. - Common Stock",19.43,0.6,645265065.0,36498248,0.6,-65.1,0,0,False,False,False,False,False,False,False,False,False,False,False
UTI,Universal Technical Institute Inc Common Stock,19.38,0.6,1048462246.0,42925856,7.5,-62.3,0,1,False,False,False,False,True,False,False,False,False,False,False
QDEL,QuidelOrtho Corporation - Common Stock,10.77,0.5,711812932.0,19936455,8.6,-69.7,0,0,False,False,False,False,False,False,False,False,False,False,False
TREE,"LendingTree, Inc. - Common Stock",24.64,0.5,344671223.0,13192850,4.9,-64.3,0,0,False,False,False,False,False,False,False,False,False,False,False
KRMN,Karman Holdings Inc. Common Stock,34.14,0.5,4226499948.0,137602977,7.9,-71.2,0,0,False,False,False,False,False,False,False,False,False,False,False
APP,Applovin Corporation - Class A Common Stock,268.22,0.4,94140672810.0,1990392695,0.5,-63.7,0,0,False,False,True,False,False,False,False,False,False,False,False
FICO,Fair Isaac Corporation Common Stock,661.25,0.4,14292234961.0,525692335,12.8,-66.9,0,0,False,False,False,False,False,False,False,False,False,False,False
AEHL,Antelope Enterprise Holdings Limited - Class A Ordinary Shares,10.0,0.3,192682937.0,14004352,235.6,-97.6,0,2,False,False,False,False,False,False,False,True,True,False,False
CCB,Coastal Financial Corporation - Common Stock,40.17,0.3,619707697.0,13909951,13.0,-66.5,0,0,False,False,False,False,False,False,False,False,False,False,False
TTD,"The Trade Desk, Inc. - Class A Common Stock",11.95,0.3,5720820758.0,381829798,1.6,-78.8,0,0,False,False,True,False,False,False,False,False,False,False,False
BETR,Better Home & Finance Holding Company - Class A Common Stock,11.79,0.2,212594099.0,9826229,20.2,-87.3,0,0,False,False,False,False,False,False,False,False,False,False,False
GOSS,"Gossamer Bio, Inc. - Common Stock",10.71,0.2,66852154.0,5625626,17.4,-96.5,0,0,False,False,False,False,False,False,False,False,False,False,False
SDOT,Sadot Group Inc. - Common Stock,10.71,0.1,17141247.0,22556776,307.2,-95.9,0,1,False,False,False,False,False,False,False,False,True,False,False
CABO,"Cable One, Inc. Common Stock",12.21,0.1,58781863.0,7509199,23.3,-93.2,0,0,False,False,False,False,False,False,False,False,False,False,False
CTVA,"Corteva, Inc. Common Stock ",11.92,0.0,8386653720.0,421663174,0.7,-86.9,5,2,False,False,False,False,True,True,False,False,False,False,False
