ticker,name,close,rs,mcap,dvol_50d,vs_52w_low,from_52w_high,sma200_up_months,n_pass,pass_all,new_52w_high,new_52w_low,1_price_gt_150_200,2_150_gt_200,3_200ma_rising_1m,4_50_gt_150_gt_200,5_price_gt_50,6_ge_30pct_above_52wlow,7_within_25pct_of_52whigh,8_rs_ge_70
TJGC,TJGC Group Limited - ordinary shares,26.24,99.0,284820649.0,11030580,1696.0,-14.5,2,8,True,True,False,True,True,True,True,True,True,True,True
XHLD,"TEN Holdings, Inc. - Common Stock",12.95,99.0,152145276.0,28897694,1595.0,-16.1,1,8,True,False,False,True,True,True,True,True,True,True,True
AXTI,AXT Inc - Common Stock,78.94,98.9,4977006791.0,691642724,1873.5,-44.9,5,6,False,False,False,True,True,True,False,True,True,False,True
SNDK,Sandisk Corporation - Common Stock When-Issued,1777.8,98.9,256763288534.0,20222074700,1800.7,-24.5,5,8,True,False,False,True,True,True,True,True,True,True,True
MRNA,"Moderna, Inc. - Common Stock",198.88,98.8,77779135895.0,2741233364,792.6,-1.9,5,8,True,True,False,True,True,True,True,True,True,True,True
TXG,"10x Genomics, Inc. - Common Stock",85.71,98.8,10958790140.0,180683576,668.0,-0.5,5,8,True,True,False,True,True,True,True,True,True,True,True
MXL,"MaxLinear, Inc - Common Stock",93.84,98.7,7737036124.0,230088892,634.8,-26.9,5,7,False,False,False,True,True,True,True,True,True,False,True
QMCO,Quantum Corporation - Common Stock,31.68,98.7,1162200929.0,38187218,656.1,-4.0,4,8,True,True,False,True,True,True,True,True,True,True,True
TWST,Twist Bioscience Corporation - Common Stock,182.83,98.7,12201405051.0,231317150,684.7,-1.8,5,8,True,True,False,True,True,True,True,True,True,True,True
IOVA,"Iovance Biotherapeutics, Inc. - Common Stock",11.0,98.6,4892091466.0,121832404,525.0,-1.2,5,8,True,True,False,True,True,True,True,True,True,True,True
AGL,"agilon health, inc. Common Stock",80.73,98.6,1273277454.0,28388857,979.3,-39.3,4,6,False,False,False,True,True,True,True,False,True,False,True
CDNA,"CareDx, Inc. - Common Stock",63.68,98.5,3174929266.0,59215068,356.5,-2.3,5,8,True,True,False,True,True,True,True,True,True,True,True
MU,"Micron Technology, Inc. - Common Stock",1082.28,98.5,1220343181450.0,30409692033,599.8,-13.8,5,8,True,False,False,True,True,True,True,True,True,True,True
SLS,"SELLAS Life Sciences Group, Inc.  - Common Stock",11.61,98.5,2419309594.0,85751447,735.3,-26.9,5,6,False,False,False,True,True,True,True,False,True,False,True
EDRY,EuroDry Ltd. - Common Shares,48.16,98.4,145909482.0,7596802,303.2,-34.1,5,7,False,False,False,True,True,True,True,True,True,False,True
DELL,Dell Technologies Inc. Class C Common Stock ,562.89,98.4,340808350255.0,3839483811,410.7,-5.5,5,8,True,False,False,True,True,True,True,True,True,True,True
ERAS,"Erasca, Inc. - Common Stock",14.25,98.3,5078544748.0,68061081,702.8,-41.3,5,5,False,False,False,False,True,True,True,False,True,False,True
OMER,Omeros Corporation - Common Stock,20.08,98.3,1457176801.0,31115115,394.6,-5.5,5,8,True,False,False,True,True,True,True,True,True,True,True
ABCL,AbCellera Biologics Inc. - Common Shares,12.7,98.2,4097404942.0,67154278,362.7,-3.6,5,8,True,False,False,True,True,True,True,True,True,True,True
AEHR,Aehr Test Systems - Common Stock,104.39,98.2,3181692971.0,258047815,458.2,-29.2,5,7,False,False,False,True,True,True,True,True,True,False,True
BAND,Bandwidth Inc. - Class A Common Stock,61.81,98.2,1989738122.0,53435564,394.5,-21.8,5,8,True,False,False,True,True,True,True,True,True,True,True
CUE,"Cue Biopharma, Inc. - Common Stock",31.41,98.1,238636000.0,8436054,530.7,-31.0,4,7,False,False,False,True,True,True,True,True,True,False,True
PLSE,"Pulse Biosciences, Inc - Common Stock",51.63,98.1,3696650721.0,25173156,311.1,-12.3,5,8,True,False,False,True,True,True,True,True,True,True,True
AMD,"Advanced Micro Devices, Inc. - Common Stock",630.63,98.0,1027251244929.0,12141582732,307.4,-1.3,5,8,True,True,False,True,True,True,True,True,True,True,True
LITE,Lumentum Holdings Inc. - Common Stock,941.65,98.0,83334888000.0,4053298459,551.6,-13.3,5,8,True,False,False,True,True,True,True,True,True,True,True
ETON,"Eton Pharmaceuticals, Inc. - Common Stock",57.68,97.9,1700410701.0,31986849,304.2,-13.1,5,8,True,False,False,True,True,True,True,True,True,True,True
INTC,Intel Corporation - Common Stock,123.0,97.9,673265005006.0,10911107212,294.1,-13.6,5,8,True,False,False,True,True,True,True,True,True,True,True
ORKA,"Oruka Therapeutics, Inc. - Common Stock",84.46,97.9,5660267168.0,86270389,467.2,-26.9,5,6,False,False,False,True,True,True,True,False,True,False,True
SILC,Silicom Ltd - Ordinary Shares,52.78,97.8,296691680.0,8027630,295.7,-0.8,5,8,True,True,False,True,True,True,True,True,True,True,True
FIRY,Firy Inc. Class A Common Stock,12.42,97.8,211767554.0,6096784,457.0,-37.9,4,7,False,False,False,True,True,True,True,True,True,False,True
RVMD,"Revolution Medicines, Inc. - Common Stock",204.97,97.7,42837276501.0,384079231,385.9,-8.6,5,8,True,False,False,True,True,True,True,True,True,True,True
STX,Seagate Technology Holdings PLC - Ordinary Shares (Ireland),916.83,97.7,207200709722.0,3831965595,338.7,-19.9,5,8,True,False,False,True,True,True,True,True,True,True,True
BE,Bloom Energy Corporation Class A Common Stock,288.7,97.7,78535716811.0,3700960727,370.4,-17.8,5,8,True,False,False,True,True,True,True,True,True,True,True
VICR,Vicor Corporation - Common Stock,281.96,97.6,12728224436.0,195878949,492.9,-26.3,5,6,False,False,False,True,True,True,False,True,True,False,True
ANRO,"Alto Neuroscience, Inc. Common Stock",26.49,97.6,1066600387.0,15475807,602.7,-29.3,5,6,False,False,False,True,True,True,True,False,True,False,True
CLYM,"Climb Bio, Inc. - Common Stock",11.66,97.5,682917072.0,20663538,657.1,-36.4,5,6,False,False,False,True,True,True,True,False,True,False,True
SYRE,"Spyre Therapeutics, Inc. - Common Stock",85.69,97.5,7679052933.0,102160017,453.2,-22.2,5,7,False,False,False,True,True,True,True,False,True,True,True
ATEX,Anterix Inc. - Common Stock,81.42,97.4,1594863895.0,29654725,363.1,-27.9,5,6,False,False,False,True,True,True,True,False,True,False,True
DRTS,Alpha Tau Medical Ltd. - Ordinary Shares,14.54,97.4,1365902335.0,8239016,323.9,-7.9,5,8,True,False,False,True,True,True,True,True,True,True,True
RNG,"RingCentral, Inc. Class A Common Stock",76.16,97.4,6665461851.0,121400901,215.5,-7.0,5,8,True,False,False,True,True,True,True,True,True,True,True
ECO,Okeanis Eco Tankers Corp. Common Stock,77.9,97.3,3054072914.0,43609853,180.8,-10.8,5,8,True,False,False,True,True,True,True,True,True,True,True
UMC,United Microelectronics Corporation (NEW) Common Stock,24.31,97.3,60674913583.0,263516574,248.8,-16.1,5,8,True,False,False,True,True,True,True,True,True,True,True
IMMX,"Immix Biopharma, Inc. - Common Stock",10.97,97.2,837009974.0,18207319,454.0,-27.4,5,6,False,False,False,True,True,True,True,False,True,False,True
MRVL,"Marvell Technology, Inc. - Common Stock",261.935,97.2,227073255000.0,4877984306,270.5,-20.6,5,8,True,False,False,True,True,True,True,True,True,True,True
HPE,Hewlett Packard Enterprise Company Common Stock,62.94,97.2,84320562762.0,1110598080,217.2,-4.1,5,8,True,True,False,True,True,True,True,True,True,True,True
COHU,"Cohu, Inc. - Common Stock",67.0,97.1,3015458182.0,52845841,258.9,-10.2,5,8,True,False,False,True,True,True,True,True,True,True,True
GRAL,"GRAIL, Inc. - Common Stock",126.89,97.1,5592659159.0,78295648,205.8,-0.6,0,5,False,True,False,True,False,False,False,True,True,True,True
CLMT,"Calumet, Inc - Common Stock",53.65,97.0,4733319901.0,65124237,208.0,-10.4,5,8,True,False,False,True,True,True,True,True,True,True,True
DOCN,"DigitalOcean Holdings, Inc. Common Stock",139.75,97.0,16645736894.0,372155864,314.9,-25.5,5,7,False,False,False,True,True,True,True,True,True,False,True
ASST,"Strive, Inc. - Class A Common Stock",29.44,96.9,2904259311.0,160947581,319.4,-52.4,1,5,False,False,False,True,False,True,False,True,True,False,True
HELP,Cybin Inc. - Common Stock,12.61,96.9,919846639.0,21142263,235.4,-16.8,3,8,True,False,False,True,True,True,True,True,True,True,True
SMTC,Semtech Corporation - Common Stock,182.3,96.9,16285321737.0,432905002,217.0,-4.4,5,8,True,False,False,True,True,True,True,True,True,True,True
KRT,Karat Packaging Inc. - Common Stock,53.09,96.8,1079502009.0,7440970,157.6,-2.9,5,8,True,False,False,True,True,True,True,True,True,True,True
PAYS,"Paysign, Inc. - Common Stock",12.67,96.8,731749542.0,8994450,311.4,-12.2,4,8,True,False,False,True,True,True,True,True,True,True,True
ILMN,"Illumina, Inc. - Common Stock",270.0,96.7,41358900000.0,606930381,206.8,-2.9,5,8,True,False,False,True,True,True,True,True,True,True,True
PBF,PBF Energy Inc. Class A Common Stock,73.69,96.7,8522798652.0,243196644,187.6,-10.8,5,8,True,False,False,True,True,True,True,True,True,True,True
AMLX,"Amylyx Pharmaceuticals, Inc. - Common Stock",29.49,96.6,3781312650.0,80433708,172.3,-28.3,5,7,False,False,False,True,True,True,True,True,True,False,True
OKTA,"Okta, Inc. - Class A Common Stock",195.19,96.6,36124996562.0,587133980,211.5,-8.1,4,8,True,False,False,True,True,True,True,True,True,True,True
WDC,Western Digital Corporation - Common Stock,456.81,96.6,162355192493.0,3464958324,333.3,-42.9,5,6,False,False,False,True,True,True,True,False,True,False,True
APPS,"Digital Turbine, Inc. - Common Stock",11.11,96.5,1316656800.0,37498413,305.5,-27.6,4,7,False,False,False,True,True,True,True,True,True,False,True
FET,"Forum Energy Technologies, Inc. Common Stock",82.83,96.5,959576544.0,14952317,230.4,-5.3,5,8,True,False,False,True,True,True,True,True,True,True,True
DFTX,"Definium Therapeutics, Inc.  - Common Shares",36.17,96.4,4935298074.0,87222016,279.5,-27.2,5,6,False,False,False,True,True,True,True,False,True,False,True
PENG,"Penguin Solutions, Inc. - Common Stock",56.22,96.4,2719962463.0,103683223,250.5,-37.4,5,7,False,False,False,True,True,True,True,True,True,False,True
TEAM,Atlassian Corporation  - Class A Common Stock,187.74,96.4,48757067157.0,662760359,235.2,-6.1,1,6,False,False,False,True,False,True,False,True,True,True,True
AYA,Aya Gold & Silver Inc. - Common Shares,28.47,96.3,4024370534.0,28092618,231.4,-7.2,5,8,True,False,False,True,True,True,True,True,True,True,True
TWLO,Twilio Inc. Class A Common Stock,275.8,96.3,46020350425.0,541915704,180.2,-9.5,5,8,True,False,False,True,True,True,True,True,True,True,True
CRWD,"CrowdStrike Holdings, Inc. - Class A Common Stock",252.13,96.2,265885160422.0,2157937293,194.3,-4.4,5,8,True,False,False,True,True,True,True,True,True,True,True
IRDM,Iridium Communications Inc - Common Stock,48.75,96.2,5180403125.0,54169263,211.5,-14.7,5,8,True,False,False,True,True,True,True,True,True,True,True
BLZE,"Backblaze, Inc. - Common Stock",13.19,96.1,835959500.0,41397464,304.5,-45.0,5,6,False,False,False,True,True,True,True,False,True,False,True
FTH,"Faeth Therapeutics, Inc.  - Common Stock",28.0,96.1,750664346.0,11510498,275.8,-33.6,5,6,False,False,False,True,True,True,True,False,True,False,True
INSW,"International Seaways, Inc. Common Stock ",105.64,96.1,5193357958.0,62024753,150.0,-6.6,5,8,True,False,False,True,True,True,True,True,True,True,True
NTRA,"Natera, Inc. - Common Stock",412.56,96.0,58924695254.0,441140225,162.1,-0.8,5,8,True,True,False,True,True,True,True,True,True,True,True
RLAY,"Relay Therapeutics, Inc. - Common Stock",17.47,96.0,3885381118.0,52762199,304.4,-17.9,5,7,False,False,False,True,True,True,True,False,True,True,True
FEIM,"Frequency Electronics, Inc. - Common Stock",88.43,95.9,953043683.0,25885179,239.5,-1.5,5,8,True,False,False,True,True,True,True,True,True,True,True
PUBM,"PubMatic, Inc. - Class A Common Stock",18.6,95.9,844953632.0,11584602,202.4,-3.1,4,8,True,False,False,True,True,True,True,True,True,True,True
CRSR,"Corsair Gaming, Inc. - Common Stock",13.66,95.8,1465797794.0,20155905,204.9,-8.8,4,8,True,False,False,True,True,True,True,True,True,True,True
PRAX,"Praxis Precision Medicines, Inc. - Common Stock",280.78,95.8,7867573419.0,134652882,497.5,-28.5,5,5,False,False,False,False,True,True,True,False,True,False,True
PSNL,"Personalis, Inc. - Common Stock",16.46,95.8,1769673879.0,51849600,232.2,-12.9,4,8,True,False,False,True,True,True,True,True,True,True,True
FRO,Frontline Plc Ordinary Shares,47.73,95.7,10679219985.0,124143722,133.2,-13.1,5,8,True,False,False,True,True,True,True,True,True,True,True
VLO,Valero Energy Corporation Common Stock,387.18,95.7,110235907718.0,1086740232,149.3,-7.6,5,8,True,False,False,True,True,True,True,True,True,True,True
GH,"Guardant Health, Inc. - Common Stock",177.25,95.6,23678914197.0,327031627,201.8,-3.4,5,8,True,False,False,True,True,True,True,True,True,True,True
NEO,"NeoGenomics, Inc. - Common Stock",19.33,95.6,2512979606.0,38719385,173.4,-3.6,5,8,True,False,False,True,True,True,True,True,True,True,True
DINO,HF Sinclair Corporation Common Stock,106.82,95.6,18807753386.0,275832671,133.7,-9.8,5,8,True,False,False,True,True,True,True,True,True,True,True
FSLY,"Fastly, Inc. - Class A Common Stock",24.96,95.5,4250124000.0,171030720,222.7,-28.3,5,7,False,False,False,True,True,True,True,True,True,False,True
MPC,Marathon Petroleum Corporation Common Stock,393.52,95.5,109788441095.0,965584431,143.0,-8.7,5,8,True,False,False,True,True,True,True,True,True,True,True
FORM,"FormFactor, Inc. - Common Stock",129.69,95.4,10080698354.0,135936483,272.7,-19.1,5,7,False,False,False,True,True,True,False,True,True,True,True
AMBQ,"Ambiq Micro, Inc. Common Stock",69.79,95.4,1666798221.0,33183667,215.5,-23.8,4,8,True,False,False,True,True,True,True,True,True,True,True
ALAB,"Astera Labs, Inc. - Common Stock",364.62,95.3,62543114843.0,1290791973,272.5,-27.0,5,7,False,False,False,True,True,True,True,True,True,False,True
NESR,National Energy Services Reunited Corp - Ordinary Shares,32.13,95.3,3304911979.0,61299641,222.9,-13.0,5,8,True,False,False,True,True,True,True,True,True,True,True
P,"Everpure, Inc. Class A common stock",126.0,95.3,40613737352.0,487667838,121.9,-4.1,2,8,True,False,False,True,True,True,True,True,True,True,True
ADPT,Adaptive Biotechnologies Corporation - Common Stock,29.43,95.2,4719249048.0,58577093,145.2,-1.8,5,8,True,True,False,True,True,True,True,True,True,True,True
VSTS,Vestis Corporation Common Stock,13.65,95.2,1829095853.0,20089552,234.1,-19.2,5,7,False,False,False,True,True,True,True,False,True,True,True
ALNT,Allient Inc. - Common Stock,116.01,95.1,1913802638.0,23965354,177.9,-2.2,5,8,True,False,False,True,True,True,True,True,True,True,True
SDGR,"Schrodinger, Inc. - Common Stock",28.85,95.1,2203025745.0,34126626,163.6,-8.7,1,6,False,False,False,True,False,True,False,True,True,True,True
TNGX,"Tango Therapeutics, Inc. - Common Stock",24.92,95.1,4152873339.0,62233384,272.5,-27.5,5,6,False,False,False,True,True,True,True,False,True,False,True
NBIS,Nebius Group N.V. - Class A Ordinary Shares,237.33,95.0,66191308479.0,4596101899,222.8,-20.9,5,8,True,False,False,True,True,True,True,True,True,True,True
LPG,Dorian LPG Ltd. Common Stock,53.43,95.0,2312403908.0,29727148,124.9,-10.9,5,8,True,False,False,True,True,True,True,True,True,True,True
FIVN,"Five9, Inc. - Common Stock",35.77,94.9,2739364646.0,84122213,169.1,-10.6,2,8,True,False,False,True,True,True,True,True,True,True,True
HZO,"MarineMax, Inc.  (FL) Common Stock",52.44,94.9,1157566358.0,38862597,144.8,-0.2,5,8,True,False,False,True,True,True,True,True,True,True,True
ICHR,Ichor Holdings - Ordinary Shares,57.94,94.8,2115040312.0,53136688,312.1,-49.0,5,4,False,False,False,False,True,True,False,False,True,False,True
XNCR,"Xencor, Inc. - Common Stock",23.8,94.8,1775559120.0,32509720,132.4,-22.2,5,8,True,False,False,True,True,True,True,True,True,True,True
MTW,"Manitowoc Company, Inc. (The) Common Stock",22.14,94.8,772807996.0,7365260,128.2,-4.4,5,8,True,False,False,True,True,True,True,True,True,True,True
ATRC,"AtriCure, Inc. - Common Stock",58.38,94.7,3091144686.0,54985972,130.2,-5.4,2,6,False,False,False,True,False,True,False,True,True,True,True
TH,Target Hospitality Corp. - Common Stock,20.58,94.7,2136922423.0,30040859,244.7,-5.4,5,8,True,False,False,True,True,True,True,True,True,True,True
AAOI,"Applied Optoelectronics, Inc. - Common Stock",101.4,94.6,8578082378.0,1106058837,448.1,-56.6,5,4,False,False,False,False,True,True,False,False,True,False,True
NEOG,Neogen Corporation - Common Stock,13.76,94.6,2979328028.0,29831566,169.8,-3.5,5,8,True,False,False,True,True,True,True,True,True,True,True
ARCT,Arcturus Therapeutics Holdings Inc. - Common Stock,13.85,94.5,401333734.0,12576957,151.8,-42.7,1,7,False,False,False,True,True,True,True,True,True,False,True
CVI,CVR Energy Inc. Common Stock,51.52,94.5,5157219729.0,44261838,162.6,-6.6,1,8,True,False,False,True,True,True,True,True,True,True,True
MAN,ManpowerGroup Common Stock,57.41,94.5,2651747601.0,57109524,128.3,-10.1,3,8,True,False,False,True,True,True,True,True,True,True,True
URGN,UroGen Pharma Ltd. - Ordinary Shares,41.35,94.4,2015345654.0,37025438,160.7,-18.6,5,7,False,False,False,True,True,True,True,False,True,True,True
DK,"Delek US Holdings, Inc. Common Stock",67.84,94.4,4097044762.0,140249125,162.4,-17.5,5,7,False,False,False,True,True,True,True,False,True,True,True
FTNT,"Fortinet, Inc. - Common Stock",173.46,94.3,131092618382.0,784818671,135.8,-4.4,4,8,True,False,False,True,True,True,True,True,True,True,True
LQDA,Liquidia Corporation - Common Stock,68.43,94.3,6350655816.0,106774007,223.5,-26.9,5,6,False,False,False,True,True,True,True,False,True,False,True
PANW,"Palo Alto Networks, Inc. - Common Stock",374.74,94.3,318954560000.0,2243836286,168.5,-6.1,5,8,True,False,False,True,True,True,True,True,True,True,True
FLXS,"Flexsteel Industries, Inc. - Common Stock",89.37,94.2,361587152.0,6432257,162.9,-0.7,5,8,True,True,False,True,True,True,True,True,True,True,True
HSHP,Himalaya Shipping Ltd. Common Shares,17.54,94.2,842902500.0,6552010,138.0,-10.3,5,8,True,False,False,True,True,True,True,True,True,True,True
CAKE,The Cheesecake Factory Incorporated - Common Stock,104.49,94.1,5227354602.0,177541617,142.6,-11.8,4,8,True,False,False,True,True,True,True,True,True,True,True
HNGE,"Hinge Health, Inc. Class A Common Stock",95.57,94.1,7422272476.0,160438751,217.7,-1.1,5,8,True,False,False,True,True,True,True,True,True,True,True
NUTX,Nutex Health Inc. - Common Stock,220.11,94.0,1401026796.0,28160501,162.1,-1.9,5,6,False,False,False,True,False,True,False,True,True,True,True
VSAT,"ViaSat, Inc. - Common Stock",73.02,94.0,10155358313.0,141543154,179.8,-21.5,5,7,False,False,False,True,True,True,True,False,True,True,True
VSXY,Victorias Secret & Co. Common Stock ,82.91,94.0,6685024109.0,152086566,230.5,-19.1,5,7,False,False,False,True,True,True,True,False,True,True,True
CORT,Corcept Therapeutics Incorporated - Common Stock,116.1,93.9,12810741028.0,152286568,305.1,-8.1,4,8,True,False,False,True,True,True,True,True,True,True,True
TSEM,Tower Semiconductor Ltd. - Ordinary Shares,230.47,93.9,24559375680.0,422825311,247.6,-28.0,5,7,False,False,False,True,True,True,True,True,True,False,True
CADL,"Candel Therapeutics, Inc. - Common Stock",11.02,93.8,883789426.0,14174569,153.3,-21.3,5,7,False,False,False,True,True,True,True,False,True,True,True
VIAV,Viavi Solutions Inc. - Common Stock,40.68,93.8,9186496096.0,188688844,237.6,-32.7,5,5,False,False,False,False,True,True,False,True,True,False,True
UCTT,"Ultra Clean Holdings, Inc. - Common Stock",77.69,93.7,3464598259.0,87549122,261.5,-46.1,5,4,False,False,False,False,True,True,False,False,True,False,True
CMBT,CMB.TECH NV Ordinary Shares,19.01,93.7,6016214399.0,17567040,114.2,-8.7,5,8,True,False,False,True,True,True,True,True,True,True,True
PSX,Phillips 66 Common Stock,255.75,93.7,102097481777.0,704605474,101.8,-7.7,5,8,True,False,False,True,True,True,True,True,True,True,True
VREX,Varex Imaging Corporation - Common Stock,18.45,93.6,777587000.0,16714772,103.0,-1.0,2,6,False,False,False,True,False,True,False,True,True,True,True
PARR,"Par Pacific Holdings, Inc.  Common Stock",77.46,93.6,3846148365.0,79613474,133.2,-11.7,5,7,False,False,False,True,True,True,True,False,True,True,True
CMPS,COMPASS Pathways Plc - American Depository Shares,13.06,93.5,1812661600.0,38506492,167.6,-17.7,5,7,False,False,False,True,True,True,True,False,True,True,True
NSIT,"Insight Enterprises, Inc. - Common Stock",159.03,93.5,4687891811.0,56147572,150.0,-5.6,2,8,True,False,False,True,True,True,True,True,True,True,True
BWLP,BW LPG Limited Common Shares,24.23,93.5,3832324920.0,9158740,106.7,-8.5,5,8,True,False,False,True,True,True,True,True,True,True,True
MBX,"MBX Biosciences, Inc. - Common Stock",53.63,93.4,2667587717.0,32003158,314.5,-26.2,5,6,False,False,False,True,True,True,True,False,True,False,True
SLN,Silence Therapeutics Plc - American Depository Share,11.18,93.4,525096000.0,16410219,166.8,-36.4,5,6,False,False,False,True,True,True,True,False,True,False,True
TVTX,"Travere Therapeutics, Inc. - Common Stock",59.44,93.3,5714106791.0,95152736,169.5,-13.5,5,7,False,False,False,True,True,True,True,False,True,True,True
UTZ,Utz Brands Inc Class A Common Stock ,14.24,93.3,2050021913.0,54546943,110.0,-0.6,2,6,False,False,False,True,False,True,False,True,True,True,True
DDOG,"Datadog, Inc. - Class A Common Stock",268.13,93.2,92253555166.0,1052529737,173.6,-8.4,5,8,True,False,False,True,True,True,True,True,True,True,True
INBX,"Inhibrx Biosciences, Inc. - Common Stock",99.61,93.2,1477653064.0,30544855,253.7,-35.9,5,6,False,False,False,True,True,True,True,False,True,False,True
AAMI,Acadian Asset Management Inc. Common Stock,93.88,93.2,3311938745.0,37484758,126.4,-4.7,5,8,True,False,False,True,True,True,True,True,True,True,True
AVT,"Avnet, Inc. - Common Stock",103.075,93.1,8281984311.0,114729194,132.9,-1.4,5,8,True,True,False,True,True,True,True,True,True,True,True
FTK,"Flotek Industries, Inc. Common Stock",29.53,93.1,1048581420.0,16031858,131.2,-25.6,5,7,False,False,False,True,True,True,True,True,True,False,True
TER,"Teradyne, Inc. - Common Stock",398.38,93.0,60613308775.0,1082430995,209.8,-18.3,5,8,True,False,False,True,True,True,True,True,True,True,True
MEI,"Methode Electronics, Inc. Common Stock",14.51,93.0,518991972.0,10182964,197.3,-28.8,5,6,False,False,False,True,True,True,True,False,True,False,True
BVS,Bioventus Inc. - Class A Common Stock,13.81,92.9,1136922218.0,8898326,120.8,-13.1,5,8,True,False,False,True,True,True,True,True,True,True,True
RBRK,"Rubrik, Inc. Class A Common Stock",109.55,92.9,23591244475.0,309982315,159.3,-5.7,2,8,True,False,False,True,True,True,True,True,True,True,True
WT,"WisdomTree, Inc. Common Stock",24.33,92.9,3634775543.0,59812560,127.6,-6.1,5,8,True,False,False,True,True,True,True,True,True,True,True
NTAP,"NetApp, Inc. - Common Stock",201.145,92.8,38741684546.0,450635925,114.7,-3.8,5,8,True,False,False,True,True,True,True,True,True,True,True
OSCR,"Oscar Health, Inc. Class A Common Stock",29.6,92.8,8910581150.0,165370614,176.9,-14.2,5,7,False,False,False,True,True,True,True,False,True,True,True
AUGO,Aura Minerals Inc. - Common Shares,83.57,92.7,6960370755.0,75493740,187.1,-24.2,4,8,True,False,False,True,True,True,True,True,True,True,True
LBRX,LB Pharmaceuticals Inc - Common Stock,37.33,92.7,1219396815.0,14710698,179.4,-25.6,2,6,False,False,False,True,True,True,True,False,True,False,True
MTRN,Materion Corporation,264.96,92.7,5336350322.0,78696769,141.7,-13.0,5,8,True,False,False,True,True,True,True,True,True,True,True
XMTR,"Xometry, Inc. - Class A Common Stock",100.57,92.6,5582169539.0,70676922,180.5,-6.8,5,8,True,False,False,True,True,True,True,True,True,True,True
CGAU,Centerra Gold Inc. Common Shares,22.56,92.6,4549401112.0,30914180,130.7,-8.0,5,8,True,False,False,True,True,True,True,True,True,True,True
HALO,"Halozyme Therapeutics, Inc. - Common Stock",113.9,92.5,13077239560.0,222468580,86.0,-2.5,5,8,True,False,False,True,True,True,True,True,True,True,True
HAE,Haemonetics Corporation Common Stock,105.3,92.5,4822687406.0,68740512,122.5,-4.7,4,8,True,False,False,True,True,True,True,True,True,True,True
DMRA,"Damora Therapeutics, Inc. - Ordinary Shares",20.66,92.4,1251378970.0,14363016,490.3,-46.1,5,5,False,False,False,False,True,True,True,False,True,False,True
REPL,"Replimune Group, Inc. - Common Stock",12.36,92.4,1187167388.0,52904764,724.0,-24.3,4,7,False,False,False,True,True,True,True,False,True,True,True
TEN,Tsakos Energy Navigation Ltd Common Shares,46.23,92.4,1408465440.0,15055630,125.5,-14.1,5,8,True,False,False,True,True,True,True,True,True,True,True
KNSA,"Kiniksa Pharmaceuticals International, plc - Class A Ordinary Shares",75.08,92.3,5878329139.0,44577763,113.3,-9.5,5,7,False,False,False,True,True,True,True,False,True,True,True
DHT,"DHT Holdings, Inc.",21.78,92.3,3491382690.0,68871842,101.1,-7.6,5,8,True,False,False,True,True,True,True,True,True,True,True
MRX,Marex Group Limited - Ordinary Shares,71.31,92.2,5388715922.0,50359634,155.5,-9.9,5,8,True,False,False,True,True,True,True,True,True,True,True
NIQ,NIQ Global Intelligence plc Ordinary Shares,17.83,92.2,5350499373.0,23939808,124.8,-9.4,2,6,False,False,False,True,False,True,False,True,True,True,True
TRLV,Trulieve Cannabis Corp. Subordinate Voting Shares,12.21,92.2,2362776256.0,16413279,164.5,-8.1,5,8,True,False,False,True,True,True,True,True,True,True,True
ELVN,"Enliven Therapeutics, Inc.  - Common Stock",44.75,92.1,3309640274.0,62878985,202.7,-28.2,5,5,False,False,False,False,True,True,True,False,True,False,True
ZETA,Zeta Global Holdings Corp. Class A Common Stock,29.45,92.1,7422472300.0,209624819,105.0,-10.2,5,8,True,False,False,True,True,True,True,True,True,True,True
MLAB,"Mesa Laboratories, Inc. - Common Stock",134.04,92.0,769431988.0,16904533,111.2,-3.3,5,8,True,False,False,True,True,True,True,True,True,True,True
MRAM,"Everspin Technologies, Inc. - Common Stock",18.47,92.0,435378161.0,18487428,151.3,-64.1,5,6,False,False,False,True,True,True,False,True,True,False,True
LFST,"LifeStance Health Group, Inc. - Common Stock",11.84,91.9,4509418935.0,56033720,148.2,-12.7,5,7,False,False,False,True,True,True,True,False,True,True,True
SITM,SiTime Corporation - Common Stock,662.27,91.9,19342893197.0,278581513,171.8,-26.6,5,7,False,False,False,True,True,True,True,True,True,False,True
UMAC,"Unusual Machines, Inc. Common Stock",24.05,91.9,1195459165.0,93462739,232.0,-31.1,5,7,False,False,False,True,True,True,True,True,True,False,True
TRMD,TORM plc - Class A Common Stock,34.32,91.8,3481031334.0,36881862,77.8,-11.4,5,8,True,False,False,True,True,True,True,True,True,True,True
NET,"Cloudflare, Inc. Class A Common Stock",349.02,91.8,127768523336.0,1056586847,119.7,-5.0,5,8,True,False,False,True,True,True,True,True,True,True,True
CYRX,"CryoPort, Inc. - Common Stock",17.41,91.7,881294340.0,9140033,128.8,-3.2,5,8,True,False,False,True,True,True,True,True,True,True,True
AMN,AMN Healthcare Services Inc,34.56,91.7,1338508489.0,22350235,130.9,-7.1,5,8,True,False,False,True,True,True,True,True,True,True,True
AMPL,"Amplitude, Inc. - Class A Common Stock",13.3,91.6,1710100944.0,22608847,141.4,-9.9,2,6,False,False,False,True,False,True,False,True,True,True,True
HUT,Hut 8 Corp. - Common Stock,96.82,91.6,12515766381.0,449371487,205.7,-31.2,5,7,False,False,False,True,True,True,True,True,True,False,True
CRL,"Charles River Laboratories International, Inc. Common Stock",292.84,91.6,14056233472.0,256185497,103.0,-3.5,5,8,True,False,False,True,True,True,True,True,True,True,True
PLPC,Preformed Line Products Company - Common Stock,423.33,91.5,2101261464.0,36544853,130.0,-16.1,5,8,True,False,False,True,True,True,True,True,True,True,True
PRLB,"Proto Labs, Inc. Common stock",96.25,91.5,2224018764.0,16689238,113.4,-0.7,5,8,True,True,False,True,True,True,True,True,True,True,True
ARW,"Arrow Electronics, Inc. Common Stock",232.8,91.4,11572329811.0,120214218,128.7,-1.9,5,8,True,False,False,True,True,True,True,True,True,True,True
CODI,D/B/A Compass Diversified Holdings Shares of Beneficial Interest,11.25,91.4,846404618.0,7059185,145.6,-15.1,5,8,True,False,False,True,True,True,True,True,True,True,True
ERO,Ero Copper Corp. Common Shares,37.87,91.4,3869755392.0,47843826,110.2,-7.2,5,6,False,False,False,True,False,True,False,True,True,True,True
ANAB,"AnaptysBio, Inc. - Common Stock",51.0,91.3,1530758468.0,28508140,268.0,-29.5,5,5,False,False,False,False,True,True,True,False,True,False,True
SNOW,Snowflake Inc. Common Stock,335.94,91.3,117835200000.0,1574079562,184.0,-12.6,4,8,True,False,False,True,True,True,True,True,True,True,True
KELYA,"Kelly Services, Inc. - Class A Common Stock",16.48,91.2,569951185.0,5231770,106.5,-7.2,3,8,True,False,False,True,True,True,True,True,True,True,True
TBBB,BBB Foods Inc. Class A Common Shares,53.56,91.2,6248786040.0,32371783,124.9,-0.8,5,8,True,True,False,True,True,True,True,True,True,True,True
GCT,GigaCloud Technology Inc - Class A Ordinary Shares,53.98,91.1,1925138877.0,32086150,112.6,-4.1,5,8,True,False,False,True,True,True,True,True,True,True,True
OUST,"Ouster, Inc. - Common Stock",43.72,91.1,2983287216.0,103677773,166.6,-31.5,5,7,False,False,False,True,True,True,True,True,True,False,True
RVTY,"Revvity, Inc. Common Stock",151.11,91.1,16813838903.0,228059277,86.1,-0.8,4,8,True,False,False,True,True,True,True,True,True,True,True
BLFS,"BioLife Solutions, Inc. - Common Stock",38.49,91.0,1886820640.0,38070000,115.5,-1.0,4,8,True,False,False,True,True,True,True,True,True,True,True
ACVA,ACV Auctions Inc. Class A Common Stock,10.46,91.0,1776191471.0,73927815,157.3,-0.4,1,6,False,False,False,True,False,True,False,True,True,True,True
DGII,Digi International Inc. - Common Stock,78.3,90.9,2912518440.0,26532644,127.6,-9.8,5,8,True,False,False,True,True,True,True,True,True,True,True
TNK,Teekay Tankers Ltd.,94.07,90.9,3259294161.0,40175829,99.4,-8.8,5,8,True,False,False,True,True,True,True,True,True,True,True
CHEF,"The Chefs' Warehouse, Inc. - Common Stock",110.27,90.8,4502255720.0,73479490,107.3,-6.3,5,8,True,False,False,True,True,True,True,True,True,True,True
SENS,"Senseonics Holdings, Inc. - Common Stock",10.0,90.8,546717708.0,5703533,108.8,-13.6,1,6,False,False,False,True,False,True,False,True,True,True,True
MATX,"Matson, Inc. Common Stock",224.66,90.8,6722895428.0,64009403,158.3,-6.7,5,8,True,False,False,True,True,True,True,True,True,True,True
HTFL,"Heartflow, Inc. - Common Stock",49.17,90.7,4231163490.0,80180993,144.3,-5.8,1,8,True,False,False,True,True,True,True,True,True,True,True
RDVT,"Red Violet, Inc. - Common Stock ",78.55,90.7,1268673844.0,17538019,135.2,-2.3,4,8,True,True,False,True,True,True,True,True,True,True,True
AVAH,Aveanna Healthcare Holdings Inc. - Common Stock,12.41,90.6,2701559836.0,38460776,109.3,-15.6,5,8,True,False,False,True,True,True,True,True,True,True,True
ECPG,Encore Capital Group Inc - Common Stock,98.41,90.6,2069609934.0,36605522,146.3,-6.3,5,8,True,False,False,True,True,True,True,True,True,True,True
GTLB,GitLab Inc. - Class A Common Stock,46.845,90.6,8100092000.0,208104753,150.1,-15.7,1,6,False,False,False,True,False,True,False,True,True,True,True
MCS,Marcus Corporation (The) Common Stock,28.09,90.5,871316813.0,8052438,118.6,-13.4,5,8,True,False,False,True,True,True,True,True,True,True,True
PAYC,"Paycom Software, Inc. Common Stock",220.46,90.5,9952264191.0,172402823,110.2,-10.0,2,8,True,False,False,True,True,True,True,True,True,True,True
LIND,Lindblad Expeditions Holdings Inc.  - Common Stock,28.45,90.4,1809791023.0,24767664,150.2,-18.7,5,7,False,False,False,True,True,True,True,False,True,True,True
VCTR,"Victory Capital Holdings, Inc. - Common Stock",108.75,90.4,6526165589.0,70585887,90.7,-12.0,5,8,True,False,False,True,True,True,True,True,True,True,True
PDEX,"Pro-Dex, Inc. - Common Stock",71.77,90.3,233907449.0,5103664,205.8,-6.8,5,8,True,False,False,True,True,True,True,True,True,True,True
CBZ,"CBIZ, Inc. Common Stock",54.68,90.3,2967148904.0,77848883,125.1,-4.0,2,6,False,False,False,True,False,True,False,True,True,True,True
OGN,Organon & Co. Common Stock ,13.73,90.3,3603001421.0,38165736,141.3,-0.4,5,8,True,False,False,True,True,True,True,True,True,True,True
AVTR,"Avantor, Inc. Common Stock",15.25,90.2,10402398959.0,132474637,109.9,-5.0,1,6,False,False,False,True,False,True,False,True,True,True,True
MG,Mistras Group Inc Common Stock,21.52,90.2,680950712.0,6099934,129.7,-1.1,5,8,True,True,False,True,True,True,True,True,True,True,True
FCEL,"FuelCell Energy, Inc. - Common Stock",16.49,90.1,1310449272.0,151466678,188.8,-56.5,5,6,False,False,False,True,True,True,True,False,True,False,True
FTRE,Fortrea Holdings Inc. - Common Stock,19.89,90.1,1903902000.0,27788921,139.5,-7.0,5,6,False,False,False,True,False,True,False,True,True,True,True
SHIP,Seanergy Maritime Holdings Corp. - Common Stock,16.6,90.0,374426461.0,6102075,116.7,-13.6,5,7,False,False,False,True,True,True,True,False,True,True,True
OOMA,"Ooma, Inc. Common Stock",21.77,90.0,604992000.0,10016342,122.3,-16.9,5,8,True,False,False,True,True,True,True,True,True,True,True
PACS,"PACS Group, Inc. Common Stock",41.3,90.0,6564594474.0,34716711,300.6,-16.5,5,7,False,False,False,True,True,True,True,False,True,True,True
AMRX,"Amneal Pharmaceuticals, Inc. - Class A Common Stock",19.77,89.9,6898002617.0,37765214,108.3,-6.6,5,8,True,False,False,True,True,True,True,True,True,True,True
HUM,Humana Inc. Common Stock,397.93,89.9,45668942739.0,450203434,144.0,-7.2,5,8,True,False,False,True,True,True,True,True,True,True,True
FDMT,"4D Molecular Therapeutics, Inc. - Common Stock",14.47,89.8,812642344.0,12519391,107.9,-14.5,5,8,True,False,False,True,True,True,True,True,True,True,True
NVEC,NVE Corporation - Common Stock,109.13,89.8,515883754.0,18815261,90.8,-19.2,5,8,True,False,False,True,True,True,True,True,True,True,True
PTGX,"Protagonist Therapeutics, Inc. - Common Stock",141.86,89.8,8887035862.0,82397494,127.9,-11.8,5,7,False,False,False,True,True,True,True,False,True,True,True
ZBRA,Zebra Technologies Corporation - Class A Common Stock,370.04,89.7,17273121966.0,239572411,85.9,-4.2,2,8,True,False,False,True,True,True,True,True,True,True,True
PD,"PagerDuty, Inc. Common Stock",14.38,89.7,1175815601.0,18670314,152.3,-15.0,0,5,False,False,False,True,False,False,False,True,True,True,True
CON,"Concentra Group Holdings Parent, Inc. Common Stock",35.01,89.6,4414664020.0,31151099,88.8,-4.6,5,8,True,False,False,True,True,True,True,True,True,True,True
IMAX,Imax Corporation Common Stock,56.05,89.6,3025091008.0,64641989,82.3,-1.1,5,8,True,True,False,True,True,True,True,True,True,True,True
LRCX,Lam Research Corporation - Common Stock,315.21,89.5,384355758360.0,2883528540,152.1,-28.1,5,7,False,False,False,True,True,True,True,True,True,False,True
PRCH,"Porch Group, Inc. - Common Stock",16.53,89.5,2171273765.0,24400725,159.9,-10.0,2,8,True,False,False,True,True,True,True,True,True,True,True
ROIV,Roivant Sciences Ltd. - Common Shares,35.8,89.5,26097530532.0,279445786,145.4,-15.8,5,7,False,False,False,True,True,True,True,False,True,True,True
EQNR,Equinor ASA,42.19,89.4,107936700365.0,140404603,89.5,-8.0,5,8,True,False,False,True,True,True,True,True,True,True,True
KFRC,"Kforce, Inc. Common Stock",51.56,89.4,919627150.0,14884839,110.5,-16.4,4,7,False,False,False,True,True,True,True,False,True,True,True
CAI,"Caris Life Sciences, Inc. - Common Stock",31.98,89.3,9119346652.0,123893235,125.4,-5.0,1,6,False,False,False,True,False,True,False,True,True,True,True
DNTH,"Dianthus Therapeutics, Inc. - Common Stock",88.55,89.3,5073807428.0,81835212,174.8,-24.9,5,6,False,False,False,False,True,True,True,False,True,True,True
VSH,"Vishay Intertechnology, Inc. Common Stock",32.55,89.3,4877457511.0,139535593,176.6,-53.1,5,4,False,False,False,False,True,True,False,False,True,False,True
SMTI,Sanara MedTech Inc. - Common Stock,35.06,89.2,322500029.0,10641072,118.4,-0.8,2,8,True,False,False,True,True,True,True,True,True,True,True
SN,"SharkNinja, Inc. Ordinary Shares",177.74,89.2,24925812411.0,326162619,113.8,-8.6,4,8,True,False,False,True,True,True,True,True,True,True,True
TIGO,Millicom International Cellular S.A. - Common Stock,92.63,89.1,15246215439.0,105468905,106.4,-13.5,5,7,False,False,False,True,True,True,True,False,True,True,True
CVE,Cenovus Energy Inc Common Stock,30.93,89.1,58650000000.0,214935454,97.9,-9.5,5,8,True,False,False,True,True,True,True,True,True,True,True
TGTX,"TG Therapeutics, Inc. - Common Stock",57.43,89.0,8804531929.0,110921945,114.6,-3.2,5,8,True,False,False,True,True,True,True,True,True,True,True
KEYS,Keysight Technologies Inc. Common Stock,362.15,89.0,60869306127.0,408296645,128.1,-3.4,5,8,True,False,False,True,True,True,True,True,True,True,True
MT,Arcelor Mittal NY Registry Shares NEW,70.7,89.0,54268270895.0,97529736,98.4,-11.3,5,7,False,False,False,True,True,True,True,False,True,True,True
NRIX,"Nurix Therapeutics, Inc. - Common stock",23.01,88.9,2454436803.0,30769172,180.1,-18.5,5,7,False,False,False,True,True,True,True,False,True,True,True
ANET,"Arista Networks, Inc. Common Stock",206.55,88.9,259433910094.0,1189605061,80.4,-3.9,5,8,True,False,False,True,True,True,True,True,True,True,True
EWTX,"Edgewise Therapeutics, Inc. - Common Stock",39.34,88.8,4470145950.0,56042816,176.1,-18.9,5,7,False,False,False,True,True,True,True,False,True,True,True
OII,"Oceaneering International, Inc. Common Stock",46.26,88.8,4645048532.0,50115000,110.1,-14.7,5,7,False,False,False,True,True,True,True,False,True,True,True
ACMR,"ACM Research, Inc. - Class A Common Stock",77.3,88.7,5305875751.0,77644831,171.6,-39.2,5,6,False,False,False,True,True,True,True,False,True,False,True
MSBI,"Midland States Bancorp, Inc. - Common Stock",33.26,88.7,687517471.0,5796958,133.6,-5.2,5,8,True,False,False,True,True,True,True,True,True,True,True
VEEE,Twin Vee PowerCats Co. - Common Stock,13.95,88.7,8268142.0,19189511,235.3,-89.1,0,3,False,False,False,False,False,False,False,True,True,False,True
BRKR,Bruker Corporation - Common Stock,64.18,88.6,9750996224.0,132327595,113.3,-1.7,4,8,True,False,False,True,True,True,True,True,True,True,True
TEM,"Tempus AI, Inc. - Class A Common Stock",85.01,88.6,14931178187.0,430790931,108.5,-18.5,0,5,False,False,False,True,False,False,False,True,True,True,True
AMAT,"Applied Materials, Inc. - Common Stock",485.0,88.5,376363587343.0,3487661597,147.2,-34.4,5,6,False,False,False,True,True,True,True,False,True,False,True
DAC,Danaos Corporation Common Stock,154.14,88.5,2815349444.0,18330831,84.5,-5.8,5,8,True,False,False,True,True,True,True,True,True,True,True
IBTA,"Ibotta, Inc. Class A Common Stock",41.06,88.5,965709512.0,8847133,115.0,-5.5,4,8,True,False,False,True,True,True,True,True,True,True,True
PTEN,"Patterson-UTI Energy, Inc. - Common Stock",10.91,88.4,4263882891.0,96482550,113.9,-18.5,5,7,False,False,False,True,True,True,True,False,True,True,True
BHE,"Benchmark Electronics, Inc. Common Stock",82.52,88.4,2950822496.0,28365383,129.8,-17.8,5,8,True,False,False,True,True,True,True,True,True,True,True
GEO,Geo Group Inc (The) REIT,31.22,88.3,4206561905.0,63582675,149.6,-5.8,4,8,True,False,False,True,True,True,True,True,True,True,True
S,"SentinelOne, Inc. Class A Common Stock",22.38,88.3,8346217826.0,167806944,89.5,-8.3,2,8,True,False,False,True,True,True,True,True,True,True,True
APA,APA Corporation - Common Stock,42.74,88.2,15303353957.0,231713350,97.6,-9.9,5,8,True,False,False,True,True,True,True,True,True,True,True
NTSK,"Netskope, Inc. - Class A Common Stock",17.67,88.2,7587474480.0,85296723,130.5,-29.3,0,4,False,False,False,True,False,False,False,True,True,False,True
OBE,Obsidian Energy Ltd. Common Shares,10.69,88.2,750662663.0,9684579,96.5,-26.7,5,6,False,False,False,True,True,True,True,False,True,False,True
TGT,Target Corporation Common Stock,157.45,88.1,70938435326.0,610206812,88.7,-7.8,5,8,True,False,False,True,True,True,True,True,True,True,True
U,Unity Software Inc. Common Stock,41.55,88.1,18228483605.0,437985212,147.6,-20.3,2,6,False,False,False,True,False,True,False,True,True,True,True
SRZN,"Surrozen, Inc. - Common Stock",29.54,88.0,395859833.0,13486693,159.4,-21.9,5,7,False,True,False,True,True,True,False,True,True,True,True
SFL,SFL Corporation Ltd,12.78,88.0,1726246336.0,17491624,89.9,-8.6,5,8,True,False,False,True,True,True,True,True,True,True,True
QLYS,"Qualys, Inc. - Common Stock",172.43,87.9,6328809483.0,126542656,131.4,-14.4,3,6,False,False,False,True,False,True,False,True,True,True,True
ATI,ATI Inc. Common Stock,185.48,87.9,25356287018.0,349225925,147.2,-23.8,5,7,False,False,False,True,True,True,True,False,True,True,True
ONTO,Onto Innovation Inc. Common Stock,287.64,87.9,13727539113.0,286628726,141.8,-25.6,5,7,False,False,False,True,True,True,True,True,True,False,True
SBLK,Star Bulk Carriers Corp. - Common Shares,29.54,87.8,3334751485.0,48783265,76.7,-10.2,5,8,True,False,False,True,True,True,True,True,True,True,True
NEXA,Nexa Resources S.A. Common Shares,12.44,87.8,1674028960.0,9880802,153.4,-26.3,5,5,False,False,False,False,True,True,True,False,True,False,True
CBRL,"Cracker Barrel Old Country Store, Inc. - Common Stock",51.81,87.7,1158699686.0,49767794,108.5,-14.0,3,7,False,False,False,True,True,True,True,False,True,True,True
NHC,National HealthCare Corporation Common Stock,227.36,87.7,3470565132.0,24446473,95.3,-5.0,5,8,True,False,False,True,True,True,True,True,True,True,True
SNX,TD SYNNEX Corporation Common Stock,263.03,87.7,20746897381.0,204134526,84.9,-12.0,5,8,True,False,False,True,True,True,True,True,True,True,True
FLEX,Flex Ltd. - Ordinary Shares,114.68,87.6,41520894727.0,437151247,116.1,-31.3,5,6,False,False,False,True,True,True,True,False,True,False,True
VIR,"Vir Biotechnology, Inc. - Common Stock",10.66,87.6,1813995070.0,18904372,121.4,-10.7,5,8,True,False,False,True,True,True,True,True,True,True,True
SEPN,"Septerna, Inc. - Common Stock",37.77,87.5,1779791989.0,14606159,132.9,-26.1,5,6,False,False,False,True,True,True,True,False,True,False,True
IQV,"IQVIA Holdings, Inc. Common Stock",270.37,87.5,45268292000.0,373712545,75.0,-2.5,3,6,False,False,False,True,False,True,False,True,True,True,True
SMCI,"Super Micro Computer, Inc. - Common Stock",43.26,87.4,27270633090.0,1706174109,122.1,-26.4,1,7,False,False,False,True,True,True,True,True,True,False,True
TK,Teekay Corporation Ltd. Common Stock,13.7,87.4,1185394747.0,7152504,75.6,-8.2,5,8,True,False,False,True,True,True,True,True,True,True,True
VEEV,Veeva Systems Inc. Class A Common Stock,280.68,87.4,44499028334.0,431309639,89.6,-9.6,1,6,False,False,False,True,False,True,False,True,True,True,True
FRNM,"Freenome, Inc. - Common stock",15.99,87.3,1720223492.0,12298701,60.7,-8.6,5,6,False,False,False,True,False,True,False,True,True,True,True
DAR,Darling Ingredients Inc. Common Stock,61.29,87.3,9742752034.0,155854272,110.3,-12.4,5,7,False,False,False,True,True,True,True,False,True,True,True
AXGN,"Axogen, Inc. - Common Stock",43.39,87.2,2541649943.0,49887215,184.2,-18.0,5,7,False,False,False,True,True,True,True,False,True,True,True
ANF,Abercrombie & Fitch Company Common Stock,135.71,87.2,5698936831.0,210629478,107.3,-12.6,3,6,False,False,False,True,False,True,False,True,True,True,True
COHR,Coherent Corp. Common Stock,295.83,87.2,56910809010.0,1970816720,189.6,-32.8,5,4,False,False,False,False,True,True,False,False,True,False,True
KLIC,"Kulicke and Soffa Industries, Inc. - Common Stock",91.18,87.1,4629556804.0,77168528,160.4,-32.9,5,6,False,False,False,True,True,True,False,True,True,False,True
MGNI,"Magnite, Inc. - Common Stock",23.97,87.1,3452219459.0,58109264,121.5,-10.7,2,8,True,False,False,True,True,True,True,True,True,True,True
DCTH,"Delcath Systems, Inc. - Common Stock",15.6,87.0,557956624.0,8054781,92.1,-10.4,4,8,True,False,False,True,True,True,True,True,True,True,True
SAFT,"Safety Insurance Group, Inc. - Common Stock",103.51,87.0,1519576692.0,23820547,54.4,-0.4,5,8,True,False,False,True,True,True,True,True,True,True,True
TSAT,Telesat Corporation - Class A Common Shares and Class B Variable Voting Shares,48.21,86.9,1737030704.0,9674901,109.5,-21.7,5,8,True,False,False,True,True,True,True,True,True,True,True
CNC,Centene Corporation Common Stock,61.82,86.9,30588170400.0,304134638,95.4,-11.2,5,7,False,False,False,True,True,True,True,False,True,True,True
WTTR,"Select Water Solutions, Inc. Class A common stock",19.84,86.9,2704530668.0,35019243,113.7,-12.0,5,7,False,False,False,True,True,True,True,False,True,True,True
BJRI,"BJ's Restaurants, Inc. - Common Stock",60.13,86.8,1318122479.0,31990657,111.3,-19.4,5,7,False,False,False,True,True,True,True,False,True,True,True
ATKR,Atkore Inc. Common Stock,94.57,86.8,3192856877.0,89450247,75.9,-0.1,5,8,True,False,False,True,True,True,True,True,True,True,True
DXPE,"DXP Enterprises, Inc. - Common Stock",192.1,86.7,3004895710.0,23371544,128.6,-7.6,5,8,True,False,False,True,True,True,True,True,True,True,True
GSAT,"Globalstar, Inc. - Common Stock",82.88,86.7,10683797139.0,65286031,144.5,-2.3,5,8,True,False,False,True,True,True,True,True,True,True,True
FROG,JFrog Ltd. - Ordinary shares,89.18,86.6,11614983496.0,185114107,161.9,-15.7,5,8,True,False,False,True,True,True,True,True,True,True,True
SANM,Sanmina Corporation - Common Stock,224.77,86.6,11892181349.0,140675495,103.5,-22.1,5,8,True,False,False,True,True,True,True,True,True,True,True
ASC,Ardmore Shipping Corporation Common Stock,17.85,86.6,727510608.0,10292235,73.1,-10.9,5,8,True,False,False,True,True,True,True,True,True,True,True
HPQ,HP Inc. Common Stock,31.3,86.5,28081770775.0,474307077,78.2,-13.6,2,8,True,False,False,True,True,True,True,True,True,True,True
MYE,"Myers Industries, Inc. Common Stock",31.36,86.5,1189483373.0,12327990,101.8,-16.3,5,7,False,False,False,True,True,True,True,False,True,True,True
CNXN,"PC Connection, Inc. - Common Stock",89.32,86.4,2246695573.0,12243066,62.5,-1.3,5,8,True,True,False,True,True,True,True,True,True,True,True
DCO,Ducommun Incorporated Common Stock,172.15,86.4,2635968420.0,45589643,103.1,-18.2,5,7,False,False,False,True,True,True,True,False,True,True,True
ESTC,Elastic N.V. Ordinary Shares,88.12,86.4,9583604038.0,200150452,109.6,-18.4,1,6,False,False,False,True,False,True,False,True,True,True,True
CLBK,"Columbia Financial, Inc. - Common Stock",11.33,86.3,1171574501.0,79945026,82.5,-5.6,5,8,True,False,False,True,True,True,True,True,True,True,True
SKM,"SK Telecom Co., Ltd. Common Stock",36.3,86.3,13720656600.0,70354898,84.6,-23.1,5,8,True,False,False,True,True,True,True,True,True,True,True
RIGL,"Rigel Pharmaceuticals, Inc. - Common Stock",48.18,86.2,894578687.0,12672463,93.1,-7.8,3,6,False,False,False,True,False,True,False,True,True,True,True
ITGR,Integer Holdings Corporation Common Stock,126.34,86.2,4288776696.0,133184822,103.8,-0.4,2,8,True,False,False,True,True,True,True,True,True,True,True
BZH,"Beazer Homes USA, Inc. Common Stock",33.37,86.1,890032223.0,23728774,87.2,-3.4,4,8,True,False,False,True,True,True,True,True,True,True,True
PBR,Petroleo Brasileiro S.A. Petrobras ADS,20.37,86.1,134300595380.0,369289852,78.2,-8.4,5,8,True,False,False,True,True,True,True,True,True,True,True
SCCO,Southern Copper Corporation Common Stock,203.92,86.1,168184585295.0,221919827,82.4,-7.6,5,8,True,False,False,True,True,True,True,True,True,True,True
SSRM,SSR Mining Inc. - Common Stock,35.68,86.0,7304031556.0,91208776,96.2,-9.5,5,8,True,False,False,True,True,True,True,True,True,True,True
VIA,"Via Transportation, Inc. Class A Common Stock",29.41,86.0,2443538278.0,20214501,127.1,-46.7,0,4,False,False,False,True,False,False,False,True,True,False,True
AMCX,AMC Global Media Inc. - Class A Common Stock,12.16,85.9,496237151.0,7895575,87.9,-6.0,5,8,True,False,False,True,True,True,True,True,True,True,True
VTRS,Viatris Inc. - Common Stock,17.83,85.9,20008452851.0,156044339,89.1,-3.0,5,8,True,False,False,True,True,True,True,True,True,True,True
GHRS,GH Research PLC - Ordinary Shares,23.84,85.8,1676222904.0,7312037,98.0,-24.2,5,7,False,False,False,True,True,True,True,False,True,True,True
FCX,"Freeport-McMoRan, Inc. Common Stock",72.31,85.8,103508143058.0,936465617,105.7,-9.9,5,8,True,False,False,True,True,True,True,True,True,True,True
MRK,"Merck & Company, Inc. Common Stock (new)",148.78,85.8,365092058991.0,1433494087,91.8,-5.2,5,8,True,False,False,True,True,True,True,True,True,True,True
KYMR,"Kymera Therapeutics, Inc. - Common Stock",111.95,85.7,9629673071.0,78376726,117.5,-13.9,5,7,False,False,False,True,True,True,True,False,True,True,True
BMNR,"BitMine Immersion Technologies, Inc. Common Stock",27.56,85.7,16908435824.0,887283018,115.3,-58.0,0,4,False,False,False,True,False,False,False,True,True,False,True
GPRK,Geopark Ltd Common Shares,11.2,85.6,735917839.0,8074927,94.8,-14.7,5,8,True,False,False,True,True,True,True,True,True,True,True
HBM,Hudbay Minerals Inc. Ordinary Shares (Canada),26.63,85.6,11760953245.0,117422254,92.4,-17.2,5,8,True,False,False,True,True,True,True,True,True,True,True
NUE,Nucor Corporation Common Stock,247.25,85.6,56256092621.0,355712997,88.3,-11.7,5,7,False,False,False,True,True,True,True,False,True,True,True
ROKU,"Roku, Inc. - Class A Common Stock",152.68,85.5,22757080517.0,358967837,94.4,-4.5,5,8,True,False,False,True,True,True,True,True,True,True,True
KB,KB Financial Group Inc,127.26,85.5,44891596917.0,23717798,64.3,-4.5,5,8,True,False,False,True,True,True,True,True,True,True,True
RGEN,Repligen Corporation - Common Stock,189.68,85.4,9327233436.0,188057963,87.8,-1.5,4,6,False,False,False,True,False,True,False,True,True,True,True
ZIM,ZIM Integrated Shipping Services Ltd. Ordinary Shares,29.19,85.4,3539288377.0,43518838,136.7,-5.7,5,8,True,False,False,True,True,True,True,True,True,True,True
APPN,Appian Corporation - Class A Common Stock,36.01,85.3,2693913923.0,30066065,93.3,-21.8,0,5,False,False,False,True,False,False,False,True,True,True,True
TTMI,"TTM Technologies, Inc. - Common Stock",129.17,85.3,13377198751.0,313058566,152.8,-42.3,5,5,False,False,False,False,True,True,False,True,True,False,True
CXW,"CoreCivic, Inc. Common Stock",32.13,85.3,3397980282.0,55400281,104.1,-12.1,4,7,False,False,False,True,True,True,True,False,True,True,True
CSTL,"Castle Biosciences, Inc. - Common stock",35.81,85.2,1075037151.0,12980145,102.1,-19.1,0,5,False,False,False,True,False,False,False,True,True,True,True
SU,Suncor Energy  Inc. Common Stock,68.19,85.2,80295072864.0,291374234,80.5,-5.4,5,8,True,False,False,True,True,True,True,True,True,True,True
MOVE,"Corvex, Inc. - Common Stock",11.77,85.1,377996255.0,5373194,242.3,-56.0,5,5,False,False,False,False,True,True,False,True,True,False,True
PRGO,Perrigo Company plc Ordinary Shares,15.42,85.1,2037132517.0,37123769,67.1,-31.9,1,5,False,False,False,True,False,True,False,True,True,False,True
PESI,"Perma-Fix Environmental Services, Inc. - Common Stock",15.65,85.0,330369725.0,7848596,82.4,-26.6,3,4,False,False,False,True,False,True,False,False,True,False,True
SPHR,Sphere Entertainment Co. Class A Common Stock,141.13,85.0,4971879753.0,100935056,147.6,-22.3,5,7,False,False,False,True,True,True,True,False,True,True,True
STM,STMicroelectronics N.V. Common Stock,51.93,85.0,46037481777.0,493110456,146.0,-36.2,5,4,False,False,False,False,True,True,False,False,True,False,True
DIOD,Diodes Incorporated - Common Stock,95.84,84.9,4362938532.0,55471686,126.7,-23.9,5,8,True,False,False,True,True,True,True,True,True,True,True
OPY,"Oppenheimer Holdings, Inc. Class A Common Stock (DE)",119.78,84.9,1269541073.0,14339694,87.7,-4.8,5,8,True,False,False,True,True,True,True,True,True,True,True
FIX,"Comfort Systems USA, Inc. Common Stock",1658.91,84.8,57838008335.0,704643135,119.1,-20.0,5,5,False,False,False,False,True,True,False,False,True,True,True
VAC,Marriott Vacations Worldwide Corporation Common Stock,102.82,84.8,3465328490.0,53873183,130.6,-21.7,4,7,False,False,False,True,True,True,True,False,True,True,True
VPG,"Vishay Precision Group, Inc. Common Stock",71.63,84.8,913381885.0,37794620,146.3,-52.8,5,4,False,False,False,False,True,True,False,False,True,False,True
OSPN,OneSpan Inc. - Common Stock,17.81,84.7,651546419.0,7719566,76.9,-3.6,2,8,True,False,False,True,True,True,True,True,True,True,True
EAT,"Brinker International, Inc. Common Stock",207.2,84.7,8633245217.0,263297564,106.6,-18.7,3,7,False,False,False,True,True,True,True,False,True,True,True
FFIV,"F5, Inc. - Common Stock",443.06,84.6,25286868122.0,247949265,98.0,-4.1,5,8,True,False,False,True,True,True,True,True,True,True,True
YPF,YPF Sociedad Anonima Common Stock,52.1,84.6,21085498833.0,61209215,126.3,-10.0,5,8,True,False,False,True,True,True,True,True,True,True,True
ARX,Accelerant Holdings Class A Common Shares,19.75,84.5,4287302016.0,75245346,115.1,-0.8,2,8,True,False,False,True,True,True,True,True,True,True,True
MFG,"Mizuho Financial Group, Inc. Sponosred ADR (Japan)",11.07,84.5,131464005763.0,35454060,81.8,-3.7,5,8,True,False,False,True,True,True,True,True,True,True,True
NMAX,"Newsmax, Inc. Class B Common Stock",10.87,84.5,1418183882.0,11562971,112.7,-17.5,1,8,True,False,False,True,True,True,True,True,True,True,True
VELO,"Velo3D, Inc. - Common stock",11.29,84.4,354283280.0,16324468,293.4,-64.4,5,4,False,False,False,False,True,True,False,False,True,False,True
ARIS,Aris Mining Corporation Common Shares,18.93,84.4,3849360000.0,26679477,116.3,-18.7,5,7,False,False,False,True,True,True,False,True,True,True,True
CRDO,Credo Technology Group Holding Ltd - Ordinary Shares,210.97,84.3,36832937370.0,1352728175,143.9,-31.7,5,7,False,False,False,True,True,True,True,True,True,False,True
HYMC,Hycroft Mining Holding Corporation - Class A Common Stock,21.48,84.3,1946565316.0,43594778,262.8,-63.4,5,3,False,False,False,False,False,True,False,False,True,False,True
WHD,"Cactus, Inc. Class A Common Stock",64.3,84.3,5227697988.0,51865623,93.7,-13.2,5,7,False,False,False,True,True,True,True,False,True,True,True
CHMG,Chemung Financial Corp  - Common Stock,82.0,84.2,395794636.0,5390737,64.6,-4.7,5,8,True,False,False,True,True,True,True,True,True,True,True
MOV,Movado Group Inc. Common Stock,34.12,84.2,745675228.0,6722505,97.9,-15.8,5,7,False,False,False,True,True,True,True,False,True,True,True
LGND,Ligand Pharmaceuticals Incorporated - Common Stock,301.52,84.1,5961544515.0,71711647,84.5,-7.7,5,8,True,False,False,True,True,True,True,True,True,True,True
SM,SM Energy Company Common Stock,33.91,84.1,8348677787.0,134589849,94.3,-18.4,5,7,False,False,False,True,True,True,True,False,True,True,True
ASML,ASML Holding N.V. - New York Registry Shares,1743.9399,84.0,663881927963.0,2390135069,86.4,-12.8,5,8,True,False,False,True,True,True,True,True,True,True,True
SWKS,"Skyworks Solutions, Inc. - Common Stock",89.34,84.0,13213014987.0,478375905,72.0,-3.7,1,8,True,False,False,True,True,True,True,True,True,True,True
GKOS,Glaukos Corporation Common Stock,154.43,84.0,9135432163.0,135408829,111.1,-19.4,5,7,False,False,False,True,True,True,True,False,True,True,True
PVLA,"Palvella Therapeutics, Inc. - Common Stock",138.16,83.9,2104636010.0,30399719,141.0,-14.4,5,7,False,False,False,True,True,True,True,False,True,True,True
ING,"ING Group, N.V. Common Stock",36.55,83.9,104807024914.0,70154981,54.6,-2.6,5,8,True,False,False,True,True,True,True,True,True,True,True
SENEA,Seneca Foods Corp. - Class A Common Stock,182.66,83.8,1245627928.0,17627758,83.4,-13.0,5,7,False,False,False,True,True,True,True,False,True,True,True
DT,"Dynatrace, Inc. Common Stock",57.95,83.8,16958644871.0,336192198,83.2,-2.5,1,8,True,False,False,True,True,True,True,True,True,True,True
SAIL,"SailPoint, Inc. - Common Stock",20.64,83.7,12628565322.0,74901691,100.4,-14.0,1,6,False,False,False,True,False,True,False,True,True,True,True
MSGS,Madison Square Garden Sports Corp. Class A Common Stock (New),402.84,83.7,9692176253.0,94069360,93.8,-8.2,5,8,True,False,False,True,True,True,True,True,True,True,True
WCC,"WESCO International, Inc. Common Stock",367.44,83.7,17608642136.0,193318268,80.6,-4.7,5,8,True,False,False,True,True,True,True,True,True,True,True
KRYS,"Krystal Biotech, Inc. - Common Stock",345.82,83.6,10210414467.0,133752938,118.8,-9.6,5,8,True,False,False,True,True,True,True,True,True,True,True
A,"Agilent Technologies, Inc. Common Stock",172.79,83.6,48728583125.0,345308446,59.5,-1.1,4,6,False,False,False,True,False,True,False,True,True,True,True
ZD,"Ziff Davis, Inc. - Common Stock",56.51,83.5,1936198636.0,35599445,151.7,-6.6,5,8,True,False,False,True,True,True,True,True,True,True,True
EFXT,Enerflex Ltd Common Shares,23.57,83.5,2838892030.0,13745077,123.0,-19.1,5,7,False,False,False,True,True,True,False,True,True,True,True
TDW,Tidewater Inc. Common Stock,84.74,83.5,4319835975.0,54003093,81.7,-16.6,5,7,False,False,False,True,True,True,True,False,True,True,True
CBLL,"CeriBell, Inc. - Common Stock",23.69,83.4,914166366.0,8597570,118.3,-7.6,5,6,False,False,False,True,False,True,False,True,True,True,True
TECK,Teck Resources Ltd Ordinary Shares,66.05,83.4,32559493623.0,200340103,73.8,-9.0,5,8,True,False,False,True,True,True,True,True,True,True,True
NVT,nVent Electric plc Ordinary Shares ,164.41,83.3,26363421104.0,355263113,76.4,-11.0,5,8,True,False,False,True,True,True,True,True,True,True,True
THC,Tenet Healthcare Corporation Common Stock,259.71,83.3,20092711260.0,248188334,64.8,-8.2,3,8,True,False,False,True,True,True,True,True,True,True,True
MANH,"Manhattan Associates, Inc. - Common Stock",206.03,83.2,12222471280.0,163012163,73.0,-9.2,2,6,False,False,False,True,False,True,False,True,True,True,True
PLXS,Plexus Corp. - Common Stock,263.09,83.2,6972455619.0,66517554,99.3,-14.3,5,8,True,False,False,True,True,True,True,True,True,True,True
STT,State Street Corporation Common Stock,181.34,83.2,49745742624.0,329915997,73.3,-7.4,5,7,False,False,False,True,True,True,True,False,True,True,True
LQDT,"Liquidity Services, Inc. - Common Stock",43.61,83.1,1359635563.0,9031287,101.2,-1.1,5,8,True,False,False,True,True,True,True,True,True,True,True
REPX,"Riley Exploration Permian, Inc. Common Stock",40.55,83.1,923591297.0,10975848,68.4,-10.5,5,8,True,False,False,True,True,True,True,True,True,True,True
PDFS,"PDF Solutions, Inc. - Common Stock",49.55,83.0,2021839102.0,27007671,110.4,-30.9,5,7,False,False,False,True,True,True,True,True,True,False,True
UFCS,"United Fire Group, Inc - Common Stock",53.33,83.0,1373441606.0,8094214,79.3,-6.0,5,8,True,False,False,True,True,True,True,True,True,True,True
ORIC,"Oric Pharmaceuticals, Inc. - Common Stock",13.16,82.9,1366142006.0,18797062,82.0,-11.9,1,8,True,False,False,True,True,True,True,True,True,True,True
PLTR,Palantir Technologies Inc. - Class A Common Stock,189.67,82.9,462611479713.0,5800250015,78.3,-8.6,1,6,False,False,False,True,False,True,False,True,True,True,True
AMTB,Amerant Bancorp Inc. Class A Common Stock,29.57,82.9,1148262839.0,11330795,89.3,-3.4,5,8,True,False,False,True,True,True,True,True,True,True,True
NTNX,"Nutanix, Inc. - Class A Common Stock",68.03,82.8,18558408578.0,168899597,100.0,-13.3,1,8,True,False,False,True,True,True,True,True,True,True,True
CBL,"CBL & Associates Properties, Inc. Common Stock",51.91,82.8,1618615619.0,14391971,85.2,-14.1,5,7,False,False,False,True,True,True,True,False,True,True,True
MTSI,"MACOM Technology Solutions Holdings, Inc. - Common Stock",285.57,82.7,21761133079.0,379085803,134.1,-31.8,5,5,False,False,False,False,True,True,False,True,True,False,True
LB,LandBridge Company LLC Class A Shares Representing Limited Liability Company Interests,81.38,82.7,6358775636.0,23177607,86.0,-11.2,5,7,False,False,False,True,True,True,True,False,True,True,True
MUFG,"Mitsubishi UFJ Financial Group, Inc. Common Stock",23.48,82.7,267854235464.0,67573936,60.6,-3.2,5,8,True,False,False,True,True,True,True,True,True,True,True
SCSC,"ScanSource, Inc. - Common Stock",58.3,82.6,1169693093.0,15391658,72.7,-12.7,5,8,True,False,False,True,True,True,True,True,True,True,True
CRGY,Crescent Energy Company Class A Common Stock,13.15,82.6,4434017600.0,77707775,71.2,-15.0,5,8,True,False,False,True,True,True,True,True,True,True,True
UFPT,"UFP Technologies, Inc. - Common Stock",295.65,82.5,2311963399.0,43750801,70.1,-12.7,4,6,False,False,False,True,False,True,False,True,True,True,True
BBVA,Banco Bilbao Vizcaya Argentaria S.A. Common Stock,28.87,82.5,162534338889.0,40521473,61.3,-2.6,5,8,True,False,False,True,True,True,True,True,True,True,True
CEVA,"CEVA, Inc. - Common Stock",36.2,82.4,970189321.0,24499833,112.7,-29.8,5,6,False,False,False,True,True,True,False,True,True,False,True
HELE,Helen of Troy Limited - Common Stock,28.63,82.4,683621990.0,10718580,106.7,-6.7,4,8,True,False,False,True,True,True,True,True,True,True,True
LSCC,Lattice Semiconductor Corporation - Common Stock,128.05,82.4,17358939844.0,209168595,111.7,-18.4,5,8,True,False,False,True,True,True,True,True,True,True,True
KN,Knowles Corporation Common Stock,37.53,82.3,3139683584.0,30571528,82.5,-12.6,5,8,True,False,False,True,True,True,True,True,True,True,True
PEB,Pebblebrook Hotel Trust Common Shares of Beneficial Interest,18.42,82.3,2098874518.0,39573039,84.4,-7.6,5,7,False,False,False,True,True,True,True,False,True,True,True
CNK,"Cinemark Holdings Inc Cinemark Holdings, Inc. Common Stock",37.77,82.2,4286420398.0,86528443,74.9,-3.1,4,8,True,False,False,True,True,True,True,True,True,True,True
TMO,Thermo Fisher Scientific Inc Common Stock,675.0,82.2,250832861350.0,1277101619,55.1,-1.2,3,6,False,False,False,True,False,True,False,True,True,True,True
CGEM,"Cullinan Therapeutics, Inc. - Common Stock",14.81,82.1,993636475.0,16616383,160.7,-36.1,5,5,False,False,False,False,True,True,True,False,True,False,True
PNTG,"The Pennant Group, Inc. - Common Stock",40.77,82.1,1384239203.0,12089797,83.2,-4.6,5,8,True,False,False,True,True,True,True,True,True,True,True
TSM,Taiwan Semiconductor Manufacturing Company Ltd.,450.61,82.1,2339891687440.0,4685937409,68.9,-5.9,5,8,True,False,False,True,True,True,True,True,True,True,True
ALM,Almonty Industries Inc. - Common Shares,13.72,82.0,3577161300.0,100373951,161.3,-43.8,5,4,False,False,False,False,True,True,False,False,True,False,True
SKE,Skeena Resources Limited Common Shares,31.71,82.0,3943292818.0,16211327,105.5,-18.2,5,8,True,False,False,True,True,True,True,True,True,True,True
ENTG,"Entegris, Inc. - Common Stock",151.89,81.9,22710664000.0,329091420,123.5,-18.7,5,8,True,False,False,True,True,True,True,True,True,True,True
PK,Park Hotels & Resorts Inc. Common Stock ,15.43,81.9,3062355999.0,57134508,56.8,-4.8,5,8,True,False,False,True,True,True,True,True,True,True,True
WKC,World Kinect Corporation Common Stock,35.65,81.9,1839923771.0,43861816,60.5,-13.5,4,7,False,False,False,True,True,True,True,False,True,True,True
QRVO,"Qorvo, Inc. - Common Stock",117.97,81.8,10263704783.0,127260303,57.5,-2.6,2,8,True,False,False,True,True,True,True,True,True,True,True
RAL,Ralliant Corporation Common Stock,70.03,81.8,7741481360.0,104636235,87.9,-7.1,5,8,True,False,False,True,True,True,True,True,True,True,True
VRNS,"Varonis Systems, Inc. - Common Stock",46.25,81.7,5507560256.0,80545746,134.8,-27.6,1,7,False,False,False,True,True,True,True,True,True,False,True
KOP,Koppers Holdings Inc. Common Stock,46.27,81.7,869175665.0,8764604,85.1,-12.7,5,7,False,False,False,True,True,True,True,False,True,True,True
TITN,Titan Machinery Inc. - Common Stock,23.49,81.6,552552422.0,5142268,77.8,-12.7,5,8,True,False,False,True,True,True,True,True,True,True,True
FTI,TechnipFMC plc Ordinary Share,70.99,81.6,27824063329.0,228508858,101.2,-12.0,5,6,False,False,False,False,True,True,True,False,True,True,True
TALO,"Talos Energy, Inc. Common Stock",16.47,81.6,2841752265.0,32399284,83.7,-12.0,5,8,True,False,False,True,True,True,True,True,True,True,True
CROX,"Crocs, Inc. - Common Stock",126.14,81.5,5918340058.0,131583770,72.3,-10.7,4,8,True,False,False,True,True,True,True,True,True,True,True
MSGE,Madison Square Garden Entertainment Corp. Class A Common Stock,79.09,81.5,3747520637.0,31435852,89.9,-12.5,5,8,True,False,False,True,True,True,True,True,True,True,True
ATRO,Astronics Corporation - Common Stock,69.22,81.4,2974076776.0,47024841,109.0,-26.7,5,6,False,False,False,True,True,True,True,False,True,False,True
ENLT,Enlight Renewable Energy Ltd. - Ordinary Shares,69.47,81.4,9603512412.0,15160555,147.7,-36.1,5,4,False,False,False,False,True,True,False,False,True,False,True
EGO,Eldorado Gold Corporation Ordinary Shares,41.92,81.4,11009405828.0,113940427,71.5,-18.1,5,6,False,False,False,True,False,True,False,True,True,True,True
DAVE,Dave Inc.  - Class A Common Stock,324.88,81.3,4227876573.0,145742408,113.4,-29.1,5,6,False,False,False,True,True,True,True,False,True,False,True
JAZZ,Jazz Pharmaceuticals plc - Ordinary Shares,237.95,81.3,15338016254.0,220615701,89.2,-10.7,5,7,False,False,False,True,True,True,True,False,True,True,True
MDB,"MongoDB, Inc. - Class A Common Stock",410.44,81.2,33946442097.0,645559178,90.3,-13.2,5,6,False,False,False,True,False,True,False,True,True,True,True
FSM,Fortuna Mining Corp. Common Shares,11.69,81.2,3502409951.0,55794550,52.0,-15.6,5,6,False,False,False,True,False,True,False,True,True,True,True
BWMN,Bowman Consulting Group Ltd. - Common Stock,42.57,81.1,737799391.0,15192663,69.8,-7.1,1,6,False,False,False,True,False,True,False,True,True,True,True
TXN,Texas Instruments Incorporated - Common Stock,278.07,81.1,247170486216.0,1826811816,82.1,-16.8,5,8,True,False,False,True,True,True,True,True,True,True,True
BIO,"Bio-Rad Laboratories, Inc. Class A Common Stock",381.0,81.1,10362112340.0,101913842,60.9,-3.8,5,8,True,False,False,True,True,True,True,True,True,True,True
PBAM,"Private Bancorp of America, Inc. - Common Stock",86.25,81.0,491558513.0,6864084,58.4,-6.3,5,7,False,False,False,True,True,True,True,False,True,True,True
TENB,"Tenable Holdings, Inc. - Common Stock",33.49,81.0,3951822590.0,149590533,112.9,-23.3,3,7,False,False,False,True,True,True,True,False,True,True,True
MSTR,Strategy Inc - Class A Common Stock,158.61,80.9,62094723619.0,2795535546,93.9,-56.6,0,4,False,False,False,True,False,False,False,True,True,False,True
SLDE,"Slide Insurance Holdings, Inc. - Common Stock",23.1,80.9,2750915982.0,26626054,74.2,-13.6,4,8,True,False,False,True,True,True,True,True,True,True,True
MITK,"Mitek Systems, Inc. - Common Stock",17.66,80.8,815812522.0,12569903,107.0,-16.1,5,7,False,False,False,True,True,True,True,False,True,True,True
HP,"Helmerich & Payne, Inc. Common Stock",38.57,80.8,3979568790.0,50729218,78.1,-19.9,5,7,False,False,False,True,True,True,True,False,True,True,True
RLJ,RLJ Lodging Trust Common Shares of Beneficial Interest $0.01 par value,11.2,80.8,1694419697.0,20000075,71.3,-13.1,5,7,False,False,False,True,True,True,True,False,True,True,True
BTSG,"BrightSpring Health Services, Inc. - Common Stock",56.59,80.7,11084354781.0,169648245,115.3,-23.3,5,7,False,False,False,True,True,True,True,False,True,True,True
STRZ,Starz Entertainment Corp. - Common Shares,21.07,80.7,388889923.0,6055368,150.8,-35.3,5,5,False,False,False,False,True,True,True,False,True,False,True
E,ENI S.p.A. Common Stock,54.71,80.6,86598975937.0,19948703,60.8,-5.7,5,8,True,False,False,True,True,True,True,True,True,True,True
NSP,"Insperity, Inc. Common Stock",47.83,80.6,1829553433.0,24794271,157.6,-14.4,2,7,False,False,False,True,True,True,True,False,True,True,True
SEI,"Solaris Energy Infrastructure, Inc. Class A Common Stock",70.97,80.6,5367304079.0,172595978,100.5,-17.7,5,7,False,False,False,True,True,True,False,True,True,True,True
FA,First Advantage Corporation - Common Stock,19.6,80.5,3421333525.0,40932728,122.2,-22.1,3,7,False,False,False,True,True,True,True,False,True,True,True
GRMN,Garmin Ltd. Common Stock (Switzerland),294.14,80.5,56899212221.0,270099716,57.6,-6.4,5,8,True,False,False,True,True,True,True,True,True,True,True
LFUS,"Littelfuse, Inc. - Common Stock",429.22,80.4,10696936287.0,110721072,83.9,-14.3,5,8,True,False,False,True,True,True,True,True,True,True,True
TNET,"TriNet Group, Inc. Common Stock",65.11,80.4,3008596529.0,24925701,93.7,-10.9,2,5,False,False,False,True,False,True,False,False,True,True,True
AMAL,Amalgamated Financial Corp. - Common Stock,47.58,80.3,1411585940.0,9556974,89.3,-7.8,5,7,False,False,False,True,True,True,True,False,True,True,True
MBIN,Merchants Bancorp - Common Stock,52.1,80.3,2399345657.0,10199544,71.6,-8.4,5,7,False,False,False,True,True,True,True,False,True,True,True
SVM,Silvercorp Metals Inc. Common Shares,11.34,80.3,2508574040.0,26966235,95.5,-28.1,5,4,False,False,False,False,True,True,False,False,True,False,True
HURN,Huron Consulting Group Inc. - Common Stock,157.98,80.2,2508381952.0,43260217,86.1,-15.4,0,5,False,False,False,True,False,False,False,True,True,True,True
LNTH,"Lantheus Holdings, Inc. - Common Stock",99.74,80.2,6508960637.0,146828439,100.8,-10.8,5,7,False,False,False,True,True,True,True,False,True,True,True
IESC,"IES Holdings, Inc. - Common Stock",324.13,80.1,12771512196.0,110012912,90.6,-20.6,5,7,False,False,False,True,True,True,True,False,True,True,True
RPRX,Royalty Pharma plc - Class A Ordinary Shares,58.21,80.1,33516820181.0,174498852,68.1,-9.6,5,7,False,False,False,True,True,True,True,False,True,True,True
ARCB,ArcBest Corporation - Common Stock,125.16,80.0,2846444932.0,43060879,110.6,-29.2,5,5,False,False,False,False,True,True,True,False,True,False,True
ELF,"e.l.f. Beauty, Inc. Common Stock",99.51,80.0,5934434158.0,188852642,103.8,-32.6,1,5,False,False,False,True,False,True,False,True,True,False,True
PR,Permian Resources Corporation Class A Common Stock,21.36,80.0,18300621084.0,217284484,79.2,-13.3,5,7,False,False,False,True,True,True,True,False,True,True,True
CIEN,Ciena Corporation Common Stock,356.91,79.9,50828429616.0,876077865,167.0,-44.0,5,4,False,False,False,False,True,True,False,False,True,False,True
GNK,Genco Shipping & Trading Limited Ordinary Shares New (Marshall Islands),26.09,79.9,1152429836.0,14686677,67.8,-8.2,5,8,True,False,False,True,True,True,True,True,True,True,True
MEOH,Methanex Corporation - Common Stock,58.855,79.8,4624062000.0,48760370,83.9,-11.8,5,8,True,False,False,True,True,True,True,True,True,True,True
EPC,Edgewell Personal Care Company Common Stock,27.82,79.8,1259610047.0,16604401,76.9,-7.1,3,7,False,False,False,True,True,True,True,False,True,True,True
EXPD,"Expeditors International of Washington, Inc. Common Stock",187.46,79.8,23874077637.0,193102138,66.0,-3.7,5,8,True,False,False,True,True,True,True,True,True,True,True
BBY,"Best Buy Co., Inc. Common Stock",90.51,79.7,19085220518.0,320111614,64.3,-6.2,4,8,True,False,False,True,True,True,True,True,True,True,True
SCL,Stepan Company Common Stock,64.53,79.7,1450790703.0,9032094,54.3,-5.1,4,8,True,False,False,True,True,True,True,True,True,True,True
QURE,uniQure N.V. - Ordinary Shares,38.23,79.6,2658120908.0,58067205,337.9,-46.5,1,6,False,False,False,True,True,True,True,False,True,False,True
RPD,"Rapid7, Inc. - Common Stock",11.62,79.6,866098224.0,25420218,133.8,-42.4,0,4,False,False,False,True,False,False,False,True,True,False,True
HRMY,"Harmony Biosciences Holdings, Inc. - Common Stock",41.26,79.5,2397009936.0,35640222,61.7,-5.1,3,6,False,False,False,True,False,True,False,True,True,True,True
PI,"Impinj, Inc. - Common Stock",178.28,79.5,5394992703.0,71430828,104.1,-27.8,1,5,False,False,False,True,False,True,False,True,True,False,True
IAG,Iamgold Corporation Ordinary Shares,19.7,79.5,11054560000.0,105170704,81.2,-20.8,5,6,False,False,False,True,False,True,False,True,True,True,True
DE,Deere & Company Common Stock,690.46,79.4,187373483815.0,804241964,59.5,-4.3,5,8,True,False,False,True,True,True,True,True,True,True,True
STNG,Scorpio Tankers Inc. Common Shares,81.49,79.4,4190715478.0,65588517,66.5,-9.5,5,8,True,False,False,True,True,True,True,True,True,True,True
IMVT,"Immunovant, Inc.  - Common Stock",33.3,79.3,7022791188.0,48888621,118.8,-26.7,5,5,False,False,False,False,True,True,True,False,True,False,True
NBR,Nabors Industries Ltd.,81.33,79.3,1389616760.0,20736480,121.8,-28.0,5,4,False,False,False,False,True,True,False,False,True,False,True
ODC,Oil-Dri Corporation Of America Common Stock,88.6,79.3,1341619821.0,11174834,94.3,-17.2,5,7,False,False,False,True,True,True,True,False,True,True,True
EZPW,"EZCORP, Inc. - Class A Non-Voting Common Stock",31.16,79.2,1861119889.0,28801809,88.8,-16.1,5,8,True,False,False,True,True,True,True,True,True,True,True
KALU,Kaiser Aluminum Corporation - Common Stock,152.55,79.2,2479666784.0,39512950,107.9,-23.7,5,6,False,False,False,False,True,True,True,False,True,True,True
SAIC,Science Applications International Corporation - Common Stock,132.61,79.1,5548503803.0,57880891,63.6,-7.0,3,8,True,False,False,True,True,True,True,True,True,True,True
SLAB,"Silicon Laboratories, Inc. - Common Stock",221.24,79.1,7386733550.0,61900683,91.5,-0.6,5,8,True,False,False,True,True,True,True,True,True,True,True
GSL,Global Ship Lease Inc New Class A Common Shares,44.33,79.0,1584353743.0,14237373,62.5,-4.8,5,8,True,False,False,True,True,True,True,True,True,True,True
MATV,"Mativ Holdings, Inc. Common Stock",11.92,79.0,671663493.0,6443836,68.6,-23.0,2,6,False,False,False,True,False,True,False,True,True,True,True
RHI,Robert Half Inc. Common Stock,36.89,79.0,3663529824.0,86121580,69.0,-21.0,3,7,False,False,False,True,True,True,True,False,True,True,True
EMBJ,Embraer S.A. Common Stock,78.63,78.9,13804833274.0,90740354,46.8,-2.6,5,6,False,False,False,True,False,True,False,True,True,True,True
JXN,Jackson Financial Inc. Class A Common Stock ,133.12,78.9,8814896032.0,91147371,48.5,-5.5,5,8,True,False,False,True,True,True,True,True,True,True,True
PAGP,"Plains GP Holdings, L.P. - Class A Shares representing limited partner interests",26.58,78.8,5284040111.0,44039150,59.4,-7.4,5,7,False,False,False,True,True,True,True,False,True,True,True
AMG,"Affiliated Managers Group, Inc. Common Stock",373.69,78.8,9586535762.0,100161180,62.4,-4.9,5,8,True,False,False,True,True,True,True,True,True,True,True
ALRS,Alerus Financial Corporation - Common Stock,32.17,78.7,802915612.0,6080912,58.4,-6.5,5,7,False,False,False,True,True,True,True,False,True,True,True
CNQ,Canadian Natural Resources Limited Common Stock,47.41,78.7,99159501200.0,318075195,59.7,-9.4,5,7,False,False,False,True,True,True,True,False,True,True,True
NEM,Newmont Corporation,121.43,78.7,127812872472.0,889782410,59.7,-10.2,5,6,False,False,False,True,False,True,False,True,True,True,True
AZTA,"Azenta, Inc. - Common Stock",34.02,78.6,1498247041.0,24377651,113.6,-18.5,0,5,False,False,False,True,False,False,False,True,True,True,True
ELE,Elemental Royalty Corporation - Common Stock,20.74,78.6,1622458374.0,6878481,64.9,-23.1,2,8,True,False,False,True,True,True,True,True,True,True,True
CGON,"CG Oncology, Inc. - Common stock",67.15,78.5,6094912185.0,60861973,88.4,-17.1,5,6,False,False,False,False,True,True,True,False,True,True,True
NBTX,Nanobiotix S.A. - ADSs,33.31,78.5,1700032434.0,5847313,130.4,-41.7,5,5,False,False,False,False,True,True,True,False,True,False,True
CPAY,"Corpay, Inc. Common Stock",398.11,78.5,26284850672.0,196393945,57.5,-6.9,4,7,False,False,False,True,True,True,True,False,True,True,True
NVAX,"Novavax, Inc. - Common Stock",10.63,78.4,1748424696.0,42567648,71.5,-11.2,1,7,False,False,False,True,True,True,False,True,True,True,True
WST,"West Pharmaceutical Services, Inc. Common Stock",370.44,78.4,26292384683.0,227564471,65.5,-4.0,5,8,True,False,False,True,True,True,True,True,True,True,True
BFH,"Bread Financial Holdings, Inc. Common Stock",102.91,78.3,3901860858.0,59096905,91.2,-10.1,5,7,False,False,False,True,True,True,True,False,True,True,True
LTH,"Life Time Group Holdings, Inc. Common Stock",39.97,78.3,8907193247.0,133626513,65.6,-15.4,5,7,False,False,False,True,True,True,True,False,True,True,True
AAPL,Apple Inc. - Common Stock,341.07,78.2,4902476945600.0,14985449842,40.1,-1.2,5,8,True,False,False,True,True,True,True,True,True,True,True
RUSHB,"Rush Enterprises, Inc. - Class B Common Stock",55.19,78.2,6421336939.0,9089752,73.5,-3.8,5,8,True,False,False,True,True,True,True,True,True,True,True
WAT,Waters Corporation Common Stock,433.54,78.2,42276162163.0,314604316,53.3,-0.6,5,6,False,False,False,True,False,True,False,True,True,True,True
ACHC,"Acadia Healthcare Company, Inc. - Common Stock",28.09,78.1,2588187645.0,59539447,145.8,-21.6,5,7,False,False,False,True,True,True,True,False,True,True,True
BNS,Bank Nova Scotia Halifax Pfd 3 Ordinary Shares,93.48,78.1,113146598213.0,182749993,48.4,-2.4,5,8,True,False,False,True,True,True,True,True,True,True,True
DXCM,"DexCom, Inc. - Common Stock",86.62,78.0,33007746115.0,397261626,60.1,-6.4,3,8,True,False,False,True,True,True,True,True,True,True,True
GOLD,"Gold.com, Inc. Common Stock",43.95,78.0,1267648791.0,24531309,91.1,-34.1,5,6,False,False,False,True,True,True,False,True,True,False,True
MPWR,"Monolithic Power Systems, Inc. - Common Stock",1367.4301,77.9,65632933650.0,1001578487,64.1,-20.2,5,7,False,False,False,True,True,True,False,True,True,True,True
PGC,Peapack-Gladstone Financial Corporation - Common Stock,45.03,77.9,794566809.0,7476214,82.2,-8.4,5,7,False,False,False,True,True,True,True,False,True,True,True
OBK,"Origin Bancorp, Inc. Common Stock",53.64,77.9,1644287837.0,9308833,67.0,-3.5,5,8,True,False,False,True,True,True,True,True,True,True,True
DRH,Diamondrock Hospitality Company - Common Stock,12.49,77.8,2541202558.0,34551977,67.0,-9.4,5,7,False,False,False,True,True,True,True,False,True,True,True
PSTL,"Postal Realty Trust, Inc. Class A Common Stock",23.65,77.8,709336072.0,7796305,66.0,-6.2,5,8,True,False,False,True,True,True,True,True,True,True,True
ADI,"Analog Devices, Inc. - Common Stock",393.6,77.7,185399592564.0,1376437119,76.1,-11.7,5,7,False,False,False,True,True,True,False,True,True,True,True
BEN,"Franklin Resources, Inc. Common Stock",33.02,77.7,16537903421.0,132500223,56.4,-9.0,5,7,False,False,False,True,True,True,True,False,True,True,True
TRGP,"Targa Resources, Inc. Common Stock",277.84,77.7,60716143596.0,340446744,92.8,-9.8,5,7,False,False,False,True,True,True,True,False,True,True,True
IOSP,Innospec Inc. - Common Stock,98.72,77.6,2386009523.0,16843691,50.7,-0.1,4,8,True,True,False,True,True,True,True,True,True,True,True
SXT,Sensient Technologies Corporation Common Stock,129.22,77.6,5457403626.0,52552643,56.4,-6.9,5,8,True,False,False,True,True,True,True,True,True,True,True
GIC,Global Industrial Company Common Stock,41.5,77.5,1571206899.0,5172200,57.2,-2.1,2,8,True,False,False,True,True,True,True,True,True,True,True
GLW,Corning Incorporated Common Stock,156.74,77.5,132783011224.0,1613548168,103.4,-42.3,5,5,False,False,False,False,True,True,False,True,True,False,True
AIP,"Arteris, Inc.  - Common Stock",23.89,77.4,1188989347.0,17736522,152.5,-52.5,5,4,False,False,False,False,True,True,False,False,True,False,True
AMGN,Amgen Inc. - Common Stock,414.61,77.4,219518219310.0,1121710327,53.7,-7.3,5,8,True,False,False,True,True,True,True,True,True,True,True
TTE,TotalEnergies SE Ordinary Shares,90.94,77.4,200491281170.0,138382192,58.5,-3.4,5,8,True,False,False,True,True,True,True,True,True,True,True
STLD,"Steel Dynamics, Inc. - Common Stock",233.66,77.3,33710766298.0,277230034,73.2,-19.1,5,7,False,False,False,True,True,True,True,False,True,True,True
AU,AngloGold Ashanti PLC Ordinary Shares,99.03,77.3,49813214023.0,270061776,58.3,-23.3,5,8,True,False,False,True,True,True,True,True,True,True,True
CHYM,"Chime Financial, Inc. - Class A Common Stock",26.78,77.2,10248298955.0,247540764,68.6,-24.7,2,5,False,False,False,True,False,True,False,False,True,True,True
KARO,Karooooo Ltd. - Ordinary shares,61.63,77.2,1915693533.0,5934518,49.4,-10.4,3,7,False,False,False,True,True,True,True,False,True,True,True
BWIN,"The Baldwin Insurance Group, Inc. - Class A Common Stock",31.85,77.1,4441626955.0,80176008,100.6,-2.6,2,8,True,False,False,True,True,True,True,True,True,True,True
SONO,"Sonos, Inc. - Common Stock",18.175,77.1,2110364585.0,29212391,46.1,-8.3,0,5,False,False,False,True,False,False,False,True,True,True,True
PBI,Pitney Bowes Inc. Common Stock,16.38,77.1,2242795868.0,28218506,83.0,-14.1,5,7,False,False,False,True,True,True,True,False,True,True,True
ACA,"Arcosa, Inc. Common Stock ",146.62,77.0,7195129655.0,96392703,64.7,-0.2,5,8,True,False,False,True,True,True,True,True,True,True,True
TMP,Tompkins Financial Corporation Common Stock,99.57,77.0,1411538297.0,10942903,60.9,-2.9,5,8,True,False,False,True,True,True,True,True,True,True,True
ANGO,"AngioDynamics, Inc. - Common Stock",15.49,76.9,631558904.0,6568188,65.0,-4.9,5,8,True,False,False,True,True,True,True,True,True,True,True
FIGS,"FIGS, Inc. Class A Common Stock",13.42,76.9,2075091623.0,37433039,106.5,-23.2,5,7,False,False,False,True,True,True,False,True,True,True,True
OVV,Ovintiv Inc. (DE),60.13,76.9,17106177000.0,217778085,69.5,-10.9,5,7,False,False,False,True,True,True,True,False,True,True,True
CARE,"Carter Bankshares, Inc. - Common Stock",30.31,76.8,666469405.0,11228494,80.6,-15.9,5,7,False,False,False,True,True,True,True,False,True,True,True
NWPX,"NWPX Infrastructure, Inc. - Common Stock",102.83,76.8,976634051.0,19537893,108.8,-32.4,5,5,False,False,False,False,True,True,True,False,True,False,True
MSM,"MSC Industrial Direct Company, Inc. Common Stock",121.22,76.7,6742323558.0,78992051,53.8,-7.1,5,7,False,False,False,True,True,True,True,False,True,True,True
PAG,"Penske Automotive Group, Inc. Common Stock",209.62,76.7,13655907698.0,89739524,49.6,-7.7,3,7,False,False,False,True,True,True,True,False,True,True,True
SEIC,SEI Investments Company - Common Stock,105.65,76.6,12575609890.0,81124754,40.7,-5.8,5,8,True,False,False,True,True,True,True,True,True,True,True
HRTG,"Heritage Insurance Holdings, Inc. Common Stock",33.27,76.6,986521563.0,9773518,62.5,-8.8,5,8,True,False,False,True,True,True,True,True,True,True,True
IVZ,Invesco Ltd Common Stock,30.92,76.6,13545213250.0,139294194,49.6,-8.1,5,7,False,False,False,True,True,True,True,False,True,True,True
HSBC,"HSBC Holdings, plc. Common Stock",100.95,76.5,343917503221.0,132886664,56.1,-6.5,5,7,False,False,False,True,True,True,True,False,True,True,True
VET,Vermilion Energy Inc. Common (Canada),11.6,76.5,1818484000.0,18085671,63.4,-21.7,5,6,False,False,False,False,True,True,True,False,True,True,True
GTX,Garrett Motion Inc. - Common Stock,25.72,76.4,4718283374.0,72187834,109.7,-29.0,5,5,False,False,False,False,True,True,True,False,True,False,True
MSFT,Microsoft Corporation - Common Stock,516.17,76.4,3697401866334.0,13438067715,47.8,-6.8,1,6,False,False,False,True,False,True,False,True,True,True,True
INVX,"Innovex International, Inc. Common Stock",28.5,76.4,1997367219.0,22135156,67.5,-15.5,5,7,False,False,False,True,True,True,True,False,True,True,True
DJCO,Daily Journal Corp. (S.C.) - Common Stock,656.86,76.3,902572340.0,38625932,88.4,-5.1,5,6,False,False,False,True,False,True,False,True,True,True,True
NVGS,Navigator Holdings Ltd. Ordinary Shares (Marshall Islands),23.02,76.3,1440077323.0,9617718,63.5,-9.7,5,8,True,False,False,True,True,True,True,True,True,True,True
ARMK,Aramark Common Stock,54.92,76.2,14320112390.0,142156067,56.6,-12.3,5,7,False,False,False,True,True,True,True,False,True,True,True
WPM,Wheaton Precious Metals Corp Common Shares (Canada),142.92,76.2,65344536196.0,283941107,54.4,-13.8,5,8,True,False,False,True,True,True,True,True,True,True,True
BIIB,Biogen Inc. - Common Stock,227.6,76.1,33445594987.0,193707766,68.1,-0.7,5,8,True,False,False,True,True,True,True,True,True,True,True
CAC,Camden National Corporation - Common Stock,57.82,76.1,961442088.0,5452279,65.2,-4.6,5,8,True,False,False,True,True,True,True,True,True,True,True
DSGR,"Distribution Solutions Group, Inc. - Common Stock",34.96,76.1,1616626999.0,8094214,83.8,-0.3,2,8,True,False,False,True,True,True,True,True,True,True,True
RRBI,"Red River Bancshares, Inc. - Common Stock",101.0,76.0,659069011.0,6827046,64.0,-3.7,5,8,True,False,False,True,True,True,True,True,True,True,True
TRST,TrustCo Bank Corp NY - Common Stock,56.2,76.0,958661762.0,7964898,63.8,-5.2,5,7,False,False,False,True,True,True,True,False,True,True,True
EXEL,"Exelixis, Inc. - Common Stock",58.16,75.9,14358949051.0,131310096,72.3,-2.6,5,8,True,False,False,True,True,True,True,True,True,True,True
NDSN,Nordson Corporation - Common Stock,325.77,75.9,18005377053.0,116476075,47.8,-3.9,5,8,True,False,False,True,True,True,True,True,True,True,True
META,"Meta Platforms, Inc. - Class A Common Stock",751.66,75.8,1980915365498.0,11972258212,44.5,-3.6,1,6,False,False,False,True,False,True,False,True,True,True,True
ROST,"Ross Stores, Inc. - Common Stock",236.12,75.8,75199262094.0,559556808,60.1,-8.1,5,7,False,False,False,True,True,True,True,False,True,True,True
NE,Noble Corporation plc A Ordinary Shares,42.82,75.8,6982750615.0,58507732,60.4,-22.1,5,5,False,False,False,False,True,True,False,False,True,True,True
CHRD,Chord Energy Corporation - Common Stock,136.27,75.7,7658796037.0,103444943,61.7,-13.2,5,7,False,False,False,True,True,True,True,False,True,True,True
CLS,"Celestica, Inc. Common Stock",365.44,75.7,42949353851.0,878007199,61.0,-22.9,5,7,False,False,False,True,True,True,False,True,True,True,True
FISI,"Financial Institutions, Inc. - Common Stock",40.23,75.6,788549995.0,6184795,57.1,-6.4,5,7,False,False,False,True,True,True,True,False,True,True,True
MKSI,MKS Inc. - Common Stock,260.82,75.6,17443977613.0,398273914,118.0,-41.7,5,4,False,False,False,False,True,True,False,False,True,False,True
UVE,UNIVERSAL INSURANCE HOLDINGS INC Common Stock,42.14,75.6,1182511784.0,7941233,67.9,-6.7,5,7,False,False,False,True,True,True,True,False,True,True,True
INCY,Incyte Corporation - Common Stock,123.89,75.5,25223707512.0,197554455,52.8,-6.6,5,8,True,False,False,True,True,True,True,True,True,True,True
PFG,Principal Financial Group Inc - Common Stock,114.77,75.5,24440044770.0,160876400,47.3,-5.3,5,8,True,False,False,True,True,True,True,True,True,True,True
BLLN,"BillionToOne, Inc. - Class A common stock",123.08,75.4,5893661046.0,76724085,98.6,-18.2,0,7,False,False,False,True,True,False,True,True,True,True,True
TD,Toronto Dominion Bank (The) Common Stock,120.65,75.4,195395226220.0,239768445,56.2,-3.8,5,7,False,False,False,True,True,True,True,False,True,True,True
RIOT,"Riot Platforms, Inc. - Common Stock",23.0,75.3,8811079794.0,410071016,100.0,-24.1,1,8,True,False,False,True,True,True,True,True,True,True,True
CNH,CNH Industrial N.V. Common Shares,13.09,75.3,16437000722.0,236188951,45.4,-9.5,2,8,True,False,False,True,True,True,True,True,True,True,True
LXP,LXP Industrial Trust Common Stock (Maryland REIT),60.88,75.3,3592266096.0,50721639,38.4,-1.2,5,8,True,False,False,True,True,True,True,True,True,True,True
BETA,"Beta Technologies, Inc. Class A Common Stock",23.85,75.2,5415735539.0,58831281,77.6,-39.6,0,4,False,False,False,True,False,False,False,True,True,False,True
MD,"Pediatrix Medical Group, Inc. Common Stock",26.31,75.2,2084958934.0,19685685,67.6,-5.8,5,7,False,False,False,True,True,True,True,False,True,True,True
CSCO,"Cisco Systems, Inc. - Common Stock",106.7,75.1,421738517805.0,2201855695,59.7,-18.2,5,7,False,False,False,True,True,True,True,False,True,True,True
DOCU,"DocuSign, Inc. - Common Stock",67.5,75.1,12894400163.0,206055426,68.1,-19.0,0,5,False,False,False,True,False,False,False,True,True,True,True
APLE,"Apple Hospitality REIT, Inc. Common Shares",16.19,75.0,3803292265.0,44206813,49.2,-6.3,5,8,True,False,False,True,True,True,True,True,True,True,True
JNJ,Johnson & Johnson Common Stock,271.22,75.0,652311352236.0,1803422594,54.2,-3.5,5,8,True,False,False,True,True,True,True,True,True,True,True
VOYA,"Voya Financial, Inc. Common Stock",97.27,75.0,8705403175.0,104241716,50.8,-7.9,5,7,False,False,False,True,True,True,True,False,True,True,True
WDAY,"Workday, Inc. - Class A Common Stock",189.45,74.9,46028590000.0,759793439,71.7,-24.2,0,5,False,False,False,True,False,False,False,True,True,True,True
IFF,"International Flavors & Fragrances, Inc. Common Stock",85.69,74.9,21904624324.0,136716598,44.9,-4.1,5,8,True,False,False,True,True,True,True,True,True,True,True
RBCAA,"Republic Bancorp, Inc. - Class A Common Stock",94.55,74.8,1848162634.0,10619032,47.8,-7.5,5,7,False,False,False,True,True,True,True,False,True,True,True
AGM,Federal Agricultural Mortgage Corporation Common Stock,214.01,74.8,2374573816.0,24124601,56.7,-13.8,3,7,False,False,False,True,True,True,True,False,True,True,True
MET,"MetLife, Inc. Common Stock",97.7,74.8,61800131151.0,332242753,45.1,-3.2,5,8,True,False,False,True,True,True,True,True,True,True,True
PWR,"Quanta Services, Inc. Common Stock",649.13,74.7,94806712787.0,669265821,66.6,-17.7,5,7,False,False,False,True,True,True,False,True,True,True,True
SPB,"Spectrum Brands Holdings, Inc. Common Stock",84.91,74.7,1949336673.0,28947716,69.9,-14.3,5,7,False,False,False,True,True,True,True,False,True,True,True
FRHC,Freedom Holding Corp. - Common Stock,172.08,74.6,11250230652.0,16846597,59.4,-3.3,1,8,True,True,False,True,True,True,True,True,True,True,True
ROG,Rogers Corporation Common Stock,137.76,74.6,2433667227.0,29504887,83.3,-18.5,5,8,True,False,False,True,True,True,True,True,True,True,True
CRBG,Corebridge Financial Inc. Common Stock,34.87,74.5,15196385275.0,141007564,57.1,-2.2,2,6,False,False,False,True,False,True,False,True,True,True,True
MFC,Manulife Financial Corporation Common Stock,43.86,74.5,72580048454.0,98397320,43.7,-3.2,5,8,True,False,False,True,True,True,True,True,True,True,True
VIRT,"Virtu Financial, Inc. Class A Common Stock",53.4,74.5,8172843954.0,74041030,69.3,-22.3,5,6,False,False,False,False,True,True,True,False,True,True,True
CACI,"CACI International, Inc. Class A Common Stock",618.32,74.4,13631473422.0,165254120,42.2,-9.5,2,6,False,False,False,True,False,True,False,True,True,True,True
IDT,IDT Corporation Class B Common Stock,67.46,74.4,1684845347.0,14222854,47.6,-6.5,2,8,True,False,False,True,True,True,True,True,True,True,True
COP,ConocoPhillips Common Stock,127.3,74.3,155380989534.0,857405891,48.8,-10.1,5,8,True,False,False,True,True,True,True,True,True,True,True
XOM,ExxonMobil Holdings Corporation Common Stock,160.59,74.3,666705405194.0,2292648586,45.5,-9.0,5,8,True,False,False,True,True,True,True,True,True,True,True
BAP,Credicorp Ltd. Common Stock,386.16,74.2,36149371234.0,115839710,67.6,-6.6,5,8,True,False,False,True,True,True,True,True,True,True,True
BOW,Bowhead Specialty Holdings Inc. Common Stock,33.76,74.2,1115779579.0,11764038,59.2,-3.7,3,8,True,False,False,True,True,True,True,True,True,True,True
SAN,"Banco Santander, S.A. Sponsored ADR (Spain)",14.42,74.2,206698836452.0,191288965,49.9,-4.2,5,8,True,False,False,True,True,True,True,True,True,True,True
VECO,Veeco Instruments Inc. - Common Stock,49.67,74.1,2778342138.0,34620723,91.0,-42.7,5,6,False,False,False,True,True,True,False,True,True,False,True
GEF,Greif Inc. Class A Common Stock,82.66,74.1,3823660345.0,26304581,48.3,-8.7,5,7,False,False,False,True,True,True,True,False,True,True,True
IPAR,"Interparfums, Inc. - Common Stock",117.93,74.0,3708265182.0,27751145,52.7,-8.8,3,8,True,False,False,True,True,True,True,True,True,True,True
SRCE,1st Source Corporation - Common Stock,86.09,74.0,2056828759.0,10486714,51.3,-5.9,5,7,False,False,False,True,True,True,True,False,True,True,True
CVX,Chevron Corporation Common Stock,204.45,74.0,406317362498.0,1761744125,39.6,-6.1,5,8,True,False,False,True,True,True,True,True,True,True,True
SDRL,Seadrill Limited Common Shares,45.57,73.9,2906926271.0,28557027,62.2,-17.8,5,7,False,False,False,True,True,True,True,False,True,True,True
VAL,Valaris Limited Common Shares,80.99,73.9,5679154655.0,95187345,73.4,-29.0,5,4,False,False,False,False,True,True,False,False,True,False,True
NGNE,Neurogene Inc. - Common Stock,28.31,73.8,625355688.0,8960743,77.7,-35.2,5,5,False,False,False,False,True,True,True,False,True,False,True
WASH,"Washington Trust Bancorp, Inc. - Common Stock",38.86,73.8,738557709.0,5700975,54.0,-4.1,5,7,False,False,False,True,True,True,True,False,True,True,True
NVTS,Navitas Semiconductor Corporation - Common Stock,12.2,73.7,3091346898.0,157492739,96.1,-64.3,5,5,False,False,False,False,True,True,False,True,True,False,True
DV,"DoubleVerify Holdings, Inc. Common Stock",13.41,73.7,2072174144.0,51417555,75.5,-1.8,2,8,True,False,False,True,True,True,True,True,True,True,True
WAB,Westinghouse Air Brake Technologies Corporation Common Stock,288.0,73.7,49022996286.0,272968417,54.8,-6.1,5,7,False,False,False,True,True,True,True,False,True,True,True
ATLC,Atlanticus Holdings Corporation - Common Stock,92.5,73.6,1386389773.0,14069053,94.7,-19.1,5,7,False,False,False,True,True,True,True,False,True,True,True
RDW,Redwire Corporation Common Stock,11.62,73.6,2899914264.0,163065147,138.6,-56.4,4,6,False,False,False,True,True,True,False,True,True,False,True
NVDA,NVIDIA Corporation - Common Stock,225.07,73.5,5412378000000.0,26275878216,37.0,-4.8,5,8,True,False,False,True,True,True,True,True,True,True,True
DGX,Quest Diagnostics Incorporated Common Stock,236.32,73.5,26113233242.0,245156849,38.1,-5.0,5,8,True,False,False,True,True,True,True,True,True,True,True
INSP,"Inspire Medical Systems, Inc. Common Stock",70.5,73.5,1989322904.0,47390855,81.2,-52.1,0,4,False,False,False,True,False,False,False,True,True,False,True
MLR,"Miller Industries, Inc. Common Stock",54.04,73.4,611201587.0,5278825,51.3,-9.5,5,8,True,False,False,True,True,True,True,True,True,True,True
SMBK,"SmartFinancial, Inc. Common Stock",50.32,73.4,860053192.0,6335439,52.4,-7.1,5,7,False,False,False,True,True,True,True,False,True,True,True
FRSH,Freshworks Inc. - Class A Common Stock,12.54,73.3,3342395089.0,86452039,84.7,-10.4,2,6,False,False,False,True,False,True,False,True,True,True,True
NX,Quanex Building Products Corporation Common Stock,19.74,73.3,883529290.0,8129414,78.8,-15.4,3,7,False,False,False,True,True,True,True,False,True,True,True
BNY,The Bank of New York Mellon Corporation Common Stock,150.15,73.2,101904537087.0,500067769,45.6,-9.5,5,7,False,False,False,True,True,True,True,False,True,True,True
NEU,NewMarket Corp Common Stock,898.04,73.2,8215149480.0,110829388,54.8,-8.5,2,8,True,False,False,True,True,True,True,True,True,True,True
WNC,Wabash National Corporation Common Stock,13.03,73.2,477032296.0,11264958,96.5,-10.0,3,8,True,False,False,True,True,True,True,True,True,True,True
CTBI,"Community Trust Bancorp, Inc. - Common Stock",75.56,73.1,1367865257.0,8288665,50.4,-5.5,5,7,False,False,False,True,True,True,True,False,True,True,True
SLB,SLB Limited Common Shares,51.54,73.1,76329486370.0,676921785,62.9,-14.8,5,6,False,False,False,False,True,True,True,False,True,True,True
DSGN,"Design Therapeutics, Inc. - Common Stock",12.12,73.0,765999408.0,8323176,129.5,-29.7,5,5,False,False,False,False,True,True,True,False,True,False,True
ASH,Ashland Inc. Common Stock,69.06,73.0,3164321867.0,50434868,49.2,-11.7,5,7,False,False,False,True,True,True,True,False,True,True,True
IMNM,"Immunome, Inc. - Common Stock",21.41,72.9,2537324232.0,29268194,114.1,-28.8,5,5,False,False,False,False,True,True,True,False,True,False,True
OSBC,"Old Second Bancorp, Inc. - Common Stock",24.95,72.9,1262735271.0,11199666,49.8,-4.3,5,7,False,False,False,True,True,True,True,False,True,True,True
RGA,"Reinsurance Group of America, Incorporated Common Stock",248.65,72.9,16025681608.0,82079217,39.5,-3.6,5,8,True,False,False,True,True,True,True,True,True,True,True
IBKR,"Interactive Brokers Group, Inc. - Class A Common Stock",89.24,72.8,40695481319.0,387914375,51.4,-9.6,5,7,False,False,False,True,True,True,True,False,True,True,True
KSPI,Joint Stock Company Kaspi.kz - American Depository Shares,95.67,72.8,17568252217.0,56974158,39.5,-13.0,3,8,True,False,False,True,True,True,True,True,True,True,True
TECH,Bio-Techne Corp - Common Stock,72.61,72.7,11380299532.0,223524416,68.1,-0.1,3,6,False,False,False,True,False,True,False,True,True,True,True
CRM,"Salesforce, Inc. Common Stock",234.02,72.7,196055060000.0,3101968582,59.9,-13.0,1,6,False,False,False,True,False,True,False,True,True,True,True
SLF,Sun Life Financial Inc. Common Stock,79.91,72.7,44242908678.0,66307982,39.7,-5.3,5,7,False,False,False,True,True,True,True,False,True,True,True
BATRK,"Atlanta Braves Holdings, Inc. - Series C Common Stock",54.26,72.6,3468916512.0,26058575,43.7,-0.4,5,8,True,False,False,True,True,True,True,True,True,True,True
GILD,"Gilead Sciences, Inc. - Common Stock",150.93,72.6,185608887152.0,873104648,39.2,-4.0,5,8,True,False,False,True,True,True,True,True,True,True,True
BELFB,Bel Fuse Inc. - Class B Common Stock,252.69,72.5,3623724372.0,51530560,94.5,-24.6,5,6,False,False,False,False,True,True,True,False,True,True,True
TRV,"The Travelers Companies, Inc. Common Stock",363.04,72.5,75585502223.0,661389317,43.9,-8.9,5,7,False,False,False,True,True,True,True,False,True,True,True
CCSI,"Consensus Cloud Solutions, Inc. - Common Stock",35.22,72.4,648152491.0,5801592,74.4,-14.9,5,7,False,False,False,True,True,True,True,False,True,True,True
QCOM,QUALCOMM Incorporated - Common Stock,201.97,72.4,204018441493.0,2160819834,65.6,-22.3,1,7,False,False,False,True,True,True,False,True,True,True,True
BXC,Bluelinx Holdings Inc. Common Stock,76.35,72.4,580241219.0,12695429,70.5,-18.6,2,6,False,False,False,True,False,True,False,True,True,True,True
KLAC,KLA Corporation  - Common Stock,187.92,72.3,244179764718.0,1958621019,91.6,-38.9,5,5,False,False,False,False,True,True,True,False,True,False,True
WBD,"Warner Bros. Discovery, Inc. - Series A Common Stock",30.86,72.3,77430090204.0,845393982,80.7,-0.2,5,6,False,False,False,True,False,True,False,True,True,True,True
POWL,"Powell Industries, Inc. - Common Stock",189.53,72.2,6981207914.0,127807432,105.3,-42.2,5,4,False,False,False,False,True,True,False,False,True,False,True
BDX,"Becton, Dickinson and Company Common Stock",183.82,72.2,48819886164.0,321546684,44.1,-4.8,3,8,True,False,False,True,True,True,True,True,True,True,True
ADM,Archer-Daniels-Midland Company Common Stock,81.12,72.1,39462850656.0,319610680,46.0,-8.6,5,7,False,False,False,True,True,True,True,False,True,True,True
GFF,Griffon Corporation Common Stock,98.39,72.1,4372751883.0,32103356,51.3,-9.4,5,8,True,False,False,True,True,True,True,True,True,True,True
IFS,Intercorp Financial Services Inc. Common Shares,56.25,72.1,6121552742.0,13154342,46.9,-8.4,5,7,False,False,False,True,True,True,True,False,True,True,True
BBNX,"Beta Bionics, Inc. - Common Stock",21.51,72.0,1145486939.0,24762072,144.4,-34.2,0,4,False,False,False,True,False,False,False,True,True,False,True
EQH,"Equitable Holdings, Inc. Common Stock",53.84,72.0,14364379610.0,148717148,53.0,-2.2,2,6,False,False,False,True,False,True,False,True,True,True,True
HOOD,"Robinhood Markets, Inc. - Class A Common Stock",119.4,71.9,108627120224.0,2207435329,88.0,-22.4,0,5,False,False,False,True,False,False,False,True,True,True,True
NTCT,"NetScout Systems, Inc. - Common Stock",39.44,71.9,2853761996.0,23569774,56.5,-12.9,5,8,True,False,False,True,True,True,True,True,True,True,True
TRIN,Trinity Capital Inc. Common Stock,17.66,71.9,1656190609.0,17519048,25.0,-6.5,5,6,False,False,False,True,True,True,True,False,False,True,True
JHX,James Hardie Industries plc. Ordinary Shares,26.1,71.8,15151636937.0,264295755,58.6,-17.0,3,7,False,False,False,True,True,True,True,False,True,True,True
WLY,"John Wiley & Sons, Inc. Common Stock",47.55,71.8,2463745837.0,24911508,67.5,-17.2,5,7,False,False,False,True,True,True,True,False,True,True,True
RELY,"Remitly Global, Inc. - Common stock",21.36,71.7,4479234583.0,86408222,76.8,-22.3,5,7,False,False,False,True,True,True,True,False,True,True,True
APH,Amphenol Corporation Common Stock,84.09,71.7,204872531215.0,1006305031,42.5,-5.8,5,8,True,False,False,True,True,True,True,True,True,True,True
CNO,"CNO Financial Group, Inc. Common Stock",53.98,71.6,4951743776.0,47617960,41.2,-6.3,5,7,False,False,False,True,True,True,True,False,True,True,True
LTC,"LTC Properties, Inc. Common Stock",42.94,71.6,2337345212.0,22843587,27.6,-1.5,5,7,False,False,False,True,True,True,True,True,False,True,True
RAMP,"LiveRamp Holdings, Inc. Common Stock",37.5,71.6,2278595925.0,39455585,72.7,-1.9,4,7,False,False,False,True,True,True,True,False,True,True,True
BP,BP p.l.c. Common Stock,44.15,71.5,116262289108.0,390117834,34.9,-8.5,5,8,True,False,False,True,True,True,True,True,True,True,True
SII,Sprott Inc. Common Shares,124.34,71.5,3205392000.0,20513632,61.5,-26.7,5,5,False,False,False,False,True,True,False,True,True,False,True
DBX,"Dropbox, Inc. - Class A Common Stock",32.32,71.4,7371665248.0,146072030,49.0,-15.3,2,7,False,False,False,True,True,True,True,False,True,True,True
WSFS,WSFS Financial Corporation - Common Stock,77.76,71.4,3947771048.0,30556132,55.8,-6.2,5,7,False,False,False,True,True,True,True,False,True,True,True
XP,XP Inc. - Class A Common Stock,20.51,71.4,10635760988.0,102022910,38.6,-11.3,1,6,False,False,False,True,False,True,False,True,True,True,True
NPK,"National Presto Industries, Inc. Common Stock",144.66,71.3,1028307255.0,14250021,58.5,-8.5,5,8,True,False,False,True,True,True,True,True,True,True,True
RS,"Reliance, Inc. Common Stock",387.28,71.3,19695315682.0,135608994,48.8,-10.6,5,7,False,False,False,True,True,True,True,False,True,True,True
GRC,Gorman-Rupp Company (The) Common Stock,74.21,71.2,1971524640.0,14455058,75.4,-20.0,5,6,False,False,False,False,True,True,True,False,True,True,True
HNI,HNI Corporation Common Stock,47.21,71.2,3369446424.0,26896120,63.2,-10.6,2,6,False,False,False,True,False,True,False,True,True,True,True
BMO,Bank Of Montreal Common Stock,172.3,71.1,118902478061.0,137702562,43.8,-8.0,5,7,False,False,False,True,True,True,True,False,True,True,True
CAT,"Caterpillar, Inc. Common Stock",821.58,71.1,370153204367.0,2244358957,78.8,-23.5,5,5,False,False,False,False,True,True,False,False,True,True,True
WEX,WEX Inc. common stock,178.28,71.1,6319753128.0,123468374,42.3,-12.6,2,7,False,False,False,True,True,True,True,False,True,True,True
MEDP,"Medpace Holdings, Inc. - Common Stock",618.88,71.0,17321693976.0,163895220,65.9,-8.7,3,6,False,False,False,True,False,True,False,True,True,True,True
IEX,IDEX Corporation Common Stock,230.08,71.0,16844996236.0,143425444,45.4,-5.6,5,8,True,False,False,True,True,True,True,True,True,True,True
AG,First Majestic Silver Corp. Ordinary Shares (Canada),19.01,70.9,9246923745.0,187703603,86.6,-40.7,5,4,False,False,False,False,False,True,False,True,True,False,True
GRDN,"Guardian Pharmacy Services, Inc. Class A Common Stock",41.21,70.9,2647074884.0,20754418,78.1,-14.7,5,8,True,False,False,True,True,True,True,True,True,True,True
ETN,"Eaton Corporation, PLC Ordinary Shares",439.98,70.8,170896000000.0,886681880,41.1,-8.0,5,8,True,False,False,True,True,True,True,True,True,True,True
KMX,CarMax Inc,57.21,70.8,7998109371.0,127663181,89.1,-12.4,2,7,False,False,False,True,True,True,True,False,True,True,True
LLY,Eli Lilly and Company Common Stock,1183.46,70.8,1112580501553.0,2978480122,66.2,-8.4,5,8,True,False,False,True,True,True,True,True,True,True,True
FCFS,"FirstCash Holdings, Inc. - Common Stock",217.45,70.7,9385657520.0,93566688,48.9,-9.0,5,8,True,False,False,True,True,True,True,True,True,True,True
JCI,Johnson Controls International plc Ordinary Share,150.2,70.7,88050580079.0,476436311,43.7,-4.4,5,8,True,False,False,True,True,True,True,True,True,True,True
BMY,Bristol-Myers Squibb Company Common Stock,62.86,70.6,125626951344.0,696974494,47.8,-8.4,5,7,False,False,False,True,True,True,True,False,True,True,True
SOLV,Solventum Corporation Common Stock,89.5,70.6,15080120152.0,92642939,43.5,-4.9,4,6,False,False,False,True,False,True,False,True,True,True,True
VRT,"Vertiv Holdings, LLC Class A Common Stock",253.28,70.6,94437598837.0,1436767541,89.2,-33.3,5,4,False,False,False,False,True,True,False,False,True,False,True
PEBO,Peoples Bancorp Inc. - Common Stock,39.22,70.5,1404266247.0,11997241,42.7,-7.3,5,7,False,False,False,True,True,True,True,False,True,True,True
FNV,Franco-Nevada Corporation,257.87,70.5,50125974481.0,189477775,42.1,-9.7,2,8,True,False,False,True,True,True,True,True,True,True,True
NTRS,Northern Trust Corporation - Common Stock,175.73,70.4,31925761449.0,195827596,45.1,-10.2,5,7,False,False,False,True,True,True,True,False,True,True,True
NOV,NOV Inc. Common Stock,19.86,70.4,7093914688.0,67758555,61.6,-9.4,5,7,False,False,False,True,True,True,True,False,True,True,True
FIVE,"Five Below, Inc. - Common Stock",222.6,70.3,12242916303.0,268523736,61.6,-15.6,5,7,False,False,False,True,True,True,True,False,True,True,True
BCH,Banco De Chile ADS,42.04,70.3,20961044349.0,12108413,41.5,-10.1,5,8,True,False,False,True,True,True,True,True,True,True,True
RIO,Rio Tinto Plc Common Stock,94.56,70.3,118657965030.0,215976822,46.8,-16.0,5,6,False,False,False,False,True,True,True,False,True,True,True
RGLD,"Royal Gold, Inc. - Common Stock",252.49,70.2,21392936614.0,165425629,49.5,-17.6,5,6,False,False,False,True,False,True,False,True,True,True,True
KO,Coca-Cola Company (The) Common Stock,87.81,70.2,379054588308.0,1385786373,34.4,-5.1,5,8,True,False,False,True,True,True,True,True,True,True,True
ASYS,"Amtech Systems, Inc. - Common Stock",15.78,70.1,269624755.0,5778470,133.8,-38.6,5,5,False,False,False,False,True,True,False,True,True,False,True
AVNT,Avient Corporation Common Stock,41.28,70.1,3740323249.0,31904740,50.2,-11.5,5,8,True,False,False,True,True,True,True,True,True,True,True
MGTX,MeiraGTx Holdings plc - Ordinary Shares,10.91,70.0,1061275106.0,9264032,64.8,-28.9,5,6,False,False,False,True,True,True,True,False,True,False,True
HL,Hecla Mining Company Common Stock,18.19,70.0,12051525652.0,698802445,64.3,-46.8,5,4,False,False,False,False,False,True,False,True,True,False,True
PFE,"Pfizer, Inc. Common Stock",28.67,70.0,161927726663.0,978773339,21.6,-1.8,5,7,False,False,False,True,True,True,True,True,False,True,True
SYNA,Synaptics Incorporated - Common Stock,102.72,69.9,3843019427.0,69610554,76.3,-31.1,5,4,False,False,False,False,True,True,False,True,True,False,False
PRSU,"Pursuit Attractions and Hospitality, Inc. Common Stock",49.28,69.9,1320675668.0,10807888,53.9,-12.8,5,7,False,False,False,True,True,True,True,True,True,True,False
ICUI,"ICU Medical, Inc. - Common Stock",164.95,69.8,4151668449.0,47997680,46.6,-14.5,4,4,False,False,False,True,False,True,False,False,True,True,False
SHOO,"Steven Madden, Ltd. - Common Stock",45.06,69.8,3236622912.0,46299560,43.8,-9.3,5,5,False,False,False,True,False,True,False,True,True,True,False
IMO,Imperial Oil Limited Common Stock,122.86,69.8,60241180010.0,70600456,47.5,-11.9,5,5,False,False,False,False,True,True,True,False,True,True,False
GPRE,"Green Plains, Inc. - Common Stock",14.92,69.7,1052130873.0,24851887,72.5,-24.1,5,4,False,False,False,False,True,True,False,False,True,True,False
FLNG,FLEX LNG Ltd. Ordinary Shares,30.88,69.7,1680650122.0,11419825,28.7,-7.5,5,6,False,False,False,True,True,True,True,True,False,True,False
INTA,"Intapp, Inc. - Common Stock",36.1,69.6,2817905581.0,25093482,89.9,-24.7,0,3,False,False,False,True,False,False,False,False,True,True,False
MTCH,"Match Group, Inc. - Common Stock",40.55,69.6,9365680188.0,131006612,40.7,-9.8,3,7,False,False,False,True,True,True,True,True,True,True,False
COKE,"Coca-Cola Consolidated, Inc. - Common Stock",190.29,69.5,12623918357.0,95516632,67.3,-13.4,5,7,False,False,False,True,True,True,True,True,True,True,False
FLYW,Flywire Corporation - Voting Common Stock,17.4,69.5,2079300549.0,30660520,64.9,-11.8,5,6,False,False,False,True,True,True,True,False,True,True,False
MBWM,Mercantile Bank Corporation - Common Stock,60.03,69.5,1028858494.0,7238151,40.4,-4.6,5,7,False,False,False,True,True,True,True,True,True,True,False
DCOM,"Dime Commercial Bancshares, Inc. Common Stock",40.37,69.4,1775536685.0,12326548,57.5,-3.8,5,6,False,False,False,True,True,True,True,False,True,True,False
PKE,Park Aerospace Corp. Common Stock,30.11,69.4,645140918.0,8979230,65.0,-24.5,5,5,False,False,False,False,True,True,True,False,True,True,False
CRVS,"Corvus Pharmaceuticals, Inc. - Common Stock",11.62,69.3,992627139.0,12450308,84.0,-56.9,5,3,False,False,False,False,True,True,False,False,True,False,False
FBP,First BanCorp. New Common Stock,27.06,69.3,4089982900.0,39907547,41.2,-9.4,5,6,False,False,False,True,True,True,True,False,True,True,False
HOPE,"Hope Bancorp, Inc. - Common Stock",13.83,69.2,1752617990.0,13241686,41.1,-5.2,5,6,False,False,False,True,True,True,True,False,True,True,False
REGN,"Regeneron Pharmaceuticals, Inc. - Common Stock",788.04,69.2,81954229548.0,575718817,45.7,-8.3,5,5,False,False,False,True,False,True,False,True,True,True,False
VVX,"V2X, Inc. Common Stock",75.65,69.2,2388202826.0,59436806,48.7,-19.5,5,6,False,False,False,True,True,True,True,False,True,True,False
ASTH,Astrana Health Inc. - Common Stock,36.37,69.1,1708374365.0,17831413,101.2,-29.5,5,5,False,False,False,True,True,True,True,False,True,False,False
GRPN,"Groupon, Inc. - Common Stock",21.3,69.1,849498033.0,29971902,132.3,-28.8,3,5,False,False,False,True,True,True,True,False,True,False,False
PSMT,"PriceSmart, Inc. - Common Stock",174.73,69.0,5344425546.0,41656278,56.5,-12.6,5,6,False,False,False,True,True,True,True,False,True,True,False
CHE,Chemed Corp,512.16,69.0,6478126170.0,85038127,40.2,-8.1,3,6,False,False,False,True,True,True,True,False,True,True,False
CM,Canadian Imperial Bank of Commerce Common Stock,113.6,69.0,101164472896.0,139608502,44.2,-9.0,5,6,False,False,False,True,True,True,True,False,True,True,False
GEV,GE Vernova Inc. Common Stock,957.63,68.9,254359223198.0,2314248378,80.6,-19.9,5,4,False,False,False,False,True,True,False,False,True,True,False
SA,"Seabridge Gold, Inc. Common Shares New",30.3,68.9,3233979056.0,19849960,42.9,-24.4,5,4,False,False,False,False,False,True,False,True,True,True,False
CCNE,CNB Financial Corporation - Common Stock,34.09,68.8,1004444210.0,5369464,49.5,-5.8,5,6,False,False,False,True,True,True,True,False,True,True,False
PCVX,"Vaxcyte, Inc. - Common Stock",56.21,68.8,8467020318.0,65147296,76.3,-13.5,5,5,False,False,False,False,True,True,True,False,True,True,False
SWBI,"Smith & Wesson Brands, Inc. - Common Stock",14.26,68.7,631342694.0,7521547,75.2,-18.8,5,6,False,False,False,True,True,True,False,True,True,True,False
MGA,"Magna International, Inc. Common Stock",65.0,68.7,16516569408.0,83074448,50.8,-11.2,5,6,False,False,False,True,True,True,True,False,True,True,False
SPNT,SiriusPoint Ltd. Common Shares,25.38,68.7,2997057413.0,19912951,45.9,-4.2,5,7,False,False,False,True,True,True,True,True,True,True,False
NWBI,"Northwest Bancshares, Inc. - Common Stock",15.31,68.6,2223249472.0,15867539,36.1,-5.3,5,6,False,False,False,True,True,True,True,False,True,True,False
OFG,OFG Bancorp Common Stock,51.94,68.6,2186816660.0,14332717,45.4,-4.6,5,6,False,False,False,True,True,True,True,False,True,True,False
BGC,"BGC Group, Inc. - Class A Common Stock",11.84,68.5,5786427573.0,35366887,43.2,-8.1,5,7,False,False,False,True,True,True,True,True,True,True,False
SNEX,StoneX Group Inc. - Common Stock,66.81,68.5,8385275417.0,66813044,83.3,-29.4,5,4,False,False,False,False,True,True,True,False,True,False,False
ZYME,Zymeworks Inc. - Common Stock,26.52,68.5,1902417251.0,16574626,67.7,-15.4,5,7,False,False,False,True,True,True,True,True,True,True,False
BVN,Buenaventura Mining Company Inc.,33.17,68.4,8343468581.0,36375589,58.0,-25.7,5,3,False,False,False,False,True,True,False,False,True,False,False
KNTK,Kinetik Holdings Inc. Class A Common Stock,51.21,68.4,8531399438.0,59409523,63.5,-10.0,5,6,False,False,False,True,True,True,True,False,True,True,False
DNA,"Ginkgo Bioworks Holdings, Inc. Class A Common Stock",10.66,68.3,659487839.0,10104361,98.5,-39.4,0,3,False,False,False,True,False,False,False,True,True,False,False
RCUS,"Arcus Biosciences, Inc. Common Stock",24.97,68.3,3190974403.0,38324804,105.5,-21.3,5,5,False,False,False,False,True,True,True,False,True,True,False
KOD,Kodiak Sciences Inc - Common Stock,32.35,68.2,2087858962.0,25075017,195.7,-32.4,5,4,False,False,False,False,True,True,True,False,True,False,False
MNPR,Monopar Therapeutics Inc. - Common Stock,85.235,68.2,596309360.0,23904132,70.2,-31.7,5,5,False,False,False,True,True,True,True,False,True,False,False
CTS,CTS Corporation Common Stock,59.6,68.2,1701378098.0,12571771,65.4,-14.3,5,6,False,False,False,True,True,True,True,False,True,True,False
IART,Integra LifeSciences Holdings Corporation - Common Stock,16.12,68.1,1235027395.0,14274526,85.3,-21.3,5,6,False,False,False,True,True,True,True,False,True,True,False
SPSC,"SPS Commerce, Inc. - Common Stock",81.3,68.1,2976854388.0,43200583,65.8,-29.2,1,4,False,False,False,True,False,True,False,True,True,False,False
EMR,Emerson Electric Company Common Stock,158.23,68.0,87094892000.0,396773909,29.0,-4.9,4,6,False,False,False,True,True,True,True,True,False,True,False
NIC,Nicolet Bankshares Inc. Common Stock,168.4,68.0,3512060029.0,28047560,47.6,-6.4,5,6,False,False,False,True,True,True,True,False,True,True,False
FMBH,"First Mid Bancshares, Inc. - Common Stock",49.72,67.9,1313868434.0,6594013,45.6,-6.8,5,6,False,False,False,True,True,True,True,False,True,True,False
ON,ON Semiconductor Corporation - Common Stock,77.2,67.9,28478656541.0,755435298,73.2,-42.8,5,3,False,False,False,False,True,True,False,False,True,False,False
DNOW,DNOW Inc. Common Stock,15.93,67.9,2876303526.0,37379973,45.7,-7.7,2,5,False,False,False,True,False,True,False,True,True,True,False
ABM,ABM Industries Incorporated Common Stock,49.78,67.8,2903766888.0,22014611,34.7,-2.9,3,5,False,False,False,True,False,True,False,True,True,True,False
HMC,"Honda Motor Company, Ltd. Common Stock",32.93,67.8,41767388143.0,30941704,41.6,-1.6,2,5,False,False,False,True,False,True,False,True,True,True,False
MTD,"Mettler-Toledo International, Inc. Common Stock",1511.64,67.7,30438538605.0,269178298,47.8,-1.9,0,4,False,False,False,True,False,False,False,True,True,True,False
RY,Royal Bank Of Canada Common Stock,201.98,67.7,276193744901.0,260665607,41.1,-7.6,5,6,False,False,False,True,True,True,True,False,True,True,False
SBH,"Sally Beauty Holdings, Inc. (Name to be changed from Sally Holdings, Inc.) Common Stock",17.18,67.7,1591578964.0,21147065,48.9,-4.1,2,5,False,False,False,True,False,True,False,True,True,True,False
TILE,"Interface, Inc. - Common Stock",35.2,67.6,2033998187.0,17064642,44.3,-13.1,5,6,False,False,False,True,True,True,True,False,True,True,False
AME,"AMETEK, Inc.",250.74,67.6,56797180589.0,328613808,39.9,-4.0,5,7,False,False,False,True,True,True,True,True,True,True,False
GSBC,"Great Southern Bancorp, Inc. - Common Stock",78.91,67.5,859050477.0,7255944,46.8,-4.8,5,6,False,False,False,True,True,True,True,False,True,True,False
DVN,Devon Energy Corporation Common Stock,47.05,67.5,53790000000.0,536676589,49.5,-10.7,5,7,False,False,False,True,True,True,True,True,True,True,False
CGNX,Cognex Corporation - Common Stock,58.66,67.4,9706515683.0,118881784,69.5,-19.5,5,5,False,False,False,False,True,True,True,False,True,True,False
RHP,"Ryman Hospitality Properties, Inc. (REIT)",121.46,67.4,8413899809.0,91466810,44.9,-11.6,5,6,False,False,False,True,True,True,True,False,True,True,False
WELL,Welltower Inc. Common Stock,231.37,67.4,168373228003.0,678607385,41.3,-9.3,5,6,False,False,False,True,True,True,True,False,True,True,False
EHC,Encompass Health Corporation Common Stock,123.47,67.3,12036699382.0,106654910,33.1,-3.5,1,7,False,False,False,True,True,True,True,True,True,True,False
PLGO,Pelagos Insurance Capital Limited Common Shares,23.96,67.3,2075523480.0,11024249,41.3,-9.0,5,6,False,False,False,True,True,True,True,False,True,True,False
SWK,"Stanley Black & Decker, Inc. Common Stock",91.4,67.2,13617170519.0,175235223,47.7,-12.7,5,6,False,False,False,True,True,True,True,False,True,True,False
UNF,Unifirst Corporation Common Stock,259.09,67.2,4663184850.0,66965119,75.5,-15.5,5,5,False,False,False,False,True,True,True,False,True,True,False
STBA,"S&T Bancorp, Inc. - Common Stock",49.82,67.1,1749168403.0,13624944,44.9,-6.9,5,6,False,False,False,True,True,True,True,False,True,True,False
UVSP,Univest Financial Corporation - Common Stock,42.16,67.1,1152600295.0,10554419,50.4,-7.3,5,6,False,False,False,True,True,True,True,False,True,True,False
OXY,Occidental Petroleum Corporation Common Stock,56.86,67.1,58028949387.0,480338730,46.5,-15.7,5,6,False,False,False,True,True,True,True,False,True,True,False
CSX,CSX Corporation - Common Stock,46.78,67.0,86973697353.0,575846316,39.3,-12.7,5,6,False,False,False,True,True,True,True,False,True,True,False
INOD,Innodata Inc. - Common Stock,69.21,67.0,2471081127.0,87178798,102.2,-44.7,1,5,False,False,False,True,True,True,False,True,True,False,False
AVBP,"ArriVent BioPharma, Inc. - Common Stock",28.45,66.9,1484162643.0,15565693,67.4,-20.6,5,5,False,False,False,False,True,True,True,False,True,True,False
PRAA,"PRA Group, Inc. - Common Stock",20.65,66.9,761995641.0,7935951,101.5,-8.4,3,7,False,False,False,True,True,True,True,True,True,True,False
VRTX,Vertex Pharmaceuticals Incorporated - Common Stock,526.19,66.9,132402917479.0,598228297,39.6,-6.1,4,7,False,False,False,True,True,True,True,True,True,True,False
AEM,Agnico Eagle Mines Limited Common Stock,194.48,66.8,98405926292.0,514669079,44.7,-23.8,2,5,False,False,False,True,False,True,False,True,True,True,False
CNMD,CONMED Corporation Common Stock,45.38,66.8,1353197385.0,19954312,44.3,-15.4,2,4,False,False,False,True,False,True,False,False,True,True,False
BUSE,First Busey Corporation - Common Stock,30.09,66.7,2495685030.0,23262610,36.8,-5.1,5,6,False,False,False,True,True,True,True,False,True,True,False
LXFR,Luxfer Holdings PLC Ordinary Shares,17.25,66.7,461596907.0,6998321,53.2,-11.3,5,7,False,False,False,True,True,True,True,True,True,True,False
AIT,"Applied Industrial Technologies, Inc. Common Stock",333.39,66.6,12196387818.0,96015030,39.9,-11.0,5,6,False,False,False,True,True,True,True,False,True,True,False
CLH,"Clean Harbors, Inc. Common Stock",313.04,66.6,16684465475.0,142192260,55.5,-6.8,5,6,False,False,False,True,True,True,True,False,True,True,False
HMY,Harmony Gold Mining Company Limited,18.97,66.6,11774941280.0,69896854,45.6,-27.2,2,4,False,False,False,True,False,True,False,True,True,False,False
TRNS,"Transcat, Inc. - Common Stock",87.73,66.5,808613762.0,10593203,74.7,-12.3,4,6,False,False,False,True,True,True,True,False,True,True,False
BY,"Byline Bancorp, Inc. Common Stock",37.44,66.5,1676868046.0,10374919,46.4,-6.5,5,6,False,False,False,True,True,True,True,False,True,True,False
NVCR,NovoCure Limited - Ordinary Shares,15.84,66.4,1886422608.0,24124204,61.3,-26.2,5,5,False,False,False,True,True,True,True,False,True,False,False
HG,"Hamilton Insurance Group, Ltd. Class B Common Shares",33.29,66.4,2781734938.0,13742305,46.9,-10.8,5,6,False,False,False,True,True,True,True,False,True,True,False
SJM,The J.M. Smucker Company Common Stock,121.0,66.4,12996108444.0,166781994,37.1,-11.0,4,6,False,False,False,True,True,True,True,False,True,True,False
GABC,"German American Bancorp, Inc. - Common Stock",49.5,66.3,1845119473.0,7132876,33.1,-5.2,5,6,False,False,False,True,True,True,True,False,True,True,False
ZGN,Ermenegildo Zegna N.V. Ordinary Shares,12.73,66.3,3345851264.0,14887701,47.3,-20.2,5,6,False,False,False,True,True,True,True,False,True,True,False
TFSL,TFS Financial Corporation - Common Stock,16.72,66.2,4689002864.0,15167160,33.3,-14.2,5,6,False,False,False,True,True,True,True,False,True,True,False
GPN,Global Payments Inc. Common Stock,86.49,66.2,22574594851.0,252067999,41.4,-9.8,2,6,False,False,False,True,True,True,True,False,True,True,False
TARS,"Tarsus Pharmaceuticals, Inc. - Common Stock",75.69,66.1,3554296620.0,54821274,40.5,-17.3,1,5,False,False,False,True,False,True,False,True,True,True,False
PRU,"Prudential Financial, Inc. Common Stock",119.45,66.1,40968750000.0,208347452,30.0,-6.5,4,3,False,False,False,True,False,True,False,False,False,True,False
WOR,"Worthington Enterprises, Inc. Common Shares",62.24,66.1,2951752879.0,18997910,38.3,-7.8,2,7,False,False,False,True,True,True,True,True,True,True,False
CF,"CF Industries Holdings, Inc. Common Stock",114.67,66.0,17924488117.0,316613961,52.0,-19.2,5,5,False,False,False,False,True,True,True,False,True,True,False
WBI,WaterBridge Infrastructure LLC Class A Shares Representing Limited Liability Company Interests,29.8,66.0,3696278897.0,20562953,59.9,-19.2,2,5,False,False,False,False,True,True,True,False,True,True,False
COGT,"Cogent Biosciences, Inc. - Common Stock",32.31,65.9,5453890184.0,68336432,149.1,-26.1,0,1,False,False,False,False,False,False,False,False,True,False,False
DAL,"Delta Air Lines, Inc. Common Stock",84.94,65.9,54424881963.0,488911064,54.4,-11.2,5,7,False,False,False,True,True,True,True,True,True,True,False
NBTB,NBT Bancorp Inc. - Common Stock,51.57,65.8,2656717919.0,17884249,31.6,-5.4,5,6,False,False,False,True,True,True,True,False,True,True,False
SIBN,"SI-BONE, Inc. - Common Stock",18.59,65.8,830040009.0,9974540,61.9,-15.1,3,5,False,False,False,True,False,True,False,True,True,True,False
WABC,Westamerica Bancorporation - Common Stock,60.67,65.8,1383202507.0,11182370,35.0,-4.6,5,7,False,False,False,True,True,True,True,True,True,True,False
CVLT,"Commvault Systems, Inc. - Common Stock",145.54,65.7,6216684600.0,80887710,102.8,-26.1,1,6,False,False,False,True,True,True,True,True,True,False,False
HIW,"Highwoods Properties, Inc. Common Stock",30.09,65.7,3310289392.0,39149084,47.1,-15.1,4,6,False,False,False,True,True,True,True,False,True,True,False
EGBN,"Eagle Bancorp, Inc. - Common Stock",28.54,65.6,863306115.0,7810566,89.9,-2.6,5,7,False,False,False,True,True,True,True,True,True,True,False
ADX,Adams Diversified Equity Fund Inc.,25.98,65.6,,7242102,24.2,-2.2,5,6,False,False,False,True,True,True,True,True,False,True,False
TKR,Timken Company (The) Common Stock,117.45,65.6,8120896562.0,119107021,66.4,-19.8,5,5,False,False,False,False,True,True,True,False,True,True,False
ZS,"Zscaler, Inc. - Common Stock",193.05,65.5,34998060379.0,508206273,68.4,-42.7,0,3,False,False,False,True,False,False,False,True,True,False,False
UNFI,"United Natural Foods, Inc. Common Stock",45.85,65.5,2783633427.0,26526285,55.2,-19.6,5,5,False,False,False,False,True,True,True,False,True,True,False
ANDE,"The Andersons, Inc. - Common Stock",66.97,65.4,2269228320.0,24987584,71.0,-18.4,5,4,False,False,False,False,True,True,False,False,True,True,False
CATY,Cathay General Bancorp - Common Stock,61.45,65.4,4078215817.0,29057235,37.9,-5.8,5,6,False,False,False,True,True,True,True,False,True,True,False
CLF,Cleveland-Cliffs Inc. Common Stock,12.18,65.3,7131750588.0,218780192,57.6,-27.1,1,4,False,False,False,True,False,True,False,True,True,False,False
CNI,Canadian National Railway Company Common Stock,120.93,65.3,72443672000.0,180514650,33.3,-8.1,5,6,False,False,False,True,True,True,True,False,True,True,False
WTS,"Watts Water Technologies, Inc. Class A Common Stock",357.79,65.3,11830952920.0,70524578,37.6,-9.3,5,6,False,False,False,True,True,True,True,False,True,True,False
ABNB,"Airbnb, Inc. - Class A Common Stock",157.47,65.2,90650164398.0,848115073,42.1,-18.6,5,6,False,False,False,True,True,True,True,False,True,True,False
BAX,Baxter International Inc. Common Stock,23.37,65.2,12139066057.0,168858397,48.6,-22.1,2,6,False,False,False,True,True,True,True,False,True,True,False
PCTY,Paylocity Holding Corporation - Common Stock,143.35,65.1,7621102165.0,102244225,54.2,-13.2,1,4,False,False,False,True,False,True,False,False,True,True,False
LH,Labcorp Holdings Inc. Common Stock,309.64,65.1,25055845000.0,242084406,26.6,-9.4,3,5,False,False,False,True,True,True,True,False,False,True,False
SEZL,Sezzle Inc. - Common Stock,111.38,65.0,3696843037.0,81987692,125.0,-43.1,4,4,False,False,False,False,True,True,True,False,True,False,False
ABBV,AbbVie Inc. Common Stock,264.34,65.0,468498134599.0,1207185380,38.6,-1.9,5,7,False,False,False,True,True,True,True,True,True,True,False
BSAC,Banco Santander - Chile ADS,34.37,65.0,15914275408.0,9915701,32.9,-8.9,5,6,False,False,False,True,True,True,True,False,True,True,False
NTR,Nutrien Ltd. Common Shares,72.23,64.9,35645926753.0,190498119,36.2,-15.4,5,6,False,False,False,True,True,True,True,False,True,True,False
SIG,Signet Jewelers Limited Common Shares,102.26,64.9,3850882922.0,80739752,42.8,-7.2,0,4,False,False,False,True,False,False,False,True,True,True,False
CRVL,CorVel Corp. - Common Stock,74.33,64.8,3724586780.0,12549882,65.8,-6.7,0,4,False,False,False,True,False,False,False,True,True,True,False
COLD,"Americold Realty Trust, Inc. Common Stock",14.74,64.8,4099500712.0,53619377,45.9,-12.7,4,7,False,False,False,True,True,True,True,True,True,True,False
THG,Hanover Insurance Group Inc,217.44,64.8,7588370763.0,68780797,30.6,-7.9,5,6,False,False,False,True,True,True,True,False,True,True,False
HSTM,"HealthStream, Inc. - Common Stock",29.1,64.7,883303258.0,5657754,49.2,-6.5,2,7,False,False,False,True,True,True,True,True,True,True,False
USPH,"U.S. Physical Therapy, Inc. Common Stock",84.84,64.7,1249925184.0,16069764,45.8,-9.3,1,5,False,False,False,True,False,True,False,True,True,True,False
THFF,First Financial Corporation  - Common Stock,75.56,64.6,894508417.0,8367368,47.5,-10.2,5,6,False,False,False,True,True,True,True,False,True,True,False
ELV,"Elevance Health, Inc. Common Stock",396.09,64.6,86368194743.0,440831022,44.1,-9.2,5,7,False,False,False,True,True,True,True,True,True,True,False
HST,"Host Hotels & Resorts, Inc. - Common Stock",22.42,64.5,15216612902.0,207997770,43.6,-12.8,5,6,False,False,False,True,True,True,True,False,True,True,False
HTO,H2O America  - Common Stock,62.27,64.5,2602656073.0,26409245,42.3,-7.2,5,6,False,False,False,True,True,True,True,False,True,True,False
MKTX,"MarketAxess Holdings, Inc. - Common Stock",164.19,64.5,5763539759.0,186700511,51.0,-16.2,0,4,False,False,False,True,False,False,False,True,True,True,False
GCMG,GCM Grosvenor Inc. - Class A Common Stock,13.04,64.4,2561264223.0,6681056,40.2,-12.3,3,6,False,False,False,True,True,True,True,False,True,True,False
GCO,Genesco Inc. Common Stock,34.54,64.4,372754236.0,7498774,57.5,-20.8,5,6,False,False,False,True,True,True,True,False,True,True,False
MLKN,"MillerKnoll, Inc. - Common Stock",20.06,64.3,1368475284.0,14771074,45.7,-18.8,3,4,False,False,False,True,False,True,False,False,True,True,False
PLUS,ePlus inc. - Common Stock,90.51,64.3,2378402505.0,21566420,30.7,-7.8,5,5,False,False,False,True,False,True,False,True,True,True,False
AKAM,"Akamai Technologies, Inc. - Common Stock",113.94,64.2,15867750800.0,467096279,60.9,-31.1,5,4,False,False,False,False,True,True,False,True,True,False,False
BPOP,"Popular, Inc. - Common Stock",160.48,64.2,10178410975.0,82234735,47.6,-10.5,5,6,False,False,False,True,True,True,True,False,True,True,False
GOOGL,Alphabet Inc. - Class A Common Stock,343.92,64.2,4187062800000.0,9505793066,45.8,-15.8,5,6,False,False,False,True,True,True,True,False,True,True,False
ALKS,Alkermes plc - Ordinary Shares,40.85,64.1,6843063865.0,83200276,51.4,-26.6,5,4,False,False,False,False,True,True,True,False,True,False,False
MMSI,"Merit Medical Systems, Inc. - Common Stock",87.5,64.1,5212719666.0,72158693,46.5,-7.7,2,5,False,False,False,True,False,True,False,True,True,True,False
QCRH,"QCR Holdings, Inc. - Common Stock",100.92,64.0,1644439158.0,12422501,51.4,-6.7,5,6,False,False,False,True,True,True,True,False,True,True,False
FCF,First Commonwealth Financial Corporation Common Stock,20.91,64.0,2116111070.0,18606491,39.4,-6.4,5,6,False,False,False,True,True,True,True,False,True,True,False
VG,"Venture Global, Inc. Class A common stock",12.62,64.0,33076228419.0,212688504,120.6,-28.4,2,4,False,False,False,False,True,True,True,False,True,False,False
CFR,"Cullen/Frost Bankers, Inc. Common Stock",157.42,63.9,9708261705.0,92872434,32.3,-7.8,5,6,False,False,False,True,True,True,True,False,True,True,False
TPC,Tutor Perini Corporation Common Stock,83.97,63.9,4380058828.0,63148352,45.0,-17.9,5,6,False,False,False,True,True,True,True,False,True,True,False
SFNC,Simmons First National Corporation - Common Stock,23.23,63.8,3332487974.0,31809608,36.6,-4.5,5,7,False,False,False,True,True,True,True,True,True,True,False
KWR,Quaker Houghton Common Stock,163.45,63.8,2744112238.0,24055870,45.7,-10.7,5,5,False,False,False,True,False,True,False,True,True,True,False
ADEA,Adeia Inc.  - Common Stock,25.48,63.7,2758106552.0,27066329,119.5,-25.8,5,3,False,False,False,False,True,True,False,False,True,False,False
HAFC,Hanmi Financial Corporation - Common Stock,32.1,63.7,943735787.0,7696459,40.5,-4.2,5,7,False,False,False,True,True,True,True,True,True,True,False
CTO,"CTO Realty Growth, Inc. Common Stock",20.72,63.7,770326080.0,8159790,37.5,-8.8,5,6,False,False,False,True,True,True,True,False,True,True,False
BWA,BorgWarner Inc. Common Stock,61.32,63.6,11910408382.0,141840467,51.4,-22.2,5,5,False,False,False,False,True,True,True,False,True,True,False
STVN,Stevanato Group S.p.A. Ordinary Shares,21.13,63.6,5836818978.0,8348142,63.9,-24.5,0,4,False,False,False,True,False,False,False,True,True,True,False
EL,"Estee Lauder Companies, Inc. (The) Common Stock",94.47,63.5,34504729335.0,292204724,42.7,-22.3,1,5,False,False,False,True,False,True,False,True,True,True,False
INGM,Ingram Micro Holding Corporation Common Stock,26.98,63.5,6077941170.0,43243579,41.8,-14.9,5,6,False,False,False,True,True,True,True,False,True,True,False
XPRO,Expro Ltd Ordinary Shares,16.33,63.5,1895969132.0,14762433,40.8,-15.1,5,5,False,False,False,False,True,True,True,False,True,True,False
EOG,"EOG Resources, Inc. Common Stock",140.35,63.4,74934238083.0,444129183,38.2,-9.0,5,6,False,False,False,True,True,True,True,False,True,True,False
NPO,Enpro Inc. Common Stock,311.43,63.4,6587170650.0,56511114,54.2,-20.2,5,6,False,False,False,True,True,True,True,False,True,True,False
JBL,Jabil Inc. Common Stock,316.74,63.3,32556300681.0,336083181,67.1,-26.2,5,3,False,False,False,False,True,True,False,False,True,False,False
PSO,"Pearson, Plc Common Stock",16.13,63.3,9639552686.0,11198213,34.2,-9.1,5,6,False,False,False,True,True,True,True,False,True,True,False
GOOG,Alphabet Inc. - Class C Capital Stock,341.08,63.2,4146092300000.0,6292412211,44.1,-15.7,5,5,False,False,False,False,True,True,True,False,True,True,False
B,Barrick Mining Corporation Common Shares,42.88,63.2,69653828612.0,418084093,41.3,-21.6,5,5,False,False,False,True,False,True,False,True,True,True,False
BOX,"Box, Inc. Class A Common Stock",31.39,63.2,4434328983.0,96739476,47.1,-13.6,1,6,False,False,False,True,True,True,True,False,True,True,False
UBSI,"United Bankshares, Inc. - Common Stock",46.86,63.1,6337970929.0,46308540,37.4,-5.6,5,6,False,False,False,True,True,True,True,False,True,True,False
UNM,Unum Group Common Stock,92.09,63.1,14423332366.0,151630518,33.4,-4.8,5,7,False,False,False,True,True,True,True,True,True,True,False
AMKR,"Amkor Technology, Inc. - Common Stock",53.61,63.0,13090960750.0,256789239,91.3,-44.5,5,4,False,False,False,False,True,True,False,True,True,False,False
LNG,"Cheniere Energy, Inc. Common Stock",268.54,63.0,57061257172.0,507597177,44.2,-10.8,5,6,False,False,False,True,True,True,True,False,True,True,False
ARWR,"Arrowhead Pharmaceuticals, Inc. - Common Stock",65.92,62.9,9332682635.0,149624926,109.6,-31.0,5,4,False,False,False,False,True,True,True,False,True,False,False
AXSM,"Axsome Therapeutics, Inc. - Common Stock",195.09,62.9,10268211753.0,141202981,69.2,-25.0,5,4,False,False,False,False,True,True,True,False,True,False,False
PM,Philip Morris International Inc Common Stock,190.48,62.9,298474473569.0,903494588,34.0,-8.3,5,7,False,False,False,True,True,True,True,True,True,True,False
DDS,"Dillard's, Inc. Common Stock",664.07,62.8,10180601967.0,98856931,32.0,-10.5,2,5,False,False,False,True,False,True,False,True,True,True,False
UBS,UBS Group AG Registered Ordinary Shares,49.67,62.8,150392472651.0,98407429,36.9,-11.3,5,6,False,False,False,True,True,True,True,False,True,True,False
FFBC,First Financial Bancorp. - Common Stock,32.4,62.7,3318016515.0,31008927,40.5,-10.6,5,6,False,False,False,True,True,True,True,False,True,True,False
CDE,"Coeur Mining, Inc. Common Stock",19.22,62.7,19469088862.0,686530812,41.8,-30.8,1,3,False,False,False,False,False,True,False,True,True,False,False
URI,"United Rentals, Inc. Common Stock",1047.0601,62.7,63591283737.0,498747300,49.2,-11.2,5,6,False,False,False,True,True,True,True,False,True,True,False
ITIC,Investors Title Company - Common Stock,286.06,62.6,542307971.0,18547797,36.4,-7.6,5,6,False,False,False,True,True,True,True,False,True,True,False
RXO,"RXO, Inc. Common Stock",19.79,62.6,3286977731.0,39810069,89.8,-33.8,5,4,False,False,False,False,True,True,True,False,True,False,False
AMPH,"Amphastar Pharmaceuticals, Inc. - Common Stock",26.13,62.5,1117471789.0,10290312,56.9,-11.5,0,4,False,False,False,True,False,False,False,True,True,True,False
BLSH,Bullish Ordinary Shares,37.58,62.5,6336160101.0,48614174,82.9,-46.7,0,3,False,False,False,True,False,False,False,True,True,False,False
FTDR,"Frontdoor, Inc. - Common Stock",73.99,62.4,4952051554.0,42200811,52.7,-20.8,5,6,False,False,False,True,True,True,True,False,True,True,False
LIVN,LivaNova PLC - Ordinary Shares,76.63,62.4,4156254168.0,51894288,57.0,-10.6,5,6,False,False,False,True,True,True,True,False,True,True,False
FDS,FactSet Research Systems Inc. Common Stock,273.08,62.4,9647153539.0,243429214,47.6,-14.8,2,4,False,False,False,True,False,True,False,False,True,True,False
SHC,Sotera Health Company - Common Stock,18.34,62.3,5265164968.0,47737246,40.1,-7.6,5,4,False,False,False,True,False,True,False,False,True,True,False
PAY,"Paymentus Holdings, Inc. Class A Common Stock",30.17,62.3,3897832075.0,44200054,50.0,-33.4,0,2,False,False,False,True,False,False,False,False,True,False,False
EBAY,eBay Inc. - Common Stock,107.9,62.2,47984350000.0,514098323,38.3,-9.6,5,7,False,False,False,True,True,True,True,True,True,True,False
PNRG,PrimeEnergy Resources Corporation - Common Stock,208.67,62.2,333691210.0,19161402,65.1,-25.2,5,5,False,False,False,True,True,True,False,True,True,False,False
DHR,Danaher Corporation Common Stock,224.49,62.1,157307189304.0,987928378,39.5,-7.5,0,4,False,False,False,True,False,False,False,True,True,True,False
IOT,Samsara Inc. Class A Common Stock,37.96,62.1,23025996818.0,245165942,62.4,-20.0,2,6,False,False,False,True,True,True,True,False,True,True,False
NTB,Bank of N.T. Butterfield & Son Limited (The) Voting Ordinary Shares,58.95,62.1,2346400000.0,10510876,45.2,-8.1,5,6,False,False,False,True,True,True,True,False,True,True,False
DOC,"Healthpeak Properties, Inc. Common Stock",20.31,62.0,13976717560.0,113571285,29.4,-11.5,5,5,False,False,False,True,True,True,True,False,False,True,False
DVA,DaVita Inc. Common Stock,178.47,62.0,11143946000.0,160591027,76.7,-27.9,5,4,False,False,False,False,True,True,True,False,True,False,False
ARQT,"Arcutis Biotherapeutics, Inc. - Common stock",26.92,61.9,3301927815.0,58807787,62.5,-15.3,0,4,False,False,False,True,False,False,False,True,True,True,False
NOW,"ServiceNow, Inc. Common Stock",135.62,61.9,142464520000.0,2343302230,66.9,-29.7,0,3,False,False,False,True,False,False,False,True,True,False,False
SAP,SAP  SE ADS,210.68,61.9,256892519954.0,519319640,45.3,-25.1,0,3,False,False,False,True,False,False,False,True,True,False,False
CHCO,City Holding Company - Common Stock,141.97,61.8,1967586464.0,17158521,25.4,-4.7,5,5,False,False,False,True,True,True,True,False,False,True,False
ICLR,ICON plc - Ordinary Shares,172.33,61.8,13315057818.0,139580084,158.9,-15.5,0,4,False,False,False,True,False,False,False,True,True,True,False
ACT,"Enact Holdings, Inc. - Common Stock",46.97,61.7,6496103455.0,19326797,35.6,-7.1,5,6,False,False,False,True,True,True,True,False,True,True,False
ST,Sensata Technologies Holding plc Ordinary Shares,42.19,61.7,5975702494.0,67195816,49.8,-21.7,5,5,False,False,False,False,True,True,True,False,True,True,False
ADP,"Automatic Data Processing, Inc. - Common Stock",263.67,61.6,104523798732.0,625262203,40.1,-10.4,2,4,False,False,False,True,False,True,False,False,True,True,False
CWBC,Community West Bancshares - Common Stock,26.77,61.6,715175216.0,5864025,35.3,-5.0,5,7,False,False,False,True,True,True,True,True,True,True,False
KNX,Knight-Swift Transportation Holdings Inc.,63.67,61.6,10660518000.0,252727862,64.8,-23.2,5,5,False,False,False,False,True,True,True,False,True,True,False
ESLT,Elbit Systems Ltd. - Ordinary Shares,735.0,61.5,34403587919.0,59343094,62.3,-27.7,5,3,False,False,False,False,True,True,False,False,True,False,False
WSM,"Williams-Sonoma, Inc. Common Stock (DE)",231.9,61.5,26931385698.0,249601348,40.1,-9.0,5,6,False,False,False,True,True,True,True,False,True,True,False
BFC,Bank First Corporation - Common Stock,152.13,61.4,1666388444.0,12152639,27.8,-4.4,5,6,False,False,False,True,True,True,True,True,False,True,False
BFST,"Business First Bancshares, Inc. - Common Stock",30.86,61.4,997002916.0,6872261,36.8,-5.1,5,6,False,False,False,True,True,True,True,False,True,True,False
TRVI,"Trevi Therapeutics, Inc. - Common Stock",14.41,61.3,2090832967.0,30106388,74.9,-28.7,5,4,False,False,False,False,True,True,True,False,True,False,False
MANU,Manchester United Ltd. Class A Ordinary Shares,20.4,61.3,3610660307.0,7167487,37.4,-16.6,5,6,False,False,False,True,True,True,True,False,True,True,False
RGR,"Sturm, Ruger & Company, Inc. Common Stock",42.81,61.3,669488926.0,6008640,51.1,-11.2,1,6,False,False,False,True,True,True,False,True,True,True,False
SNDA,"Sonida Senior Living, Inc. Common Stock",37.71,61.2,1804202025.0,18106759,51.1,-15.0,5,6,False,False,False,True,True,True,True,False,True,True,False
WK,Workiva Inc. Class A Common Stock,69.64,61.2,3889690562.0,58649332,60.7,-28.3,0,3,False,False,False,True,False,False,False,True,True,False,False
CMCO,Columbus McKinnon Corporation - Common Stock,16.83,61.1,462693831.0,10139647,40.4,-31.0,2,3,False,False,False,True,False,True,False,False,True,False,False
FANG,"Diamondback Energy, Inc. - Common Stock",186.67,61.1,52927402961.0,480156988,36.2,-13.9,5,5,False,False,False,False,True,True,True,False,True,True,False
RUSHA,"Rush Enterprises, Inc. - Class A Common Stock",47.97,61.1,5600722529.0,34141863,57.6,-13.9,5,5,False,False,False,False,True,True,True,False,True,True,False
CAMT,Camtek Ltd. - Ordinary Shares,147.05,61.0,6755133848.0,65418248,60.0,-31.9,5,3,False,False,False,False,True,True,False,False,True,False,False
OGC,OceanaGold Corporation Common Shares,28.13,61.0,6278104644.0,16534756,43.9,-35.1,5,3,False,False,False,False,False,True,False,True,True,False,False
STRL,"Sterling Infrastructure, Inc. - Common Stock",512.29,60.9,15713933467.0,367940168,81.9,-49.1,5,3,False,False,False,False,True,True,False,False,True,False,False
GM,General Motors Company Common Stock,82.63,60.9,70696270658.0,575859469,52.1,-10.0,5,4,False,False,False,True,False,True,False,False,True,True,False
HSIC,"Henry Schein, Inc. - Common Stock",86.37,60.8,9532022737.0,103512904,39.4,-6.3,5,6,False,False,False,True,True,True,True,False,True,True,False
VRSN,"VeriSign, Inc. - Common Stock",287.25,60.8,26356764000.0,224848302,37.5,-8.1,2,6,False,False,False,True,True,True,True,False,True,True,False
RNR,RenaissanceRe Holdings Ltd. Common Stock,325.6,60.8,13729576485.0,96364533,40.8,-4.3,5,7,False,False,False,True,True,True,True,True,True,True,False
IDYA,"IDEAYA Biosciences, Inc. - Common Stock",36.69,60.7,3545023642.0,29664228,44.7,-14.0,5,4,False,False,False,True,False,True,False,False,True,True,False
UNP,Union Pacific Corporation Common Stock,273.79,60.7,162818271737.0,801767423,27.0,-13.4,5,5,False,False,False,True,True,True,True,False,False,True,False
PHVS,Pharvaris N.V. - Ordinary Shares,32.02,60.6,2298296284.0,27470358,55.1,-26.0,5,5,False,False,False,True,True,True,True,False,True,False,False
EDU,"New Oriental Education & Technology Group, Inc. Sponsored ADR representing 10 Ordinary Share (Cayman Islands)",56.47,60.6,8849088426.0,44593915,27.6,-13.1,1,4,False,False,False,True,False,True,False,True,False,True,False
MAC,Macerich Company (The) Common Stock,22.64,60.6,6419784250.0,81268371,41.2,-15.1,5,6,False,False,False,True,True,True,True,False,True,True,False
SFST,"Southern First Bancshares, Inc. - Common Stock",60.62,60.5,569820781.0,6519742,48.2,-6.9,5,6,False,False,False,True,True,True,True,False,True,True,False
SHO,"Sunstone Hotel Investors, Inc. Sunstone Hotel Investors, Inc. Common Shares",11.19,60.5,2071415503.0,25504610,28.8,-7.3,5,5,False,False,False,True,True,True,True,False,False,True,False
FMNB,Farmers National Banc Corp. - Common Stock,15.43,60.4,908857754.0,6321526,27.3,-6.3,5,5,False,False,False,True,True,True,True,False,False,True,False
C,"Citigroup, Inc. Common Stock",134.28,60.4,221589399034.0,1293573826,43.4,-9.2,5,7,False,False,False,True,True,True,True,True,True,True,False
ALRM,"Alarm.com Holdings, Inc. - Common Stock",53.38,60.3,2623381784.0,22631047,28.7,-8.2,2,3,False,False,False,True,False,True,False,False,False,True,False
FBNC,First Bancorp - Common Stock,63.5,60.3,2598301079.0,13750539,38.2,-4.9,5,6,False,False,False,True,True,True,True,False,True,True,False
ITT,ITT Inc. Common Stock ,206.26,60.3,19128918000.0,175380038,23.5,-10.4,5,6,False,False,False,True,True,True,True,True,False,True,False
CVBF,CVB Financial Corporation - Common Stock,22.53,60.2,3924742801.0,29415691,25.5,-3.8,5,5,False,False,False,True,True,True,True,False,False,True,False
PRGS,Progress Software Corporation - Common Stock,39.34,60.2,1649950657.0,20924654,65.2,-17.0,1,4,False,False,False,True,False,True,False,False,True,True,False
FAST,Fastenal Company - Common Stock,50.43,60.1,58212551878.0,350539344,29.4,-4.7,2,6,False,False,False,True,True,True,True,True,False,True,False
AIZ,"Assurant, Inc. Common Stock",265.0,60.1,12915921627.0,106332861,28.6,-12.8,5,5,False,False,False,True,True,True,True,False,False,True,False
GLBE,Global-E Online Ltd. - ordinary shares,40.17,60.0,6850191613.0,59638317,49.6,-8.7,3,5,False,False,False,True,False,True,False,True,True,True,False
SYBT,"Stock Yards Bancorp, Inc. - Common Stock",78.57,60.0,2425062153.0,13578385,27.7,-11.9,3,5,False,False,False,True,True,True,True,False,False,True,False
TTC,Toro Company (The) Common Stock,97.15,60.0,9167201526.0,72863543,43.6,-7.6,5,7,False,False,False,True,True,True,True,True,True,True,False
BELFA,Bel Fuse Inc. - Class A Common Stock,203.1,59.9,2933374268.0,29340021,83.5,-30.8,5,3,False,False,False,False,True,True,False,False,True,False,False
CVLG,"Covenant Logistics Group, Inc. Class A Common Stock",32.47,59.9,841527118.0,8120658,80.4,-34.9,5,4,False,False,False,False,True,True,True,False,True,False,False
WSBC,"WesBanco, Inc. - Common Stock",38.66,59.8,3684704255.0,38703191,30.7,-10.1,5,6,False,False,False,True,True,True,True,False,True,True,False
HCC,"Warrior Met Coal, Inc. Common Stock",89.51,59.8,4696745639.0,59439043,44.7,-19.7,5,3,False,False,False,False,False,True,False,False,True,True,False
VOYG,"Voyager Technologies, Inc. Class A Common Stock",31.35,59.8,1927197274.0,62767313,80.1,-40.2,2,4,False,False,False,False,True,True,True,False,True,False,False
CTAS,Cintas Corporation - Common Stock,199.91,59.7,78976474501.0,426064117,24.0,-8.8,2,3,False,False,False,True,False,True,False,False,False,True,False
ITRN,Ituran Location and Control Ltd. - Ordinary Shares,51.69,59.7,1032078930.0,7020823,52.1,-24.3,5,4,False,False,False,False,True,True,False,False,True,True,False
NBN,Northeast Bank - Common Stock,130.24,59.6,1055030100.0,15060816,61.3,-8.5,5,6,False,False,False,True,True,True,True,False,True,True,False
CNNE,"Cannae Holdings, Inc. Common Stock",15.74,59.6,673601745.0,7613585,50.5,-17.2,0,4,False,False,False,True,False,False,False,True,True,True,False
AMBA,"Ambarella, Inc. - Ordinary Shares",72.68,59.5,3083688234.0,129067625,50.5,-24.8,0,4,False,False,False,True,False,False,False,True,True,True,False
NBBK,"NB Bancorp, Inc. - Common Stock",22.6,59.5,985916025.0,7382709,34.2,-3.7,5,7,False,False,False,True,True,True,True,True,True,True,False
SMBC,"Southern Missouri Bancorp, Inc. - Common Stock",72.26,59.5,795268877.0,7173191,51.8,-9.5,5,6,False,False,False,True,True,True,True,False,True,True,False
NOVT,Novanta Inc. - Common Shares,143.93,59.4,5352348988.0,57619556,46.5,-18.4,5,6,False,False,False,True,True,True,True,False,True,True,False
FDX,FedEx Corporation Common Stock,285.85,59.4,66158853400.0,492746230,57.9,-17.2,5,5,False,False,False,False,True,True,True,False,True,True,False
KDP,Keurig Dr Pepper Inc. - Common Stock,31.95,59.3,42022308053.0,342556232,28.4,-5.5,3,6,False,False,False,True,True,True,True,True,False,True,False
GRND,Grindr Inc. Common Stock,15.77,59.3,2758533350.0,23943151,62.0,-14.8,2,6,False,False,False,True,True,True,True,False,True,True,False
FSBC,Five Star Bancorp - Common Stock,43.83,59.2,1065625146.0,9488095,42.9,-12.8,5,6,False,False,False,True,True,True,True,False,True,True,False
GO,Grocery Outlet Holding Corp. - Common Stock,11.07,59.2,1119654760.0,27262666,95.8,-34.8,1,4,False,False,False,True,False,True,False,True,True,False,False
DXYZ,Destiny Tech100 Inc. Common Stock,30.62,59.2,,32579625,55.3,-58.0,2,4,False,False,False,False,True,True,False,True,True,False,False
PTRN,Pattern Group Inc. - Series A Common Stock,17.02,59.1,3182539657.0,36654970,90.8,-42.9,2,4,False,False,False,False,True,True,True,False,True,False,False
SNDR,"Schneider National, Inc. Common Stock",31.25,59.1,5546520444.0,26286043,55.4,-20.4,5,5,False,False,False,False,True,True,True,False,True,True,False
FULT,Fulton Financial Corporation - Common Stock,23.23,59.0,4400580677.0,39799137,39.9,-7.9,5,6,False,False,False,True,True,True,True,False,True,True,False
AGRO,Adecoagro S.A. Common Shares,10.43,59.0,1533998994.0,8714771,51.4,-34.4,5,3,False,False,False,False,True,True,False,False,True,False,False
DBRG,"DigitalBridge Group, Inc.",15.98,59.0,2996174590.0,71279614,78.7,-0.1,5,7,False,False,False,True,True,True,True,True,True,True,False
CTRN,"Citi Trends, Inc. - Common Stock",49.03,58.9,417556111.0,10914452,65.6,-37.1,5,4,False,False,False,False,True,True,True,False,True,False,False
XHR,"Xenia Hotels & Resorts, Inc. Common Stock",18.17,58.9,1653967822.0,14726508,54.6,-17.6,5,6,False,False,False,True,True,True,True,False,True,True,False
JBHT,"J.B. Hunt Transport Services, Inc. - Common Stock",225.46,58.8,21520608272.0,267792327,73.3,-24.8,5,5,False,False,False,False,True,True,True,False,True,True,False
CSTM,Constellium SE Ordinary Shares (France),24.89,58.8,3338047941.0,42447891,73.0,-32.7,5,3,False,False,False,False,True,True,False,False,True,False,False
NDAQ,"Nasdaq, Inc. - Common Stock",93.55,58.7,52851310523.0,294412519,22.2,-8.1,2,3,False,False,False,True,False,True,False,False,False,True,False
VOR,Vor Biopharma Inc. - Common Stock,18.52,58.7,1090952701.0,21429440,184.9,-62.9,1,5,False,False,False,True,True,True,True,False,True,False,False
BUD,Anheuser-Busch Inbev SA Sponsored ADR (Belgium),78.0,58.7,152682541041.0,168845926,33.5,-9.9,5,6,False,False,False,True,True,True,True,False,True,True,False
EQIX,"Equinix, Inc. - Common Stock",1008.08,58.6,102101513805.0,588444162,39.9,-10.7,5,5,False,False,False,False,True,True,True,False,True,True,False
ESQ,"Esquire Financial Holdings, Inc. - Common Stock",122.28,58.6,1490921488.0,21427281,32.8,-9.3,5,7,False,False,False,True,True,True,True,True,True,True,False
CPF,Central Pacific Financial Corp New,36.85,58.5,948535395.0,6311027,34.6,-10.1,5,6,False,False,False,True,True,True,True,False,True,True,False
HRB,"H&R Block, Inc. Common Stock",42.19,58.5,5252360936.0,103169945,49.8,-28.1,1,3,False,False,False,True,False,True,False,False,True,False,False
W,Wayfair Inc. Class A Common Stock,98.15,58.5,13377671397.0,301005032,76.5,-18.2,0,3,False,False,False,True,False,False,False,False,True,True,False
AMZN,"Amazon.com, Inc. - Common Stock",249.67,58.4,2689890878585.0,10259874484,27.4,-13.1,5,5,False,False,False,True,True,True,True,False,False,True,False
EFOR,"Everforth, Inc. Common Stock",33.12,58.4,1329630000.0,24430955,96.0,-39.7,0,2,False,False,False,False,False,False,False,True,True,False,False
IDCC,"InterDigital, Inc. - Common Stock",334.21,58.3,8465144476.0,72123364,34.1,-19.0,0,4,False,False,False,True,False,False,False,True,True,True,False
NATL,NCR Atleos Corporation Common Stock,46.08,58.3,3393347209.0,30863875,38.3,-5.0,5,6,False,False,False,True,True,True,True,False,True,True,False
GPC,Genuine Parts Company Common Stock,129.61,58.2,17819752319.0,159163512,42.8,-14.5,2,4,False,False,False,True,False,True,False,False,True,True,False
MUSA,Murphy USA Inc. Common Stock,511.54,58.2,9544546590.0,156862459,46.2,-19.6,5,5,False,False,False,False,True,True,True,False,True,True,False
REX,REX American Resources Corporation,42.84,58.2,1435841699.0,8230121,41.4,-19.7,5,4,False,False,False,False,True,True,False,False,True,True,False
EWBC,"East West Bancorp, Inc. - Common Stock",127.23,58.1,17211429351.0,96899353,37.3,-7.4,5,6,False,False,False,True,True,True,True,False,True,True,False
GWW,"W.W. Grainger, Inc. Common Stock",1243.0699,58.1,60264242261.0,349076064,37.1,-12.5,5,6,False,False,False,True,True,True,True,False,True,True,False
KURA,"Kura Oncology, Inc. - Common Stock",10.76,58.0,966112322.0,21094293,46.2,-22.6,5,6,False,False,False,True,True,True,True,False,True,True,False
PH,Parker-Hannifin Corporation Common Stock,978.33,58.0,122957082377.0,622469553,36.8,-11.1,5,6,False,False,False,True,True,True,True,False,True,True,False
HWC,Hancock Whitney Corporation - Common Stock,73.85,57.9,5870723384.0,61315130,36.6,-7.8,5,6,False,False,False,True,True,True,True,False,True,True,False
HTGC,"Hercules Capital, Inc. Common Stock",16.97,57.9,3144355200.0,25843515,23.9,-11.8,2,4,False,False,False,True,False,True,False,True,False,True,False
V,Visa Inc.,367.38,57.9,657490187696.0,2431956710,25.0,-4.7,3,5,False,False,False,True,True,True,True,False,False,True,False
FOXA,Fox Corporation - Class A Common Stock,63.07,57.8,26919644028.0,321118342,30.5,-17.4,2,4,False,False,False,True,False,True,False,False,True,True,False
KEX,Kirby Corporation Common Stock,128.88,57.8,6880368000.0,67168137,62.1,-18.3,5,4,False,False,False,False,True,True,False,False,True,True,False
BG,Bunge Limited Common Shares,109.0,57.7,21173448546.0,187796247,38.3,-19.2,5,4,False,False,False,False,True,True,False,False,True,True,False
HOG,"Harley-Davidson, Inc. Common Stock",25.45,57.7,2655930379.0,57401205,48.9,-12.9,2,6,False,False,False,True,True,True,True,False,True,True,False
MSI,"Motorola Solutions, Inc. Common Stock",456.88,57.7,75284779099.0,439593785,27.1,-7.7,2,6,False,False,False,True,True,True,True,True,False,True,False
GHM,Graham Corporation Common Stock,87.21,57.6,1027342498.0,19635547,74.0,-30.7,5,4,False,False,False,False,True,True,True,False,True,False,False
JOE,St. Joe Company (The) Common Stock,65.3,57.6,3693647661.0,15767199,40.8,-11.2,5,5,False,False,False,False,True,True,False,True,True,True,False
AVPT,"AvePoint, Inc. - Class A Common Stock",13.0,57.5,2784201006.0,24507510,47.1,-16.6,1,4,False,False,False,True,False,True,False,False,True,True,False
KMTS,"Kestra Medical Technologies, Ltd. - Common Stock",27.14,57.5,1534311839.0,8500637,56.5,-9.5,0,4,False,False,False,True,False,False,False,True,True,True,False
CHT,"Chunghwa Telecom Co., Ltd.",46.15,57.4,35738556210.0,8959646,17.5,-0.7,2,6,False,False,False,True,True,True,True,True,False,True,False
MPTI,"M-tron Industries, Inc. Common Stock",74.05,57.4,324464433.0,13744552,70.0,-29.4,5,4,False,False,False,False,True,True,True,False,True,False,False
SW,Smurfit WestRock plc Ordinary Shares,46.41,57.4,24128053768.0,221938183,41.8,-11.9,3,6,False,False,False,True,True,True,True,False,True,True,False
OMDA,"Omada Health, Inc. - Common Stock",19.66,57.3,1207193383.0,31036653,91.2,-27.0,1,5,False,False,False,True,True,True,True,False,True,False,False
ENS,EnerSys Common Stock,178.89,57.3,6388233127.0,97953570,65.3,-26.8,5,3,False,False,False,False,True,True,False,False,True,False,False
MORN,"Morningstar, Inc. - Common Stock",195.98,57.2,7368040480.0,69126315,38.5,-17.7,0,3,False,False,False,True,False,False,False,False,True,True,False
AHR,"American Healthcare REIT, Inc. Common Stock",52.02,57.2,12197917812.0,160511052,30.0,-11.4,5,6,False,False,False,True,True,True,True,False,True,True,False
CNOB,"ConnectOne Bancorp, Inc. - Common Stock",31.06,57.1,1677184288.0,12911193,33.9,-9.0,5,6,False,False,False,True,True,True,True,False,True,True,False
GLNG,Golar LNG Limited - Common Shares,49.61,57.1,5090638219.0,69138821,41.7,-14.2,5,4,False,False,False,False,True,True,False,False,True,True,False
OUT,OUTFRONT Media Inc. Common Stock,27.65,57.1,4919457560.0,52198259,62.9,-20.9,5,5,False,False,False,False,True,True,True,False,True,True,False
R,"Ryder System, Inc. Common Stock",235.57,57.0,9059447565.0,75029861,49.4,-17.1,5,5,False,False,False,False,True,True,True,False,True,True,False
USB,U.S. Bancorp Common Stock,59.33,57.0,90990204446.0,459833595,31.8,-10.2,5,6,False,False,False,True,True,True,True,False,True,True,False
APPF,"AppFolio, Inc. - Class A Common Stock",204.22,56.9,7240295675.0,76263552,43.3,-27.9,0,3,False,False,False,True,False,False,False,True,True,False,False
ARQQ,Arqit Quantum Inc. - Ordinary Shares,24.6,56.9,556974325.0,6667404,113.5,-60.3,0,3,False,False,False,True,False,False,False,True,True,False,False
DB,Deutsche Bank AG Common Stock,36.57,56.9,67015468000.0,70398205,30.0,-12.1,3,4,False,False,False,True,False,True,False,False,True,True,False
LNC,Lincoln National Corporation Common Stock,41.69,56.8,7924005237.0,87741101,29.6,-12.5,3,3,False,False,False,True,False,True,False,False,False,True,False
MUR,Murphy Oil Corporation Common Stock,36.33,56.8,5359586453.0,61748927,37.1,-16.2,5,5,False,False,False,False,True,True,True,False,True,True,False
FMX,Fomento Economico Mexicano S.A.B. de C.V. Common Stock,119.62,56.7,40101615598.0,52217744,31.6,-15.4,5,6,False,False,False,True,True,True,True,False,True,True,False
OKE,"ONEOK, Inc. Common Stock",88.63,56.7,57477106237.0,345111086,38.4,-11.2,5,6,False,False,False,True,True,True,True,False,True,True,False
FOX,Fox Corporation - Class B Common Stock,56.54,56.6,24119731178.0,65432676,28.3,-17.1,2,2,False,False,False,False,False,True,False,False,False,True,False
CUZ,Cousins Properties Incorporated Common Stock,28.65,56.6,4689512632.0,45371023,36.2,-13.1,4,6,False,False,False,True,True,True,True,False,True,True,False
PDS,Precision Drilling Corporation Common Stock,81.87,56.6,1048158627.0,9170781,53.3,-21.1,5,4,False,False,False,False,True,True,False,False,True,True,False
SIRI,SiriusXM Holdings Inc. - Common Stock,25.855,56.5,8976091307.0,119047343,30.8,-20.8,5,5,False,False,False,False,True,True,True,False,True,True,False
RACE,Ferrari N.V. Common Shares,411.33,56.5,96343037992.0,172360806,31.6,-18.5,2,7,False,False,False,True,True,True,True,True,True,True,False
CSWC,Capital Southwest Corporation - Common Stock,23.13,56.4,1431722327.0,15635422,19.4,-10.2,5,5,False,False,False,True,True,True,True,False,False,True,False
MCHP,Microchip Technology Incorporated - Common Stock,78.69,56.4,40557319131.0,731037012,62.2,-25.7,5,4,False,False,False,False,True,True,False,True,True,False,False
CECO,CECO Environmental Corp. - Common Stock,73.5,56.3,4267397814.0,62097432,71.6,-27.4,5,4,False,False,False,False,True,True,False,True,True,False,False
ICFI,"ICF International, Inc. - Common Stock",83.56,56.3,1488512372.0,17159947,42.0,-14.8,2,4,False,False,False,True,False,True,False,False,True,True,False
CNS,Cohen & Steers Inc Common Stock,74.2,56.3,3864328205.0,21137821,27.1,-14.3,4,5,False,False,False,True,True,True,True,False,False,True,False
ADUS,Addus HomeCare Corporation - Common Stock,113.19,56.2,2129803915.0,25026983,28.7,-9.0,2,3,False,False,False,True,False,True,False,False,False,True,False
MHK,"Mohawk Industries, Inc. Common Stock",125.16,56.2,8092676183.0,128128902,34.6,-10.8,2,4,False,False,False,True,False,True,False,False,True,True,False
HBCP,"Home Bancorp, Inc. - Common Stock",67.6,56.1,533007190.0,6078974,33.8,-9.3,5,6,False,False,False,True,True,True,True,False,True,True,False
HFWA,Heritage Financial Corporation - Common Stock,28.57,56.1,1155864514.0,12043442,34.0,-8.6,5,6,False,False,False,True,True,True,True,False,True,True,False
LYB,LyondellBasell Industries NV Ordinary Shares Class A (Netherlands),58.14,56.1,19440423951.0,249880547,39.8,-30.7,5,3,False,False,False,False,True,True,False,False,True,False,False
ONB,Old National Bancorp - Common Stock,25.49,56.0,9598681300.0,105423530,31.5,-6.8,5,6,False,False,False,True,True,True,True,False,True,True,False
DFIN,"Donnelley Financial Solutions, Inc. Common Stock ",48.92,56.0,1210092551.0,11274756,35.5,-13.0,1,5,False,False,False,True,False,True,False,True,True,True,False
EGP,"EastGroup Properties, Inc. Common Stock",201.52,55.9,10889096693.0,100337462,22.3,-11.1,5,5,False,False,False,True,True,True,True,False,False,True,False
ETSY,"Etsy, Inc. Common Stock",68.44,55.9,6331104977.0,245799286,55.5,-22.2,5,5,False,False,False,False,True,True,True,False,True,True,False
MCHB,Mechanics Bancorp - Class A Common Stock,15.17,55.8,3322305880.0,9227811,18.3,-12.7,5,5,False,False,False,True,True,True,True,False,False,True,False
MCK,McKesson Corporation Common Stock,866.64,55.8,101358997978.0,837229629,21.2,-13.2,5,3,False,False,False,True,False,True,False,False,False,True,False
UNH,UnitedHealth Group Incorporated Common Stock (DE),376.59,55.8,336607043573.0,1912696346,47.1,-18.4,5,6,False,False,False,True,True,True,True,False,True,True,False
HBNC,"Horizon Bancorp, Inc. - Common Stock",19.28,55.7,986841655.0,11168469,28.8,-8.4,5,5,False,False,False,True,True,True,True,False,False,True,False
AWR,American States Water Company Common Stock,82.8,55.7,3269939145.0,21288985,19.2,-9.7,5,5,False,False,False,True,True,True,True,False,False,True,False
EBC,"Eastern Bankshares, Inc. - Common Stock",21.42,55.6,4869581173.0,54196069,28.9,-9.9,5,5,False,False,False,True,True,True,True,False,False,True,False
PYPL,"PayPal Holdings, Inc. - Common Stock",55.04,55.6,44997241972.0,735664184,43.1,-30.5,0,2,False,False,False,True,False,False,False,False,True,False,False
MSA,MSA Safety Incorporated Common Stock,182.46,55.6,7025492210.0,49933096,20.7,-12.7,3,5,False,False,False,True,True,True,True,False,False,True,False
CURB,Curbline Properties Corp. Common Stock,28.46,55.5,3271681431.0,42987037,28.9,-11.5,5,4,False,False,False,False,True,True,True,False,False,True,False
SLG,SL Green Realty Corp Common Stock,51.01,55.5,3604843268.0,49624794,46.7,-16.3,2,6,False,False,False,True,True,True,True,False,True,True,False
NWSA,News Corporation - Class A Common Stock,28.49,55.4,15370284325.0,117741807,28.3,-10.0,2,5,False,False,False,True,True,True,True,False,False,True,False
JPM,JP Morgan Chase & Co. Common Stock,343.06,55.4,899955518179.0,2436902038,22.9,-6.4,5,5,False,False,False,True,True,True,True,False,False,True,False
SHOP,Shopify Inc. - Class A Subordinate Voting Shares,142.25,55.3,188099928389.0,1386642917,51.3,-21.9,0,4,False,False,False,True,False,False,False,True,True,True,False
EG,"Everest Group, Ltd. Common Stock",370.43,55.3,14261963339.0,138013183,22.5,-7.6,5,5,False,False,False,True,True,True,True,False,False,True,False
NGVT,Ingevity Corporation Common Stock ,73.0,55.3,2467991020.0,17782041,59.2,-7.9,5,7,False,False,False,True,True,True,True,True,True,True,False
INDV,"Indivior Pharmaceuticals, Inc.  - Common Stock",35.82,55.2,4249149624.0,80398770,58.8,-16.3,5,5,False,False,False,False,True,True,True,False,True,True,False
MS,Morgan Stanley Common Stock,196.31,55.2,308333574445.0,1026229483,29.3,-15.5,5,4,False,False,False,False,True,True,True,False,False,True,False
BKR,Baker Hughes Company - Common Stock,57.83,55.1,56870297528.0,491021812,31.7,-17.9,5,4,False,False,False,False,True,True,False,False,True,True,False
SSNC,"SS&C Technologies Holdings, Inc. - Common Stock",78.61,55.1,18420417186.0,137265000,28.0,-12.6,0,2,False,False,False,True,False,False,False,False,False,True,False
ATEN,"A10 Networks, Inc. Common Stock",25.73,55.0,1887108456.0,35856003,55.8,-33.2,5,4,False,False,False,False,True,True,True,False,True,False,False
ESI,Element Solutions Inc. Common Stock,35.71,55.0,8407336533.0,170537944,56.2,-27.5,5,3,False,False,False,False,True,True,False,False,True,False,False
MMM,3M Company Common Stock,169.55,55.0,86393819296.0,553428905,21.7,-8.3,4,3,False,False,False,True,False,True,False,False,False,True,False
TTEK,"Tetra Tech, Inc. - Common Stock",33.91,54.9,8613334558.0,91091857,31.4,-21.4,2,4,False,False,False,True,False,True,False,False,True,True,False
AIR,AAR Corp. Common Stock,116.11,54.9,4853605750.0,57244426,52.6,-24.6,5,5,False,False,False,False,True,True,True,False,True,True,False
FLS,Flowserve Corporation Common Stock,73.82,54.8,9665655791.0,131274675,51.5,-20.1,5,3,False,False,False,False,False,True,False,False,True,True,False
IT,"Gartner, Inc. Common Stock",187.9,54.8,11323874376.0,233917830,51.2,-29.3,0,3,False,False,False,True,False,False,False,True,True,False,False
WFG,West Fraser Timber Co. Ltd Common stock,71.68,54.8,5540778445.0,16096653,25.0,-6.9,2,6,False,False,False,True,True,True,True,True,False,True,False
EPD,Enterprise Products Partners L.P. Common Stock,36.75,54.7,80483714089.0,115059042,22.5,-8.5,5,4,False,False,False,False,True,True,True,False,False,True,False
ROK,"Rockwell Automation, Inc. Common Stock",434.15,54.7,48173832472.0,339967618,30.5,-12.7,5,6,False,False,False,True,True,True,True,False,True,True,False
FDUS,Fidus Investment Corporation - Closed End Fund,19.15,54.6,724548809.0,6395155,13.5,-9.5,3,5,False,False,False,True,True,True,True,False,False,True,False
CP,Canadian Pacific Kansas City Limited Common Shares,86.91,54.6,77912483486.0,218924365,27.0,-10.3,5,4,False,False,False,False,True,True,True,False,False,True,False
MAR,Marriott International - Class A Common Stock,352.03,54.5,91661957895.0,571902397,37.1,-14.3,5,4,False,False,False,False,True,True,False,False,True,True,False
CSW,"CSW Industrials, Inc. Common Stock",296.8,54.5,4797617247.0,45733382,28.8,-16.5,4,3,False,False,False,True,False,True,False,False,False,True,False
PFS,"Provident Financial Services, Inc Common Stock",22.84,54.5,2956680750.0,21539370,29.1,-10.4,5,5,False,False,False,True,True,True,True,False,False,True,False
RDNT,"RadNet, Inc. - Common Stock",70.79,54.4,5611901397.0,53246391,39.3,-17.5,0,3,False,False,False,True,False,False,False,False,True,True,False
PRK,Park National Corporation Common Stock,181.68,54.4,3256065020.0,20864972,21.9,-15.5,5,5,False,False,False,True,True,True,True,False,False,True,False
LAMR,Lamar Advertising Company - Class A Common Stock,143.98,54.3,14593705088.0,89345585,25.8,-13.4,5,5,False,False,False,True,True,True,True,False,False,True,False
HESM,Hess Midstream LP Class A Representing Limited Partner Interests,38.25,54.3,4937658392.0,50185199,20.9,-7.7,3,4,False,False,False,False,True,True,True,False,False,True,False
AEIS,"Advanced Energy Industries, Inc. - Common Stock",279.68,54.2,11135224389.0,178582405,71.4,-29.6,5,3,False,False,False,False,True,True,False,False,True,False,False
CAH,"Cardinal Health, Inc. Common Stock",220.22,54.2,51549741384.0,429676994,51.0,-14.7,5,6,False,False,False,True,True,True,True,False,True,True,False
GL,Globe Life Inc. Common Stock,167.04,54.2,12858449472.0,95815323,30.7,-12.8,5,6,False,False,False,True,True,True,True,False,True,True,False
LECO,"Lincoln Electric Holdings, Inc. - Common Shares",271.7,54.1,14520333665.0,122753945,25.7,-12.4,5,6,False,False,False,True,True,True,True,True,False,True,False
VTR,"Ventas, Inc. Common Stock",86.59,54.1,44539132352.0,318854343,29.4,-14.8,5,4,False,False,False,False,True,True,True,False,False,True,False
MNST,Monster Beverage Corporation - Common Stock,43.11,54.0,125389233562.0,481537422,34.3,-14.1,5,5,False,False,False,False,True,True,True,False,True,True,False
BLX,"Bladex, Inc. Class E Common Stock",54.74,54.0,2055156913.0,9317967,42.5,-13.4,5,6,False,False,False,True,True,True,True,False,True,True,False
XYZ,"Block, Inc. Class A Common Stock,",76.42,54.0,46105008300.0,351952930,58.5,-12.1,3,6,False,False,False,True,True,True,True,False,True,True,False
CDP,COPT Defense Properties Common Shares of Beneficial Interest,33.88,53.9,3834407585.0,30249373,25.2,-12.9,5,5,False,False,False,True,True,True,True,False,False,True,False
VZ,Verizon Communications Inc. Common Stock,47.08,53.9,196603962559.0,1049896393,22.6,-8.9,5,5,False,False,False,True,True,True,True,False,False,True,False
LAUR,"Laureate Education, Inc. - Common Stock",37.4,53.8,5249628110.0,35884322,49.7,-8.6,5,7,False,False,False,True,True,True,True,True,True,True,False
UMBF,UMB Financial Corporation - Common Stock,135.82,53.8,10252494550.0,85479820,31.4,-11.4,5,6,False,False,False,True,True,True,True,False,True,True,False
EXLS,"ExlService Holdings, Inc. - Common Stock",34.75,53.7,5330695465.0,76848810,39.8,-21.6,0,4,False,False,False,True,False,False,False,True,True,True,False
AES,The AES Corporation Common Stock,14.87,53.7,10594563656.0,106837517,14.6,-15.8,5,6,False,False,False,True,True,True,True,True,False,True,False
PRM,"Perimeter Solutions, SA Common Stock",29.11,53.7,4593055059.0,44811318,47.8,-23.7,5,5,False,False,False,False,True,True,True,False,True,True,False
BHRB,Burke & Herbert Financial Services Corp. - Common Stock,69.84,53.6,1399768868.0,8541653,21.6,-7.0,5,5,False,False,False,True,True,True,True,False,False,True,False
TRMK,Trustmark Corporation - Common Stock,46.04,53.6,2676472894.0,18482043,26.7,-6.0,5,5,False,False,False,True,True,True,True,False,False,True,False
AER,AerCap Holdings N.V. Ordinary Shares,149.21,53.5,22457220052.0,159401313,25.5,-6.0,5,6,False,False,False,True,True,True,True,True,False,True,False
UHAL,U-Haul Holding Company Common Stock,60.97,53.5,11817180561.0,10705095,45.3,-20.2,4,6,False,False,False,True,True,True,True,False,True,True,False
ACLS,"Axcelis Technologies, Inc. - Common Stock",123.11,53.4,3586576132.0,45953264,67.3,-36.5,5,3,False,False,False,False,True,True,False,False,True,False,False
DLX,Deluxe Corporation Common Stock,24.33,53.4,1113849284.0,10504321,37.0,-24.1,5,4,False,False,False,False,True,True,False,False,True,True,False
MA,Mastercard Incorporated Common Stock,567.65,53.4,495891706835.0,1609924311,22.2,-5.6,2,3,False,False,False,True,False,True,False,False,False,True,False
RDWR,Radware Ltd. - Ordinary Shares,29.56,53.3,1260324636.0,8109537,36.3,-9.9,4,7,False,False,False,True,True,True,True,True,True,True,False
EQX,Equinox Gold Corp. Common Shares,11.94,53.3,13694303712.0,162765840,40.7,-37.0,0,2,False,False,False,False,False,False,False,True,True,False,False
NVRI,Enviri Corporation Common Stock,19.15,53.2,547734012.0,7702705,71.7,-20.9,5,5,False,False,False,False,True,True,True,False,True,True,False
PKG,Packaging Corporation of America Common Stock,237.18,53.2,21215195975.0,153221018,23.9,-8.8,5,5,False,False,False,True,True,True,True,False,False,True,False
TRNO,Terreno Realty Corporation Common Stock,66.07,53.2,7238897693.0,48180442,18.2,-16.3,5,5,False,False,False,True,True,True,True,False,False,True,False
NAVN,"Navan, Inc. - Class A Common Stock",19.415,53.1,5059775879.0,84765256,139.5,-37.1,1,4,False,False,False,False,True,True,True,False,True,False,False
EPR,EPR Properties Common Stock,56.83,53.1,4352152859.0,48182917,18.1,-12.5,5,4,False,False,False,False,True,True,True,False,False,True,False
FLGT,"Fulgent Genetics, Inc. - Common Stock",22.2,53.0,592954564.0,6001493,64.9,-28.5,0,3,False,False,False,True,False,False,False,True,True,False,False
CFG,"Citizens Financial Group, Inc. Common Stock",65.53,53.0,27262773487.0,250889902,36.6,-13.0,5,5,False,False,False,False,True,True,True,False,True,True,False
WGS,GeneDx Holdings Corp. - Class A Common Stock,88.4,52.9,2638698428.0,56800208,174.4,-48.3,0,3,False,False,False,True,False,False,False,True,True,False,False
EME,"EMCOR Group, Inc. Common Stock",762.21,52.9,33168881156.0,313147723,34.9,-19.9,5,4,False,False,False,False,True,True,False,False,True,True,False
MUX,McEwen Inc. Common Stock,19.02,52.9,1144950842.0,19606787,31.9,-36.0,1,3,False,False,False,False,False,True,False,True,True,False,False
BLKB,"Blackbaud, Inc. - Common Stock",43.19,52.8,1964029497.0,23404639,68.8,-38.9,0,2,False,False,False,True,False,False,False,False,True,False,False
BLK,"BlackRock, Inc. Common Stock",1086.3101,52.8,166244406074.0,669532097,18.4,-11.0,2,3,False,False,False,True,False,True,False,False,False,True,False
CCEP,Coca-Cola Europacific Partners plc - Ordinary Shares,101.73,52.7,45538977854.0,195813841,20.2,-10.5,4,5,False,False,False,True,True,True,True,False,False,True,False
CZR,"Caesars Entertainment, Inc. - Common Stock",29.59,52.7,6034197419.0,118585704,65.7,-4.2,4,6,False,False,False,True,True,True,True,False,True,True,False
FPI,Farmland Partners Inc. Common Stock,10.86,52.7,466848725.0,5270591,17.9,-17.9,2,5,False,False,False,True,True,True,False,True,False,True,False
NWS,News Corporation - Class B Common Stock,31.75,52.6,17056475855.0,38377726,24.6,-11.2,2,5,False,False,False,True,True,True,True,False,False,True,False
HXL,Hexcel Corporation Common Stock,85.8,52.6,6462023973.0,91023757,42.4,-23.2,5,5,False,False,False,False,True,True,True,False,True,True,False
CR,Crane Company Common Stock,206.83,52.5,11823640823.0,92987098,29.6,-10.3,4,5,False,False,False,True,True,True,True,False,False,True,False
ICE,Intercontinental Exchange Inc. Common Stock,154.31,52.5,88099636845.0,550627709,26.7,-12.3,2,4,False,False,False,True,False,True,False,True,False,True,False
BANR,Banner Corporation - Common Stock,69.03,52.4,2520429279.0,23203006,21.0,-7.8,5,5,False,False,False,True,True,True,True,False,False,True,False
CLSK,"CleanSpark, Inc. - Common Stock",13.95,52.4,3662211461.0,262769532,74.4,-40.9,1,6,False,False,False,True,True,True,True,True,True,False,False
IIPR,"Innovative Industrial Properties, Inc. Common Stock",55.52,52.4,1532691291.0,18973186,24.5,-15.1,5,5,False,False,False,True,True,True,True,False,False,True,False
ASB,Associated Banc-Corp Common Stock,29.37,52.3,5489859587.0,58435536,23.1,-9.5,5,5,False,False,False,True,True,True,True,False,False,True,False
M,Macy's Inc Common Stock,22.64,52.3,5826850972.0,131027975,38.0,-14.9,5,4,False,False,False,True,False,True,False,False,True,True,False
PGNY,"Progyny, Inc. - Common Stock",25.44,52.2,1992594944.0,30815398,58.0,-23.1,4,4,False,False,False,True,False,True,False,False,True,True,False
ETD,Ethan Allen Interiors Inc. Common Stock,21.29,52.2,530512688.0,12855660,16.5,-28.1,1,3,False,False,False,True,False,True,False,True,False,False,False
CTSH,Cognizant Technology Solutions Corporation - Class A Common Stock,57.33,52.1,25751895429.0,432747005,54.6,-34.1,0,2,False,False,False,False,False,False,False,True,True,False,False
VCEL,Vericel Corporation - Common Stock,39.71,52.1,2012419930.0,21192894,37.2,-19.5,4,6,False,False,False,True,True,True,True,False,True,True,False
DD,"DuPont de Nemours, Inc. Common Stock",131.71,52.1,17585296205.0,192558116,42.4,-16.6,5,4,False,False,False,False,True,True,False,False,True,True,False
HAS,"Hasbro, Inc. - Common Stock",88.09,52.0,12244070180.0,172635139,26.7,-17.7,5,4,False,False,False,False,True,True,True,False,False,True,False
SRRK,Scholar Rock Holding Corporation - Common Stock,48.63,52.0,5919982558.0,78756477,79.6,-21.3,5,5,False,False,False,False,True,True,True,False,True,True,False
CACC,Credit Acceptance Corporation - Common Stock,555.68,51.9,5682329492.0,71431703,38.3,-16.9,5,6,False,False,False,True,True,True,True,False,True,True,False
OCSL,Oaktree Specialty Lending Corporation - Closed End Fund,12.1,51.9,1064073118.0,6373565,13.8,-15.4,2,5,False,False,False,True,True,True,True,False,False,True,False
TCBK,TriCo Bancshares - Common Stock,52.38,51.9,1665461423.0,16300187,29.5,-15.1,5,5,False,False,False,True,True,True,True,False,False,True,False
IRM,Iron Mountain Incorporated (Delaware)Common Stock REIT,111.38,51.8,33964913821.0,201280268,43.2,-17.3,5,5,False,False,False,False,True,True,True,False,True,True,False
MO,"Altria Group, Inc.",68.82,51.8,115011961623.0,610443857,25.8,-10.7,5,6,False,False,False,True,True,True,True,True,False,True,False
ARCC,Ares Capital Corporation - Closed End Fund,19.2,51.7,13735777025.0,85114960,10.3,-9.2,2,4,False,False,False,True,False,True,False,True,False,True,False
SKY,"Champion Homes, Inc. Common Stock",87.72,51.7,4650721881.0,54089017,37.7,-11.5,5,5,False,False,False,True,False,True,False,True,True,True,False
IBCP,Independent Bank Corporation - Common Stock,35.83,51.6,790738888.0,7367538,20.1,-8.7,5,5,False,False,False,True,True,True,True,False,False,True,False
NXG,NXG NextGen Infrastructure Income Fund Common Shares of Beneficial Interest,54.49,51.6,142964184.0,5253547,15.7,-17.2,5,4,False,False,False,False,True,True,True,False,False,True,False
SOBO,South Bow Corporation Common Shares,33.99,51.6,7158624399.0,19707027,35.9,-12.9,5,5,False,False,False,False,True,True,True,False,True,True,False
CALY,Callaway Golf Company Common Stock,14.44,51.5,2543774924.0,32118513,72.1,-28.8,5,4,False,False,False,False,True,True,True,False,True,False,False
CVS,CVS Health Corporation Common Stock,89.13,51.5,108776429883.0,739588475,28.2,-19.5,5,4,False,False,False,False,True,True,True,False,False,True,False
DLO,DLocal Limited - Class A Common Shares,14.08,51.4,4093655549.0,30447539,32.3,-16.1,3,4,False,False,False,True,False,True,False,False,True,True,False
GTES,Gates Industrial Corporation Ltd. Common Shares,26.86,51.4,6647749724.0,50564518,28.6,-11.5,5,6,False,False,False,True,True,True,True,True,False,True,False
ALSN,"Allison Transmission Holdings, Inc. Common Stock",113.86,51.3,9309848004.0,101704752,49.8,-17.3,5,5,False,False,False,False,True,True,True,False,True,True,False
NOG,"Northern Oil and Gas, Inc. Common Stock",23.29,51.3,2514559421.0,54793229,35.6,-25.3,2,4,False,False,False,False,True,True,True,False,True,False,False
SXI,Standex International Corporation Common Stock,280.17,51.3,3433897614.0,38729812,40.2,-23.0,5,5,False,False,False,False,True,True,True,False,True,True,False
SBRA,"Sabra Health Care REIT, Inc. - Common Stock",19.85,51.2,5050498686.0,54127937,15.6,-12.8,5,4,False,False,False,False,True,True,True,False,False,True,False
AZZ,AZZ Inc.,137.17,51.2,4146506108.0,34745017,47.5,-15.4,5,5,False,False,False,False,True,True,True,False,True,True,False
DNLI,Denali Therapeutics Inc. - Common Stock,20.39,51.1,3272076339.0,32690100,55.2,-25.3,5,4,False,False,False,False,True,True,True,False,True,False,False
EIG,Employers Holdings Inc Common Stock,47.3,51.1,854381270.0,8595099,32.4,-10.1,4,6,False,False,False,True,True,True,True,False,True,True,False
QGEN,Qiagen N.V. Common Shares,44.18,51.1,9182690994.0,106088656,35.8,-23.6,0,4,False,False,False,True,False,False,False,True,True,True,False
RKLB,Rocket Lab Corporation - Common Stock,73.95,51.0,46209394388.0,1315437796,96.8,-51.0,5,4,False,False,False,False,True,True,False,True,True,False,False
FLR,Fluor Corporation Common Stock,50.38,51.0,6771310222.0,132832951,28.1,-13.7,4,5,False,False,False,True,True,True,True,False,False,True,False
EQBK,"Equity Bancshares, Inc. Class A Common Stock",48.36,50.9,991940243.0,5167386,25.3,-7.5,5,5,False,False,False,True,True,True,True,False,False,True,False
SQM,Sociedad Quimica y Minera S.A. Common Stock,66.89,50.9,19172009673.0,71423362,64.8,-31.7,5,3,False,False,False,False,True,True,False,False,True,False,False
MCRI,"Monarch Casino & Resort, Inc. - Common Stock",117.74,50.8,2115753604.0,18999592,33.6,-13.4,5,6,False,False,False,True,True,True,True,False,True,True,False
SBSW,D/B/A Sibanye-Stillwater Limited ADS,10.61,50.8,7274557868.0,58300758,34.8,-50.2,1,3,False,False,False,False,False,True,False,True,True,False,False
WOLF,"Wolfspeed, Inc. Common Stock New",27.57,50.8,1392073965.0,98009280,242.5,-65.9,1,4,False,False,False,False,True,True,False,True,True,False,False
FR,"First Industrial Realty Trust, Inc. Common Stock",61.17,50.7,8134675967.0,60821484,21.8,-12.5,5,4,False,False,False,False,True,True,True,False,False,True,False
TFII,TFI International Inc. Common Shares,121.1,50.7,10008280075.0,36827441,50.2,-27.8,5,4,False,False,False,False,True,True,True,False,True,False,False
VCYT,"Veracyte, Inc. - Common Stock",45.43,50.6,3902166083.0,64052735,54.2,-25.4,0,4,False,False,False,True,True,False,True,False,True,False,False
ZVRA,"Zevra Therapeutics, Inc.  - Common Stock",11.04,50.6,668661374.0,12302437,37.8,-26.6,4,4,False,False,False,False,True,True,True,False,True,False,False
USFD,US Foods Holding Corp. Common Stock,93.33,50.6,20296148432.0,234996885,33.6,-16.2,5,5,False,False,False,False,True,True,True,False,True,True,False
CME,CME Group Inc. - Class A Common Stock,264.48,50.5,96694459613.0,550478152,21.1,-19.7,2,3,False,False,False,False,True,True,False,False,False,True,False
FITB,Fifth Third Bancorp Common Stock,52.1,50.5,46668691343.0,308443839,30.1,-12.4,5,6,False,False,False,True,True,True,True,False,True,True,False
DAN,Dana Incorporated Common Stock ,27.14,50.4,2942222171.0,41643093,53.0,-31.4,5,3,False,False,False,False,True,True,False,False,True,False,False
PAAS,Pan American Silver Corp. Common Stock,48.04,50.4,19698501180.0,210337938,45.2,-31.4,5,2,False,False,False,False,False,True,False,False,True,False,False
AUPH,Aurinia Pharmaceuticals Inc - Common Shares,16.44,50.3,2207984133.0,16028721,59.0,-14.6,5,7,False,False,False,True,True,True,True,True,True,True,False
ENR,"Energizer Holdings, Inc. Common Stock",22.0,50.3,1520336741.0,22069311,39.7,-17.1,1,5,False,False,False,True,False,True,False,True,True,True,False
HTH,Hilltop Holdings Inc.,38.56,50.3,2196934092.0,10896742,25.3,-4.6,5,5,False,False,False,True,True,True,True,False,False,True,False
HAL,Halliburton Company Common Stock,32.76,50.2,27293350823.0,394042181,52.7,-24.8,5,4,False,False,False,False,True,True,False,False,True,True,False
TT,Trane Technologies plc,454.44,50.2,96488964042.0,503202247,30.6,-10.2,5,4,False,False,False,False,True,True,False,False,True,True,False
HASI,"HA Sustainable Infrastructure Capital, Inc. Common Stock",36.44,50.1,4646407766.0,40176928,33.6,-17.4,5,5,False,False,False,False,True,True,True,False,True,True,False
KGS,"Kodiak Gas Services, Inc. Common Stock",52.91,50.1,5339303877.0,108037099,62.5,-31.9,5,3,False,False,False,False,True,True,False,False,True,False,False
DG,Dollar General Corporation Common Stock,124.84,50.0,27032175279.0,292704729,31.3,-21.1,3,4,False,False,False,False,False,True,False,True,True,True,False
ITW,Illinois Tool Works Inc. Common Stock,274.32,50.0,77465600000.0,355038942,14.9,-9.5,3,5,False,False,False,True,True,True,True,False,False,True,False
SCHW,Charles Schwab Corporation (The) Common Stock,99.03,50.0,172051610186.0,861764167,17.9,-13.5,3,3,False,False,False,True,False,True,False,False,False,True,False
NWE,"NorthWestern Energy Group, Inc.  - Common Stock",68.84,49.9,4187520050.0,27814529,21.6,-8.4,5,4,False,False,False,False,True,True,True,False,False,True,False
ZM,"Zoom Communications, Inc. - Class A Common Stock",89.71,49.9,26362658289.0,308114318,26.9,-21.8,5,4,False,False,False,False,True,True,True,False,False,True,False
INDB,Independent Bank Corp. - Common Stock,81.2,49.8,3800896504.0,28719136,28.2,-7.2,5,5,False,False,False,True,True,True,True,False,False,True,False
SKWD,"Skyward Specialty Insurance Group, Inc. - Common Stock",54.78,49.8,2436479536.0,26264357,34.9,-16.6,3,6,False,False,False,True,True,True,True,False,True,True,False
BCS,Barclays PLC Common Stock,24.81,49.8,82091358111.0,112036767,28.6,-13.5,5,2,False,False,False,False,False,True,False,False,False,True,False
TOWN,Towne Bank - Common Stock,36.36,49.7,2716070812.0,21198999,13.9,-6.8,3,5,False,False,False,True,True,True,True,False,False,True,False
AMCR,Amcor plc Ordinary Shares,42.51,49.7,19464753549.0,167699275,17.3,-16.5,3,3,False,False,False,True,False,True,False,False,False,True,False
FIBK,"First Interstate BancSystem, Inc. - Common Stock",36.91,49.6,3479571202.0,43363007,26.8,-9.1,5,5,False,False,False,True,True,True,True,False,False,True,False
KFY,Korn Ferry Common Stock,71.73,49.6,3928237272.0,35255261,21.7,-18.0,3,5,False,False,False,True,True,True,True,False,False,True,False
AMP,"Ameriprise Financial, Inc. Common Stock",493.0,49.5,43613570303.0,287173219,16.7,-13.9,3,3,False,False,False,True,False,True,False,False,False,True,False
MOD,Modine Manufacturing Company Common Stock,198.07,49.5,10460547841.0,274264089,78.2,-38.7,5,3,False,False,False,False,True,True,False,False,True,False,False
OHI,"Omega Healthcare Investors, Inc. Common Stock",46.28,49.5,14038592290.0,93335681,17.9,-11.7,5,4,False,False,False,False,True,True,True,False,False,True,False
BAC,Bank of America Corporation Common Stock,56.7,49.4,391803690891.0,2013143880,22.9,-13.1,5,5,False,False,False,True,True,True,True,False,False,True,False
VTOL,"Bristow Group, Inc. Common Stock",42.62,49.4,1253856600.0,11357022,21.7,-15.4,5,3,False,False,False,False,True,True,False,False,False,True,False
WFRD,Weatherford International plc - Ordinary shares,85.08,49.3,6016313310.0,95809544,39.8,-24.8,5,4,False,False,False,False,True,True,False,False,True,True,False
BILL,"BILL Holdings, Inc. Common Stock",44.25,49.3,3834896887.0,105074906,40.9,-22.7,0,3,False,False,False,True,False,False,False,False,True,True,False
AVO,"Mission Produce, Inc. - Common Stock",13.14,49.2,1136312116.0,9642414,30.5,-15.4,3,5,False,False,False,True,False,True,False,True,True,True,False
URBN,"Urban Outfitters, Inc. - Common Stock",75.35,49.2,6405668335.0,85610767,26.6,-11.8,2,3,False,False,False,True,False,True,False,False,False,True,False
SSB,SouthState Bank Corporation Common Stock,102.46,49.2,9881705015.0,81378466,21.3,-8.7,3,5,False,False,False,True,True,True,True,False,False,True,False
EXPE,"Expedia Group, Inc. - Common Stock",264.17,49.1,29969299469.0,550708815,42.5,-22.8,5,4,False,False,False,True,False,True,False,False,True,True,False
NSC,Norfolk Southern Corporation Common Stock,313.0,49.1,70340604172.0,401402358,12.7,-12.7,5,4,False,False,False,False,True,True,True,False,False,True,False
ECG,"Everus Construction Group, Inc. Common Stock",116.94,49.0,5959149661.0,65158873,50.2,-31.8,5,3,False,False,False,False,True,True,False,False,True,False,False
FHI,"Federated Hermes, Inc. Common Stock",57.82,49.0,4284006924.0,35974756,23.9,-14.0,5,5,False,False,False,True,True,True,True,False,False,True,False
LAD,"Lithia Motors, Inc. Common Stock",316.42,49.0,6805972714.0,108060377,32.0,-28.0,2,3,False,False,False,True,False,True,False,False,True,False,False
PATH,"UiPath, Inc. Class A Common Stock",12.46,48.9,6566558153.0,969923944,35.4,-37.2,1,2,False,False,False,False,False,True,False,False,True,False,False
REXR,"Rexford Industrial Realty, Inc. Common Stock",37.47,48.9,8471318831.0,102563487,16.6,-15.6,0,3,False,False,False,True,False,False,False,True,False,True,False
AAT,"American Assets Trust, Inc. Common Stock",21.58,48.8,1319576537.0,9893997,21.8,-16.9,5,5,False,False,False,True,True,True,True,False,False,True,False
AXTA,Axalta Coating Systems Ltd. Common Shares,32.89,48.8,6904285103.0,61823575,31.9,-14.8,4,4,False,False,False,True,False,True,False,False,True,True,False
LYV,"Live Nation Entertainment, Inc. Common Stock",170.87,48.7,40307528092.0,347293523,36.3,-9.7,5,6,False,False,False,True,True,True,True,False,True,True,False
MTDR,Matador Resources Company Common Stock,51.55,48.7,6555260822.0,110426199,38.8,-22.9,5,4,False,False,False,False,True,True,False,False,True,True,False
OPLN,"OPENLANE, Inc. Common Stock",34.82,48.7,4211410343.0,44199718,43.2,-18.8,5,6,False,False,False,True,True,True,True,False,True,True,False
WIX,Wix.com Ltd. - Ordinary Shares,73.79,48.6,3244592588.0,112903054,83.7,-59.3,0,3,False,False,False,True,False,False,False,True,True,False,False
DEO,Diageo plc Common Stock,87.52,48.6,48333914811.0,99382902,20.8,-14.8,0,2,False,False,False,True,False,False,False,False,False,True,False
BHVN,Biohaven Ltd. Common Shares ,12.99,48.5,1992267471.0,41158565,73.7,-30.0,1,5,False,False,False,True,True,True,True,False,True,False,False
MH,"McGraw Hill, Inc. Common Stock",12.73,48.5,2619017664.0,7334493,42.3,-29.3,0,2,False,False,False,False,False,False,False,True,True,False,False
AGCO,AGCO Corporation Common Stock,118.02,48.4,8138387227.0,123817475,20.2,-17.9,1,5,False,False,False,True,True,True,False,True,False,True,False
GNRC,Generac Holdlings Inc. Common Stock,208.14,48.4,11686209796.0,254888107,54.4,-29.8,5,4,False,False,False,False,True,True,False,True,True,False,False
TEL,TE Connectivity plc Ordinary Shares,218.59,48.4,61860291427.0,473878382,14.9,-13.5,0,3,False,False,False,True,False,False,False,True,False,True,False
CB,Chubb Limited  Common Stock,333.37,48.3,129181224788.0,607865915,25.7,-8.9,5,5,False,False,False,True,True,True,True,False,False,True,False
MCY,Mercury General Corporation Common Stock,99.41,48.3,5444148148.0,29726563,33.8,-12.1,5,6,False,False,False,True,True,True,True,False,True,True,False
LION,Lionsgate Studios Corp Common Shares,10.85,48.2,3267205286.0,31047358,84.7,-35.0,5,3,False,False,False,False,True,True,False,False,True,False,False
SPG,"Simon Property Group, Inc. Common Stock",204.82,48.2,66230995121.0,282072067,18.9,-14.1,5,4,False,False,False,False,True,True,True,False,False,True,False
TFPM,Triple Flag Precious Metals Corp. Common Shares,32.19,48.2,6619589340.0,16868759,21.0,-22.8,5,3,False,False,False,False,False,True,False,True,False,True,False
MLI,"Mueller Industries, Inc. Common Stock",60.52,48.1,13275306908.0,94284151,25.4,-14.9,5,4,False,False,False,False,True,True,True,False,False,True,False
PBA,Pembina Pipeline Corp. Ordinary Shares (Canada),44.66,48.1,26425859200.0,46098759,23.4,-13.4,5,4,False,False,False,False,True,True,True,False,False,True,False
COCO,"The Vita Coco Company, Inc. - Common Stock",58.59,48.0,3472935696.0,75187452,55.7,-31.7,5,3,False,False,False,False,True,True,False,False,True,False,False
GATX,GATX Corporation Common Stock,183.73,48.0,6473314000.0,39437973,22.1,-10.6,5,6,False,False,False,True,True,True,True,True,False,True,False
TROW,"T. Rowe Price Group, Inc. - Common Stock",105.51,47.9,22242443680.0,182010060,23.8,-13.5,5,5,False,False,False,True,True,True,True,False,False,True,False
VLY,Valley National Bancorp - Common Stock,13.08,47.9,7161763729.0,93988340,35.7,-13.9,5,5,False,False,False,False,True,True,True,False,True,True,False
EE,"Excelerate Energy, Inc. Class A Common Stock",33.09,47.9,3806908665.0,14773915,34.3,-23.4,5,5,False,False,False,False,True,True,True,False,True,True,False
BOKF,BOK Financial Corporation - Common Stock,131.77,47.8,7948306204.0,35533572,28.3,-10.3,5,4,False,False,False,False,True,True,True,False,False,True,False
ENVA,"Enova International, Inc. Common Stock",173.48,47.8,4280029975.0,79181185,68.4,-35.1,5,4,False,False,False,False,True,True,True,False,True,False,False
IMKTA,"Ingles Markets, Incorporated - Class A Common Stock",83.77,47.7,1597616965.0,10093192,25.7,-12.4,5,3,False,False,False,False,True,True,False,False,False,True,False
ZBIO,"Zenas BioPharma, Inc. - Common Stock",26.95,47.7,1792359883.0,22876286,99.6,-39.6,0,2,False,False,False,True,False,False,False,False,True,False,False
HIPO,Hippo Holdings Inc. Common Stock,30.61,47.7,798014881.0,5865969,27.1,-21.0,0,2,False,False,False,True,False,False,False,False,False,True,False
BCAX,Bicara Therapeutics Inc. - Common Stock,19.21,47.6,1308900635.0,14568733,83.3,-38.0,5,4,False,False,False,False,True,True,True,False,True,False,False
J,Jacobs Solutions Inc. Common Stock,138.37,47.6,15838835227.0,120723869,30.9,-17.9,1,4,False,False,False,True,False,True,False,False,True,True,False
OTTR,Otter Tail Corporation - Common Stock,89.34,47.5,3705647291.0,21781965,20.5,-6.0,5,5,False,False,False,True,True,True,True,False,False,True,False
RNST,Renasant Corporation Common Stock,40.35,47.5,3660748823.0,25819508,22.1,-9.4,5,5,False,False,False,True,True,True,True,False,False,True,False
AFRM,"Affirm Holdings, Inc. - Class A Common Stock",71.52,47.4,24149239292.0,326637658,69.9,-20.9,2,4,False,False,False,True,False,True,False,False,True,True,False
BXSL,Blackstone Secured Lending Fund Common Shares of Beneficial Interest,24.66,47.4,,34577936,9.7,-13.7,2,4,False,False,False,True,False,True,False,True,False,True,False
CRS,Carpenter Technology Corporation Common Stock,396.84,47.4,19865551181.0,368328525,74.1,-36.6,5,4,False,False,False,False,True,True,True,False,True,False,False
ALX,"Alexander's, Inc. Common Stock",247.12,47.3,1253635403.0,9775549,22.8,-14.6,5,4,False,False,False,False,True,True,True,False,False,True,False
APD,"Air Products and Chemicals, Inc. Common Stock",281.76,47.3,63351806430.0,321584399,23.0,-10.5,3,4,False,False,False,False,True,True,True,False,False,True,False
GS,"Goldman Sachs Group, Inc. (The) Common Stock",935.45,47.2,268835649292.0,2013439471,26.4,-18.9,5,4,False,False,False,False,True,True,True,False,False,True,False
UCB,"United Community Banks, Inc. Common Stock",34.23,47.2,4085098042.0,29941341,19.5,-7.9,5,5,False,False,False,True,True,True,True,False,False,True,False
SPFI,"South Plains Financial, Inc. - Common Stock",43.0,47.1,807255649.0,5709506,21.7,-8.4,5,5,False,False,False,True,True,True,True,False,False,True,False
CHD,"Church & Dwight Company, Inc. Common Stock",96.38,47.1,22612648454.0,177987545,18.5,-9.1,4,4,False,False,False,False,True,True,True,False,False,True,False
FAF,First American Corporation (New) Common Stock,66.27,47.1,6697760000.0,55868248,17.9,-17.0,5,4,False,False,False,False,True,True,True,False,False,True,False
SBCF,Seacoast Banking Corporation of Florida - Common Stock,33.03,47.0,3177724263.0,30309959,15.6,-8.9,5,3,False,False,False,True,False,True,False,False,False,True,False
ZION,Zions Bancorporation N.A. - Common Stock,63.83,47.0,9168789761.0,104769416,38.2,-13.0,5,6,False,False,False,True,True,True,True,False,True,True,False
JANX,"Janux Therapeutics, Inc. - Common Stock",16.3,46.9,1019761374.0,14621644,34.5,-53.9,0,4,False,False,False,True,True,False,True,False,True,False,False
MAGN,Magnera Corporation Common Stock,12.13,46.9,424230000.0,5243661,55.1,-21.8,3,3,False,False,False,False,False,True,False,False,True,True,False
TDY,Teledyne Technologies Incorporated Common Stock,614.15,46.9,28370598989.0,213536216,27.1,-12.0,5,4,False,False,False,False,True,True,True,False,False,True,False
BLCO,Bausch + Lomb Corporation Common Shares,16.86,46.8,6000376133.0,6797431,22.5,-10.9,5,3,False,False,False,True,False,True,False,False,False,True,False
CPA,"Copa Holdings, S.A. Class A Common Stock",133.72,46.8,5299879783.0,40099280,24.5,-16.7,5,6,False,False,False,True,True,True,True,True,False,True,False
COLB,"Columbia Banking System, Inc. - Common Stock",29.64,46.7,8255088180.0,91324468,24.4,-12.0,5,5,False,False,False,True,True,True,True,False,False,True,False
UGI,UGI Corporation Common Stock,36.51,46.7,7801181950.0,75994218,15.5,-11.7,5,3,False,False,False,True,False,True,False,False,False,True,False
BMRN,BioMarin Pharmaceutical Inc. - Common Stock,60.26,46.6,11875750115.0,131972137,22.3,-15.1,3,5,False,False,False,True,True,True,True,False,False,True,False
PLD,"Prologis, Inc. Common Stock",133.05,46.6,126871530320.0,574411664,19.8,-13.2,5,4,False,False,False,False,True,True,True,False,False,True,False
UMH,"UMH Properties, Inc. Common Stock",15.4,46.6,1308107392.0,10575544,10.6,-8.2,4,3,False,False,False,True,False,True,False,False,False,True,False
MCB,Metropolitan Bank Holding Corp. Common Stock,89.6,46.5,1098691086.0,12290324,38.6,-12.2,5,5,False,False,False,False,True,True,True,False,True,True,False
RTX,RTX Corporation Common Stock,189.4,46.5,254200663540.0,955968295,21.7,-16.5,5,4,False,False,False,False,True,True,True,False,False,True,False
CMPR,Cimpress plc - Ordinary Shares,79.79,46.4,1914112308.0,17140891,31.7,-25.1,5,4,False,False,False,False,True,True,True,False,True,False,False
KMT,Kennametal Inc. Common Stock,31.03,46.4,2297048232.0,45752692,52.5,-29.2,5,3,False,False,False,False,True,True,False,False,True,False,False
CBSH,"Commerce Bancshares, Inc. - Common Stock",56.44,46.3,7997778245.0,59825121,20.1,-7.4,3,5,False,False,False,True,True,True,True,False,False,True,False
FCNCA,"First Citizens BancShares, Inc. - Class A Common Stock",2090.3601,46.3,23228028010.0,139233880,28.7,-9.0,4,3,False,False,False,True,False,True,False,False,False,True,False
PEN,"Penumbra, Inc. Common Stock",318.89,46.3,12593586002.0,111833413,44.1,-12.0,5,3,False,False,False,False,False,True,False,False,True,True,False
RAPP,"Rapport Therapeutics, Inc. - Common Stock",33.91,46.2,1623105415.0,15328621,42.8,-35.9,5,4,False,False,False,False,True,True,True,False,True,False,False
ALL,Allstate Corporation (The) Common Stock,227.6,46.2,57441740502.0,458476970,21.0,-17.9,5,4,False,False,False,False,True,True,True,False,False,True,False
PPTA,Perpetua Resources Corp. - Common Shares,23.49,46.1,2929743706.0,25274043,42.9,-37.1,1,3,False,False,False,False,False,True,False,True,True,False,False
HOMB,"Home BancShares, Inc. Common Stock",29.19,46.1,5793437285.0,46677754,14.5,-7.9,3,3,False,False,False,True,False,True,False,False,False,True,False
MTUS,Metallus Inc. Common Shares,18.84,46.1,785049439.0,7431068,32.8,-16.6,5,3,False,False,False,False,False,True,False,False,True,True,False
CCK,"Crown Holdings, Inc.",108.06,46.0,11495986013.0,115249932,21.1,-12.1,3,5,False,False,False,True,True,True,True,False,False,True,False
MAIN,Main Street Capital Corporation Common Stock,55.1,46.0,5120523324.0,29487847,12.6,-15.5,2,3,False,False,False,True,False,True,False,False,False,True,False
VKTX,"Viking Therapeutics, Inc. - Common Stock",35.56,45.9,4286995435.0,139092953,42.9,-17.6,0,6,False,False,False,True,True,False,True,True,True,True,False
KT,KT Corporation Common Stock,19.7,45.9,9417173161.0,27079695,15.0,-19.9,1,3,False,False,False,False,False,True,False,True,False,True,False
LLYVA,"Liberty Live Holdings, Inc. - Series A Liberty Live Group Common Stock",96.32,45.8,8871618381.0,13860162,29.5,-9.2,5,5,False,False,False,True,True,True,True,False,False,True,False
GFL,"GFL Environmental Inc. Subordinate voting shares, no par value",42.27,45.8,18767068203.0,100039872,26.8,-12.1,0,3,False,False,False,True,False,False,False,True,False,True,False
VMI,"Valmont Industries, Inc. Common Stock",466.83,45.8,8983515670.0,94163109,29.1,-20.3,5,3,False,False,False,False,True,True,False,False,False,True,False
LLYVK,"Liberty Live Holdings, Inc. - Series C Liberty Live Group Common Stock",99.36,45.7,9172935987.0,29333342,29.1,-9.5,5,5,False,False,False,True,True,True,True,False,False,True,False
DOW,Dow Inc. Common Stock ,28.02,45.7,20630050706.0,275685553,35.7,-34.4,5,3,False,False,False,False,True,True,False,False,True,False,False
NCI,Neo-Concept International Group Holdings Limited - Class A Ordinary Shares,14.65,45.6,34613088.0,9490453,472.3,-86.7,1,4,False,False,False,False,True,True,False,True,True,False,False
ECAT,BlackRock ESG Capital Allocation Term Trust Common Shares of Beneficial Interest,14.07,45.6,1522540800.0,8022288,5.3,-15.9,5,4,False,False,False,False,True,True,True,False,False,True,False
WS,"Worthington Steel, Inc. Common Shares",36.26,45.6,1807586042.0,8929192,33.2,-26.3,5,3,False,False,False,False,False,True,False,True,True,False,False
AUB,Atlantic Union Bankshares Corporation Common Stock,38.78,45.5,5501229794.0,45022745,25.6,-11.1,5,5,False,False,False,True,True,True,True,False,False,True,False
KSS,Kohl's Corporation Common Stock,17.9,45.5,1954609912.0,72083773,57.3,-29.0,0,2,False,False,False,True,False,False,False,False,True,False,False
CGBD,"Carlyle Secured Lending, Inc. - Closed End Fund",11.25,45.4,767171078.0,5721033,13.1,-15.3,1,4,False,False,False,True,False,True,False,True,False,True,False
OR,OR Royalties Inc. Common Shares,35.78,45.4,6701102179.0,33429681,29.9,-25.6,1,2,False,False,False,False,False,True,False,True,False,False,False
NCNO,"nCino, Inc. - Common Stock",19.41,45.3,2111551395.0,49147523,40.7,-31.7,0,2,False,False,False,True,False,False,False,False,True,False,False
DEA,"Easterly Government Properties, Inc. Common Stock",22.91,45.3,1074673922.0,8650625,11.4,-11.7,5,4,False,False,False,False,True,True,True,False,False,True,False
WWW,"Wolverine World Wide, Inc. Common Stock",19.07,45.3,1583880343.0,15225728,41.6,-33.5,1,3,False,False,False,True,False,True,False,False,True,False,False
FSK,FS KKR Capital Corp. Common Stock,11.25,45.2,3086720928.0,23353967,15.7,-31.0,0,1,False,False,False,True,False,False,False,False,False,False,False
PNC,"PNC Financial Services Group, Inc. (The) Common Stock",225.64,45.2,89100078588.0,391339202,27.6,-12.9,5,4,False,False,False,False,True,True,True,False,False,True,False
HLT,Hilton Worldwide Holdings Inc. Common Stock ,313.96,45.1,70249510358.0,597734030,23.8,-12.3,5,3,False,False,False,False,True,True,False,False,False,True,False
MOH,Molina Healthcare Inc Common Stock,190.86,45.1,10090782000.0,193551267,57.7,-22.1,4,6,False,False,False,True,True,True,True,False,True,True,False
FSUN,FirstSun Capital Bancorp - Common Stock,39.74,45.0,1827955101.0,12648886,32.7,-6.1,2,5,False,False,False,True,False,True,False,True,True,True,False
CUBI,"Customers Bancorp, Inc Common Stock",77.06,45.0,2595609277.0,21270496,29.9,-8.7,5,3,False,False,False,True,False,True,False,False,False,True,False
MTB,M&T Bank Corporation Common Stock,221.19,45.0,31578059849.0,248862527,26.6,-13.6,5,4,False,False,False,False,True,True,True,False,False,True,False
GFS,GlobalFoundries Inc. - Ordinary Share,49.0,44.9,26226545271.0,206615416,53.0,-47.1,5,4,False,False,False,False,True,True,False,True,True,False,False
ULTA,"Ulta Beauty, Inc. - Common Stock",545.2,44.9,23464444935.0,327719216,22.9,-23.7,1,3,False,False,False,False,False,True,False,True,False,True,False
BKH,Black Hills Corporation Common Stock,70.46,44.8,5332382150.0,61122663,18.8,-10.5,5,4,False,False,False,False,True,True,True,False,False,True,False
WTRG,"Essential Utilities, Inc. Common Stock",39.53,44.8,11277361763.0,90558486,9.5,-7.0,3,5,False,False,False,True,True,True,True,False,False,True,False
XPO,"XPO, Inc. Common Stock",173.17,44.8,20621268216.0,195492054,42.6,-25.4,5,3,False,False,False,False,True,True,False,False,True,False,False
DIS,Walt Disney Company (The) Common Stock,106.15,44.7,182269069375.0,977866462,15.1,-9.3,1,4,False,False,False,True,False,True,False,True,False,True,False
Q,"Qnity Electronics, Inc. Common Stock",124.69,44.7,25588296894.0,226992964,76.9,-29.7,1,3,False,False,False,False,True,True,False,False,True,False,False
ACIW,"ACI Worldwide, Inc. - Common Stock",49.51,44.6,5009399058.0,49124631,30.1,-18.9,3,6,False,False,False,True,True,True,True,False,True,True,False
SBUX,Starbucks Corporation - Common Stock,94.86,44.6,106761000000.0,725507491,21.6,-14.2,5,4,False,False,False,False,True,True,True,False,False,True,False
HCSG,"Healthcare Services Group, Inc. - Common Stock",21.05,44.5,1439217276.0,16380653,39.1,-18.3,5,5,False,False,False,False,True,True,True,False,True,True,False
T,AT&T Inc.,25.38,44.5,174393214793.0,1190699974,27.6,-13.8,1,5,False,False,False,True,True,True,False,True,False,True,False
TREX,"Trex Company, Inc. Common Stock",44.79,44.5,4402613512.0,80845842,50.5,-17.5,1,6,False,False,False,True,True,True,True,False,True,True,False
HPP,"Hudson Pacific Properties, Inc. Common Stock",11.65,44.4,635486957.0,9202087,121.5,-42.0,0,4,False,False,False,True,True,False,True,False,True,False,False
RJF,"Raymond James Financial, Inc. Common Stock",159.87,44.4,30539345238.0,209214380,15.2,-12.5,2,2,False,False,False,False,False,True,False,False,False,True,False
MDLZ,"Mondelez International, Inc. - Class A Common Stock",60.25,44.3,77676108349.0,510406220,17.7,-9.6,2,5,False,False,False,True,True,True,True,False,False,True,False
CTVA,"Corteva, Inc. Common Stock ",78.52,44.3,53008722200.0,390146981,29.7,-13.7,5,4,False,False,False,False,True,True,True,False,False,True,False
MARA,"MARA Holdings, Inc. - Common Stock",12.55,44.2,4990986917.0,556050340,88.4,-46.5,0,4,False,False,False,True,True,False,False,True,True,False,False
GME,GameStop Corporation Common Stock,23.39,44.2,12622614770.0,153885345,31.5,-16.8,0,4,False,False,False,True,False,False,False,True,True,True,False
VLTO,Veralto Corp Common Stock ,97.14,44.2,23452919693.0,159807567,21.4,-10.0,0,3,False,False,False,True,False,False,False,True,False,True,False
JCAP,"Jefferson Capital, Inc. - Common Stock",19.46,44.1,1122094973.0,6932008,25.5,-20.4,3,2,False,False,False,False,False,True,False,False,False,True,False
KVUE,Kenvue Inc. Common Stock,17.8,44.1,33824820754.0,427665217,27.0,-11.6,3,5,False,False,False,True,True,True,True,False,False,True,False
HIFS,Hingham Institution for Savings - Common Stock,299.18,44.0,638185806.0,13910117,20.4,-11.5,5,4,False,False,False,True,False,True,False,True,False,True,False
LPLA,LPL Financial Holdings Inc. - Common Stock,314.36,44.0,23840015720.0,237256661,20.8,-21.4,0,1,False,False,False,False,False,False,False,False,False,True,False
BCO,Brinks Company (The) Common Stock,106.82,44.0,4359922759.0,54232677,17.3,-21.7,0,1,False,False,False,False,False,False,False,False,False,True,False
HTB,"HomeTrust Bancshares, Inc. Common Stock",46.19,43.9,763379121.0,9741001,20.6,-12.0,5,4,False,False,False,False,True,True,True,False,False,True,False
OMC,Omnicom Group Inc. Common Stock,76.15,43.9,20493643735.0,242096472,14.8,-15.0,5,4,False,False,False,False,True,True,True,False,False,True,False
KE,"Kimball Electronics, Inc. - Common Stock",27.27,43.8,659300023.0,5054925,29.8,-14.8,0,3,False,False,False,True,False,False,False,True,False,True,False
HLF,Herbalife Ltd. Common Shares,12.55,43.8,1279649270.0,19136148,66.0,-38.5,5,3,False,False,False,False,False,True,False,True,True,False,False
ECL,Ecolab Inc. Common Stock,279.49,43.7,77194087408.0,368186020,14.9,-9.6,3,4,False,False,False,True,False,True,False,True,False,True,False
QSR,Restaurant Brands International Inc. Common Shares,71.64,43.7,32229225603.0,209932318,11.8,-12.6,5,4,False,False,False,False,True,True,True,False,False,True,False
SFBS,"ServisFirst Bancshares, Inc. Common Stock",41.31,43.7,4510482075.0,24848584,22.9,-10.3,3,5,False,False,False,True,True,True,True,False,False,True,False
NMIH,NMI Holdings Inc - Common Stock,41.23,43.6,3126806066.0,21285013,18.3,-11.8,3,5,False,False,False,True,True,True,True,False,False,True,False
FRT,Federal Realty Investment Trust Common Stock,110.52,43.6,9588215827.0,102168366,22.8,-13.8,5,4,False,False,False,False,True,True,True,False,False,True,False
MTG,MGIC Investment Corporation Common Stock,28.48,43.5,5893236653.0,55142641,15.4,-10.7,3,5,False,False,False,True,True,True,True,False,False,True,False
PVH,PVH Corp. Common Stock,75.99,43.5,3496786363.0,74666766,27.5,-24.6,0,2,False,False,False,False,True,False,False,False,False,True,False
COIN,"Coinbase Global, Inc. - Class A Common Stock",195.11,43.4,52558953431.0,1632879131,40.3,-51.5,0,3,False,False,False,True,False,False,False,True,True,False,False
BCAT,BlackRock Capital Allocation Term Trust Common Shares of Beneficial Interest,13.7,43.4,1500913800.0,13685782,0.8,-15.4,5,4,False,False,True,False,True,True,True,False,False,True,False
TXNM,"TXNM Energy, Inc. Common Stock",58.52,43.4,6406015285.0,71817278,5.2,-1.7,5,4,False,False,False,True,False,True,False,True,False,True,False
KHC,The Kraft Heinz Company - Common Stock,23.63,43.3,28293754866.0,455300474,12.3,-15.9,3,5,False,False,False,True,True,True,True,False,False,True,False
CBOE,"Cboe Global Markets, Inc. Common Stock",258.03,43.3,29919342938.0,296282312,13.6,-30.5,5,2,False,False,False,False,True,True,False,False,False,False,False
LOGI,Logitech International S.A. - Registered Shares,101.09,43.2,14255830334.0,95984743,21.3,-22.0,0,5,False,False,False,True,True,False,True,True,False,True,False
THRM,Gentherm Inc - Common Stock,35.21,43.2,1040603193.0,17132173,30.4,-27.2,4,3,False,False,False,True,False,True,False,False,True,False,False
DLR,"Digital Realty Trust, Inc. Common Stock",178.61,43.2,66976547856.0,434945626,22.1,-14.2,5,4,False,False,False,False,True,True,True,False,False,True,False
BCPC,Balchem Corporation - Common Stock,167.89,43.1,5350407045.0,32850245,20.6,-8.7,5,4,False,False,False,False,True,True,True,False,False,True,False
CPK,Chesapeake Utilities Corporation Common Stock,128.77,43.1,3091893918.0,23717466,8.3,-8.6,0,4,False,False,False,True,True,False,True,False,False,True,False
AVGO,Broadcom Inc. - Common Stock,352.81,43.0,1672488959501.0,8403309618,21.7,-28.7,0,1,False,False,False,False,True,False,False,False,False,False,False
ALLE,Allegion plc Ordinary Shares,154.47,43.0,12966409129.0,209774695,23.6,-15.6,0,2,False,False,False,True,False,False,False,False,False,True,False
EFSC,Enterprise Financial Services Corporation - Common Stock,60.93,42.9,2196524039.0,16481129,19.1,-11.3,5,5,False,False,False,True,True,True,True,False,False,True,False
MYRG,"MYR Group, Inc. - Common Stock",292.58,42.9,4595731215.0,93595684,57.9,-41.9,5,3,False,False,False,False,True,True,False,False,True,False,False
RMBS,"Rambus, Inc. - Common Stock",105.16,42.9,11339660594.0,236420447,35.0,-39.6,0,3,False,False,False,False,True,False,False,True,True,False,False
SKYW,"SkyWest, Inc. - Common Stock",102.29,42.8,3909624044.0,38122226,31.3,-13.1,0,4,False,False,False,True,False,False,False,True,True,True,False
SON,Sonoco Products Company Common Stock,50.06,42.8,4939795150.0,60976744,29.5,-17.5,5,4,False,False,False,False,True,True,True,False,False,True,False
LSTR,"Landstar System, Inc. - Common Stock",163.77,42.7,5605701272.0,78854517,36.5,-28.3,5,3,False,False,False,False,True,True,False,False,True,False,False
AIN,Albany International Corporation Common Stock,60.98,42.7,1722176000.0,18151249,48.2,-20.8,4,5,False,False,False,False,True,True,True,False,True,True,False
NVS,Novartis AG Common Stock,145.46,42.7,273953336554.0,300260557,19.7,-14.7,5,3,False,False,False,False,True,True,False,False,False,True,False
BRUN,Boost Run Inc. - Class A Common Stock,16.77,42.6,1329030014.0,41565984,58.4,-60.1,5,3,False,False,False,False,True,True,False,False,True,False,False
ESS,"Essex Property Trust, Inc. Common Stock",271.61,42.6,17458521454.0,139684562,13.9,-10.5,4,5,False,False,False,True,True,True,True,False,False,True,False
PRI,"Primerica, Inc. Common Stock",275.59,42.5,8447151481.0,56294886,19.8,-15.8,5,4,False,False,False,False,True,True,True,False,False,True,False
UTL,UNITIL Corporation Common Stock,50.98,42.5,927152506.0,6449060,11.5,-11.0,5,4,False,False,False,False,True,True,True,False,False,True,False
CLDX,"Celldex Therapeutics, Inc. - Common Stock",31.1,42.4,2472109667.0,45793629,40.7,-31.1,5,4,False,False,False,False,True,True,True,False,True,False,False
ESE,ESCO Technologies Inc. Common Stock,268.09,42.4,6954109134.0,62676864,38.4,-26.0,5,3,False,False,False,False,True,True,False,False,True,False,False
GHC,Graham Holdings Company Common Stock,1154.89,42.4,4849119608.0,36888339,24.2,-8.5,5,5,False,False,False,True,True,True,True,False,False,True,False
CMC,Commercial Metals Company Common Stock,65.73,42.3,7104294794.0,73846261,23.8,-22.6,5,2,False,False,False,False,False,True,False,False,False,True,False
LEA,Lear Corporation Common Stock,122.71,42.3,5832653343.0,86358788,27.8,-18.4,5,3,False,False,False,False,True,True,False,False,False,True,False
AFG,"American Financial Group, Inc. Common Stock",138.22,42.2,11477989324.0,52712445,12.3,-7.9,5,5,False,False,False,True,True,True,True,False,False,True,False
AVY,Avery Dennison Corporation Common Stock,170.34,42.2,12808953879.0,166772525,11.8,-14.6,2,2,False,False,False,False,False,True,False,False,False,True,False
FRME,First Merchants Corporation - Common Stock,40.71,42.1,2542515610.0,18691415,17.5,-10.2,5,5,False,False,False,True,True,True,True,False,False,True,False
HTLD,"Heartland Express, Inc. - Common Stock",11.3,42.1,879271787.0,9807822,61.4,-32.1,5,3,False,False,False,False,True,True,False,False,True,False,False
HLIO,"Helios Technologies, Inc. Common Stock",68.64,42.1,2253160455.0,24107845,46.0,-27.8,5,4,False,False,False,False,True,True,True,False,True,False,False
JLL,Jones Lang LaSalle Incorporated Common Stock,321.91,42.0,14866188617.0,120805269,23.9,-18.3,5,2,False,False,False,False,False,True,False,False,False,True,False
UHS,"Universal Health Services, Inc. Common Stock",178.86,42.0,10431173790.0,138634530,27.7,-27.4,0,1,False,False,False,False,False,False,False,True,False,False,False
BNL,"Broadstone Net Lease, Inc. Common Stock",18.91,41.9,3626777152.0,42877608,10.2,-18.1,5,4,False,False,False,False,True,True,True,False,False,True,False
HCA,"HCA Healthcare, Inc. Common Stock",435.61,41.9,91684055220.0,592844236,23.1,-21.7,0,2,False,False,False,False,False,False,False,True,False,True,False
VIK,Viking Holdings Ltd Ordinary Shares,80.3,41.9,35448905821.0,326071463,42.5,-27.1,5,4,False,False,False,False,True,True,True,False,True,False,False
CARS,Cars.com Inc. Common Stock ,10.9,41.8,567982096.0,7289401,47.3,-20.4,0,3,False,False,False,True,False,False,False,False,True,True,False
EW,Edwards Lifesciences Corporation Common Stock,86.29,41.8,49414772000.0,325306887,19.3,-10.4,5,5,False,False,False,True,True,True,True,False,False,True,False
HRI,Herc Holdings Inc. Common Stock ,135.36,41.7,4377513277.0,94150063,53.0,-28.1,4,2,False,False,False,False,False,True,False,False,True,False,False
MDT,Medtronic plc. Ordinary Shares,88.64,41.7,113216494644.0,727518006,20.9,-16.6,0,2,False,False,False,True,False,False,False,False,False,True,False
QNST,"QuinStreet, Inc. - Common Stock",14.41,41.6,824016845.0,18741731,40.0,-35.4,2,4,False,False,False,False,True,True,True,False,True,False,False
MNTN,"MNTN, Inc. Class A Common Stock",11.01,41.6,816102508.0,10768037,43.5,-41.9,0,2,False,False,False,True,False,False,False,False,True,False,False
TDC,Teradata Corporation Common Stock,28.94,41.6,2739780000.0,69860729,42.4,-30.7,5,3,False,False,False,False,False,True,False,True,True,False,False
DUOL,"Duolingo, Inc. - Class A Common Stock",143.51,41.5,6912671245.0,171829852,63.3,-59.3,0,3,False,False,False,True,False,False,False,True,True,False,False
DRI,"Darden Restaurants, Inc. Common Stock",199.75,41.5,23641518296.0,249873209,18.2,-13.1,4,4,False,False,False,False,True,True,True,False,False,True,False
SIGI,"Selective Insurance Group, Inc. - Common Stock",86.12,41.4,5108945491.0,44240879,18.3,-14.2,5,4,False,False,False,False,True,True,True,False,False,True,False
PSA,Public Storage Common Stock,287.97,41.4,49974749891.0,308332828,12.3,-14.2,5,4,False,False,False,False,True,True,True,False,False,True,False
CL,Colgate-Palmolive Company Common Stock,86.06,41.3,68014785770.0,430209661,15.4,-13.4,5,4,False,False,False,False,True,True,True,False,False,True,False
KMI,"Kinder Morgan, Inc. Common Stock",30.75,41.3,69587565281.0,366768626,20.1,-11.7,5,3,False,False,False,False,True,True,False,False,False,True,False
LUV,Southwest Airlines Company Common Stock,42.68,41.3,20326600752.0,230561309,45.9,-22.6,5,4,False,False,False,False,False,True,False,True,True,True,False
AGYS,"Agilysys, Inc. - Common Stock",99.64,41.2,2811552948.0,28525530,62.0,-31.4,0,2,False,False,False,True,False,False,False,False,True,False,False
POWI,"Power Integrations, Inc. - Common Stock",52.22,41.2,2837246072.0,40851069,69.2,-42.7,5,3,False,False,False,False,True,True,False,False,True,False,False
GBDC,"Golub Capital BDC, Inc. - Closed End Fund",12.46,41.1,3222276219.0,14924225,5.9,-13.5,2,5,False,False,False,True,True,True,True,False,False,True,False
ACN,Accenture plc Class A Ordinary Shares (Ireland),176.11,41.1,118422986356.0,1007285298,49.1,-39.5,0,2,False,False,False,False,False,False,False,True,True,False,False
ESNT,Essent Group Ltd. Common Shares,63.73,41.1,5775463440.0,42576762,15.2,-9.4,3,3,False,False,False,True,False,True,False,False,False,True,False
DCI,"Donaldson Company, Inc. Common Stock",87.41,41.0,10037897450.0,62016158,10.1,-22.5,5,2,False,False,False,False,False,True,False,False,False,True,False
LMT,Lockheed Martin Corporation Common Stock,519.56,41.0,120865117346.0,659956370,18.8,-24.9,5,3,False,False,False,False,True,True,False,False,False,True,False
MCO,Moody's Corporation Common Stock,468.7,40.9,80945020000.0,375539345,16.5,-14.3,2,2,False,False,False,False,False,True,False,False,False,True,False
SNA,Snap-On Incorporated Common Stock,369.2,40.9,19020580766.0,128888773,15.1,-12.7,5,4,False,False,False,False,True,True,True,False,False,True,False
WRLD,World Acceptance Corporation - Common Stock,171.99,40.8,796237985.0,17910381,56.4,-24.5,4,6,False,False,False,True,True,True,True,False,True,True,False
ALV,"Autoliv, Inc. Common Stock",117.52,40.8,8343183761.0,77800889,18.5,-11.1,2,2,False,False,False,False,False,True,False,False,False,True,False
BALL,Ball Corporation Common Stock,56.83,40.8,14998092208.0,117438035,26.8,-16.8,5,4,False,False,False,False,True,True,True,False,False,True,False
KYIV,Kyivstar Group Ltd. - Common Shares,13.05,40.7,3060599837.0,5050429,40.5,-21.1,5,6,False,False,False,True,True,True,True,False,True,True,False
FNB,F.N.B. Corporation Common Stock,17.64,40.7,6156336952.0,83003892,22.0,-10.0,5,4,False,False,False,False,True,True,True,False,False,True,False
ABCB,Ameris Bancorp Common Stock,82.29,40.6,5488701078.0,37331863,19.6,-11.7,5,4,False,False,False,False,True,True,True,False,False,True,False
BBT,Beacon Financial Corporation Common stock,28.19,40.6,2346850408.0,27249621,23.6,-14.1,5,4,False,False,False,False,True,True,True,False,False,True,False
MDGL,"Madrigal Pharmaceuticals, Inc. - Common Stock",516.56,40.5,11857268504.0,152888332,31.2,-16.0,0,3,False,False,False,True,False,False,False,False,True,True,False
CNR,"Core Natural Resources, Inc. Common Stock",89.02,40.5,4405714171.0,49038254,19.1,-22.5,5,2,False,False,False,False,False,True,False,False,False,True,False
RHLD,Resolute Holdings Management Common Stock ,125.38,40.5,996998363.0,19913037,94.1,-46.9,0,1,False,False,False,False,False,False,False,False,True,False,False
CRCL,"Circle Internet Group, Inc. Class A Common Stock",89.0,40.4,23610456933.0,1152596183,78.4,-44.2,1,4,False,False,False,False,True,True,False,True,True,False,False
TSLX,"Sixth Street Specialty Lending, Inc. Common Stock",18.14,40.4,1730477973.0,8122481,13.1,-21.8,0,3,False,False,False,True,False,False,False,True,False,True,False
NXPI,NXP Semiconductors N.V. - Common Stock,238.08,40.3,58038106288.0,900088713,30.1,-30.0,5,4,False,False,False,False,True,True,False,True,True,False,False
EMN,Eastman Chemical Company Common Stock,66.97,40.3,7570641496.0,76755413,19.4,-19.8,4,3,False,False,False,False,True,True,False,False,False,True,False
HWM,Howmet Aerospace Inc. Common Stock,232.48,40.3,91477064903.0,746425589,26.5,-25.0,5,3,False,False,False,False,True,True,True,False,False,False,False
FRPT,"Freshpet, Inc. - Common Stock",57.91,40.2,2802266295.0,81869701,24.7,-32.7,3,1,False,False,False,False,False,True,False,False,False,False,False
F,Ford Motor Company Common Stock,12.71,40.2,49350969247.0,683617613,14.4,-28.5,5,3,False,False,False,False,True,True,True,False,False,False,False
AFL,AFLAC Incorporated Common Stock,113.72,40.1,57158149405.0,257329935,7.9,-12.7,5,4,False,False,False,False,True,True,True,False,False,True,False
RF,Regions Financial Corporation Common Stock,27.62,40.1,23223598334.0,257703203,21.7,-14.9,5,4,False,False,False,False,True,True,True,False,False,True,False
FWONK,Liberty Media Corporation - Series C Liberty Formula One Common Stock,94.61,40.0,23837362754.0,203253644,18.0,-13.5,2,5,False,False,False,True,True,True,True,False,False,True,False
QTWO,"Q2 Holdings, Inc. Common Stock",56.13,40.0,3519922533.0,47499222,37.6,-26.4,0,2,False,False,False,True,False,False,False,False,True,False,False
TOST,"Toast, Inc. Class A Common Stock",30.6,40.0,17403580000.0,304448646,37.5,-23.0,0,3,False,False,False,True,False,False,False,False,True,True,False
WTFC,Wintrust Financial Corporation - Common Stock,146.11,39.9,9736688357.0,86657051,22.2,-12.6,5,4,False,False,False,False,True,True,True,False,False,True,False
CWT,California Water Service Group Common Stock,46.17,39.9,2844598646.0,24436780,11.8,-14.2,3,4,False,False,False,False,True,True,True,False,False,True,False
DLTR,"Dollar Tree, Inc. - Common Stock",114.07,39.8,21296038937.0,313500336,34.7,-19.9,3,3,False,False,False,False,False,True,False,False,True,True,False
MSEX,Middlesex Water Company - Common Stock,53.47,39.8,997033183.0,7393520,21.1,-14.0,4,4,False,False,False,False,True,True,True,False,False,True,False
CBT,Cabot Corporation Common Stock,78.76,39.8,4060778701.0,34904373,35.0,-16.7,5,5,False,False,False,False,True,True,True,False,True,True,False
CNA,CNA Financial Corporation Common Stock,45.98,39.7,12477408790.0,24300628,10.7,-17.5,3,4,False,False,False,False,True,True,True,False,False,True,False
WMB,"Williams Companies, Inc. (The) Common Stock",69.26,39.7,86331160174.0,517977574,23.3,-13.5,5,3,False,False,False,False,True,True,False,False,False,True,False
CTRE,"CareTrust REIT, Inc. Common Stock",37.41,39.6,8818462187.0,87513431,14.1,-14.2,5,4,False,False,False,False,True,True,True,False,False,True,False
GE,GE Aerospace Common Stock,327.09,39.6,331791740407.0,1334998992,21.6,-15.9,5,5,False,False,False,True,True,True,True,False,False,True,False
CENTA,Central Garden & Pet Company - Class A Common Stock Nonvoting,34.06,39.5,2140040926.0,11289371,31.2,-16.5,4,5,False,False,False,False,True,True,True,False,True,True,False
FWONA,Liberty Media Corporation - Series A Liberty Formula One Common Stock,86.46,39.5,21743946904.0,14172538,17.3,-13.1,2,5,False,False,False,True,True,True,True,False,False,True,False
IPI,"Intrepid Potash, Inc Common Stock",34.04,39.5,482287196.0,7270572,51.0,-32.4,5,3,False,False,False,False,True,True,False,False,True,False,False
AM,Antero Midstream Corporation Common Stock,20.93,39.4,10077329020.0,52418455,23.4,-12.2,5,4,False,False,False,False,True,True,True,False,False,True,False
LOB,"Live Oak Bancshares, Inc. Common Stock",37.48,39.4,1724990517.0,8797693,27.7,-15.8,5,4,False,False,False,False,True,True,True,False,False,True,False
CUBE,CubeSmart Common Shares,37.82,39.3,8468352335.0,95946825,7.8,-12.6,4,4,False,False,False,False,True,True,True,False,False,True,False
PG,Procter & Gamble Company (The) Common Stock,146.23,39.3,338623408181.0,1249471021,6.3,-12.6,1,5,False,False,False,True,True,True,False,True,False,True,False
WERN,"Werner Enterprises, Inc. - Common Stock",32.89,39.2,2008035183.0,42731157,42.6,-30.7,5,4,False,False,False,False,True,True,True,False,True,False,False
BJ,"BJ's Wholesale Club Holdings, Inc. Common Stock",93.79,39.2,11600741313.0,158503504,12.7,-11.3,2,4,False,False,False,True,False,True,False,True,False,True,False
EFC,Ellington Financial Inc. Common Stock ,12.36,39.2,1594336965.0,15514414,9.6,-12.5,5,4,False,False,False,False,True,True,True,False,False,True,False
HR,Healthcare Realty Trust Incorporated Common Stock,18.05,39.1,6110693321.0,73350452,10.7,-18.1,5,4,False,False,False,False,True,True,True,False,False,True,False
VNO,Vornado Realty Trust Common Stock,34.73,39.1,6419451856.0,54484165,41.4,-17.0,2,6,False,False,False,True,True,True,True,False,True,True,False
VNOM,"Viper Energy, Inc.  - Class A Common Stock",40.93,39.0,14956875345.0,71975217,16.6,-19.9,5,3,False,False,False,False,True,True,False,False,False,True,False
BRC,Brady Corporation Common Stock,84.02,39.0,3875282053.0,19270493,19.1,-15.4,5,4,False,False,False,False,True,True,True,False,False,True,False
TFC,Truist Financial Corporation Common Stock,47.66,39.0,57636323550.0,359000621,16.9,-15.2,5,2,False,False,False,False,False,True,False,False,False,True,False
ESTA,Establishment Labs Holdings Inc. - Common Shares,65.97,38.9,1954408012.0,34713487,76.5,-32.4,5,4,False,False,False,False,True,True,True,False,True,False,False
STRO,"Sutro Biopharma, Inc. - Common Stock",15.98,38.9,260490196.0,6060033,123.5,-63.6,5,3,False,False,False,False,True,True,False,False,True,False,False
CBU,"Community Financial System, Inc. Common Stock",61.57,38.8,3195890070.0,16218818,15.2,-13.4,5,4,False,False,False,False,True,True,True,False,False,True,False
STAG,"Stag Industrial, Inc. Common Stock",36.79,38.8,7189822588.0,61146722,6.9,-13.7,0,3,False,False,False,False,True,False,True,False,False,True,False
EXTR,"Extreme Networks, Inc. - Common Stock",21.52,38.7,2860173840.0,38523452,59.6,-36.2,5,4,False,False,False,False,True,True,True,False,True,False,False
UAL,"United Airlines Holdings, Inc. - Common Stock",113.99,38.7,36090469609.0,418554202,34.7,-17.9,5,4,False,False,False,True,False,True,False,False,True,True,False
FTV,Fortive Corporation Common Stock ,56.09,38.7,16743825363.0,146022546,18.6,-13.1,5,3,False,False,False,False,True,True,False,False,False,True,False
IREN,IREN Limited - Ordinary Shares,44.125,38.6,18185806605.0,1809133882,52.5,-42.6,0,2,False,False,False,False,False,False,False,True,True,False,False
RRC,Range Resources Corporation Common Stock,38.61,38.6,9146216217.0,108581874,18.1,-20.1,5,3,False,False,False,False,True,True,False,False,False,True,False
CDW,CDW Corporation - Common Stock,135.43,38.5,17434930230.0,252254295,39.4,-18.9,1,4,False,False,False,True,False,True,False,False,True,True,False
ENSG,"The Ensign Group, Inc. - Common Stock",175.18,38.5,10099180164.0,65114446,23.7,-19.6,0,1,False,False,False,False,False,False,False,False,False,True,False
COR,"Cencora, Inc. Common Stock",306.92,38.4,59131613619.0,423805285,25.4,-18.7,0,1,False,False,False,False,False,False,False,False,False,True,False
KIM,Kimco Realty Corporation (HC) Common Stock,22.44,38.4,14925063549.0,118133467,13.6,-15.8,5,4,False,False,False,False,True,True,True,False,False,True,False
WMK,"Weis Markets, Inc. Common Stock",72.02,38.4,1789281809.0,13355454,20.1,-14.0,4,4,False,False,False,False,True,True,True,False,False,True,False
NLY,Annaly Capital Management Inc. Common Stock,20.61,38.3,15526517505.0,177697541,3.0,-15.9,5,4,False,False,False,False,True,True,True,False,False,True,False
WRBY,Warby Parker Inc. Class A Common Stock,26.71,38.3,3247183579.0,71746849,78.5,-13.8,3,5,False,False,False,True,False,True,False,True,True,True,False
TCBI,"Texas Capital Bancshares, Inc. - Common Stock",95.82,38.2,4113762167.0,46175775,27.1,-12.0,5,3,False,False,False,False,True,True,False,False,False,True,False
AI,"C3.ai, Inc. Class A Common Stock",10.65,38.2,1729991251.0,50405662,38.8,-47.3,0,3,False,False,False,True,False,False,False,True,True,False,False
KRG,Kite Realty Group Trust Common Stock,24.78,38.2,4950572714.0,64428563,16.2,-17.2,5,4,False,False,False,False,True,True,True,False,False,True,False
LGN,Legence Corp. - Class A Common stock,52.52,38.1,5668558926.0,67500320,81.1,-51.0,2,3,False,False,False,False,True,True,False,False,True,False,False
BCC,"Boise Cascade, L.L.C. Common Stock",77.14,38.1,2655231811.0,25837089,18.7,-16.1,2,3,False,False,False,True,False,True,False,False,False,True,False
PECO,"Phillips Edison & Company, Inc. - Common Stock",37.39,38.0,4777344000.0,36009017,13.4,-15.7,5,4,False,False,False,False,True,True,True,False,False,True,False
DEC,Diversified Energy Company Common Stock,13.79,38.0,1078425889.0,12266725,11.8,-27.0,2,2,False,False,False,False,True,True,False,False,False,False,False
WTW,Willis Towers Watson Public Limited Company - Ordinary Shares,293.99,37.9,27269986861.0,174631925,22.2,-16.7,2,2,False,False,False,False,False,True,False,False,False,True,False
XPEL,"XPEL, Inc. - Common Stock",43.48,37.9,1206220225.0,9949384,38.0,-22.2,5,3,False,False,False,False,False,True,False,False,True,True,False
MTN,"Vail Resorts, Inc. Common Stock",136.11,37.9,4911012553.0,100672233,14.9,-16.7,3,3,False,False,False,True,False,True,False,False,False,True,False
COLM,Columbia Sportswear Company - Common Stock,57.6,37.8,2916476262.0,40907239,21.3,-16.6,5,3,False,False,False,False,True,True,False,False,False,True,False
DSGX,The Descartes Systems Group Inc. - Common Stock,78.61,37.8,6855005552.0,47073820,25.7,-20.1,0,3,False,False,False,True,False,False,False,True,False,True,False
FFIN,"First Financial Bankshares, Inc. - Common Stock",32.45,37.7,4610845900.0,24535994,15.4,-11.1,3,5,False,False,False,True,True,True,True,False,False,True,False
PCRX,"Pacira BioSciences, Inc. - Common Stock",25.12,37.7,1018869806.0,15130787,33.6,-9.2,2,6,False,False,False,True,True,True,True,False,True,True,False
CMRE,Costamare Inc. Common Stock $0.0001 par value,14.53,37.7,1767831207.0,5397458,34.0,-19.5,5,3,False,False,False,False,False,True,False,False,True,True,False
AGIO,"Agios Pharmaceuticals, Inc. - Common Stock",32.58,37.6,1964191918.0,36148773,46.5,-29.2,1,5,False,False,False,True,True,True,True,False,True,False,False
SCI,Service Corporation International Common Stock,77.84,37.6,10622164104.0,80443349,13.8,-14.5,2,4,False,False,False,False,True,True,True,False,False,True,False
JBIO,"Jade Biosciences, Inc. - Common Stock",14.42,37.5,936789511.0,17219431,87.4,-48.5,5,4,False,False,False,False,True,True,True,False,True,False,False
TFX,Teleflex Incorporated Common Stock,122.07,37.5,5088501156.0,86168787,21.9,-15.8,5,4,False,False,False,False,True,True,True,False,False,True,False
ASND,Ascendis Pharma A/S - Ordinary Share,225.6,37.4,15150826619.0,161919225,21.3,-20.0,5,4,False,False,False,False,True,True,True,False,False,True,False
PCAR,PACCAR Inc. - Common Stock,111.31,37.4,58252809349.0,431779406,20.7,-20.1,5,4,False,False,False,False,True,True,True,False,False,True,False
OC,Owens Corning Inc Common Stock New,123.91,37.4,9542757012.0,135490116,27.0,-22.5,2,4,False,False,False,False,True,True,True,False,False,True,False
EVRG,"Evergy, Inc. - Common Stock",78.04,37.3,17905846578.0,166431594,9.3,-11.9,5,4,False,False,False,False,True,True,True,False,False,True,False
KEY,KeyCorp Common Stock,20.61,37.3,21609353219.0,258298218,25.1,-14.4,5,4,False,False,False,False,True,True,True,False,False,True,False
CART,Maplebear Inc. - Common Stock,43.19,37.2,10014692898.0,192077985,32.0,-18.0,3,5,False,False,False,False,True,True,True,False,True,True,False
PNFP,"Pinnacle Financial Partners, Inc. Common stock",94.97,37.2,14186454643.0,109736978,17.1,-13.9,4,2,False,False,False,False,False,True,False,False,False,True,False
CLPT,ClearPoint Neuro Inc. - Common Stock,14.83,37.1,445666756.0,8671309,79.3,-50.7,0,3,False,False,False,True,False,False,False,True,True,False,False
PGY,Pagaya Technologies Ltd. - Class A Ordinary Shares,17.62,37.1,1561731781.0,53735167,69.4,-50.4,0,2,False,False,False,True,False,False,False,False,True,False,False
YETI,"YETI Holdings, Inc. Common Stock",42.28,37.1,3064799544.0,78138572,33.5,-21.7,5,3,False,False,False,False,False,True,False,False,True,True,False
ASO,"Academy Sports and Outdoors, Inc. - Common Stock",49.14,37.0,2963792024.0,82818258,19.0,-21.3,1,3,False,False,False,False,False,True,False,True,False,True,False
MSCI,MSCI Inc. Common Stock,551.36,37.0,40427016000.0,369736160,10.0,-14.5,5,3,False,False,False,False,True,True,False,False,False,True,False
HCI,"HCI Group, Inc. Common Stock",174.94,36.9,2200311184.0,29048969,20.9,-16.9,1,3,False,False,False,True,False,True,False,False,False,True,False
SMA,"SmartStop Self Storage REIT, Inc. Common Stock",31.73,36.9,1730278219.0,24480549,7.9,-18.0,1,4,False,False,False,False,True,True,True,False,False,True,False
WTM,"White Mountains Insurance Group, Ltd. Common Stock",2028.62,36.9,4843444527.0,43004076,23.1,-13.0,5,3,False,False,False,False,True,True,False,False,False,True,False
REG,Regency Centers Corporation - Common Stock,73.23,36.8,13353150287.0,102900170,9.5,-12.5,5,3,False,False,False,False,True,True,False,False,False,True,False
RBC,RBC Bearings Incorporated Common Stock,506.1,36.8,15951510593.0,146897833,38.8,-24.2,5,4,False,False,False,False,True,True,False,False,True,True,False
AVTX,"Avalo Therapeutics, Inc. - Common Stock",15.47,36.7,843063427.0,16758103,44.6,-36.3,5,4,False,False,False,False,True,True,True,False,True,False,False
KBDC,"Kayne Anderson BDC, Inc. Common Stock",13.04,36.7,857831152.0,5023996,1.2,-17.8,0,2,False,False,False,False,True,False,False,False,False,True,False
ACGL,Arch Capital Group Ltd. - Common Stock,94.66,36.6,32423591553.0,273429379,14.8,-11.6,5,4,False,False,False,False,True,True,True,False,False,True,False
ALGM,"Allegro MicroSystems, Inc. - Common Stock",36.76,36.6,6548303876.0,88296478,64.0,-48.8,5,3,False,False,False,False,True,True,False,False,True,False,False
CIFR,Cipher Digital Inc. - Common Stock,17.73,36.6,7512056068.0,634097823,61.0,-41.2,0,2,False,False,False,False,True,False,False,False,True,False,False
PLMR,"Palomar Holdings, Inc. - Common stock",123.99,36.5,3306290515.0,30680849,23.0,-16.0,3,2,False,False,False,False,False,True,False,False,False,True,False
NBHC,National Bank Holdings Corporation Common Stock,40.17,36.5,1782027275.0,17679251,14.6,-15.0,5,4,False,False,False,False,True,True,True,False,False,True,False
CRSP,CRISPR Therapeutics AG - Common Shares,54.23,36.4,5385780772.0,85406996,22.9,-30.9,1,3,False,False,False,True,False,True,False,True,False,False,False
NVST,Envista Holdings Corporation Common Stock,23.95,36.4,3866068256.0,75951866,27.6,-21.3,5,4,False,False,False,False,True,True,True,False,False,True,False
LKFN,Lakeland Financial Corporation - Common Stock,59.51,36.3,1462883884.0,10257369,9.5,-10.4,2,4,False,False,False,False,True,True,True,False,False,True,False
FLOC,Flowco Holdings Inc. Class A Common Stock,19.14,36.3,1761887946.0,11459062,36.4,-32.3,5,3,False,False,False,False,True,True,False,False,True,False,False
RL,Ralph Lauren Corporation Common Stock,357.1,36.3,20964606615.0,233019519,19.0,-15.3,5,3,False,False,False,False,True,True,False,False,False,True,False
EXPO,"Exponent, Inc. - Common Stock",64.18,36.2,3064820575.0,32386198,23.6,-21.7,0,1,False,False,False,False,False,False,False,False,False,True,False
RMD,ResMed Inc. Common Stock,222.0,36.2,32008144178.0,304588626,23.1,-22.1,0,2,False,False,False,False,False,False,False,True,False,True,False
AWK,"American Water Works Company, Inc. Common Stock",130.91,36.1,26138823923.0,295095813,8.6,-10.1,2,4,False,False,False,False,True,True,True,False,False,True,False
FTS,Fortis Inc. Common Shares,53.09,36.1,27118572000.0,42247081,7.4,-10.6,5,3,False,False,False,False,True,True,False,False,False,True,False
GD,General Dynamics Corporation Common Stock,336.72,36.1,90985679107.0,406995647,9.8,-15.8,5,4,False,False,False,False,True,True,True,False,False,True,False
DASH,"DoorDash, Inc. - Common Stock",193.36,36.0,81256362126.0,845539200,34.9,-32.3,1,3,False,False,False,True,False,True,False,False,True,False,False
OBDC,Blue Owl Capital Corporation Common Stock,10.81,36.0,5325939745.0,39556031,2.8,-20.4,0,1,False,False,False,False,False,False,False,False,False,True,False
ATR,"AptarGroup, Inc. Common Stock",123.87,35.9,7844639696.0,57546504,20.0,-15.7,2,4,False,False,False,False,True,True,True,False,False,True,False
TM,Toyota Motor Corporation Common Stock,190.34,35.9,243369577744.0,68912201,14.6,-23.5,0,2,False,False,False,False,False,False,False,True,False,True,False
BXP,"BXP, Inc. Common Stock",63.4,35.8,9942125092.0,94589000,27.5,-17.0,0,2,False,False,False,True,False,False,False,False,False,True,False
CCS,"Century Communities, Inc. Common Stock",62.66,35.8,1762839800.0,17909630,32.5,-17.6,3,4,False,False,False,True,False,True,False,False,True,True,False
OMF,"OneMain Holdings, Inc. Common Stock",57.36,35.8,6519400048.0,58877099,25.3,-20.3,3,2,False,False,False,False,False,True,False,False,False,True,False
MAS,Masco Corporation Common Stock,68.85,35.7,13272685913.0,179594742,18.4,-17.7,3,4,False,False,False,False,True,True,True,False,False,True,False
WFC,Wells Fargo & Company Common Stock,82.97,35.7,248512265432.0,1167428157,14.0,-15.1,4,2,False,False,False,False,False,True,False,False,False,True,False
CYTK,"Cytokinetics, Incorporated - Common Stock",64.66,35.6,9128277626.0,141103368,36.9,-26.8,5,4,False,False,False,False,True,True,True,False,True,False,False
AGI,Alamos Gold Inc. Class A Common Shares,34.5,35.6,14320820515.0,144115714,27.5,-37.7,1,2,False,False,False,False,False,True,False,True,False,False,False
COST,Costco Wholesale Corporation - Common Stock,922.765,35.5,397569878210.0,1896464115,9.3,-15.8,2,3,False,False,False,False,True,True,False,False,False,True,False
DLB,Dolby Laboratories Common Stock,58.56,35.5,5391575840.0,58175254,21.3,-19.8,0,1,False,False,False,False,False,False,False,False,False,True,False
NJR,NewJersey Resources Corporation Common Stock,50.61,35.5,5180953323.0,36441990,16.5,-16.8,5,3,False,False,False,False,True,True,False,False,False,True,False
SRPT,"Sarepta Therapeutics, Inc. - Common Stock",18.67,35.4,1942480916.0,57944235,27.2,-26.3,1,1,False,False,False,False,False,True,False,False,False,False,False
APAM,Artisan Partners Asset Management Inc. Class A Common Stock,36.16,35.4,2900780097.0,33227252,6.5,-22.3,2,2,False,False,False,False,False,True,False,False,False,True,False
PPLI,People Incorporated - Common Stock,40.0,35.3,2675488825.0,43441480,35.3,-17.2,5,5,False,False,False,False,True,True,False,True,True,True,False
TRS,TriMas Corporation - Common Stock,39.15,35.3,1415941767.0,15279263,28.7,-13.8,5,5,False,False,False,True,True,True,True,False,False,True,False
SHW,Sherwin-Williams Company (The) Common Stock,329.1,35.3,77779711580.0,619687609,13.5,-12.9,0,1,False,False,False,False,False,False,False,False,False,True,False
JKHY,"Jack Henry & Associates, Inc. - Common Stock",147.79,35.2,10359137832.0,156818816,22.1,-23.6,0,1,False,False,False,False,False,False,False,False,False,True,False
CAL,"Caleres, Inc. Common Stock",12.52,35.2,430967163.0,6772905,42.3,-16.8,2,4,False,False,False,True,False,True,False,False,True,True,False
ADUR,Aduro Clean Technologies Inc. - Common Stock,12.63,35.1,448451635.0,5637757,40.3,-30.6,5,4,False,False,False,False,True,True,True,False,True,False,False
ED,"Consolidated Edison, Inc. Common Stock",103.1,35.1,37985098895.0,236476062,8.6,-11.3,5,3,False,False,False,False,True,True,False,False,False,True,False
PLOW,"Douglas Dynamics, Inc. Common Stock",39.74,35.0,916851038.0,11154043,39.3,-27.7,5,3,False,False,False,False,True,True,False,False,True,False,False
SMP,"Standard Motor Products, Inc. Common Stock",37.69,35.0,833963138.0,6471306,10.0,-18.1,2,2,False,False,False,False,False,True,False,False,False,True,False
SYY,Sysco Corporation Common Stock,78.46,35.0,38462752532.0,302210120,15.1,-14.6,3,4,False,False,False,False,True,True,True,False,False,True,False
TECX,"Tectonic Therapeutic, Inc. - Common Stock",23.67,34.9,471530708.0,6313189,64.5,-40.1,5,4,False,False,False,False,True,True,True,False,True,False,False
ZBH,"Zimmer Biomet Holdings, Inc. Common Stock",91.04,34.9,17107263326.0,206835571,15.1,-14.8,1,4,False,False,False,False,True,True,True,False,False,True,False
CRC,California Resources Corporation Common Stock,52.51,34.8,4656826990.0,46021124,21.4,-27.0,2,2,False,False,False,False,True,True,False,False,False,False,False
FHN,First Horizon Corporation Common Stock,23.46,34.8,10982154522.0,124866275,18.5,-11.7,5,4,False,False,False,False,True,True,True,False,False,True,False
UPS,"United Parcel Service, Inc. Common Stock",93.96,34.8,78314444623.0,524231189,14.6,-23.2,5,2,False,False,False,False,False,True,False,False,False,True,False
HQY,"HealthEquity, Inc. - Common Stock",88.25,34.7,7328575226.0,80525665,21.3,-18.0,0,3,False,False,False,False,True,False,True,False,False,True,False
TR,"Tootsie Roll Industries, Inc. Common Stock",38.04,34.7,2834705428.0,6171486,13.8,-15.6,2,3,False,False,False,False,True,True,False,False,False,True,False
EXR,Extra Space Storage Inc Common Stock,133.35,34.6,27936173654.0,182215191,6.1,-16.1,4,4,False,False,False,False,True,True,True,False,False,True,False
LW,"Lamb Weston Holdings, Inc. Common Stock ",43.58,34.6,6100032458.0,82374643,15.8,-35.0,0,0,False,False,False,False,False,False,False,False,False,False,False
INMD,InMode Ltd.  - Ordinary Shares,14.26,34.5,815652155.0,7300463,12.1,-14.8,1,2,False,False,False,False,False,True,False,False,False,True,False
BRX,Brixmor Property Group Inc. Common Stock,28.07,34.5,8509569323.0,77741576,13.8,-14.6,5,3,False,False,False,False,True,True,False,False,False,True,False
NWN,Northwest Natural Holding Company Common Stock,47.04,34.5,1977133480.0,11866934,7.8,-16.0,5,3,False,False,False,False,True,True,False,False,False,True,False
GDDY,GoDaddy Inc. Class A Common Stock,97.14,34.4,12767355040.0,219858356,35.7,-32.2,0,3,False,False,False,True,False,False,False,True,True,False,False
PB,"Prosperity Bancshares, Inc. Common Stock",67.77,34.4,8087896688.0,71262473,11.0,-12.2,4,2,False,False,False,False,False,True,False,False,False,True,False
TRI,Thomson Reuters Corp - Common Shares,98.99,34.3,43458624000.0,193819390,29.8,-39.8,0,1,False,False,False,True,False,False,False,False,False,False,False
CVSA,Covista Inc. Common Shares,120.75,34.3,4226259891.0,44544980,38.8,-22.7,1,6,False,False,False,True,True,True,True,False,True,True,False
BKU,"BankUnited, Inc. Common Stock",43.64,34.2,3090767284.0,40801400,24.3,-16.3,5,2,False,False,False,False,False,True,False,False,False,True,False
BOH,Bank of Hawaii Corporation Common Stock,71.65,34.2,2806106667.0,30184809,20.7,-17.0,5,4,False,False,False,False,True,True,True,False,False,True,False
WPC,W. P. Carey Inc. REIT,66.09,34.2,15024523170.0,95718655,4.8,-14.4,5,3,False,False,False,False,True,True,False,False,False,True,False
BBIO,"BridgeBio Pharma, Inc. - Common Stock",65.57,34.1,12956909777.0,174963859,34.4,-29.8,5,2,False,False,False,False,False,True,False,False,True,False,False
BAH,Booz Allen Hamilton Holding Corporation Common Stock,72.95,34.1,8879436707.0,139332957,22.6,-33.1,0,0,False,False,False,False,False,False,False,False,False,False,False
CENX,Century Aluminum Company - Common Stock,38.39,34.0,3773624405.0,84286631,51.1,-45.5,5,3,False,False,False,False,True,True,False,False,True,False,False
IBOC,International Bancshares Corporation - Common Stock,69.94,34.0,4315469156.0,23796705,10.7,-10.9,5,4,False,False,False,False,True,True,True,False,False,True,False
APG,APi Group Corporation Common Stock,38.46,34.0,16348624036.0,124509914,15.1,-23.1,5,3,False,False,False,False,True,True,False,False,False,True,False
WMG,Warner Music Group Corp. - Class A Common Stock,27.14,33.9,14275665596.0,55767174,16.3,-23.4,0,1,False,False,False,False,False,False,False,False,False,True,False
BTI,"British American Tobacco  Industries, p.l.c. Common Stock ADR",55.63,33.9,121021885751.0,263471119,11.5,-17.3,5,3,False,False,False,False,True,True,False,False,False,True,False
AMH,American Homes 4 Rent Common Shares of Beneficial Interest,30.64,33.8,11016048882.0,81870457,12.6,-12.6,3,4,False,False,False,False,True,True,True,False,False,True,False
ELAN,Elanco Animal Health Incorporated Common Stock,22.31,33.8,11166547901.0,156168368,20.7,-20.3,5,4,False,False,False,False,True,True,True,False,False,True,False
FIZZ,National Beverage Corp. - Common Stock,29.67,33.7,2796289071.0,11958961,2.4,-22.4,1,4,False,False,False,False,True,True,True,False,False,True,False
APO,"Apollo Global Management, Inc. (New) Common Stock",121.69,33.7,71272653860.0,415266432,22.2,-20.6,0,1,False,False,False,False,False,False,False,False,False,True,False
ARES,Ares Management Corporation Class A Common Stock,122.01,33.7,39669597975.0,295298054,27.4,-32.7,0,0,False,False,False,False,False,False,False,False,False,False,False
HUBB,Hubbell Inc Common Stock,466.62,33.6,24613638177.0,253717422,15.6,-17.5,5,3,False,False,False,False,True,True,False,False,False,True,False
NNN,"NNN REIT, Inc. Common Stock",41.3,33.6,7903735052.0,68464570,6.2,-17.4,5,4,False,False,False,False,True,True,True,False,False,True,False
CE,Celanese Corporation Common Stock,47.09,33.5,5219658921.0,85229238,34.0,-33.4,5,4,False,False,False,False,True,True,False,True,True,False,False
CXT,"Crane NXT, Co. Common Stock",47.72,33.5,2714591097.0,27800208,33.6,-30.8,0,2,False,False,False,True,False,False,False,False,True,False,False
CTNM,"Contineum Therapeutics, Inc. - Common stock",12.56,33.4,469887939.0,7156708,46.0,-29.4,5,4,False,False,False,False,True,True,True,False,True,False,False
CI,The Cigna Group Common Stock,272.01,33.4,70155849033.0,461780306,13.6,-13.8,1,4,False,False,False,False,True,True,True,False,False,True,False
TYG,Tortoise Energy Infrastructure Corporation Common Stock,40.02,33.4,482125839.0,5635398,0.3,-21.8,5,3,False,False,True,False,True,True,False,False,False,True,False
WWD,"Woodward, Inc. - Common Stock",330.31,33.3,19241851822.0,236832325,41.6,-26.7,5,3,False,False,False,False,True,True,False,False,True,False,False
NP,Neptune Insurance Holdings Inc. Class A Common Stock,27.51,33.3,3719016739.0,18503608,86.1,-21.7,2,5,False,False,False,False,True,True,True,False,True,True,False
PAYX,"Paychex, Inc. - Common Stock",101.37,33.2,36164056252.0,351874028,18.6,-22.2,2,2,False,False,False,False,False,True,False,False,False,True,False
PPG,"PPG Industries, Inc. Common Stock",107.52,33.2,23634936000.0,187791288,15.1,-19.4,4,4,False,False,False,False,True,True,True,False,False,True,False
SWX,"Southwest Gas Holdings, Inc. Common Stock (DE)",82.44,33.2,5895643517.0,50013184,7.4,-12.7,5,4,False,False,False,False,True,True,True,False,False,True,False
KGC,Kinross Gold Corporation Common Stock,25.05,33.1,29159922000.0,224130419,13.8,-35.9,5,1,False,False,False,False,False,True,False,False,False,False,False
PAM,Pampa Energia S.A.,77.82,33.1,4290725916.0,14893708,36.2,-17.7,0,2,False,False,False,False,False,False,False,False,True,True,False
NTST,NetSTREIT Corp. Common Stock,18.21,33.0,1875222123.0,33371667,7.0,-19.0,5,4,False,False,False,False,True,True,True,False,False,True,False
UTF,"Cohen & Steers Infrastructure Fund, Inc Common Stock",24.18,33.0,,7699014,3.2,-14.0,5,4,False,False,False,False,True,True,True,False,False,True,False
AAL,"American Airlines Group, Inc. - Common Stock",13.87,32.9,8837298846.0,1007668441,37.5,-26.2,0,1,False,False,False,False,False,False,False,False,True,False,False
LUNR,"Intuitive Machines, Inc. - Class A Common Stock",15.61,32.9,3594107868.0,136192765,100.6,-66.6,5,4,False,False,False,False,True,True,False,True,True,False,False
RYTM,"Rhythm Pharmaceuticals, Inc. - Common Stock",98.66,32.9,6768848181.0,66749900,32.4,-19.3,0,2,False,False,False,False,False,False,False,False,True,True,False
D,"Dominion Energy, Inc. Common Stock",60.68,32.8,53123367320.0,276182308,8.6,-16.9,5,4,False,False,False,False,True,True,True,False,False,True,False
SKT,Tanger Inc. Common Stock,34.73,32.8,4021913405.0,34563147,11.6,-18.3,5,4,False,False,False,False,True,True,True,False,False,True,False
IVT,InvenTrust Properties Corp. Common Stock,30.53,32.7,2383800636.0,20123228,13.9,-18.0,5,4,False,False,False,False,True,True,True,False,False,True,False
RSG,"Republic Services, Inc. Common Stock",212.1,32.7,65137624680.0,331520586,8.0,-9.1,1,4,False,False,False,False,True,True,True,False,False,True,False
CVCO,"Cavco Industries, Inc. - Common Stock",557.28,32.6,4176960060.0,61040891,25.7,-21.8,0,1,False,False,False,False,False,False,False,False,False,True,False
FELE,"Franklin Electric Co., Inc. - Common Stock",97.07,32.6,4281438174.0,28213741,8.4,-16.2,5,4,False,False,False,False,True,True,True,False,False,True,False
WAY,Waystar Holding Corp. - Common Stock,24.7,32.6,4724680970.0,61037455,43.1,-38.8,0,3,False,False,False,True,False,False,False,True,True,False,False
TW,Tradeweb Markets Inc. - Class A Common Stock,101.19,32.5,23667278136.0,144141269,10.7,-20.8,0,2,False,False,False,False,True,False,False,False,False,True,False
IE,Ivanhoe Electric Inc. Common Stock,10.56,32.5,1594306687.0,21691894,34.4,-51.0,0,2,False,False,False,False,False,False,False,True,True,False,False
AX,"Axos Financial, Inc. Common Stock",88.52,32.4,5025572304.0,32722789,18.2,-16.3,3,2,False,False,False,False,False,True,False,False,False,True,False
GAP,"Gap, Inc. (The) Common Stock",21.82,32.4,7619049272.0,146590565,20.5,-25.7,0,1,False,False,False,False,False,False,False,True,False,False,False
GTY,Getty Realty Corporation Common Stock,28.66,32.4,1778087788.0,19231239,12.9,-22.2,5,4,False,False,False,False,True,True,True,False,False,True,False
CINF,Cincinnati Financial Corporation - Common Stock,162.54,32.3,24914091045.0,110251122,8.4,-16.6,5,4,False,False,False,False,True,True,True,False,False,True,False
WULF,TeraWulf Inc. - Common Stock,15.74,32.3,8128199748.0,519343388,50.9,-47.3,5,3,False,False,False,False,True,True,False,False,True,False,False
LGIH,"LGI Homes, Inc. - Common Stock",49.99,32.2,1138932845.0,17378249,49.0,-24.5,3,3,False,False,False,False,False,True,False,False,True,True,False
MGRC,McGrath RentCorp - Common Stock,113.23,32.2,2734697229.0,17538631,19.2,-10.0,2,5,False,False,False,True,True,True,True,False,False,True,False
LIN,Linde plc - Ordinary Shares,469.89,32.1,215803253507.0,998843371,21.2,-14.3,5,3,False,False,False,False,True,True,False,False,False,True,False
LINE,"Lineage, Inc. - Common Stock",36.15,32.1,8238548234.0,36923300,15.4,-21.0,4,4,False,False,False,False,True,True,True,False,False,True,False
ZWS,Zurn Elkay Water Solutions Corporation Common Stock,46.65,32.1,7729266920.0,44429711,8.3,-15.2,5,4,False,False,False,False,True,True,True,False,False,True,False
FERG,Ferguson Enterprises Inc. Common Stock,222.74,32.0,42592484702.0,622547124,5.0,-18.0,0,1,False,False,False,False,False,False,False,False,False,True,False
MHO,"M/I Homes, Inc. Common Stock",138.75,32.0,3482990351.0,30794828,18.8,-15.2,3,4,False,False,False,False,True,True,True,False,False,True,False
AD,"Array Digital Infrastructure, Inc. Common Shares",34.49,31.9,2983385000.0,7424809,2.3,-43.3,5,2,False,False,False,False,True,True,False,False,False,False,False
BKSY,BlackSky Technology Inc. Class A Common Stock,23.25,31.9,948228682.0,23529320,87.3,-56.0,5,3,False,False,False,False,True,True,False,False,True,False,False
SPOT,Spotify Technology S.A. Ordinary Shares,510.01,31.9,105258637657.0,900711578,25.9,-31.1,0,1,False,False,False,True,False,False,False,False,False,False,False
GRBK,"Green Brick Partners, Inc. Common Stock",68.79,31.8,2915695082.0,21859230,13.8,-17.3,5,2,False,False,False,False,False,True,False,False,False,True,False
OGE,OGE Energy Corp Common Stock,44.81,31.8,9147419388.0,68927667,7.5,-11.4,5,3,False,False,False,False,True,True,False,False,False,True,False
FIGR,"Figure Technology Solutions, Inc. - Class A Common Stock",31.9,31.7,7328181300.0,142765754,32.3,-59.1,0,1,False,False,False,False,False,False,False,False,True,False,False
PLAB,"Photronics, Inc. - Common Stock",30.4,31.7,1758705548.0,34726127,51.6,-45.7,5,4,False,False,False,False,True,True,False,True,True,False,False
AAUC,Allied Gold Corporation Common Shares,22.29,31.6,3072621041.0,15238834,52.7,-30.8,5,3,False,False,False,False,False,True,False,True,True,False,False
BR,"Broadridge Financial Solutions, Inc. Common Stock",163.77,31.6,18546785663.0,195940337,22.4,-31.4,0,0,False,False,False,False,False,False,False,False,False,False,False
ETR,Entergy Corporation Common Stock,98.57,31.6,45804547844.0,284507744,9.3,-16.8,5,3,False,False,False,False,True,True,False,False,False,True,False
IONQ,"IonQ, Inc. Common Stock",45.48,31.5,17137484084.0,854896527,75.7,-46.3,0,3,False,False,False,True,False,False,False,True,True,False,False
L,Loews Corporation Common Stock,104.82,31.5,21479220540.0,91510098,7.6,-13.4,5,4,False,False,False,False,True,True,True,False,False,True,False
GRRR,Gorilla Technology Group Inc. - Ordinary shares,14.01,31.4,398597327.0,12346202,55.0,-40.4,1,5,False,False,False,True,True,True,False,True,True,False,False
EVTC,"Evertec, Inc. Common Stock",28.18,31.4,1685021684.0,12650250,29.2,-19.0,2,2,False,False,False,False,False,True,False,False,False,True,False
HLIT,Harmonic Inc. - Common Stock,11.01,31.3,1193732241.0,18311742,30.0,-37.7,5,2,False,False,False,False,True,True,False,False,False,False,False
TPG,TPG Inc. - Class A Common Stock,44.39,31.3,16488595761.0,135219473,20.1,-36.9,0,0,False,False,False,False,False,False,False,False,False,False,False
HMN,Horace Mann Educators Corporation Common Stock,45.35,31.3,1858188358.0,14216889,9.8,-18.4,5,4,False,False,False,False,True,True,True,False,False,True,False
CTGO,Contango Silver & Gold Inc. Common Stock,18.55,31.2,606279728.0,7171781,27.9,-46.0,0,1,False,False,False,False,False,False,False,True,False,False,False
RQI,Cohen & Steers Quality Income Realty Fund Inc Common Shares,11.17,31.2,1498792553.0,7347869,0.8,-17.7,5,3,False,False,True,False,True,True,False,False,False,True,False
GGG,Graco Inc. Common Stock,77.86,31.1,12494737522.0,153008808,7.4,-18.6,0,1,False,False,False,False,False,False,False,False,False,True,False
MSDL,Morgan Stanley Direct Lending Fund Common Stock,14.29,31.1,,6516337,4.6,-20.2,0,1,False,False,False,False,False,False,False,False,False,True,False
RYZ,Ryerson Holding Corporation Common Stock,23.85,31.1,1229479090.0,12944988,23.3,-25.5,5,1,False,False,False,False,False,True,False,False,False,False,False
AMT,American Tower Corporation (REIT) Common Stock,169.03,31.0,77936477628.0,450185063,5.6,-14.4,0,2,False,False,False,False,True,False,False,False,False,True,False
FSS,Federal Signal Corporation Common Stock,114.75,31.0,6884272889.0,49065942,13.4,-14.7,2,4,False,False,False,False,True,True,True,False,False,True,False
ODFL,"Old Dominion Freight Line, Inc. - Common Stock",173.3,30.9,36272893886.0,345181122,37.5,-31.2,5,3,False,False,False,False,True,True,False,False,True,False,False
INVH,Invitation Homes Inc. Common Stock,26.62,30.9,15651515489.0,128480359,9.8,-13.8,3,4,False,False,False,False,True,True,True,False,False,True,False
CRAI,"CRA International,Inc. - Common Stock",162.07,30.8,1020429130.0,22519021,22.6,-28.7,0,0,False,False,False,False,False,False,False,False,False,False,False
OZK,Bank OZK - Common Stock,46.89,30.8,5272143751.0,54708984,10.7,-12.2,4,4,False,False,False,False,True,True,True,False,False,True,False
SGHC,Super Group (SGHC) Limited Ordinary Shares,11.97,30.8,6086759920.0,33280550,41.5,-24.5,5,5,False,False,False,False,True,True,True,False,True,True,False
KRC,Kilroy Realty Corporation Common Stock,34.23,30.7,3960321041.0,47993247,25.1,-21.5,0,1,False,False,False,False,False,False,False,False,False,True,False
MRSH,Marsh Common Stock,171.12,30.7,81092510771.0,458371444,9.3,-17.7,2,2,False,False,False,False,False,True,False,False,False,True,False
AIG,"American International Group, Inc. New Common Stock",74.17,30.6,39122866905.0,279874042,4.1,-15.0,1,2,False,False,False,False,False,True,False,False,False,True,False
UE,Urban Edge Properties Common Shares of Beneficial Interest,19.9,30.6,2499640427.0,17189914,7.8,-17.5,5,4,False,False,False,False,True,True,True,False,False,True,False
CMI,Cummins Inc. Common Stock,525.06,30.5,71732834241.0,609782941,31.0,-28.8,5,3,False,False,False,False,True,True,False,False,True,False,False
FBK,FB Financial Corporation Common Stock,52.74,30.5,2639345468.0,25006333,7.1,-15.8,5,2,False,False,False,False,False,True,False,False,False,True,False
TRP,TC Energy Corporation Common Stock,58.78,30.5,59650000000.0,154828663,19.3,-17.8,5,3,False,False,False,False,True,True,False,False,False,True,False
IRMD,iRadimed Corporation - Common Stock,85.76,30.4,1089451633.0,10758411,26.4,-20.5,0,1,False,False,False,False,False,False,False,False,False,True,False
IBN,ICICI Bank Limited Common Stock,27.92,30.4,99811969226.0,158374023,11.3,-15.5,0,1,False,False,False,False,False,False,False,False,False,True,False
CDNS,"Cadence Design Systems, Inc. - Common Stock",326.13,30.3,88676546000.0,806107682,24.1,-21.7,0,3,False,False,False,False,True,False,False,True,False,True,False
INVA,"Innoviva, Inc. - Common Stock",20.74,30.3,1492591720.0,16574676,25.5,-17.5,0,2,False,False,False,False,True,False,False,False,False,True,False
CHH,"Choice Hotels International, Inc. Common Stock",101.81,30.3,4561316262.0,57295060,21.1,-17.8,3,3,False,False,False,False,True,True,False,False,False,True,False
MTX,Minerals Technologies Inc. Common Stock,66.98,30.2,2065393359.0,15395708,24.2,-20.6,5,3,False,False,False,False,True,True,False,False,False,True,False
POR,Portland General Electric Co Common Stock,46.85,30.2,5479344607.0,54952739,10.0,-14.2,5,3,False,False,False,False,True,True,False,False,False,True,False
NKTR,Nektar Therapeutics - Common Stock,57.06,30.1,2027410984.0,60416734,70.8,-47.7,5,3,False,False,False,False,True,True,False,False,True,False,False
BH,Biglari Holdings Inc. Class B Common Stock,344.81,30.1,811058596.0,68328937,46.8,-28.7,4,2,False,False,False,False,False,True,False,False,True,False,False
STRA,"Strategic Education, Inc. - Common Stock",76.83,30.0,1772607359.0,23906391,10.2,-14.4,2,2,False,False,False,False,False,True,False,False,False,True,False
PNW,Pinnacle West Capital Corporation Common Stock,91.74,30.0,11038644073.0,113314455,6.8,-17.5,5,3,False,False,False,False,True,True,False,False,False,True,False
SPGI,S&P Global Inc. Common Stock,403.3,30.0,118878100000.0,801090455,11.7,-22.8,0,1,False,False,False,False,False,False,False,False,False,True,False
AJG,Arthur J. Gallagher & Co. Common Stock,231.1,29.9,58213419000.0,343508327,21.2,-26.3,1,1,False,False,False,False,False,True,False,False,False,False,False
PJT,PJT Partners Inc. Class A Common Stock,151.77,29.9,6117291598.0,69594384,18.8,-22.4,1,2,False,False,False,False,False,True,False,False,False,True,False
AEP,"American Electric Power Company, Inc. - Common Stock",118.35,29.8,64004796675.0,477418079,9.8,-15.8,5,3,False,False,False,False,True,True,False,False,False,True,False
ITRI,"Itron, Inc. - Common Stock",89.75,29.8,4007363635.0,78303622,15.4,-36.8,0,0,False,False,False,False,False,False,False,False,False,False,False
MRTN,"Marten Transport, Ltd. - Common Stock",12.87,29.8,1048535830.0,9833029,37.6,-30.4,5,3,False,False,False,False,True,True,False,False,True,False,False
AOSL,Alpha and Omega Semiconductor Limited - Common Shares,27.93,29.7,826380254.0,16880190,64.2,-48.6,5,3,False,False,False,False,True,True,False,False,True,False,False
SYF,Synchrony Financial Common Stock,72.94,29.7,26620717559.0,257550059,15.6,-17.8,5,2,False,False,False,False,False,True,False,False,False,True,False
VSEC,VSE Corporation - Common Stock,180.77,29.6,5064043548.0,78973757,16.9,-27.1,5,3,False,False,False,False,True,True,True,False,False,False,False
WAL,Western Alliance Bancorporation Common Stock (DE),77.61,29.6,8320031889.0,84634976,17.9,-20.2,2,2,False,False,False,False,False,True,False,False,False,True,False
AR,Antero Resources Corporation Common Stock,35.0,29.5,11095473510.0,151216545,20.3,-23.5,5,3,False,False,False,False,True,True,False,False,False,True,False
DX,"Dynex Capital, Inc. Common Stock",11.34,29.5,2814212839.0,74340989,2.0,-24.0,5,2,False,False,True,False,False,True,False,False,False,True,False
ELS,"Equity Lifestyle Properties, Inc. Common Stock",59.23,29.5,11556548061.0,97879133,0.9,-14.2,5,4,False,False,False,False,True,True,True,False,False,True,False
DSL,DoubleLine Income Solutions Fund Common Shares of Beneficial Interests,10.02,29.4,1014868439.0,6323760,1.4,-19.1,1,3,False,False,False,False,True,True,False,False,False,True,False
SPIR,"Spire Global, Inc. Class A Common Stock",12.08,29.4,498030268.0,8045667,83.0,-53.4,5,3,False,False,False,False,True,True,False,False,True,False,False
BANC,"Banc of California, Inc. Common Stock",17.94,29.3,2800462879.0,58756104,17.0,-18.2,5,2,False,False,False,False,False,True,False,False,False,True,False
SF,Stifel Financial Corporation Common Stock,70.35,29.3,10556531224.0,92854711,3.7,-21.7,0,1,False,False,False,False,False,False,False,False,False,True,False
PTC,PTC Inc. - Common Stock,138.12,29.2,14909845324.0,214729428,27.3,-33.2,0,0,False,False,False,False,False,False,False,False,False,False,False
HEI,Heico Corporation Common Stock,308.53,29.2,42811885874.0,162043751,20.5,-18.1,4,2,False,False,False,False,False,True,False,False,False,True,False
NOMD,Nomad Foods Limited Ordinary Shares,10.63,29.2,1516058602.0,18711040,18.2,-21.1,0,1,False,False,False,False,False,False,False,False,False,True,False
FHB,"First Hawaiian, Inc. - Common Stock",25.25,29.1,3056635562.0,54970062,11.5,-17.4,5,4,False,False,False,False,True,True,True,False,False,True,False
AMR,"Alpha Metallurgical Resources, Inc. Common Stock",174.43,29.1,2180922530.0,61221864,30.5,-31.3,1,2,False,False,False,False,False,True,False,False,True,False,False
BRZE,"Braze, Inc. - Class A Common Stock",24.37,29.0,2802127814.0,70928127,59.7,-34.7,0,1,False,False,False,False,False,False,False,False,True,False,False
DORM,"Dorman Products, Inc. - Common Stock",124.02,29.0,3638230767.0,34039009,26.0,-24.4,0,2,False,False,False,True,False,False,False,False,False,True,False
COF,Capital One Financial Corporation Common Stock,200.2,29.0,120617253606.0,759371349,14.9,-22.9,0,1,False,False,False,False,False,False,False,False,False,True,False
WMT,Walmart Inc. - Common Stock,107.98,28.9,853591758069.0,2683795215,9.2,-20.1,5,2,False,False,False,False,False,True,False,False,False,True,False
SSD,"Simpson Manufacturing Company, Inc. Common Stock",176.55,28.9,7115350642.0,50897541,12.9,-17.3,5,3,False,False,False,False,True,True,False,False,False,True,False
CSR,D/B/A Centerspace Common Stock,55.29,28.8,926533311.0,12868456,6.3,-20.6,0,2,False,False,False,False,False,False,False,True,False,True,False
WRB,W.R. Berkley Corporation Common Stock,66.82,28.8,24979900426.0,181559075,6.3,-15.4,0,1,False,False,False,False,False,False,False,False,False,True,False
ALH,Alliance Laundry Holdings Inc. Common Stock,21.86,28.7,4248122982.0,29713811,17.3,-22.6,0,3,False,False,False,False,True,False,True,False,False,True,False
H,Hyatt Hotels Corporation Class A Common Stock,158.48,28.7,14980880607.0,138249584,18.1,-23.4,5,4,False,False,False,False,True,True,True,False,False,True,False
RLI,RLI Corp. Common Stock (DE),55.69,28.7,5153052266.0,46045341,17.8,-17.0,2,2,False,False,False,False,False,True,False,False,False,True,False
MIRM,"Mirum Pharmaceuticals, Inc. - common stock",89.7,28.6,5802341660.0,67184219,41.9,-31.0,5,4,False,False,False,False,True,True,True,False,True,False,False
TFIN,"Triumph Financial, Inc. Common Stock",61.45,28.6,1453982576.0,15675902,32.3,-26.4,5,4,False,False,False,False,True,True,True,False,True,False,False
MRCY,Mercury Systems Inc - Common Stock,82.18,28.5,5062328766.0,68285367,26.4,-36.0,5,3,False,False,False,False,True,True,True,False,False,False,False
VTS,"Vitesse Energy, Inc. Common Stock",16.75,28.5,717878605.0,8535412,11.7,-31.8,0,1,False,False,False,False,False,False,False,True,False,False,False
OSW,OneSpaWorld Holdings Limited - Common Shares,22.92,28.4,2286765981.0,23425447,20.3,-21.6,5,4,False,False,False,False,True,True,True,False,False,True,False
CVNA,Carvana Co. Class A Common Stock,65.06,28.4,70627764759.0,596362579,19.5,-33.2,2,1,False,False,False,False,False,True,False,False,False,False,False
PRMB,Primo Brands Corporation Class A Common Stock,19.5,28.4,7004303690.0,94654164,35.8,-25.6,3,4,False,False,False,False,True,True,True,False,True,False,False
JJSF,J & J Snack Foods Corp. - Common Stock,77.51,28.3,1441846505.0,18460694,12.5,-21.8,0,1,False,False,False,False,False,False,False,False,False,True,False
GMED,"Globus Medical, Inc. Class A Common Stock",74.52,28.3,9971632353.0,112848393,37.6,-26.5,0,1,False,False,False,False,False,False,False,False,True,False,False
CBIO,"Crescent Biopharma, Inc. - Common Stock",13.99,28.2,528929706.0,6157808,60.4,-49.0,5,3,False,False,False,False,True,True,False,False,True,False,False
EMA,Emera Incorporated Common Shares,47.73,28.2,14671872000.0,24324420,2.0,-14.0,5,3,False,False,False,False,True,True,False,False,False,True,False
SR,Spire Inc. Common Stock,77.21,28.2,4539272450.0,40369893,1.8,-19.0,0,2,False,False,False,False,True,False,False,False,False,True,False
LYTS,LSI Industries Inc. - Common Stock,21.09,28.1,780252376.0,8210953,22.5,-22.9,5,3,False,False,False,False,True,True,False,False,False,True,False
AKR,Acadia Realty Trust Common Stock,19.24,28.1,2638161590.0,28901478,3.4,-16.5,5,4,False,False,False,False,True,True,True,False,False,True,False
BANF,BancFirst Corporation - Common Stock,108.71,28.0,3606825276.0,14632181,7.1,-17.8,2,4,False,False,False,False,True,True,True,False,False,True,False
ARR,"ARMOUR Residential REIT, Inc.",14.1,28.0,2357744286.0,59648287,2.0,-27.0,5,2,False,False,True,False,True,True,False,False,False,False,False
HON,Honeywell International Inc. - Common Stock,212.55,27.9,67124724718.0,719518572,8.5,-18.3,5,3,False,False,False,False,True,True,False,False,False,True,False
DXC,DXC Technology Company Common Stock ,10.65,27.9,1727207628.0,33811193,34.8,-32.1,0,1,False,False,False,False,False,False,False,False,True,False,False
OSK,Oshkosh Corporation (Holding Company)Common Stock,132.75,27.9,8036663127.0,107827955,13.7,-26.5,3,1,False,False,False,False,False,True,False,False,False,False,False
CAG,"ConAgra Brands, Inc. Common Stock",14.32,27.8,7042592000.0,175008727,14.3,-29.5,0,0,False,False,False,False,False,False,False,False,False,False,False
TEX,Terex Corporation Common Stock,57.33,27.8,6471666000.0,73856682,37.5,-23.2,5,5,False,False,False,False,True,True,True,False,True,True,False
FOXF,Fox Factory Holding Corp. - Common Stock,18.55,27.7,778414139.0,9968836,41.8,-28.7,1,3,False,False,False,True,False,True,False,False,True,False,False
SMMT,Summit Therapeutics Inc.  - Common Stock,15.61,27.7,13067138481.0,81797690,29.3,-46.6,0,1,False,False,False,False,False,False,False,True,False,False,False
EPAC,Enerpac Tool Group Corp. Common Stock,35.7,27.6,1843000762.0,14014943,10.4,-20.7,0,1,False,False,False,False,False,False,False,False,False,True,False
KR,Kroger Company (The) Common Stock,58.74,27.6,34797486204.0,390146893,8.5,-23.3,0,3,False,False,False,False,True,False,False,True,False,True,False
MDU,"MDU Resources Group, Inc. Common Stock (Holding Company)",18.76,27.6,3920913860.0,32239248,10.3,-18.4,0,2,False,False,False,False,True,False,False,False,False,True,False
ABT,Abbott Laboratories Common Stock,101.29,27.5,174889839727.0,959462258,23.6,-25.2,0,0,False,False,False,False,False,False,False,False,False,False,False
DOV,Dover Corporation Common Stock,191.88,27.5,25305067475.0,247022714,20.7,-19.2,5,3,False,False,False,False,True,True,False,False,False,True,False
SLM,SLM Corporation - Common Stock,23.66,27.4,4332177382.0,57259024,33.1,-23.8,0,2,False,False,False,False,False,False,False,False,True,True,False
TCMD,"Tactile Systems Technology, Inc. - Common Stock",22.73,27.4,518510827.0,7672234,69.8,-39.8,0,1,False,False,False,False,False,False,False,False,True,False,False
AYI,Acuity Inc. Common Stock,319.42,27.4,9263555019.0,86245433,24.3,-16.0,0,2,False,False,False,True,False,False,False,False,False,True,False
WLFC,Willis Lease Finance Corporation - Common Stock,54.33,27.3,1117889149.0,12642046,43.0,-33.4,5,3,False,False,False,False,True,True,False,False,True,False,False
BMA,Banco Macro S.A.  ADR (representing Ten Class B Common Shares),68.86,27.3,4539671130.0,22548525,75.2,-35.1,0,1,False,False,False,False,False,False,False,False,True,False,False
MELI,"MercadoLibre, Inc. - Common Stock",1752.61,27.2,88928781292.0,934027325,17.2,-31.2,0,0,False,False,False,False,False,False,False,False,False,False,False
SNPS,"Synopsys, Inc. - Common Stock",425.76,27.2,81428327252.0,772344679,17.4,-21.1,0,2,False,False,False,False,False,False,False,True,False,True,False
ECHO,EchoStar Corporation - Common stock,90.11,27.1,26283935981.0,347284089,37.0,-38.8,5,3,False,False,False,False,False,True,False,True,True,False,False
USLM,"United States Lime & Minerals, Inc. - Common Stock",111.4,27.1,3139080679.0,17784460,15.7,-21.2,0,1,False,False,False,False,False,False,False,False,False,True,False
O,Realty Income Corporation Common Stock,55.54,27.1,52429941209.0,379274252,0.9,-18.3,5,3,False,False,False,False,True,True,False,False,False,True,False
AROC,"Archrock, Inc. Common Stock",30.43,27.0,5379375516.0,60201306,33.0,-27.9,5,3,False,False,False,False,True,True,False,False,True,False,False
NFG,National Fuel Gas Company Common Stock,78.99,27.0,7506661919.0,54633871,5.1,-18.6,2,3,False,False,False,False,True,True,False,False,False,True,False
FCPT,"Four Corners Property Trust, Inc. Common Stock",22.2,26.9,2430006829.0,21381553,1.5,-17.3,4,4,False,False,True,False,True,True,True,False,False,True,False
IDA,"IDACORP, Inc. Common Stock",129.78,26.9,7385850471.0,71079744,4.6,-16.2,5,3,False,False,False,False,True,True,False,False,False,True,False
NNI,"Nelnet, Inc. Common Stock",124.34,26.9,4473503133.0,17568371,6.6,-13.9,0,1,False,False,False,False,False,False,False,False,False,True,False
PHM,"PulteGroup, Inc. Common Stock",119.85,26.8,22153141177.0,201267314,10.5,-17.1,2,2,False,False,False,False,False,True,False,False,False,True,False
UI,Ubiquiti Inc. Common Stock,560.67,26.8,34084136625.0,81325596,12.1,-49.0,1,2,False,False,False,False,True,True,False,False,False,False,False
TMDX,"TransMedics Group, Inc. - Common Stock",85.29,26.7,2909244666.0,69344014,41.9,-45.3,0,2,False,False,False,False,False,False,False,True,True,False,False
PGR,Progressive Corporation (The) Common Stock,205.5,26.7,117535930741.0,537416485,8.6,-17.2,2,2,False,False,False,False,False,True,False,False,False,True,False
AWI,Armstrong World Industries Inc Common Stock,162.81,26.6,6852071979.0,75224566,8.3,-21.0,0,1,False,False,False,False,False,False,False,False,False,True,False
G,Genpact Limited Common Stock,33.1,26.6,5607308162.0,78774952,23.3,-31.9,0,0,False,False,False,False,False,False,False,False,False,False,False
TOL,"Toll Brothers, Inc. Common Stock",137.34,26.6,12524620240.0,135318770,11.5,-18.4,5,2,False,False,False,False,False,True,False,False,False,True,False
SBGI,"Sinclair, Inc. - Class A Common Stock",12.78,26.5,921332084.0,6670188,2.6,-28.5,0,0,False,False,False,False,False,False,False,False,False,False,False
BAM,Brookfield Asset Management Inc Class A Limited Voting Shares,44.59,26.5,71204826262.0,124250446,5.7,-24.8,0,1,False,False,False,False,False,False,False,False,False,True,False
FE,FirstEnergy Corp. Common Stock,43.3,26.4,24991458663.0,197816838,1.1,-17.3,5,3,False,False,True,False,True,True,False,False,False,True,False
PHG,Koninklijke Philips N.V. NY Registry Shares,24.96,26.4,24129821521.0,25343852,4.7,-25.4,0,0,False,False,False,False,False,False,False,False,False,False,False
RIVN,"Rivian Automotive, Inc. - Class A Common Stock",15.47,26.3,22137789033.0,356406210,24.9,-31.8,0,0,False,False,False,False,False,False,False,False,False,False,False
VRDN,"Viridian Therapeutics, Inc.  - Common Stock",20.47,26.3,2340618278.0,36625987,55.3,-40.3,0,1,False,False,False,False,False,False,False,False,True,False,False
AZN,AstraZeneca PLC Ordinary Shares,166.58,26.3,255187449003.0,565909369,14.3,-21.7,0,2,False,False,False,False,False,False,False,True,False,True,False
ASGI,abrdn Global Infrastructure Income Fund Common Shares of Beneficial Interest,19.26,26.2,,5552855,1.2,-25.8,5,3,False,False,False,False,True,True,True,False,False,False,False
DTM,"DT Midstream, Inc. Common Stock ",122.28,26.2,12726408176.0,124604225,16.5,-20.0,5,3,False,False,False,False,True,True,False,False,False,True,False
KMB,Kimberly-Clark Corporation - Common Stock,98.43,26.1,32333334074.0,405039037,6.5,-21.5,1,4,False,False,False,False,True,True,True,False,False,True,False
MGY,Magnolia Oil & Gas Corporation Class A Common Stock,24.11,26.1,6630476406.0,137218632,14.5,-26.4,5,2,False,False,False,False,True,True,False,False,False,False,False
PDO,PIMCO Dynamic Income Opportunities Fund Common Shares of Beneficial Interest,11.73,26.1,1741323033.0,11375776,1.6,-17.7,0,1,False,False,False,False,False,False,False,False,False,True,False
BDC,Belden Inc Common Stock,112.45,26.0,4329863563.0,52664532,14.7,-29.7,2,1,False,False,False,False,False,True,False,False,False,False,False
CMP,Compass Minerals Intl Inc Common Stock,22.62,26.0,955064884.0,11594429,37.9,-34.4,5,3,False,False,False,False,True,True,False,False,True,False,False
HHH,Howard Hughes Holdings Inc. Common Stock,68.43,25.9,3856784505.0,34940960,13.9,-24.9,0,2,False,False,False,False,False,False,False,True,False,True,False
NU,Nu Holdings Ltd. Class A Ordinary Shares,13.59,25.9,65842934450.0,1068952410,21.3,-28.4,0,0,False,False,False,False,False,False,False,False,False,False,False
WAFD,"WaFd, Inc. - Common Stock",31.35,25.8,2287192807.0,29921285,19.2,-20.6,5,4,False,False,False,False,True,True,True,False,False,True,False
EPAM,"EPAM Systems, Inc. Common Stock",108.23,25.8,5519291097.0,147747354,48.1,-51.4,0,2,False,False,False,False,False,False,False,True,True,False,False
GBCI,"Glacier Bancorp, Inc. Common Stock",44.75,25.8,5774900116.0,51477560,12.2,-18.0,5,4,False,False,False,False,True,True,True,False,False,True,False
AESI,Atlas Energy Solutions Inc. Common Stock,12.47,25.7,1373787926.0,43735452,63.2,-38.1,5,3,False,False,False,False,True,True,False,False,True,False,False
ORI,Old Republic International Corporation Common Stock,37.74,25.7,9159965061.0,51917955,3.0,-19.3,5,2,False,False,False,False,False,True,False,False,False,True,False
GWRE,"Guidewire Software, Inc. Common Stock",145.56,25.6,12380893019.0,221219404,42.3,-43.1,0,1,False,False,False,False,False,False,False,False,True,False,False
IR,Ingersoll Rand Inc. Common Stock,76.08,25.6,29014597301.0,337522491,11.8,-24.6,0,1,False,False,False,False,False,False,False,False,False,True,False
BA,Boeing Company (The) Common Stock,198.07,25.5,155544819936.0,1306802989,12.0,-22.1,2,2,False,False,False,False,False,True,False,False,False,True,False
KKR,KKR & Co. Inc. Common Stock,96.67,25.5,85849868880.0,433983159,16.9,-33.3,0,0,False,False,False,False,False,False,False,False,False,False,False
NAC,Nuveen California Quality Municipal Income Fund,10.53,25.5,,8076731,3.3,-14.0,0,2,False,False,False,False,True,False,False,False,False,True,False
OLLI,"Ollie's Bargain Outlet Holdings, Inc. - Common Stock",84.25,25.4,5015938909.0,124214113,39.7,-38.2,0,2,False,False,False,False,False,False,False,True,True,False,False
BTU,Peabody Energy Corporation Common Stock ,25.44,25.4,3130392000.0,63210544,26.8,-38.2,0,0,False,False,False,False,False,False,False,False,False,False,False
MQ,"Marqeta, Inc. - Class A Common Stock",16.96,25.3,1711384831.0,15109495,14.6,-23.9,0,3,False,False,False,True,False,False,False,True,False,True,False
CNX,CNX Resources Corporation Common Stock,32.79,25.3,4942796912.0,58240020,4.2,-24.8,0,1,False,False,False,False,False,False,False,False,False,True,False
WM,"Waste Management, Inc. Common Stock",206.83,25.3,83124769665.0,464950803,6.6,-16.6,3,3,False,False,False,False,True,True,False,False,False,True,False
ROP,"Roper Technologies, Inc. - Common Stock",358.56,25.2,36001896153.0,316944582,17.2,-31.2,0,0,False,False,False,False,False,False,False,False,False,False,False
CSL,Carlisle Companies Incorporated Common Stock,326.37,25.2,12475400599.0,194626311,11.2,-24.6,3,2,False,False,False,False,False,True,False,False,False,True,False
DMC,Del Monte Corporation Ordinary Shares,30.71,25.1,1438431111.0,11866195,16.0,-29.5,0,1,False,False,False,False,False,False,False,True,False,False,False
ES,Eversource Energy (D/B/A) Common Stock,63.67,25.1,24031849305.0,159365555,0.8,-16.8,5,4,False,False,True,False,True,True,True,False,False,True,False
GEHC,GE HealthCare Technologies Inc. - Common Stock,66.63,25.0,29982933408.0,266845605,13.4,-25.8,0,0,False,False,False,False,False,False,False,False,False,False,False
JEF,Jefferies Financial Group Inc. Common Stock,47.68,25.0,8958661986.0,105213758,34.2,-31.8,0,1,False,False,False,False,False,False,False,False,True,False,False
PTY,Pimco Corporate & Income Opportunity Fund,10.93,25.0,,16509880,2.6,-25.6,0,0,False,False,False,False,False,False,False,False,False,False,False
ODD,ODDITY Tech Ltd. - Class A Ordinary Shares,18.64,24.9,1023786298.0,19098171,101.5,-70.5,0,2,False,False,False,False,False,False,False,True,True,False,False
RPM,RPM International Inc. Common Stock,100.44,24.9,12609354779.0,133285674,8.1,-17.6,0,1,False,False,False,False,False,False,False,False,False,True,False
UTHR,United Therapeutics Corporation - Common Stock,475.45,24.8,20253413669.0,301256057,16.2,-22.0,5,3,False,False,False,False,True,True,False,False,False,True,False
MRP,"Millrose Properties, Inc. Class A Common Stock",27.19,24.8,4493256905.0,37193634,3.4,-21.5,1,2,False,False,False,False,False,True,False,False,False,True,False
UDR,"UDR, Inc. Common Stock",33.84,24.8,10778414648.0,130660543,2.7,-19.4,4,4,False,False,False,False,True,True,True,False,False,True,False
IRON,"Disc Medicine, Inc. - Common Stock",65.24,24.7,2550820555.0,32385049,63.1,-34.4,0,1,False,False,False,False,False,False,False,False,True,False,False
ADC,Agree Realty Corporation Common Stock,67.48,24.7,8355802046.0,108568640,1.5,-17.8,0,2,False,False,False,False,True,False,False,False,False,True,False
LYFT,"Lyft, Inc. - Class A Common Stock",14.865,24.6,5583468673.0,178658224,19.3,-41.8,0,0,False,False,False,False,False,False,False,False,False,False,False
HIG,"The Hartford Insurance Group, Inc. Common Stock",124.23,24.6,34045901931.0,218837674,3.2,-15.0,5,4,False,False,False,False,True,True,True,False,False,True,False
GRML,Greenland Mines Ltd - Common Stock,14.66,24.5,131435995.0,103969402,419.9,-60.4,0,2,False,False,False,False,False,False,False,True,True,False,False
SCHL,Scholastic Corporation - Common Stock,32.35,24.5,660542730.0,15336780,24.9,-32.7,5,2,False,False,False,False,True,True,False,False,False,False,False
AEE,Ameren Corporation Common Stock,99.39,24.5,27462850499.0,164353057,2.9,-16.0,5,3,False,False,False,False,True,True,False,False,False,True,False
CLFD,"Clearfield, Inc. - Common Stock",31.07,24.4,414718146.0,5596743,30.8,-41.1,0,3,False,False,False,False,True,False,False,True,True,False,False
BX,Blackstone Inc. Common Stock,118.42,24.4,87980769612.0,565712840,16.4,-33.6,0,0,False,False,False,False,False,False,False,False,False,False,False
HBAN,Huntington Bancshares Incorporated - Common Stock,15.64,24.3,30932550986.0,453519837,5.0,-19.6,4,2,False,False,False,False,False,True,False,False,False,True,False
DIN,"Dine Brands Global, Inc. Common Stock",28.17,24.3,367241942.0,9702487,21.3,-29.0,5,1,False,False,False,False,False,True,False,False,False,False,False
AAON,"AAON, Inc. - Common Stock",89.1,24.2,6948368159.0,104469084,21.7,-40.8,0,2,False,False,False,False,True,False,False,True,False,False,False
CRWV,"CoreWeave, Inc. - Class A Common Stock",87.59,24.2,49709993938.0,2549198280,44.7,-42.8,1,4,False,False,False,False,True,True,False,True,True,False,False
MOS,Mosaic Company (The) Common Stock,23.01,24.2,7530947854.0,189797861,16.2,-37.8,1,1,False,False,False,False,False,True,False,False,False,False,False
PAHC,Phibro Animal Health Corporation - Class A Common Stock,34.45,24.1,1377612390.0,7904001,21.9,-42.7,0,0,False,False,False,False,False,False,False,False,False,False,False
BCSF,"Bain Capital Specialty Finance, Inc. Common Stock",11.08,24.1,721337798.0,5116921,1.2,-24.6,0,1,False,False,False,False,False,False,False,False,False,True,False
OCFC,OceanFirst Financial Corp. - Common Stock,17.1,24.0,1630404845.0,18506688,2.0,-17.0,5,2,False,False,False,False,False,True,False,False,False,True,False
ECVT,Ecovyst Inc. Common Stock,10.14,24.0,1110009556.0,13937113,36.8,-32.8,5,3,False,False,False,False,True,True,False,False,True,False,False
WCN,"Waste Connections, Inc. Common Shares",155.56,24.0,39797238616.0,196017918,5.9,-13.5,0,1,False,False,False,False,False,False,False,False,False,True,False
ADBE,Adobe Inc. - Common Stock,235.47,23.9,92991556000.0,1332190835,23.9,-35.3,0,0,False,False,False,False,False,False,False,False,False,False,False
RDN,Radian Group Inc. Common Stock,33.02,23.9,4437386206.0,38923263,4.8,-19.6,5,4,False,False,False,False,True,True,True,False,False,True,False
CBRE,CBRE Group Inc Common Stock Class A,134.55,23.8,39535715436.0,247926498,10.6,-22.8,0,1,False,False,False,False,False,False,False,False,False,True,False
TPL,Texas Pacific Land Corporation Common Stock,341.07,23.8,23330686525.0,140636748,26.7,-37.7,5,2,False,False,False,False,True,True,False,False,False,False,False
ARLO,"Arlo Technologies, Inc. Common Stock",12.84,23.7,1401125218.0,17885986,16.2,-35.6,0,2,False,False,False,False,True,False,True,False,False,False,False
CHCT,Community Healthcare Trust Incorporated Common Stock,14.41,23.7,410036479.0,5535904,8.9,-24.8,5,3,False,False,False,False,True,True,False,False,False,True,False
DOLE,Dole plc Ordinary Shares,12.98,23.7,1218518610.0,14262026,3.7,-21.7,0,1,False,False,False,False,False,False,False,False,False,True,False
REYN,Reynolds Consumer Products Inc. - Common Stock,21.67,23.6,4550977301.0,33217336,6.0,-20.7,0,3,False,False,False,False,True,False,True,False,False,True,False
NZF,Nuveen Municipal Credit Income Fund ,11.04,23.6,,8429587,0.2,-15.2,0,2,False,False,False,False,True,False,False,False,False,True,False
ORLY,"O'Reilly Automotive, Inc. - Common Stock",86.115,23.5,69764778702.0,550078652,4.3,-20.8,0,1,False,False,False,False,False,False,False,False,False,True,False
LBRT,Liberty Energy Inc. Class A common stock,18.94,23.5,2976611428.0,88274649,64.4,-45.1,5,3,False,False,False,False,True,True,False,False,True,False,False
JACK,Jack In The Box Inc. - Common Stock,13.455,23.4,255660469.0,11671014,50.8,-43.6,0,1,False,False,False,False,False,False,False,False,True,False,False
SGRY,"Surgery Partners, Inc. - Common Stock",14.4,23.4,1859039292.0,34568692,26.2,-38.6,0,0,False,False,False,False,False,False,False,False,False,False,False
STEP,StepStone Group Inc. - Class A Common Stock,44.36,23.4,5255468891.0,57599416,14.2,-43.0,0,0,False,False,False,False,False,False,False,False,False,False,False
MC,Moelis & Company Class A Common Stock,58.74,23.3,4509863698.0,55658681,15.0,-24.9,2,2,False,False,False,False,False,True,False,False,False,True,False
PFGC,Performance Food Group Company Common Stock,91.55,23.3,14228383450.0,167503779,13.3,-22.1,3,4,False,False,False,False,True,True,True,False,False,True,False
NVMI,Nova Ltd. - Ordinary Shares,368.23,23.2,11657994130.0,214251005,38.2,-40.2,5,3,False,False,False,False,True,True,False,False,True,False,False
HOV,"Hovnanian Enterprises, Inc. Class A Common Stock",115.15,23.2,673109977.0,17158712,25.8,-22.4,0,3,False,False,False,False,True,False,True,False,False,True,False
YUMC,"Yum China Holdings, Inc. Common Stock",40.47,23.2,14037358995.0,67793279,0.8,-30.7,0,0,False,False,False,False,False,False,False,False,False,False,False
DUK,Duke Energy Corporation (Holding Company) Common Stock,113.35,23.1,88285679313.0,509582094,0.7,-15.7,5,3,False,False,True,False,True,True,False,False,False,True,False
NYT,New York Times Company (The) Common Stock,63.83,23.1,10119705449.0,174631724,18.0,-26.7,5,2,False,False,False,False,True,True,False,False,False,False,False
CARR,Carrier Global Corporation Common Stock ,56.37,23.0,45230715878.0,406314402,12.2,-26.6,4,2,False,False,False,False,True,True,False,False,False,False,False
PRG,"PROG Holdings, Inc. Common Stock",32.68,23.0,1296121338.0,23069047,26.7,-31.5,5,3,False,False,False,False,True,True,True,False,False,False,False
BCE,"BCE, Inc. Common Stock",20.97,22.9,19862799902.0,83490919,0.5,-20.9,2,2,False,False,True,False,False,True,False,False,False,True,False
LNN,Lindsay Corporation Common Stock,114.25,22.9,1146643473.0,16445293,17.5,-22.8,1,2,False,False,False,False,False,True,False,False,False,True,False
NEE,"NextEra Energy, Inc. Common Stock",76.08,22.9,157741672165.0,923647959,3.4,-23.0,0,2,False,False,False,False,True,False,False,False,False,True,False
TRMB,Trimble Inc. - Common Stock,57.85,22.8,13452145431.0,180103739,20.7,-31.5,0,1,False,False,False,False,False,False,False,True,False,False,False
CPT,Camden Property Trust Common Stock,98.12,22.8,9793538084.0,105342487,1.6,-18.1,4,4,False,False,False,False,True,True,True,False,False,True,False
EQT,EQT Corporation Common Stock,50.81,22.7,32445514920.0,377310761,6.0,-25.5,0,1,False,False,False,False,True,False,False,False,False,False,False
KNSL,"Kinsale Capital Group, Inc. Common Stock",330.49,22.7,7756281497.0,86951823,15.1,-31.9,0,0,False,False,False,False,False,False,False,False,False,False,False
BLBD,Blue Bird Corporation - Common Stock,58.12,22.6,1760554248.0,37627213,26.0,-30.3,5,3,False,False,False,False,True,True,True,False,False,False,False
ARE,"Alexandria Real Estate Equities, Inc. Common Stock",49.93,22.6,8796017334.0,99572681,26.7,-41.8,1,2,False,False,False,True,False,True,False,False,False,False,False
SUI,"Sun Communities, Inc. Common Stock",112.26,22.6,13535740351.0,209839619,1.7,-18.6,0,2,False,False,True,False,True,False,False,False,False,True,False
AEVA,"Aeva Technologies, Inc. - Common Stock",15.35,22.5,1088803940.0,30252781,73.8,-51.0,4,3,False,False,False,False,True,True,False,False,True,False,False
MQY,"Blackrock MuniYield Quality Fund, Inc. Common Stock",10.16,22.5,1509939081.0,6223079,0.7,-14.9,0,2,False,False,True,False,True,False,False,False,False,True,False
GNTX,Gentex Corporation - Common Stock,22.58,22.4,4643460615.0,55625822,10.3,-22.2,1,2,False,False,False,False,False,True,False,False,False,True,False
DHI,"D.R. Horton, Inc. Common Stock",141.51,22.4,39256072823.0,358306771,7.4,-19.7,0,1,False,False,False,False,False,False,False,False,False,True,False
UTG,Reaves Utility Income Fund Common Shares of Beneficial Interest,34.82,22.4,,11501771,0.9,-20.7,5,3,False,False,True,False,True,True,False,False,False,True,False
DOX,Amdocs Limited - Ordinary Shares,57.71,22.3,6244880831.0,65018284,16.0,-32.6,0,0,False,False,False,False,False,False,False,False,False,False,False
NTGR,"NETGEAR, Inc. - Common Stock",22.07,22.3,601199945.0,8334257,16.2,-40.1,0,1,False,False,False,False,True,False,False,False,False,False,False
ALG,"Alamo Group, Inc. Common Stock",159.45,22.2,1935548564.0,27205424,9.4,-27.5,1,1,False,False,False,False,False,True,False,False,False,False,False
KBR,"KBR, Inc. Common Stock",34.54,22.2,4388418552.0,52391582,15.4,-30.4,0,0,False,False,False,False,False,False,False,False,False,False,False
ATO,Atmos Energy Corporation Common Stock,157.21,22.1,26433189460.0,170492401,1.4,-18.3,0,2,False,False,False,False,True,False,False,False,False,True,False
AXP,American Express Company Common Stock,308.89,22.1,206415203555.0,933178751,6.2,-20.3,0,1,False,False,False,False,False,False,False,False,False,True,False
INGR,Ingredion Incorporated Common Stock,96.72,22.1,6085043334.0,64333871,2.4,-21.7,0,1,False,False,False,False,False,False,False,False,False,True,False
SBAC,SBA Communications Corporation - Class A Common Stock,166.15,22.0,17623356833.0,178475830,2.3,-26.0,0,1,False,False,False,False,True,False,False,False,False,False,False
TRU,TransUnion Common Stock,69.17,22.0,12940664000.0,173615720,9.2,-22.4,0,1,False,False,False,False,False,False,False,False,False,True,False
GLXY,Galaxy Digital Inc. - Class A common stock,24.24,21.9,9846496177.0,137018619,47.5,-47.2,0,2,False,False,False,False,False,False,False,True,True,False,False
WDFC,WD-40 Company - Common Stock,199.17,21.9,2646505920.0,25217577,13.6,-33.4,3,2,False,False,False,False,True,True,False,False,False,False,False
WMS,"Advanced Drainage Systems, Inc. Common Stock",133.13,21.9,9715224263.0,99637155,6.7,-25.8,0,0,False,False,False,False,False,False,False,False,False,False,False
JBSS,"John B. Sanfilippo & Son, Inc. - Common Stock",67.24,21.8,784047901.0,10812245,13.8,-27.0,5,2,False,False,False,False,True,True,False,False,False,False,False
VNT,Vontier Corporation Common Stock ,31.48,21.8,4179032000.0,46249334,15.5,-34.7,0,0,False,False,False,False,False,False,False,False,False,False,False
INSM,Insmed Incorporated - Common Stock,117.83,21.7,26544271690.0,293856417,30.4,-44.6,0,1,False,False,False,False,False,False,False,False,True,False,False
TGS,Transportadora de Gas del Sur SA TGS Common Stock,26.62,21.7,4092009122.0,6148407,33.0,-26.8,0,1,False,False,False,False,False,False,False,False,True,False,False
LNT,Alliant Energy Corporation - Common Stock,63.6,21.6,16415314294.0,165505882,1.4,-19.3,5,3,False,False,True,False,True,True,False,False,False,True,False
FLG,"Flagstar Bank, N.A. Common Stock",12.37,21.6,5143000238.0,60426948,17.0,-19.9,5,3,False,False,False,False,True,True,False,False,False,True,False
IDR,"Idaho Strategic Resources, Inc. Common Stock",30.39,21.6,471619866.0,6804090,16.8,-44.4,0,0,False,False,False,False,False,False,False,False,False,False,False
PEP,"PepsiCo, Inc. - Common Stock",128.63,21.5,174910853158.0,1085490675,1.4,-25.0,0,1,False,False,True,False,False,False,False,False,False,True,False
NOC,Northrop Grumman Corporation Common Stock,510.52,21.5,72307238973.0,429698182,6.6,-34.0,0,0,False,False,False,False,False,False,False,False,False,False,False
NBIX,"Neurocrine Biosciences, Inc. - Common Stock",138.4,21.4,14123137208.0,202286823,13.3,-25.6,5,3,False,False,False,False,True,True,True,False,False,False,False
TXRH,"Texas Roadhouse, Inc. - Common Stock",159.75,21.4,10604291595.0,174543426,3.8,-26.1,4,3,False,False,False,False,True,True,True,False,False,False,False
TSLA,"Tesla, Inc.  - Common Stock",372.11,21.3,1492691942088.0,13397549894,25.1,-25.4,0,1,False,False,False,False,False,False,False,True,False,False,False
DOCS,"Doximity, Inc. Class A Common Stock",26.35,21.3,4641525319.0,120692346,53.6,-65.6,0,2,False,False,False,False,False,False,False,True,True,False,False
LOAR,Loar Holdings Inc. Common Stock,65.04,21.3,6130036658.0,45147226,22.4,-22.0,0,1,False,False,False,False,False,False,False,False,False,True,False
PIPR,Piper Sandler Companies Common Stock,72.34,21.2,5023244284.0,42624515,5.3,-23.9,0,1,False,False,False,False,False,False,False,False,False,True,False
STE,STERIS plc (Ireland) Ordinary Shares,208.93,21.2,20355097965.0,154754584,7.1,-22.5,0,1,False,False,False,False,False,False,False,False,False,True,False
AVA,Avista Corporation Common Stock,35.11,21.1,2935536692.0,25740398,1.3,-19.3,0,2,False,False,True,False,True,False,False,False,False,True,False
LDOS,"Leidos Holdings, Inc. Common Stock",123.61,21.1,15479463980.0,181895008,25.0,-39.9,0,0,False,False,False,False,False,False,False,False,False,False,False
OGS,"ONE Gas, Inc. Common Stock",71.8,21.1,4522508627.0,40491895,0.7,-20.9,0,2,False,False,True,False,True,False,False,False,False,True,False
ENB,Enbridge Inc Common Stock,46.74,21.0,103417544057.0,265952972,3.8,-20.0,5,3,False,False,False,False,True,True,False,False,False,True,False
NEA,Nuveen AMT-Free Quality Municipal Income Fund Common Shares of Beneficial Interest Par Value $.01,10.0,21.0,,13839794,1.5,-16.0,0,2,False,False,False,False,True,False,False,False,False,True,False
PRDO,Perdoceo Education Corporation - Common Stock,30.49,20.9,1982441102.0,22338812,14.4,-20.8,1,3,False,False,False,False,True,True,False,False,False,True,False
TNL,Travel   Leisure Co. Common  Stock,63.66,20.9,3845461897.0,53673549,9.6,-21.4,5,2,False,False,False,False,False,True,False,False,False,True,False
ALGN,"Align Technology, Inc. - Common Stock",146.78,20.8,10345178448.0,148332867,20.3,-26.8,4,2,False,False,False,False,True,True,False,False,False,False,False
CHRW,"C.H. Robinson Worldwide, Inc. - Common Stock",147.1,20.8,17083653920.0,289842822,19.0,-30.1,0,0,False,False,False,False,False,False,False,False,False,False,False
WEC,"WEC Energy Group, Inc. Common Stock",101.45,20.8,32878202745.0,262973491,1.3,-15.4,0,2,False,False,True,False,True,False,False,False,False,True,False
APOG,"Apogee Enterprises, Inc. - Common Stock",37.15,20.7,757727755.0,8163961,20.8,-27.0,2,1,False,False,False,False,False,True,False,False,False,False,False
PCOR,"Procore Technologies, Inc. Common Stock",49.3,20.7,7521789231.0,176200320,29.6,-40.1,0,0,False,False,False,False,False,False,False,False,False,False,False
CAE,CAE Inc - Common Shares,24.86,20.6,7915543209.0,19568793,9.2,-27.4,0,0,False,False,False,False,False,False,False,False,False,False,False
MTH,Meritage Homes Corporation Common Stock,64.98,20.6,4204380739.0,56106258,12.0,-23.9,0,1,False,False,False,False,False,False,False,False,False,True,False
TNDM,"Tandem Diabetes Care, Inc. - Common Stock",15.72,20.5,1058987921.0,38951301,37.2,-47.0,0,1,False,False,False,False,False,False,False,False,True,False,False
PUK,Prudential Public Limited Company Common Stock,25.25,20.5,31619884947.0,29976672,2.6,-25.8,0,0,False,False,False,False,False,False,False,False,False,False,False
TDS,"Telephone and Data Systems, Inc. Common Shares",35.85,20.5,4181583000.0,43966036,13.8,-27.0,0,1,False,False,False,False,False,False,False,True,False,False,False
ALGT,Allegiant Travel Company - Common Stock,79.09,20.4,2100633094.0,43709188,38.5,-36.0,5,2,False,False,False,False,False,True,False,False,True,False,False
OTF,Blue Owl Technology Finance Corp. Common Stock,10.31,20.4,4705563945.0,27545491,5.7,-31.3,0,0,False,False,False,False,False,False,False,False,False,False,False
CWST,"Casella Waste Systems, Inc. - Class A Common Stock",82.24,20.3,5334945056.0,49034726,11.1,-23.8,0,1,False,False,False,False,False,False,False,False,False,True,False
AXS,Axis Capital Holdings Limited Common Stock,94.45,20.3,6911369546.0,67327332,7.2,-21.3,0,1,False,False,False,False,False,False,False,False,False,True,False
RYAN,"Ryan Specialty Holdings, Inc. Class A Common Stock",37.89,20.3,9398635201.0,84022037,29.4,-36.0,0,0,False,False,False,False,False,False,False,False,False,False,False
HIMS,"Hims & Hers Health, Inc. Class A Common Stock",29.42,20.2,6831416733.0,373894299,114.1,-54.9,0,2,False,False,False,True,False,False,False,False,True,False,False
LEVI,Levi Strauss & Co Class A Common Stock,19.73,20.2,7589253083.0,48805291,11.3,-23.2,0,3,False,False,False,False,True,False,True,False,False,True,False
GIII,"G-III Apparel Group, LTD. - Common Stock",27.12,20.1,1159809541.0,19044516,10.2,-27.8,5,3,False,False,False,False,True,True,True,False,False,False,False
BKD,Brookdale Senior Living Inc. Common Stock,11.11,20.1,2643706980.0,61040406,39.4,-35.0,5,3,False,False,False,False,True,True,False,False,True,False,False
NSSC,"NAPCO Security Technologies, Inc. - Common Stock",35.66,20.0,1276217832.0,14370337,5.2,-31.1,0,0,False,False,False,False,False,False,False,False,False,False,False
SAIA,"Saia, Inc. - Common Stock",324.22,20.0,8888526873.0,163223283,30.0,-34.5,5,3,False,False,False,False,True,True,False,False,True,False,False
IP,International Paper Company Common Stock,35.02,20.0,18471397938.0,189136754,19.7,-30.3,0,0,False,False,False,False,False,False,False,False,False,False,False
CASY,"Caseys General Stores, Inc. - Common Stock",598.46,19.9,22133596008.0,341528764,20.3,-35.5,5,2,False,False,False,False,True,True,False,False,False,False,False
YUM,"Yum! Brands, Inc.",138.63,19.9,37480235014.0,364586811,3.3,-18.5,0,1,False,False,False,False,False,False,False,False,False,True,False
CELC,Celcuity Inc. - Common Stock,79.52,19.8,3883725538.0,82243170,79.0,-47.3,0,1,False,False,False,False,False,False,False,False,True,False,False
TRN,"Trinity Industries, Inc. Common Stock",27.91,19.8,2217998490.0,20758752,12.7,-27.1,5,2,False,False,False,False,True,True,False,False,False,False,False
AOS,A.O. Smith Corporation Common Stock,58.65,19.7,7841924662.0,91478803,8.3,-28.4,0,0,False,False,False,False,False,False,False,False,False,False,False
CCJ,Cameco Corporation Common Stock,88.07,19.7,38379166021.0,292669722,13.3,-34.9,5,1,False,False,False,False,False,True,False,False,False,False,False
IIIN,"Insteel Industries, Inc. Common Stock",29.48,19.7,563905735.0,6175108,21.1,-24.8,0,1,False,False,False,False,False,False,False,False,False,True,False
SYM,Symbotic Inc. - Class A Common Stock,43.47,19.6,26635467220.0,70758673,15.4,-50.5,0,1,False,False,False,False,False,False,False,True,False,False,False
NVG,Nuveen AMT-Free Municipal Credit Income Fund ,10.8,19.6,,8056120,0.3,-20.5,0,2,False,False,True,False,True,False,False,False,False,True,False
XEL,Xcel Energy Inc. - Common Stock,69.8,19.5,43449562325.0,402165848,1.6,-17.1,0,2,False,False,True,False,True,False,False,False,False,True,False
AA,Alcoa Corporation Common Stock ,42.85,19.5,11263655113.0,224357400,39.1,-49.2,5,3,False,False,False,False,True,True,False,False,True,False,False
RCI,"Rogers Communication, Inc. Common Stock",31.91,19.5,17427635208.0,43332459,1.7,-22.4,0,1,False,False,False,False,False,False,False,False,False,True,False
DRS,"Leonardo DRS, Inc. - Common Stock",37.16,19.4,10032452049.0,37439930,14.6,-26.5,4,2,False,False,False,False,True,True,False,False,False,False,False
IRT,"Independence Realty Trust, Inc. Common Stock",14.63,19.4,3444228124.0,48394166,1.2,-17.8,0,1,False,False,True,False,False,False,False,False,False,True,False
CASH,"Pathward Financial, Inc. - Common Stock",73.8,19.3,1526842107.0,18096033,12.0,-27.1,5,2,False,False,False,False,True,True,False,False,False,False,False
GIB,CGI Inc. Common Stock,67.77,19.3,15800874281.0,31200691,13.7,-28.8,0,0,False,False,False,False,False,False,False,False,False,False,False
CORZ,"Core Scientific, Inc. - Common Stock",17.34,19.2,5822688791.0,238310108,29.8,-43.1,5,2,False,False,False,False,True,True,False,False,False,False,False
OPCH,"Option Care Health, Inc. - Common Stock",23.07,19.2,3436073474.0,52815634,28.1,-37.3,0,0,False,False,False,False,False,False,False,False,False,False,False
HSY,The Hershey Company Common Stock,166.37,19.2,33530473640.0,249556799,3.1,-30.5,0,0,False,False,False,False,False,False,False,False,False,False,False
VC,Visteon Corporation - Common Stock,90.46,19.1,2398584296.0,46874974,8.3,-28.7,0,1,False,False,False,False,True,False,False,False,False,False,False
AEO,"American Eagle Outfitters, Inc. Common Stock",16.58,19.1,2694579195.0,92645223,17.9,-41.7,0,0,False,False,False,False,False,False,False,False,False,False,False
WYFI,"WhiteFiber, Inc. - Ordinary Shares",19.62,19.0,787062871.0,49286768,86.7,-58.1,0,2,False,False,False,False,True,False,False,False,True,False,False
EPRT,"Essential Properties Realty Trust, Inc. Common Stock",26.53,19.0,5724746416.0,56473876,1.2,-23.6,0,2,False,False,True,False,True,False,False,False,False,True,False
PHIN,PHINIA Inc. Common Stock,62.04,19.0,2196086995.0,25981467,22.1,-28.6,5,2,False,False,False,False,True,True,False,False,False,False,False
SNDX,"Syndax Pharmaceuticals, Inc. - Common Stock",18.2,18.9,1604668635.0,29057368,40.1,-28.9,5,3,False,False,False,False,True,True,False,False,True,False,False
TYL,"Tyler Technologies, Inc. Common Stock",325.57,18.9,13385250757.0,300967566,20.3,-38.8,0,0,False,False,False,False,False,False,False,False,False,False,False
APLD,Applied Digital Corporation - Common Stock,26.25,18.8,7887154171.0,483054201,38.1,-48.3,0,2,False,False,False,False,True,False,False,False,True,False,False
SO,Southern Company (The) Common Stock,82.88,18.8,95353586252.0,517565549,1.0,-17.8,0,2,False,False,True,False,True,False,False,False,False,True,False
GEN,Gen Digital Inc. - Common Stock,21.62,18.7,13809402828.0,187812856,21.6,-31.7,2,1,False,False,False,False,False,True,False,False,False,False,False
ISRG,"Intuitive Surgical, Inc. - Common Stock",405.18,18.7,141141641742.0,1114294199,23.3,-32.9,0,1,False,False,False,False,False,False,False,True,False,False,False
TYRA,"Tyra Biosciences, Inc. - Common Stock",21.76,18.7,1540820593.0,23093146,75.5,-46.5,5,3,False,False,False,False,True,True,False,False,True,False,False
BC,Brunswick Corporation Common Stock,67.19,18.6,4286997836.0,57346485,14.7,-25.6,5,1,False,False,False,False,False,True,False,False,False,False,False
CNP,"CenterPoint Energy, Inc (Holding Co) Common Stock",36.84,18.6,24254081004.0,252995024,1.0,-18.6,5,3,False,False,True,False,True,True,False,False,False,True,False
CMG,"Chipotle Mexican Grill, Inc. Common Stock",31.33,18.5,40506030180.0,555532737,11.7,-26.8,1,1,False,False,False,False,False,True,False,False,False,False,False
MAA,"Mid-America Apartment Communities, Inc. Common Stock",118.35,18.5,13604734678.0,134272536,1.4,-18.0,0,1,False,False,True,False,False,False,False,False,False,True,False
APEI,"American Public Education, Inc. - Common Stock",41.665,18.4,781658902.0,13825188,38.0,-32.4,5,3,False,False,False,False,True,True,False,False,True,False,False
CRI,"Carter's, Inc. Common Stock",31.31,18.4,1110880458.0,45394475,15.3,-29.5,5,2,False,False,False,False,True,True,False,False,False,False,False
GOLF,Acushnet Holdings Corp. Common Stock,83.02,18.4,4810239424.0,33856027,13.6,-30.6,5,2,False,False,False,False,True,True,False,False,False,False,False
LOPE,"Grand Canyon Education, Inc. - Common Stock",147.28,18.3,3940772944.0,48969472,9.7,-34.0,0,0,False,False,False,False,False,False,False,False,False,False,False
MGEE,MGE Energy Inc. - Common Stock,70.06,18.3,2587826982.0,13689713,3.0,-20.3,0,1,False,False,True,False,False,False,False,False,False,True,False
EXC,Exelon Corporation - Common Stock,40.34,18.2,41496609473.0,329065983,1.5,-20.4,0,2,False,False,True,False,True,False,False,False,False,True,False
MNDY,monday.com Ltd. - Ordinary Shares,83.66,18.2,3689997184.0,126205077,45.5,-60.3,0,1,False,False,False,False,False,False,False,False,True,False,False
KTB,"Kontoor Brands, Inc. Common Stock ",65.37,18.2,3520239664.0,55938148,16.3,-26.5,0,2,False,False,False,False,True,False,True,False,False,False,False
OMCL,"Omnicell, Inc. - Common Stock",33.66,18.1,1506659619.0,26110957,15.8,-38.8,0,0,False,False,False,False,False,False,False,False,False,False,False
ALLY,Ally Financial Inc. Common Stock,38.79,18.1,11784696107.0,139988563,8.0,-18.0,5,2,False,False,False,False,False,True,False,False,False,True,False
MAMA,"Mama's Creations, Inc. - Common Stock",13.35,18.0,630361661.0,10240478,34.8,-36.4,5,4,False,False,False,False,True,True,True,False,True,False,False
PPL,PPL Corporation Common Stock,32.03,18.0,24058858567.0,260934307,1.5,-20.1,0,2,False,False,True,False,True,False,False,False,False,True,False
WLDN,"Willdan Group, Inc. - Common Stock",78.9,17.9,1212931406.0,18291861,22.0,-42.4,0,0,False,False,False,False,False,False,False,False,False,False,False
BKE,"Buckle, Inc. (The) Common Stock",42.27,17.9,2139826508.0,19519553,7.2,-29.6,0,0,False,False,False,False,False,False,False,False,False,False,False
TKO,"TKO Group Holdings, Inc. Class A Common Stock",182.67,17.9,35026253088.0,207620191,3.8,-19.5,2,2,False,False,False,False,False,True,False,False,False,True,False
KAI,Kadant Inc Common Stock,273.89,17.8,3240657887.0,42701134,11.9,-22.6,3,2,False,False,False,False,False,True,False,False,False,True,False
NAD,Nuveen Quality Municipal Income Fund Common Stock,10.1,17.8,,10711863,0.4,-18.0,0,1,False,False,True,False,False,False,False,False,False,True,False
RRX,Regal Rexnord Corporation Common Stock,156.18,17.7,10062697022.0,218967143,22.1,-37.0,5,2,False,False,False,False,True,True,False,False,False,False,False
TSN,"Tyson Foods, Inc. Common Stock",50.92,17.7,17991129324.0,188213755,0.7,-26.7,0,0,False,False,False,False,False,False,False,False,False,False,False
GLPI,"Gaming and Leisure Properties, Inc. - Common Stock",38.79,17.6,11209149257.0,141217131,1.2,-22.3,0,2,False,False,True,False,True,False,False,False,False,True,False
CWEN,"Clearway Energy, Inc. Class C Common Stock",29.77,17.6,4784641195.0,38198057,6.4,-28.7,0,1,False,False,False,False,True,False,False,False,False,False,False
NVR,"NVR, Inc. Common Stock",6297.6001,17.6,16616707881.0,235095685,14.5,-23.2,0,1,False,False,False,False,False,False,False,False,False,True,False
ANIP,"ANI Pharmaceuticals, Inc. - Common Stock",74.0,17.5,1699920492.0,29247413,6.4,-23.7,0,1,False,False,False,False,False,False,False,False,False,True,False
ALC,Alcon Inc. Ordinary Shares,64.47,17.5,32260632000.0,126855305,4.3,-26.4,0,0,False,False,False,False,False,False,False,False,False,False,False
BZ,KANZHUN LIMITED - American Depository Shares,14.11,17.4,6581097097.0,107946558,12.3,-42.8,0,0,False,False,False,False,False,False,False,False,False,False,False
GVA,Granite Construction Incorporated Common Stock,115.08,17.4,4854797094.0,87200771,18.3,-29.0,5,2,False,False,False,False,True,True,False,False,False,False,False
LRN,"Stride, Inc. Common Stock",78.56,17.4,3326449994.0,72894900,29.6,-49.3,1,2,False,False,False,False,True,True,False,False,False,False,False
DOO,BRP Inc. - Common Subordinate Voting Shares,57.17,17.3,3941015228.0,16391846,17.1,-30.2,0,0,False,False,False,False,False,False,False,False,False,False,False
SEB,Seaboard Corporation Common Stock,3969.1799,17.3,3778382395.0,60020207,26.4,-33.7,0,1,False,False,False,False,True,False,False,False,False,False,False
GBX,"Greenbrier Companies, Inc. (The) Common Stock",42.54,17.2,1320505798.0,17534166,11.3,-28.1,5,1,False,False,False,False,False,True,False,False,False,False,False
STC,Stewart Information Services Corporation Common Stock,59.19,17.2,1823090946.0,16024435,3.6,-24.7,0,1,False,False,False,False,False,False,False,False,False,True,False
CNXC,Concentrix Corporation - Common Stock,27.08,17.1,1793329307.0,38341868,41.6,-51.2,0,2,False,False,False,False,False,False,False,True,True,False,False
EXE,Expand Energy Corporation - Common Stock,86.84,17.1,20515865781.0,296762089,2.2,-31.4,0,0,False,False,False,False,False,False,False,False,False,False,False
MIDD,The Middleby Corporation - Common Stock,107.66,17.1,4885370362.0,69261879,20.8,-27.5,4,1,False,False,False,False,False,True,False,False,False,False,False
USAR,"USA Rare Earth, Inc. - Common Stock",15.18,17.0,5768677600.0,215181381,32.6,-65.5,1,3,False,False,False,False,True,True,False,False,True,False,False
NI,NiSource Inc Common Stock,39.42,17.0,18760391112.0,238879729,1.2,-19.9,0,2,False,False,False,False,True,False,False,False,False,True,False
NXST,"Nexstar Media Group, Inc. - Common Stock",162.1,16.9,4976464861.0,62784451,4.9,-36.3,0,0,False,False,False,False,False,False,False,False,False,False,False
OTEX,Open Text Corporation - Common Shares,22.51,16.9,5678658927.0,37253986,13.8,-43.6,0,0,False,False,False,False,False,False,False,False,False,False,False
RYN,Rayonier Inc. REIT Common Stock,18.88,16.9,5671632566.0,66930761,0.1,-30.2,0,0,False,False,True,False,False,False,False,False,False,False,False
CEG,Constellation Energy Corporation - Common Stock When-Issued,263.27,16.8,92693896494.0,744951480,15.2,-36.2,0,0,False,False,False,False,False,False,False,False,False,False,False
EEFT,"Euronet Worldwide, Inc. - Common Stock",65.61,16.8,2406173266.0,47842641,5.0,-27.6,0,0,False,False,False,False,False,False,False,False,False,False,False
BIPC,Brookfield Infrastructure Corporation Brookfield Infrastructure Corporation,34.96,16.7,4247728564.0,44603154,2.3,-32.4,0,0,False,False,False,False,False,False,False,False,False,False,False
SAH,"Sonic Automotive, Inc. Common Stock",64.95,16.7,1975292829.0,23752917,20.0,-42.9,4,3,False,False,False,False,True,True,True,False,False,False,False
CARG,"CarGurus, Inc. - Class A Common Stock",31.3,16.6,2760387083.0,35101178,18.6,-24.1,0,1,False,False,False,False,False,False,False,False,False,True,False
GXO,"GXO Logistics, Inc. Common Stock ",45.2,16.6,5065617854.0,68249055,3.6,-32.4,0,0,False,False,False,False,False,False,False,False,False,False,False
SLVM,Sylvamo Corporation Common Stock,35.96,16.6,1429778338.0,10208699,5.0,-36.7,0,0,False,False,False,False,False,False,False,False,False,False,False
DYN,"Dyne Therapeutics, Inc. - Common Stock",16.03,16.5,3083183576.0,62463235,34.5,-41.3,5,4,False,False,False,False,True,True,True,False,True,False,False
MKL,Markel Group Inc. Common Stock,1727.73,16.5,21499426820.0,119400849,0.7,-21.7,0,1,False,False,True,False,False,False,False,False,False,True,False
FER,Ferrovial N.V. - Ordinary Shares,55.83,16.4,39843570306.0,88473634,3.6,-25.4,0,0,False,False,False,False,False,False,False,False,False,False,False
ALB,Albemarle Corporation Common Stock,109.73,16.4,12774047420.0,295236504,38.4,-50.3,5,2,False,False,False,False,False,True,False,False,True,False,False
BSY,"Bentley Systems, Incorporated - Class B Common Stock",31.44,16.3,9636763159.0,90611317,12.0,-45.1,0,0,False,False,False,False,False,False,False,False,False,False,False
MLYS,"Mineralys Therapeutics, Inc. - Common Stock",25.86,16.3,2350739072.0,27371901,16.0,-45.7,0,0,False,False,False,False,False,False,False,False,False,False,False
SUPN,"Supernus Pharmaceuticals, Inc. - Common Stock",42.66,16.3,2516318393.0,34517517,5.3,-28.5,0,0,False,False,False,False,False,False,False,False,False,False,False
RVLV,"Revolve Group, Inc. Class A Common Stock",21.2,16.2,1470046486.0,20456605,22.2,-33.1,0,0,False,False,False,False,False,False,False,False,False,False,False
UBER,"Uber Technologies, Inc. Common Stock",69.62,16.2,141386011576.0,1371412091,6.4,-31.3,0,0,False,False,False,False,False,False,False,False,False,False,False
CRUS,"Cirrus Logic, Inc. - Common Stock",119.92,16.1,5953966247.0,101585273,12.9,-33.5,0,1,False,False,False,False,True,False,False,False,False,False,False
HLNE,Hamilton Lane Incorporated - Class A Common Stock,86.21,16.1,4703141847.0,63250121,19.9,-44.6,0,0,False,False,False,False,False,False,False,False,False,False,False
YOU,"Clear Secure, Inc. Class A Common Stock",39.6,16.1,5215355561.0,82720831,34.5,-42.7,5,3,False,False,False,False,True,True,False,False,True,False,False
IDXX,"IDEXX Laboratories, Inc. - Common Stock",519.26,16.0,40445437143.0,300254762,3.7,-32.6,0,0,False,False,False,False,False,False,False,False,False,False,False
PDI,PIMCO Dynamic Income Fund Common Stock,14.0,16.0,3369227400.0,57359658,2.0,-29.9,0,0,False,False,False,False,False,False,False,False,False,False,False
BHF,"Brighthouse Financial, Inc. - Common Stock",53.24,15.9,3074568158.0,55025782,19.6,-20.3,0,1,False,False,False,False,False,False,False,False,False,True,False
LMAT,"LeMaitre Vascular, Inc. - Common Stock",81.52,15.9,1848293351.0,29304276,4.2,-30.9,0,1,False,False,False,False,True,False,False,False,False,False,False
PENN,"PENN Entertainment, Inc. - Common Stock",15.65,15.8,2076691495.0,49991075,34.3,-30.0,4,4,False,False,False,False,True,True,True,False,True,False,False
PSIX,"Power Solutions International, Inc. - Common Stock",46.65,15.8,1073466043.0,16755313,84.5,-58.7,0,2,False,False,False,False,False,False,False,True,True,False,False
VRTS,"Virtus Investment Partners, Inc. Common Stock",130.58,15.8,859757616.0,20895473,7.4,-33.0,0,0,False,False,False,False,False,False,False,False,False,False,False
UFPI,"UFP Industries, Inc. - Common Stock",79.49,15.7,4347277106.0,38150556,2.1,-32.6,0,0,False,False,False,False,False,False,False,False,False,False,False
TDG,Transdigm Group Incorporated Common Stock,1116.2,15.7,61096037552.0,482654830,4.2,-23.7,0,1,False,False,False,False,False,False,False,False,False,True,False
BBSI,"Barrett Business Services, Inc. - Common Stock",31.14,15.6,765831688.0,8108957,22.9,-31.6,0,0,False,False,False,False,False,False,False,False,False,False,False
NHI,"National Health Investors, Inc. Common Stock",66.92,15.6,3298256747.0,26863359,0.6,-26.8,0,0,False,False,True,False,False,False,False,False,False,False,False
ADSK,"Autodesk, Inc. - Common Stock",209.4,15.5,44172150000.0,507492081,12.9,-35.8,0,0,False,False,False,False,False,False,False,False,False,False,False
LASR,"nLIGHT, Inc. - Common Stock",40.33,15.5,2343375802.0,62007765,45.1,-53.6,5,3,False,False,False,False,True,True,False,False,True,False,False
TTWO,"Take-Two Interactive Software, Inc. - Common Stock",201.44,15.5,37953290320.0,557431161,7.4,-24.3,0,1,False,False,False,False,False,False,False,False,False,True,False
FN,Fabrinet Ordinary Shares,417.39,15.4,14275176423.0,405163803,17.8,-44.3,0,1,False,False,False,False,True,False,False,False,False,False,False
TAC,TransAlta Corporation Ordinary Shares,11.53,15.4,3719320000.0,22941980,1.3,-35.5,0,1,False,False,False,False,True,False,False,False,False,False,False
AGX,"Argan, Inc. Common Stock",364.29,15.3,5065614753.0,177315670,51.6,-54.8,5,3,False,False,False,False,True,True,False,False,True,False,False
BBAR,Banco BBVA Argentina S.A. ADS,13.15,15.3,2755152989.0,10182232,69.5,-41.5,0,1,False,False,False,False,False,False,False,False,True,False,False
MP,MP Materials Corp. Common Stock,48.83,15.3,8780408288.0,309422056,29.1,-51.3,0,0,False,False,False,False,False,False,False,False,False,False,False
BTDR,Bitdeer Technologies Group - Ordinary Shares,11.51,15.2,3302154277.0,133753960,66.4,-58.6,0,3,False,False,False,False,True,False,False,True,True,False,False
VICI,VICI Properties Inc. Common Stock,23.51,15.2,25622074868.0,249529705,1.4,-28.8,0,0,False,False,False,False,False,False,False,False,False,False,False
FLY,Firefly Aerospace Inc. - Common Stock,24.36,15.1,3865373253.0,68016918,52.2,-60.8,1,4,False,False,False,False,True,True,False,True,True,False,False
JBS,JBS N.V. Class A Common Shares,11.57,15.1,12165755564.0,72136456,3.2,-38.0,0,0,False,False,False,False,False,False,False,False,False,False,False
ERIE,Erie Indemnity Company - Class A Common Stock,222.86,15.0,10113558329.0,68671619,8.9,-32.6,0,0,False,False,False,False,False,False,False,False,False,False,False
DBD,Diebold Nixdorf Incorporated Common stock,62.72,15.0,2120643352.0,19669277,15.1,-31.9,5,2,False,False,False,False,True,True,False,False,False,False,False
NPKI,NPK International Inc. Common Stock,11.72,15.0,991747562.0,10871101,9.2,-29.0,5,2,False,False,False,False,True,True,False,False,False,False,False
BEAM,Beam Therapeutics Inc. - Common Stock,24.27,14.9,2547073819.0,49278993,20.0,-36.6,5,2,False,False,False,False,True,True,False,False,False,False,False
MIAX,"Miami International Holdings, Inc. Common Stock",34.9,14.9,3536589205.0,58719329,1.1,-38.9,0,0,False,False,True,False,False,False,False,False,False,False,False
GIS,"General Mills, Inc. Common Stock",33.64,14.8,18623153226.0,337514615,6.0,-34.5,0,0,False,False,False,False,False,False,False,False,False,False,False
SRE,DBA Sempra Common Stock,77.93,14.8,50834213054.0,322314359,1.1,-22.9,0,2,False,False,True,False,True,False,False,False,False,True,False
ROCK,"Gibraltar Industries, Inc. - Common Stock",40.56,14.7,1178450393.0,14941206,20.9,-46.0,0,0,False,False,False,False,False,False,False,False,False,False,False
DTE,DTE Energy Company Common Stock,121.44,14.7,25216112201.0,200537974,1.0,-22.0,0,2,False,False,True,False,True,False,False,False,False,True,False
TXT,Textron Inc. Common Stock,76.59,14.7,13074445430.0,148749376,1.0,-24.6,0,1,False,False,False,False,False,False,False,False,False,True,False
ACAD,ACADIA Pharmaceuticals Inc. - Common Stock,20.68,14.6,3821736389.0,47389728,5.0,-33.2,3,1,False,False,False,False,False,True,False,False,False,False,False
MKC,"McCormick & Company, Incorporated Common Stock",47.94,14.6,12856481217.0,153149321,7.0,-33.8,0,0,False,False,False,False,False,False,False,False,False,False,False
DAKT,"Daktronics, Inc. - Common Stock",17.02,14.5,827674507.0,11060818,0.3,-39.8,2,1,False,False,True,False,False,True,False,False,False,False,False
CWK,Cushman & Wakefield Ltd. Common Shares,12.16,14.5,2882284334.0,25302223,5.1,-30.1,0,0,False,False,False,False,False,False,False,False,False,False,False
ORA,"Ormat Technologies, Inc. Common Stock",93.63,14.5,5690926920.0,89285539,3.3,-36.0,0,0,False,False,False,False,False,False,False,False,False,False,False
CMCSA,Comcast Corporation - Class A Common Stock,21.91,14.4,78531327360.0,712962024,3.0,-33.3,1,1,False,False,False,False,False,True,False,False,False,False,False
SOLS,Solstice Advanced Materials Inc. - Common Stock,56.65,14.4,8897041138.0,173660303,40.1,-37.6,1,3,False,False,False,False,True,True,False,False,True,False,False
GLUE,"Monte Rosa Therapeutics, Inc. - Common Stock",11.77,14.3,999873060.0,20465693,84.5,-54.3,0,1,False,False,False,False,False,False,False,False,True,False,False
FBIN,"Fortune Brands Innovations, Inc. Common Stock",39.38,14.3,4534922411.0,108690436,21.8,-39.3,0,0,False,False,False,False,False,False,False,False,False,False,False
BKNG,Booking Holdings Inc. - Common Stock,163.95,14.2,118274804505.0,1269716070,9.2,-27.1,0,0,False,False,False,False,False,False,False,False,False,False,False
CRTO,Criteo S.A. - Ordinary Shares,16.28,14.2,811399577.0,7499020,4.5,-35.6,0,0,False,False,False,False,False,False,False,False,False,False,False
HII,"Huntington Ingalls Industries, Inc. Common Stock",264.02,14.2,10481623068.0,146081082,0.9,-42.6,0,0,False,False,True,False,False,False,False,False,False,False,False
ASTS,"AST SpaceMobile, Inc. - Class A Common Stock",61.81,14.1,23762567184.0,711769389,30.1,-53.8,0,1,False,False,False,False,False,False,False,False,True,False,False
TJX,"TJX Companies, Inc. (The) Common Stock",130.06,14.1,144789585649.0,1032605226,5.9,-23.5,0,1,False,False,False,False,False,False,False,False,False,True,False
ABG,Asbury Automotive Group Inc Common Stock,185.15,14.0,3230267945.0,53304428,7.6,-28.4,0,0,False,False,False,False,False,False,False,False,False,False,False
TPR,"Tapestry, Inc. Common Stock",113.88,14.0,22355794937.0,402771692,22.5,-30.9,5,2,False,False,False,False,True,True,False,False,False,False,False
WH,"Wyndham Hotels & Resorts, Inc. Common Stock ",69.99,14.0,5139120199.0,93994412,4.7,-22.5,0,2,False,False,False,False,True,False,False,False,False,True,False
DRVN,Driven Brands Holdings Inc. - Common Stock,12.31,13.9,1986356985.0,12475647,25.6,-28.8,0,0,False,False,False,False,False,False,False,False,False,False,False
FSV,FirstService Corporation - Common Shares,128.62,13.9,5547370883.0,31638468,7.7,-33.3,0,0,False,False,False,False,False,False,False,False,False,False,False
CHKP,Check Point Software Technologies Ltd. - Ordinary Shares,131.24,13.8,13915295408.0,156223060,16.9,-37.7,0,0,False,False,False,False,False,False,False,False,False,False,False
PTCT,"PTC Therapeutics, Inc. - Common Stock",62.67,13.8,5197938749.0,78105142,8.5,-31.0,0,0,False,False,False,False,False,False,False,False,False,False,False
STRT,STRATTEC SECURITY CORPORATION - Common Stock,66.92,13.7,262134155.0,6980262,17.4,-28.0,0,0,False,False,False,False,False,False,False,False,False,False,False
CMS,CMS Energy Corporation Common Stock,62.95,13.7,19683236827.0,250527896,0.9,-21.7,0,2,False,False,True,False,True,False,False,False,False,True,False
STWD,"STARWOOD PROPERTY TRUST, INC. Starwood Property Trust Inc.",14.36,13.7,5315626122.0,68319870,0.7,-28.7,0,0,False,False,True,False,False,False,False,False,False,False,False
RDDT,"Reddit, Inc. Class A Common Stock",149.84,13.6,29382795007.0,1015746016,25.6,-43.1,0,0,False,False,False,False,False,False,False,False,False,False,False
TAP,Molson Coors Beverage Company Class B Common Stock,35.95,13.6,6777600465.0,153533193,0.8,-34.4,0,0,False,False,True,False,False,False,False,False,False,False,False
EVER,"EverQuote, Inc. - Class A Common Stock",18.64,13.5,636429903.0,18103004,34.3,-35.1,0,1,False,False,False,False,False,False,False,False,True,False,False
VFC,V.F. Corporation Common Stock,14.15,13.5,5382012263.0,109006269,13.6,-36.5,0,0,False,False,False,False,False,False,False,False,False,False,False
MAZE,"Maze Therapeutics, Inc. - Common Stock",26.05,13.4,1455943693.0,14346516,18.7,-51.4,0,0,False,False,False,False,False,False,False,False,False,False,False
PAC,"Grupo Aeroportuario Del Pacifico, S.A. B. de C.V. Grupo Aeroportuario Del Pacifico, S.A. de C.V. (each representing 10 Series B shares)",215.94,13.4,12579279766.0,28619920,9.6,-28.1,0,1,False,False,False,False,False,False,False,True,False,False,False
WSO,"Watsco, Inc. Common Stock",317.23,13.4,13209365041.0,166262988,7.3,-30.9,0,1,False,False,False,False,True,False,False,False,False,False,False
VRSK,"Verisk Analytics, Inc. - Common Stock",169.21,13.3,21950811424.0,265887328,8.5,-33.2,0,0,False,False,False,False,False,False,False,False,False,False,False
SLGN,Silgan Holdings Inc. Common Stock,35.91,13.3,3746427609.0,56399221,1.9,-27.5,3,1,False,False,True,False,False,True,False,False,False,False,False
ATMU,Atmus Filtration Technologies Inc. Common Stock,44.71,13.2,3654663654.0,33202829,5.0,-32.8,0,0,False,False,False,False,False,False,False,False,False,False,False
BRO,"Brown & Brown, Inc. Common Stock",60.82,13.2,20187042838.0,156713868,13.0,-37.0,0,0,False,False,False,False,False,False,False,False,False,False,False
TNC,Tennant Company Common Stock,67.74,13.2,1128834352.0,15471771,12.6,-26.3,0,0,False,False,False,False,False,False,False,False,False,False,False
MAT,"Mattel, Inc. - Common Stock",13.29,13.1,3754098000.0,56153025,4.4,-40.9,0,0,False,False,False,False,False,False,False,False,False,False,False
BN,Brookfield Corporation Class A Limited Voting Shares,36.87,13.1,89770960229.0,179531736,1.8,-25.6,0,0,False,False,False,False,False,False,False,False,False,False,False
FNF,"Fidelity National Financial, Inc. Common Stock",41.42,13.0,10947631198.0,94123692,1.5,-29.3,0,0,False,False,False,False,False,False,False,False,False,False,False
GPOR,Gulfport Energy Corporation Common Shares,154.62,13.0,2863194744.0,48325302,3.6,-31.5,0,0,False,False,False,False,False,False,False,False,False,False,False
SHEN,Shenandoah Telecommunications Co - Common Stock,11.76,12.9,639842513.0,8690750,21.6,-32.2,1,2,False,False,False,False,True,True,False,False,False,False,False
CNM,"Core & Main, Inc. Class A Common Stock",42.64,12.9,7928362361.0,100638762,6.5,-28.5,0,0,False,False,False,False,False,False,False,False,False,False,False
IBM,International Business Machines Corporation Common Stock,225.51,12.9,213921034593.0,1530828313,13.2,-32.2,0,0,False,False,False,False,False,False,False,False,False,False,False
NVO,Novo Nordisk A/S Common Stock,38.8,12.8,171006676682.0,579974070,10.5,-39.5,0,0,False,False,False,False,False,False,False,False,False,False,False
SNN,"Smith & Nephew SNATS, Inc. Common Stock",26.91,12.8,11171144488.0,49523165,1.9,-28.3,0,0,False,False,True,False,False,False,False,False,False,False,False
ASMB,"Assembly Biosciences, Inc. - Common Stock",23.67,12.7,481731701.0,8674589,8.6,-40.4,0,0,False,False,False,False,False,False,False,False,False,False,False
TATT,TAT Technologies Ltd. - Ordinary Shares,37.57,12.7,485439492.0,5984479,19.2,-41.8,0,0,False,False,False,False,False,False,False,False,False,False,False
BURL,"Burlington Stores, Inc. Common Stock",254.69,12.6,16007196142.0,371803980,12.3,-32.7,0,1,False,False,False,False,True,False,False,False,False,False,False
CC,Chemours Company (The) Common Stock,14.46,12.6,2135580739.0,35384695,38.5,-49.6,5,3,False,False,False,False,True,True,False,False,True,False,False
LAZ,"Lazard, Inc. Common Stock",36.72,12.6,3519914661.0,69357470,4.4,-37.5,0,0,False,False,False,False,False,False,False,False,False,False,False
CHDN,"Churchill Downs, Incorporated - Common Stock",79.77,12.5,5534896297.0,89072891,2.2,-32.6,0,0,False,False,False,False,False,False,False,False,False,False,False
ADNT,Adient plc Ordinary Shares ,17.63,12.5,1310647844.0,18613770,5.1,-35.5,0,0,False,False,False,False,False,False,False,False,False,False,False
AGO,Assured Guaranty Ltd. Common Stock,69.49,12.4,3008177827.0,32077846,2.1,-24.8,0,1,False,False,False,False,False,False,False,False,False,True,False
PII,Polaris Inc. Common Stock,53.03,12.4,2980606587.0,53905971,12.5,-32.0,0,0,False,False,False,False,False,False,False,False,False,False,False
RDY,Dr. Reddy's Laboratories Ltd Common Stock,12.25,12.4,10266280731.0,33496272,7.8,-21.8,0,2,False,False,False,False,False,False,False,True,False,True,False
NTLA,"Intellia Therapeutics, Inc. - Common Stock",11.75,12.3,1703940587.0,43887144,47.8,-58.4,1,3,False,False,False,False,True,True,False,False,True,False,False
WLK,Westlake Corporation Common Stock,67.71,12.3,8531697544.0,66611232,20.2,-45.5,2,2,False,False,False,False,True,True,False,False,False,False,False
HAPN,"Happen, Inc. - Common Stock",15.03,12.2,1771504572.0,25086673,15.2,-30.6,0,0,False,False,False,False,False,False,False,False,False,False,False
PAX,Patria Investments Limited - Class A Common Shares,10.24,12.2,1647210218.0,12594790,3.4,-42.5,0,0,False,False,False,False,False,False,False,False,False,False,False
ATEC,"Alphatec Holdings, Inc. - Common Stock",10.12,12.1,1532154674.0,21090941,48.4,-56.5,0,2,False,False,False,False,False,False,False,True,True,False,False
AZO,"AutoZone, Inc. Common Stock",2872.1599,12.1,46719084671.0,805080993,3.9,-33.7,0,0,False,False,False,False,False,False,False,False,False,False,False
HD,"Home Depot, Inc. (The) Common Stock",293.2,12.1,291504954925.0,1338773904,1.4,-28.7,0,0,False,False,False,False,False,False,False,False,False,False,False
DPZ,Domino's Pizza Inc - Common Stock,292.14,12.0,9693940807.0,292456477,3.6,-34.0,0,0,False,False,False,False,False,False,False,False,False,False,False
OTIS,Otis Worldwide Corporation Common Stock ,65.94,12.0,25383031525.0,281128578,0.1,-30.3,0,0,False,False,True,False,False,False,False,False,False,False,False
GSHD,"Goosehead Insurance, Inc. - Class A Common Stock",45.23,11.9,1550269253.0,28290716,34.3,-43.4,0,1,False,False,False,False,False,False,False,False,True,False,False
PRVA,"Privia Health Group, Inc. - Common Stock",19.71,11.9,2476766274.0,26524971,4.2,-31.6,0,0,False,False,False,False,False,False,False,False,False,False,False
VERA,"Vera Therapeutics, Inc. - Class A Common Stock",32.54,11.8,2402591589.0,75103653,41.2,-41.9,5,2,False,False,False,False,False,True,False,False,True,False,False
CIM,Chimera Investment Corporation Common Stock,10.34,11.8,871440025.0,10688085,1.3,-27.1,0,1,False,False,True,False,True,False,False,False,False,False,False
LPX,Louisiana-Pacific Corporation Common Stock,66.7,11.8,4634523615.0,79848727,3.4,-33.5,0,0,False,False,False,False,False,False,False,False,False,False,False
NXT,Nextpower Inc. - Class A Common Stock,80.85,11.7,12133809714.0,227686280,16.8,-50.4,0,1,False,False,False,False,True,False,False,False,False,False,False
BMI,"Badger Meter, Inc. Common Stock",129.48,11.7,3785682218.0,55899353,15.5,-36.5,0,0,False,False,False,False,False,False,False,False,False,False,False
CLX,Clorox Company (The) Common Stock,83.8,11.6,9892156209.0,280981783,2.7,-35.0,0,0,False,False,True,False,False,False,False,False,False,False,False
SAFE,Safehold Inc. New Common Stock ,12.26,11.6,876705546.0,5254080,0.4,-29.7,5,3,False,False,True,False,True,True,True,False,False,False,False
VMC,Vulcan Materials Company (Holding Company) Common Stock,245.0,11.6,31319181216.0,284138116,1.8,-26.0,0,0,False,False,False,False,False,False,False,False,False,False,False
FUL,H. B. Fuller Company Common Stock,50.06,11.5,2689370550.0,39012419,7.2,-27.1,0,0,False,False,False,False,False,False,False,False,False,False,False
WY,Weyerhaeuser Company Common Stock,20.01,11.5,14515623040.0,132440007,0.5,-27.9,2,1,False,False,True,False,False,True,False,False,False,False,False
TMUS,"T-Mobile US, Inc. - Common Stock",165.43,11.4,177366251210.0,863565837,2.7,-31.7,0,0,False,False,False,False,False,False,False,False,False,False,False
HLI,"Houlihan Lokey, Inc. Class A Common Stock",129.07,11.4,8909829885.0,116147424,14.4,-38.2,0,0,False,False,False,False,False,False,False,False,False,False,False
GLOB,Globant S.A. Common Shares,34.5,11.3,1503943935.0,55384797,25.2,-52.1,0,0,False,False,False,False,False,False,False,False,False,False,False
PEG,Public Service Enterprise Group Incorporated Common Stock,67.02,11.3,33174837197.0,219055594,1.3,-23.5,0,1,False,False,True,False,False,False,False,False,False,True,False
PINS,"Pinterest, Inc. Class A Common Stock",18.9,11.3,10601379865.0,271626025,36.6,-46.6,0,1,False,False,False,False,False,False,False,False,True,False,False
RGTI,"Rigetti Computing, Inc.  - Common stock",16.66,11.2,5507184326.0,298712476,33.0,-71.3,0,2,False,False,False,False,False,False,False,True,True,False,False
MWA,MUELLER WATER PRODUCTS Common Stock,21.63,11.2,3352018328.0,28848924,1.4,-30.2,0,0,False,False,False,False,False,False,False,False,False,False,False
NN,NextNav Inc. - Common stock,14.38,11.1,2439303200.0,42289313,32.3,-41.1,2,3,False,False,False,False,True,True,False,False,True,False,False
FCN,"FTI Consulting, Inc. Common Stock",134.29,11.1,3601929959.0,62455254,4.0,-29.1,0,0,False,False,True,False,False,False,False,False,False,False,False
STN,Stantec Inc Common Stock,69.02,11.1,7692635673.0,27059251,4.2,-39.7,0,0,False,False,False,False,False,False,False,False,False,False,False
GLIBK,Liberty Capital Corporation - Series C GCI Group Common Stock,23.55,11.0,948541707.0,9384856,22.0,-42.8,0,0,False,False,False,False,False,False,False,False,False,False,False
VST,Vistra Corp. Common Stock,138.46,11.0,46297518798.0,643830086,4.4,-36.2,0,0,False,False,False,False,False,False,False,False,False,False,False
AN,"AutoNation, Inc. Common Stock",166.98,10.9,5385274689.0,96846157,3.1,-29.2,0,0,False,False,False,False,False,False,False,False,False,False,False
BKV,BKV Corporation Common Stock,21.81,10.9,2525825116.0,38508366,8.6,-33.5,0,0,False,False,False,False,False,False,False,False,False,False,False
IPGP,IPG Photonics Corporation - Common Stock,78.12,10.8,3293024009.0,40010396,12.5,-49.9,0,1,False,False,False,False,True,False,False,False,False,False,False
LKQ,LKQ Corporation - Common Stock,23.29,10.8,5819047978.0,83300496,10.0,-37.3,0,0,False,False,False,False,False,False,False,False,False,False,False
STOK,"Stoke Therapeutics, Inc. - Common Stock",24.8,10.8,1631868660.0,25016961,22.0,-38.3,5,2,False,False,False,False,True,True,False,False,False,False,False
AXON,"Axon Enterprise, Inc. - Common Stock",430.11,10.7,36150649675.0,500217792,26.9,-43.7,0,0,False,False,False,False,False,False,False,False,False,False,False
ALK,"Alaska Air Group, Inc. Common Stock",40.94,10.7,4467472894.0,117239866,23.9,-32.5,0,0,False,False,False,False,False,False,False,False,False,False,False
BYD,Boyd Gaming Corporation Common Stock,71.23,10.6,5219564942.0,78117665,1.9,-22.1,0,1,False,False,False,False,False,False,False,False,False,True,False
PBH,Prestige Consumer Healthcare Inc. Common Stock,46.61,10.6,2162646929.0,27647246,9.4,-34.4,0,0,False,False,False,False,False,False,False,False,False,False,False
UPBD,"Upbound Group, Inc. - Common Stock",16.09,10.5,925211557.0,18186374,2.1,-35.0,1,3,False,False,False,False,True,True,True,False,False,False,False
LEN,Lennar Corporation Class A Common Stock,82.15,10.5,19625727219.0,269587942,8.5,-38.6,0,0,False,False,False,False,False,False,False,False,False,False,False
SPXC,"SPX Technologies, Inc. Common Stock",172.79,10.5,8638809133.0,102573694,1.6,-31.2,0,0,False,False,False,False,False,False,False,False,False,False,False
RSI,"Rush Street Interactive, Inc. Class A Common Stock",19.87,10.4,4528851415.0,77540748,28.1,-42.5,5,3,False,False,False,False,True,True,True,False,False,False,False
SMG,Scotts Miracle-Gro Company (The) Common Stock,50.89,10.4,2976802610.0,59969283,1.4,-32.5,4,2,False,False,True,False,True,True,False,False,False,False,False
RRR,"Red Rock Resorts, Inc. - Class A Common Stock",50.76,10.3,5421985838.0,52137623,6.2,-26.4,0,0,False,False,False,False,False,False,False,False,False,False,False
AON,Aon plc Class A Ordinary Shares (Ireland),277.99,10.3,58565711073.0,515262304,0.9,-27.3,0,0,False,False,False,False,False,False,False,False,False,False,False
EXP,Eagle Materials Inc Common Stock,178.49,10.3,5442722915.0,88416565,3.8,-27.3,0,0,False,False,False,False,False,False,False,False,False,False,False
OSIS,"OSI Systems, Inc. - Common Stock",197.24,10.2,3209118158.0,52221718,5.8,-36.7,0,0,False,False,False,False,False,False,False,False,False,False,False
HUBS,"HubSpot, Inc. Common Stock",213.74,10.2,11048355494.0,425290074,26.0,-59.3,0,0,False,False,False,False,False,False,False,False,False,False,False
CG,The Carlyle Group Inc. - Common Stock,40.03,10.1,14046638897.0,167651423,3.3,-40.5,0,0,False,False,False,False,False,False,False,False,False,False,False
PL,Planet Labs PBC Class A Common Stock,17.43,10.1,6411001566.0,167764233,65.7,-66.3,5,3,False,False,False,False,True,True,False,False,True,False,False
MBUU,"Malibu Boats, Inc. - Common Stock",24.09,10.0,460841804.0,6018007,5.6,-31.1,0,0,False,False,False,False,False,False,False,False,False,False,False
STAA,STAAR Surgical Company - Common Stock,20.51,10.0,956747215.0,25284573,31.6,-42.8,0,2,False,False,False,False,True,False,False,False,True,False,False
CCI,Crown Castle Inc. Common Stock,67.84,10.0,28773551340.0,268088266,1.5,-32.5,0,0,False,False,True,False,False,False,False,False,False,False,False
CDRE,"Cadre Holdings, Inc. Common Stock",26.39,9.9,1122331438.0,12572241,2.6,-45.9,0,0,False,False,False,False,False,False,False,False,False,False,False
SARO,"StandardAero, Inc. Common Stock",22.74,9.9,7339792980.0,92133408,3.4,-34.0,0,0,False,False,True,False,False,False,False,False,False,False,False
AMTM,"Amentum Holdings, Inc. Common Stock",19.19,9.8,4743424412.0,43846855,0.9,-49.6,0,0,False,False,True,False,False,False,False,False,False,False,False
KBH,KB Home Common Stock,48.01,9.8,2921408539.0,64760170,9.0,-28.9,0,0,False,False,False,False,False,False,False,False,False,False,False
HAYW,"Hayward Holdings, Inc. Common Stock",12.63,9.7,2655737167.0,40591345,1.8,-28.8,0,0,False,False,False,False,False,False,False,False,False,False,False
THO,"Thor Industries, Inc. Common Stock",72.15,9.7,3661006626.0,50236053,7.2,-41.3,0,0,False,False,False,False,False,False,False,False,False,False,False
XYL,Xylem Inc. Common Stock New,102.63,9.7,23969756120.0,249170171,0.4,-33.5,0,0,False,False,False,False,False,False,False,False,False,False,False
PWP,Perella Weinberg Partners - Class A Common Stock,14.47,9.6,1343869412.0,19574771,15.6,-44.2,0,0,False,False,False,False,False,False,False,False,False,False,False
MCD,McDonald's Corporation Common Stock,236.5,9.6,167725195678.0,1296290993,1.1,-30.8,0,0,False,False,False,False,False,False,False,False,False,False,False
HWKN,"Hawkins, Inc. - Common Stock",129.03,9.5,2643207315.0,21959502,11.2,-30.7,0,1,False,False,False,False,False,False,False,True,False,False,False
PEGA,Pegasystems Inc. - Common Stock,33.745,9.5,5627581267.0,89392030,34.4,-50.4,0,2,False,False,False,False,False,False,False,True,True,False,False
TLK,"PT Telekomunikasi Indonesia, Tbk",13.34,9.5,13175274808.0,10403168,0.8,-43.3,0,0,False,False,False,False,False,False,False,False,False,False,False
FIG,"Figma, Inc. Class A Common Stock",20.85,9.4,11374430562.0,451972345,25.6,-70.8,0,0,False,False,False,False,False,False,False,False,False,False,False
LZB,La-Z-Boy Incorporated Common Stock,29.88,9.4,1197978381.0,22887977,2.9,-33.5,0,0,False,False,False,False,False,False,False,False,False,False,False
LCII,LCI Industries,84.51,9.3,2031226410.0,29599322,2.1,-47.1,0,0,False,False,True,False,False,False,False,False,False,False,False
UVV,Universal Corporation Common Stock,42.47,9.3,1063447266.0,14861788,1.2,-28.5,0,0,False,False,True,False,False,False,False,False,False,False,False
FTAI,FTAI Aviation Ltd. - Common Stock,175.06,9.2,17925468592.0,304083307,17.1,-45.9,5,1,False,False,False,False,False,True,False,False,False,False,False
SOFI,"SoFi Technologies, Inc.  - Common Stock",16.58,9.2,21698381443.0,971069760,11.4,-49.3,0,0,False,False,False,False,False,False,False,False,False,False,False
EIX,Edison International Common Stock,52.65,9.2,20218126457.0,311447409,1.2,-35.5,5,2,False,False,False,False,True,True,False,False,False,False,False
PPC,Pilgrim's Pride Corporation - Common Stock,27.82,9.1,6490838364.0,44772221,7.4,-38.0,0,0,False,False,False,False,False,False,False,False,False,False,False
WGO,"Winnebago Industries, Inc. Common Stock",27.15,9.1,760433222.0,15337957,3.3,-45.9,0,0,False,False,False,False,False,False,False,False,False,False,False
CALM,"Cal-Maine Foods, Inc. - Common Stock",67.43,9.0,3212800490.0,78191946,1.2,-33.8,0,0,False,False,True,False,False,False,False,False,False,False,False
HRL,Hormel Foods Corporation Common Stock,19.71,9.0,10918959872.0,102752854,1.5,-25.9,0,0,False,False,True,False,False,False,False,False,False,False,False
PRKS,United Parks & Resorts Inc. Common Stock,33.25,9.0,1481300565.0,28119850,15.6,-40.3,1,3,False,False,False,False,True,True,True,False,False,False,False
AVAV,"AeroVironment, Inc. - Common Stock",152.05,8.9,8057622302.0,259185068,12.5,-63.6,0,0,False,False,False,False,False,False,False,False,False,False,False
LOW,"Lowe's Companies, Inc. Common Stock",189.28,8.9,105753072041.0,644769470,1.1,-35.4,0,0,False,False,True,False,False,False,False,False,False,False,False
MNRO,"Monro, Inc.  - Common Stock",13.74,8.8,437071559.0,14292828,24.2,-42.5,0,1,False,False,False,False,False,False,False,True,False,False,False
WSC,WillScot Holdings Corporation - Class A Common Stock,18.17,8.8,3216139505.0,62580163,21.9,-39.0,4,2,False,False,False,False,True,True,False,False,False,False,False
CIGI,Colliers International Group Inc.  - Subordinate Voting Shares,90.42,8.7,4713305411.0,23812735,2.9,-47.3,0,0,False,False,False,False,False,False,False,False,False,False,False
NMRK,"Newmark Group, Inc. - Class A Common Stock",13.06,8.7,2374095014.0,24359452,0.8,-34.2,0,0,False,False,False,False,False,False,False,False,False,False,False
KEP,Korea Electric Power Corporation Common Stock,11.01,8.7,13930620471.0,11952413,2.1,-53.0,0,0,False,False,False,False,False,False,False,False,False,False,False
AS,"Amer Sports, Inc. Ordinary Shares",27.77,8.6,14928755950.0,210592036,6.4,-35.1,0,0,False,False,False,False,False,False,False,False,False,False,False
STZ,"Constellation Brands, Inc. Common Stock",113.63,8.6,19504604947.0,256926525,0.3,-32.6,0,0,False,False,True,False,False,False,False,False,False,False,False
NFLX,"Netflix, Inc. - Common Stock",71.145,8.5,298637753563.0,2688738947,9.3,-43.0,0,0,False,False,False,False,False,False,False,False,False,False,False
MEC,"Mayville Engineering Company, Inc. Common Stock",17.16,8.5,427640551.0,13704626,40.1,-55.7,5,3,False,False,False,False,True,True,False,False,True,False,False
CPB,The Campbell's Company - Common Stock,19.37,8.4,5919393924.0,151530594,0.6,-42.7,0,0,False,False,True,False,False,False,False,False,False,False,False
IBP,"Installed Building Products, Inc. Common Stock",200.23,8.4,5217226653.0,85906889,3.9,-42.6,0,0,False,False,True,False,False,False,False,False,False,False,False
RCL,Royal Caribbean Cruises Ltd. Common Stock,242.7,8.4,63915699034.0,647686236,9.2,-31.9,2,1,False,False,False,False,False,True,False,False,False,False,False
ENPH,"Enphase Energy, Inc. - Common Stock",32.4,8.3,4336987347.0,167287021,25.7,-56.1,5,2,False,False,False,False,True,True,False,False,False,False,False
SGI,Somnigroup International Inc. Common Stock,63.95,8.3,14346203929.0,218019267,5.9,-35.1,0,0,False,False,False,False,False,False,False,False,False,False,False
TSCO,Tractor Supply Company - Common Stock,32.27,8.2,16381501907.0,349524496,13.8,-44.6,0,0,False,False,False,False,False,False,False,False,False,False,False
MGM,MGM Resorts International Common Stock,32.58,8.2,8702906688.0,118318457,11.6,-36.8,5,3,False,False,False,False,True,True,True,False,False,False,False
VVV,Valvoline Inc. Common Stock,28.92,8.2,3617074950.0,76678263,10.3,-29.6,0,1,False,False,False,False,True,False,False,False,False,False,False
HNRG,Hallador Energy Company - Common Stock,14.72,8.1,685464411.0,11653288,7.8,-40.4,0,0,False,False,False,False,False,False,False,False,False,False,False
EVR,Evercore Inc. Class A Common Stock,262.91,8.1,9880956902.0,156421540,3.4,-32.4,0,0,False,False,False,False,False,False,False,False,False,False,False
IRTC,"iRhythm Holdings, Inc.  - Common Stock",110.38,8.0,3652300732.0,70879741,9.5,-47.9,0,0,False,False,False,False,False,False,False,False,False,False,False
SFD,"Smithfield Foods, Inc. - Common Stock",19.04,8.0,7485518863.0,37836956,1.2,-36.1,0,1,False,False,False,False,True,False,False,False,False,False,False
GILT,Gilat Satellite Networks Ltd. - Ordinary Shares,10.14,7.9,756218899.0,5867640,8.2,-51.6,0,0,False,False,False,False,False,False,False,False,False,False,False
BIRK,Birkenstock Holding plc Ordinary Shares,33.6,7.9,5249362025.0,88937815,12.3,-33.8,0,0,False,False,False,False,False,False,False,False,False,False,False
HDB,HDFC Bank Limited Common Stock,23.01,7.9,117143532976.0,235963222,5.7,-38.6,0,0,False,False,False,False,False,False,False,False,False,False,False
VERX,"Vertex, Inc. - Class A Common Stock",11.37,7.8,1894706006.0,24906525,11.4,-57.2,0,0,False,False,False,False,False,False,False,False,False,False,False
SAM,"Boston Beer Company, Inc. (The) Common Stock",163.77,7.8,1710991966.0,45088014,3.2,-38.1,0,0,False,False,False,False,False,False,False,False,False,False,False
EFX,"Equifax, Inc. Common Stock",148.11,7.7,17481752525.0,266861533,0.9,-42.7,0,0,False,False,True,False,False,False,False,False,False,False,False
FG,"F&G Annuities & Life, Inc. Common Stock",22.12,7.7,2830819219.0,16935804,7.5,-37.4,0,0,False,False,False,False,False,False,False,False,False,False,False
CLB,Core Laboratories Inc. Common Stock,10.39,7.6,481328846.0,6901662,6.1,-49.0,0,0,False,False,False,False,False,False,False,False,False,False,False
LHX,"L3Harris Technologies, Inc. Common Stock",237.69,7.6,44326527193.0,446182430,0.4,-37.3,0,0,False,False,True,False,False,False,False,False,False,False,False
SYK,Stryker Corporation Common Stock,272.36,7.6,103468829159.0,813951398,2.0,-30.6,0,0,False,False,False,False,False,False,False,False,False,False,False
TLN,Talen Energy Corporation - Common Stock,304.42,7.5,14374756843.0,253443626,8.8,-32.5,0,0,False,False,False,False,False,False,False,False,False,False,False
ORCL,Oracle Corporation Common Stock,137.1,7.5,421932121440.0,4329458998,19.7,-57.5,0,0,False,False,False,False,False,False,False,False,False,False,False
TBBK,"The Bancorp, Inc. - Common Stock",50.58,7.4,2038932582.0,29138446,4.5,-38.1,0,0,False,False,False,False,False,False,False,False,False,False,False
MLM,"Martin Marietta Materials, Inc. Common Stock",484.3,7.4,28837609304.0,370647622,1.4,-31.9,0,0,False,False,True,False,False,False,False,False,False,False,False
MMS,"Maximus, Inc. Common Stock",52.61,7.4,2755065489.0,36413023,1.8,-47.4,0,0,False,False,True,False,False,False,False,False,False,False,False
CPRT,"Copart, Inc. - Common Stock",27.59,7.3,25959753955.0,332459450,2.9,-39.9,0,0,False,False,False,False,False,False,False,False,False,False,False
ULS,UL Solutions Inc. Class A Common Stock,66.05,7.3,13286918765.0,65618805,4.6,-38.6,0,1,False,False,False,False,True,False,False,False,False,False,False
ALMU,"Aeluma, Inc. - Common Stock",13.29,7.2,257389365.0,8145423,29.8,-58.2,0,1,False,False,False,False,True,False,False,False,False,False,False
MMYT,MakeMyTrip Limited - Ordinary Shares,46.75,7.2,4408529488.0,38273952,43.1,-52.3,0,1,False,False,False,False,False,False,False,False,True,False,False
FWRD,Forward Air Corporation - Common Stock,14.69,7.1,498267715.0,10213805,86.9,-52.9,0,1,False,False,False,False,False,False,False,False,True,False,False
QBTS,D-Wave Quantum Inc. - Common Stock,17.41,7.1,6635873457.0,311789854,36.5,-62.8,0,1,False,False,False,False,False,False,False,False,True,False,False
JBTM,JBT Marel Corporation Common Stock,110.09,7.1,5740169801.0,70368262,0.8,-35.3,0,0,False,False,False,False,False,False,False,False,False,False,False
ROAD,"Construction Partners, Inc. - Common Stock",93.71,7.0,5155103767.0,94116271,5.6,-37.9,0,0,False,False,False,False,False,False,False,False,False,False,False
AAP,Advance Auto Parts Inc.,41.73,7.0,2502372000.0,92605662,10.1,-36.0,0,1,False,False,False,False,True,False,False,False,False,False,False
ASTE,"Astec Industries, Inc. - Common Stock",41.28,6.9,934599647.0,11115115,3.9,-37.2,0,1,False,False,False,False,True,False,False,False,False,False,False
PHR,"Phreesia, Inc. Common Stock",10.15,6.9,620709440.0,8513529,30.6,-58.1,0,1,False,False,False,False,False,False,False,False,True,False,False
FSLR,"First Solar, Inc. - Common Stock",177.71,6.8,18501998702.0,501157895,4.0,-44.6,0,0,False,False,False,False,False,False,False,False,False,False,False
BBWI,"Bath & Body Works, Inc.",16.45,6.8,3387641258.0,115426056,15.2,-40.0,0,0,False,False,False,False,False,False,False,False,False,False,False
BV,"BrightView Holdings, Inc. Common Stock",10.41,6.8,917666000.0,12144804,6.1,-30.6,0,0,False,False,False,False,False,False,False,False,False,False,False
DKNG,DraftKings Inc. - Class A Common Stock,22.02,6.7,10559577601.0,292796761,8.2,-49.6,0,0,False,False,True,False,False,False,False,False,False,False,False
MIR,"Mirion Technologies, Inc. Class A Common Stock",15.59,6.7,3909891058.0,61094015,10.5,-48.5,0,0,False,False,False,False,False,False,False,False,False,False,False
AMSC,American Superconductor Corporation - Common Stock,30.01,6.6,1473609990.0,22285942,20.7,-57.4,0,1,False,False,False,False,True,False,False,False,False,False,False
CCL,Carnival Corporation Ltd. Common Shares,22.25,6.6,29844654303.0,500971821,3.7,-34.6,0,0,False,False,False,False,False,False,False,False,False,False,False
KMPR,Kemper Corporation,25.32,6.6,1484863481.0,24122738,11.6,-51.5,0,0,False,False,False,False,False,False,False,False,False,False,False
BEPC,Brookfield Renewable Corporation Brookfield Renewable Corporation Class A Subordinate Voting Shares,28.47,6.5,10696031321.0,60260327,1.4,-37.0,0,0,False,False,False,False,False,False,False,False,False,False,False
KVYO,"Klaviyo, Inc. Series A Common Stock",15.8,6.5,4586959010.0,111792682,26.1,-54.5,0,0,False,False,False,False,False,False,False,False,False,False,False
HROW,"Harrow, Inc. - Common Stock",33.07,6.4,1240847835.0,21407496,15.9,-39.7,0,0,False,False,False,False,False,False,False,False,False,False,False
TRUP,"Trupanion, Inc. - Common Stock",23.16,6.4,983623939.0,13501367,9.5,-50.7,0,0,False,False,False,False,False,False,False,False,False,False,False
ROOT,"Root, Inc. - Common Stock",47.4,6.3,740732378.0,12677723,15.9,-49.6,0,0,False,False,False,False,False,False,False,False,False,False,False
SEDG,"SolarEdge Technologies, Inc. - Common Stock",32.68,6.3,1963286619.0,118498782,15.8,-59.8,0,1,False,False,False,False,True,False,False,False,False,False,False
REZI,"Resideo Technologies, Inc. Common Stock ",18.27,6.3,2778807017.0,52504688,0.7,-42.0,0,0,False,False,False,False,False,False,False,False,False,False,False
BBUC,Brookfield Business Corporation Class A Subordinate Voting Shares,25.46,6.2,5212053000.0,9517268,2.5,-33.4,0,0,False,False,False,False,False,False,False,False,False,False,False
SHAK,"Shake Shack, Inc. Class A Common Stock",55.55,6.2,2458798988.0,101167075,7.7,-48.3,0,0,False,False,False,False,False,False,False,False,False,False,False
ACI,"Albertsons Companies, Inc. Class A Common Stock",11.67,6.1,5799641912.0,105356202,7.5,-41.6,0,0,False,False,False,False,False,False,False,False,False,False,False
CSV,"Carriage Services, Inc. Common Stock",31.94,6.1,507915826.0,5824509,6.1,-38.7,0,0,False,False,False,False,False,False,False,False,False,False,False
DECK,Deckers Outdoor Corporation Common Stock,78.67,6.1,10733071380.0,253025222,1.7,-35.7,0,0,False,False,False,False,False,False,False,False,False,False,False
CELH,"Celsius Holdings, Inc. - Common Stock",27.99,6.0,7193786386.0,288761044,18.8,-58.1,0,0,False,False,False,False,False,False,False,False,False,False,False
ONON,On Holding AG Class A Ordinary Shares,29.96,6.0,18380510392.0,278958661,13.6,-41.3,0,0,False,False,False,False,False,False,False,False,False,False,False
HUBG,"Hub Group, Inc. - Class A Common Stock",30.34,5.9,1836439905.0,46318452,1.4,-43.0,0,0,False,False,False,False,False,False,False,False,False,False,False
OLED,Universal Display Corporation - Common Stock,77.39,5.9,3375804362.0,64353704,5.7,-49.5,0,0,False,False,False,False,False,False,False,False,False,False,False
FWRG,"First Watch Restaurant Group, Inc. - Common Stock",10.14,5.8,630701086.0,13678027,2.6,-46.1,0,0,False,False,False,False,False,False,False,False,False,False,False
HGV,Hilton Grand Vacations Inc. Common Stock ,35.77,5.8,2726563007.0,47390331,3.4,-35.4,0,0,False,False,False,False,False,False,False,False,False,False,False
RBA,"RB Global, Inc. Common Stock",82.49,5.8,14969500037.0,162864310,3.4,-30.9,0,0,False,False,False,False,False,False,False,False,False,False,False
FND,"Floor & Decor Holdings, Inc. Common Stock",47.06,5.7,4943264175.0,131706909,10.4,-40.0,0,0,False,False,False,False,False,False,False,False,False,False,False
POST,"Post Holdings, Inc. Common Stock",73.15,5.7,3258957523.0,82016517,0.5,-37.6,0,0,False,False,True,False,False,False,False,False,False,False,False
COO,"The Cooper Companies, Inc.  - Common Stock",55.38,5.6,10530800182.0,192908980,8.6,-38.4,0,0,False,False,False,False,False,False,False,False,False,False,False
SHOE,"Shoe Station Group, Inc. - Common Stock",13.0,5.6,359370034.0,13830047,27.5,-41.9,0,0,False,False,False,False,False,False,False,False,False,False,False
IMXI,"International Money Express, Inc. - Common Stock",11.25,5.5,319336897.0,8405058,8.6,-29.5,0,0,False,False,False,False,False,False,False,False,False,False,False
ASR,"Grupo Aeroportuario del Sureste, S.A. de C.V. Common Stock",243.21,5.5,7149000000.0,15219993,3.1,-36.3,0,0,False,False,False,False,False,False,False,False,False,False,False
CRH,CRH PLC Ordinary Shares,85.04,5.5,56197738711.0,436153562,1.9,-35.4,0,0,False,False,False,False,False,False,False,False,False,False,False
AMRC,"Ameresco, Inc. Class A Common Stock",21.48,5.4,1149944792.0,16668933,16.9,-52.2,0,0,False,False,False,False,False,False,False,False,False,False,False
CTRI,"Centuri Holdings, Inc. Common Stock",20.51,5.4,2058636651.0,41627673,7.8,-52.3,0,1,False,False,False,False,True,False,False,False,False,False,False
CPRI,Capri Holdings Limited Ordinary Shares,15.1,5.3,1726368077.0,70582707,21.8,-46.6,0,1,False,False,False,False,False,False,False,True,False,False,False
LVS,Las Vegas Sands Corp. Common Stock,38.99,5.3,25033650762.0,244306299,2.4,-44.7,0,0,False,False,False,False,False,False,False,False,False,False,False
PCG,Pacific Gas & Electric Co. Common Stock,12.34,5.3,33018961311.0,600823569,2.7,-35.6,0,1,False,False,False,False,True,False,False,False,False,False,False
FISV,"Fiserv, Inc. - Common Stock",46.48,5.2,24450633832.0,378613336,3.0,-64.5,0,0,False,False,False,False,False,False,False,False,False,False,False
RH,RH Common Stock,124.17,5.2,2294509539.0,117668694,16.8,-48.1,0,0,False,False,False,False,False,False,False,False,False,False,False
KD,"Kyndryl Holdings, Inc. Common Stock",11.6,5.1,2557186408.0,51807357,14.9,-62.7,0,0,False,False,False,False,False,False,False,False,False,False,False
RKT,"Rocket Companies, Inc. Class A Common Stock",12.17,5.1,33781494083.0,395664018,6.1,-50.0,0,0,False,False,False,False,False,False,False,False,False,False,False
BGSI,Boyd Group Services Inc. Common Shares,79.95,5.0,2204088923.0,5597490,2.7,-56.3,0,0,False,False,False,False,False,False,False,False,False,False,False
MTZ,"MasTec, Inc. Common Stock",212.85,5.0,17020633729.0,415207528,16.7,-51.8,5,2,False,False,False,False,True,True,False,False,False,False,False
OXM,"Oxford Industries, Inc. Common Stock",25.95,5.0,390483603.0,14050264,1.4,-47.7,0,1,False,False,True,False,True,False,False,False,False,False,False
WYNN,"Wynn Resorts, Limited - Common Stock",81.12,4.9,8257476319.0,167092876,5.3,-39.8,0,0,False,False,False,False,False,False,False,False,False,False,False
FIS,"Fidelity National Information Services, Inc. Common Stock",35.41,4.9,18044550036.0,249627311,3.5,-48.8,0,0,False,False,False,False,False,False,False,False,False,False,False
XENE,Xenon Pharmaceuticals Inc. - Common Shares,36.94,4.8,3685746842.0,62524498,2.7,-49.2,5,3,False,False,False,False,True,True,True,False,False,False,False
RBLX,Roblox Corporation Class A Common Stock,46.44,4.8,34882977199.0,525419748,37.1,-67.3,0,2,False,False,False,False,False,False,False,True,True,False,False
ALNY,"Alnylam Pharmaceuticals, Inc. - Common Stock",255.96,4.7,33397417762.0,440401589,29.4,-48.3,0,1,False,False,False,False,False,False,False,True,False,False,False
BL,"BlackLine, Inc. - Common Stock",27.99,4.7,1621113780.0,31018380,13.3,-53.0,0,0,False,False,False,False,False,False,False,False,False,False,False
MATW,Matthews International Corporation - Class A Common Stock,18.95,4.7,599917185.0,18064437,0.1,-38.7,0,0,False,False,True,False,False,False,False,False,False,False,False
ENOV,Enovis Corporation Common Stock,18.46,4.6,1053621655.0,33322801,6.7,-46.1,0,0,False,False,False,False,False,False,False,False,False,False,False
PSN,Parsons Corporation Common Stock,43.07,4.6,4532820921.0,68549380,18.8,-51.9,0,0,False,False,False,False,False,False,False,False,False,False,False
MZTI,The Marzetti Company - Common Stock,100.47,4.5,2760211740.0,41027612,2.5,-43.0,0,0,False,False,False,False,False,False,False,False,False,False,False
CHWY,"Chewy, Inc. Class A Common Stock",18.27,4.5,7363307202.0,184203315,5.0,-54.9,0,0,False,False,False,False,False,False,False,False,False,False,False
GIL,"Gildan Activewear, Inc. Class A Sub. Vot. Common Stock",40.98,4.5,7524344784.0,75400912,2.1,-44.4,0,0,False,False,False,False,False,False,False,False,False,False,False
TTAN,"ServiceTitan, Inc. - Class A Common Stock",58.05,4.4,5786144822.0,170289256,9.5,-47.9,0,0,False,False,False,False,False,False,False,False,False,False,False
DY,"Dycom Industries, Inc. Common Stock",271.52,4.4,8206796400.0,205555214,1.8,-52.1,0,1,False,False,False,False,True,False,False,False,False,False,False
ALKT,"Alkami Technology, Inc. - Common Stock",13.8,4.3,1516437276.0,29250213,0.8,-46.8,0,0,False,False,True,False,False,False,False,False,False,False,False
CRK,"Comstock Resources, Inc. Common Stock",13.12,4.3,4057835973.0,35349832,8.3,-53.3,0,0,False,False,False,False,False,False,False,False,False,False,False
POOL,Pool Corporation - Common Stock,164.91,4.2,5876662197.0,148029641,2.8,-47.4,0,0,False,False,False,False,False,False,False,False,False,False,False
LII,"Lennox International, Inc. Common Stock",373.77,4.2,12710725052.0,223788389,6.7,-36.4,0,0,False,False,False,False,False,False,False,False,False,False,False
SITE,"SiteOne Landscape Supply, Inc. Common Stock",91.31,4.2,4024153850.0,88398944,5.9,-45.8,0,0,False,False,False,False,False,False,False,False,False,False,False
SFM,"Sprouts Farmers Market, Inc. - Common Stock",62.49,4.1,6100259628.0,147371365,0.0,-46.3,0,1,False,False,True,False,True,False,False,False,False,False,False
TGLS,Tecnoglass Holdings Inc. Common Stock,35.44,4.1,1543444991.0,11013873,3.7,-48.2,0,0,False,False,False,False,False,False,False,False,False,False,False
BWXT,"BWX Technologies, Inc. Common Stock",138.47,4.0,12706136186.0,163347679,1.4,-42.7,0,0,False,False,True,False,False,False,False,False,False,False,False
OLN,Olin Corporation Common Stock,16.4,4.0,1853355287.0,54207163,1.9,-46.2,0,1,False,False,True,False,True,False,False,False,False,False,False
KTOS,"Kratos Defense & Security Solutions, Inc. - Common Stock",45.62,3.9,8826656796.0,191900932,5.9,-66.0,0,0,False,False,False,False,False,False,False,False,False,False,False
CALX,"Calix, Inc Common Stock",33.14,3.9,2094811914.0,40827439,1.8,-53.5,0,0,False,False,False,False,False,False,False,False,False,False,False
CPS,Cooper-Standard Holdings Inc. Common Stock,22.7,3.9,394831802.0,5558563,3.4,-52.7,0,0,False,False,True,False,False,False,False,False,False,False,False
LEU,Centrus Energy Corp. Class A Common Stock,147.07,3.8,2907199327.0,116626293,8.3,-68.3,0,0,False,False,False,False,False,False,False,False,False,False,False
NKE,"Nike, Inc. Common Stock",35.75,3.8,53391118321.0,1068214188,1.5,-53.6,0,0,False,False,True,False,False,False,False,False,False,False,False
GPI,"Group 1 Automotive, Inc. Common Stock",252.18,3.7,2954208133.0,62667478,2.4,-45.3,0,0,False,False,False,False,False,False,False,False,False,False,False
LMND,"Lemonade, Inc. Common Stock",44.93,3.7,3504518727.0,64956998,3.8,-55.0,0,0,False,False,False,False,False,False,False,False,False,False,False
UUUU,Energy Fuels Inc Ordinary Shares (Canada),11.35,3.7,2828494440.0,91263663,6.2,-59.3,0,0,False,False,False,False,False,False,False,False,False,False,False
LIF,"Life360, Inc. - Common Stock",41.1,3.6,3361880025.0,36800029,11.1,-63.5,0,0,False,False,False,False,False,False,False,False,False,False,False
NXRT,"NexPoint Residential Trust, Inc. Common Stock",19.64,3.6,515595226.0,11440331,0.1,-39.3,0,0,False,False,True,False,False,False,False,False,False,False,False
BOOT,"Boot Barn Holdings, Inc. Common Stock",123.3,3.5,3815890344.0,104153415,2.2,-41.4,0,0,False,False,False,False,False,False,False,False,False,False,False
ZTS,Zoetis Inc. Class A Common Stock,71.05,3.5,29037222513.0,419880626,2.2,-52.2,0,0,False,False,True,False,False,False,False,False,False,False,False
AORT,"Artivion, Inc. Common Stock",22.63,3.4,1122855770.0,17710522,18.1,-53.1,0,0,False,False,False,False,False,False,False,False,False,False,False
BXMT,"Blackstone Mortgage Trust, Inc. Common Stock",12.5,3.4,2088255092.0,33861628,1.5,-39.5,0,0,False,False,False,False,False,False,False,False,False,False,False
CAVA,"CAVA Group, Inc. Common Stock",51.58,3.4,6250299655.0,218484018,18.8,-47.8,4,2,False,False,False,False,True,True,False,False,False,False,False
NAMS,NewAmsterdam Pharma Company N.V. - Ordinary Shares,22.58,3.3,2718275223.0,35461755,7.4,-46.5,0,0,False,False,False,False,False,False,False,False,False,False,False
AMRZ,Amrize Ltd Ordinary Shares,38.22,3.3,20362041726.0,173808643,3.7,-42.0,0,0,False,False,False,False,False,False,False,False,False,False,False
CAR,"Avis Budget Group, Inc. - Common Stock",108.29,3.2,3657628569.0,60945777,26.0,-87.2,0,1,False,False,False,False,True,False,False,False,False,False,False
SRAD,Sportradar Group AG - Class A Ordinary Shares,13.24,3.2,4080903895.0,33006130,14.6,-55.2,0,0,False,False,False,False,False,False,False,False,False,False,False
ACM,AECOM Common Stock,60.89,3.2,7531314791.0,135909896,4.2,-55.1,0,0,False,False,False,False,False,False,False,False,False,False,False
EYE,"National Vision Holdings, Inc. - Common Stock",16.53,3.1,1297527426.0,41181180,12.1,-44.9,0,0,False,False,False,False,False,False,False,False,False,False,False
INTU,Intuit Inc. - Common Stock,275.79,3.1,74059112680.0,1261025693,9.1,-60.8,0,0,False,False,False,False,False,False,False,False,False,False,False
ETOR,eToro Group Ltd. - Class A Common Shares,26.39,3.0,2159447188.0,35370851,6.7,-40.3,0,1,False,False,False,False,True,False,False,False,False,False,False
BSX,Boston Scientific Corporation Common Stock,43.92,3.0,64751575222.0,968758262,4.1,-58.4,0,0,False,False,False,False,False,False,False,False,False,False,False
CLBT,Cellebrite DI Ltd. - Ordinary Shares,10.79,2.9,2857747852.0,37828076,12.6,-46.0,0,0,False,False,False,False,False,False,False,False,False,False,False
CSIQ,Canadian Solar Inc. - Common Shares,10.8,2.9,742593128.0,26661733,0.9,-68.8,0,0,False,False,False,False,False,False,False,False,False,False,False
ESAB,ESAB Corporation Common Stock,71.91,2.9,4220572621.0,62440534,10.9,-47.7,0,0,False,False,False,False,False,False,False,False,False,False,False
WINA,Winmark Corporation - Common Stock,296.35,2.8,1051858927.0,21688681,5.8,-43.8,0,0,False,False,False,False,False,False,False,False,False,False,False
FOUR,"Shift4 Payments, Inc. Class A Common Stock",38.45,2.8,3013118179.0,82076643,11.3,-52.5,0,0,False,False,False,False,False,False,False,False,False,False,False
LULU,lululemon athletica inc. - Common Stock,101.3,2.7,10732580665.0,539858234,6.2,-55.2,0,0,False,False,False,False,False,False,False,False,False,False,False
NNE,Nano Nuclear Energy Inc. - common stock,16.99,2.7,913942445.0,33221919,15.5,-72.1,0,0,False,False,False,False,False,False,False,False,False,False,False
PAR,PAR Technology Corporation Common Stock,14.06,2.6,576596150.0,16048239,21.3,-65.5,0,0,False,False,False,False,False,False,False,False,False,False,False
WD,"Walker & Dunlop, Inc Common Stock",37.98,2.6,1280693546.0,18429646,3.9,-57.8,0,0,False,False,False,False,False,False,False,False,False,False,False
YELP,Yelp Inc. Common Stock,18.03,2.6,996822718.0,26455521,2.2,-47.7,0,0,False,False,False,False,False,False,False,False,False,False,False
ZG,"Zillow Group, Inc. - Class A Common Stock",29.3,2.5,6501134920.0,38283115,3.3,-62.8,0,0,False,False,False,False,False,False,False,False,False,False,False
GPGI,"GPGI, Inc. Class A Common Stock",11.61,2.5,3458388678.0,20176818,3.5,-56.6,0,0,False,False,False,False,False,False,False,False,False,False,False
ATS,ATS Corporation Common Shares,19.1,2.4,1832471316.0,5409910,3.7,-46.7,0,0,False,False,False,False,False,False,False,False,False,False,False
CPNG,"Coupang, Inc. Class A Common Stock",13.88,2.4,24949462424.0,267631579,0.1,-57.9,0,0,False,False,True,False,False,False,False,False,False,False,False
TPB,"Turning Point Brands, Inc. Common Stock",62.07,2.4,1205341191.0,27221727,6.0,-57.7,0,0,False,False,False,False,False,False,False,False,False,False,False
LINC,Lincoln Educational Services Corporation - Common Stock,22.46,2.3,757508919.0,27502338,29.9,-60.1,5,2,False,False,False,False,True,True,False,False,False,False,False
PATK,"Patrick Industries, Inc. - Common Stock",68.49,2.3,2176333569.0,42170850,2.2,-53.9,0,0,False,False,True,False,False,False,False,False,False,False,False
AMSF,"AMERISAFE, Inc. - Common Stock",23.51,2.2,441714262.0,12119788,0.0,-47.4,0,0,False,False,True,False,False,False,False,False,False,False,False
ALIT,"Alight, Inc. Class A Common Stock",11.02,2.2,303872969.0,7705689,15.0,-83.7,0,0,False,False,False,False,False,False,False,False,False,False,False
FICO,Fair Isaac Corporation Common Stock,863.09,2.1,18497942425.0,399085163,1.7,-56.8,0,0,False,False,True,False,False,False,False,False,False,False,False
NCLH,Norwegian Cruise Line Holdings Ltd. Ordinary Shares,14.61,2.1,6515875535.0,270955749,7.2,-44.0,0,0,False,False,False,False,False,False,False,False,False,False,False
PFSI,"PennyMac Financial Services, Inc. Common Stock",65.46,2.1,3390359589.0,44413318,1.4,-59.2,0,0,False,False,False,False,False,False,False,False,False,False,False
KNF,Knife Riv Holding Co. Common Stock,54.58,2.0,3029463725.0,56194417,7.7,-43.3,0,1,False,False,False,False,True,False,False,False,False,False,False
NRG,"NRG Energy, Inc. Common Stock",100.37,2.0,20569095762.0,343283413,2.9,-47.2,0,0,False,False,False,False,False,False,False,False,False,False,False
CSGP,"CoStar Group, Inc. - Common Stock",28.09,1.9,11286778814.0,214885560,8.5,-67.0,0,0,False,False,False,False,False,False,False,False,False,False,False
Z,"Zillow Group, Inc. - Class C Capital Stock",28.43,1.9,6327981206.0,124550817,2.9,-65.1,0,0,False,False,False,False,False,False,False,False,False,False,False
FUN,Six Flags Entertainment Corporation Common Stock New,12.32,1.8,1268722269.0,33206140,2.7,-55.0,0,1,False,False,False,False,True,False,False,False,False,False,False
JBGS,JBG SMITH Properties Common Shares ,10.53,1.8,776778044.0,11017982,2.0,-53.8,0,0,False,False,True,False,False,False,False,False,False,False,False
QXO,"QXO, Inc. Common Stock",12.43,1.8,12719636092.0,242483565,11.6,-55.0,0,0,False,False,False,False,False,False,False,False,False,False,False
PODD,Insulet Corporation - Common Stock,136.13,1.7,9416913140.0,245171768,7.7,-61.6,0,0,False,False,False,False,False,False,False,False,False,False,False
UPST,"Upstart Holdings, Inc. - Common stock",23.81,1.7,2397793453.0,122679227,0.4,-59.9,0,0,False,False,False,False,False,False,False,False,False,False,False
KRUS,"Kura Sushi USA, Inc. - Class A Common Stock",38.91,1.6,472750119.0,9052956,14.5,-51.9,0,0,False,False,False,False,False,False,False,False,False,False,False
REAX,"The Real Brokerage, Inc. - Common Shares",16.43,1.6,339321600.0,16499559,15.2,-65.3,0,0,False,False,False,False,False,False,False,False,False,False,False
APTV,Aptiv PLC Ordinary Shares,44.79,1.6,9048660565.0,211581471,4.2,-49.6,0,0,False,False,False,False,False,False,False,False,False,False,False
PRCT,PROCEPT BioRobotics Corporation - Common Stock,17.2,1.5,1002289033.0,27972495,3.2,-54.9,0,0,False,False,False,False,False,False,False,False,False,False,False
PRIM,Primoris Services Corporation Common Stock,72.65,1.5,3889385626.0,100058070,11.8,-64.6,0,0,False,False,False,False,False,False,False,False,False,False,False
CHTR,"Charter Communications, Inc. - Class A Common Stock",112.91,1.4,13468584185.0,428169201,1.2,-60.5,0,0,False,False,False,False,False,False,False,False,False,False,False
DFH,"Dream Finders Homes, Inc. Class A Common Stock",11.3,1.4,1004034459.0,10376820,4.0,-58.4,0,0,False,False,False,False,False,False,False,False,False,False,False
BBW,"Build-A-Bear Workshop, Inc. Common Stock",25.77,1.3,309215309.0,19262510,6.7,-65.4,0,0,False,False,False,False,False,False,False,False,False,False,False
BROS,Dutch Bros Inc. Class A Common Stock,37.89,1.3,6726992883.0,204097644,0.5,-48.8,0,0,False,False,False,False,False,False,False,False,False,False,False
DKS,Dick's Sporting Goods Inc Common Stock,136.43,1.3,11849463587.0,494281457,13.5,-44.2,0,0,False,False,False,False,False,False,False,False,False,False,False
LMB,"Limbach Holdings, Inc. - Common Stock",51.48,1.2,612109891.0,19836800,26.4,-55.2,0,0,False,False,False,False,False,False,False,False,False,False,False
BLDR,"Builders FirstSource, Inc. Common Stock",59.17,1.2,6270721514.0,184318145,4.6,-55.0,0,0,False,False,False,False,False,False,False,False,False,False,False
IIIV,"i3 Verticals, Inc. - Common Stock",14.88,1.1,398251996.0,8802742,5.0,-56.2,0,0,False,False,False,False,False,False,False,False,False,False,False
QDEL,QuidelOrtho Corporation - Common Stock,10.94,1.1,733071315.0,19877094,10.3,-69.3,0,0,False,False,False,False,False,False,False,False,False,False,False
FLUT,Flutter Entertainment plc Ordinary Shares,83.23,1.1,14345581425.0,297900084,5.5,-70.8,0,0,False,False,True,False,False,False,False,False,False,False,False
ONT,"Onterris, Inc. Common Stock",14.0,1.0,590675072.0,12033915,10.4,-54.7,0,0,False,False,False,False,False,False,False,False,False,False,False
WHR,Whirlpool Corporation Common Stock,31.71,1.0,2150275486.0,94381209,0.6,-66.6,0,0,False,False,False,False,False,False,False,False,False,False,False
PNR,Pentair plc. Ordinary Share,53.66,0.9,8465600489.0,208220631,1.9,-52.9,0,0,False,False,False,False,False,False,False,False,False,False,False
ROL,"Rollins, Inc. Common Stock",30.03,0.9,14626820282.0,222416708,1.0,-54.6,0,0,False,False,True,False,False,False,False,False,False,False,False
APP,Applovin Corporation - Class A Common Stock,310.75,0.8,104568397970.0,2050177176,4.5,-58.3,0,0,False,False,False,False,False,False,False,False,False,False,False
COLL,"Collegium Pharmaceutical, Inc. - Common Stock",22.53,0.8,737059078.0,20394109,4.1,-55.6,0,0,False,False,False,False,False,False,False,False,False,False,False
OKLO,Oklo Inc. Class A common stock,38.04,0.8,7122615819.0,406617317,10.6,-80.4,0,0,False,False,False,False,False,False,False,False,False,False,False
MLTX,MoonLake Immunotherapeutics - Class A Ordinary Shares,12.04,0.7,1031493022.0,21071897,102.4,-80.8,2,3,False,False,False,False,True,True,False,False,True,False,False
PLNT,"Planet Fitness, Inc. Common Stock",42.68,0.7,3062834815.0,112901629,15.3,-62.6,0,0,False,False,False,False,False,False,False,False,False,False,False
IONS,"Ionis Pharmaceuticals, Inc. - Common Stock",44.5,0.6,7280535147.0,180602431,3.5,-48.7,0,0,False,False,False,False,False,False,False,False,False,False,False
KLAR,Klarna Group plc Ordinary Shares,12.8,0.6,9081644702.0,97547306,6.1,-71.4,0,0,False,False,False,False,False,False,False,False,False,False,False
MPLT,"MapLight Therapeutics, Inc. - Common Stock",10.46,0.5,696964001.0,13103225,14.9,-74.1,0,1,False,False,False,False,True,False,False,False,False,False,False
KRMN,Karman Holdings Inc. Common Stock,35.69,0.5,4628077083.0,149323885,10.8,-69.9,0,0,False,False,False,False,False,False,False,False,False,False,False
UTI,Universal Technical Institute Inc Common Stock,20.3,0.5,1138818425.0,43445724,4.0,-60.5,0,1,False,False,False,False,True,False,False,False,False,False,False
PZZA,"Papa John's International, Inc. - Common Stock",19.55,0.4,665676511.0,37232849,1.2,-64.9,0,0,False,False,True,False,False,False,False,False,False,False,False
WING,Wingstop Inc. - Common Stock,99.07,0.4,2665410701.0,151007489,3.4,-67.3,0,0,False,False,True,False,False,False,False,False,False,False,False
RARE,Ultragenyx Pharmaceutical Inc. - Common Stock,14.5,0.3,1456157654.0,75345453,13.9,-63.7,0,0,False,False,False,False,False,False,False,False,False,False,False
TREE,"LendingTree, Inc. - Common Stock",24.62,0.3,341722915.0,13524586,3.4,-65.4,0,0,False,False,False,False,False,False,False,False,False,False,False
TTD,"The Trade Desk, Inc. - Class A Common Stock",12.6,0.3,5971402164.0,381354866,0.9,-77.7,0,0,False,False,True,False,False,False,False,False,False,False,False
CCB,Coastal Financial Corporation - Common Stock,44.82,0.2,666789584.0,13357969,22.4,-62.7,0,0,False,False,False,False,False,False,False,False,False,False,False
GOSS,"Gossamer Bio, Inc. - Common Stock",10.94,0.2,66852154.0,5485345,20.0,-96.5,0,0,False,False,False,False,False,False,False,False,False,False,False
BETR,Better Home & Finance Holding Company - Class A Common Stock,10.45,0.1,205944596.0,9242131,2.1,-88.7,0,0,False,False,True,False,False,False,False,False,False,False,False
SDOT,Sadot Group Inc. - Common Stock,11.01,0.1,16337718.0,38802331,318.6,-95.8,0,1,False,False,False,False,False,False,False,False,True,False,False
CABO,"Cable One, Inc. Common Stock",14.65,0.0,88683448.0,7255643,0.9,-91.9,0,0,False,False,True,False,False,False,False,False,False,False,False
