ticker,name,close,rs,mcap,dvol_50d,vs_52w_low,from_52w_high,sma200_up_months,n_pass,pass_all,new_52w_high,new_52w_low,1_price_gt_150_200,2_150_gt_200,3_200ma_rising_1m,4_50_gt_150_gt_200,5_price_gt_50,6_ge_30pct_above_52wlow,7_within_25pct_of_52whigh,8_rs_ge_70
BYND,"Beyond Meat, Inc. - Common stock",14.19,99.0,243982378.0,22987696,2738.0,-23.3,2,8,True,False,False,True,True,True,True,True,True,True,True
DFNS,T3 Defense Inc. - Common Stock,13.04,99.0,21696030.0,110000810,30947.6,-85.7,1,6,False,False,False,True,True,True,True,False,True,False,True
REAX,"The Real Brokerage, Inc. - Common Shares",28.43,98.9,6231856000.0,9295593,1734.2,-1.5,0,5,False,True,False,True,False,False,False,True,True,True,True
SNDK,Sandisk Corporation - Common Stock When-Issued,1480.77,98.9,216812864111.0,23069935252,3118.4,-37.1,5,6,False,False,False,True,True,True,True,False,True,False,True
AXTI,AXT Inc - Common Stock,67.45,98.8,4422913149.0,750725750,2416.8,-52.9,5,7,False,False,False,True,True,True,True,True,True,False,True
CLYM,"Climb Bio, Inc. - Common Stock",17.84,98.8,1024662789.0,17949634,1058.4,-2.7,5,8,True,True,False,True,True,True,True,True,True,True,True
QTTB,Q32 Bio Inc. - Common Stock,16.32,98.8,485837685.0,23169874,907.4,-30.8,5,7,False,False,False,True,True,True,True,True,True,False,True
MRNA,"Moderna, Inc. - Common Stock",158.83,98.7,63410636250.0,1892687076,612.9,-10.1,5,8,True,False,False,True,True,True,True,True,True,True,True
SLS,"SELLAS Life Sciences Group, Inc.  - Common Stock",14.09,98.7,2845415040.0,108109244,913.7,-11.3,5,8,True,False,False,True,True,True,True,True,True,True,True
ERAS,"Erasca, Inc. - Common Stock",17.76,98.6,6211773742.0,80632328,1235.3,-26.9,5,6,False,False,False,True,True,True,True,False,True,False,True
AGL,"agilon health, inc. Common Stock",96.11,98.6,1613803193.0,36893916,1184.9,-27.8,3,6,False,False,False,True,True,True,True,False,True,False,True
FBRX,"Forte Biosciences, Inc.  - Common Stock",76.97,98.5,1634002826.0,104286507,661.3,-0.3,5,8,True,False,False,True,True,True,True,True,True,True,True
TWST,Twist Bioscience Corporation - Common Stock,151.42,98.5,10039323767.0,187765351,549.9,-2.3,5,8,True,True,False,True,True,True,True,True,True,True,True
ANRO,"Alto Neuroscience, Inc. Common Stock",36.31,98.5,1424880796.0,16324681,964.8,-3.1,5,8,True,True,False,True,True,True,True,True,True,True,True
MU,"Micron Technology, Inc. - Common Stock",932.97,98.4,1053689928088.0,43497495797,716.6,-25.7,5,6,False,False,False,True,True,True,True,False,True,False,True
TXG,"10x Genomics, Inc. - Common Stock",64.72,98.4,8432444393.0,152412157,479.9,-3.3,5,8,True,True,False,True,True,True,True,True,True,True,True
CHRN,ChronoScale Holdings Corporation - Common Stock,21.44,98.3,3122466971.0,6606819,517.9,-28.5,5,6,False,False,False,True,True,True,True,False,True,False,True
NVCT,"Nuvectis Pharma, Inc. - Common Stock",25.89,98.3,844378169.0,7847126,366.5,-11.6,4,8,True,False,False,True,True,True,True,True,True,True,True
ORKA,"Oruka Therapeutics, Inc. - Common Stock",101.82,98.3,6741471552.0,113767489,610.0,-11.9,5,8,True,False,False,True,True,True,True,True,True,True,True
QMCO,Quantum Corporation - Common Stock,22.39,98.2,882389922.0,27062278,434.4,-19.5,3,8,True,False,False,True,True,True,True,True,True,True,True
SYRE,"Spyre Therapeutics, Inc. - Common Stock",107.36,98.2,9466335088.0,123824920,640.2,-2.6,5,8,True,False,False,True,True,True,True,True,True,True,True
ABCL,AbCellera Biologics Inc. - Common Shares,12.5,98.1,3683319150.0,67955172,355.4,0.0,5,8,True,True,False,True,True,True,True,True,True,True,True
DFTX,"Definium Therapeutics, Inc.  - Common Shares",44.81,98.1,6020983030.0,132142586,415.1,-9.8,5,8,True,False,False,True,True,True,True,True,True,True,True
IMMX,"Immix Biopharma, Inc. - Common Stock",14.47,98.1,1035173874.0,20292369,645.9,-4.2,5,8,True,True,False,True,True,True,True,True,True,True,True
AMLX,"Amylyx Pharmaceuticals, Inc. - Common Stock",37.46,98.0,4699667281.0,69129701,342.3,-8.9,5,8,True,False,False,True,True,True,True,True,True,True,True
ETON,"Eton Pharmaceuticals, Inc. - Common Stock",63.05,98.0,1802166662.0,26412326,341.8,-5.0,5,8,True,False,False,True,True,True,True,True,True,True,True
AEHR,Aehr Test Systems - Common Stock,95.59,97.9,3118188816.0,244700838,411.2,-35.1,5,7,False,False,False,True,True,True,True,True,True,False,True
CDNA,"CareDx, Inc. - Common Stock",50.8,97.9,2628098528.0,43880277,310.7,-0.6,4,8,True,True,False,True,True,True,True,True,True,True,True
LITE,Lumentum Holdings Inc. - Common Stock,885.565,97.9,79435180500.0,4063815397,642.6,-18.4,5,8,True,False,False,True,True,True,True,True,True,True,True
DMRA,"Damora Therapeutics, Inc. - Ordinary Shares",30.62,97.8,1890341592.0,17063745,1149.8,-20.1,5,8,True,False,False,True,True,True,True,True,True,True,True
MXL,"MaxLinear, Inc - Common Stock",66.36,97.8,6018400155.0,290424967,419.7,-48.3,5,6,False,False,False,True,True,True,True,False,True,False,True
ATEX,Anterix Inc. - Common Stock,92.37,97.7,1811355933.0,40648388,425.4,-18.3,5,7,False,False,False,True,True,True,True,False,True,True,True
DELL,Dell Technologies Inc. Class C Common Stock ,451.5,97.7,292620757937.0,2862455446,309.6,-12.2,5,8,True,False,False,True,True,True,True,True,True,True,True
DRTS,Alpha Tau Medical Ltd. - Ordinary Shares,14.7,97.6,1359428864.0,8366823,375.7,-2.1,5,8,True,False,False,True,True,True,True,True,True,True,True
PAYS,"Paysign, Inc. - Common Stock",14.14,97.6,798374886.0,6738190,359.1,-2.0,3,8,True,True,False,True,True,True,True,True,True,True,True
RLAY,"Relay Therapeutics, Inc. - Common Stock",20.57,97.6,4507743350.0,59562225,497.1,-3.3,5,8,True,False,False,True,True,True,True,True,True,True,True
AAOI,"Applied Optoelectronics, Inc. - Common Stock",113.15,97.5,9607146600.0,1494800668,511.6,-51.6,5,5,False,False,False,False,True,True,True,False,True,False,True
ALOT,"AstroNova, Inc. - Common Stock",28.99,97.5,224607910.0,5007313,316.5,0.0,5,8,True,True,False,True,True,True,True,True,True,True,True
FTH,"Faeth Therapeutics, Inc.  - Common Stock",34.52,97.4,892011471.0,7351863,363.4,-8.9,5,8,True,False,False,True,True,True,True,True,True,True,True
MBX,"MBX Biosciences, Inc. - Common Stock",68.62,97.4,3304745788.0,42900521,612.6,-5.5,5,8,True,False,False,True,True,True,True,True,True,True,True
RVMD,"Revolution Medicines, Inc. - Common Stock",211.38,97.4,45306432037.0,434219840,493.4,-4.1,5,8,True,False,False,True,True,True,True,True,True,True,True
BLZE,"Backblaze, Inc. - Common Stock",15.28,97.3,945832000.0,60807699,368.6,-36.3,4,7,False,False,False,True,True,True,True,True,True,False,True
REPL,"Replimune Group, Inc. - Common Stock",15.8,97.3,1488670217.0,55708702,953.3,-0.6,3,6,False,True,False,True,False,True,False,True,True,True,True
PLSE,"Pulse Biosciences, Inc - Common Stock",49.0,97.2,3494807743.0,13811915,290.1,-3.7,5,8,True,True,False,True,True,True,True,True,True,True,True
PRAX,"Praxis Precision Medicines, Inc. - Common Stock",368.02,97.2,10275113984.0,158124935,889.6,-6.3,5,8,True,False,False,True,True,True,True,True,True,True,True
XNCR,"Xencor, Inc. - Common Stock",29.3,97.2,2178554532.0,21909707,280.0,-4.3,5,6,False,True,False,True,False,True,False,True,True,True,True
HELP,Cybin Inc. - Common Stock,13.985,97.1,866847331.0,15471030,271.9,-2.5,2,6,False,True,False,True,False,True,False,True,True,True,True
STX,Seagate Technology Holdings PLC - Ordinary Shares (Ireland),821.67,97.1,186227001105.0,4607396468,417.8,-28.2,5,6,False,False,False,True,True,True,True,False,True,False,True
APPS,"Digital Turbine, Inc. - Common Stock",10.83,97.0,1310605988.0,46266615,295.3,-29.4,3,7,False,False,False,True,True,True,True,True,True,False,True
WDC,Western Digital Corporation - Common Stock,450.75,97.0,162513830508.0,5062867886,487.7,-43.6,5,6,False,False,False,True,True,True,True,False,True,False,True
DNTH,"Dianthus Therapeutics, Inc. - Common Stock",112.11,96.9,6270803118.0,102466355,391.5,-4.9,5,8,True,False,False,True,True,True,True,True,True,True,True
MRVL,"Marvell Technology, Inc. - Common Stock",240.38,96.9,210516732761.0,8267570801,291.2,-27.1,5,7,False,False,False,True,True,True,True,True,True,False,True
SDOT,Sadot Group Inc. - Common Stock,16.35,96.9,22120307.0,90700418,521.7,-93.7,0,2,False,False,False,False,False,False,False,False,True,False,True
OMER,Omeros Corporation - Common Stock,19.28,96.8,1395646732.0,26750042,389.3,-1.9,5,8,True,True,False,True,True,True,True,True,True,True,True
PSNL,"Personalis, Inc. - Common Stock",17.25,96.8,1842297792.0,62115222,270.8,-8.7,3,8,True,False,False,True,True,True,True,True,True,True,True
ALMS,Alumis Inc. - Common Stock,23.96,96.7,3101268326.0,34668926,537.2,-23.6,5,6,False,False,False,False,True,True,True,False,True,True,True
BAND,Bandwidth Inc. - Class A Common Stock,46.655,96.7,1501394664.0,73504192,273.2,-41.0,5,6,False,False,False,True,True,True,True,False,True,False,True
CADL,"Candel Therapeutics, Inc. - Common Stock",13.6,96.7,1040652484.0,16263294,212.6,-2.5,4,8,True,True,False,True,True,True,True,True,True,True,True
FCEL,"FuelCell Energy, Inc. - Common Stock",19.29,96.6,1542316441.0,263092614,406.3,-49.1,5,6,False,False,False,True,True,True,True,False,True,False,True
SLN,Silence Therapeutics Plc - American Depository Share,13.67,96.6,639756000.0,14736742,226.3,-22.2,5,8,True,False,False,True,True,True,True,True,True,True,True
CRNX,"Crinetics Pharmaceuticals, Inc. - Common Stock",84.86,96.5,9000695333.0,376007034,183.7,0.0,5,8,True,True,False,True,True,True,True,True,True,True,True
MF,MindForge Inc. - Class A Ordinary Shares,17.86,96.5,32440904.0,6282424,742.5,-81.1,0,3,False,False,False,False,False,False,False,True,True,False,True
QURE,uniQure N.V. - Ordinary Shares,51.05,96.5,3541155333.0,90429858,484.8,-28.6,0,6,False,False,False,True,True,False,True,True,True,False,True
HYMC,Hycroft Mining Holding Corporation - Class A Common Stock,26.08,96.4,2430178240.0,47137884,552.8,-55.6,5,5,False,False,False,False,True,True,False,True,True,False,True
VSXY,Victorias Secret & Co. Common Stock ,87.36,96.4,6944396659.0,145135555,308.4,-14.7,5,8,True,False,False,True,True,True,True,True,True,True,True
ALM,Almonty Industries Inc. - Common Shares,18.93,96.3,5453903446.0,98802280,376.8,-22.4,5,7,False,False,False,True,True,True,False,True,True,True,True
CORT,Corcept Therapeutics Incorporated - Common Stock,123.57,96.3,13357718917.0,111405612,331.2,-2.2,3,6,False,True,False,True,False,True,False,True,True,True,True
TVTX,"Travere Therapeutics, Inc. - Common Stock",67.01,96.3,6316435105.0,103260912,293.0,-0.5,5,8,True,True,False,True,True,True,True,True,True,True,True
ELVN,"Enliven Therapeutics, Inc.  - Common Stock",61.01,96.2,4470249129.0,70292378,312.6,-2.1,5,8,True,False,False,True,True,True,True,True,True,True,True
MAN,ManpowerGroup Common Stock,62.09,96.2,2887530841.0,64371342,146.9,-1.4,2,8,True,False,False,True,True,True,True,True,True,True,True
APGE,"Apogee Therapeutics, Inc. - Common Stock",134.85,96.1,10206491065.0,413023816,281.0,-0.0,5,8,True,False,False,True,True,True,True,True,True,True,True
TNGX,"Tango Therapeutics, Inc. - Common Stock",24.77,96.1,4176478791.0,92793613,296.3,-28.0,5,6,False,False,False,True,True,True,True,False,True,False,True
AYA,Aya Gold & Silver Inc. - Common Shares,27.71,96.0,3991242215.0,16232303,222.6,-4.1,5,8,True,False,False,True,True,True,True,True,True,True,True
CMPS,COMPASS Pathways Plc - American Depository Shares,14.88,96.0,2060535111.0,47068166,238.2,-3.4,5,8,True,False,False,True,True,True,True,True,True,True,True
HPE,Hewlett Packard Enterprise Company Common Stock,53.44,96.0,70765436162.0,933581376,169.4,-16.8,5,8,True,False,False,True,True,True,True,True,True,True,True
INBX,"Inhibrx Biosciences, Inc. - Common Stock",122.72,95.9,1806151235.0,28048488,405.6,-21.0,5,8,True,False,False,True,True,True,True,True,True,True,True
KRT,Karat Packaging Inc. - Common Stock,49.44,95.9,985424286.0,5923900,139.9,-2.7,5,8,True,False,False,True,True,True,True,True,True,True,True
ANAB,"AnaptysBio, Inc. - Common Stock",58.37,95.8,1728247036.0,36326277,411.8,-19.3,5,7,False,False,False,True,True,True,True,False,True,True,True
MNPR,Monopar Therapeutics Inc. - Common Stock,110.82,95.8,743842901.0,25421233,279.8,-11.2,5,6,False,False,False,True,False,True,False,True,True,True,True
NESR,National Energy Services Reunited Corp - Ordinary Shares,33.48,95.8,3376516724.0,69005866,295.5,-9.4,5,8,True,False,False,True,True,True,True,True,True,True,True
ARWR,"Arrowhead Pharmaceuticals, Inc. - Common Stock",88.88,95.7,12554697027.0,179513601,334.7,-6.9,5,8,True,False,False,True,True,True,True,True,True,True,True
PBF,PBF Energy Inc. Class A Common Stock,66.51,95.7,7883885095.0,180933029,175.1,-12.1,5,8,True,False,False,True,True,True,True,True,True,True,True
CGEM,"Cullinan Therapeutics, Inc. - Common Stock",22.95,95.6,1476940227.0,15430691,304.0,-0.5,5,8,True,True,False,True,True,True,True,True,True,True,True
NBIS,Nebius Group N.V. - Class A Ordinary Shares,221.97,95.6,60343702739.0,5037686637,250.9,-26.0,5,6,False,False,False,True,True,True,True,False,True,False,True
UMAC,"Unusual Machines, Inc. Common Stock",24.35,95.6,1216440897.0,108323092,236.1,-30.3,5,7,False,False,False,True,True,True,True,True,True,False,True
CLMT,"Calumet, Inc - Common Stock",47.03,95.5,4133853945.0,46822326,206.4,-8.7,5,8,True,False,False,True,True,True,True,True,True,True,True
SILC,Silicom Ltd - Ordinary Shares,43.29,95.5,248814080.0,8142605,224.5,-18.2,5,8,True,False,False,True,True,True,True,True,True,True,True
NBTX,Nanobiotix S.A. - ADSs,41.51,95.4,2009501923.0,5084605,416.9,-27.4,5,7,False,False,False,True,True,True,True,True,True,False,True
DK,"Delek US Holdings, Inc. Common Stock",67.59,95.4,4138682641.0,79308381,173.6,-6.1,5,8,True,False,False,True,True,True,True,True,True,True,True
CAKE,The Cheesecake Factory Incorporated - Common Stock,113.485,95.3,5647085549.0,161005651,163.5,-4.2,3,8,True,False,False,True,True,True,True,True,True,True,True
ICHR,Ichor Holdings - Ordinary Shares,57.11,95.3,2139011018.0,91606209,306.2,-49.7,5,5,False,False,False,False,True,True,True,False,True,False,True
RAPP,"Rapport Therapeutics, Inc. - Common Stock",51.17,95.3,2455048895.0,15270217,262.7,-0.4,5,8,True,True,False,True,True,True,True,True,True,True,True
SPHR,Sphere Entertainment Co. Class A Common Stock,159.85,95.2,5740790079.0,116814351,277.0,-12.0,5,8,True,False,False,True,True,True,True,True,True,True,True
TRT,Trio-Tech International Common Stock,10.33,95.2,104463148.0,6065529,303.5,-51.7,5,6,False,False,False,True,True,True,True,False,True,False,True
URGN,UroGen Pharma Ltd. - Ordinary Shares,46.36,95.1,2266102947.0,35994472,192.3,-8.8,5,8,True,False,False,True,True,True,True,True,True,True,True
FET,"Forum Energy Technologies, Inc. Common Stock",76.55,95.1,860903882.0,12279434,212.1,-12.4,5,8,True,False,False,True,True,True,True,True,True,True,True
RNG,"RingCentral, Inc. Class A Common Stock",65.61,95.1,5478839289.0,97361519,171.8,-4.1,5,8,True,False,False,True,True,True,True,True,True,True,True
ARCT,Arcturus Therapeutics Holdings Inc. - Common Stock,15.44,95.0,438852185.0,7130024,180.7,-36.1,0,5,False,False,False,True,True,False,False,True,True,False,True
OSCR,"Oscar Health, Inc. Class A Common Stock",30.93,95.0,9546389850.0,167770944,189.3,-7.8,4,8,True,False,False,True,True,True,True,True,True,True,True
AUGO,Aura Minerals Inc. - Common Shares,90.47,94.9,7580411005.0,68326832,231.6,-18.0,3,7,False,False,False,True,True,True,False,True,True,True,True
LQDA,Liquidia Corporation - Common Stock,70.49,94.9,6309481727.0,146250133,233.3,-24.7,5,7,False,False,False,True,True,True,True,False,True,True,True
BE,Bloom Energy Corporation Class A Common Stock,217.45,94.9,64044971388.0,3661314492,354.6,-38.1,5,6,False,False,False,True,True,True,True,False,True,False,True
LBRX,LB Pharmaceuticals Inc - Common Stock,48.8,94.8,1574247740.0,13617250,265.3,-2.7,1,8,True,True,False,True,True,True,True,True,True,True,True
NEO,"NeoGenomics, Inc. - Common Stock",16.79,94.8,2157102638.0,43118741,163.2,-1.7,5,6,False,False,False,True,False,True,False,True,True,True,True
KOD,Kodiak Sciences Inc - Common Stock,39.46,94.7,2480039573.0,27475426,376.0,-17.5,5,7,False,False,False,True,True,True,True,False,True,True,True
PUBM,"PubMatic, Inc. - Class A Common Stock",16.55,94.7,753853510.0,9345357,169.1,-10.2,3,8,True,False,False,True,True,True,True,True,True,True,True
UMC,United Microelectronics Corporation (NEW) Common Stock,19.6,94.7,49345572872.0,350904948,198.8,-32.3,5,6,False,False,False,True,True,True,True,False,True,False,True
INTC,Intel Corporation - Common Stock,87.48,94.6,462337880822.0,12402904197,269.4,-38.5,5,6,False,False,False,True,True,True,True,False,True,False,True
LIND,Lindblad Expeditions Holdings Inc.  - Common Stock,31.74,94.6,2082768929.0,26716438,179.2,-9.3,5,8,True,False,False,True,True,True,True,True,True,True,True
TSEM,Tower Semiconductor Ltd. - Ordinary Shares,212.71,94.5,24042824010.0,458475122,291.6,-33.5,5,6,False,False,False,True,True,True,True,False,True,False,True
DOCN,"DigitalOcean Holdings, Inc. Common Stock",112.57,94.5,13235929944.0,462789414,270.8,-40.0,5,6,False,False,False,True,True,True,True,False,True,False,True
AMD,"Advanced Micro Devices, Inc. - Common Stock",479.18,94.4,782249390626.0,14034352311,221.1,-18.1,5,7,False,False,False,True,True,True,True,False,True,True,True
KYMR,"Kymera Therapeutics, Inc. - Common Stock",126.64,94.4,10530194264.0,100178401,217.9,-2.6,5,8,True,False,False,True,True,True,True,True,True,True,True
CGAU,Centerra Gold Inc. Common Shares,24.18,94.4,4828995562.0,29739971,216.5,-0.6,5,8,True,False,False,True,True,True,True,True,True,True,True
CRL,"Charles River Laboratories International, Inc. Common Stock",297.64,94.3,14208997862.0,221638383,106.3,-1.0,5,8,True,True,False,True,True,True,True,True,True,True,True
MEI,"Methode Electronics, Inc. Common Stock",16.05,94.3,569322486.0,12327031,228.9,-21.2,4,8,True,False,False,True,True,True,True,True,True,True,True
PENG,"Penguin Solutions, Inc. - Common Stock",50.38,94.2,2581607176.0,223311442,214.1,-43.9,5,6,False,False,False,True,True,True,True,False,True,False,True
MCS,Marcus Corporation (The) Common Stock,30.17,94.2,930206237.0,8472264,134.8,-6.9,5,8,True,False,False,True,True,True,True,True,True,True,True
NEXA,Nexa Resources S.A. Common Shares,15.82,94.2,2095184980.0,9286834,236.6,-6.3,5,8,True,False,False,True,True,True,True,True,True,True,True
NGNE,Neurogene Inc. - Common Stock,40.84,94.1,817264841.0,9036871,156.4,-6.5,5,8,True,False,False,True,True,True,True,True,True,True,True
VAC,Marriott Vacations Worldwide Corporation Common Stock,117.02,94.1,4024940346.0,50659660,162.5,-10.9,3,8,True,False,False,True,True,True,True,True,True,True,True
DSGN,"Design Therapeutics, Inc. - Common Stock",15.68,94.0,981280288.0,9728626,218.7,-9.1,5,8,True,False,False,True,True,True,True,True,True,True,True
HTFL,"Heartflow, Inc. - Common Stock",49.89,94.0,4338116451.0,66600592,147.8,-2.5,0,5,False,True,False,True,False,False,False,True,True,True,True
SEPN,"Septerna, Inc. - Common Stock",41.3,94.0,1927757911.0,18106994,253.0,-19.2,5,8,True,False,False,True,True,True,True,True,True,True,True
KNSA,"Kiniksa Pharmaceuticals International, plc - Class A Ordinary Shares",80.2,93.9,6257525843.0,53709280,143.8,-3.3,5,8,True,False,False,True,True,True,True,True,True,True,True
NRIX,"Nurix Therapeutics, Inc. - Common stock",26.95,93.9,2796916357.0,36400863,228.9,-4.5,5,8,True,False,False,True,True,True,True,True,True,True,True
UCTT,"Ultra Clean Holdings, Inc. - Common Stock",73.32,93.8,3319711766.0,141216674,241.2,-49.2,5,5,False,False,False,False,True,True,True,False,True,False,True
HNGE,"Hinge Health, Inc. Class A Common Stock",89.87,93.8,7252007256.0,160767906,198.8,-3.5,4,8,True,False,False,True,True,True,True,True,True,True,True
FSLY,"Fastly, Inc. - Class A Common Stock",23.0,93.7,3663900000.0,126676375,226.0,-33.9,5,7,False,False,False,True,True,True,True,True,True,False,True
HUT,Hut 8 Corp. - Common Stock,85.5,93.7,10538684514.0,471634883,290.6,-39.3,5,6,False,False,False,True,True,True,True,False,True,False,True
LFST,"LifeStance Health Group, Inc. - Common Stock",12.28,93.7,4691642879.0,43658673,157.4,-5.3,5,8,True,False,False,True,True,True,True,True,True,True,True
PTGX,"Protagonist Therapeutics, Inc. - Common Stock",150.59,93.6,9744420638.0,93727040,176.3,-6.4,5,8,True,False,False,True,True,True,True,True,True,True,True
HZO,"MarineMax, Inc.  (FL) Common Stock",52.18,93.6,1152486406.0,25082865,143.6,-0.5,5,8,True,False,False,True,True,True,True,True,True,True,True
AVAH,Aveanna Healthcare Holdings Inc. - Common Stock,13.59,93.5,2965605669.0,28877024,129.2,-2.8,5,6,False,False,False,True,False,True,False,True,True,True,True
ATI,ATI Inc. Common Stock,215.23,93.5,29307951533.0,326762590,194.8,-11.6,5,8,True,False,False,True,True,True,True,True,True,True,True
ECO,Okeanis Eco Tankers Corp. Common Stock,65.04,93.5,2539464361.0,29234314,149.3,-1.8,5,8,True,False,False,True,True,True,True,True,True,True,True
EWTX,"Edgewise Therapeutics, Inc. - Common Stock",44.21,93.4,4801388543.0,57232427,223.1,-8.7,5,8,True,False,False,True,True,True,True,True,True,True,True
ILMN,"Illumina, Inc. - Common Stock",224.99,93.4,33973490000.0,375854596,155.7,-0.8,5,8,True,True,False,True,True,True,True,True,True,True,True
VOR,Vor Biopharma Inc. - Common Stock,24.01,93.3,1420486679.0,24139162,269.4,-52.2,0,6,False,False,False,True,True,False,True,True,True,False,True
ENVA,"Enova International, Inc. Common Stock",243.39,93.3,6060014518.0,90863675,136.3,-9.0,5,8,True,False,False,True,True,True,True,True,True,True,True
KFRC,"Kforce, Inc. Common Stock",57.62,93.3,1031916580.0,13463492,135.3,-6.6,3,8,True,False,False,True,True,True,True,True,True,True,True
ADPT,Adaptive Biotechnologies Corporation - Common Stock,26.25,93.2,4189390853.0,65974978,118.8,-0.9,5,8,True,True,False,True,True,True,True,True,True,True,True
VLO,Valero Energy Corporation Common Stock,340.41,93.2,98013386999.0,843588444,135.9,-3.6,5,8,True,False,False,True,True,True,True,True,True,True,True
AXGN,"Axogen, Inc. - Common Stock",49.93,93.1,2684312344.0,56689275,266.1,-2.2,5,8,True,False,False,True,True,True,True,True,True,True,True
MGTX,MeiraGTx Holdings plc - Ordinary Shares,14.92,93.1,1432961500.0,11216068,125.4,-2.8,5,8,True,False,False,True,True,True,True,True,True,True,True
TH,Target Hospitality Corp. - Common Stock,17.39,93.1,1732451326.0,21720677,191.3,-16.6,5,7,False,False,False,True,True,True,True,False,True,True,True
EAT,"Brinker International, Inc. Common Stock",248.7,93.0,10386957987.0,210656354,148.0,-2.5,2,8,True,True,False,True,True,True,True,True,True,True,True
VSTS,Vestis Corporation Common Stock,12.88,93.0,1702222152.0,19926646,223.6,-23.8,5,7,False,False,False,True,True,True,True,False,True,True,True
IMVT,"Immunovant, Inc.  - Common Stock",43.5,92.9,8985041667.0,50374329,200.6,-4.2,5,8,True,False,False,True,True,True,True,True,True,True,True
CIEN,Ciena Corporation Common Stock,387.66,92.9,54874405743.0,1048105920,333.6,-39.2,5,4,False,False,False,False,True,True,False,False,True,False,True
ECPG,Encore Capital Group Inc - Common Stock,102.36,92.8,2170990704.0,33566365,156.2,-2.5,5,8,True,False,False,True,True,True,True,True,True,True,True
FDMT,"4D Molecular Therapeutics, Inc. - Common Stock",15.72,92.8,868438997.0,12321566,163.3,-7.1,5,8,True,False,False,True,True,True,True,True,True,True,True
IRDM,Iridium Communications Inc - Common Stock,47.1,92.8,4990734039.0,102040565,201.0,-17.6,5,7,False,False,False,True,True,True,True,False,True,True,True
GH,"Guardant Health, Inc. - Common Stock",164.92,92.7,22131632356.0,416973687,208.8,-6.6,5,8,True,False,False,True,True,True,True,True,True,True,True
GEO,Geo Group Inc (The) REIT,32.16,92.7,4232885821.0,61518570,157.1,-3.0,3,8,True,False,False,True,True,True,True,True,True,True,True
CBRL,"Cracker Barrel Old Country Store, Inc. - Common Stock",58.27,92.6,1302419574.0,50125803,134.5,-7.7,2,8,True,False,False,True,True,True,True,True,True,True,True
CGON,"CG Oncology, Inc. - Common stock",78.95,92.6,6998157606.0,73006866,212.7,-2.5,5,8,True,False,False,True,True,True,True,True,True,True,True
PRCH,"Porch Group, Inc. - Common Stock",17.45,92.6,2300469168.0,27599075,174.4,-10.2,1,8,True,False,False,True,True,True,True,True,True,True,True
BVS,Bioventus Inc. - Class A Common Stock,14.08,92.5,1184013670.0,9294042,125.1,-11.4,5,8,True,False,False,True,True,True,True,True,True,True,True
ERO,Ero Copper Corp. Common Shares,40.4,92.5,4212829907.0,39673678,190.4,-0.3,5,8,True,True,False,True,True,True,True,True,True,True,True
PANW,"Palo Alto Networks, Inc. - Common Stock",339.9,92.4,277018500000.0,2177545824,143.5,-14.8,4,8,True,False,False,True,True,True,True,True,True,True,True
CXW,"CoreCivic, Inc. Common Stock",33.14,92.4,3277330225.0,44850627,110.5,-4.9,3,8,True,False,False,True,True,True,True,True,True,True,True
MPC,Marathon Petroleum Corporation Common Stock,354.88,92.4,99659091893.0,715129565,119.2,-3.5,5,8,True,False,False,True,True,True,True,True,True,True,True
NIQ,NIQ Global Intelligence plc Ordinary Shares,19.24,92.3,5674950823.0,21135018,142.6,-0.7,1,6,False,True,False,True,False,True,False,True,True,True,True
PACS,"PACS Group, Inc. Common Stock",43.94,92.3,6957266791.0,40031186,485.9,-11.2,5,8,True,False,False,True,True,True,True,True,True,True,True
GHRS,GH Research PLC - Ordinary Shares,28.92,92.2,1982673472.0,8379509,144.5,-8.0,5,8,True,False,False,True,True,True,True,True,True,True,True
LRCX,Lam Research Corporation - Common Stock,314.66,92.2,393740665860.0,3991256369,234.4,-28.2,5,6,False,False,False,True,True,True,True,False,True,False,True
MRX,Marex Group Limited - Ordinary Shares,70.85,92.1,5252311501.0,52533332,153.9,-6.0,5,8,True,False,False,True,True,True,True,True,True,True,True
INSW,"International Seaways, Inc. Common Stock ",99.05,92.1,4906076355.0,49621587,134.4,-3.2,5,8,True,False,False,True,True,True,True,True,True,True,True
RCUS,"Arcus Biosciences, Inc. Common Stock",31.57,92.1,4019914680.0,38237535,213.5,-0.5,5,8,True,False,False,True,True,True,True,True,True,True,True
CRSR,"Corsair Gaming, Inc. - Common Stock",11.84,92.0,1280815195.0,21218731,164.3,-21.0,3,8,True,False,False,True,True,True,True,True,True,True,True
ROIV,Roivant Sciences Ltd. - Common Shares,36.47,92.0,26343120357.0,198800670,214.4,-4.0,5,8,True,False,False,True,True,True,True,True,True,True,True
CTRN,"Citi Trends, Inc. - Common Stock",69.71,91.9,580673704.0,11978498,135.5,-10.5,5,8,True,False,False,True,True,True,True,True,True,True,True
OCC,Optical Cable Corporation - Common Stock,13.36,91.9,117929949.0,5315476,232.3,-52.3,5,6,False,False,False,True,True,True,True,False,True,False,True
RHI,Robert Half Inc. Common Stock,44.9,91.9,4596046077.0,89266873,105.7,-3.9,2,8,True,False,False,True,True,True,True,True,True,True,True
VELO,"Velo3D, Inc. - Common stock",12.86,91.8,413437657.0,41280698,348.1,-59.5,5,5,False,False,False,False,True,True,True,False,True,False,True
NSP,"Insperity, Inc. Common Stock",52.34,91.8,1999140432.0,30383314,181.9,-8.5,1,6,False,False,False,True,False,True,False,True,True,True,True
AMAT,"Applied Materials, Inc. - Common Stock",480.04,91.7,380958516538.0,5557918798,210.8,-35.1,5,6,False,False,False,True,True,True,True,False,True,False,True
FORM,"FormFactor, Inc. - Common Stock",107.72,91.7,8415164497.0,196053057,287.3,-32.8,5,5,False,False,False,False,True,True,True,False,True,False,True
FTRE,Fortrea Holdings Inc. - Common Stock,18.27,91.7,1737477000.0,26957788,122.3,-14.6,5,6,False,False,False,True,False,True,False,True,True,True,True
DAVE,Dave Inc.  - Class A Common Stock,349.47,91.6,4457667031.0,189482383,129.6,-23.7,4,7,False,False,False,True,True,True,True,False,True,True,True
IMNM,"Immunome, Inc. - Common Stock",29.385,91.6,3337478628.0,32761233,239.1,-2.2,5,8,True,False,False,True,True,True,True,True,True,True,True
COHU,"Cohu, Inc. - Common Stock",50.61,91.5,2395798094.0,68324518,171.1,-32.2,5,6,False,False,False,True,True,True,True,False,True,False,True
TER,"Teradyne, Inc. - Common Stock",366.43,91.5,57287941023.0,1641276672,234.5,-24.9,5,7,False,False,False,True,True,True,True,False,True,True,True
PARR,"Par Pacific Holdings, Inc.  Common Stock",73.82,91.5,3698354465.0,70687014,136.4,-15.2,5,8,True,False,False,True,True,True,True,True,True,True,True
LPTH,"LightPath Technologies, Inc. - Class A Common Stock",13.79,91.4,865865923.0,38217932,229.9,-27.2,5,7,False,False,False,True,True,True,True,True,True,False,True
GKOS,Glaukos Corporation Common Stock,181.39,91.4,10699096332.0,133324398,147.9,-5.3,5,8,True,False,False,True,True,True,True,True,True,True,True
NTRA,"Natera, Inc. - Common Stock",336.71,91.3,48534783481.0,413999886,113.9,-0.1,5,8,True,True,False,True,True,True,True,True,True,True,True
DINO,HF Sinclair Corporation Common Stock,93.24,91.3,16576566081.0,225762636,104.0,-5.2,5,8,True,False,False,True,True,True,True,True,True,True,True
MGNI,"Magnite, Inc. - Common Stock",23.89,91.2,3426403111.0,61960010,120.8,-10.4,1,8,True,False,False,True,True,True,True,True,True,True,True
VIAV,Viavi Solutions Inc. - Common Stock,37.71,91.2,9304936014.0,288672331,245.3,-37.6,5,5,False,False,False,False,True,True,True,False,True,False,True
SNOW,Snowflake Inc. Common Stock,317.02,91.2,109879132000.0,1469800375,168.0,-7.3,3,6,False,False,False,True,False,True,False,True,True,True,True
MTW,"Manitowoc Company, Inc. (The) Common Stock",19.48,91.1,702487156.0,5219054,101.7,-8.7,5,8,True,False,False,True,True,True,True,True,True,True,True
ONTO,Onto Innovation Inc. Common Stock,291.62,91.1,14311031910.0,390636306,188.7,-24.5,5,7,False,False,False,True,True,True,True,False,True,True,True
CHYM,"Chime Financial, Inc. - Class A Common Stock",33.1,91.0,12531167174.0,191909607,108.4,-1.9,1,6,False,False,False,True,False,True,False,True,True,True,True
DCTH,"Delcath Systems, Inc. - Common Stock",16.92,91.0,587103611.0,8000320,108.4,-2.9,3,8,True,False,False,True,True,True,True,True,True,True,True
VREX,Varex Imaging Corporation - Common Stock,18.5,91.0,778850000.0,13249055,103.5,-0.7,1,8,True,False,False,True,True,True,True,True,True,True,True
KELYA,"Kelly Services, Inc. - Class A Common Stock",17.03,90.9,591484989.0,5506308,113.4,-4.1,2,8,True,False,False,True,True,True,True,True,True,True,True
TEAM,Atlassian Corporation  - Class A Common Stock,166.49,90.9,42145081309.0,524151698,197.3,-9.5,0,5,False,False,False,True,False,False,False,True,True,True,True
VICR,Vicor Corporation - Common Stock,194.62,90.8,8973292182.0,234733467,309.2,-49.1,5,5,False,False,False,False,True,True,True,False,True,False,True
HAE,Haemonetics Corporation Common Stock,108.32,90.8,4928240564.0,67270970,128.9,-1.1,3,6,False,False,False,True,False,True,False,True,True,True,True
SN,"SharkNinja, Inc. Ordinary Shares",183.8,90.8,25892191258.0,262621125,121.1,-3.9,3,8,True,False,False,True,True,True,True,True,True,True,True
ACMR,"ACM Research, Inc. - Class A Common Stock",79.77,90.7,5555916365.0,123160738,205.6,-37.3,5,6,False,False,False,True,True,True,True,False,True,False,True
TWLO,Twilio Inc. Class A Common Stock,223.97,90.7,34396242023.0,466313175,127.5,-13.3,5,8,True,False,False,True,True,True,True,True,True,True,True
BJRI,"BJ's Restaurants, Inc. - Common Stock",65.34,90.6,1390027805.0,34331118,129.6,-12.4,4,8,True,False,False,True,True,True,True,True,True,True,True
MYE,"Myers Industries, Inc. Common Stock",32.68,90.6,1229358528.0,15818282,110.3,-12.7,5,8,True,False,False,True,True,True,True,True,True,True,True
NUTX,Nutex Health Inc. - Common Stock,188.1,90.5,1288103721.0,24081997,143.6,-7.8,4,6,False,False,False,True,False,True,False,True,True,True,True
TGTX,"TG Therapeutics, Inc. - Common Stock",55.42,90.5,8483086917.0,134306971,107.1,-6.5,4,8,True,False,False,True,True,True,True,True,True,True,True
AAMI,Acadian Asset Management Inc. Common Stock,93.48,90.5,3317617165.0,40230086,125.4,-0.7,5,8,True,True,False,True,True,True,True,True,True,True,True
CYRX,"CryoPort, Inc. - Common Stock",16.72,90.4,846852952.0,10546875,119.7,-2.8,5,8,True,False,False,True,True,True,True,True,True,True,True
TRLV,Trulieve Cannabis Corp. Subordinate Voting Shares,11.32,90.4,2179839219.0,11086422,145.2,-14.8,5,8,True,False,False,True,True,True,True,True,True,True,True
FROG,JFrog Ltd. - Ordinary shares,89.48,90.3,11033001308.0,240087710,162.8,-9.8,5,8,True,False,False,True,True,True,True,True,True,True,True
VSAT,"ViaSat, Inc. - Common Stock",72.46,90.3,9981785993.0,185604774,177.6,-22.1,5,7,False,False,False,True,True,True,True,False,True,True,True
ARIS,Aris Mining Corporation Common Shares,21.18,90.3,4371552000.0,25322949,199.2,-9.1,5,7,False,False,False,True,True,True,False,True,True,True,True
AMPL,"Amplitude, Inc. - Class A Common Stock",13.11,90.2,1637649625.0,21649813,137.9,-3.5,1,6,False,False,False,True,False,True,False,True,True,True,True
FTNT,"Fortinet, Inc. - Common Stock",153.66,90.2,112742439920.0,857029693,108.9,-10.7,3,7,False,False,False,True,True,True,True,False,True,True,True
NTAP,"NetApp, Inc. - Common Stock",187.43,90.1,36780188289.0,471256374,100.1,-10.3,4,8,True,False,False,True,True,True,True,True,True,True,True
HBM,Hudbay Minerals Inc. Ordinary Shares (Canada),30.79,90.1,13675217160.0,122710189,168.2,-4.2,5,8,True,False,False,True,True,True,True,True,True,True,True
U,Unity Software Inc. Common Stock,44.99,90.1,19799601096.0,338026159,168.1,-13.7,1,6,False,False,False,True,False,True,False,True,True,True,True
PLPC,Preformed Line Products Company - Common Stock,412.86,90.0,2018349095.0,39662040,124.4,-18.2,5,8,True,False,False,True,True,True,True,True,True,True,True
TRVI,"Trevi Therapeutics, Inc. - Common Stock",17.95,90.0,2557441346.0,43079913,159.0,-11.2,5,8,True,False,False,True,True,True,True,True,True,True,True
CHEF,"The Chefs' Warehouse, Inc. - Common Stock",111.78,89.9,4560186158.0,65671222,110.1,-4.7,4,8,True,False,False,True,True,True,True,True,True,True,True
JBIO,"Jade Biosciences, Inc. - Common Stock",21.84,89.9,1388966932.0,21882365,216.1,-22.0,5,8,True,False,False,True,True,True,True,True,True,True,True
PVLA,"Palvella Therapeutics, Inc. - Common Stock",148.24,89.9,2135902254.0,34909765,201.7,-8.1,5,8,True,False,False,True,True,True,True,True,True,True,True
PESI,"Perma-Fix Environmental Services, Inc. - Common Stock",17.71,89.8,375776996.0,7954203,120.8,-16.9,2,8,True,False,False,True,True,True,True,True,True,True,True
SSRM,SSR Mining Inc. - Common Stock,39.21,89.8,7995284124.0,99889743,129.0,-0.6,5,8,True,True,False,True,True,True,True,True,True,True,True
MATX,"Matson, Inc. Common Stock",222.82,89.7,6663088512.0,64953350,156.2,-3.4,5,8,True,False,False,True,True,True,True,True,True,True,True
WT,"WisdomTree, Inc. Common Stock",24.13,89.7,3655987238.0,54099254,125.7,-0.4,5,8,True,True,False,True,True,True,True,True,True,True,True
BLMN,"Bloomin' Brands, Inc. - Common Stock",11.04,89.6,945254924.0,20153497,112.7,-12.6,3,8,True,False,False,True,True,True,True,True,True,True,True
QLYS,"Qualys, Inc. - Common Stock",175.94,89.6,6086644476.0,120512517,136.1,-12.7,2,6,False,False,False,True,False,True,False,True,True,True,True
OII,"Oceaneering International, Inc. Common Stock",49.91,89.6,4967524582.0,51806754,126.7,-8.0,5,8,True,False,False,True,True,True,True,True,True,True,True
ENLT,Enlight Renewable Energy Ltd. - Ordinary Shares,80.67,89.5,11248952320.0,20100566,198.6,-25.8,5,6,False,False,False,True,True,True,True,False,True,False,True
PSX,Phillips 66 Common Stock,236.9,89.5,94528055000.0,564326084,86.9,-4.1,5,8,True,False,False,True,True,True,True,True,True,True,True
DYN,"Dyne Therapeutics, Inc. - Common Stock",26.34,89.4,4918900993.0,56171816,121.0,-3.5,5,8,True,False,False,True,True,True,True,True,True,True,True
AMN,AMN Healthcare Services Inc,33.91,89.4,1313333995.0,28018782,126.5,-8.9,4,8,True,False,False,True,True,True,True,True,True,True,True
UTZ,Utz Brands Inc Class A Common Stock ,14.25,89.4,2051461535.0,50975703,110.2,-0.1,1,6,False,True,False,True,False,True,False,True,True,True,True
DGII,Digi International Inc. - Common Stock,75.92,89.3,2881021498.0,29608832,127.2,-12.6,5,8,True,False,False,True,True,True,True,True,True,True,True
INTA,"Intapp, Inc. - Common Stock",40.71,89.3,3114768835.0,24520252,114.2,-15.1,0,5,False,False,False,True,False,False,False,True,True,True,True
SEZL,Sezzle Inc. - Common Stock,124.08,89.2,4178395737.0,112391050,150.7,-36.6,3,6,False,False,False,True,True,True,True,False,True,False,True
COHR,Coherent Corp. Common Stock,288.14,89.2,56427103362.0,2023505169,235.3,-34.5,5,5,False,False,False,False,True,True,True,False,True,False,True
EGO,Eldorado Gold Corporation Ordinary Shares,48.14,89.2,,93796425,106.3,-5.9,5,7,False,False,False,True,True,True,False,True,True,True,True
MSBI,"Midland States Bancorp, Inc. - Common Stock",32.71,89.1,678801584.0,6165629,129.7,-6.8,5,8,True,False,False,True,True,True,True,True,True,True,True
QNST,"QuinStreet, Inc. - Common Stock",20.1,89.1,1154651937.0,15177356,95.3,-9.8,1,6,False,False,False,True,False,True,False,True,True,True,True
ATRO,Astronics Corporation - Common Stock,74.5,89.0,3204175268.0,55771548,162.4,-21.1,5,7,False,False,False,True,True,True,True,False,True,True,True
TBBB,BBB Foods Inc. Class A Common Shares,50.91,89.0,6000107456.0,30146515,113.8,-1.4,5,8,True,True,False,True,True,True,True,True,True,True,True
ALNT,Allient Inc. - Common Stock,93.1,88.9,1582933774.0,27919949,123.0,-21.5,5,7,False,False,False,True,True,True,True,False,True,True,True
HUM,Humana Inc. Common Stock,389.71,88.9,46796496831.0,548224929,138.9,-9.1,4,8,True,False,False,True,True,True,True,True,True,True,True
PAYC,"Paycom Software, Inc. Common Stock",231.7,88.9,10443094122.0,157899370,120.9,-1.2,1,6,False,False,False,True,False,True,False,True,True,True,True
FRO,Frontline Plc Ordinary Shares,43.46,88.8,9675190756.0,99248628,118.7,-3.8,5,8,True,False,False,True,True,True,True,True,True,True,True
MOV,Movado Group Inc. Common Stock,34.97,88.8,777286338.0,8292277,108.8,-13.7,5,7,False,False,False,True,True,True,True,False,True,True,True
ZD,"Ziff Davis, Inc. - Common Stock",55.41,88.7,1899854195.0,34011182,146.8,-4.6,5,8,True,False,False,True,True,True,True,True,True,True,True
DCO,Ducommun Incorporated Common Stock,181.36,88.7,2738495919.0,51658770,114.0,-13.8,5,8,True,False,False,True,True,True,True,True,True,True,True
SVM,Silvercorp Metals Inc. Common Shares,12.83,88.7,2838076944.0,34545939,185.1,-18.6,5,7,False,False,False,True,True,True,False,True,True,True,True
SITM,SiTime Corporation - Common Stock,594.1,88.6,17865202488.0,350774454,167.5,-34.1,5,6,False,False,False,True,True,True,True,False,True,False,True
CNC,Centene Corporation Common Stock,65.0,88.6,32109675000.0,313774458,130.2,-6.3,4,7,False,False,False,True,True,True,True,False,True,True,True
AMCX,AMC Global Media Inc. - Class A Common Stock,12.85,88.5,530062127.0,7038367,98.6,-0.6,5,8,True,True,False,True,True,True,True,True,True,True,True
TIGO,Millicom International Cellular S.A. - Common Stock,95.23,88.5,15954913146.0,139894772,112.2,-11.1,5,8,True,False,False,True,True,True,True,True,True,True,True
ZBIO,"Zenas BioPharma, Inc. - Common Stock",33.77,88.5,2201017936.0,25884092,150.1,-24.3,5,6,False,False,False,True,False,True,False,True,True,True,True
HALO,"Halozyme Therapeutics, Inc. - Common Stock",109.32,88.4,12407601360.0,181672573,78.5,-0.2,5,8,True,True,False,True,True,True,True,True,True,True,True
CMBT,CMB.TECH NV Ordinary Shares,18.17,88.4,5741313846.0,15509004,131.2,-1.9,5,8,True,False,False,True,True,True,True,True,True,True,True
CLDX,"Celldex Therapeutics, Inc. - Common Stock",41.22,88.3,3236987309.0,41523460,93.2,-8.7,5,8,True,False,False,True,True,True,True,True,True,True,True
NEOG,Neogen Corporation - Common Stock,11.64,88.3,2538753898.0,21160646,137.6,-9.4,5,8,True,False,False,True,True,True,True,True,True,True,True
TECX,"Tectonic Therapeutic, Inc. - Common Stock",37.71,88.3,737206592.0,6557063,162.1,-4.6,5,8,True,False,False,True,True,True,True,True,True,True,True
KRYS,"Krystal Biotech, Inc. - Common Stock",356.19,88.2,10542809395.0,153807931,160.5,-6.9,5,8,True,False,False,True,True,True,True,True,True,True,True
IAG,Iamgold Corporation Ordinary Shares,22.17,88.2,12659070000.0,95426856,154.0,-10.9,5,7,False,False,False,True,True,True,False,True,True,True,True
GSAT,"Globalstar, Inc. - Common Stock",82.03,88.1,10628084882.0,94996789,210.1,-3.3,5,8,True,False,False,True,True,True,True,True,True,True,True
TGT,Target Corporation Common Stock,163.47,88.1,74246621079.0,652288570,95.9,-4.3,5,8,True,False,False,True,True,True,True,True,True,True,True
EXPE,"Expedia Group, Inc. - Common Stock",337.97,88.0,38696176281.0,451276701,82.4,-0.9,5,6,False,False,False,True,False,True,False,True,True,True,True
NSIT,"Insight Enterprises, Inc. - Common Stock",150.63,88.0,4420817276.0,54731555,136.8,-4.3,1,8,True,False,False,True,True,True,True,True,True,True,True
ROKU,"Roku, Inc. - Class A Common Stock",159.76,88.0,23711414487.0,646956363,103.4,-0.1,5,8,True,True,False,True,True,True,True,True,True,True,True
LPG,Dorian LPG Ltd. Common Stock,50.79,87.9,2172932368.0,29033140,113.8,-2.5,5,8,True,False,False,True,True,True,True,True,True,True,True
SCCO,Southern Copper Corporation Common Stock,219.7,87.9,183302675808.0,225346875,142.6,-0.9,5,8,True,False,False,True,True,True,True,True,True,True,True
BLFS,"BioLife Solutions, Inc. - Common Stock",37.22,87.8,1820307523.0,35958425,108.4,-2.3,3,6,False,False,False,True,False,True,False,True,True,True,True
VCTR,"Victory Capital Holdings, Inc. - Common Stock",115.34,87.8,7094514034.0,52330688,102.2,-3.5,5,8,True,False,False,True,True,True,True,True,True,True,True
FTK,"Flotek Industries, Inc. Common Stock",24.0,87.8,869290296.0,14391146,119.2,-39.5,5,6,False,False,False,True,True,True,True,False,True,False,True
MRAM,"Everspin Technologies, Inc. - Common Stock",17.63,87.7,429290659.0,30320679,188.1,-65.8,5,6,False,False,False,True,True,True,True,False,True,False,True
OKTA,"Okta, Inc. - Class A Common Stock",130.61,87.7,22700979943.0,408020987,108.4,-16.8,3,7,False,False,False,True,True,True,True,False,True,True,True
ATRC,"AtriCure, Inc. - Common Stock",48.68,87.6,2476171192.0,33161797,92.0,-2.4,1,6,False,False,False,True,False,True,False,True,True,True,True
MTRN,Materion Corporation,232.5,87.6,4843841063.0,100833973,115.8,-23.7,5,7,False,False,False,True,True,True,True,False,True,True,True
WTTR,"Select Water Solutions, Inc. Class A common stock",18.97,87.6,2626981402.0,36276221,132.5,-15.9,5,7,False,False,False,True,True,True,True,False,True,True,True
ACHC,"Acadia Healthcare Company, Inc. - Common Stock",29.87,87.5,2780905214.0,86529453,161.3,-16.6,5,7,False,False,False,True,True,True,True,False,True,True,True
VIRT,"Virtu Financial, Inc. Class A Common Stock",65.2,87.5,10119054800.0,85334996,106.7,-5.1,5,8,True,False,False,True,True,True,True,True,True,True,True
RELY,"Remitly Global, Inc. - Common stock",26.22,87.4,5550355896.0,82228095,117.1,-3.4,4,8,True,False,False,True,True,True,True,True,True,True,True
STRO,"Sutro Biopharma, Inc. - Common Stock",21.44,87.4,355500306.0,9855498,199.9,-51.1,5,5,False,False,False,False,True,True,True,False,True,False,True
FA,First Advantage Corporation - Common Stock,20.32,87.3,3490035001.0,48605541,130.4,-19.2,2,8,True,False,False,True,True,True,True,True,True,True,True
VIR,"Vir Biotechnology, Inc. - Common Stock",10.71,87.3,1812302910.0,18135845,146.2,-8.1,5,8,True,False,False,True,True,True,True,True,True,True,True
TNET,"TriNet Group, Inc. Common Stock",69.62,87.3,3195887860.0,23120179,107.1,-4.7,1,6,False,False,False,True,False,True,False,True,True,True,True
BWLP,BW LPG Limited Common Shares,24.8,87.2,3950193600.0,7518999,111.6,-2.6,5,8,True,True,False,True,True,True,True,True,True,True,True
KMX,CarMax Inc,64.22,87.2,9113530585.0,164558592,112.2,-0.6,1,8,True,True,False,True,True,True,True,True,True,True,True
EZPW,"EZCORP, Inc. - Class A Non-Voting Common Stock",35.23,87.1,2164650172.0,35695409,120.7,-5.1,5,8,True,False,False,True,True,True,True,True,True,True,True
FIVN,"Five9, Inc. - Common Stock",32.285,87.1,2412449198.0,75090556,142.9,-6.6,1,8,True,False,False,True,True,True,True,True,True,True,True
IMAX,Imax Corporation Common Stock,53.9,87.1,2955989945.0,61966646,99.6,-3.0,5,8,True,False,False,True,True,True,True,True,True,True,True
PTEN,"Patterson-UTI Energy, Inc. - Common Stock",11.52,87.0,4393553748.0,92828962,125.9,-11.9,5,8,True,False,False,True,True,True,True,True,True,True,True
ZETA,Zeta Global Holdings Corp. Class A Common Stock,27.88,87.0,6998259307.0,203538652,94.1,-6.7,5,8,True,False,False,True,True,True,True,True,True,True,True
SMTI,Sanara MedTech Inc. - Common Stock,34.67,86.9,318549173.0,7913200,116.0,-3.6,1,6,False,False,False,True,False,True,False,True,True,True,True
AU,AngloGold Ashanti PLC Ordinary Shares,123.39,86.9,62406868498.0,288698080,128.8,-4.5,5,7,False,False,False,True,True,True,False,True,True,True,True
EPC,Edgewell Personal Care Company Common Stock,28.95,86.9,1334274089.0,22380876,84.0,-3.3,2,8,True,False,False,True,True,True,True,True,True,True,True
LTH,"Life Time Group Holdings, Inc. Common Stock",44.55,86.8,9955229783.0,128024863,84.5,-5.7,4,8,True,False,False,True,True,True,True,True,True,True,True
VSH,"Vishay Intertechnology, Inc. Common Stock",31.31,86.8,4802301719.0,268380380,166.0,-54.9,5,5,False,False,False,False,True,True,True,False,True,False,True
CRDO,Credo Technology Group Holding Ltd - Ordinary Shares,226.51,86.7,42239108676.0,1630226766,161.9,-26.6,5,6,False,False,False,True,True,True,True,False,True,False,True
CBL,"CBL & Associates Properties, Inc. Common Stock",55.8,86.7,1726605841.0,16296126,99.0,-7.6,5,8,True,False,False,True,True,True,True,True,True,True,True
NHC,National HealthCare Corporation Common Stock,224.73,86.7,3519585298.0,28689125,102.8,-6.1,5,8,True,False,False,True,True,True,True,True,True,True,True
ALAB,"Astera Labs, Inc. - Common Stock",282.65,86.6,49035564646.0,1822476997,188.7,-43.4,5,6,False,False,False,True,True,True,True,False,True,False,True
FCX,"Freeport-McMoRan, Inc. Common Stock",79.91,86.6,114752160263.0,969747521,127.3,-0.1,5,8,True,True,False,True,True,True,True,True,True,True,True
CRWD,"CrowdStrike Holdings, Inc. - Class A Common Stock",185.38,86.5,188764905326.0,1757886710,116.4,-18.5,4,7,False,False,False,True,True,True,True,False,True,True,True
GCT,GigaCloud Technology Inc - Class A Ordinary Shares,52.22,86.5,1864788576.0,27533703,107.6,-7.2,5,8,True,False,False,True,True,True,True,True,True,True,True
ABNB,"Airbnb, Inc. - Class A Common Stock",190.5,86.4,114068672421.0,707685213,71.9,-1.5,4,8,True,False,False,True,True,True,True,True,True,True,True
APPN,Appian Corporation - Class A Common Stock,39.58,86.4,2835020289.0,22911256,112.5,-14.1,1,6,False,False,False,True,False,True,False,True,True,True,True
AMBQ,"Ambiq Micro, Inc. Common Stock",60.12,86.4,1453974304.0,45164306,171.8,-34.4,3,6,False,False,False,True,True,True,True,False,True,False,True
NWPX,"NWPX Infrastructure, Inc. - Common Stock",110.59,86.3,1065778169.0,26539732,124.5,-27.3,5,6,False,False,False,True,True,True,True,False,True,False,True
OOMA,"Ooma, Inc. Common Stock",20.59,86.3,566225000.0,7383653,110.3,-9.4,5,8,True,False,False,True,True,True,True,True,True,True,True
AVTR,"Avantor, Inc. Common Stock",14.42,86.2,9753094473.0,115380478,98.5,-9.5,0,5,False,False,False,True,False,False,False,True,True,True,True
CON,"Concentra Group Holdings Parent, Inc. Common Stock",34.78,86.2,4435066858.0,31254911,87.5,-3.1,5,8,True,False,False,True,True,True,True,True,True,True,True
SKE,Skeena Resources Limited Common Shares,35.06,86.2,4398722437.0,24187623,130.2,-9.6,5,7,False,False,False,True,True,True,False,True,True,True,True
ALKS,Alkermes plc - Ordinary Shares,49.21,86.1,8255630615.0,101561453,95.5,-11.6,5,7,False,False,False,True,True,True,True,False,True,True,True
NKTR,Nektar Therapeutics - Common Stock,74.96,86.1,2559358830.0,62424865,183.4,-31.2,5,7,False,False,False,True,True,True,True,True,True,False,True
ARCB,ArcBest Corporation - Common Stock,135.56,86.0,3029949548.0,58884215,128.1,-23.3,5,7,False,False,False,True,True,True,True,False,True,True,True
SMTC,Semtech Corporation - Common Stock,127.52,86.0,11878636943.0,469321039,152.9,-28.1,5,6,False,False,False,True,True,True,True,False,True,False,True
HL,Hecla Mining Company Common Stock,20.92,86.0,14053395577.0,633776356,168.9,-38.8,5,6,False,False,False,True,True,True,False,True,True,False,True
CBLL,"CeriBell, Inc. - Common Stock",23.95,85.9,919155519.0,8288346,120.7,-5.4,5,8,True,False,False,True,True,True,True,True,True,True,True
OMDA,"Omada Health, Inc. - Common Stock",23.94,85.9,1465527870.0,29309623,132.9,-11.1,0,5,False,False,False,True,False,False,False,True,True,True,True
APA,APA Corporation - Common Stock,41.35,85.8,14487034939.0,213032943,92.6,-9.4,5,8,True,False,False,True,True,True,True,True,True,True,True
PK,Park Hotels & Resorts Inc. Common Stock ,16.17,85.8,3255640796.0,70106751,64.3,-0.2,5,8,True,True,False,True,True,True,True,True,True,True,True
ELF,"e.l.f. Beauty, Inc. Common Stock",105.77,85.7,6241275737.0,221906052,116.7,-29.9,0,4,False,False,False,True,False,False,False,True,True,False,True
MSGS,Madison Square Garden Sports Corp. Class A Common Stock (New),406.94,85.7,9799091191.0,93302979,109.9,-7.3,5,8,True,False,False,True,True,True,True,True,True,True,True
PATH,"UiPath, Inc. Class A Common Stock",16.66,85.7,8631883632.0,918361112,81.1,-16.0,0,5,False,False,False,True,False,False,False,True,True,True,True
SGMT,Sagimet Biosciences Inc. - Series A Common Stock,10.29,85.6,633773026.0,10846760,128.7,-7.7,2,8,True,False,False,True,True,True,True,True,True,True,True
MRK,"Merck & Company, Inc. Common Stock (new)",156.45,85.6,385989002765.0,1411237518,101.7,-0.3,5,8,True,True,False,True,True,True,True,True,True,True,True
AMRX,"Amneal Pharmaceuticals, Inc. - Class A Common Stock",17.92,85.5,6241464625.0,35279929,94.8,-7.0,5,8,True,False,False,True,True,True,True,True,True,True,True
BFH,"Bread Financial Holdings, Inc. Common Stock",107.63,85.5,4135065815.0,65301016,99.9,-6.0,5,8,True,False,False,True,True,True,True,True,True,True,True
STT,State Street Corporation Common Stock,192.95,85.5,53003705557.0,397948784,84.4,-1.1,5,8,True,False,False,True,True,True,True,True,True,True,True
CRVS,"Corvus Pharmaceuticals, Inc. - Common Stock",14.56,85.4,1224800945.0,15131947,175.8,-46.0,5,5,False,False,False,False,True,True,False,True,True,False,True
TECK,Teck Resources Ltd Ordinary Shares,71.62,85.4,35061057485.0,198021039,126.1,-0.0,5,8,True,True,False,True,True,True,True,True,True,True,True
ADEA,Adeia Inc.  - Common Stock,27.13,85.3,2991900470.0,40290300,133.7,-21.0,5,7,False,False,False,True,True,True,True,False,True,True,True
ASML,ASML Holding N.V. - New York Registry Shares,1744.16,85.3,672230074586.0,3224749025,143.5,-12.8,5,7,False,False,False,True,True,True,True,False,True,True,True
PEB,Pebblebrook Hotel Trust Common Shares of Beneficial Interest,18.35,85.3,2070663839.0,47424944,83.7,-7.9,5,7,False,False,False,True,True,True,True,False,True,True,True
DXPE,"DXP Enterprises, Inc. - Common Stock",188.44,85.2,2924051369.0,27037354,124.2,-9.4,5,8,True,False,False,True,True,True,True,True,True,True,True
NVEC,NVE Corporation - Common Stock,106.84,85.2,516802815.0,25511620,86.8,-20.9,5,8,True,False,False,True,True,True,True,True,True,True,True
GRAL,"GRAIL, Inc. - Common Stock",82.54,85.1,3686750954.0,45202327,167.8,-30.5,0,4,False,False,False,True,False,False,False,True,True,False,True
IBTA,"Ibotta, Inc. Class A Common Stock",38.74,85.1,897590846.0,7715449,102.8,-4.3,3,8,True,False,False,True,True,True,True,True,True,True,True
WLY,"John Wiley & Sons, Inc. Common Stock",53.89,85.1,2735649865.0,27383312,89.9,-6.2,4,8,True,False,False,True,True,True,True,True,True,True,True
CSTL,"Castle Biosciences, Inc. - Common stock",35.0,85.0,1069232745.0,11460803,97.5,-21.0,2,6,False,False,False,True,False,True,False,True,True,True,True
SENEA,Seneca Foods Corp. - Class A Common Stock,190.63,85.0,1290652218.0,20348955,91.4,-4.5,5,8,True,False,False,True,True,True,True,True,True,True,True
CBZ,"CBIZ, Inc. Common Stock",54.75,84.9,2970947375.0,65539156,125.4,-17.7,1,6,False,False,False,True,False,True,False,True,True,True,True
VIA,"Via Transportation, Inc. Class A Common Stock",27.89,84.9,2273191547.0,19561036,115.4,-50.5,0,4,False,False,False,True,False,False,False,True,True,False,True
BTSG,"BrightSpring Health Services, Inc. - Common Stock",57.23,84.8,11323770512.0,248217444,150.3,-22.4,5,7,False,False,False,True,True,True,True,False,True,True,True
MSGE,Madison Square Garden Entertainment Corp. Class A Common Stock,80.63,84.8,3814221017.0,35621699,107.9,-10.8,5,8,True,False,False,True,True,True,True,True,True,True,True
MT,Arcelor Mittal NY Registry Shares NEW,73.62,84.8,56034082795.0,107787747,130.6,-2.7,5,8,True,False,False,True,True,True,True,True,True,True,True
BCAX,Bicara Therapeutics Inc. - Common Stock,24.58,84.7,1626530718.0,20790613,138.8,-20.7,5,7,False,False,False,True,True,True,True,False,True,True,True
CLBK,"Columbia Financial, Inc. - Common Stock",11.655,84.7,1212673251.0,61970010,87.7,-2.9,5,8,True,False,False,True,True,True,True,True,True,True,True
MITK,"Mitek Systems, Inc. - Common Stock",18.02,84.6,813105179.0,16294556,111.3,-14.4,5,7,False,False,False,True,True,True,True,False,True,True,True
RUM,RUM Group Inc. - Class A Common Stock,10.23,84.6,5072138285.0,24954851,121.4,-3.4,0,7,False,True,False,True,True,False,True,True,True,True,True
IQV,"IQVIA Holdings, Inc. Common Stock",259.42,84.6,42700532000.0,313708504,67.9,-0.9,2,6,False,False,False,True,False,True,False,True,True,True,True
FLEX,Flex Ltd. - Ordinary Shares,109.25,84.5,40357275347.0,853495829,111.1,-34.5,5,6,False,False,False,True,True,True,True,False,True,False,True
FIGS,"FIGS, Inc. Class A Common Stock",14.68,84.5,2438938753.0,37805179,126.0,-16.0,5,7,False,False,False,True,True,True,False,True,True,True,True
CCSI,"Consensus Cloud Solutions, Inc. - Common Stock",38.95,84.4,713755712.0,5769735,92.8,-5.9,5,8,True,False,False,True,True,True,True,True,True,True,True
JAZZ,Jazz Pharmaceuticals plc - Ordinary Shares,260.23,84.4,16892720373.0,195435152,112.4,-2.3,5,8,True,True,False,True,True,True,True,True,True,True,True
MLAB,"Mesa Laboratories, Inc. - Common Stock",127.35,84.4,712633917.0,19262454,116.5,-1.0,4,8,True,True,False,True,True,True,True,True,True,True,True
CARE,"Carter Bankshares, Inc. - Common Stock",31.4,84.3,695947433.0,14088616,87.1,-12.9,5,7,False,False,False,True,True,True,True,False,True,True,True
FTDR,"Frontdoor, Inc. - Common Stock",83.53,84.3,5754658685.0,47611991,72.3,-10.6,4,8,True,False,False,True,True,True,True,True,True,True,True
KURA,"Kura Oncology, Inc. - Common Stock",13.59,84.2,1208974812.0,19497205,84.7,-2.2,5,6,False,True,False,True,False,True,False,True,True,True,True
HP,"Helmerich & Payne, Inc. Common Stock",42.08,84.2,4205430806.0,45990560,127.7,-6.5,5,8,True,False,False,True,True,True,True,True,True,True,True
MKSI,MKS Inc. - Common Stock,270.48,84.1,18289197088.0,507182187,177.4,-39.6,5,5,False,False,False,False,True,True,True,False,True,False,True
XMTR,"Xometry, Inc. - Class A Common Stock",87.78,84.1,5031863238.0,69884744,144.8,-17.3,5,7,False,False,False,True,True,True,True,False,True,True,True
OPY,"Oppenheimer Holdings, Inc. Class A Common Stock (DE)",115.78,84.1,1239772819.0,14612995,81.4,-6.1,5,8,True,False,False,True,True,True,True,True,True,True,True
DDOG,"Datadog, Inc. - Class A Common Stock",222.99,84.0,80070139602.0,1171751730,127.5,-23.8,4,7,False,False,False,True,True,True,True,False,True,True,True
FCUV,Focus Universal Inc. - Common Stock,10.5,84.0,7378823.0,36968127,486.6,-95.0,0,3,False,False,False,False,False,False,False,True,True,False,True
KLIC,"Kulicke and Soffa Industries, Inc. - Common Stock",84.53,83.9,4423380091.0,122716751,141.4,-37.8,5,5,False,False,False,False,True,True,True,False,True,False,True
EQNR,Equinor ASA,41.21,83.9,103036169146.0,132089037,85.1,-5.2,5,8,True,False,False,True,True,True,True,True,True,True,True
PR,Permian Resources Corporation Class A Common Stock,23.3,83.9,19515078776.0,207256657,95.5,-3.3,5,8,True,False,False,True,True,True,True,True,True,True,True
SBLK,Star Bulk Carriers Corp. - Common Shares,31.11,83.8,3469702967.0,38088794,86.1,-0.4,5,8,True,True,False,True,True,True,True,True,True,True,True
JHX,James Hardie Industries plc. Ordinary Shares,30.34,83.8,17613052286.0,192355588,84.3,-3.3,2,8,True,False,False,True,True,True,True,True,True,True,True
COGT,"Cogent Biosciences, Inc. - Common Stock",36.8,83.7,6385719338.0,94415189,217.2,-15.8,5,7,False,False,False,True,True,True,True,False,True,True,True
PAY,"Paymentus Holdings, Inc. Class A Common Stock",39.34,83.7,4954465713.0,41204921,95.6,-13.2,1,6,False,False,False,True,False,True,False,True,True,True,True
PBI,Pitney Bowes Inc. Common Stock,17.08,83.7,2341500821.0,38497774,90.8,-10.4,5,7,False,False,False,True,True,True,True,False,True,True,True
ITGR,Integer Holdings Corporation Common Stock,125.39,83.6,4262262899.0,113276876,102.2,-0.6,1,8,True,False,False,True,True,True,True,True,True,True,True
THC,Tenet Healthcare Corporation Common Stock,271.88,83.6,21891505720.0,262869188,72.5,-3.9,2,8,True,False,False,True,True,True,True,True,True,True,True
BWIN,"The Baldwin Insurance Group, Inc. - Class A Common Stock",30.91,83.5,4311893504.0,40443771,94.6,-8.6,1,6,False,False,False,True,False,True,False,True,True,True,True
IDYA,"IDEAYA Biosciences, Inc. - Common Stock",42.48,83.5,4098873280.0,37822030,82.9,-0.5,5,6,False,True,False,True,False,True,False,True,True,True,True
SM,SM Energy Company Common Stock,35.68,83.5,8486633146.0,116819002,104.5,-6.7,5,8,True,False,False,True,True,True,True,True,True,True,True
ANGO,"AngioDynamics, Inc. - Common Stock",15.95,83.4,659251605.0,6809420,69.9,-2.1,5,6,False,False,False,True,False,True,False,True,True,True,True
SNX,TD SYNNEX Corporation Common Stock,251.39,83.4,20100830665.0,215656129,76.8,-15.2,5,7,False,False,False,True,True,True,True,False,True,True,True
FEIM,"Frequency Electronics, Inc. - Common Stock",59.81,83.3,655267833.0,21125298,129.6,-25.8,5,6,False,False,False,True,True,True,True,False,True,False,True
NBR,Nabors Industries Ltd.,87.72,83.3,1400127604.0,22841309,155.0,-22.3,5,7,False,False,False,True,True,True,False,True,True,True,True
PDFS,"PDF Solutions, Inc. - Common Stock",44.28,83.2,1869821124.0,34095978,133.9,-38.2,5,5,False,False,False,False,True,True,True,False,True,False,True
RDVT,"Red Violet, Inc. - Common Stock ",69.385,83.2,1113419360.0,14989333,107.7,-6.5,3,6,False,False,False,True,False,True,False,True,True,True,True
RLJ,RLJ Lodging Trust Common Shares of Beneficial Interest $0.01 par value,11.56,83.2,1761465080.0,22304820,76.8,-10.3,5,7,False,False,False,True,True,True,True,False,True,True,True
ETSY,"Etsy, Inc. Common Stock",84.43,83.1,7749132984.0,241158842,91.9,-4.0,4,8,True,False,False,True,True,True,True,True,True,True,True
OGN,Organon & Co. Common Stock ,13.75,83.1,3610879704.0,35673750,141.7,-0.1,4,8,True,True,False,True,True,True,True,True,True,True,True
ATLC,Atlanticus Holdings Corporation - Common Stock,93.95,83.0,1425225070.0,18125809,97.8,-17.8,5,7,False,False,False,True,True,True,True,False,True,True,True
CVE,Cenovus Energy Inc Common Stock,30.76,83.0,57675000000.0,208873300,96.8,-7.9,5,8,True,False,False,True,True,True,True,True,True,True,True
TEN,Tsakos Energy Navigation Ltd Common Shares,42.27,83.0,1273493779.0,9508579,106.2,-7.8,5,8,True,False,False,True,True,True,True,True,True,True,True
RGEN,Repligen Corporation - Common Stock,181.69,82.9,10253787979.0,172827983,79.9,-3.7,3,6,False,False,False,True,False,True,False,True,True,True,True
SAFT,"Safety Insurance Group, Inc. - Common Stock",103.69,82.9,1522219179.0,22639892,54.7,-0.1,4,8,True,False,False,True,True,True,True,True,True,True,True
AG,First Majestic Silver Corp. Ordinary Shares (Canada),21.24,82.8,10469331575.0,189271763,143.6,-33.7,5,6,False,False,False,True,True,True,False,True,True,False,True
NEM,Newmont Corporation,135.14,82.8,142395973503.0,835112291,90.7,-0.1,5,7,False,True,False,True,True,True,False,True,True,True,True
NET,"Cloudflare, Inc. Class A Common Stock",277.58,82.8,98840607290.0,957705928,74.8,-16.4,5,8,True,False,False,True,True,True,True,True,True,True,True
DAC,Danaos Corporation Common Stock,152.58,82.7,2777486216.0,14844294,82.6,-0.3,5,8,True,True,False,True,True,True,True,True,True,True,True
WNC,Wabash National Corporation Common Stock,12.41,82.7,505548317.0,15301363,87.2,-13.3,2,7,False,False,False,True,True,True,True,False,True,True,True
ODC,Oil-Dri Corporation Of America Common Stock,91.69,82.6,1328435436.0,12512193,101.0,-14.3,5,7,False,False,False,True,True,True,True,False,True,True,True
SKM,"SK Telecom Co., Ltd. Common Stock",39.66,82.6,15212782800.0,82951073,101.7,-15.9,5,8,True,False,False,True,True,True,True,True,True,True,True
FIVE,"Five Below, Inc. - Common Stock",259.41,82.5,14344167003.0,223882244,88.3,-1.7,5,7,False,False,False,True,True,True,False,True,True,True,True
PDEX,"Pro-Dex, Inc. - Common Stock",65.22,82.5,208231742.0,5406134,177.9,-6.6,5,8,True,False,False,True,True,True,True,True,True,True,True
PGY,Pagaya Technologies Ltd. - Class A Ordinary Shares,22.26,82.5,1857059265.0,60633007,114.0,-50.5,0,4,False,False,False,True,False,False,False,True,True,False,True
AIR,AAR Corp. Common Stock,135.36,82.4,5449436582.0,67515199,85.3,-12.1,5,7,False,False,False,True,True,True,True,False,True,True,True
FTI,TechnipFMC plc Ordinary Share,75.2,82.4,29490761978.0,276098953,113.1,-6.6,5,8,True,False,False,True,True,True,True,True,True,True,True
LQDT,"Liquidity Services, Inc. - Common Stock",43.12,82.3,1351019368.0,8809508,99.0,-2.2,5,8,True,False,False,True,True,True,True,True,True,True,True
ZBRA,Zebra Technologies Corporation - Class A Common Stock,360.52,82.3,17056439143.0,239250813,81.1,-6.7,1,8,True,False,False,True,True,True,True,True,True,True,True
CODI,D/B/A Compass Diversified Holdings Shares of Beneficial Interest,11.52,82.3,866718328.0,8434066,151.5,-13.1,5,8,True,False,False,True,True,True,True,True,True,True,True
HRTG,"Heritage Insurance Holdings, Inc. Common Stock",34.2,82.2,1016848627.0,10400285,67.0,-6.3,5,6,False,False,False,True,False,True,False,True,True,True,True
TNK,Teekay Tankers Ltd.,90.03,82.2,3118986536.0,28962496,91.3,-4.7,5,8,True,False,False,True,True,True,True,True,True,True,True
FLYW,Flywire Corporation - Voting Common Stock,19.21,82.1,2337236018.0,39065508,82.1,-2.6,5,8,True,False,False,True,True,True,True,True,True,True,True
LGND,Ligand Pharmaceuticals Incorporated - Common Stock,281.72,82.1,5616259767.0,117507028,78.8,-13.7,5,7,False,False,False,True,True,True,True,False,True,True,True
RPRX,Royalty Pharma plc - Class A Ordinary Shares,62.07,82.1,35690324732.0,175124371,82.1,-0.6,5,8,True,True,False,True,True,True,True,True,True,True,True
DAR,Darling Ingredients Inc. Common Stock,62.58,82.0,9875306483.0,150256152,114.7,-10.6,5,8,True,False,False,True,True,True,True,True,True,True,True
GNK,Genco Shipping & Trading Limited Ordinary Shares New (Marshall Islands),27.32,82.0,1190786049.0,10577977,75.7,-1.6,5,8,True,False,False,True,True,True,True,True,True,True,True
CAI,"Caris Life Sciences, Inc. - Common Stock",28.01,81.9,7915491160.0,82017320,97.4,-30.7,0,4,False,False,False,True,False,False,False,True,True,False,True
BXC,Bluelinx Holdings Inc. Common Stock,83.5,81.9,656328120.0,11299916,86.5,-11.0,1,6,False,False,False,True,False,True,False,True,True,True,True
STM,STMicroelectronics N.V. Common Stock,49.46,81.9,44145285938.0,676876060,134.3,-39.3,5,5,False,False,False,False,True,True,True,False,True,False,True
MDB,"MongoDB, Inc. - Class A Common Stock",404.92,81.8,32568495881.0,539112647,90.7,-14.4,5,6,False,False,False,True,False,True,False,True,True,True,True
SDGR,"Schrodinger, Inc. - Common Stock",19.99,81.8,1495364504.0,20453105,82.6,-13.2,0,5,False,False,False,True,False,False,False,True,True,True,True
LNTH,"Lantheus Holdings, Inc. - Common Stock",100.87,81.7,6584023861.0,147254468,103.1,-9.8,4,7,False,False,False,True,True,True,True,False,True,True,True
HPP,"Hudson Pacific Properties, Inc. Common Stock",14.91,81.7,809146928.0,11756831,183.5,-31.3,0,4,False,False,False,True,False,False,False,True,True,False,True
ASTH,Astrana Health Inc. - Common Stock,37.61,81.6,1865620205.0,26368331,108.0,-27.1,5,6,False,False,False,True,True,True,True,False,True,False,True
KARO,Karooooo Ltd. - Ordinary shares,63.93,81.6,1975008669.0,7045881,55.0,-4.8,2,8,True,False,False,True,True,True,True,True,True,True,True
DHT,"DHT Holdings, Inc.",19.17,81.6,3087168181.0,64406416,77.0,-7.0,5,8,True,False,False,True,True,True,True,True,True,True,True
AMAL,Amalgamated Financial Corp. - Common Stock,48.42,81.5,1447765118.0,8043948,92.7,-6.1,5,8,True,False,False,True,True,True,True,True,True,True,True
OSS,"One Stop Systems, Inc. - Common Stock",11.11,81.5,277084844.0,16335577,166.4,-46.8,5,5,False,False,False,False,True,True,True,False,True,False,True
CRS,Carpenter Technology Corporation Common Stock,486.09,81.4,24089923347.0,432340192,113.2,-22.3,5,7,False,False,False,True,True,True,True,False,True,True,True
SLG,SL Green Realty Corp Common Stock,59.83,81.4,4238949936.0,55621823,72.1,-9.7,1,6,False,False,False,True,False,True,False,True,True,True,True
ZIM,ZIM Integrated Shipping Services Ltd. Ordinary Shares,28.08,81.4,3382682697.0,39976556,127.7,-6.3,5,8,True,False,False,True,True,True,True,True,True,True,True
PHVS,Pharvaris N.V. - Ordinary Shares,37.23,81.3,2593682045.0,18515497,80.3,-2.4,5,8,True,False,False,True,True,True,True,True,True,True,True
OBE,Obsidian Energy Ltd. Common Shares,11.01,81.3,734648526.0,7996404,102.4,-24.5,5,7,False,False,False,True,True,True,False,True,True,True,True
MBIN,Merchants Bancorp - Common Stock,53.49,81.2,2457227632.0,9366755,76.1,-5.9,5,8,True,False,False,True,True,True,True,True,True,True,True
CNK,"Cinemark Holdings Inc Cinemark Holdings, Inc. Common Stock",37.4,81.2,4335103377.0,84164455,73.1,-4.1,3,8,True,False,False,True,True,True,True,True,True,True,True
RBRK,"Rubrik, Inc. Class A Common Stock",92.65,81.2,19070016640.0,264213796,119.3,-13.0,1,6,False,False,False,True,False,True,False,True,True,True,True
P,"Everpure, Inc. Class A common stock",102.81,81.1,34174551059.0,250609970,81.1,-13.7,1,6,False,False,False,True,False,True,False,True,True,True,True
WPM,Wheaton Precious Metals Corp Common Shares (Canada),163.72,81.1,74355069961.0,264917261,76.9,-1.2,5,7,False,False,False,True,True,True,False,True,True,True,True
ANET,"Arista Networks, Inc. Common Stock",190.94,81.0,240818234289.0,1419305801,66.7,-11.1,5,8,True,False,False,True,True,True,True,True,True,True,True
NVRI,Enviri Corporation Common Stock,21.62,81.0,609470373.0,8912122,100.0,-10.7,5,7,False,False,False,True,True,True,True,False,True,True,True
BNY,The Bank of New York Mellon Corporation Common Stock,163.65,80.9,111037202838.0,545115381,60.9,-1.2,5,8,True,False,False,True,True,True,True,True,True,True,True
HRB,"H&R Block, Inc. Common Stock",53.19,80.9,6556514391.0,98724047,88.9,-9.3,0,5,False,False,False,True,False,False,False,True,True,True,True
NMAX,"Newsmax, Inc. Class B Common Stock",10.91,80.9,1409142637.0,10057532,113.5,-31.6,0,4,False,False,False,True,False,False,False,True,True,False,True
GSHD,"Goosehead Insurance, Inc. - Class A Common Stock",72.33,80.8,2568865409.0,30969845,114.8,-18.9,0,5,False,False,False,True,False,False,False,True,True,True,True
IBKR,"Interactive Brokers Group, Inc. - Class A Common Stock",98.19,80.8,44487745610.0,420974959,66.6,-0.6,5,8,True,True,False,True,True,True,True,True,True,True,True
AVT,"Avnet, Inc. - Common Stock",87.57,80.7,7187130771.0,111027683,97.9,-12.4,5,7,False,False,False,True,True,True,True,False,True,True,True
SLDE,"Slide Insurance Holdings, Inc. - Common Stock",23.06,80.7,2693678240.0,23798458,84.0,-2.9,3,8,True,False,False,True,True,True,True,True,True,True,True
OVV,Ovintiv Inc. (DE),64.4,80.7,18205880000.0,204808295,81.6,-4.5,5,8,True,False,False,True,True,True,True,True,True,True,True
DIOD,Diodes Incorporated - Common Stock,92.95,80.6,4280505980.0,64273686,119.8,-26.2,5,6,False,False,False,True,True,True,True,False,True,False,True
UFCS,"United Fire Group, Inc - Common Stock",53.51,80.6,1375498041.0,8415414,79.9,-4.1,5,8,True,False,False,True,True,True,True,True,True,True,True
MANH,"Manhattan Associates, Inc. - Common Stock",213.1,80.5,12424789533.0,148856513,79.0,-3.3,1,6,False,False,False,True,False,True,False,True,True,True,True
BZH,"Beazer Homes USA, Inc. Common Stock",33.19,80.5,885496687.0,20119814,86.1,-3.9,3,8,True,False,False,True,True,True,True,True,True,True,True
TBN,Tamboran Resources Corporation Common stock,37.72,80.5,1314783861.0,5545136,92.9,-27.8,5,7,False,False,False,True,True,True,True,True,True,False,True
ORIC,"Oric Pharmaceuticals, Inc. - Common Stock",13.83,80.4,1433516232.0,18400235,91.3,-7.4,0,7,False,False,False,True,True,False,True,True,True,True,True
TRGP,"Targa Resources, Inc. Common Stock",286.91,80.4,61522404235.0,357867778,99.0,-6.8,5,8,True,False,False,True,True,True,True,True,True,True,True
AIP,"Arteris, Inc.  - Common Stock",23.23,80.3,1141803329.0,29273813,175.9,-53.8,5,5,False,False,False,False,True,True,True,False,True,False,True
PTRN,Pattern Group Inc. - Series A Common Stock,21.4,80.3,3796340505.0,53419228,139.9,-28.2,1,6,False,False,False,True,True,True,True,False,True,False,True
PD,"PagerDuty, Inc. Common Stock",12.25,80.3,944751421.0,16502619,114.9,-29.1,0,4,False,False,False,True,False,False,False,True,True,False,True
AMTB,Amerant Bancorp Inc. Class A Common Stock,28.6,80.2,1120829939.0,10999013,83.1,-6.5,5,8,True,False,False,True,True,True,True,True,True,True,True
NUE,Nucor Corporation Common Stock,247.55,80.2,56163073594.0,406922082,88.5,-11.6,5,8,True,False,False,True,True,True,True,True,True,True,True
CLPT,ClearPoint Neuro Inc. - Common Stock,16.96,80.1,517351690.0,12559609,105.1,-43.7,0,4,False,False,False,True,False,False,False,True,True,False,True
MLKN,"MillerKnoll, Inc. - Common Stock",23.24,80.1,1583184051.0,16497001,68.8,-5.9,2,8,True,False,False,True,True,True,True,True,True,True,True
PRAA,"PRA Group, Inc. - Common Stock",19.68,80.0,740912758.0,10342108,92.0,-12.7,2,8,True,False,False,True,True,True,True,True,True,True,True
ATKR,Atkore Inc. Common Stock,93.62,80.0,3161786131.0,70082774,74.2,-0.6,4,8,True,False,False,True,True,True,True,True,True,True,True
VPG,"Vishay Precision Group, Inc. Common Stock",64.45,80.0,858501714.0,61773941,134.0,-57.5,5,5,False,False,False,False,True,True,True,False,True,False,True
ELE,Elemental Royalty Corporation - Common Stock,22.79,79.9,1465536201.0,6895584,81.2,-15.5,1,7,False,False,False,True,True,True,False,True,True,True,True
UNF,Unifirst Corporation Common Stock,288.06,79.9,5209326874.0,45750760,95.1,-6.1,5,8,True,False,False,True,True,True,True,True,True,True,True
TILE,"Interface, Inc. - Common Stock",38.95,79.8,2251327917.0,17414765,59.6,-3.8,5,8,True,False,False,True,True,True,True,True,True,True,True
PL,Planet Labs PBC Class A Common Stock,21.55,79.8,7680474435.0,238156944,244.5,-58.4,5,4,False,False,False,False,True,True,False,False,True,False,True
SII,Sprott Inc. Common Shares,137.67,79.8,3551886000.0,23699469,113.6,-18.8,5,7,False,False,False,True,True,True,False,True,True,True,True
MAMA,"Mama's Creations, Inc. - Common Stock",16.64,79.7,773714922.0,11786946,110.8,-20.8,5,7,False,False,False,True,True,True,True,False,True,True,True
HQH,abrdn Healthcare Investors Shares of Beneficial Interest,23.61,79.7,1117785371.0,5413502,46.6,-5.0,5,8,True,False,False,True,True,True,True,True,True,True,True
EVER,"EverQuote, Inc. - Class A Common Stock",26.85,79.6,946187314.0,17196402,93.4,-6.5,2,6,False,False,False,True,False,True,False,True,True,True,True
KLAC,KLA Corporation  - Common Stock,183.34,79.6,239542287195.0,2887455544,120.3,-40.4,5,5,False,False,False,False,True,True,True,False,True,False,True
VECO,Veeco Instruments Inc. - Common Stock,47.59,79.6,2909159568.0,72174305,104.2,-45.1,5,6,False,False,False,True,True,True,True,False,True,False,True
ALRS,Alerus Financial Corporation - Common Stock,33.07,79.5,823550081.0,7665676,62.8,-3.9,5,8,True,False,False,True,True,True,True,True,True,True,True
PGC,Peapack-Gladstone Financial Corporation - Common Stock,45.15,79.5,800417033.0,9821181,82.7,-8.1,5,7,False,False,False,True,True,True,True,False,True,True,True
RPD,"Rapid7, Inc. - Common Stock",12.13,79.4,817569763.0,26696657,144.1,-42.9,0,4,False,False,False,True,False,False,False,True,True,False,True
BBVA,Banco Bilbao Vizcaya Argentaria S.A. Common Stock,28.95,79.4,165274643865.0,40723605,62.9,-1.3,5,8,True,False,False,True,True,True,True,True,True,True,True
ARMK,Aramark Common Stock,59.08,79.3,15574967600.0,150093035,68.5,-5.7,5,8,True,False,False,True,True,True,True,True,True,True,True
GRC,Gorman-Rupp Company (The) Common Stock,76.76,79.3,2027250253.0,16630378,83.4,-17.3,5,7,False,False,False,True,True,True,True,False,True,True,True
KOP,Koppers Holdings Inc. Common Stock,46.13,79.3,872390632.0,8895518,84.5,-13.0,5,7,False,False,False,True,True,True,True,False,True,True,True
SCSC,"ScanSource, Inc. - Common Stock",56.19,79.2,1131824606.0,13634621,66.4,-15.9,4,8,True,False,False,True,True,True,True,True,True,True,True
GOLD,"Gold.com, Inc. Common Stock",46.85,79.2,1358854922.0,17495812,113.0,-29.8,5,6,False,False,False,True,True,True,False,True,True,False,True
ASYS,"Amtech Systems, Inc. - Common Stock",14.25,79.1,249490439.0,8242550,153.1,-44.6,5,5,False,False,False,False,True,True,True,False,True,False,True
AVTX,"Avalo Therapeutics, Inc. - Common Stock",19.74,79.1,1058655983.0,23687876,128.2,-18.7,5,6,False,False,False,True,False,True,False,True,True,True,True
DNLI,Denali Therapeutics Inc. - Common Stock,24.93,79.1,3984995757.0,40866357,98.2,-8.7,5,8,True,False,False,True,True,True,True,True,True,True,True
KSPI,Joint Stock Company Kaspi.kz - American Depository Shares,108.75,79.0,20590014319.0,41412567,58.6,-0.2,2,8,True,True,False,True,True,True,True,True,True,True,True
WBD,"Warner Bros. Discovery, Inc. - Series A Common Stock",28.9,79.0,72559325775.0,606847447,156.9,-3.7,5,7,False,False,False,True,True,True,False,True,True,True,True
TECH,Bio-Techne Corp - Common Stock,72.33,78.9,11324617760.0,372900716,67.4,-0.4,2,6,False,False,False,True,False,True,False,True,True,True,True
TDW,Tidewater Inc. Common Stock,92.32,78.9,4593495246.0,56715167,97.9,-5.3,5,8,True,False,False,True,True,True,True,True,True,True,True
WKC,World Kinect Corporation Common Stock,35.38,78.9,1809744316.0,44639284,59.3,-14.1,3,7,False,False,False,True,True,True,True,False,True,True,True
HBT,"HBT Financial, Inc. - Common Stock",35.68,78.8,1297525036.0,6029600,59.6,-4.9,5,8,True,False,False,True,True,True,True,True,True,True,True
TALO,"Talos Energy, Inc. Common Stock",16.5,78.8,2754930222.0,30099036,86.0,-10.5,5,8,True,False,False,True,True,True,True,True,True,True,True
DRH,Diamondrock Hospitality Company - Common Stock,12.87,78.7,2633275114.0,31981172,72.1,-6.7,5,8,True,False,False,True,True,True,True,True,True,True,True
FIX,"Comfort Systems USA, Inc. Common Stock",1561.96,78.7,54972134125.0,891652860,133.1,-24.7,5,6,False,False,False,False,True,True,True,False,True,True,True
UVE,UNIVERSAL INSURANCE HOLDINGS INC Common Stock,43.29,78.7,1204776068.0,9378929,80.1,-4.1,5,8,True,False,False,True,True,True,True,True,True,True,True
ANF,Abercrombie & Fitch Company Common Stock,108.9,78.6,4838613219.0,109241780,66.4,-18.2,2,6,False,False,False,True,False,True,False,True,True,True,True
VG,"Venture Global, Inc. Class A common stock",14.07,78.6,35176306414.0,191072026,146.0,-20.1,1,8,True,False,False,True,True,True,True,True,True,True,True
BRKR,Bruker Corporation - Common Stock,56.85,78.5,8661627115.0,129200224,99.3,-12.9,3,7,False,False,False,True,True,True,True,False,True,True,True
MAX,"MediaAlpha, Inc. Class A Common Stock",12.85,78.5,787242117.0,11685512,81.2,-12.6,2,6,False,False,False,True,False,True,False,True,True,True,True
ALOY,REalloys Inc. - Common Stock,12.16,78.4,838889727.0,37542016,115.6,-54.8,5,7,False,False,False,True,True,True,True,True,True,False,True
INCY,Incyte Corporation - Common Stock,129.72,78.4,26293951611.0,212511756,60.0,-2.2,5,8,True,False,False,True,True,True,True,True,True,True,True
USFD,US Foods Holding Corp. Common Stock,108.89,78.4,23556252427.0,256858976,55.8,-2.3,5,8,True,False,False,True,True,True,True,True,True,True,True
RIGL,"Rigel Pharmaceuticals, Inc. - Common Stock",46.75,78.3,873283642.0,14899345,87.4,-10.5,2,6,False,False,False,True,False,True,False,True,True,True,True
VOYA,"Voya Financial, Inc. Common Stock",100.56,78.3,9110368855.0,100770259,55.9,-3.2,5,8,True,False,False,True,True,True,True,True,True,True,True
HELE,Helen of Troy Limited - Common Stock,28.9,78.2,673140563.0,13472207,108.7,-5.8,3,8,True,False,False,True,True,True,True,True,True,True,True
KNTK,Kinetik Holdings Inc. Class A Common Stock,54.23,78.2,8805820166.0,54313223,73.1,-3.3,5,8,True,False,False,True,True,True,True,True,True,True,True
SA,"Seabridge Gold, Inc. Common Shares New",35.03,78.2,3778728696.0,20667796,114.6,-12.6,5,7,False,False,False,True,True,True,False,True,True,True,True
HSBC,"HSBC Holdings, plc. Common Stock",104.38,78.1,358724078724.0,127173896,64.2,-3.3,5,8,True,False,False,True,True,True,True,True,True,True,True
W,Wayfair Inc. Class A Common Stock,104.53,78.1,14317272357.0,321643595,88.0,-12.9,2,6,False,False,False,True,False,True,False,True,True,True,True
AMGN,Amgen Inc. - Common Stock,442.24,78.0,239089097891.0,1024843809,63.9,-1.1,5,8,True,True,False,True,True,True,True,True,True,True,True
UFPT,"UFP Technologies, Inc. - Common Stock",304.21,78.0,2356346776.0,53510444,75.0,-10.2,3,8,True,False,False,True,True,True,True,True,True,True,True
BEN,"Franklin Resources, Inc. Common Stock",35.03,78.0,17797934157.0,149571710,65.9,-3.4,5,8,True,False,False,True,True,True,True,True,True,True,True
AVBP,"ArriVent BioPharma, Inc. - Common Stock",31.35,77.9,1545797304.0,17373741,84.4,-12.5,5,7,False,False,False,True,True,True,True,False,True,True,True
SPB,"Spectrum Brands Holdings, Inc. Common Stock",88.95,77.9,2045458264.0,32664720,77.9,-10.2,5,8,True,False,False,True,True,True,True,True,True,True,True
NTNX,"Nutanix, Inc. - Class A Common Stock",66.44,77.8,17960094618.0,175322455,95.4,-19.4,0,5,False,False,False,True,False,False,False,True,True,True,True
EXPD,"Expeditors International of Washington, Inc. Common Stock",189.05,77.8,24574727089.0,205227228,67.4,-0.5,5,8,True,True,False,True,True,True,True,True,True,True,True
DJCO,Daily Journal Corp. (S.C.) - Common Stock,618.72,77.7,852566461.0,28792510,77.5,-8.3,5,8,True,False,False,True,True,True,True,True,True,True,True
HNI,HNI Corporation Common Stock,49.94,77.7,3604759092.0,28010671,72.6,-5.4,1,6,False,False,False,True,False,True,False,True,True,True,True
PAG,"Penske Automotive Group, Inc. Common Stock",219.76,77.7,14430072970.0,83374707,56.8,-3.2,2,8,True,False,False,True,True,True,True,True,True,True,True
GSL,Global Ship Lease Inc New Class A Common Shares,45.3,77.6,1627096453.0,13292292,66.1,-0.3,5,8,True,True,False,True,True,True,True,True,True,True,True
IVZ,Invesco Ltd Common Stock,32.72,77.6,14445872802.0,147429935,58.3,-0.8,5,8,True,True,False,True,True,True,True,True,True,True,True
TNDM,"Tandem Diabetes Care, Inc. - Common Stock",21.58,77.5,1501508497.0,36717859,88.3,-27.2,5,5,False,False,False,True,False,True,False,True,True,False,True
MANU,Manchester United Ltd. Class A Ordinary Shares,23.87,77.5,4115876864.0,6365386,63.6,-2.4,5,8,True,False,False,True,True,True,True,True,True,True,True
NPK,"National Presto Industries, Inc. Common Stock",156.8,77.5,1118935306.0,12945403,71.8,-0.9,5,7,False,True,False,True,True,True,False,True,True,True,True
GTLB,GitLab Inc. - Class A Common Stock,41.66,77.4,7036374000.0,147919643,122.4,-20.5,0,5,False,False,False,True,False,False,False,True,True,True,True
MPTI,"M-tron Industries, Inc. Common Stock",79.67,77.4,346283743.0,19462580,83.3,-24.0,5,7,False,False,False,True,True,True,True,False,True,True,True
TENB,"Tenable Holdings, Inc. - Common Stock",32.79,77.3,3611490043.0,115636733,108.5,-24.9,2,7,False,False,False,True,True,True,True,False,True,True,True
APLE,"Apple Hospitality REIT, Inc. Common Shares",16.74,77.3,3952024365.0,49349069,54.3,-3.1,5,8,True,False,False,True,True,True,True,True,True,True,True
LB,LandBridge Company LLC Class A Shares Representing Limited Liability Company Interests,85.94,77.3,6624720307.0,27207057,96.4,-6.3,4,8,True,False,False,True,True,True,True,True,True,True,True
ASST,"Strive, Inc. - Class A Common Stock",21.39,77.2,1827602305.0,62867710,204.7,-91.5,0,4,False,False,False,True,False,False,False,True,True,False,True
ICUI,"ICU Medical, Inc. - Common Stock",182.24,77.2,4557282605.0,50737810,62.0,-5.5,3,6,False,False,False,True,False,True,False,True,True,True,True
CTNM,"Contineum Therapeutics, Inc. - Common stock",17.05,77.1,641440301.0,6994368,98.3,-2.6,5,8,True,True,False,True,True,True,True,True,True,True,True
SRRK,Scholar Rock Holding Corporation - Common Stock,58.25,77.1,7093992677.0,71929378,115.2,-2.1,5,8,True,True,False,True,True,True,True,True,True,True,True
UHAL,U-Haul Holding Company Common Stock,69.47,77.1,13504516098.0,13538922,65.6,-9.1,3,7,False,False,False,True,True,True,True,False,True,True,True
WASH,"Washington Trust Bancorp, Inc. - Common Stock",39.56,77.0,754580139.0,6455441,56.8,-2.3,5,8,True,False,False,True,True,True,True,True,True,True,True
KEYS,Keysight Technologies Inc. Common Stock,320.12,77.0,54707025204.0,485215589,101.6,-14.6,5,7,False,False,False,True,True,True,True,False,True,True,True
FRSH,Freshworks Inc. - Class A Common Stock,12.86,76.9,3355441128.0,177339306,89.4,-7.9,1,6,False,False,False,True,False,True,False,True,True,True,True
CVI,CVR Energy Inc. Common Stock,37.89,76.9,3809104396.0,32627671,93.1,-9.1,0,7,False,False,False,True,True,False,True,True,True,True,True
OUST,"Ouster, Inc. - Common Stock",36.23,76.8,2612629825.0,181311006,120.9,-43.2,5,6,False,False,False,True,True,True,True,False,True,False,True
FSM,Fortuna Mining Corp. Common Shares,12.45,76.8,3791739468.0,50362728,70.1,-10.1,5,7,False,False,False,True,True,True,False,True,True,True,True
HCC,"Warrior Met Coal, Inc. Common Stock",105.29,76.8,5559531740.0,60090435,92.6,-5.3,5,7,False,False,False,True,True,True,False,True,True,True,True
ARW,"Arrow Electronics, Inc. Common Stock",202.56,76.7,10311402483.0,127685541,99.0,-14.7,5,7,False,False,False,True,True,True,True,False,True,True,True
BIO,"Bio-Rad Laboratories, Inc. Class A Common Stock",390.34,76.7,10436979230.0,96866639,64.9,-0.1,5,6,False,True,False,True,False,True,False,True,True,True,True
CF,"CF Industries Holdings, Inc. Common Stock",127.26,76.6,19259290424.0,296124295,68.7,-10.4,5,8,True,False,False,True,True,True,True,True,True,True,True
COMP,"Compass, Inc. Class A Common Stock",11.8,76.6,8938761925.0,154796477,85.2,-15.4,2,6,False,False,False,True,False,True,False,True,True,True,True
EXK,Endeavour Silver Corporation Ordinary Shares (Canada),11.09,76.6,3283403014.0,65230815,97.0,-26.8,5,6,False,False,False,True,True,True,False,True,True,False,True
XENE,Xenon Pharmaceuticals Inc. - Common Shares,60.42,76.5,5851098901.0,75642722,69.7,-16.8,5,7,False,False,False,True,True,True,True,False,True,True,True
AMG,"Affiliated Managers Group, Inc. Common Stock",365.28,76.5,9446116326.0,100256191,63.5,-7.0,5,8,True,False,False,True,True,True,True,True,True,True,True
ACAD,ACADIA Pharmaceuticals Inc. - Common Stock,30.57,76.4,5267379685.0,46286030,55.3,-1.3,2,6,False,False,False,True,False,True,False,True,True,True,True
TTMI,"TTM Technologies, Inc. - Common Stock",112.3,76.4,11830677427.0,450925165,163.1,-49.8,5,5,False,False,False,False,True,True,True,False,True,False,True
ASH,Ashland Inc. Common Stock,73.76,76.4,3377718971.0,57930353,59.3,-5.7,5,8,True,False,False,True,True,True,True,True,True,True,True
DASH,"DoorDash, Inc. - Common Stock",233.5,76.3,101175068290.0,885684456,62.9,-18.2,0,5,False,False,False,True,False,False,False,True,True,True,True
GIC,Global Industrial Company Common Stock,39.63,76.3,1510233554.0,5020856,50.1,-2.7,1,8,True,False,False,True,True,True,True,True,True,True,True
HOOD,"Robinhood Markets, Inc. - Class A Common Stock",112.09,76.2,100778131981.0,2464522788,76.5,-27.1,0,4,False,False,False,True,False,False,False,True,True,False,True
IDT,IDT Corporation Class B Common Stock,69.38,76.2,1725381109.0,13028646,51.7,-0.6,1,8,True,True,False,True,True,True,True,True,True,True,True
BELFB,Bel Fuse Inc. - Class B Common Stock,250.09,76.1,3611162051.0,78628758,92.5,-25.4,5,5,False,False,False,False,True,True,True,False,True,False,True
BNS,Bank Nova Scotia Halifax Pfd 3 Ordinary Shares,93.1,76.1,114213903216.0,228199864,62.7,-0.4,5,8,True,True,False,True,True,True,True,True,True,True,True
GLW,Corning Incorporated Common Stock,147.16,76.1,126761906790.0,2559619236,123.8,-45.9,5,5,False,False,False,False,True,True,True,False,True,False,True
LION,Lionsgate Studios Corp Common Shares,11.78,76.0,3505253030.0,42676005,100.5,-29.5,5,6,False,False,False,True,True,True,True,False,True,False,True
MD,"Pediatrix Medical Group, Inc. Common Stock",26.99,76.0,2193025784.0,21393231,71.9,-3.4,5,8,True,False,False,True,True,True,True,True,True,True,True
ICLR,ICON plc - Ordinary Shares,168.91,75.9,12932986866.0,135867903,153.7,-17.2,0,5,False,False,False,True,False,False,False,True,True,True,True
MEDP,"Medpace Holdings, Inc. - Common Stock",614.06,75.9,17139430869.0,176827461,64.6,-9.4,2,6,False,False,False,True,False,True,False,True,True,True,True
RUSHB,"Rush Enterprises, Inc. - Class B Common Stock",77.89,75.9,6061421376.0,7216229,63.3,-4.5,5,8,True,False,False,True,True,True,True,True,True,True,True
B,Barrick Mining Corporation Common Shares,48.87,75.8,80434371557.0,408152058,87.0,-10.6,5,7,False,False,False,True,True,True,False,True,True,True,True
WEX,WEX Inc. common stock,199.71,75.8,6806438533.0,117506238,59.4,-2.1,1,8,True,True,False,True,True,True,True,True,True,True,True
PCVX,"Vaxcyte, Inc. - Common Stock",61.09,75.7,9090514433.0,75559933,104.5,-6.0,5,8,True,False,False,True,True,True,True,True,True,True,True
MFG,"Mizuho Financial Group, Inc. Sponosred ADR (Japan)",10.41,75.7,129596619318.0,38808418,70.9,-5.9,5,8,True,False,False,True,True,True,True,True,True,True,True
WHD,"Cactus, Inc. Class A Common Stock",67.17,75.7,5385651440.0,48676235,102.3,-9.3,5,8,True,False,False,True,True,True,True,True,True,True,True
RIO,Rio Tinto Plc Common Stock,106.81,75.6,134157481157.0,258213835,74.0,-5.1,5,7,False,False,False,True,True,True,False,True,True,True,True
SWK,"Stanley Black & Decker, Inc. Common Stock",98.46,75.6,14869098473.0,172400843,59.1,-5.9,5,8,True,False,False,True,True,True,True,True,True,True,True
TSAT,Telesat Corporation - Class A Common Shares and Class B Variable Voting Shares,42.38,75.5,1532376379.0,11659541,113.7,-31.1,5,6,False,False,False,True,True,True,True,False,True,False,True
BSTZ,BlackRock Science and Technology Term Trust Common Shares of Beneficial Interest,30.24,75.5,670052779.0,6559783,46.2,-5.2,5,8,True,False,False,True,True,True,True,True,True,True,True
RHP,"Ryman Hospitality Properties, Inc. (REIT)",132.95,75.5,9171337047.0,98823297,58.6,-3.3,5,8,True,False,False,True,True,True,True,True,True,True,True
KALU,Kaiser Aluminum Corporation - Common Stock,153.8,75.4,2514490350.0,49479834,110.5,-23.1,5,6,False,False,False,False,True,True,True,False,True,True,True
GHM,Graham Corporation Common Stock,93.2,75.4,1093891476.0,26665789,100.1,-25.9,5,5,False,False,False,False,True,True,True,False,True,False,True
ARX,Accelerant Holdings Class A Common Shares,19.67,75.3,4272098818.0,72654712,114.3,-35.0,1,5,False,False,False,True,False,True,False,True,True,False,True
HPQ,HP Inc. Common Stock,29.52,75.3,26996709809.0,384644300,68.1,-8.3,1,6,False,False,False,True,False,True,False,True,True,True,True
ENTG,"Entegris, Inc. - Common Stock",138.87,75.2,21219336000.0,457587414,104.3,-25.7,5,6,False,False,False,True,True,True,True,False,True,False,True
SMBK,"SmartFinancial, Inc. Common Stock",50.85,75.2,869457352.0,6227391,54.0,-6.1,5,8,True,False,False,True,True,True,True,True,True,True,True
TK,Teekay Corporation Ltd. Common Stock,13.36,75.2,1159361188.0,6467246,71.3,-7.1,5,8,True,False,False,True,True,True,True,True,True,True,True
BAX,Baxter International Inc. Common Stock,26.29,75.1,13591824814.0,162507641,67.1,-12.4,1,8,True,False,False,True,True,True,True,True,True,True,True
BVN,Buenaventura Mining Company Inc.,35.94,75.1,9128288000.0,35222860,95.6,-19.5,5,7,False,False,False,True,True,True,False,True,True,True,True
AZTA,"Azenta, Inc. - Common Stock",33.21,75.0,1454876732.0,19918109,108.5,-20.4,1,6,False,False,False,True,False,True,False,True,True,True,True
SAIC,Science Applications International Corporation - Common Stock,127.28,75.0,5380993522.0,56354815,57.0,-1.9,2,8,True,False,False,True,True,True,True,True,True,True,True
JXN,Jackson Financial Inc. Class A Common Stock ,131.63,75.0,8915134573.0,76076701,46.8,-4.6,5,8,True,False,False,True,True,True,True,True,True,True,True
FISI,"Financial Institutions, Inc. - Common Stock",40.62,74.9,800472343.0,7249928,58.6,-5.5,5,8,True,False,False,True,True,True,True,True,True,True,True
PAGP,"Plains GP Holdings, L.P. - Class A Shares representing limited partner interests",27.16,74.9,5375076008.0,35730127,62.8,-1.2,5,8,True,True,False,True,True,True,True,True,True,True,True
JBHT,"J.B. Hunt Transport Services, Inc. - Common Stock",262.18,74.8,24622618707.0,278392711,101.5,-12.5,5,7,False,False,False,True,True,True,True,False,True,True,True
CDE,"Coeur Mining, Inc. Common Stock",21.59,74.8,22193116607.0,686262865,79.2,-22.3,0,6,False,False,False,True,True,False,False,True,True,True,True
JLL,Jones Lang LaSalle Incorporated Common Stock,392.79,74.8,18071365661.0,126152871,51.2,-0.3,5,6,False,False,False,True,False,True,False,True,True,True,True
BBNX,"Beta Bionics, Inc. - Common Stock",19.34,74.7,870100566.0,19575582,119.8,-40.9,0,4,False,False,False,True,False,False,False,True,True,False,True
TOST,"Toast, Inc. Class A Common Stock",36.8,74.7,21270400000.0,350728654,65.3,-19.4,0,5,False,False,False,True,False,False,False,True,True,True,True
GTX,Garrett Motion Inc. - Common Stock,26.27,74.6,4899181986.0,79196299,114.2,-27.5,5,6,False,False,False,True,True,True,True,False,True,False,True
NP,Neptune Insurance Holdings Inc. Class A Common Stock,34.43,74.6,4724935289.0,24712987,132.9,-2.0,1,8,True,False,False,True,True,True,True,True,True,True,True
AXON,"Axon Enterprise, Inc. - Common Stock",613.26,74.5,49819657123.0,542746037,80.9,-22.8,0,5,False,False,False,True,False,False,False,True,True,True,True
SPT,"Sprout Social, Inc - Class A Common Stock",10.69,74.5,647730746.0,10955100,117.3,-33.3,0,4,False,False,False,True,False,False,False,True,True,False,True
DIN,"Dine Brands Global, Inc. Common Stock",35.43,74.5,448513685.0,10329632,61.4,-10.7,5,8,True,False,False,True,True,True,True,True,True,True,True
TRST,TrustCo Bank Corp NY - Common Stock,56.91,74.4,969048683.0,7074352,65.9,-3.5,5,8,True,False,False,True,True,True,True,True,True,True,True
HMY,Harmony Gold Mining Company Limited,22.95,74.4,14567919266.0,57599518,82.4,-11.9,1,6,False,False,False,True,False,True,False,True,True,True,True
BBY,"Best Buy Co., Inc. Common Stock",85.29,74.3,17976328177.0,289255141,54.8,-6.6,3,6,False,False,False,True,False,True,False,True,True,True,True
FDX,FedEx Corporation Common Stock,333.71,74.3,78979290864.0,588034885,87.1,-3.4,5,8,True,False,False,True,True,True,True,True,True,True,True
ING,"ING Group, N.V. Common Stock",35.3,74.3,102456050386.0,96249614,49.4,-2.6,5,8,True,False,False,True,True,True,True,True,True,True,True
GEF,Greif Inc. Class A Common Stock,84.63,74.2,3907225006.0,20775143,51.8,-6.6,5,8,True,False,False,True,True,True,True,True,True,True,True
INGM,Ingram Micro Holding Corporation Common Stock,29.02,74.2,6693808454.0,33268025,54.6,-8.4,5,8,True,False,False,True,True,True,True,True,True,True,True
NTRS,Northern Trust Corporation - Common Stock,186.82,74.1,34179775093.0,196766471,54.2,-4.6,5,8,True,False,False,True,True,True,True,True,True,True,True
SEIC,SEI Investments Company - Common Stock,110.98,74.1,13319728818.0,70321537,47.8,-0.8,4,8,True,False,False,True,True,True,True,True,True,True,True
ALSN,"Allison Transmission Holdings, Inc. Common Stock",131.62,74.1,10868921362.0,136661293,73.2,-4.4,5,8,True,False,False,True,True,True,True,True,True,True,True
FRPT,"Freshpet, Inc. - Common Stock",75.4,74.0,3623578780.0,86920241,62.3,-12.3,2,7,False,False,False,True,True,True,False,True,True,True,True
CRGY,Crescent Energy Company Class A Common Stock,13.45,74.0,4443929711.0,66789011,75.1,-5.9,5,7,False,False,False,True,True,True,False,True,True,True,True
PLXS,Plexus Corp. - Common Stock,240.94,73.9,6421556733.0,83769974,82.5,-21.5,5,7,False,False,False,True,True,True,True,False,True,True,True
RVTY,"Revvity, Inc. Common Stock",124.84,73.9,13930446301.0,168540130,53.7,-0.1,3,8,True,False,False,True,True,True,True,True,True,True,True
PRLB,"Proto Labs, Inc. Common stock",77.6,73.8,1856339207.0,17895732,72.1,-16.6,5,7,False,False,False,True,True,True,True,False,True,True,True
RXO,"RXO, Inc. Common Stock",21.59,73.8,3560755104.0,46814622,107.1,-27.8,4,6,False,False,False,True,True,True,True,False,True,False,True
XHR,"Xenia Hotels & Resorts, Inc. Common Stock",19.68,73.8,1815398033.0,16129440,67.5,-10.8,5,7,False,False,False,True,True,True,True,False,True,True,True
QUIK,QuickLogic Corporation - Common Stock,11.37,73.7,208272715.0,5909339,136.9,-53.3,5,5,False,False,False,False,True,True,True,False,True,False,True
SAN,"Banco Santander, S.A. Sponsored ADR (Spain)",14.63,73.7,214904744314.0,190443354,57.1,-2.5,5,8,True,False,False,True,True,True,True,True,True,True,True
SNEX,StoneX Group Inc. - Common Stock,69.66,73.6,8402161760.0,105284742,91.1,-26.4,5,6,False,False,False,True,True,True,True,False,True,False,True
AVNT,Avient Corporation Common Stock,44.62,73.6,4092526321.0,36922728,62.4,-4.3,5,8,True,False,False,True,True,True,True,True,True,True,True
TD,Toronto Dominion Bank (The) Common Stock,119.07,73.6,196753649400.0,308550075,63.7,-5.1,5,7,False,False,False,True,True,True,True,False,True,True,True
BAP,Credicorp Ltd. Common Stock,383.3,73.5,36176742106.0,123373997,66.3,-7.2,5,7,False,False,False,True,True,True,True,False,True,True,True
UBS,UBS Group AG Registered Ordinary Shares,54.23,73.5,168299294096.0,91626458,49.4,-1.7,5,8,True,False,False,True,True,True,True,True,True,True,True
BRUN,Boost Run Inc. - Class A Common Stock,18.69,73.4,1485620272.0,47937675,82.2,-55.5,5,5,False,False,False,False,True,True,True,False,True,False,True
VRNS,"Varonis Systems, Inc. - Common Stock",40.82,73.4,4688604998.0,85978948,107.2,-36.1,0,3,False,False,False,True,False,False,False,False,True,False,True
BMY,Bristol-Myers Squibb Company Common Stock,67.92,73.4,138741179436.0,742798268,59.7,-1.0,5,8,True,False,False,True,True,True,True,True,True,True,True
CSCO,"Cisco Systems, Inc. - Common Stock",111.11,73.3,437932805628.0,2675501650,68.0,-14.8,5,7,False,False,False,True,True,True,True,False,True,True,True
CSX,CSX Corporation - Common Stock,51.51,73.3,95420982975.0,608289799,62.0,-3.9,5,8,True,False,False,True,True,True,True,True,True,True,True
BRZE,"Braze, Inc. - Class A Common Stock",30.8,73.2,3775457809.0,61725287,101.8,-17.5,1,6,False,False,False,True,False,True,False,True,True,True,True
BHVN,Biohaven Ltd. Common Shares ,14.38,73.2,2172009571.0,39873738,92.2,-22.5,0,6,False,False,False,True,True,False,True,False,True,True,True
SXT,Sensient Technologies Corporation Common Stock,136.84,73.2,5824295057.0,64604675,65.7,-1.2,4,8,True,True,False,True,True,True,True,True,True,True,True
AEM,Agnico Eagle Mines Limited Common Stock,224.11,73.1,113749495262.0,516878055,66.8,-12.2,1,7,False,False,False,True,True,True,False,True,True,True,True
LXP,LXP Industrial Trust Common Stock (Maryland REIT),61.02,73.1,3597572249.0,43041364,39.8,-1.0,5,8,True,False,False,True,True,True,True,True,True,True,True
RBCAA,"Republic Bancorp, Inc. - Class A Common Stock",94.44,73.0,1854249220.0,10848547,47.6,-7.6,5,8,True,False,False,True,True,True,True,True,True,True,True
RHLD,Resolute Holdings Management Common Stock ,144.64,73.0,1131026221.0,22027101,153.8,-38.8,5,4,False,False,False,False,False,True,False,True,True,False,True
AGYS,"Agilysys, Inc. - Common Stock",114.5,72.9,3229562726.0,34840378,86.2,-21.2,0,5,False,False,False,True,False,False,False,True,True,True,True
DBX,"Dropbox, Inc. - Class A Common Stock",34.78,72.9,7850168932.0,122212264,60.3,-4.2,1,6,False,False,False,True,False,True,False,True,True,True,True
TMP,Tompkins Financial Corporation Common Stock,97.7,72.9,1405209819.0,9812829,57.9,-4.8,5,8,True,False,False,True,True,True,True,True,True,True,True
VTRS,Viatris Inc. - Common Stock,16.72,72.8,19204439246.0,167064356,77.3,-9.1,5,8,True,False,False,True,True,True,True,True,True,True,True
PKE,Park Aerospace Corp. Common Stock,32.52,72.8,707349382.0,11654825,78.8,-18.4,5,7,False,False,False,True,True,True,True,False,True,True,True
HG,"Hamilton Insurance Group, Ltd. Class B Common Shares",35.04,72.7,2915704224.0,15807601,54.6,-6.1,5,8,True,False,False,True,True,True,True,True,True,True,True
JNJ,Johnson & Johnson Common Stock,273.14,72.7,658239702785.0,2037344320,57.6,-1.2,5,8,True,False,False,True,True,True,True,True,True,True,True
KFY,Korn Ferry Common Stock,84.4,72.7,4334457625.0,39816924,43.2,-2.1,2,8,True,False,False,True,True,True,True,True,True,True,True
HURN,Huron Consulting Group Inc. - Common Stock,159.2,72.6,2532883462.0,42230410,87.6,-14.8,0,5,False,False,False,True,False,False,False,True,True,True,True
TRIN,Trinity Capital Inc. Common Stock,18.7,72.6,1770769834.0,18603383,32.3,-0.2,5,8,True,False,False,True,True,True,True,True,True,True,True
PNTG,"The Pennant Group, Inc. - Common Stock",38.25,72.5,1336037081.0,11575685,71.9,-10.4,5,7,False,False,False,True,True,True,True,False,True,True,True
SLAB,"Silicon Laboratories, Inc. - Common Stock",218.37,72.5,7286299600.0,83327837,89.0,-1.1,5,8,True,False,False,True,True,True,True,True,True,True,True
TSM,Taiwan Semiconductor Manufacturing Company Ltd.,417.41,72.5,2164899011979.0,5748075416,85.0,-12.9,5,7,False,False,False,True,True,True,True,False,True,True,True
DLTR,"Dollar Tree, Inc. - Common Stock",134.48,72.4,25843638594.0,355765379,58.8,-5.6,2,6,False,False,False,True,False,True,False,True,True,True,True
WAB,Westinghouse Air Brake Technologies Corporation Common Stock,296.94,72.4,50156388096.0,275029276,61.2,-3.2,5,8,True,False,False,True,True,True,True,True,True,True,True
CNQ,Canadian Natural Resources Limited Common Stock,49.59,72.3,102593775600.0,359629468,67.1,-3.7,5,8,True,False,False,True,True,True,True,True,True,True,True
LLY,Eli Lilly and Company Common Stock,1233.66,72.3,1161314556808.0,3340328838,77.7,-4.6,5,8,True,False,False,True,True,True,True,True,True,True,True
BPOP,"Popular, Inc. - Common Stock",169.55,72.2,10813644845.0,86112262,55.9,-5.4,5,7,False,False,False,True,True,True,True,False,True,True,True
OSBC,"Old Second Bancorp, Inc. - Common Stock",25.19,72.2,1281559286.0,10536055,51.3,-3.3,5,8,True,False,False,True,True,True,True,True,True,True,True
POWL,"Powell Industries, Inc. - Common Stock",190.19,72.2,6929109347.0,186673615,126.8,-42.0,5,5,False,False,False,False,True,True,True,False,True,False,True
BBIO,"BridgeBio Pharma, Inc. - Common Stock",80.4,72.1,15717192910.0,264202444,71.8,-13.9,5,8,True,False,False,True,True,True,True,True,True,True,True
ROST,"Ross Stores, Inc. - Common Stock",241.19,72.1,77369187720.0,663091761,68.2,-6.2,5,8,True,False,False,True,True,True,True,True,True,True,True
CAC,Camden National Corporation - Common Stock,56.36,72.0,952317682.0,5861429,61.0,-7.0,5,8,True,False,False,True,True,True,True,True,True,True,True
CART,Maplebear Inc. - Common Stock,51.51,72.0,11924568451.0,207282017,57.4,-1.0,2,6,False,True,False,True,False,True,False,True,True,True,True
COP,ConocoPhillips Common Stock,131.84,72.0,158384333231.0,842925612,54.1,-3.0,5,7,False,False,False,True,True,True,False,True,True,True,True
CVLG,"Covenant Logistics Group, Inc. Class A Common Stock",35.07,71.9,889998674.0,8232403,94.8,-29.7,5,6,False,False,False,True,True,True,True,False,True,False,True
OBK,"Origin Bancorp, Inc. Common Stock",52.9,71.9,1631947966.0,9188846,64.7,-4.8,5,8,True,False,False,True,True,True,True,True,True,True,True
NDSN,Nordson Corporation - Common Stock,333.58,71.8,18580194510.0,125326538,51.6,-1.5,5,8,True,False,False,True,True,True,True,True,True,True,True
SRCE,1st Source Corporation - Common Stock,86.06,71.8,2072481946.0,11966916,51.3,-5.9,5,8,True,False,False,True,True,True,True,True,True,True,True
NEU,NewMarket Corp Common Stock,930.72,71.8,8559278992.0,101089893,60.5,-5.2,1,6,False,False,False,True,False,True,False,True,True,True,True
CHRD,Chord Energy Corporation - Common Stock,140.76,71.7,7699272463.0,108227887,67.1,-8.0,5,8,True,False,False,True,True,True,True,True,True,True,True
ECHO,EchoStar Corporation - Common stock,86.52,71.7,25133256056.0,675487592,194.9,-41.2,5,4,False,False,False,False,True,True,False,False,True,False,True
BEAM,Beam Therapeutics Inc. - Common Stock,31.03,71.6,3205016245.0,68695652,93.7,-18.9,5,8,True,False,False,True,True,True,True,True,True,True,True
UNIT,Uniti Group Inc. - Common Stock,10.1,71.6,2451523864.0,25740602,90.6,-21.9,5,7,False,False,False,True,True,True,True,False,True,True,True
DGX,Quest Diagnostics Incorporated Common Stock,244.51,71.6,26987390254.0,213689858,42.8,-0.6,5,8,True,False,False,True,True,True,True,True,True,True,True
PSMT,"PriceSmart, Inc. - Common Stock",177.21,71.5,5468793458.0,56131499,68.0,-11.3,5,7,False,False,False,True,True,True,True,False,True,True,True
RRBI,"Red River Bancshares, Inc. - Common Stock",100.75,71.5,663348680.0,8292189,63.6,-3.4,5,8,True,False,False,True,True,True,True,True,True,True,True
THFF,First Financial Corporation  - Common Stock,79.24,71.4,942313839.0,8889504,54.7,-5.9,5,8,True,False,False,True,True,True,True,True,True,True,True
MUFG,"Mitsubishi UFJ Financial Group, Inc. Common Stock",22.23,71.4,263819213752.0,69085633,52.1,-4.4,5,8,True,False,False,True,True,True,True,True,True,True,True
SCHL,Scholastic Corporation - Common Stock,40.99,71.3,777365676.0,15703263,80.7,-14.7,5,7,False,False,False,True,True,True,True,False,True,True,True
WDAY,"Workday, Inc. - Class A Common Stock",194.42,71.3,48021740000.0,748023519,76.2,-22.2,0,5,False,False,False,True,False,False,False,True,True,True,True
ACA,"Arcosa, Inc. Common Stock ",145.25,71.3,7132764007.0,125068478,63.1,-1.1,5,8,True,False,False,True,True,True,True,True,True,True,True
TRMD,TORM plc - Class A Common Stock,31.47,71.2,3188940289.0,19468700,63.1,-10.9,5,8,True,False,False,True,True,True,True,True,True,True,True
LAD,"Lithia Motors, Inc. Common Stock",371.89,71.2,8175301009.0,109153843,55.1,-15.4,1,6,False,False,False,True,False,True,False,True,True,True,True
CASY,"Caseys General Stores, Inc. - Common Stock",824.92,71.1,30526093657.0,340245290,68.4,-11.1,5,7,False,False,False,True,True,True,True,False,True,True,True
SHOP,Shopify Inc. - Class A Subordinate Voting Shares,153.88,71.1,199399400527.0,1203104761,63.7,-15.5,0,5,False,False,False,True,False,False,False,True,True,True,True
BMO,Bank Of Montreal Common Stock,173.46,71.1,122275408109.0,143439283,52.7,-7.3,5,7,False,False,False,True,True,True,True,False,True,True,True
REPX,"Riley Exploration Permian, Inc. Common Stock",37.36,71.0,827665408.0,7512624,55.1,-10.0,5,8,True,False,False,True,True,True,True,True,True,True,True
XYZ,"Block, Inc. Class A Common Stock,",82.72,71.0,49697762400.0,416403278,71.6,-4.6,2,8,True,False,False,True,True,True,True,True,True,True,True
MEOH,Methanex Corporation - Common Stock,57.08,70.9,4415952132.0,49470046,78.4,-14.5,5,7,False,False,False,True,True,True,False,True,True,True,True
CNO,"CNO Financial Group, Inc. Common Stock",54.19,70.9,5013733094.0,41238889,41.8,-5.9,5,8,True,False,False,True,True,True,True,True,True,True,True
WST,"West Pharmaceutical Services, Inc. Common Stock",348.48,70.9,24524545542.0,257763371,55.7,-9.7,5,7,False,False,False,True,True,True,True,False,True,True,True
CNXN,"PC Connection, Inc. - Common Stock",79.38,70.8,2003400299.0,12854655,44.4,-10.1,4,8,True,False,False,True,True,True,True,True,True,True,True
GRMN,Garmin Ltd. Common Stock (Switzerland),288.45,70.8,55628314009.0,263726611,54.5,-8.2,5,8,True,False,False,True,True,True,True,True,True,True,True
FCFS,"FirstCash Holdings, Inc. - Common Stock",229.51,70.7,9954261818.0,100988417,58.9,-3.9,5,8,True,True,False,True,True,True,True,True,True,True,True
TMO,Thermo Fisher Scientific Inc Common Stock,628.15,70.7,232256757701.0,1145337284,44.3,-2.9,2,6,False,True,False,True,False,True,False,True,True,True,True
NVCR,NovoCure Limited - Ordinary Shares,17.62,70.6,2051775701.0,28827642,79.4,-17.9,4,8,True,False,False,True,True,True,True,True,True,True,True
WRLD,World Acceptance Corporation - Common Stock,193.45,70.6,902092171.0,22272218,75.9,-15.0,3,8,True,False,False,True,True,True,True,True,True,True,True
BH,Biglari Holdings Inc. Class B Common Stock,379.7,70.6,883391035.0,53161488,61.6,-21.5,3,7,False,False,False,True,True,True,True,False,True,True,True
SRZN,"Surrozen, Inc. - Common Stock",23.36,70.5,274563115.0,5142945,117.7,-33.3,5,5,False,False,False,False,True,True,False,True,True,False,True
VRTX,Vertex Pharmaceuticals Incorporated - Common Stock,552.85,70.5,140125871833.0,789821195,47.8,-0.5,3,8,True,True,False,True,True,True,True,True,True,True,True
ADV,Advantage Solutions Inc.  - Class A Common Stock,33.69,70.4,431980929.0,5576535,175.6,-34.3,0,5,False,False,False,True,True,False,True,False,True,False,True
SHBI,"Shore Bancshares, Inc. - Common Stock",23.1,70.4,770899576.0,5227607,54.7,-7.2,5,7,False,False,False,True,True,True,True,False,True,True,True
PSTL,"Postal Realty Trust, Inc. Class A Common Stock",23.4,70.4,707823628.0,7829205,64.2,-7.2,5,8,True,False,False,True,True,True,True,True,True,True,True
DCOM,"Dime Commercial Bancshares, Inc. Common Stock",40.39,70.3,1783484872.0,13469642,57.6,-3.8,5,8,True,False,False,True,True,True,True,True,True,True,True
GFF,Griffon Corporation Common Stock,101.38,70.3,4591978308.0,34462345,55.9,-6.6,5,8,True,False,False,True,True,True,True,True,True,True,True
CROX,"Crocs, Inc. - Common Stock",122.89,70.2,5891970267.0,136540263,67.9,-13.0,3,7,False,False,False,True,True,True,True,False,True,True,True
CYTK,"Cytokinetics, Incorporated - Common Stock",77.46,70.2,10768753958.0,168916050,119.9,-12.3,5,7,False,False,False,True,True,True,True,False,True,True,True
PRSU,"Pursuit Attractions and Hospitality, Inc. Common Stock",48.93,70.2,1334035104.0,14197066,52.8,-13.4,5,7,False,False,False,True,True,True,True,False,True,True,True
HIMS,"Hims & Hers Health, Inc. Class A Common Stock",31.75,70.1,7407700863.0,498177443,131.1,-51.4,0,3,False,False,False,True,False,False,False,False,True,False,True
SNDR,"Schneider National, Inc. Common Stock",34.71,70.1,6084694204.0,31806019,72.6,-11.6,5,7,False,False,False,True,True,True,True,False,True,True,True
GLUE,"Monte Rosa Therapeutics, Inc. - Common Stock",14.56,70.0,1242163119.0,30185927,220.7,-43.5,5,5,False,False,False,False,True,True,True,False,True,False,True
CM,Canadian Imperial Bank of Commerce Common Stock,118.33,70.0,108249169227.0,156182903,63.0,-5.2,5,8,True,False,False,True,True,True,True,True,True,True,True
RY,Royal Bank Of Canada Common Stock,207.09,70.0,287808978365.0,329357372,52.2,-5.3,5,7,False,False,False,True,True,True,True,False,True,True,True
AGM,Federal Agricultural Mortgage Corporation Common Stock,219.11,69.9,2378046843.0,25674797,60.4,-11.8,2,7,False,False,False,True,True,True,True,True,True,True,False
ESTC,Elastic N.V. Ordinary Shares,80.4,69.9,8357711293.0,137389797,91.2,-16.3,0,4,False,False,False,True,False,False,False,True,True,True,False
SLP,"Simulations Plus, Inc. - Common Stock",18.39,69.8,371934771.0,8701167,65.8,-12.5,4,5,False,False,False,True,False,True,False,True,True,True,False
SWBI,"Smith & Wesson Brands, Inc. - Common Stock",13.51,69.8,605784077.0,10592889,68.7,-23.1,5,5,False,False,False,False,True,True,True,False,True,True,False
CTBI,"Community Trust Bancorp, Inc. - Common Stock",76.37,69.7,1387486647.0,9476337,52.0,-4.4,5,7,False,False,False,True,True,True,True,True,True,True,False
EXEL,"Exelixis, Inc. - Common Stock",56.72,69.7,14054177570.0,145242965,68.0,-1.5,5,7,False,False,False,True,True,True,True,True,True,True,False
SXI,Standex International Corporation Common Stock,304.73,69.7,3693164569.0,56620781,54.7,-16.3,5,6,False,False,False,True,True,True,True,False,True,True,False
LSCC,Lattice Semiconductor Corporation - Common Stock,116.1,69.6,16489714579.0,248961243,91.9,-26.1,5,4,False,False,False,False,True,True,True,False,True,False,False
STLD,"Steel Dynamics, Inc. - Common Stock",231.08,69.6,33120254575.0,323085187,82.1,-20.0,5,6,False,False,False,True,True,True,True,False,True,True,False
AMR,"Alpha Metallurgical Resources, Inc. Common Stock",215.63,69.5,2733982473.0,48654330,61.4,-15.0,0,4,False,False,False,True,False,False,False,True,True,True,False
FBP,First BanCorp. New Common Stock,28.0,69.5,4274711504.0,41026240,46.1,-6.3,5,7,False,False,False,True,True,True,True,True,True,True,False
MS,Morgan Stanley Common Stock,216.77,69.5,340451655117.0,1205761941,48.8,-6.7,5,7,False,False,False,True,True,True,True,True,True,True,False
BHE,"Benchmark Electronics, Inc. Common Stock",71.86,69.4,2581206385.0,39746327,100.1,-28.4,5,4,False,False,False,False,True,True,True,False,True,False,False
MUSA,Murphy USA Inc. Common Stock,544.31,69.4,10004606676.0,171207084,55.6,-14.4,5,6,False,False,False,True,True,True,True,False,True,True,False
ITIC,Investors Title Company - Common Stock,303.48,69.3,572969026.0,16856403,44.7,0.0,5,5,False,True,False,True,False,True,False,True,True,True,False
TFSL,TFS Financial Corporation - Common Stock,17.79,69.3,4989076611.0,16390492,41.9,-8.7,5,7,False,False,False,True,True,True,True,True,True,True,False
DV,"DoubleVerify Holdings, Inc. Common Stock",13.32,69.3,2064424802.0,47329739,74.3,-19.0,1,5,False,False,False,True,False,True,False,True,True,True,False
SU,Suncor Energy  Inc. Common Stock,65.36,69.2,76446991440.0,275290425,73.0,-7.0,5,7,False,False,False,True,True,True,True,True,True,True,False
ZGN,Ermenegildo Zegna N.V. Ordinary Shares,13.65,69.2,3662459483.0,16051488,67.1,-14.4,5,6,False,False,False,True,True,True,True,False,True,True,False
LH,Labcorp Holdings Inc. Common Stock,337.68,69.1,27385848000.0,205090496,38.1,-0.6,2,7,False,True,False,True,True,True,True,True,True,True,False
SFL,SFL Corporation Ltd,12.22,69.1,1625171820.0,16788472,81.6,-5.6,5,7,False,False,False,True,True,True,True,True,True,True,False
DLO,DLocal Limited - Class A Common Shares,15.53,69.0,4580293277.0,38341494,46.0,-7.4,2,5,False,False,False,True,False,True,False,True,True,True,False
TPC,Tutor Perini Corporation Common Stock,87.33,69.0,4590860988.0,66592653,54.2,-14.6,5,7,False,False,False,True,True,True,True,True,True,True,False
VIK,Viking Holdings Ltd Ordinary Shares,92.23,69.0,41114846377.0,279179748,63.6,-16.2,5,6,False,False,False,True,True,True,True,False,True,True,False
IART,Integra LifeSciences Holdings Corporation - Common Stock,16.79,68.9,1305800376.0,16233971,93.0,-18.1,4,6,False,False,False,True,True,True,True,False,True,True,False
KB,KB Financial Group Inc,120.75,68.9,43299467432.0,33715226,58.2,-3.9,5,7,False,False,False,True,True,True,True,True,True,True,False
BIIB,Biogen Inc. - Common Stock,220.77,68.8,32619650138.0,246173756,67.9,-0.9,5,7,False,True,False,True,True,True,True,True,True,True,False
TTAN,"ServiceTitan, Inc. - Class A Common Stock",91.87,68.8,8764175583.0,116217066,69.6,-23.4,0,4,False,False,False,True,False,False,False,True,True,True,False
MAC,Macerich Company (The) Common Stock,24.26,68.8,6879150438.0,93630849,51.3,-9.1,5,6,False,False,False,True,True,True,True,False,True,True,False
PEBO,Peoples Bancorp Inc. - Common Stock,39.56,68.7,1421877981.0,11903169,43.9,-6.5,5,7,False,False,False,True,True,True,True,True,True,True,False
TRV,"The Travelers Companies, Inc. Common Stock",369.66,68.7,77101842633.0,728611652,46.5,-7.3,5,7,False,False,False,True,True,True,True,True,True,True,False
ASC,Ardmore Shipping Corporation Common Stock,17.99,68.6,734039026.0,10240710,74.5,-10.2,5,7,False,False,False,True,True,True,True,True,True,True,False
KGC,Kinross Gold Corporation Common Stock,33.48,68.6,39978468000.0,218212918,70.6,-14.4,5,6,False,False,False,True,True,True,False,True,True,True,False
SW,Smurfit WestRock plc Ordinary Shares,49.43,68.6,25927167342.0,252093293,51.0,-6.1,2,7,False,False,False,True,True,True,True,True,True,True,False
DXCM,"DexCom, Inc. - Common Stock",89.16,68.5,33645485807.0,398053645,64.8,-3.7,2,7,False,False,False,True,True,True,True,True,True,True,False
CPAY,"Corpay, Inc. Common Stock",412.37,68.5,27076048840.0,232087955,63.1,-3.2,3,7,False,False,False,True,True,True,True,True,True,True,False
ZYME,Zymeworks Inc. - Common Stock,27.47,68.4,1949250350.0,14651660,102.0,-9.9,5,6,False,True,False,True,True,True,False,True,True,True,False
A,"Agilent Technologies, Inc. Common Stock",154.77,68.4,43711991973.0,295409585,42.8,-3.6,3,5,False,False,False,True,False,True,False,True,True,True,False
YPF,YPF Sociedad Anonima Common Stock,50.01,68.4,19669572778.0,66945313,119.1,-13.0,5,7,False,False,False,True,True,True,True,True,True,True,False
ADUR,Aduro Clean Technologies Inc. - Common Stock,15.43,68.3,544883123.0,7479380,71.4,-15.2,5,7,False,False,False,True,True,True,True,True,True,True,False
RGLD,"Royal Gold, Inc. - Common Stock",267.76,68.3,22686730990.0,161577350,58.6,-12.6,5,6,False,False,False,True,True,True,False,True,True,True,False
CALY,Callaway Golf Company Common Stock,15.47,68.2,2761557760.0,37582158,84.4,-23.7,5,5,False,False,False,False,True,True,True,False,True,True,False
HIW,"Highwoods Properties, Inc. Common Stock",31.91,68.2,3519871193.0,53294793,56.0,-10.0,3,7,False,False,False,True,True,True,True,True,True,True,False
ACLS,"Axcelis Technologies, Inc. - Common Stock",125.4,68.1,3872538721.0,75767727,70.4,-35.3,5,5,False,False,False,True,True,True,True,False,True,False,False
FNV,Franco-Nevada Corporation,271.77,68.1,52417315344.0,178444639,49.7,-4.9,1,6,False,False,False,True,True,True,False,True,True,True,False
KGS,"Kodiak Gas Services, Inc. Common Stock",58.93,68.1,5958060547.0,123291940,81.0,-24.1,5,5,False,False,False,False,True,True,True,False,True,True,False
RUSHA,"Rush Enterprises, Inc. - Class A Common Stock",77.11,68.0,6000721559.0,39394675,68.8,-7.8,5,7,False,False,False,True,True,True,True,True,True,True,False
MSM,"MSC Industrial Direct Company, Inc. Common Stock",118.33,68.0,6608292442.0,91793762,50.2,-9.3,5,6,False,False,False,True,True,True,True,False,True,True,False
E,ENI S.p.A. Common Stock,54.05,67.9,85041327206.0,22662845,58.8,-6.8,5,7,False,False,False,True,True,True,True,True,True,True,False
S,"SentinelOne, Inc. Class A Common Stock",20.31,67.9,6962343614.0,128477776,72.0,-15.2,1,7,False,False,False,True,True,True,True,True,True,True,False
TKR,Timken Company (The) Common Stock,122.33,67.9,8477082315.0,128984159,73.3,-16.4,5,6,False,False,False,True,True,True,True,False,True,True,False
ZVRA,"Zevra Therapeutics, Inc.  - Common Stock",12.04,67.8,714980723.0,16601935,68.2,-19.9,3,6,False,False,False,True,True,True,True,False,True,True,False
EE,"Excelerate Energy, Inc. Class A Common Stock",39.65,67.8,4496393463.0,13490864,73.4,-8.2,5,7,False,False,False,True,True,True,True,True,True,True,False
SCL,Stepan Company Common Stock,62.04,67.7,1410326782.0,8732053,48.4,-8.8,3,7,False,False,False,True,True,True,True,True,True,True,False
UNP,Union Pacific Corporation Common Stock,309.59,67.7,183919833426.0,819107456,46.8,-2.0,5,7,False,False,False,True,True,True,True,True,True,True,False
VEEV,Veeva Systems Inc. Class A Common Stock,246.78,67.7,40274174692.0,389559567,66.7,-20.5,0,4,False,False,False,True,False,False,False,True,True,True,False
BWMN,Bowman Consulting Group Ltd. - Common Stock,42.53,67.6,737279325.0,11464468,69.6,-7.2,0,4,False,False,False,True,False,False,False,True,True,True,False
MFC,Manulife Financial Corporation Common Stock,43.17,67.6,72046003489.0,95127460,45.0,-4.8,5,7,False,False,False,True,True,True,True,True,True,True,False
REGN,"Regeneron Pharmaceuticals, Inc. - Common Stock",833.56,67.5,85819159797.0,599659637,54.1,-1.6,5,5,False,False,False,True,False,True,False,True,True,True,False
VET,Vermilion Energy Inc. Common (Canada),12.2,67.5,1869040000.0,15543201,71.8,-17.7,5,6,False,False,False,True,True,True,False,True,True,True,False
BY,"Byline Bancorp, Inc. Common Stock",38.11,67.4,1722054466.0,11597217,49.0,-4.8,5,7,False,False,False,True,True,True,True,True,True,True,False
IOT,Samsara Inc. Class A Common Stock,39.14,67.4,22807272609.0,196122059,67.4,-17.5,1,5,False,False,False,True,False,True,False,True,True,True,False
NVT,nVent Electric plc Ordinary Shares ,151.48,67.4,24518240600.0,344374292,73.8,-18.0,5,6,False,False,False,True,True,True,True,False,True,True,False
MTCH,"Match Group, Inc. - Common Stock",42.18,67.3,9682460547.0,129361923,46.4,-0.7,2,7,False,True,False,True,True,True,True,True,True,True,False
CSTM,Constellium SE Ordinary Shares (France),27.08,67.3,3670090874.0,51801554,99.4,-26.8,5,4,False,False,False,False,True,True,True,False,True,False,False
NTCT,"NetScout Systems, Inc. - Common Stock",38.06,67.2,2767240295.0,25374870,64.5,-15.9,5,6,False,False,False,True,True,True,True,False,True,True,False
THG,Hanover Insurance Group Inc,227.12,67.2,7908368594.0,72149351,36.4,-3.8,5,7,False,False,False,True,True,True,True,True,True,True,False
WTS,"Watts Water Technologies, Inc. Class A Common Stock",371.54,67.2,12403138397.0,118011981,42.9,-5.8,5,7,False,False,False,True,True,True,True,True,True,True,False
SLF,Sun Life Financial Inc. Common Stock,79.98,67.1,44538047024.0,60965864,39.8,-5.2,5,6,False,False,False,True,True,True,True,False,True,True,False
UNFI,"United Natural Foods, Inc. Common Stock",47.6,67.1,2880711064.0,27762952,76.6,-16.5,5,6,False,False,False,True,True,True,True,False,True,True,False
BELFA,Bel Fuse Inc. - Class A Common Stock,207.45,67.0,2995463903.0,46552369,87.4,-29.3,5,4,False,False,False,False,True,True,True,False,True,False,False
FFIV,"F5, Inc. - Common Stock",382.75,67.0,21674053911.0,258783044,71.1,-12.0,5,6,False,False,False,True,True,True,True,False,True,True,False
MOH,Molina Healthcare Inc Common Stock,199.63,67.0,10420686000.0,245014608,64.9,-18.5,3,6,False,False,False,True,True,True,True,False,True,True,False
PAYX,"Paychex, Inc. - Common Stock",124.99,66.9,44456800671.0,359461904,46.3,-11.1,1,5,False,False,False,True,False,True,False,True,True,True,False
KNX,Knight-Swift Transportation Holdings Inc.,68.5,66.9,11148786000.0,283434691,77.3,-17.3,5,6,False,False,False,True,True,True,True,False,True,True,False
SHOO,"Steven Madden, Ltd. - Common Stock",45.5,66.8,3329557823.0,48336479,63.9,-8.5,5,5,False,False,False,True,False,True,False,True,True,True,False
CAT,"Caterpillar, Inc. Common Stock",811.29,66.8,372929640697.0,3040146582,97.6,-24.4,5,5,False,False,False,False,True,True,True,False,True,True,False
VRT,"Vertiv Holdings, LLC Class A Common Stock",255.75,66.8,98460725245.0,1743656268,115.5,-32.7,5,4,False,False,False,False,True,True,True,False,True,False,False
FRNM,"Freenome, Inc. - Common stock",13.99,66.7,1503180928.0,6504820,40.6,-3.3,5,5,False,False,False,True,False,True,False,True,True,True,False
DBRG,"DigitalBridge Group, Inc.",15.97,66.7,2994299638.0,54044840,78.6,-0.1,5,7,False,True,False,True,True,True,True,True,True,True,False
SPSC,"SPS Commerce, Inc. - Common Stock",80.56,66.6,2900174017.0,43881233,64.3,-30.6,0,3,False,False,False,True,False,False,False,True,True,False,False
GPC,Genuine Parts Company Common Stock,137.95,66.6,19017753616.0,215759773,52.0,-9.0,1,5,False,False,False,True,False,True,False,True,True,True,False
HST,"Host Hotels & Resorts, Inc. - Common Stock",23.0,66.5,15757861177.0,238135337,47.3,-10.5,5,6,False,False,False,True,True,True,True,False,True,True,False
RBB,RBB Bancorp - Common Stock,26.5,66.5,448273046.0,5432392,58.3,-6.2,5,6,False,False,False,True,True,True,True,False,True,True,False
KSS,Kohl's Corporation Common Stock,17.68,66.5,2004911876.0,72996872,55.4,-29.9,5,3,False,False,False,True,False,True,False,False,True,False,False
EGBN,"Eagle Bancorp, Inc. - Common Stock",27.68,66.4,843796373.0,8574704,84.2,-5.5,5,6,False,False,False,True,True,True,True,False,True,True,False
CAH,"Cardinal Health, Inc. Common Stock",237.92,66.4,55334417206.0,514299967,63.1,-7.9,5,7,False,False,False,True,True,True,True,True,True,True,False
WSFS,WSFS Financial Corporation - Common Stock,78.58,66.3,4014699741.0,36097521,57.4,-5.3,5,6,False,False,False,True,True,True,True,False,True,True,False
CFR,"Cullen/Frost Bankers, Inc. Common Stock",163.38,66.3,10153868493.0,96948389,37.3,-4.3,5,7,False,False,False,True,True,True,True,True,True,True,False
UNH,UnitedHealth Group Incorporated Common Stock (DE),396.59,66.3,355977140372.0,2231860965,54.9,-14.1,4,6,False,False,False,True,True,True,True,False,True,True,False
DAL,"Delta Air Lines, Inc. Common Stock",83.62,66.2,54990437769.0,584983549,52.0,-12.6,5,6,False,False,False,True,True,True,True,False,True,True,False
FHI,"Federated Hermes, Inc. Common Stock",65.39,66.2,4882035775.0,35229665,40.1,-2.7,5,7,False,False,False,True,True,True,True,True,True,True,False
HOPE,"Hope Bancorp, Inc. - Common Stock",13.87,66.1,1771779265.0,15532212,41.5,-4.9,5,7,False,False,False,True,True,True,True,True,True,True,False
IPAR,"Interparfums, Inc. - Common Stock",116.56,66.1,3732925033.0,35228007,51.0,-9.8,2,7,False,False,False,True,True,True,True,True,True,True,False
RIOT,"Riot Platforms, Inc. - Common Stock",21.3,66.1,7993015316.0,426511042,85.2,-29.7,0,4,False,False,False,True,True,False,True,False,True,False,False
MTSI,"MACOM Technology Solutions Holdings, Inc. - Common Stock",266.27,66.0,20335287797.0,510799259,118.3,-36.4,5,4,False,False,False,False,True,True,True,False,True,False,False
BOX,"Box, Inc. Class A Common Stock",33.0,66.0,4568844225.0,80437007,54.6,-2.6,0,4,False,False,False,True,False,False,False,True,True,True,False
BAC,Bank of America Corporation Common Stock,62.43,65.9,436557280427.0,1959201434,35.4,-4.3,5,7,False,False,False,True,True,True,True,True,True,True,False
LNG,"Cheniere Energy, Inc. Common Stock",278.8,65.9,57581723250.0,484106077,49.7,-7.3,5,7,False,False,False,True,True,True,True,True,True,True,False
ALL,Allstate Corporation (The) Common Stock,257.62,65.8,65141265079.0,451817061,37.0,-7.1,5,7,False,False,False,True,True,True,True,True,True,True,False
CDP,COPT Defense Properties Common Shares of Beneficial Interest,37.55,65.8,4258562698.0,35433393,38.8,-3.5,5,7,False,False,False,True,True,True,True,True,True,True,False
WAT,Waters Corporation Common Stock,414.44,65.8,40717947123.0,341721476,46.6,-1.7,4,5,False,False,False,True,False,True,False,True,True,True,False
ACT,"Enact Holdings, Inc. - Common Stock",49.57,65.7,6815065571.0,16908757,43.1,-2.0,5,7,False,False,False,True,True,True,True,True,True,True,False
VNO,Vornado Realty Trust Common Stock,39.94,65.7,7457618008.0,62778153,62.6,-7.9,1,5,False,False,False,True,False,True,False,True,True,True,False
SIBN,"SI-BONE, Inc. - Common Stock",19.54,65.6,875754956.0,10230213,70.2,-10.7,2,5,False,False,False,True,False,True,False,True,True,True,False
WSBC,"WesBanco, Inc. - Common Stock",40.51,65.6,3885147563.0,54371898,37.0,-5.8,5,7,False,False,False,True,True,True,True,True,True,True,False
ABBV,AbbVie Inc. Common Stock,265.79,65.6,469682103180.0,1737840513,39.3,-0.6,5,7,False,False,False,True,True,True,True,True,True,True,False
GSBC,"Great Southern Bancorp, Inc. - Common Stock",78.67,65.5,857306876.0,8354506,46.3,-5.1,5,7,False,False,False,True,True,True,True,True,True,True,False
HTO,H2O America  - Common Stock,63.89,65.5,2674231208.0,28248404,46.0,-4.8,5,7,False,False,False,True,True,True,True,True,True,True,False
BDX,"Becton, Dickinson and Company Common Stock",189.78,65.4,51693566904.0,357214856,48.7,-1.7,2,7,False,False,False,True,True,True,True,True,True,True,False
BSAC,Banco Santander - Chile ADS,36.15,65.4,17030818710.0,10582157,55.1,-4.2,5,7,False,False,False,True,True,True,True,True,True,True,False
NIC,Nicolet Bankshares Inc. Common Stock,171.12,65.4,3586249625.0,46655522,49.9,-4.9,5,7,False,False,False,True,True,True,True,True,True,True,False
CNS,Cohen & Steers Inc Common Stock,83.01,65.3,4268501454.0,23153558,42.2,-4.1,3,7,False,False,False,True,True,True,True,True,True,True,False
NE,Noble Corporation plc A Ordinary Shares,45.86,65.3,7321192117.0,67708490,71.8,-16.6,5,6,False,False,False,True,True,True,False,True,True,True,False
CFG,"Citizens Financial Group, Inc. Common Stock",69.83,65.2,29410775106.0,301913741,45.6,-7.3,5,6,False,False,False,True,True,True,True,False,True,True,False
SCHW,Charles Schwab Corporation (The) Common Stock,112.27,65.2,194152520611.0,906180521,33.7,-2.0,2,7,False,False,False,True,True,True,True,True,True,True,False
SNDA,"Sonida Senior Living, Inc. Common Stock",40.97,65.2,1968526150.0,24662369,64.2,-7.7,5,7,False,False,False,True,True,True,True,True,True,True,False
PFG,Principal Financial Group Inc - Common Stock,111.59,65.1,23891936889.0,158353113,43.2,-4.3,5,6,False,False,False,True,True,True,True,False,True,True,False
IFS,Intercorp Financial Services Inc. Common Shares,54.57,65.1,6299981262.0,15015563,42.5,-11.1,5,6,False,False,False,True,True,True,True,False,True,True,False
FMBH,"First Mid Bancshares, Inc. - Common Stock",50.14,65.0,1333819868.0,7735486,46.8,-6.0,5,7,False,False,False,True,True,True,True,True,True,True,False
GS,"Goldman Sachs Group, Inc. (The) Common Stock",1058.88,65.0,308315580503.0,2195348397,46.8,-8.2,5,7,False,False,False,True,True,True,True,True,True,True,False
HRMY,"Harmony Biosciences Holdings, Inc. - Common Stock",38.95,64.9,2268307507.0,29315996,52.6,-4.7,2,5,False,False,False,True,False,True,False,True,True,True,False
OUT,OUTFRONT Media Inc. Common Stock,30.66,64.9,5400306796.0,59355318,80.7,-12.3,5,6,False,False,False,True,True,True,True,False,True,True,False
RAL,Ralliant Corporation Common Stock,61.7,64.9,6826488494.0,112516009,65.5,-18.2,4,6,False,False,False,True,True,True,True,False,True,True,False
LIVN,LivaNova PLC - Ordinary Shares,79.41,64.8,4374975391.0,56311095,62.7,-7.4,5,6,False,False,False,True,True,True,True,False,True,True,False
SON,Sonoco Products Company Common Stock,57.88,64.8,5722885174.0,63841900,49.8,-4.6,5,7,False,False,False,True,True,True,True,True,True,True,False
FRHC,Freedom Holding Corp. - Common Stock,171.02,64.7,10908966639.0,24081235,58.4,-6.0,0,6,False,False,False,True,True,False,True,True,True,True,False
OSPN,OneSpan Inc. - Common Stock,15.39,64.7,567154942.0,6282241,52.8,-16.7,1,7,False,False,False,True,True,True,True,True,True,True,False
USB,U.S. Bancorp Common Stock,62.41,64.7,97237990745.0,506597869,38.6,-5.6,5,7,False,False,False,True,True,True,True,True,True,True,False
BWA,BorgWarner Inc. Common Stock,65.1,64.6,13258679645.0,161929261,60.7,-17.4,5,6,False,False,False,True,True,True,True,False,True,True,False
GPN,Global Payments Inc. Common Stock,93.82,64.6,24826497350.0,272799879,53.4,-2.1,1,5,False,False,False,True,False,True,False,True,True,True,False
LAUR,"Laureate Education, Inc. - Common Stock",38.36,64.5,5284065450.0,43276794,53.6,-6.3,5,7,False,False,False,True,True,True,True,True,True,True,False
C,"Citigroup, Inc. Common Stock",133.25,64.5,223518451335.0,1643284486,43.3,-9.9,5,6,False,False,False,True,True,True,True,False,True,True,False
RAMP,"LiveRamp Holdings, Inc. Common Stock",37.72,64.5,2293186721.0,38959716,73.7,-1.3,3,7,False,False,False,True,True,True,True,True,True,True,False
CZR,"Caesars Entertainment, Inc. - Common Stock",29.66,64.4,6042346234.0,123588196,66.1,-4.0,3,6,False,False,False,True,True,True,True,False,True,True,False
M,Macy's Inc Common Stock,22.59,64.4,5942027381.0,125943807,72.6,-15.0,5,4,False,False,False,True,False,True,False,False,True,True,False
PCTY,Paylocity Holding Corporation - Common Stock,152.24,64.3,8077392047.0,100890455,63.7,-16.5,0,4,False,False,False,True,False,False,False,True,True,True,False
KN,Knowles Corporation Common Stock,33.64,64.3,2873203367.0,40638067,63.5,-21.6,5,6,False,False,False,True,True,True,True,False,True,True,False
PYPL,"PayPal Holdings, Inc. - Common Stock",62.27,64.2,53269548624.0,824815002,61.9,-21.4,0,4,False,False,False,True,False,False,False,True,True,True,False
MET,"MetLife, Inc. Common Stock",95.87,64.2,60923172991.0,349356707,42.4,-5.0,4,7,False,False,False,True,True,True,True,True,True,True,False
RSI,"Rush Street Interactive, Inc. Class A Common Stock",26.05,64.2,6037695976.0,86933118,68.0,-24.6,5,6,False,False,False,True,True,True,True,False,True,True,False
NWBI,"Northwest Bancshares, Inc. - Common Stock",15.3,64.1,2240824567.0,17390211,36.0,-5.3,5,7,False,False,False,True,True,True,True,True,True,True,False
EMBJ,Embraer S.A. Common Stock,74.63,64.1,13485009257.0,81296529,39.3,-7.6,5,7,False,False,False,True,True,True,True,True,True,True,False
AXSM,"Axsome Therapeutics, Inc. - Common Stock",205.48,64.0,10763210483.0,211859300,82.0,-21.0,5,6,False,False,False,True,True,True,True,False,True,True,False
AIZ,"Assurant, Inc. Common Stock",285.15,64.0,14064672160.0,107023388,39.1,-6.2,5,7,False,False,False,True,True,True,True,True,True,True,False
XOM,ExxonMobil Holdings Corporation Common Stock,160.64,64.0,660537537254.0,2342175713,48.3,-8.9,5,6,False,False,False,True,True,True,False,True,True,True,False
AWR,American States Water Company Common Stock,90.24,63.9,3576718890.0,26096399,29.9,-1.6,4,6,False,True,False,True,True,True,True,True,False,True,False
BOW,Bowhead Specialty Holdings Inc. Common Stock,33.6,63.9,1106884968.0,10205996,58.4,-4.2,2,7,False,False,False,True,True,True,True,True,True,True,False
MBWM,Mercantile Bank Corporation - Common Stock,60.32,63.8,1042687237.0,7820760,41.1,-3.3,5,7,False,False,False,True,True,True,True,True,True,True,False
SIRI,SiriusXM Holdings Inc. - Common Stock,28.73,63.8,9683931778.0,124120703,45.3,-12.0,5,6,False,False,False,True,True,True,True,False,True,True,False
CNMD,CONMED Corporation Common Stock,51.13,63.8,1531407310.0,26445281,62.6,-9.7,1,5,False,False,False,True,False,True,False,True,True,True,False
CHE,Chemed Corp,543.98,63.7,7109797385.0,90242471,48.9,-2.3,2,7,False,False,False,True,True,True,True,True,True,True,False
CVEO,Civeo Corporation (Canada) Common Shares,33.51,63.7,346388145.0,5547242,69.7,-8.2,5,7,False,False,False,True,True,True,True,True,True,True,False
CCNE,CNB Financial Corporation - Common Stock,33.91,63.6,1004444210.0,5970893,48.7,-6.2,5,6,False,False,False,True,True,True,True,False,True,True,False
DSGR,"Distribution Solutions Group, Inc. - Common Stock",34.81,63.6,1610151240.0,7089905,83.0,-0.7,1,7,False,False,False,True,True,True,True,True,True,True,False
PRK,Park National Corporation Common Stock,199.89,63.6,3610845142.0,21340215,34.1,-7.0,5,7,False,False,False,True,True,True,True,True,True,True,False
IEX,IDEX Corporation Common Stock,230.27,63.5,16975480452.0,160810641,45.6,-5.5,5,7,False,False,False,True,True,True,True,True,True,True,False
OC,Owens Corning Inc Common Stock New,146.61,63.5,11589327415.0,157624041,50.3,-8.3,1,7,False,False,False,True,True,True,True,True,True,True,False
CTO,"CTO Realty Growth, Inc. Common Stock",21.95,63.4,822805715.0,8223976,45.7,-3.3,5,7,False,False,False,True,True,True,True,True,True,True,False
ENS,EnerSys Common Stock,194.29,63.4,7007112371.0,112109654,97.3,-20.5,5,5,False,False,False,False,True,True,True,False,True,True,False
ADP,"Automatic Data Processing, Inc. - Common Stock",282.78,63.3,112337956769.0,652959460,50.3,-8.1,1,5,False,False,False,True,False,True,False,True,True,True,False
VSEC,VSE Corporation - Common Stock,217.65,63.3,6108341156.0,100592702,40.7,-12.2,5,7,False,False,False,True,True,True,True,True,True,True,False
OFG,OFG Bancorp Common Stock,52.05,63.3,2199918963.0,17832371,45.8,-4.4,5,7,False,False,False,True,True,True,True,True,True,True,False
COKE,"Coca-Cola Consolidated, Inc. - Common Stock",196.53,63.2,13081880700.0,95541346,77.7,-10.5,5,7,False,False,False,True,True,True,True,True,True,True,False
HCSG,"Healthcare Services Group, Inc. - Common Stock",22.94,63.2,1574422714.0,18073728,51.6,-10.9,5,6,False,False,False,True,True,True,True,False,True,True,False
AFRM,"Affirm Holdings, Inc. - Class A Common Stock",77.945,63.1,26103668649.0,281798329,85.2,-22.1,1,5,False,False,False,True,False,True,False,True,True,True,False
GLBE,Global-E Online Ltd. - ordinary shares,39.43,63.1,6607217596.0,58122104,46.9,-10.4,2,5,False,False,False,True,False,True,False,True,True,True,False
WELL,Welltower Inc. Common Stock,241.15,63.1,173807644934.0,746438373,47.3,-5.5,5,7,False,False,False,True,True,True,True,True,True,True,False
DOC,"Healthpeak Properties, Inc. Common Stock",21.66,63.0,14935160452.0,132065048,38.0,-5.6,5,7,False,False,False,True,True,True,True,True,True,True,False
ROG,Rogers Corporation Common Stock,124.74,63.0,2228896108.0,39148174,66.0,-26.2,5,4,False,False,False,False,True,True,True,False,True,False,False
NTLA,"Intellia Therapeutics, Inc. - Common Stock",13.51,62.9,1893111622.0,64923477,69.9,-52.2,0,4,False,False,False,True,True,False,False,True,True,False,False
IMO,Imperial Oil Limited Common Stock,131.49,62.9,63587643570.0,63642255,57.9,-5.7,5,7,False,False,False,True,True,True,True,True,True,True,False
KO,Coca-Cola Company (The) Common Stock,91.64,62.9,394285612629.0,1497154198,40.2,-0.9,5,7,False,False,False,True,True,True,True,True,True,True,False
LFUS,"Littelfuse, Inc. - Common Stock",405.39,62.8,10296398046.0,148614307,73.7,-19.0,5,6,False,False,False,True,True,True,True,False,True,True,False
CNI,Canadian National Railway Company Common Stock,127.12,62.8,76793192000.0,184861435,40.1,-3.4,5,7,False,False,False,True,True,True,True,True,True,True,False
GO,Grocery Outlet Holding Corp. - Common Stock,12.12,62.7,1200904043.0,26112849,114.3,-37.0,0,3,False,False,False,True,False,False,False,True,True,False,False
STVN,Stevanato Group S.p.A. Ordinary Shares,22.7,62.7,6197183854.0,7879624,76.1,-18.9,0,4,False,False,False,True,False,False,False,True,True,True,False
BCH,Banco De Chile ADS,42.65,62.6,21541892566.0,12125712,50.9,-8.8,5,7,False,False,False,True,True,True,True,True,True,True,False
DT,"Dynatrace, Inc. Common Stock",50.07,62.6,14470336549.0,273053270,58.3,-6.0,0,4,False,False,False,True,False,False,False,True,True,True,False
MATV,"Mativ Holdings, Inc. Common Stock",12.35,62.6,681597710.0,5477222,74.7,-20.2,1,5,False,False,False,True,False,True,False,True,True,True,False
MAZE,"Maze Therapeutics, Inc. - Common Stock",30.42,62.5,1689805691.0,16012938,135.6,-43.3,0,2,False,False,False,False,False,False,False,True,True,False,False
HLX,"Helix Energy Solutions Group, Inc. Common Stock",10.0,62.5,1473824470.0,14349461,65.8,-7.0,5,7,False,False,False,True,True,True,True,True,True,True,False
GCMG,GCM Grosvenor Inc. - Class A Common Stock,13.52,62.4,2741749192.0,6928301,45.4,-9.1,2,7,False,False,False,True,True,True,True,True,True,True,False
PLGO,Pelagos Insurance Capital Limited Common Shares,24.16,62.4,2089360303.0,10823589,44.2,-8.3,5,6,False,False,False,True,True,True,True,False,True,True,False
TFIN,"Triumph Financial, Inc. Common Stock",73.5,62.4,1756248470.0,19853742,58.3,-12.0,5,6,False,False,False,True,True,True,True,False,True,True,False
FSBC,Five Star Bancorp - Common Stock,44.905,62.3,1101816652.0,8907562,46.4,-10.7,5,6,False,False,False,True,True,True,True,False,True,True,False
HOG,"Harley-Davidson, Inc. Common Stock",27.49,62.3,2860953217.0,69023261,60.9,-12.0,1,7,False,False,False,True,True,True,True,True,True,True,False
BGC,"BGC Group, Inc. - Class A Common Stock",11.8,62.2,5610504960.0,37004941,42.7,-8.5,5,7,False,False,False,True,True,True,True,True,True,True,False
SKWD,"Skyward Specialty Insurance Group, Inc. - Common Stock",57.4,62.2,2548358698.0,34993353,41.4,-12.6,2,6,False,False,False,True,True,True,True,False,True,True,False
WK,Workiva Inc. Class A Common Stock,74.3,62.2,4043145058.0,49341485,71.4,-23.5,0,4,False,False,False,True,False,False,False,True,True,True,False
CACC,Credit Acceptance Corporation - Common Stock,604.26,62.1,6272569271.0,92084529,50.4,-9.7,4,7,False,False,False,True,True,True,True,True,True,True,False
UVSP,Univest Financial Corporation - Common Stock,41.51,62.1,1144877680.0,11066815,48.0,-8.7,5,6,False,False,False,True,True,True,True,False,True,True,False
PLTR,Palantir Technologies Inc. - Class A Common Stock,172.73,62.0,414906697600.0,6104243782,62.4,-16.8,0,4,False,False,False,True,False,False,False,True,True,True,False
IFF,"International Flavors & Fragrances, Inc. Common Stock",87.16,62.0,22238870775.0,143787891,47.4,-2.4,4,7,False,False,False,True,True,True,True,True,True,True,False
RGA,"Reinsurance Group of America, Incorporated Common Stock",244.46,62.0,15963645026.0,86045874,37.2,-2.6,5,7,False,False,False,True,True,True,True,True,True,True,False
STBA,"S&T Bancorp, Inc. - Common Stock",49.99,61.9,1762921945.0,13533102,45.4,-6.6,5,7,False,False,False,True,True,True,True,True,True,True,False
SQM,Sociedad Quimica y Minera S.A. Common Stock,79.21,61.9,22625370772.0,72508078,95.2,-19.2,5,6,False,False,False,True,True,True,False,True,True,True,False
COLD,"Americold Realty Trust, Inc. Common Stock",15.49,61.8,4422093735.0,60755079,53.4,-8.2,3,7,False,False,False,True,True,True,True,True,True,True,False
PRG,"PROG Holdings, Inc. Common Stock",39.83,61.8,1586493942.0,25426183,54.4,-16.6,5,6,False,False,False,True,True,True,True,False,True,True,False
BUSE,First Busey Corporation - Common Stock,29.99,61.7,2476482910.0,25242925,36.3,-5.4,5,7,False,False,False,True,True,True,True,True,True,True,False
WTW,Willis Towers Watson Public Limited Company - Ordinary Shares,346.82,61.7,32209845190.0,181350862,44.1,-1.7,1,5,False,False,False,True,False,True,False,True,True,True,False
LXFR,Luxfer Holdings PLC Ordinary Shares,17.15,61.7,458920983.0,5081154,52.3,-11.8,5,6,False,False,False,True,True,True,True,False,True,True,False
BKNG,Booking Holdings Inc. - Common Stock,213.78,61.6,160630123290.0,1286173806,42.4,-7.4,1,5,False,False,False,True,False,True,False,True,True,True,False
OGC,OceanaGold Corporation Common Shares,31.32,61.6,7022508480.0,13423818,85.9,-27.7,5,5,False,False,False,True,True,True,False,True,True,False,False
FANG,"Diamondback Energy, Inc. - Common Stock",199.89,61.5,55974067921.0,399744854,48.8,-7.8,5,7,False,False,False,True,True,True,True,True,True,True,False
AMP,"Ameriprise Financial, Inc. Common Stock",560.26,61.5,50365740282.0,311517435,32.6,-2.1,2,7,False,False,False,True,True,True,True,True,True,True,False
BCS,Barclays PLC Common Stock,27.23,61.5,94665722270.0,122209323,41.2,-5.1,5,7,False,False,False,True,True,True,True,True,True,True,False
EOG,"EOG Resources, Inc. Common Stock",146.83,61.4,77016618912.0,471958518,44.5,-4.5,5,7,False,False,False,True,True,True,True,True,True,True,False
WSM,"Williams-Sonoma, Inc. Common Stock (DE)",234.74,61.4,27639839466.0,244140967,41.8,-7.9,5,7,False,False,False,True,True,True,True,True,True,True,False
HSIC,"Henry Schein, Inc. - Common Stock",89.65,61.3,9991182490.0,110985609,44.7,-2.7,5,7,False,False,False,True,True,True,True,True,True,True,False
RS,"Reliance, Inc. Common Stock",383.66,61.3,19587590571.0,151271727,47.4,-11.4,5,6,False,False,False,True,True,True,True,False,True,True,False
SOLV,Solventum Corporation Common Stock,91.61,61.3,15594195814.0,101719623,46.9,-0.5,3,5,False,True,False,True,False,True,False,True,True,True,False
CIFR,Cipher Digital Inc. - Common Stock,16.31,61.2,6769151076.0,632175301,170.9,-45.9,0,3,False,False,False,False,True,False,True,False,True,False,False
SJM,The J.M. Smucker Company Common Stock,125.45,61.2,13408182561.0,161100681,42.2,-1.7,3,7,False,False,False,True,True,True,True,True,True,True,False
RDNT,"RadNet, Inc. - Common Stock",76.86,61.1,6048671173.0,56111742,51.2,-10.5,0,4,False,False,False,True,False,False,False,True,True,True,False
MGM,MGM Resorts International Common Stock,43.34,61.1,11195725018.0,124871240,48.5,-16.0,5,6,False,False,False,True,True,True,True,False,True,True,False
CNOB,"ConnectOne Bancorp, Inc. - Common Stock",32.02,61.0,1738538068.0,15420426,38.0,-6.2,5,6,False,False,False,True,True,True,True,False,True,True,False
SHC,Sotera Health Company - Common Stock,19.51,61.0,5567662250.0,52543360,49.0,-1.7,5,5,False,False,False,True,False,True,False,True,True,True,False
MUX,McEwen Inc. Common Stock,21.45,61.0,1316141241.0,22139253,99.0,-27.8,0,3,False,False,False,False,True,False,False,True,True,False,False
MGA,"Magna International, Inc. Common Stock",66.13,60.9,17554495901.0,86118688,53.4,-9.7,5,6,False,False,False,True,True,True,True,False,True,True,False
PBR,Petroleo Brasileiro S.A. Petrobras ADS,17.85,60.9,115031939901.0,282965430,56.2,-19.7,5,6,False,False,False,True,True,True,False,True,True,True,False
TEM,"Tempus AI, Inc. - Class A Common Stock",68.73,60.8,12401280780.0,359140675,68.6,-34.1,0,3,False,False,False,True,False,False,False,True,True,False,False
TRNS,"Transcat, Inc. - Common Stock",88.19,60.8,825441908.0,13346382,75.6,-11.8,3,6,False,False,False,True,True,True,True,False,True,True,False
CVSA,Covista Inc. Common Shares,136.38,60.8,4642214272.0,46496189,56.8,-12.7,0,6,False,False,False,True,True,False,True,True,True,True,False
JCAP,"Jefferson Capital, Inc. - Common Stock",21.86,60.7,1255322217.0,7922327,41.0,-10.6,2,5,False,False,False,True,False,True,False,True,True,True,False
SVV,"Savers Value Village, Inc. Common Stock",10.72,60.7,1653625767.0,14434379,55.2,-22.8,0,6,False,False,False,True,True,False,True,True,True,True,False
ACIW,"ACI Worldwide, Inc. - Common Stock",52.4,60.6,5290054628.0,58227319,37.7,-14.2,2,4,False,False,False,True,False,True,False,False,True,True,False
HQY,"HealthEquity, Inc. - Common Stock",105.385,60.6,8810413315.0,79112783,44.8,-2.1,2,5,False,False,False,True,False,True,False,True,True,True,False
RTX,RTX Corporation Common Stock,210.28,60.6,283406582520.0,1027780174,39.6,-7.3,5,7,False,False,False,True,True,True,True,True,True,True,False
GPRE,"Green Plains, Inc. - Common Stock",14.65,60.5,1026896555.0,22568952,69.4,-25.4,5,4,False,False,False,False,True,True,True,False,True,False,False
PRM,"Perimeter Solutions, SA Common Stock",31.3,60.5,5123400690.0,58909345,58.9,-18.0,5,6,False,False,False,True,True,True,True,False,True,True,False
CARG,"CarGurus, Inc. - Class A Common Stock",36.45,60.4,3246728273.0,40013354,38.1,-11.6,1,5,False,False,False,True,False,True,False,True,True,True,False
GABC,"German American Bancorp, Inc. - Common Stock",49.63,60.4,1865036241.0,8622950,33.4,-5.0,5,7,False,False,False,True,True,True,True,True,True,True,False
ALX,"Alexander's, Inc. Common Stock",270.69,60.4,1382492330.0,9017578,34.5,-6.5,5,7,False,False,False,True,True,True,True,True,True,True,False
CCS,"Century Communities, Inc. Common Stock",70.31,60.3,1999117199.0,20117209,48.7,-7.5,2,7,False,False,False,True,True,True,True,True,True,True,False
TEX,Terex Corporation Common Stock,65.22,60.3,7454646000.0,93252871,56.4,-12.7,5,6,False,False,False,True,True,True,True,False,True,True,False
MMSI,"Merit Medical Systems, Inc. - Common Stock",91.09,60.2,5439022158.0,74662523,52.5,-3.9,1,5,False,False,False,True,False,True,False,True,True,True,False
MPB,Mid Penn Bancorp - Common Stock,36.99,60.2,937149603.0,6343848,39.3,-5.5,5,7,False,False,False,True,True,True,True,True,True,True,False
EBC,"Eastern Bankshares, Inc. - Common Stock",22.36,60.1,5109518303.0,75101614,35.5,-6.0,5,6,False,False,False,True,True,True,True,False,True,True,False
APH,Amphenol Corporation Common Stock,158.78,60.1,195773113302.0,1163720250,50.6,-11.1,5,6,False,False,False,True,True,True,True,False,True,True,False
TFII,TFI International Inc. Common Shares,134.18,60.1,11028258360.0,49007177,66.4,-20.0,5,6,False,False,False,True,True,True,True,False,True,True,False
ADI,"Analog Devices, Inc. - Common Stock",373.66,60.0,181062731652.0,1748421943,67.2,-16.2,5,6,False,False,False,True,True,True,True,False,True,True,False
ATEN,"A10 Networks, Inc. Common Stock",25.13,60.0,1824664698.0,44224304,52.1,-34.7,5,4,False,False,False,False,True,True,True,False,True,False,False
KMTS,"Kestra Medical Technologies, Ltd. - Common Stock",26.92,59.9,1577596017.0,9637208,74.6,-10.3,5,5,False,False,False,True,False,True,False,True,True,True,False
PRGS,Progress Software Corporation - Common Stock,43.28,59.9,1775040130.0,26435410,81.7,-8.6,0,4,False,False,False,True,False,False,False,True,True,True,False
VAL,Valaris Limited Common Shares,85.72,59.9,5952037376.0,82748436,83.6,-24.9,5,5,False,False,False,False,True,True,False,True,True,True,False
CSWC,Capital Southwest Corporation - Common Stock,25.21,59.8,1606730787.0,15994971,30.1,-0.6,5,7,False,False,False,True,True,True,True,True,True,True,False
MCHB,Mechanics Bancorp - Class A Common Stock,16.09,59.8,3544821061.0,9563188,28.5,-7.4,5,5,False,False,False,True,True,True,True,False,False,True,False
CATY,Cathay General Bancorp - Common Stock,61.89,59.7,4128918320.0,31590202,38.9,-5.2,5,6,False,False,False,True,True,True,True,False,True,True,False
STOK,"Stoke Therapeutics, Inc. - Common Stock",33.46,59.7,2159048057.0,29014830,85.9,-16.8,5,6,False,False,False,True,True,True,False,True,True,True,False
PSO,"Pearson, Plc Common Stock",16.59,59.7,10547473041.0,12415629,38.0,-6.5,4,7,False,False,False,True,True,True,True,True,True,True,False
AIT,"Applied Industrial Technologies, Inc. Common Stock",335.64,59.6,12317604028.0,100138814,40.8,-10.4,5,6,False,False,False,True,True,True,True,False,True,True,False
SDRL,Seadrill Limited Common Shares,47.09,59.6,2945076551.0,35072125,67.6,-15.1,5,6,False,False,False,True,True,True,False,True,True,True,False
PCAR,PACCAR Inc. - Common Stock,129.22,59.5,68016879227.0,434121625,40.1,-7.2,5,7,False,False,False,True,True,True,True,True,True,True,False
LYV,"Live Nation Entertainment, Inc. Common Stock",186.77,59.5,44009336032.0,405253160,49.0,-1.3,5,7,False,False,False,True,True,True,True,True,True,True,False
JACK,Jack In The Box Inc. - Common Stock,16.7,59.4,320294811.0,16528026,87.2,-30.0,0,3,False,False,False,True,False,False,False,True,True,False,False
BILL,"BILL Holdings, Inc. Common Stock",47.71,59.4,4068555269.0,108414179,51.9,-16.6,0,4,False,False,False,True,False,False,False,True,True,True,False
CUZ,Cousins Properties Incorporated Common Stock,30.2,59.4,4970982152.0,48944383,43.6,-8.3,3,6,False,False,False,True,True,True,True,False,True,True,False
AMKR,"Amkor Technology, Inc. - Common Stock",48.7,59.3,12099635386.0,370808277,108.4,-49.6,5,4,False,False,False,False,True,True,True,False,True,False,False
DE,Deere & Company Common Stock,630.66,59.3,170238736451.0,737002985,45.6,-6.5,5,7,False,False,False,True,True,True,True,True,True,True,False
EQIX,"Equinix, Inc. - Common Stock",1073.4399,59.2,105918134620.0,650419642,49.0,-4.9,5,7,False,False,False,True,True,True,True,True,True,True,False
CCK,"Crown Holdings, Inc.",120.43,59.2,13098028340.0,123030702,35.0,-2.0,2,7,False,False,False,True,True,True,True,True,True,True,False
TTE,TotalEnergies SE Ordinary Shares,88.8,59.2,193749328195.0,139547377,54.7,-5.7,5,6,False,False,False,True,True,True,False,True,True,True,False
SMBC,"Southern Missouri Bancorp, Inc. - Common Stock",74.01,59.1,815266924.0,8110392,55.5,-7.3,5,6,False,False,False,True,True,True,True,False,True,True,False
GWRE,"Guidewire Software, Inc. Common Stock",188.34,59.1,15680503596.0,203687234,84.1,-30.9,0,3,False,False,False,True,False,False,False,True,True,False,False
ALRM,"Alarm.com Holdings, Inc. - Common Stock",56.76,59.0,2786361341.0,24961633,36.8,-4.4,1,5,False,False,False,True,False,True,False,True,True,True,False
JPM,JP Morgan Chase & Co. Common Stock,356.69,59.0,948148433895.0,2928274981,27.8,-2.7,5,6,False,False,False,True,True,True,True,True,False,True,False
SBH,"Sally Beauty Holdings, Inc. (Name to be changed from Sally Holdings, Inc.) Common Stock",16.46,59.0,1541022926.0,22216365,42.6,-8.1,1,5,False,False,False,True,False,True,False,True,True,True,False
VLY,Valley National Bancorp - Common Stock,14.1,58.9,7791733687.0,98410343,46.3,-7.2,5,6,False,False,False,True,True,True,True,False,True,True,False
DNOW,DNOW Inc. Common Stock,15.76,58.9,2849185642.0,40471160,44.1,-8.7,1,5,False,False,False,True,False,True,False,True,True,True,False
FULT,Fulton Financial Corporation - Common Stock,23.66,58.8,4517038561.0,46734295,42.5,-6.2,5,6,False,False,False,True,True,True,True,False,True,True,False
FMX,Fomento Economico Mexicano S.A.B. de C.V. Common Stock,123.71,58.8,42145704406.0,65218598,48.5,-12.6,5,6,False,False,False,True,True,True,True,False,True,True,False
GEV,GE Vernova Inc. Common Stock,926.73,58.8,246819319520.0,2832357956,74.8,-22.5,5,5,False,False,False,False,True,True,True,False,True,True,False
GRND,Grindr Inc. Common Stock,15.69,58.7,2727245638.0,27251752,61.2,-15.2,1,5,False,False,False,True,False,True,False,True,True,True,False
PAAS,Pan American Silver Corp. Common Stock,54.21,58.7,22476441780.0,219246917,67.7,-22.5,5,6,False,False,False,True,True,True,False,True,True,True,False
PNC,"PNC Financial Services Group, Inc. (The) Common Stock",244.11,58.6,97386138551.0,489811537,38.0,-5.7,5,6,False,False,False,True,True,True,True,False,True,True,False
XPRO,Expro Ltd Ordinary Shares,17.62,58.6,1998024886.0,17541267,51.9,-8.4,5,6,False,False,False,True,True,True,False,True,True,True,False
HTLD,"Heartland Express, Inc. - Common Stock",12.29,58.5,950417789.0,9973437,75.6,-26.1,5,4,False,False,False,False,True,True,True,False,True,False,False
GL,Globe Life Inc. Common Stock,172.24,58.5,13236548751.0,118373796,34.7,-10.1,5,6,False,False,False,True,True,True,True,False,True,True,False
R,"Ryder System, Inc. Common Stock",246.18,58.5,9440231964.0,95848284,56.1,-13.4,5,6,False,False,False,True,True,True,True,False,True,True,False
NWSA,News Corporation - Class A Common Stock,30.92,58.4,16729347567.0,131418342,39.3,-2.2,1,7,False,False,False,True,True,True,True,True,True,True,False
NVST,Envista Holdings Corporation Common Stock,27.47,58.4,4412168466.0,76564145,46.4,-9.7,5,7,False,False,False,True,True,True,True,True,True,True,False
NWS,News Corporation - Class B Common Stock,35.15,58.3,19018000226.0,47027761,37.9,-0.5,1,7,False,False,False,True,True,True,True,True,True,True,False
HXL,Hexcel Corporation Common Stock,93.63,58.3,7080623811.0,105429384,55.4,-16.2,5,6,False,False,False,True,True,True,True,False,True,True,False
SPIR,"Spire Global, Inc. Class A Common Stock",13.73,58.3,557745154.0,14268157,108.0,-47.0,5,3,False,False,False,False,True,True,False,False,True,False,False
IOSP,Innospec Inc. - Common Stock,94.36,58.2,2324185595.0,15484809,44.0,-0.7,3,7,False,False,False,True,True,True,True,True,True,True,False
GM,General Motors Company Common Stock,85.81,58.2,75294116733.0,578578518,57.9,-6.6,5,7,False,False,False,True,True,True,True,True,True,True,False
FOXF,Fox Factory Holding Corp. - Common Stock,21.23,58.1,892318151.0,11491928,62.3,-30.5,0,5,False,False,False,True,True,False,True,True,True,False,False
MNTN,"MNTN, Inc. Class A Common Stock",13.22,58.1,988897815.0,13469060,72.4,-42.3,0,3,False,False,False,True,False,False,False,True,True,False,False
SLB,SLB Limited Common Shares,53.29,58.1,79089992780.0,666370448,68.4,-9.4,5,6,False,False,False,True,True,True,False,True,True,True,False
CVX,Chevron Corporation Common Stock,199.89,58.0,394936919960.0,1586687010,36.5,-6.9,5,7,False,False,False,True,True,True,True,True,True,True,False
FITB,Fifth Third Bancorp Common Stock,54.89,58.0,49779332838.0,361448262,37.1,-7.7,5,6,False,False,False,True,True,True,True,False,True,True,False
FFBC,First Financial Bancorp. - Common Stock,32.66,57.9,3428285580.0,34643716,41.6,-9.9,5,6,False,False,False,True,True,True,True,False,True,True,False
IDCC,"InterDigital, Inc. - Common Stock",345.54,57.9,8917007659.0,86256973,38.7,-16.3,0,4,False,False,False,True,False,False,False,True,True,True,False
FCF,First Commonwealth Financial Corporation Common Stock,20.73,57.8,2094889325.0,16560023,38.2,-7.2,5,6,False,False,False,True,True,True,True,False,True,True,False
QSR,Restaurant Brands International Inc. Common Shares,81.56,57.8,37069745313.0,206168796,33.0,-0.5,5,7,False,False,False,True,True,True,True,True,True,True,False
SOBO,South Bow Corporation Common Shares,36.82,57.8,7680085966.0,26507433,47.2,-5.4,5,7,False,False,False,True,True,True,True,True,True,True,False
UBSI,"United Bankshares, Inc. - Common Stock",47.41,57.7,6457837991.0,48067448,39.0,-4.5,5,7,False,False,False,True,True,True,True,True,True,True,False
NXE,Nexgen Energy Ltd. Common Shares,11.21,57.7,7516373392.0,52365983,59.3,-19.7,5,6,False,False,False,True,True,True,False,True,True,True,False
ORRF,"Orrstown Financial Services, Inc. - Common Stock",41.815,57.6,822485411.0,5838934,31.2,-4.6,5,7,False,False,False,True,True,True,True,True,True,True,False
BCAT,BlackRock Capital Allocation Term Trust Common Shares of Beneficial Interest,15.88,57.6,1717183800.0,10998809,15.7,-2.0,5,6,False,False,False,True,True,True,True,True,False,True,False
CLH,"Clean Harbors, Inc. Common Stock",308.48,57.6,16283810263.0,145754033,53.2,-8.2,5,7,False,False,False,True,True,True,True,True,True,True,False
WGS,GeneDx Holdings Corp. - Class A Common Stock,87.405,57.5,2606639196.0,54862847,171.4,-48.8,0,3,False,False,False,True,False,False,False,True,True,False,False
FDS,FactSet Research Systems Inc. Common Stock,296.08,57.5,10530245971.0,241140691,60.0,-23.4,1,5,False,False,False,True,False,True,False,True,True,True,False
GWW,"W.W. Grainger, Inc. Common Stock",1301.6801,57.4,61310354183.0,415977460,43.6,-8.3,5,6,False,False,False,True,True,True,True,False,True,True,False
MTB,M&T Bank Corporation Common Stock,240.41,57.4,34719113547.0,269201381,37.6,-6.1,5,6,False,False,False,True,True,True,True,False,True,True,False
PRU,"Prudential Financial, Inc. Common Stock",120.15,57.4,41451750000.0,218332647,30.8,-5.9,3,5,False,False,False,True,False,True,False,True,True,True,False
J,Jacobs Solutions Inc. Common Stock,150.87,57.3,17657615242.0,137419097,42.8,-10.4,0,4,False,False,False,True,False,False,False,True,True,True,False
PH,Parker-Hannifin Corporation Common Stock,1016.31,57.3,128103303219.0,628607504,42.1,-7.6,5,7,False,False,False,True,True,True,True,True,True,True,False
BMRN,BioMarin Pharmaceutical Inc. - Common Stock,66.12,57.2,12799096945.0,123524056,34.2,-6.8,2,7,False,False,False,True,True,True,True,True,True,True,False
IRON,"Disc Medicine, Inc. - Common Stock",82.41,57.2,3163954274.0,40919840,106.0,-17.2,0,4,False,False,False,True,False,False,False,True,True,True,False
WIX,Wix.com Ltd. - Ordinary Shares,86.055,57.2,3601359669.0,91545799,114.3,-54.9,0,3,False,False,False,True,False,False,False,True,True,False,False
ZION,Zions Bancorporation N.A. - Common Stock,67.57,57.1,9862068197.0,113925183,46.3,-7.9,5,6,False,False,False,True,True,True,True,False,True,True,False
TTC,Toro Company (The) Common Stock,99.56,57.1,9481052405.0,61932730,47.2,-5.4,5,7,False,False,False,True,True,True,True,True,True,True,False
UMBF,UMB Financial Corporation - Common Stock,143.57,57.0,10904145807.0,94037869,38.9,-6.4,5,6,False,False,False,True,True,True,True,False,True,True,False
EFXT,Enerflex Ltd Common Shares,19.72,57.0,2407868853.0,13151860,104.6,-32.3,5,4,False,False,False,False,True,True,True,False,True,False,False
WERN,"Werner Enterprises, Inc. - Common Stock",37.64,56.9,2257540152.0,47611146,63.2,-20.7,5,6,False,False,False,True,True,True,True,False,True,True,False
IIPR,"Innovative Industrial Properties, Inc. Common Stock",57.63,56.9,1588936843.0,20763524,29.3,-11.9,5,5,False,False,False,True,True,True,True,False,False,True,False
RDW,Redwire Corporation Common Stock,11.48,56.9,2869915151.0,239297545,135.7,-56.9,3,5,False,False,False,True,True,True,False,True,True,False,False
NMIH,NMI Holdings Inc - Common Stock,45.31,56.8,3408120829.0,22379190,30.1,-3.1,2,7,False,False,False,True,True,True,True,True,True,True,False
MHK,"Mohawk Industries, Inc. Common Stock",133.77,56.8,9061331657.0,107808619,43.9,-6.5,1,7,False,False,False,True,True,True,True,True,True,True,False
TYRA,"Tyra Biosciences, Inc. - Common Stock",26.69,56.7,1592777502.0,22076394,128.1,-34.3,5,3,False,False,False,False,True,True,False,False,True,False,False
CPF,Central Pacific Financial Corp New,37.63,56.7,968875866.0,6340631,37.4,-8.2,5,6,False,False,False,True,True,True,True,False,True,True,False
PDS,Precision Drilling Corporation Common Stock,87.16,56.7,1110981279.0,8991777,63.2,-16.0,5,5,False,False,False,False,True,True,False,True,True,True,False
CVS,CVS Health Corporation Common Stock,92.9,56.6,118816347280.0,808456440,33.6,-16.1,5,6,False,False,False,True,True,True,True,False,True,True,False
STNG,Scorpio Tankers Inc. Common Shares,77.2,56.6,3996087388.0,63500704,60.8,-11.7,5,7,False,False,False,True,True,True,True,True,True,True,False
ASMB,"Assembly Biosciences, Inc. - Common Stock",35.33,56.5,719339857.0,6968237,74.6,-11.0,5,5,False,False,False,True,False,True,False,True,True,True,False
BATRK,"Atlanta Braves Holdings, Inc. - Series C Common Stock",52.97,56.5,3398973504.0,31845360,40.3,-2.7,4,7,False,False,False,True,True,True,True,True,True,True,False
EIG,Employers Holdings Inc Common Stock,48.8,56.5,876472693.0,11591197,36.6,-7.2,3,6,False,False,False,True,True,True,True,False,True,True,False
COCO,"The Vita Coco Company, Inc. - Common Stock",63.57,56.4,3731190167.0,78834411,91.5,-25.9,5,5,False,False,False,True,True,True,True,False,True,False,False
FLNG,FLEX LNG Ltd. Ordinary Shares,31.93,56.4,1727169566.0,11013665,33.0,-4.4,5,7,False,False,False,True,True,True,True,True,True,True,False
NBTB,NBT Bancorp Inc. - Common Stock,51.39,56.3,2670227535.0,19225167,31.1,-5.7,5,7,False,False,False,True,True,True,True,True,True,True,False
DVN,Devon Energy Corporation Common Stock,46.91,56.3,51601000000.0,534066423,49.1,-11.0,5,6,False,False,False,True,True,True,False,True,True,True,False
SGML,Sigma Lithium Corporation - common shares,12.33,56.2,1387967299.0,21308457,167.2,-49.6,5,4,False,False,False,False,True,True,False,True,True,False,False
CNR,"Core Natural Resources, Inc. Common Stock",96.98,56.2,4813724204.0,52310727,37.8,-15.5,5,6,False,False,False,True,True,True,False,True,True,True,False
OXY,Occidental Petroleum Corporation Common Stock,58.41,56.2,58388818840.0,490897602,50.5,-13.4,5,7,False,False,False,True,True,True,True,True,True,True,False
HSTM,"HealthStream, Inc. - Common Stock",28.87,56.1,844157501.0,5637341,48.1,-7.2,1,7,False,False,False,True,True,True,True,True,True,True,False
UNM,Unum Group Common Stock,89.69,56.1,14198536713.0,132951004,30.6,-5.1,4,7,False,False,False,True,True,True,True,True,True,True,False
HWM,Howmet Aerospace Inc. Common Stock,264.04,56.0,105299521392.0,737782095,54.6,-14.8,5,6,False,False,False,True,True,True,True,False,True,True,False
RNR,RenaissanceRe Holdings Ltd. Common Stock,329.2,56.0,13678883176.0,104680122,42.4,-2.0,5,7,False,False,False,True,True,True,True,True,True,True,False
V,Visa Inc.,384.14,56.0,686364152132.0,2901276263,30.7,-0.0,2,5,False,True,False,True,False,True,False,True,True,True,False
CHCO,City Holding Company - Common Stock,144.47,55.9,2029104265.0,18910272,27.6,-3.0,5,6,False,False,False,True,True,True,True,True,False,True,False
ADM,Archer-Daniels-Midland Company Common Stock,79.16,55.9,38151920590.0,298993722,42.4,-10.5,5,6,False,False,False,True,True,True,True,False,True,True,False
VCEL,Vericel Corporation - Common Stock,43.22,55.8,2213149857.0,26079579,49.3,-12.4,3,6,False,False,False,True,True,True,True,False,True,True,False
IPI,"Intrepid Potash, Inc Common Stock",37.81,55.8,508796844.0,7411311,67.7,-24.9,5,6,False,False,False,True,True,True,False,True,True,True,False
OMC,Omnicom Group Inc. Common Stock,88.2,55.8,24197314289.0,294012097,33.0,-1.5,5,7,False,False,False,True,True,True,True,True,True,True,False
MCRI,"Monarch Casino & Resort, Inc. - Common Stock",123.71,55.7,2217195073.0,20226988,40.4,-9.0,5,6,False,False,False,True,True,True,True,False,True,True,False
HRI,Herc Holdings Inc. Common Stock ,156.09,55.7,5218314094.0,79995441,76.5,-17.1,3,5,False,False,False,True,False,True,False,True,True,True,False
CAMT,Camtek Ltd. - Ordinary Shares,146.66,55.6,6826818703.0,80256452,93.6,-32.1,5,3,False,False,False,False,True,True,False,False,True,False,False
AXTA,Axalta Coating Systems Ltd. Common Shares,36.4,55.6,7790327891.0,61161262,46.0,-5.7,3,7,False,False,False,True,True,True,True,True,True,True,False
CSW,"CSW Industrials, Inc. Common Stock",322.7,55.6,5257908255.0,46162511,40.0,-9.2,3,5,False,False,False,True,False,True,False,True,True,True,False
RYTM,"Rhythm Pharmaceuticals, Inc. - Common Stock",113.35,55.5,7804383495.0,88208575,52.1,-7.2,2,5,False,False,False,True,False,True,False,True,True,True,False
EIX,Edison International Common Stock,74.78,55.5,28776389350.0,210120881,43.8,-8.4,5,7,False,False,False,True,True,True,True,True,True,True,False
AHR,"American Healthcare REIT, Inc. Common Stock",57.05,55.4,12436830114.0,190613096,42.6,-2.8,5,7,False,False,False,True,True,True,True,True,True,True,False
TCBX,"Third Coast Bancshares, Inc. Common Stock",45.45,55.4,756968387.0,5288194,27.2,-2.0,5,6,False,False,False,True,True,True,True,True,False,True,False
NCI,Neo-Concept International Group Holdings Limited - Class A Ordinary Shares,13.55,55.3,32036021.0,5677582,429.3,-87.7,0,3,False,False,False,False,True,False,False,True,True,False,False
OSW,OneSpaWorld Holdings Limited - Common Shares,26.26,55.3,2665356177.0,25242201,37.8,-10.2,5,6,False,False,False,True,True,True,True,False,True,True,False
MTG,MGIC Investment Corporation Common Stock,31.24,55.3,6408100002.0,51981056,26.5,-2.0,2,4,False,False,False,True,False,True,False,True,False,True,False
CURB,Curbline Properties Corp. Common Stock,30.08,55.2,3460343792.0,45215192,37.2,-6.4,5,6,False,False,False,True,True,True,True,False,True,True,False
SHO,"Sunstone Hotel Investors, Inc. Sunstone Hotel Investors, Inc. Common Shares",11.36,55.2,2112323170.0,32200983,30.7,-5.9,5,6,False,False,False,True,True,True,True,False,True,True,False
EQX,Equinox Gold Corp. Common Shares,13.98,55.1,11031703753.0,150146417,73.4,-26.3,0,3,False,False,False,True,False,False,False,True,True,False,False
SKY,"Champion Homes, Inc. Common Stock",91.74,55.1,4979659493.0,64825600,44.0,-7.5,5,5,False,False,False,True,False,True,False,True,True,True,False
URI,"United Rentals, Inc. Common Stock",1053.14,55.1,65550054865.0,529995831,50.1,-10.7,5,6,False,False,False,True,True,True,True,False,True,True,False
NBN,Northeast Bank - Common Stock,127.57,55.0,1037144100.0,16739594,58.0,-10.4,5,6,False,False,False,True,True,True,True,False,True,True,False
WCC,"WESCO International, Inc. Common Stock",338.95,55.0,16518000863.0,227351409,66.6,-12.0,5,6,False,False,False,True,True,True,True,False,True,True,False
APPF,"AppFolio, Inc. - Class A Common Stock",223.05,54.9,7899760066.0,73315556,56.5,-22.7,0,4,False,False,False,True,False,False,False,True,True,True,False
AJG,Arthur J. Gallagher & Co. Common Stock,268.51,54.9,68819113000.0,385522521,40.8,-14.4,0,4,False,False,False,True,False,False,False,True,True,True,False
QTWO,"Q2 Holdings, Inc. Common Stock",63.89,54.9,3983841464.0,48351825,56.6,-25.0,1,4,False,False,False,True,False,True,False,True,True,False,False
ANDE,"The Andersons, Inc. - Common Stock",65.92,54.8,2239669574.0,23600747,74.9,-19.7,5,5,False,False,False,False,True,True,True,False,True,True,False
NOG,"Northern Oil and Gas, Inc. Common Stock",26.42,54.8,2815027962.0,65746858,53.8,-15.2,1,6,False,False,False,True,True,True,False,True,True,True,False
HWC,Hancock Whitney Corporation - Common Stock,74.66,54.7,5989453510.0,67904669,38.1,-6.8,5,6,False,False,False,True,True,True,True,False,True,True,False
GRDN,"Guardian Pharmacy Services, Inc. Class A Common Stock",37.3,54.7,2362667939.0,16276301,61.2,-20.7,5,6,False,False,False,True,True,True,True,False,True,True,False
CCEP,Coca-Cola Europacific Partners plc - Ordinary Shares,109.85,54.6,49869970265.0,204129466,29.8,-3.4,3,6,False,False,False,True,True,True,True,True,False,True,False
QCRH,"QCR Holdings, Inc. - Common Stock",99.98,54.6,1637233888.0,12980593,50.0,-7.5,5,7,False,False,False,True,True,True,True,True,True,True,False
NTB,Bank of N.T. Butterfield & Son Limited (The) Voting Ordinary Shares,58.35,54.6,2334000000.0,11843747,43.8,-9.1,5,6,False,False,False,True,True,True,True,False,True,True,False
FIGR,"Figure Technology Solutions, Inc. - Class A Common Stock",41.14,54.5,9230905654.0,126914904,70.6,-47.3,0,3,False,False,False,True,False,False,False,True,True,False,False
ELV,"Elevance Health, Inc. Common Stock",398.87,54.5,86502653702.0,546551540,45.1,-8.6,4,7,False,False,False,True,True,True,True,True,True,True,False
ADUS,Addus HomeCare Corporation - Common Stock,121.09,54.4,2261270987.0,26640411,37.7,-2.7,1,5,False,False,False,True,False,True,False,True,True,True,False
BFST,"Business First Bancshares, Inc. - Common Stock",31.16,54.4,1014254354.0,8128433,38.1,-4.2,5,7,False,False,False,True,True,True,True,True,True,True,False
NVTS,Navitas Semiconductor Corporation - Common Stock,12.44,54.4,3248002991.0,256769350,128.7,-63.6,5,4,False,False,False,False,True,True,True,False,True,False,False
HBCP,"Home Bancorp, Inc. - Common Stock",68.99,54.3,543003043.0,7226580,36.5,-7.4,5,6,False,False,False,True,True,True,True,False,True,True,False
THRM,Gentherm Inc - Common Stock,40.09,54.3,1230976159.0,17366628,48.5,-17.1,3,5,False,False,False,True,False,True,False,True,True,True,False
LGIH,"LGI Homes, Inc. - Common Stock",59.07,54.2,1373275427.0,20187059,76.1,-15.0,2,7,False,False,False,True,True,True,True,True,True,True,False
SFST,"Southern First Bancshares, Inc. - Common Stock",62.12,54.2,588385421.0,8147512,51.9,-4.6,5,7,False,False,False,True,True,True,True,True,True,True,False
VVX,"V2X, Inc. Common Stock",76.41,54.2,2395098805.0,56113255,50.2,-18.7,5,6,False,False,False,True,True,True,True,False,True,True,False
INVX,"Innovex International, Inc. Common Stock",28.68,54.1,2005759518.0,16156610,76.1,-14.9,5,7,False,False,False,True,True,True,True,True,True,True,False
MCY,Mercury General Corporation Common Stock,104.48,54.1,5787003749.0,31987041,40.6,-7.6,5,6,False,False,False,True,True,True,True,False,True,True,False
CP,Canadian Pacific Kansas City Limited Common Shares,94.34,54.0,84176176043.0,238798334,37.9,-2.6,4,7,False,False,False,True,True,True,True,True,True,True,False
JBL,Jabil Inc. Common Stock,308.68,54.0,32345678633.0,444390901,62.8,-28.0,5,4,False,False,False,False,True,True,True,False,True,False,False
SGHC,Super Group (SGHC) Limited Ordinary Shares,13.95,54.0,7087671193.0,38319415,64.9,-12.0,5,6,False,False,False,True,True,True,True,False,True,True,False
PKG,Packaging Corporation of America Common Stock,246.54,53.9,21966294635.0,151852638,28.7,-5.2,5,6,False,False,False,True,True,True,True,True,False,True,False
PRKS,United Parks & Resorts Inc. Common Stock,43.72,53.9,1982322029.0,32560813,52.0,-23.2,0,5,False,False,False,True,True,False,True,False,True,True,False
CGNX,Cognex Corporation - Common Stock,59.82,53.8,10063150228.0,151223545,72.9,-17.9,5,6,False,False,False,True,True,True,True,False,True,True,False
TXN,Texas Instruments Incorporated - Common Stock,260.05,53.8,237490060744.0,2420611527,70.3,-22.1,5,6,False,False,False,True,True,True,True,False,True,True,False
RIVN,"Rivian Automotive, Inc. - Class A Common Stock",16.74,53.7,24237186946.0,524712432,35.1,-26.2,5,4,False,False,False,True,False,True,False,True,True,False,False
NOV,NOV Inc. Common Stock,19.94,53.7,7108173813.0,75817155,62.2,-8.0,5,7,False,False,False,True,True,True,True,True,True,True,False
OMF,"OneMain Holdings, Inc. Common Stock",63.23,53.7,7274072085.0,63657354,38.1,-12.1,2,5,False,False,False,True,False,True,False,True,True,True,False
FLS,Flowserve Corporation Common Stock,80.56,53.6,10240205557.0,141201398,65.4,-12.8,5,6,False,False,False,True,True,True,False,True,True,True,False
VTR,"Ventas, Inc. Common Stock",93.83,53.6,48129756865.0,336767378,41.4,-7.6,5,7,False,False,False,True,True,True,True,True,True,True,False
GLNG,Golar LNG Limited - Common Shares,52.04,53.5,5286705507.0,62831926,48.6,-9.9,5,7,False,False,False,True,True,True,True,True,True,True,False
DB,Deutsche Bank AG Common Stock,39.04,53.5,73449856000.0,74939906,38.8,-3.4,2,5,False,False,False,True,False,True,False,True,True,True,False
NSC,Norfolk Southern Corporation Common Stock,351.24,53.5,78891444933.0,390954911,30.9,-2.1,5,7,False,False,False,True,True,True,True,True,True,True,False
TTEK,"Tetra Tech, Inc. - Common Stock",36.79,53.4,9419874506.0,103006616,42.5,-14.7,1,5,False,False,False,True,False,True,False,True,True,True,False
LW,"Lamb Weston Holdings, Inc. Common Stock ",55.36,53.4,7610948769.0,80910447,47.2,-17.5,0,4,False,False,False,True,False,False,False,True,True,True,False
AAT,"American Assets Trust, Inc. Common Stock",23.09,53.3,1417823278.0,10053799,30.3,-11.1,5,6,False,False,False,True,True,True,True,False,True,True,False
ASB,Associated Banc-Corp Common Stock,30.82,53.3,5820346490.0,60692559,29.2,-5.1,5,5,False,False,False,True,True,True,True,False,False,True,False
OKE,"ONEOK, Inc. Common Stock",91.7,53.3,57804898464.0,341732989,43.2,-6.3,5,7,False,False,False,True,True,True,True,True,True,True,False
LSTR,"Landstar System, Inc. - Common Stock",178.48,53.2,6057062374.0,96621544,49.6,-21.9,5,5,False,False,False,False,True,True,True,False,True,True,False
TFX,Teleflex Incorporated Common Stock,140.18,53.2,5939762611.0,69950644,39.9,-3.3,4,7,False,False,False,True,True,True,True,True,True,True,False
LLYVK,"Liberty Live Holdings, Inc. - Series C Liberty Live Group Common Stock",107.97,53.1,9933820447.0,36915810,40.3,-1.6,5,7,False,False,False,True,True,True,True,True,True,True,False
LYFT,"Lyft, Inc. - Class A Common Stock",17.65,53.1,6681235395.0,190479295,41.7,-30.9,0,3,False,False,False,True,False,False,False,True,True,False,False
CENTA,Central Garden & Pet Company - Class A Common Stock Nonvoting,38.24,53.0,2393540948.0,13480425,47.2,-6.3,3,6,False,False,False,True,True,True,True,False,True,True,False
HBNC,"Horizon Bancorp, Inc. - Common Stock",19.55,53.0,1003785346.0,14327415,30.6,-7.1,5,6,False,False,False,True,True,True,True,False,True,True,False
ICFI,"ICF International, Inc. - Common Stock",88.38,53.0,1584996668.0,20572313,50.2,-12.9,1,5,False,False,False,True,False,True,False,True,True,True,False
CENX,Century Aluminum Company - Common Stock,44.2,52.9,4375503639.0,108391923,111.4,-37.2,5,3,False,False,False,False,True,True,False,False,True,False,False
RLI,RLI Corp. Common Stock (DE),64.9,52.9,5956065753.0,52691234,37.3,-5.5,1,5,False,False,False,True,False,True,False,True,True,True,False
AUPH,Aurinia Pharmaceuticals Inc - Common Shares,16.75,52.8,2228607064.0,24969667,62.0,-13.0,5,5,False,False,False,True,False,True,False,True,True,True,False
BXP,"BXP, Inc. Common Stock",72.13,52.8,11516388034.0,96801382,45.1,-9.1,0,4,False,False,False,True,False,False,False,True,True,True,False
SPG,"Simon Property Group, Inc. Common Stock",218.99,52.8,70854546270.0,413790256,27.2,-8.2,5,5,False,False,False,True,True,True,True,False,False,True,False
VISN,"Vistance Networks, Inc.  - Common Stock",11.04,52.7,2546115588.0,83064213,16.6,-46.3,5,4,False,False,False,True,True,True,True,False,False,False,False
LNC,Lincoln National Corporation Common Stock,42.61,52.7,8157570987.0,82912005,32.4,-10.6,2,5,False,False,False,True,False,True,False,True,True,True,False
GEN,Gen Digital Inc. - Common Stock,29.31,52.6,17544585908.0,145061139,64.8,-7.2,1,5,False,False,False,True,False,True,False,True,True,True,False
ISTR,Investar Holding Corporation - Common Stock,30.25,52.6,416755037.0,5692658,41.2,-4.8,5,7,False,False,False,True,True,True,True,True,True,True,False
OPLN,"OPENLANE, Inc. Common Stock",34.31,52.6,4188217068.0,47787723,41.1,-20.0,5,6,False,False,False,True,True,True,True,False,True,True,False
BALL,Ball Corporation Common Stock,64.08,52.5,16962191117.0,140536046,42.9,-6.2,5,7,False,False,False,True,True,True,True,True,True,True,False
MSI,"Motorola Solutions, Inc. Common Stock",485.39,52.5,80329029757.0,448079814,35.1,-1.7,1,7,False,False,False,True,True,True,True,True,True,True,False
ESLT,Elbit Systems Ltd. - Ordinary Shares,722.25,52.4,33591076859.0,68944029,59.4,-28.9,5,3,False,False,False,False,True,True,False,False,True,False,False
DVA,DaVita Inc. Common Stock,177.8,52.4,11343640000.0,185813591,76.0,-28.2,5,5,False,False,False,True,True,True,True,False,True,False,False
IRM,Iron Mountain Incorporated (Delaware)Common Stock REIT,120.9,52.4,35992269971.0,231567373,55.5,-10.2,5,6,False,False,False,True,True,True,True,False,True,True,False
EWBC,"East West Bancorp, Inc. - Common Stock",129.43,52.3,17733444522.0,115963503,39.7,-5.8,5,6,False,False,False,True,True,True,True,False,True,True,False
NPO,Enpro Inc. Common Stock,303.32,52.3,6420581001.0,91141446,50.2,-22.3,5,6,False,False,False,True,True,True,True,False,True,True,False
GILD,"Gilead Sciences, Inc. - Common Stock",148.77,52.2,184468128409.0,957148114,37.2,-5.4,5,6,False,False,False,True,True,True,False,True,True,True,False
JOE,St. Joe Company (The) Common Stock,69.51,52.2,3957235649.0,16595692,49.9,-5.5,5,6,False,False,False,True,True,True,False,True,True,True,False
LPLA,LPL Financial Holdings Inc. - Common Stock,361.88,52.1,28495259905.0,254849243,39.1,-9.6,1,5,False,False,False,True,False,True,False,True,True,True,False
CBAN,"Colony Bankcorp, Inc. Common Stock",21.18,52.1,449460039.0,5880271,34.1,-5.7,5,7,False,False,False,True,True,True,True,True,True,True,False
KWR,Quaker Houghton Common Stock,164.74,52.1,2834796827.0,25694933,46.9,-10.0,5,7,False,False,False,True,True,True,True,True,True,True,False
KYN,"Kayne Anderson Energy Infrastructure Fund, Inc.",14.54,52.0,1979352446.0,5137631,28.6,-4.2,5,6,False,False,False,True,True,True,True,True,False,True,False
NX,Quanex Building Products Corporation Common Stock,19.94,52.0,915803622.0,6533883,80.6,-13.2,2,6,False,False,False,True,True,True,False,True,True,True,False
BOKF,BOK Financial Corporation - Common Stock,138.62,51.9,8423503104.0,36046003,34.9,-5.6,5,6,False,False,False,True,True,True,True,False,True,True,False
GOOGL,Alphabet Inc. - Class A Common Stock,346.96,51.9,4243320800000.0,10875612800,69.0,-15.1,5,6,False,False,False,True,True,True,True,False,True,True,False
MTDR,Matador Resources Company Common Stock,55.55,51.9,6874546699.0,106311834,49.6,-16.9,5,6,False,False,False,True,True,True,False,True,True,True,False
CRSP,CRISPR Therapeutics AG - Common Shares,60.9,51.8,5888582568.0,89723437,38.0,-22.4,0,4,False,False,False,True,False,False,False,True,True,True,False
MA,Mastercard Incorporated Common Stock,599.37,51.8,525054077738.0,1828536201,29.0,-0.4,1,4,False,False,False,True,False,True,False,True,False,True,False
BHRB,Burke & Herbert Financial Services Corp. - Common Stock,71.76,51.7,1448621488.0,11318689,25.0,-4.4,5,6,False,False,False,True,True,True,True,True,False,True,False
BNL,"Broadstone Net Lease, Inc. Common Stock",21.55,51.7,4135293525.0,46928451,25.6,-6.7,5,6,False,False,False,True,True,True,True,True,False,True,False
HCI,"HCI Group, Inc. Common Stock",185.69,51.7,2309773213.0,31652546,28.3,-11.8,0,3,False,False,False,True,False,False,False,True,False,True,False
LLYVA,"Liberty Live Holdings, Inc. - Series A Liberty Live Group Common Stock",104.0,51.6,9568559104.0,21734661,39.8,-1.9,5,7,False,False,False,True,True,True,True,True,True,True,False
CACI,"CACI International, Inc. Class A Common Stock",612.1,51.6,13527127822.0,156910324,40.8,-10.4,1,5,False,False,False,True,False,True,False,True,True,True,False
BBT,Beacon Financial Corporation Common stock,31.4,51.5,2631825100.0,26736530,37.7,-4.4,5,7,False,False,False,True,True,True,True,True,True,True,False
RF,Regions Financial Corporation Common Stock,30.63,51.5,26094600769.0,295854402,34.9,-5.7,5,6,False,False,False,True,True,True,True,False,True,True,False
BFC,Bank First Corporation - Common Stock,152.99,51.4,1695987015.0,13896197,28.5,-3.8,5,6,False,False,False,True,True,True,True,True,False,True,False
ARDT,"Ardent Health, Inc. Common Stock",11.3,51.4,1593818749.0,5275635,46.6,-27.0,0,5,False,False,False,True,True,False,True,True,True,False,False
PFS,"Provident Financial Services, Inc Common Stock",23.46,51.4,3059714618.0,24752505,32.6,-8.0,5,6,False,False,False,True,True,True,True,False,True,True,False
FMNB,Farmers National Banc Corp. - Common Stock,15.62,51.3,925447075.0,7111075,28.9,-5.1,5,6,False,False,False,True,True,True,True,True,False,True,False
TXRH,"Texas Roadhouse, Inc. - Common Stock",203.28,51.3,13343487437.0,189046722,32.1,-6.0,3,7,False,False,False,True,True,True,True,True,True,True,False
CWBC,Community West Bancshares - Common Stock,26.0,51.2,705408028.0,9659592,31.4,-7.7,5,6,False,False,False,True,True,True,True,False,True,True,False
JKHY,"Jack Henry & Associates, Inc. - Common Stock",173.62,51.2,12335836424.0,188375148,43.4,-10.2,1,5,False,False,False,True,False,True,False,True,True,True,False
GSBD,"Goldman Sachs BDC, Inc. Common Stock",10.1,51.2,1136947577.0,8891138,20.9,-12.4,1,6,False,False,False,True,True,True,True,True,False,True,False
FBNC,First Bancorp - Common Stock,63.96,51.1,2646295175.0,16570418,39.2,-4.2,5,7,False,False,False,True,True,True,True,True,True,True,False
GE,GE Aerospace Common Stock,349.54,51.1,362669600794.0,1542057876,31.1,-10.1,5,6,False,False,False,True,True,True,True,False,True,True,False
AGIO,"Agios Pharmaceuticals, Inc. - Common Stock",33.9,51.0,2023893800.0,42494726,52.4,-26.3,0,4,False,False,False,True,True,False,True,False,True,False,False
ADX,Adams Diversified Equity Fund Inc.,25.9,51.0,,7297410,23.9,-2.5,5,6,False,False,False,True,True,True,True,True,False,True,False
CARS,Cars.com Inc. Common Stock ,12.34,51.0,660593691.0,7987366,66.8,-11.7,1,5,False,False,False,True,False,True,False,True,True,True,False
DEA,"Easterly Government Properties, Inc. Common Stock",25.1,50.9,1187772587.0,9949460,22.1,-3.3,5,6,False,False,False,True,True,True,True,True,False,True,False
HASI,"HA Sustainable Infrastructure Capital, Inc. Common Stock",39.64,50.9,5093573116.0,37291012,45.3,-10.2,5,7,False,False,False,True,True,True,True,True,True,True,False
BLKB,"Blackbaud, Inc. - Common Stock",47.42,50.8,2152398400.0,27135859,85.4,-32.9,0,3,False,False,False,True,False,False,False,True,True,False,False
EXTR,"Extreme Networks, Inc. - Common Stock",22.63,50.8,2953003477.0,57131883,67.9,-32.9,4,5,False,False,False,True,True,True,True,False,True,False,False
HAPN,"Happen, Inc. - Common Stock",18.26,50.8,2107340293.0,35767589,39.9,-15.7,5,4,False,False,False,True,False,True,False,False,True,True,False
VOYG,"Voyager Technologies, Inc. Class A Common Stock",34.51,50.7,2138507329.0,65500797,98.2,-34.1,1,6,False,False,False,True,True,True,True,True,True,False,False
WBI,WaterBridge Infrastructure LLC Class A Shares Representing Limited Liability Company Interests,31.79,50.7,3924672884.0,40564287,70.5,-13.8,1,6,False,False,False,True,True,True,True,False,True,True,False
PFE,"Pfizer, Inc. Common Stock",28.57,50.6,162839674438.0,1114892791,21.2,-0.6,5,5,False,False,False,True,True,True,False,True,False,True,False
PRMB,Primo Brands Corporation Class A Common Stock,23.35,50.6,8460966951.0,83107162,62.6,-10.9,2,6,False,False,False,True,True,True,True,False,True,True,False
CVLT,"Commvault Systems, Inc. - Common Stock",131.16,50.5,5435869014.0,100773832,82.8,-33.8,0,2,False,False,False,True,False,False,False,False,True,False,False
ITRN,Ituran Location and Control Ltd. - Ordinary Shares,51.28,50.5,1020142782.0,8691180,56.8,-24.9,5,5,False,False,False,False,True,True,True,False,True,True,False
HIPO,Hippo Holdings Inc. Common Stock,33.6,50.5,886683202.0,5474506,39.5,-13.8,0,4,False,False,False,True,False,False,False,True,True,True,False
LUNR,"Intuitive Machines, Inc. - Class A Common Stock",16.6,50.4,3800139529.0,193138030,113.4,-64.5,5,3,False,False,False,False,True,True,False,False,True,False,False
VRDN,"Viridian Therapeutics, Inc.  - Common Stock",24.18,50.4,2739407064.0,41371194,83.5,-29.5,0,3,False,False,False,True,False,False,False,True,True,False,False
GOOG,Alphabet Inc. - Class C Capital Stock,343.34,50.3,4199048200000.0,7192515283,66.7,-15.1,5,6,False,False,False,True,True,True,True,False,True,True,False
SYBT,"Stock Yards Bancorp, Inc. - Common Stock",80.14,50.3,2489680770.0,15861579,30.3,-10.2,2,7,False,False,False,True,True,True,True,True,True,True,False
TFPM,Triple Flag Precious Metals Corp. Common Shares,35.7,50.3,7375759658.0,19599561,37.3,-14.4,5,5,False,False,False,True,False,True,False,True,True,True,False
ARQT,"Arcutis Biotherapeutics, Inc. - Common stock",24.86,50.2,3124702150.0,44871387,64.6,-21.8,5,3,False,False,False,False,False,True,False,False,True,True,False
NTR,Nutrien Ltd. Common Shares,72.84,50.2,35106129052.0,182295933,37.4,-14.7,5,6,False,False,False,True,True,True,False,True,True,True,False
SBUX,Starbucks Corporation - Common Stock,105.76,50.1,120566400000.0,757046540,35.6,-4.3,5,7,False,False,False,True,True,True,True,True,True,True,False
EDU,"New Oriental Education & Technology Group, Inc. Sponsored ADR representing 10 Ordinary Share (Cayman Islands)",57.07,50.1,9082447781.0,37535227,29.0,-12.2,0,3,False,False,False,True,False,False,False,True,False,True,False
EL,"Estee Lauder Companies, Inc. (The) Common Stock",104.85,50.1,37934579750.0,272765517,58.3,-13.8,0,4,False,False,False,True,False,False,False,True,True,True,False
TRUP,"Trupanion, Inc. - Common Stock",31.84,50.0,1396903934.0,12364245,50.5,-32.3,0,3,False,False,False,True,False,False,False,True,True,False,False
MCK,McKesson Corporation Common Stock,905.09,50.0,105524771648.0,877006937,34.4,-9.4,5,6,False,False,False,True,True,True,False,True,True,True,False
MPWR,"Monolithic Power Systems, Inc. - Common Stock",1304.15,49.9,64089843450.0,1332752150,62.8,-23.9,5,5,False,False,False,False,True,True,True,False,True,True,False
SFNC,Simmons First National Corporation - Common Stock,22.7,49.9,3280463010.0,33988344,33.5,-6.7,5,6,False,False,False,True,True,True,True,False,True,True,False
HAFC,Hanmi Financial Corporation - Common Stock,30.96,49.8,917940935.0,8389746,35.5,-7.6,5,6,False,False,False,True,True,True,True,False,True,True,False
ELAN,Elanco Animal Health Incorporated Common Stock,25.09,49.8,12535511715.0,151329581,46.6,-10.3,5,7,False,False,False,True,True,True,True,True,True,True,False
NVS,Novartis AG Common Stock,159.98,49.8,305266105606.0,285975452,31.6,-6.1,5,7,False,False,False,True,True,True,True,True,True,True,False
HAS,"Hasbro, Inc. - Common Stock",96.74,49.7,13644641738.0,185713427,39.2,-9.6,5,6,False,False,False,True,True,True,False,True,True,True,False
HFWA,Heritage Financial Corporation - Common Stock,28.77,49.7,1177140604.0,11600899,34.9,-7.9,5,6,False,False,False,True,True,True,True,False,True,True,False
TPG,TPG Inc. - Class A Common Stock,52.88,49.6,19984344346.0,121460650,43.1,-24.9,0,4,False,False,False,True,False,False,False,True,True,True,False
TROW,"T. Rowe Price Group, Inc. - Common Stock",112.87,49.6,24076959990.0,232142537,32.4,-7.5,5,6,False,False,False,True,True,True,True,False,True,True,False
TREX,"Trex Company, Inc. Common Stock",46.84,49.6,4771365500.0,94918040,57.3,-29.1,0,5,False,False,False,True,True,False,True,True,True,False,False
VCYT,"Veracyte, Inc. - Common Stock",44.04,49.5,3540407793.0,70141136,55.9,-27.7,5,3,False,False,False,True,False,True,False,False,True,False,False
AAUC,Allied Gold Corporation Common Shares,23.79,49.5,3315086374.0,15868950,76.7,-26.1,5,4,False,False,False,False,True,True,False,True,True,False,False
FAST,Fastenal Company - Common Stock,50.31,49.4,57730602898.0,387469472,29.1,-4.9,1,6,False,False,False,True,True,True,True,True,False,True,False
AUB,Atlantic Union Bankshares Corporation Common Stock,40.52,49.4,5786859586.0,47775067,31.3,-7.1,5,6,False,False,False,True,True,True,True,False,True,True,False
BP,BP p.l.c. Common Stock,42.86,49.4,112204496987.0,369853909,31.0,-11.2,5,6,False,False,False,True,True,True,False,True,True,True,False
AMCR,Amcor plc Ordinary Shares,47.27,49.3,21855080766.0,165063856,30.4,-7.2,2,7,False,False,False,True,True,True,True,True,True,True,False
OSK,Oshkosh Corporation (Holding Company)Common Stock,155.23,49.3,9583861237.0,114379690,32.9,-14.0,2,6,False,False,False,True,True,True,False,True,True,True,False
FWRD,Forward Air Corporation - Common Stock,17.41,49.2,588124807.0,12894060,121.5,-45.6,0,2,False,False,False,False,False,False,False,True,True,False,False
MUR,Murphy Oil Corporation Common Stock,34.62,49.2,4963854548.0,65785225,46.9,-20.1,5,4,False,False,False,False,True,True,False,False,True,True,False
RACE,Ferrari N.V. Common Shares,421.85,49.2,98689501668.0,189553114,35.0,-16.4,1,5,False,False,False,True,False,True,False,True,True,True,False
VERA,"Vera Therapeutics, Inc. - Class A Common Stock",35.28,49.1,2542394459.0,82931130,66.8,-37.1,5,2,False,False,False,False,False,True,False,False,True,False,False
HTGC,"Hercules Capital, Inc. Common Stock",17.59,49.1,3292214760.0,24807902,28.4,-10.3,1,4,False,False,False,True,False,True,False,True,False,True,False
AME,"AMETEK, Inc.",241.77,49.0,55428490962.0,297111521,34.9,-7.4,5,7,False,False,False,True,True,True,True,True,True,True,False
KTB,"Kontoor Brands, Inc. Common Stock ",80.01,49.0,4372836136.0,64512023,42.4,-10.1,5,6,False,False,False,True,True,True,True,False,True,True,False
CVBF,CVB Financial Corporation - Common Stock,22.39,48.9,3940582570.0,34668760,24.7,-4.4,5,5,False,False,False,True,True,True,True,False,False,True,False
ECG,"Everus Construction Group, Inc. Common Stock",118.07,48.9,6029107117.0,87418901,61.7,-31.2,5,4,False,False,False,False,True,True,True,False,True,False,False
MHO,"M/I Homes, Inc. Common Stock",154.21,48.9,3898896211.0,37822779,32.1,-5.8,2,7,False,False,False,True,True,True,True,True,True,True,False
AX,"Axos Financial, Inc. Common Stock",98.82,48.8,5606537086.0,36985682,32.0,-6.5,2,7,False,False,False,True,True,True,True,True,True,True,False
CWT,California Water Service Group Common Stock,50.61,48.8,3129676902.0,25927554,22.6,-6.0,2,6,False,False,False,True,True,True,True,True,False,True,False
EXLS,"ExlService Holdings, Inc. - Common Stock",37.45,48.7,5677888088.0,81184421,50.7,-16.9,0,4,False,False,False,True,False,False,False,True,True,True,False
FOXA,Fox Corporation - Class A Common Stock,70.33,48.7,29513994979.0,423654692,45.5,-7.9,1,5,False,False,False,True,False,True,False,True,True,True,False
RVT,"Royce Small-Cap Trust, Inc. Common Stock",18.71,48.7,2019870138.0,5841780,25.0,-2.1,5,6,False,False,False,True,True,True,True,True,False,True,False
EQBK,"Equity Bancshares, Inc. Class A Common Stock",49.77,48.6,1024888227.0,6913479,28.9,-4.8,5,6,False,False,False,True,True,True,True,True,False,True,False
NLY,Annaly Capital Management Inc. Common Stock,23.1,48.6,17410803610.0,172879878,15.5,-5.8,5,6,False,False,False,True,True,True,True,True,False,True,False
UAL,"United Airlines Holdings, Inc. - Common Stock",117.41,48.5,38109380671.0,549612867,38.7,-15.4,5,6,False,False,False,True,True,True,True,False,True,True,False
NATL,NCR Atleos Corporation Common Stock,46.4,48.5,3428817738.0,31540141,39.3,-4.3,5,7,False,False,False,True,True,True,True,True,True,True,False
SPNT,SiriusPoint Ltd. Common Shares,23.96,48.5,2783313783.0,18443811,39.5,-9.5,5,6,False,False,False,True,True,True,True,False,True,True,False
ASND,Ascendis Pharma A/S - Ordinary Share,252.99,48.4,16614684119.0,174540827,36.0,-10.3,5,6,False,False,False,True,True,True,True,False,True,True,False
WRBY,Warby Parker Inc. Class A Common Stock,26.0,48.4,3213809404.0,82603568,73.8,-16.1,2,6,False,False,False,True,True,True,True,False,True,True,False
FSUN,FirstSun Capital Bancorp - Common Stock,40.29,48.3,1876868272.0,12149169,34.5,-4.8,1,7,False,False,False,True,True,True,True,True,True,True,False
ESNT,Essent Group Ltd. Common Shares,69.0,48.3,6201478017.0,46007937,24.7,-1.9,2,4,False,False,False,True,False,True,False,True,False,True,False
MSEX,Middlesex Water Company - Common Stock,58.67,48.2,1105574312.0,10042886,32.8,-5.6,3,7,False,False,False,True,True,True,True,True,True,True,False
WABC,Westamerica Bancorporation - Common Stock,57.92,48.2,1338597982.0,11683544,28.9,-8.9,5,5,False,False,False,True,True,True,True,False,False,True,False
PBA,Pembina Pipeline Corp. Ordinary Shares (Canada),48.1,48.2,27972795500.0,50182468,32.9,-6.7,5,6,False,False,False,True,True,True,True,False,True,True,False
AEIS,"Advanced Energy Industries, Inc. - Common Stock",275.43,48.1,11031093240.0,264643748,91.2,-30.7,5,3,False,False,False,False,True,True,False,False,True,False,False
MMM,3M Company Common Stock,179.37,48.1,92505129937.0,585430073,28.7,-3.0,3,4,False,False,False,True,False,True,False,True,False,True,False
BTU,Peabody Energy Corporation Common Stock ,27.46,48.0,3347374000.0,60782122,69.4,-33.3,0,2,False,False,False,False,False,False,False,True,True,False,False
DAN,Dana Incorporated Common Stock ,30.16,48.0,3244512639.0,48077055,70.0,-23.8,5,5,False,False,False,False,True,True,False,True,True,True,False
PWR,"Quanta Services, Inc. Common Stock",603.78,48.0,88954773965.0,857199274,66.3,-23.5,5,5,False,False,False,False,True,True,True,False,True,True,False
AVPT,"AvePoint, Inc. - Class A Common Stock",13.07,47.9,2765160118.0,28761901,47.9,-22.1,0,4,False,False,False,True,False,False,False,True,True,True,False
MIRM,"Mirum Pharmaceuticals, Inc. - common stock",98.08,47.9,6368550470.0,93612895,55.1,-24.6,5,5,False,False,False,False,True,True,True,False,True,True,False
AAPL,Apple Inc. - Common Stock,309.9,47.8,4522736382000.0,17371536923,37.9,-10.1,5,6,False,False,False,True,True,True,True,False,True,True,False
CDW,CDW Corporation - Common Stock,142.09,47.8,17763726060.0,270933847,46.3,-17.2,0,4,False,False,False,True,False,False,False,True,True,True,False
OCSL,Oaktree Specialty Lending Corporation - Closed End Fund,13.15,47.8,1158324627.0,6679224,23.7,-8.1,1,4,False,False,False,True,False,True,False,True,False,True,False
EMR,Emerson Electric Company Common Stock,154.96,47.7,86436688000.0,424746460,26.4,-6.8,3,6,False,False,False,True,True,True,True,True,False,True,False
XPO,"XPO, Inc. Common Stock",191.93,47.7,22472405227.0,229651273,58.0,-17.3,5,5,False,False,False,False,True,True,True,False,True,True,False
TCBK,TriCo Bancshares - Common Stock,53.88,47.6,1722362024.0,21676051,33.2,-12.7,5,6,False,False,False,True,True,True,True,False,True,True,False
ZM,"Zoom Communications, Inc. - Class A Common Stock",100.92,47.6,29592995441.0,321109035,42.7,-12.0,5,7,False,False,False,True,True,True,True,True,True,True,False
WWW,"Wolverine World Wide, Inc. Common Stock",20.47,47.6,1679897959.0,16366639,52.0,-37.6,0,5,False,False,False,True,True,False,True,True,True,False,False
LYB,LyondellBasell Industries NV Ordinary Shares Class A (Netherlands),62.55,47.5,20206023898.0,293345521,50.4,-25.5,5,4,False,False,False,False,True,True,False,True,True,False,False
NVGS,Navigator Holdings Ltd. Ordinary Shares (Marshall Islands),22.18,47.5,1368505357.0,10025599,57.5,-8.9,5,7,False,False,False,True,True,True,True,True,True,True,False
ODFL,"Old Dominion Freight Line, Inc. - Common Stock",198.34,47.4,41127112407.0,376893340,57.4,-21.3,5,5,False,False,False,False,True,True,True,False,True,True,False
HLIO,"Helios Technologies, Inc. Common Stock",74.27,47.4,2447239354.0,28458348,58.0,-21.9,5,5,False,False,False,False,True,True,True,False,True,True,False
NBBK,"NB Bancorp, Inc. - Common Stock",22.43,47.3,982848731.0,7201389,33.2,-4.4,5,7,False,False,False,True,True,True,True,True,True,True,False
PENN,"PENN Entertainment, Inc. - Common Stock",17.75,47.3,2379681990.0,64081878,52.4,-20.6,3,6,False,False,False,True,True,True,True,False,True,True,False
RJF,"Raymond James Financial, Inc. Common Stock",174.71,47.3,33607514529.0,217477389,25.9,-4.4,1,4,False,False,False,True,False,True,False,True,False,True,False
APAM,Artisan Partners Asset Management Inc. Class A Common Stock,43.64,47.2,3538011275.0,33895745,28.5,-8.3,1,4,False,False,False,True,False,True,False,True,False,True,False
TNL,Travel   Leisure Co. Common  Stock,73.67,47.2,4508915771.0,56133186,26.9,-9.0,5,5,False,False,False,True,True,True,True,False,False,True,False
GIII,"G-III Apparel Group, LTD. - Common Stock",33.29,47.1,1404524175.0,17760108,35.3,-11.3,5,6,False,False,False,True,True,True,True,False,True,True,False
XPEL,"XPEL, Inc. - Common Stock",50.22,47.1,1384602965.0,11694832,59.4,-10.2,5,5,False,False,False,True,False,True,False,True,True,True,False
HMN,Horace Mann Educators Corporation Common Stock,51.02,47.1,2066363775.0,14391205,23.6,-8.2,5,5,False,False,False,True,True,True,True,False,False,True,False
NCNO,"nCino, Inc. - Common Stock",20.81,47.0,2279796890.0,50901673,50.8,-38.6,0,3,False,False,False,True,False,False,False,True,True,False,False
AGX,"Argan, Inc. Common Stock",450.46,47.0,6315110004.0,205411641,128.7,-44.1,5,4,False,False,False,False,True,True,True,False,True,False,False
ONB,Old National Bancorp - Common Stock,25.66,46.9,9816746200.0,115082882,32.3,-6.2,5,6,False,False,False,True,True,True,True,False,True,True,False
AGRO,Adecoagro S.A. Common Shares,11.03,46.9,1591722380.0,8515357,60.1,-30.6,5,4,False,False,False,False,True,True,False,True,True,False,False
SYF,Synchrony Financial Common Stock,80.77,46.9,30051088152.0,278103454,28.0,-9.0,5,4,False,False,False,True,False,True,False,True,False,True,False
AGNC,AGNC Investment Corp. - Common Stock,10.91,46.8,12933602587.0,190304781,13.4,-10.5,5,6,False,False,False,True,True,True,True,True,False,True,False
PM,Philip Morris International Inc Common Stock,193.92,46.8,302246318091.0,969710692,36.5,-6.7,4,7,False,False,False,True,True,True,True,True,True,True,False
FWONA,Liberty Media Corporation - Series A Liberty Formula One Common Stock,96.26,46.7,24133198766.0,14843283,30.6,-3.3,1,5,False,False,False,True,False,True,False,True,True,True,False
PRGO,Perrigo Company plc Ordinary Shares,14.48,46.7,2009378668.0,37572229,56.9,-40.9,0,3,False,False,False,True,False,False,False,True,True,False,False
SANM,Sanmina Corporation - Common Stock,191.11,46.6,10242990705.0,242421194,73.0,-33.8,5,5,False,False,False,True,True,True,True,False,True,False,False
BLX,"Bladex, Inc. Class E Common Stock",54.58,46.6,2052148999.0,11287525,42.1,-13.6,5,6,False,False,False,True,True,True,True,False,True,True,False
SSB,SouthState Bank Corporation Common Stock,106.12,46.6,10290937548.0,89981451,25.6,-5.4,2,6,False,False,False,True,True,True,True,True,False,True,False
OCUL,"Ocular Therapeutix, Inc. - Common Stock",10.88,46.5,2389420644.0,27508726,74.6,-33.8,0,3,False,False,False,True,False,False,False,True,True,False,False
BX,Blackstone Inc. Common Stock,143.41,46.5,107647147599.0,624553632,41.0,-24.6,0,4,False,False,False,True,False,False,False,True,True,True,False
PTCT,"PTC Therapeutics, Inc. - Common Stock",73.47,46.4,6131865123.0,141240034,52.2,-19.1,5,4,False,False,False,True,False,True,False,False,True,True,False
FLR,Fluor Corporation Common Stock,51.26,46.4,6855567094.0,133330670,30.3,-11.5,3,6,False,False,False,True,True,True,True,False,True,True,False
VZ,Verizon Communications Inc. Common Stock,50.25,46.4,208777453901.0,1262164395,30.9,-2.8,5,6,False,False,False,True,True,True,False,True,True,True,False
CMPR,Cimpress plc - Ordinary Shares,87.88,46.3,2139831951.0,20911511,56.0,-17.5,5,6,False,False,False,True,True,True,True,False,True,True,False
DRI,"Darden Restaurants, Inc. Common Stock",220.41,46.3,25143925147.0,288104295,30.4,-4.1,3,7,False,False,False,True,True,True,True,True,True,True,False
MSFT,Microsoft Corporation - Common Stock,491.71,46.2,3651214973380.0,16216066010,40.8,-11.2,0,4,False,False,False,True,False,False,False,True,True,True,False
DDS,"Dillard's, Inc. Common Stock",637.3,46.2,9954288868.0,78392740,26.7,-14.1,1,4,False,False,False,True,False,True,False,True,False,True,False
EQH,"Equitable Holdings, Inc. Common Stock",48.91,46.2,13354149529.0,146115286,39.0,-11.3,1,5,False,False,False,True,False,True,False,True,True,True,False
CRBG,Corebridge Financial Inc. Common Stock,31.83,46.1,14188939375.0,141560701,43.4,-9.6,1,5,False,False,False,True,False,True,False,True,True,True,False
SKT,Tanger Inc. Common Stock,38.45,46.1,4417097127.0,41719176,23.5,-9.6,5,5,False,False,False,True,True,True,True,False,False,True,False
LAMR,Lamar Advertising Company - Class A Common Stock,151.85,46.0,15420319515.0,105422932,32.7,-8.7,5,6,False,False,False,True,True,True,True,False,True,True,False
UTHR,United Therapeutics Corporation - Common Stock,518.53,46.0,22240110523.0,277006206,71.6,-14.9,5,4,False,False,False,False,True,True,False,False,True,True,False
EPD,Enterprise Products Partners L.P. Common Stock,38.27,46.0,82643191258.0,118462184,27.5,-4.7,5,6,False,False,False,True,True,True,True,True,False,True,False
ESTA,Establishment Labs Holdings Inc. - Common Shares,72.15,45.9,2150206436.0,54689681,97.5,-26.1,5,4,False,False,False,False,True,True,True,False,True,False,False
PPTA,Perpetua Resources Corp. - Common Shares,27.02,45.9,3380088597.0,30262356,64.4,-27.7,0,4,False,False,False,True,True,False,False,True,True,False,False
KEX,Kirby Corporation Common Stock,137.64,45.8,7267392000.0,80004968,73.1,-12.7,5,6,False,False,False,True,True,True,True,False,True,True,False
NGVT,Ingevity Corporation Common Stock ,69.05,45.8,2373795514.0,19932886,50.6,-12.9,5,5,False,False,False,False,True,True,True,False,True,True,False
CMCO,Columbus McKinnon Corporation - Common Stock,17.79,45.7,513494901.0,11149249,48.4,-27.1,1,4,False,False,False,True,False,True,False,True,True,False,False
INDB,Independent Bank Corp. - Common Stock,83.19,45.7,3940635346.0,33305126,31.4,-4.9,5,6,False,False,False,True,True,True,True,False,True,True,False
SSNC,"SS&C Technologies Holdings, Inc. - Common Stock",82.99,45.7,19474018118.0,132977434,35.2,-8.6,0,4,False,False,False,True,False,False,False,True,True,True,False
TBBK,"The Bancorp, Inc. - Common Stock",66.98,45.6,2731900467.0,27630005,33.4,-18.0,0,4,False,False,False,True,False,False,False,True,True,True,False
MTD,"Mettler-Toledo International, Inc. Common Stock",1402.25,45.6,28096264858.0,254580163,37.1,-8.1,2,5,False,False,False,True,False,True,False,True,True,True,False
TOWN,Towne Bank - Common Stock,37.76,45.5,2817550381.0,25016257,18.3,-3.3,2,6,False,False,False,True,True,True,True,True,False,True,False
IP,International Paper Company Common Stock,40.99,45.5,21707069996.0,203457735,40.1,-18.4,0,4,False,False,False,True,False,False,False,True,True,True,False
PCG,Pacific Gas & Electric Co. Common Stock,18.36,45.5,49206828707.0,379610010,28.0,-4.2,5,6,False,False,False,True,True,True,True,True,False,True,False
DOCU,"DocuSign, Inc. - Common Stock",60.54,45.4,11559786568.0,177121741,50.7,-30.1,0,3,False,False,False,True,False,False,False,True,True,False,False
FIBK,"First Interstate BancSystem, Inc. - Common Stock",37.06,45.4,3531988735.0,43719624,27.4,-8.7,5,5,False,False,False,True,True,True,True,False,False,True,False
FOX,Fox Corporation - Class B Common Stock,62.69,45.3,26307867841.0,93726063,42.2,-8.0,1,5,False,False,False,True,False,True,False,True,True,True,False
NXG,NXG NextGen Infrastructure Income Fund Common Shares of Beneficial Interest,55.1,45.3,143354441.0,6941789,20.3,-16.2,5,5,False,False,False,True,True,True,True,False,False,True,False
REX,REX American Resources Corporation,41.51,45.3,1367244674.0,8372578,39.2,-22.2,5,5,False,False,False,False,True,True,True,False,True,True,False
CTVA,"Corteva, Inc. Common Stock ",83.05,45.2,55410627800.0,366804704,37.2,-8.7,5,7,False,False,False,True,True,True,True,True,True,True,False
PSA,Public Storage Common Stock,322.67,45.2,56667671308.0,332375484,25.8,-3.8,4,6,False,False,False,True,True,True,True,True,False,True,False
SLM,SLM Corporation - Common Stock,26.47,45.1,4974955978.0,69496094,49.0,-17.5,1,5,False,False,False,True,False,True,False,True,True,True,False
FAF,First American Corporation (New) Common Stock,73.28,45.1,7481888000.0,59160160,30.4,-8.3,5,7,False,False,False,True,True,True,True,True,True,True,False
FWONK,Liberty Media Corporation - Series C Liberty Formula One Common Stock,104.5,45.0,26199036683.0,205109856,30.4,-4.4,1,5,False,False,False,True,False,True,False,True,True,True,False
GOOD,Gladstone Commercial Corporation - Real Estate Investment Trust,13.12,45.0,635106413.0,6103834,27.0,-2.6,3,6,False,False,False,True,True,True,True,True,False,True,False
BRC,Brady Corporation Common Stock,93.62,45.0,4410699400.0,19308432,32.7,-5.7,5,7,False,False,False,True,True,True,True,True,True,True,False
BANR,Banner Corporation - Common Stock,70.31,44.9,2389478952.0,25745684,23.2,-6.1,5,6,False,False,False,True,True,True,True,True,False,True,False
CECO,CECO Environmental Corp. - Common Stock,70.27,44.9,4115701954.0,70390380,64.3,-30.6,5,4,False,False,False,False,True,True,True,False,True,False,False
MORN,"Morningstar, Inc. - Common Stock",215.01,44.8,8065792901.0,73314394,52.0,-19.1,0,4,False,False,False,True,False,False,False,True,True,True,False
AM,Antero Midstream Corporation Common Stock,21.91,44.8,10400107340.0,54396795,29.2,-8.1,5,5,False,False,False,True,True,True,True,False,False,True,False
EG,"Everest Group, Ltd. Common Stock",375.39,44.8,14393478916.0,136610433,24.1,-6.4,4,6,False,False,False,True,True,True,True,True,False,True,False
AR,Antero Resources Corporation Common Stock,37.95,44.7,11667310050.0,160129497,30.4,-17.0,5,6,False,False,False,True,True,True,False,True,True,True,False
PRI,"Primerica, Inc. Common Stock",297.72,44.7,9163032642.0,57841009,29.4,-9.0,4,5,False,False,False,True,True,True,True,False,False,True,False
NDAQ,"Nasdaq, Inc. - Common Stock",98.73,44.6,55187835938.0,363459865,29.0,-3.0,1,4,False,False,False,True,False,True,False,True,False,True,False
REAL,"The RealReal, Inc. - Common Stock",11.12,44.6,1352982799.0,40037759,54.2,-36.1,5,2,False,False,False,False,False,True,False,False,True,False,False
SNA,Snap-On Incorporated Common Stock,394.56,44.6,20409454045.0,146611323,23.6,-6.7,5,5,False,False,False,True,True,True,True,False,False,True,False
JCI,Johnson Controls International plc Ordinary Share,141.82,44.5,85906255275.0,582261067,36.6,-9.7,5,6,False,False,False,True,True,True,True,False,True,True,False
TRU,TransUnion Common Stock,85.01,44.5,16287916000.0,185038085,34.1,-11.0,1,5,False,False,False,True,False,True,False,True,True,True,False
INDV,"Indivior Pharmaceuticals, Inc.  - Common Stock",35.97,44.4,4487970425.0,82512773,61.9,-16.0,5,6,False,False,False,True,True,True,True,False,True,True,False
VRSN,"VeriSign, Inc. - Common Stock",293.75,44.4,26525625000.0,226303405,40.6,-6.0,1,7,False,False,False,True,True,True,True,True,True,True,False
KEY,KeyCorp Common Stock,21.89,44.4,23359444047.0,240981415,32.9,-9.1,5,6,False,False,False,True,True,True,True,False,True,True,False
ECAT,BlackRock ESG Capital Allocation Term Trust Common Shares of Beneficial Interest,15.5,44.3,1676092500.0,7467634,16.0,-8.0,5,6,False,False,False,True,True,True,True,True,False,True,False
GD,General Dynamics Corporation Common Stock,376.58,44.3,101886428493.0,435759491,22.8,-5.9,5,6,False,False,False,True,True,True,True,True,False,True,False
CCJ,Cameco Corporation Common Stock,106.96,44.2,46584607327.0,313026232,46.1,-20.9,5,5,False,False,False,False,True,True,False,True,True,True,False
LOAR,Loar Holdings Inc. Common Stock,73.11,44.2,6849564115.0,53345430,37.6,-12.4,0,3,False,False,False,True,False,False,False,False,True,True,False
SBCF,Seacoast Banking Corporation of Florida - Common Stock,34.0,44.1,3291975166.0,36396907,19.0,-6.3,5,6,False,False,False,True,True,True,True,True,False,True,False
STRA,"Strategic Education, Inc. - Common Stock",86.03,44.1,1910516301.0,24314252,23.4,-4.1,1,6,False,False,False,True,True,True,True,True,False,True,False
CVNA,Carvana Co. Class A Common Stock,75.77,44.1,83382139853.0,728835113,39.1,-22.2,1,5,False,False,False,True,False,True,False,True,True,True,False
SIGI,"Selective Insurance Group, Inc. - Common Stock",91.91,44.0,5474997727.0,53464397,26.3,-8.5,4,5,False,False,False,True,True,True,True,False,False,True,False
ESS,"Essex Property Trust, Inc. Common Stock",292.0,44.0,18766384188.0,130299311,22.5,-3.7,3,6,False,False,False,True,True,True,True,True,False,True,False
IBCP,Independent Bank Corporation - Common Stock,36.71,43.9,814936119.0,7571453,23.1,-6.4,5,6,False,False,False,True,True,True,True,True,False,True,False
AZZ,AZZ Inc.,138.51,43.9,4162433404.0,45683350,49.0,-14.6,5,5,False,False,False,False,True,True,True,False,True,True,False
FRT,Federal Realty Investment Trust Common Stock,117.75,43.9,10231195411.0,104761335,30.8,-8.2,5,6,False,False,False,True,True,True,True,False,True,True,False
CBT,Cabot Corporation Common Stock,83.64,43.8,4318417425.0,47238470,43.4,-11.5,4,6,False,False,False,True,True,True,True,False,True,True,False
GTY,Getty Realty Corporation Common Stock,33.53,43.8,2076603397.0,18597584,32.1,-9.0,5,6,False,False,False,True,True,True,True,False,True,True,False
APEI,"American Public Education, Inc. - Common Stock",46.22,43.7,845897317.0,17065959,59.1,-25.0,5,4,False,False,False,False,True,True,False,False,True,True,False
STRL,"Sterling Infrastructure, Inc. - Common Stock",486.39,43.7,14877949270.0,552489688,82.8,-51.6,5,4,False,False,False,False,True,True,True,False,True,False,False
ETN,"Eaton Corporation, PLC Ordinary Shares",409.2,43.7,158933280000.0,942056081,31.2,-14.4,5,6,False,False,False,True,True,True,True,False,True,True,False
PNRG,PrimeEnergy Resources Corporation - Common Stock,207.11,43.6,327772286.0,14531168,63.9,-25.7,5,5,False,False,False,True,True,True,False,True,True,False,False
RFIL,"RF Industries, Ltd. - Common Stock",10.73,43.6,116434073.0,5175127,93.7,-51.9,5,4,False,False,False,False,True,True,True,False,True,False,False
ABT,Abbott Laboratories Common Stock,116.13,43.5,200949412164.0,1142458993,41.7,-15.5,0,4,False,False,False,True,False,False,False,True,True,True,False
LOB,"Live Oak Bancshares, Inc. Common Stock",39.99,43.5,1850881964.0,10971703,36.2,-10.2,5,6,False,False,False,True,True,True,True,False,True,True,False
TRMK,Trustmark Corporation - Common Stock,46.11,43.4,2677634305.0,20493730,26.9,-5.9,5,5,False,False,False,True,True,True,True,False,False,True,False
ENR,"Energizer Holdings, Inc. Common Stock",21.94,43.4,1502530996.0,22954061,39.3,-27.6,0,5,False,False,False,True,True,False,True,True,True,False,False
LTC,"LTC Properties, Inc. Common Stock",40.69,43.4,2193417358.0,23202205,21.0,-5.4,5,6,False,False,False,True,True,True,True,True,False,True,False
HEI,Heico Corporation Common Stock,351.05,43.3,49054922393.0,157045272,37.1,-6.8,3,4,False,False,False,True,False,True,False,False,True,True,False
VTOL,"Bristow Group, Inc. Common Stock",45.9,43.3,1360567800.0,10648815,31.0,-8.9,5,6,False,False,False,True,True,True,False,True,True,True,False
AMZN,"Amazon.com, Inc. - Common Stock",261.06,43.2,2815875021106.0,12614227607,33.2,-9.1,5,7,False,False,False,True,True,True,True,True,True,True,False
SBSW,D/B/A Sibanye-Stillwater Limited ADS,12.53,43.2,8866751954.0,50792252,76.5,-41.1,0,3,False,False,False,True,False,False,False,True,True,False,False
VRTS,"Virtus Investment Partners, Inc. Common Stock",166.26,43.2,1101088439.0,21423905,36.7,-18.3,0,4,False,False,False,True,False,False,False,True,True,True,False
EPR,EPR Properties Common Stock,60.33,43.1,4621816264.0,42568754,25.4,-7.1,4,6,False,False,False,True,True,True,True,True,False,True,False
EVTC,"Evertec, Inc. Common Stock",29.92,43.1,1787796057.0,14436389,37.2,-18.9,1,5,False,False,False,True,False,True,False,True,True,True,False
MAR,Marriott International - Class A Common Stock,357.77,43.0,93294354858.0,601032658,39.3,-12.9,5,6,False,False,False,True,True,True,True,False,True,True,False
ESI,Element Solutions Inc. Common Stock,35.5,43.0,8651027447.0,205421173,55.3,-27.9,5,4,False,False,False,False,True,True,True,False,True,False,False
MAGN,Magnera Corporation Common Stock,12.74,43.0,456092000.0,5618041,62.9,-17.9,2,4,False,False,False,True,False,True,False,False,True,True,False
CNA,CNA Financial Corporation Common Stock,49.14,42.9,13297329602.0,25731189,18.3,-11.8,2,5,False,False,False,True,True,True,True,False,False,True,False
SEI,"Solaris Energy Infrastructure, Inc. Class A Common Stock",52.89,42.9,4049596473.0,193001320,115.3,-38.6,5,4,False,False,False,False,True,True,True,False,True,False,False
MRTN,"Marten Transport, Ltd. - Common Stock",14.49,42.8,1183277584.0,11782337,55.0,-21.6,5,5,False,False,False,False,True,True,True,False,True,True,False
WAFD,"WaFd, Inc. - Common Stock",36.21,42.8,2679367568.0,22807459,37.6,-8.3,5,6,False,False,False,True,True,True,True,False,True,True,False
ST,Sensata Technologies Holding plc Ordinary Shares,42.17,42.8,6137247301.0,76841887,49.8,-21.7,5,6,False,False,False,True,True,True,True,False,True,True,False
BLK,"BlackRock, Inc. Common Stock",1176.64,42.7,182225364910.0,803237187,28.3,-3.5,1,4,False,False,False,True,False,True,False,True,False,True,False
CB,Chubb Limited  Common Stock,343.11,42.7,132371789621.0,638762249,29.3,-6.2,5,5,False,False,False,True,True,True,True,False,False,True,False
PLMR,"Palomar Holdings, Inc. - Common stock",131.755,42.6,3467486324.0,38445730,30.7,-10.7,2,5,False,False,False,True,False,True,False,True,True,True,False
DHR,Danaher Corporation Common Stock,215.97,42.6,151823898082.0,971431528,34.2,-11.1,0,4,False,False,False,True,False,False,False,True,True,True,False
VKTX,"Viking Therapeutics, Inc. - Common Stock",34.17,42.5,3986030857.0,83031455,48.8,-20.8,0,3,False,False,False,True,False,False,False,False,True,True,False
MTN,"Vail Resorts, Inc. Common Stock",147.84,42.5,5268060484.0,101207305,24.7,-10.7,2,4,False,False,False,True,False,True,False,True,False,True,False
SFBS,"ServisFirst Bancshares, Inc. Common Stock",43.13,42.5,2358025356.0,27297488,28.4,-6.3,2,5,False,False,False,True,True,True,True,False,False,True,False
ROP,"Roper Technologies, Inc. - Common Stock",413.37,42.4,40882654285.0,357527585,35.1,-23.0,0,4,False,False,False,True,False,False,False,True,True,True,False
BC,Brunswick Corporation Common Stock,80.33,42.4,5205177391.0,57183670,37.2,-11.0,5,6,False,False,False,True,True,True,True,False,True,True,False
FCNCA,"First Citizens BancShares, Inc. - Class A Common Stock",2158.9199,42.3,24380942630.0,164114331,33.0,-6.0,3,7,False,False,False,True,True,True,True,True,True,True,False
DG,Dollar General Corporation Common Stock,122.58,42.3,27039511189.0,292481023,28.9,-22.5,2,4,False,False,False,False,True,True,False,True,False,True,False
MRSH,Marsh Common Stock,193.4,42.3,92292659231.0,441151930,23.5,-8.5,1,4,False,False,False,True,False,True,False,True,False,True,False
CBSH,"Commerce Bancshares, Inc. - Common Stock",58.23,42.2,8352055725.0,67876070,23.9,-4.4,2,5,False,False,False,True,True,True,True,False,False,True,False
CTS,CTS Corporation Common Stock,56.69,42.2,1618850695.0,17513144,57.3,-18.5,5,5,False,False,False,False,True,True,True,False,True,True,False
BKR,Baker Hughes Company - Common Stock,61.82,42.1,61367111069.0,508783655,40.8,-12.2,5,6,False,False,False,True,True,True,False,True,True,True,False
ETD,Ethan Allen Interiors Inc. Common Stock,23.76,42.1,604605015.0,13433103,30.0,-24.4,0,3,False,False,False,True,False,False,False,True,False,True,False
HLT,Hilton Worldwide Holdings Inc. Common Stock ,329.31,42.1,74116125512.0,752925506,29.9,-8.0,5,6,False,False,False,True,True,True,True,True,False,True,False
DLR,"Digital Realty Trust, Inc. Common Stock",192.32,42.0,71165357368.0,581973746,31.5,-7.6,5,7,False,False,False,True,True,True,True,True,True,True,False
NVO,Novo Nordisk A/S Common Stock,48.66,42.0,215463099103.0,567308768,38.6,-24.2,0,4,False,False,False,True,False,False,False,True,True,True,False
ABM,ABM Industries Incorporated Common Stock,46.59,41.9,2729285203.0,22503028,26.1,-7.0,2,6,False,False,False,True,True,True,True,True,False,True,False
CR,Crane Company Common Stock,206.11,41.9,11913231375.0,100270426,29.2,-10.6,3,5,False,False,False,True,True,True,True,False,False,True,False
CTAS,Cintas Corporation - Common Stock,204.76,41.8,81938719310.0,436738364,27.1,-6.6,1,4,False,False,False,True,False,True,False,True,False,True,False
ESE,ESCO Technologies Inc. Common Stock,276.82,41.8,7171732697.0,79114675,44.1,-23.6,5,5,False,False,False,False,True,True,True,False,True,True,False
TRNO,Terreno Realty Corporation Common Stock,68.38,41.8,7451389798.0,61943833,22.7,-13.4,5,5,False,False,False,True,True,True,True,False,False,True,False
LECO,"Lincoln Electric Holdings, Inc. - Common Shares",280.15,41.7,15269787824.0,114454731,29.6,-9.6,5,6,False,False,False,True,True,True,True,True,False,True,False
DLX,Deluxe Corporation Common Stock,23.93,41.7,1097341020.0,10916262,34.7,-25.4,5,3,False,False,False,False,True,True,False,False,True,False,False
FNB,F.N.B. Corporation Common Stock,18.37,41.6,6484627856.0,95401348,27.0,-6.2,5,5,False,False,False,True,True,True,True,False,False,True,False
MCO,Moody's Corporation Common Stock,513.11,41.6,88870652000.0,439501272,27.6,-6.2,1,4,False,False,False,True,False,True,False,True,False,True,False
USPH,"U.S. Physical Therapy, Inc. Common Stock",77.32,41.6,1153823009.0,17155545,32.9,-17.3,0,4,False,False,False,True,False,False,False,True,True,True,False
EBAY,eBay Inc. - Common Stock,106.0,41.5,47170000000.0,431866932,35.8,-11.2,5,6,False,False,False,True,True,True,True,False,True,True,False
PLD,"Prologis, Inc. Common Stock",143.33,41.5,135887733080.0,636350560,29.7,-6.5,5,6,False,False,False,True,True,True,True,True,False,True,False
COF,Capital One Financial Corporation Common Stock,216.24,41.4,132659960937.0,866854286,24.1,-16.7,1,4,False,False,False,True,False,True,False,True,False,True,False
CUBI,"Customers Bancorp, Inc Common Stock",78.3,41.4,2645271462.0,24026214,32.0,-7.2,5,6,False,False,False,True,True,True,True,False,True,True,False
UPS,"United Parcel Service, Inc. Common Stock",105.14,41.4,89451175531.0,553763509,28.2,-14.1,5,5,False,False,False,True,True,True,True,False,False,True,False
PCOR,"Procore Technologies, Inc. Common Stock",60.61,41.3,9210013036.0,175328567,59.4,-26.4,0,3,False,False,False,True,False,False,False,True,True,False,False
PJT,PJT Partners Inc. Class A Common Stock,174.61,41.3,7161037047.0,79062424,36.7,-10.7,0,4,False,False,False,True,False,False,False,True,True,True,False
BCPC,Balchem Corporation - Common Stock,179.5,41.2,5722104770.0,38344029,29.0,-2.4,5,6,False,False,False,True,True,True,True,True,False,True,False
COLB,"Columbia Banking System, Inc. - Common Stock",30.53,41.2,8637006242.0,94827733,28.1,-9.4,5,5,False,False,False,True,True,True,True,False,False,True,False
MCB,Metropolitan Bank Holding Corp. Common Stock,90.78,41.2,1125470287.0,14090387,40.4,-11.0,5,6,False,False,False,True,True,True,True,False,True,True,False
LINE,"Lineage, Inc. - Common Stock",41.24,41.1,9390760895.0,41377836,31.6,-9.9,3,6,False,False,False,True,True,True,True,False,True,True,False
CNNE,"Cannae Holdings, Inc. Common Stock",15.6,41.1,676637941.0,7189074,49.1,-21.5,0,4,False,False,False,True,False,False,False,True,True,True,False
EHC,Encompass Health Corporation Common Stock,120.14,41.0,11852217554.0,115210028,29.5,-6.1,0,3,False,False,False,True,False,False,False,True,False,True,False
PLOW,"Douglas Dynamics, Inc. Common Stock",41.68,41.0,961851277.0,13921409,46.1,-24.2,5,5,False,False,False,False,True,True,True,False,True,True,False
ELVR,Elevra Lithium Limited - American Depository Shares,65.39,40.9,1107554699.0,8682275,320.6,-36.4,2,4,False,False,False,False,True,True,False,True,True,False,False
SAIL,"SailPoint, Inc. - Common Stock",17.87,40.9,10135560156.0,61274393,73.5,-25.5,0,3,False,False,False,True,False,False,False,True,True,False,False
HMC,"Honda Motor Company, Ltd. Common Stock",31.8,40.9,41261352685.0,40044834,36.8,-8.9,1,5,False,False,False,True,False,True,False,True,True,True,False
PI,"Impinj, Inc. - Common Stock",166.22,40.8,5078754529.0,62437569,90.3,-32.7,0,3,False,False,False,True,False,False,False,True,True,False,False
HAL,Halliburton Company Common Stock,33.8,40.8,28159806405.0,402916389,57.9,-22.5,5,4,False,False,False,False,True,True,False,False,True,True,False
FDUS,Fidus Investment Corporation - Closed End Fund,19.75,40.7,749598689.0,7999304,17.1,-8.9,2,6,False,False,False,True,True,True,True,True,False,True,False
MRP,"Millrose Properties, Inc. Class A Common Stock",30.96,40.7,5140843820.0,41327700,17.7,-14.0,0,5,False,False,False,True,True,False,True,True,False,True,False
UCB,"United Community Banks, Inc. Common Stock",35.11,40.7,4233405910.0,34854928,22.5,-5.6,5,5,False,False,False,True,True,True,True,False,False,True,False
ITW,Illinois Tool Works Inc. Common Stock,281.65,40.6,80213920000.0,381566633,17.9,-7.1,2,6,False,False,False,True,True,True,True,True,False,True,False
MTUS,Metallus Inc. Common Shares,19.29,40.6,799556688.0,8054261,35.9,-14.6,5,6,False,False,False,True,True,True,True,False,True,True,False
SPFI,"South Plains Financial, Inc. - Common Stock",43.71,40.5,823457280.0,6955079,23.7,-6.9,5,6,False,False,False,True,True,True,True,True,False,True,False
APD,"Air Products and Chemicals, Inc. Common Stock",303.85,40.5,67662998291.0,378004397,32.6,-3.5,2,7,False,False,False,True,True,True,True,True,True,True,False
HOMB,"Home BancShares, Inc. Common Stock",29.9,40.5,5981483937.0,54824214,17.3,-5.7,2,6,False,False,False,True,True,True,True,True,False,True,False
AER,AerCap Holdings N.V. Ordinary Shares,147.44,40.4,22769168784.0,161269108,24.0,-7.2,5,5,False,False,False,True,True,True,True,False,False,True,False
FR,"First Industrial Realty Trust, Inc. Common Stock",63.49,40.4,8417056342.0,74074960,26.4,-9.1,5,5,False,False,False,True,True,True,True,False,False,True,False
EFSC,Enterprise Financial Services Corporation - Common Stock,63.38,40.3,2293881918.0,16460616,23.8,-7.8,5,5,False,False,False,True,True,True,True,False,False,True,False
ABCB,Ameris Bancorp Common Stock,85.54,40.3,5740353224.0,45245574,24.3,-8.2,5,5,False,False,False,True,True,True,True,False,False,True,False
EXPO,"Exponent, Inc. - Common Stock",70.12,40.2,3333931410.0,34169288,35.1,-14.4,1,5,False,False,False,True,False,True,False,True,True,True,False
GRPN,"Groupon, Inc. - Common Stock",19.59,40.2,796633149.0,37763432,113.6,-34.5,2,5,False,False,False,True,True,True,True,False,True,False,False
AMH,American Homes 4 Rent Common Shares of Beneficial Interest,34.56,40.2,12413258865.0,75241108,27.0,-3.6,2,6,False,False,False,True,True,True,True,True,False,True,False
RDWR,Radware Ltd. - Ordinary Shares,27.85,40.1,1178249115.0,7157004,28.5,-15.1,3,5,False,False,False,True,True,True,True,False,False,True,False
DNP,"DNP Select Income Fund, Inc. Common Stock",10.98,40.1,,6661809,13.3,-1.6,5,6,False,False,False,True,True,True,True,True,False,True,False
APOG,"Apogee Enterprises, Inc. - Common Stock",41.26,40.0,861025810.0,10733449,34.2,-18.9,1,7,False,False,False,True,True,True,True,True,True,True,False
NNN,"NNN REIT, Inc. Common Stock",46.12,40.0,8851876168.0,72205697,18.6,-7.8,5,5,False,False,False,True,True,True,True,False,False,True,False
PUMP,ProPetro Holding Corp. Common Stock,10.6,40.0,1301933520.0,51070932,134.5,-42.7,5,3,False,False,False,False,True,True,False,False,True,False,False
MAIN,Main Street Capital Corporation Common Stock,58.54,39.9,5473985307.0,34632980,19.6,-13.1,1,4,False,False,False,True,False,True,False,True,False,True,False
UMH,"UMH Properties, Inc. Common Stock",16.56,39.9,1413985536.0,9849129,18.9,-1.3,3,6,False,True,False,True,True,True,True,True,False,True,False
DOW,Dow Inc. Common Stock ,30.16,39.8,21785795844.0,323659879,46.1,-29.4,5,4,False,False,False,False,True,True,False,True,True,False,False
EGP,"EastGroup Properties, Inc. Common Stock",202.78,39.8,,94320526,24.3,-10.6,5,5,False,False,False,True,True,True,True,False,False,True,False
H,Hyatt Hotels Corporation Class A Common Stock,177.01,39.8,16680844639.0,155664770,31.9,-14.4,5,6,False,False,False,True,True,True,True,False,True,True,False
TCMD,"Tactile Systems Technology, Inc. - Common Stock",23.58,39.7,534140904.0,8264061,84.1,-37.6,5,2,False,False,False,False,False,True,False,False,True,False,False
SAH,"Sonic Automotive, Inc. Common Stock",77.01,39.7,2434655902.0,25257164,42.3,-32.3,3,5,False,False,False,True,True,True,True,False,True,False,False
NVDA,NVIDIA Corporation - Common Stock,213.05,39.6,5155810000000.0,26685657317,29.9,-9.9,5,6,False,False,False,True,True,True,True,True,False,True,False
BUD,Anheuser-Busch Inbev SA Sponsored ADR (Belgium),78.75,39.6,155305478003.0,162430412,36.3,-9.1,5,6,False,False,False,True,True,True,True,False,True,True,False
IT,"Gartner, Inc. Common Stock",195.79,39.6,12363938011.0,235670021,57.6,-26.4,0,3,False,False,False,True,False,False,False,True,True,False,False
UGI,UGI Corporation Common Stock,38.35,39.5,8225881984.0,66121569,21.3,-7.2,5,4,False,False,False,True,False,True,False,True,False,True,False
ZBH,"Zimmer Biomet Holdings, Inc. Common Stock",100.24,39.5,19119545945.0,218865338,26.7,-7.4,0,3,False,False,False,True,False,False,False,True,False,True,False
TARS,"Tarsus Pharmaceuticals, Inc. - Common Stock",71.45,39.4,3135440064.0,65285574,48.2,-16.2,0,4,False,False,False,True,False,False,False,True,True,True,False
UTL,UNITIL Corporation Common Stock,53.9,39.4,982956729.0,7177122,20.8,-5.9,5,6,False,False,False,True,True,True,True,True,False,True,False
BLCO,Bausch + Lomb Corporation Common Shares,17.25,39.3,6161100494.0,6602281,25.3,-8.8,5,4,False,False,False,True,False,True,False,True,False,True,False
GDOT,"Green Dot Corporation Class A Common Stock, $0.001 par value",13.41,39.3,764171250.0,5663672,32.8,-13.0,1,7,False,False,False,True,True,True,True,True,True,True,False
PINS,"Pinterest, Inc. Class A Common Stock",23.66,39.3,13398966219.0,284787463,71.0,-38.7,0,3,False,False,False,True,False,False,False,True,True,False,False
HLF,Herbalife Ltd. Common Shares,12.92,39.2,1354059670.0,19939123,70.9,-36.7,5,4,False,False,False,False,True,True,False,True,True,False,False
PFGC,Performance Food Group Company Common Stock,104.94,39.2,16531516378.0,185399538,29.8,-10.7,2,5,False,False,False,True,True,True,True,False,False,True,False
VNOM,"Viper Energy, Inc.  - Class A Common Stock",44.07,39.1,15829718935.0,76056700,25.6,-13.8,5,5,False,False,False,True,True,True,False,True,False,True,False
BKSY,BlackSky Technology Inc. Class A Common Stock,25.21,39.1,1031715368.0,35539331,103.1,-52.3,5,3,False,False,False,False,True,True,False,False,True,False,False
DCI,"Donaldson Company, Inc. Common Stock",93.26,39.1,10809865083.0,66213574,23.9,-17.4,5,6,False,False,False,True,True,True,True,True,False,True,False
LSPD,Lightspeed Commerce Inc. Subordinate Voting Shares,10.64,39.0,1418465929.0,9430428,35.9,-22.4,0,4,False,False,False,True,False,False,False,True,True,True,False
MSA,MSA Safety Incorporated Common Stock,187.69,39.0,7240759062.0,53358399,24.2,-10.2,2,6,False,False,False,True,True,True,True,True,False,True,False
ALKT,"Alkami Technology, Inc. - Common Stock",20.13,38.9,2152742057.0,30086660,44.0,-25.1,0,3,False,False,False,True,False,False,False,True,True,False,False
KVUE,Kenvue Inc. Common Stock,19.33,38.9,37128551117.0,394868702,37.9,-10.6,2,7,False,False,False,True,True,True,True,True,True,True,False
OR,OR Royalties Inc. Common Shares,38.92,38.9,7297339027.0,36044318,41.3,-19.0,0,5,False,False,False,True,True,False,False,True,True,True,False
AYI,Acuity Inc. Common Stock,339.95,38.8,10176589203.0,123211488,32.3,-10.6,0,4,False,False,False,True,False,False,False,True,True,True,False
KRG,Kite Realty Group Trust Common Stock,26.44,38.8,5297172909.0,75047528,24.0,-11.6,5,5,False,False,False,True,True,True,True,False,False,True,False
AFG,"American Financial Group, Inc. Common Stock",143.66,38.7,11912497806.0,64136085,16.7,-4.2,5,6,False,False,False,True,True,True,True,True,False,True,False
CHD,"Church & Dwight Company, Inc. Common Stock",102.56,38.7,24327632702.0,187210687,26.1,-3.3,3,6,False,False,False,True,True,True,True,True,False,True,False
CBIO,"Crescent Biopharma, Inc. - Common Stock",17.0,38.6,631446980.0,5744110,95.0,-38.0,4,6,False,False,False,True,True,True,True,True,True,False,False
NWE,"NorthWestern Energy Group, Inc.  - Common Stock",70.88,38.6,4360385208.0,30426370,27.7,-5.7,5,6,False,False,False,True,True,True,True,True,False,True,False
RRC,Range Resources Corporation Common Stock,40.99,38.6,9578523320.0,118416245,25.4,-15.2,5,5,False,False,False,True,True,True,False,True,False,True,False
PGNY,"Progyny, Inc. - Common Stock",25.82,38.5,1981085924.0,35443159,60.4,-21.9,3,4,False,False,False,True,False,True,False,False,True,True,False
LMT,Lockheed Martin Corporation Common Stock,556.52,38.5,128439669860.0,682681150,27.3,-19.6,5,4,False,False,False,False,True,True,False,True,False,True,False
POWI,"Power Integrations, Inc. - Common Stock",54.63,38.4,3052358270.0,55577848,77.0,-40.1,4,4,False,False,False,False,True,True,True,False,True,False,False
WWD,"Woodward, Inc. - Common Stock",339.66,38.4,20055503221.0,292930527,45.6,-24.7,5,5,False,False,False,False,True,True,True,False,True,True,False
NTST,NetSTREIT Corp. Common Stock,20.61,38.4,2092492039.0,48329021,21.1,-8.3,5,5,False,False,False,True,True,True,True,False,False,True,False
CMG,"Chipotle Mexican Grill, Inc. Common Stock",37.43,38.3,47364595740.0,650226942,33.5,-14.1,0,4,False,False,False,True,False,False,False,True,True,True,False
TOL,"Toll Brothers, Inc. Common Stock",150.83,38.3,14098230930.0,154980043,22.5,-10.4,5,5,False,False,False,True,True,True,True,False,False,True,False
REYN,Reynolds Consumer Products Inc. - Common Stock,24.56,38.2,5177026518.0,32394478,20.2,-10.1,5,3,False,False,False,True,False,True,False,False,False,True,False
GHC,Graham Holdings Company Common Stock,1178.62,38.2,4991370839.0,28974152,26.8,-6.6,5,6,False,False,False,True,True,True,True,True,False,True,False
TFC,Truist Financial Corporation Common Stock,50.3,38.2,61447797256.0,431875270,23.3,-10.5,5,5,False,False,False,True,True,True,True,False,False,True,False
CRVL,CorVel Corp. - Common Stock,70.14,38.1,3543232290.0,12468912,56.5,-24.9,0,4,False,False,False,True,False,False,False,True,True,True,False
CVCO,"Cavco Industries, Inc. - Common Stock",587.76,38.1,4519522920.0,67528563,32.6,-17.6,5,5,False,False,False,True,False,True,False,True,True,True,False
EFOR,"Everforth, Inc. Common Stock",31.56,38.0,1293960000.0,23129892,86.7,-42.6,0,2,False,False,False,False,False,False,False,True,True,False,False
ITT,ITT Inc. Common Stock ,205.98,38.0,18414612000.0,194306978,23.4,-10.6,5,6,False,False,False,True,True,True,True,True,False,True,False
UTF,"Cohen & Steers Infrastructure Fund, Inc Common Stock",27.33,38.0,,6914171,16.7,-2.8,5,6,False,False,False,True,True,True,True,True,False,True,False
ARR,"ARMOUR Residential REIT, Inc.",16.4,37.9,2740397327.0,65731135,17.3,-15.1,5,5,False,False,False,True,True,True,True,False,False,True,False
KIM,Kimco Realty Corporation (HC) Common Stock,24.06,37.9,16139192314.0,111398902,21.8,-9.7,5,5,False,False,False,True,True,True,True,False,False,True,False
ESQ,"Esquire Financial Holdings, Inc. - Common Stock",112.86,37.8,1366123237.0,17586734,22.5,-16.3,5,5,False,False,False,True,True,True,True,False,False,True,False
HTB,"HomeTrust Bancshares, Inc. Common Stock",46.61,37.8,778069120.0,8554743,21.7,-11.2,5,5,False,False,False,True,True,True,True,False,False,True,False
DUOT,"Duos Technologies Group, Inc. - Common Stock",10.22,37.7,321648940.0,10339401,69.8,-33.1,4,4,False,False,False,True,False,True,False,True,True,False,False
STRT,STRATTEC SECURITY CORPORATION - Common Stock,79.07,37.7,330417637.0,7402861,38.7,-14.5,5,5,False,False,False,False,True,True,True,False,True,True,False
WULF,TeraWulf Inc. - Common Stock,16.32,37.7,8143168809.0,696552824,89.8,-45.3,5,4,False,False,False,False,True,True,True,False,True,False,False
ALLE,Allegion plc Ordinary Shares,160.37,37.6,13637349371.0,191472286,28.3,-12.4,0,3,False,False,False,True,False,False,False,True,False,True,False
SCI,Service Corporation International Common Stock,84.45,37.6,11537514579.0,96287195,23.4,-7.2,1,6,False,False,False,True,True,True,True,True,False,True,False
DX,"Dynex Capital, Inc. Common Stock",13.01,37.5,3228651590.0,73590140,10.0,-12.9,5,6,False,False,False,True,True,True,True,True,False,True,False
IVT,InvenTrust Properties Corp. Common Stock,32.68,37.5,2548335125.0,33788015,21.9,-12.2,5,5,False,False,False,True,True,True,True,False,False,True,False
KNSL,"Kinsale Capital Group, Inc. Common Stock",387.95,37.5,8836889979.0,107303727,35.1,-20.0,0,4,False,False,False,True,False,False,False,True,True,True,False
BCC,"Boise Cascade, L.L.C. Common Stock",81.04,37.4,2827595085.0,31664062,24.7,-11.9,1,6,False,False,False,True,True,True,True,True,False,True,False
WTRG,"Essential Utilities, Inc. Common Stock",40.76,37.4,11566815940.0,83105985,12.9,-3.8,2,6,False,False,False,True,True,True,True,True,False,True,False
SMCI,"Super Micro Computer, Inc. - Common Stock",38.46,37.3,24877173219.0,1701781692,97.4,-34.6,0,3,False,False,False,True,False,False,False,True,True,False,False
SYNA,Synaptics Incorporated - Common Stock,94.87,37.3,3710079762.0,114046608,62.8,-36.4,5,4,False,False,False,False,True,True,True,False,True,False,False
INVH,Invitation Homes Inc. Common Stock,30.21,37.3,17842727657.0,137683442,24.6,-3.7,2,6,False,False,False,True,True,True,True,True,False,True,False
LWAY,"Lifeway Foods, Inc. - Common Stock",26.16,37.2,395192502.0,5564795,51.1,-23.5,2,6,False,False,False,True,True,True,True,False,True,True,False
CLS,"Celestica, Inc. Common Stock",306.86,37.2,35280647614.0,829395884,67.1,-35.3,5,4,False,False,False,False,True,True,True,False,True,False,False
URBN,"Urban Outfitters, Inc. - Common Stock",75.78,37.1,6489426590.0,80821646,27.3,-10.2,1,4,False,False,False,True,False,True,False,True,False,True,False
RYAN,"Ryan Specialty Holdings, Inc. Class A Common Stock",43.93,37.1,11237943505.0,87455401,50.0,-25.8,0,3,False,False,False,True,False,False,False,True,True,False,False
HTH,Hilltop Holdings Inc.,38.51,37.0,2206099919.0,10423626,25.1,-4.7,5,5,False,False,False,True,True,True,True,False,False,True,False
RVLV,"Revolve Group, Inc. Class A Common Stock",23.31,37.0,1657001140.0,20603109,34.4,-26.4,2,2,False,False,False,False,False,True,False,False,True,False,False
SMA,"SmartStop Self Storage REIT, Inc. Common Stock",34.04,37.0,1884757458.0,23544941,15.7,-14.4,0,5,False,False,False,True,True,False,True,True,False,True,False
MRCY,Mercury Systems Inc - Common Stock,87.74,36.9,5276344309.0,81642468,34.9,-31.7,5,4,False,False,False,False,True,True,True,False,True,False,False
OTTR,Otter Tail Corporation - Common Stock,91.33,36.9,3834543021.0,23173993,23.2,-4.0,5,6,False,False,False,True,True,True,True,True,False,True,False
DD,"DuPont de Nemours, Inc. Common Stock",136.04,36.8,18371246319.0,216442671,47.1,-13.9,5,4,False,False,False,False,True,True,False,False,True,True,False
FTV,Fortive Corporation Common Stock ,59.5,36.8,17970014594.0,162518390,27.8,-7.8,5,5,False,False,False,True,True,True,True,False,False,True,False
SAFE,Safehold Inc. New Common Stock ,15.49,36.8,1096944177.0,5092344,21.4,-11.2,4,5,False,False,False,True,True,True,True,False,False,True,False
EFC,Ellington Financial Inc. Common Stock ,13.58,36.7,1750290702.0,17073062,20.4,-3.8,5,6,False,False,False,True,True,True,True,True,False,True,False
HOV,"Hovnanian Enterprises, Inc. Class A Common Stock",127.54,36.7,957879987.0,19111034,39.4,-21.3,1,6,False,False,False,True,True,True,True,False,True,True,False
DUOL,"Duolingo, Inc. - Class A Common Stock",146.04,36.6,6832666725.0,170248586,66.2,-58.6,0,3,False,False,False,True,False,False,False,True,True,False,False
ARES,Ares Management Corporation Class A Common Stock,142.76,36.6,47150377212.0,302693837,49.0,-23.6,0,4,False,False,False,True,False,False,False,True,True,True,False
TR,"Tootsie Roll Industries, Inc. Common Stock",41.39,36.6,3107215511.0,9134715,23.8,-8.1,1,5,False,False,False,True,True,True,False,True,False,True,False
JANX,"Janux Therapeutics, Inc. - Common Stock",18.68,36.5,1142034920.0,16371030,54.1,-47.1,0,3,False,False,False,True,False,False,False,True,True,False,False
HESM,Hess Midstream LP Class A Representing Limited Partner Interests,39.08,36.5,5015952429.0,42812174,23.6,-6.4,2,6,False,False,False,True,True,True,True,True,False,True,False
MYRG,"MYR Group, Inc. - Common Stock",296.14,36.4,4610677695.0,120740087,72.7,-41.2,5,4,False,False,False,False,True,True,True,False,True,False,False
SBRA,"Sabra Health Care REIT, Inc. - Common Stock",20.82,36.4,5318734580.0,62993363,21.3,-8.6,5,6,False,False,False,True,True,True,True,True,False,True,False
PHIN,PHINIA Inc. Common Stock,70.92,36.4,2598373201.0,30900253,39.6,-18.4,5,5,False,False,False,False,True,True,True,False,True,True,False
ATR,"AptarGroup, Inc. Common Stock",134.72,36.3,8565649699.0,61464719,30.5,-8.3,1,7,False,False,False,True,True,True,True,True,True,True,False
SF,Stifel Financial Corporation Common Stock,79.58,36.3,12016717992.0,97218216,17.4,-11.4,2,4,False,False,False,True,False,True,False,True,False,True,False
PECO,"Phillips Edison & Company, Inc. - Common Stock",39.91,36.2,5136417000.0,41929942,21.0,-10.1,5,5,False,False,False,True,True,True,True,False,False,True,False
KRC,Kilroy Realty Corporation Common Stock,37.2,36.2,4326694354.0,49507525,36.0,-17.4,0,3,False,False,False,True,False,False,False,False,True,True,False
NBIX,"Neurocrine Biosciences, Inc. - Common Stock",153.37,36.1,15589934890.0,214945802,25.6,-17.6,5,5,False,False,False,True,True,True,True,False,False,True,False
CMRE,Costamare Inc. Common Stock $0.0001 par value,15.77,36.1,1901684729.0,6003097,45.5,-12.7,5,5,False,False,False,False,True,True,False,True,True,True,False
WMB,"Williams Companies, Inc. (The) Common Stock",71.08,36.1,86942743910.0,521076544,26.7,-11.2,5,4,False,False,False,False,True,True,True,False,False,True,False
CWK,Cushman & Wakefield Ltd. Common Shares,14.85,36.0,3485498564.0,28546847,28.3,-14.7,0,3,False,False,False,True,False,False,False,True,False,True,False
ECL,Ecolab Inc. Common Stock,289.54,36.0,81166343713.0,406977925,19.1,-6.4,2,6,False,False,False,True,True,True,True,True,False,True,False
ALGT,Allegiant Travel Company - Common Stock,82.32,35.9,2250443992.0,58225696,44.1,-33.4,5,4,False,False,False,False,True,True,True,False,True,False,False
CMI,Cummins Inc. Common Stock,572.67,35.9,78836321770.0,680118470,47.0,-22.4,5,5,False,False,False,False,True,True,True,False,True,True,False
COR,"Cencora, Inc. Common Stock",328.06,35.9,62602759750.0,464403021,34.0,-13.1,0,4,False,False,False,True,False,False,False,True,True,True,False
HIFS,Hingham Institution for Savings - Common Stock,301.31,35.8,647033094.0,12578016,21.2,-10.9,5,6,False,False,False,True,True,True,True,True,False,True,False
PNFP,"Pinnacle Financial Partners, Inc. Common stock",100.77,35.8,15227620733.0,124842214,24.3,-8.7,3,5,False,False,False,True,True,True,True,False,False,True,False
EW,Edwards Lifesciences Corporation Common Stock,90.87,35.7,52377468000.0,394172354,25.7,-5.6,5,4,False,False,False,True,False,True,False,True,False,True,False
ROK,"Rockwell Automation, Inc. Common Stock",429.4,35.7,47781035418.0,395384399,29.1,-13.7,5,5,False,False,False,True,True,True,True,False,False,True,False
SYY,Sysco Corporation Common Stock,83.46,35.7,39985353495.0,283969902,22.4,-9.1,2,6,False,False,False,True,True,True,True,True,False,True,False
SNDX,"Syndax Pharmaceuticals, Inc. - Common Stock",19.92,35.6,1778797953.0,36968050,53.3,-22.2,5,4,False,False,False,False,True,True,False,False,True,True,False
RNST,Renasant Corporation Common Stock,41.01,35.6,3748497110.0,29203881,24.1,-7.9,5,5,False,False,False,True,True,True,True,False,False,True,False
APLD,Applied Digital Corporation - Common Stock,28.85,35.5,8408883881.0,615099092,119.2,-43.1,0,2,False,False,False,False,True,False,False,False,True,False,False
BKU,"BankUnited, Inc. Common Stock",46.32,35.5,3299477774.0,46087037,32.0,-11.1,5,5,False,False,False,False,True,True,True,False,True,True,False
CAR,"Avis Budget Group, Inc. - Common Stock",145.13,35.4,5126826678.0,84886504,68.8,-82.9,0,2,False,False,False,False,True,False,False,False,True,False,False
HLIT,Harmonic Inc. - Common Stock,12.31,35.4,1342607938.0,25493389,45.3,-30.4,5,5,False,False,False,True,True,True,True,False,True,False,False
FBK,FB Financial Corporation Common Stock,57.28,35.4,2862747745.0,21951677,16.3,-8.6,5,3,False,False,False,True,False,True,False,False,False,True,False
INMD,InMode Ltd.  - Ordinary Shares,15.03,35.3,863936003.0,9492150,18.2,-10.2,0,3,False,False,False,True,False,False,False,True,False,True,False
WTFC,Wintrust Financial Corporation - Common Stock,151.09,35.3,10193432954.0,99855599,26.3,-9.6,5,5,False,False,False,True,True,True,True,False,False,True,False
SRPT,"Sarepta Therapeutics, Inc. - Common Stock",18.92,35.2,1998463237.0,58431294,28.9,-25.3,0,1,False,False,False,False,False,False,False,True,False,False,False
CNH,CNH Industrial N.V. Common Shares,11.56,35.2,14308112074.0,144528171,28.4,-13.1,1,5,False,False,False,True,True,True,False,True,False,True,False
SAP,SAP  SE ADS,216.93,35.2,266499423048.0,496780061,49.6,-22.9,0,4,False,False,False,True,False,False,False,True,True,True,False
HROW,"Harrow, Inc. - Common Stock",41.33,35.1,1549372841.0,27005526,44.8,-24.6,1,4,False,False,False,True,False,True,False,False,True,True,False
WFC,Wells Fargo & Company Common Stock,84.79,35.1,256404903699.0,1272641695,16.5,-13.3,3,3,False,False,False,True,False,True,False,False,False,True,False
DFIN,"Donnelley Financial Solutions, Inc. Common Stock ",47.75,35.0,1173952038.0,12354044,32.2,-16.8,0,4,False,False,False,True,False,False,False,True,True,True,False
GRBK,"Green Brick Partners, Inc. Common Stock",73.55,35.0,3163436691.0,18686501,21.7,-11.6,5,6,False,False,False,True,True,True,True,True,False,True,False
NWN,Northwest Natural Holding Company Common Stock,49.95,35.0,2102572223.0,13117618,22.3,-10.8,5,4,False,False,False,False,True,True,False,True,False,True,False
BOH,Bank of Hawaii Corporation Common Stock,76.16,34.9,3004542159.0,33241177,28.3,-11.8,5,4,False,False,False,False,True,True,True,False,False,True,False
GCO,Genesco Inc. Common Stock,33.63,34.9,373527502.0,7012993,53.4,-22.9,5,6,False,False,False,True,True,True,True,False,True,True,False
ARCC,Ares Capital Corporation - Closed End Fund,19.93,34.8,14310195301.0,89039801,14.5,-11.5,1,4,False,False,False,True,False,True,False,True,False,True,False
BKD,Brookdale Senior Living Inc. Common Stock,12.2,34.8,2913570474.0,75612747,67.4,-28.6,5,4,False,False,False,False,True,True,True,False,True,False,False
LUV,Southwest Airlines Company Common Stock,40.82,34.8,19969478765.0,273801608,39.5,-25.9,5,4,False,False,False,False,True,True,True,False,True,False,False
CRAI,"CRA International,Inc. - Common Stock",171.88,34.7,1078866697.0,25274654,30.0,-24.4,0,4,False,False,False,True,False,False,False,True,True,True,False
KDP,Keurig Dr Pepper Inc. - Common Stock,31.84,34.7,43328701050.0,446481883,28.0,-5.9,2,6,False,False,False,True,True,True,True,True,False,True,False
CAVA,"CAVA Group, Inc. Common Stock",69.29,34.6,8093501459.0,240985700,59.6,-29.9,3,3,False,False,False,False,True,True,False,False,True,False,False
D,"Dominion Energy, Inc. Common Stock",66.93,34.6,58866671767.0,325928201,19.8,-8.3,5,5,False,False,False,True,True,True,True,False,False,True,False
MMYT,MakeMyTrip Limited - Ordinary Shares,60.43,34.5,5683964945.0,49991185,85.0,-41.6,0,3,False,False,False,True,False,False,False,True,True,False,False
TDY,Teledyne Technologies Incorporated Common Stock,626.9,34.5,29060371404.0,239547013,29.8,-10.1,5,4,False,False,False,False,True,True,True,False,False,True,False
WFG,West Fraser Timber Co. Ltd Common stock,69.0,34.5,5402963718.0,14803064,20.3,-10.4,1,6,False,False,False,True,True,True,True,True,False,True,False
SKYW,"SkyWest, Inc. - Common Stock",103.51,34.4,4019119921.0,42499664,32.9,-16.5,1,5,False,False,False,True,False,True,False,True,True,True,False
RDN,Radian Group Inc. Common Stock,36.83,34.4,4872657542.0,46602079,16.9,-10.3,4,5,False,False,False,True,True,True,True,False,False,True,False
AWK,"American Water Works Company, Inc. Common Stock",137.6,34.3,27345108886.0,314378394,14.1,-5.9,1,6,False,False,False,True,True,True,True,True,False,True,False
CUBE,CubeSmart Common Shares,40.62,34.3,9146090717.0,84758785,15.8,-6.1,3,5,False,False,False,True,True,True,True,False,False,True,False
SWX,"Southwest Gas Holdings, Inc. Common Stock (DE)",89.08,34.3,6453476585.0,47926371,16.9,-5.7,5,5,False,False,False,True,True,True,True,False,False,True,False
FRME,First Merchants Corporation - Common Stock,41.56,34.2,2610027140.0,19356592,19.9,-8.3,5,5,False,False,False,True,True,True,True,False,False,True,False
NTSK,"Netskope, Inc. - Class A Common Stock",13.5,34.2,5452969262.0,64021498,76.1,-51.8,0,3,False,False,False,True,False,False,False,True,True,False,False
KYIV,Kyivstar Group Ltd. - Common Shares,13.88,34.1,3204387101.0,8052431,49.4,-16.1,4,4,False,False,False,True,False,True,False,False,True,True,False
DEI,"Douglas Emmett, Inc. Common Stock",12.16,34.1,2036620847.0,23074916,34.5,-28.4,0,3,False,False,False,True,False,False,False,True,True,False,False
PB,"Prosperity Bancshares, Inc. Common Stock",72.53,34.1,8716421201.0,86978319,18.8,-6.0,3,5,False,False,False,True,True,True,True,False,False,True,False
HR,Healthcare Realty Trust Incorporated Common Stock,19.39,34.0,6645336146.0,76450150,18.9,-12.0,5,5,False,False,False,True,True,True,True,False,False,True,False
INSP,"Inspire Medical Systems, Inc. Common Stock",61.07,34.0,1765556601.0,46104123,57.0,-58.5,0,2,False,False,False,False,False,False,False,True,True,False,False
BG,Bunge Limited Common Shares,111.71,33.9,21461627230.0,166717646,47.0,-17.2,5,4,False,False,False,False,True,True,False,False,True,True,False
VMI,"Valmont Industries, Inc. Common Stock",472.9,33.9,9129267348.0,112260623,31.2,-19.3,5,5,False,False,False,False,True,True,True,False,True,True,False
CINF,Cincinnati Financial Corporation - Common Stock,171.42,33.8,26309206474.0,144633598,14.3,-12.0,5,5,False,False,False,True,True,True,True,False,False,True,False
MELI,"MercadoLibre, Inc. - Common Stock",1997.0,33.8,101241513594.0,796516785,33.6,-21.6,0,4,False,False,False,True,False,False,False,True,True,True,False
ORI,Old Republic International Corporation Common Stock,42.11,33.8,10166740345.0,58534087,14.9,-9.9,5,4,False,False,False,True,False,True,False,True,False,True,False
BRO,"Brown & Brown, Inc. Common Stock",73.34,33.7,24540323582.0,177662591,36.3,-25.0,0,4,False,False,False,True,False,False,False,True,True,True,False
MAS,Masco Corporation Common Stock,72.92,33.7,14378907396.0,188042139,25.4,-12.8,2,5,False,False,False,True,True,True,True,False,False,True,False
EMN,Eastman Chemical Company Common Stock,72.02,33.6,8237461860.0,84562039,28.4,-13.7,3,5,False,False,False,True,True,True,False,True,False,True,False
FHN,First Horizon Corporation Common Stock,24.42,33.6,11569638198.0,134432525,23.3,-8.1,5,5,False,False,False,True,True,True,True,False,False,True,False
SMG,Scotts Miracle-Gro Company (The) Common Stock,62.61,33.6,3645171355.0,64435634,20.4,-16.9,3,4,False,False,False,False,True,True,True,False,False,True,False
TRS,TriMas Corporation - Common Stock,39.75,33.5,1425986452.0,19459384,30.6,-12.5,5,6,False,False,False,True,True,True,True,False,True,True,False
AON,Aon plc Class A Ordinary Shares (Ireland),354.83,33.5,75268467746.0,481944549,16.5,-7.2,1,4,False,False,False,True,False,True,False,True,False,True,False
DLB,Dolby Laboratories Common Stock,66.12,33.4,6193380725.0,52255773,37.0,-12.3,0,4,False,False,False,True,False,False,False,True,True,True,False
MTH,Meritage Homes Corporation Common Stock,73.44,33.4,4786385390.0,66120323,26.6,-14.0,2,5,False,False,False,True,True,True,True,False,False,True,False
NU,Nu Holdings Ltd. Class A Ordinary Shares,15.14,33.4,73514898788.0,1109976639,35.2,-20.2,0,4,False,False,False,True,False,False,False,True,True,True,False
CLSK,"CleanSpark, Inc. - Common Stock",12.75,33.3,3274417681.0,305781116,59.4,-46.0,0,4,False,False,False,True,True,False,True,False,True,False,False
YOU,"Clear Secure, Inc. Class A Common Stock",44.29,33.3,5991909152.0,81993968,50.5,-35.9,5,4,False,False,False,False,True,True,True,False,True,False,False
SBGI,"Sinclair, Inc. - Class A Common Stock",14.7,33.2,1063075482.0,7905007,18.0,-17.8,5,4,False,False,False,True,False,True,False,True,False,True,False
AVY,Avery Dennison Corporation Common Stock,179.95,33.2,13638076153.0,130547110,18.1,-9.8,1,4,False,False,False,True,False,True,False,True,False,True,False
CRCL,"Circle Internet Group, Inc. Class A Common Stock",92.02,33.2,23361658570.0,969610154,84.4,-42.3,0,4,False,False,False,True,True,False,False,True,True,False,False
MC,Moelis & Company Class A Common Stock,68.01,33.1,5323079315.0,63882724,33.2,-13.0,1,5,False,False,False,True,False,True,False,True,True,True,False
PEN,"Penumbra, Inc. Common Stock",324.37,33.1,12776746814.0,109525458,46.6,-10.5,5,5,False,False,False,False,True,True,False,True,True,True,False
ALLY,Ally Financial Inc. Common Stock,42.6,33.0,12958906922.0,137118421,18.6,-9.9,5,5,False,False,False,True,True,True,True,False,False,True,False
MLI,"Mueller Industries, Inc. Common Stock",61.51,33.0,13604867176.0,96263389,30.9,-13.5,5,5,False,False,False,False,True,True,True,False,True,True,False
IMKTA,"Ingles Markets, Incorporated - Class A Common Stock",84.7,32.9,1608823647.0,11805437,27.5,-11.4,5,4,False,False,False,False,True,True,True,False,False,True,False
MDLZ,"Mondelez International, Inc. - Class A Common Stock",62.99,32.9,80394644510.0,571213774,23.0,-5.5,1,6,False,False,False,True,True,True,True,True,False,True,False
TPR,"Tapestry, Inc. Common Stock",130.12,32.9,25944845141.0,413152018,39.9,-21.0,5,5,False,False,False,False,True,True,True,False,True,True,False
APO,"Apollo Global Management, Inc. (New) Common Stock",133.18,32.8,78648537916.0,549993462,33.8,-13.1,1,5,False,False,False,True,False,True,False,True,True,True,False
PGR,Progressive Corporation (The) Common Stock,222.09,32.8,129116856399.0,679323126,17.4,-11.1,1,4,False,False,False,True,False,True,False,True,False,True,False
PPLI,People Incorporated - Common Stock,39.52,32.7,2942814316.0,41668978,33.7,-18.2,5,5,False,False,False,False,True,True,True,False,True,True,False
ETR,Entergy Corporation Common Stock,106.24,32.7,49574930348.0,307818746,23.0,-10.3,5,4,False,False,False,False,True,True,True,False,False,True,False
PHM,"PulteGroup, Inc. Common Stock",130.86,32.7,24530039384.0,226384996,20.6,-9.4,1,6,False,False,False,True,True,True,True,True,False,True,False
AGI,Alamos Gold Inc. Class A Common Shares,39.02,32.6,16387050337.0,162548257,44.3,-29.6,0,3,False,False,False,False,True,False,False,True,True,False,False
UHT,Universal Health Realty Income Trust Common Stock,42.14,32.6,585690544.0,7591726,19.5,-9.0,5,5,False,False,False,True,True,True,True,False,False,True,False
MDGL,"Madrigal Pharmaceuticals, Inc. - Common Stock",512.16,32.5,11833009172.0,197793621,30.1,-16.7,5,3,False,False,False,False,False,True,False,False,True,True,False
BKH,Black Hills Corporation Common Stock,73.02,32.5,5568004356.0,59976960,25.8,-7.2,5,5,False,False,False,True,True,True,True,False,False,True,False
CBRE,CBRE Group Inc Common Stock Class A,151.74,32.5,43940155719.0,248395622,24.7,-12.9,0,3,False,False,False,True,False,False,False,True,False,True,False
HBAN,Huntington Bancshares Incorporated - Common Stock,16.95,32.4,34246031301.0,411591371,13.8,-12.9,3,5,False,False,False,True,True,True,True,False,False,True,False
UE,Urban Edge Properties Common Shares of Beneficial Interest,21.72,32.4,2742029802.0,21634605,17.7,-9.9,5,5,False,False,False,True,True,True,True,False,False,True,False
ACGL,Arch Capital Group Ltd. - Common Stock,100.56,32.3,34314000911.0,183014001,22.0,-6.1,5,6,False,False,False,True,True,True,True,True,False,True,False
PCRX,"Pacira BioSciences, Inc. - Common Stock",25.53,32.3,1017673950.0,14691734,35.8,-7.7,1,5,False,False,False,True,False,True,False,True,True,True,False
PLUS,ePlus inc. - Common Stock,86.36,32.2,2253168498.0,22152411,25.0,-12.0,5,3,False,False,False,True,False,True,False,False,False,True,False
NOW,"ServiceNow, Inc. Common Stock",127.0,32.2,131318000000.0,2388915187,56.3,-34.8,0,3,False,False,False,True,False,False,False,True,True,False,False
O,Realty Income Corporation Common Stock,62.83,32.2,59450879013.0,354646989,12.5,-7.5,5,5,False,False,False,True,True,True,True,False,False,True,False
JBSS,"John B. Sanfilippo & Son, Inc. - Common Stock",74.83,32.1,875023183.0,11238977,26.7,-18.7,5,4,False,False,False,False,True,True,True,False,False,True,False
MKTX,"MarketAxess Holdings, Inc. - Common Stock",162.5,32.1,5718844788.0,158036052,49.4,-17.1,0,4,False,False,False,True,False,False,False,True,True,True,False
KMB,Kimberly-Clark Corporation - Common Stock,111.02,32.0,36922924799.0,434403458,20.1,-17.1,0,5,False,False,False,True,True,False,True,True,False,True,False
AA,Alcoa Corporation Common Stock ,51.28,32.0,13533276340.0,305611726,69.7,-39.2,5,4,False,False,False,False,True,True,False,True,True,False,False
MIAX,"Miami International Holdings, Inc. Common Stock",44.34,32.0,4399898017.0,75652093,37.7,-22.4,2,5,False,False,False,True,False,True,False,True,True,True,False
AVO,"Mission Produce, Inc. - Common Stock",13.03,31.9,1150807085.0,13544148,29.4,-16.1,2,4,False,False,False,False,True,True,False,True,False,True,False
GATX,GATX Corporation Common Stock,179.25,31.9,6327525000.0,42176673,19.2,-12.8,5,4,False,False,False,False,True,True,False,True,False,True,False
ELS,"Equity Lifestyle Properties, Inc. Common Stock",65.35,31.8,12682122852.0,98971784,11.3,-5.3,5,6,False,False,False,True,True,True,True,True,False,True,False
MEC,"Mayville Engineering Company, Inc. Common Stock",20.5,31.8,522756786.0,17559923,67.3,-47.1,5,4,False,False,False,False,True,True,True,False,True,False,False
VLTO,Veralto Corp Common Stock ,98.77,31.8,24079468587.0,180997276,23.4,-10.1,0,3,False,False,False,True,False,False,False,True,False,True,False
TCBI,"Texas Capital Bancshares, Inc. - Common Stock",98.59,31.7,4286138040.0,51644799,30.7,-9.5,5,5,False,False,False,False,True,True,True,False,True,True,False
MDT,Medtronic plc. Ordinary Shares,91.14,31.7,116657455672.0,669053849,24.3,-14.3,0,3,False,False,False,True,False,False,False,True,False,True,False
IREN,IREN Limited - Ordinary Shares,42.21,31.6,15084953830.0,1838653632,103.5,-45.1,0,1,False,False,False,False,False,False,False,False,True,False,False
JJSF,J & J Snack Foods Corp. - Common Stock,89.35,31.6,1669201675.0,20096958,29.7,-23.2,0,3,False,False,False,True,False,False,False,True,False,True,False
BMNR,"BitMine Immersion Technologies, Inc. Common Stock",24.82,31.6,14972079099.0,659568441,93.9,-62.2,0,3,False,False,False,True,False,False,False,True,True,False,False
CBOE,"Cboe Global Markets, Inc. Common Stock",308.82,31.5,34531866375.0,365723723,36.0,-16.8,5,6,False,False,False,True,True,True,False,True,True,True,False
RL,Ralph Lauren Corporation Common Stock,362.6,31.5,21604519861.0,247732305,26.7,-14.0,5,4,False,False,False,False,True,True,True,False,False,True,False
ES,Eversource Energy (D/B/A) Common Stock,71.03,31.4,26755207777.0,170468330,15.4,-7.2,5,5,False,False,False,True,True,True,True,False,False,True,False
NBHC,National Bank Holdings Corporation Common Stock,41.29,31.4,1839037896.0,19255941,17.8,-12.7,5,4,False,False,False,False,True,True,True,False,False,True,False
CTSH,Cognizant Technology Solutions Corporation - Class A Common Stock,63.06,31.3,28405011820.0,540904401,70.1,-27.5,0,3,False,False,False,True,False,False,False,True,True,False,False
AXP,American Express Company Common Stock,335.95,31.3,226870338396.0,1027475914,15.5,-13.3,0,1,False,False,False,False,False,False,False,False,False,True,False
DIS,Walt Disney Company (The) Common Stock,111.25,31.3,192093917848.0,1109553492,20.7,-7.1,0,3,False,False,False,True,False,False,False,True,False,True,False
MTX,Minerals Technologies Inc. Common Stock,71.8,31.2,2235045112.0,19685014,33.1,-14.9,5,5,False,False,False,False,True,True,True,False,True,True,False
OHI,"Omega Healthcare Investors, Inc. Common Stock",46.95,31.2,14226460350.0,95085232,19.6,-10.4,5,5,False,False,False,True,True,True,True,False,False,True,False
NOVT,Novanta Inc. - Common Shares,139.65,31.1,5281251581.0,76513497,42.1,-20.8,4,5,False,False,False,False,True,True,True,False,True,True,False
CAG,"ConAgra Brands, Inc. Common Stock",16.27,31.1,7810700194.0,249606881,29.8,-19.9,0,3,False,False,False,True,False,False,False,True,False,True,False
CMP,Compass Minerals Intl Inc Common Stock,24.57,31.1,1031470074.0,13372318,49.8,-28.8,5,4,False,False,False,False,True,True,True,False,True,False,False
CPA,"Copa Holdings, S.A. Class A Common Stock",133.47,31.0,5490762669.0,43820436,24.2,-16.8,5,5,False,False,False,True,True,True,True,False,False,True,False
WTM,"White Mountains Insurance Group, Ltd. Common Stock",2141.2,31.0,5110447005.0,41494617,29.9,-8.2,5,4,False,False,False,False,True,True,False,True,False,True,False
CTRE,"CareTrust REIT, Inc. Common Stock",39.9,30.9,9428098640.0,108472740,21.7,-8.5,5,5,False,False,False,True,True,True,True,False,False,True,False
KMI,"Kinder Morgan, Inc. Common Stock",30.94,30.9,68897256634.0,334614868,20.9,-11.1,5,4,False,False,False,False,True,True,True,False,False,True,False
L,Loews Corporation Common Stock,110.81,30.9,22652635653.0,89311093,16.5,-8.4,5,5,False,False,False,True,True,True,True,False,False,True,False
NMRK,"Newmark Group, Inc. - Class A Common Stock",16.0,30.8,2899658032.0,21179580,19.8,-19.3,0,3,False,False,False,True,False,False,False,True,False,True,False
TTWO,"Take-Two Interactive Software, Inc. - Common Stock",232.93,30.8,43553354588.0,590320868,24.1,-12.4,0,2,False,False,False,True,False,False,False,False,False,True,False
CNX,CNX Resources Corporation Common Stock,36.0,30.7,5325970932.0,61718128,26.0,-17.5,5,3,False,False,False,False,False,True,False,True,False,True,False
IBN,ICICI Bank Limited Common Stock,30.39,30.7,108797910501.0,193327481,21.2,-8.0,0,3,False,False,False,True,False,False,False,True,False,True,False
BXSL,Blackstone Secured Lending Fund Common Shares of Beneficial Interest,24.83,30.6,,39945364,10.5,-17.8,1,4,False,False,False,True,False,True,False,True,False,True,False
CL,Colgate-Palmolive Company Common Stock,91.33,30.6,72805794473.0,437659729,22.5,-8.1,4,5,False,False,False,True,True,True,True,False,False,True,False
DXYZ,Destiny Tech100 Inc. Common Stock,34.65,30.6,,44905473,75.8,-52.4,1,5,False,False,False,True,True,True,False,True,True,False,False
EXR,Extra Space Storage Inc Common Stock,144.87,30.5,30606620867.0,170605523,15.2,-8.8,3,5,False,False,False,True,True,True,True,False,False,True,False
F,Ford Motor Company Common Stock,13.95,30.5,54638573094.0,720035922,25.6,-21.5,5,5,False,False,False,True,True,True,True,False,False,True,False
CGBD,"Carlyle Secured Lending, Inc. - Closed End Fund",11.41,30.4,785060269.0,6281749,14.7,-18.6,0,3,False,False,False,True,False,False,False,True,False,True,False
USLM,"United States Lime & Minerals, Inc. - Common Stock",119.07,30.4,3415923382.0,24004733,23.7,-15.8,0,3,False,False,False,True,False,False,False,True,False,True,False
SHW,Sherwin-Williams Company (The) Common Stock,350.45,30.4,85074594018.0,767527563,20.9,-7.2,1,4,False,False,False,True,False,True,False,True,False,True,False
KHC,The Kraft Heinz Company - Common Stock,25.32,30.3,30025057553.0,346010467,20.4,-9.9,2,6,False,False,False,True,True,True,True,True,False,True,False
UEC,Uranium Energy Corp. Common Stock,13.27,30.3,6566956297.0,93828764,48.9,-34.8,0,3,False,False,False,False,True,False,False,True,True,False,False
CEVA,"CEVA, Inc. - Common Stock",27.08,30.2,762412270.0,31847827,59.1,-47.5,4,4,False,False,False,False,True,True,True,False,True,False,False
NRDS,"NerdWallet, Inc. - Class A Common Stock",10.12,30.2,646902521.0,6594061,38.1,-37.7,0,2,False,False,False,False,False,False,False,True,True,False,False
FCPT,"Four Corners Property Trust, Inc. Common Stock",25.35,30.2,2782324892.0,20249666,11.3,-5.6,3,6,False,False,False,True,True,True,True,True,False,True,False
ALGM,"Allegro MicroSystems, Inc. - Common Stock",37.44,30.1,6978892602.0,152379638,67.1,-47.8,5,4,False,False,False,False,True,True,True,False,True,False,False
EVRG,"Evergy, Inc. - Common Stock",81.41,30.1,18770473473.0,172792041,15.6,-8.1,5,5,False,False,False,True,True,True,True,False,False,True,False
AES,The AES Corporation Common Stock,14.73,30.0,10508951020.0,112689346,19.5,-16.5,5,6,False,False,False,True,True,True,True,True,False,True,False
PPG,"PPG Industries, Inc. Common Stock",113.65,30.0,25264395000.0,217740672,21.7,-14.8,3,5,False,False,False,True,True,True,True,False,False,True,False
QGEN,Qiagen N.V. Common Shares,43.65,30.0,8995162968.0,129635129,34.2,-24.5,0,4,False,False,False,True,False,False,False,True,True,True,False
OZK,Bank OZK - Common Stock,49.2,29.9,5566297694.0,62385830,16.1,-8.3,3,5,False,False,False,True,True,True,True,False,False,True,False
CPK,Chesapeake Utilities Corporation Common Stock,135.0,29.9,3254371425.0,27049004,13.6,-4.1,5,6,False,False,False,True,True,True,True,True,False,True,False
GBDC,"Golub Capital BDC, Inc. - Closed End Fund",13.11,29.8,3404032332.0,14893969,11.4,-12.2,1,4,False,False,False,True,False,True,False,True,False,True,False
BAM,Brookfield Asset Management Inc Class A Limited Voting Shares,52.5,29.8,83854943445.0,127081443,24.4,-16.1,0,3,False,False,False,True,False,False,False,True,False,True,False
OCFC,OceanFirst Financial Corp. - Common Stock,18.86,29.7,1822728830.0,19893672,10.6,-8.5,5,5,False,False,False,True,True,True,True,False,False,True,False
GTES,Gates Industrial Corporation Ltd. Common Shares,25.96,29.7,6571804373.0,54311053,24.3,-14.4,5,5,False,False,False,True,True,True,True,False,False,True,False
MO,"Altria Group, Inc.",68.07,29.7,113659469043.0,619479983,24.4,-11.7,5,5,False,False,False,True,True,True,True,False,False,True,False
COO,"The Cooper Companies, Inc.  - Common Stock",73.04,29.6,14245037215.0,163881494,24.0,-18.7,2,3,False,False,False,False,False,True,False,True,False,True,False
NJR,NewJersey Resources Corporation Common Stock,53.81,29.6,5459990174.0,40453669,23.8,-11.6,5,4,False,False,False,False,True,True,True,False,False,True,False
MGRC,McGrath RentCorp - Common Stock,114.73,29.5,2802356316.0,22366652,20.8,-10.1,1,5,False,False,False,True,True,True,True,False,False,True,False
CBU,"Community Financial System, Inc. Common Stock",62.93,29.5,3311118902.0,20425053,17.7,-11.5,5,4,False,False,False,False,True,True,True,False,False,True,False
POR,Portland General Electric Co Common Stock,49.81,29.5,5858041529.0,59167455,19.2,-8.8,5,4,False,False,False,False,True,True,True,False,False,True,False
FELE,"Franklin Electric Co., Inc. - Common Stock",101.82,29.4,4501611264.0,31104041,13.7,-12.1,5,5,False,False,False,True,True,True,True,False,False,True,False
RITM,Rithm Capital Corp. Common Stock,10.17,29.4,5678999505.0,53861901,20.6,-20.2,1,4,False,False,False,True,False,True,False,True,False,True,False
UPBD,"Upbound Group, Inc. - Common Stock",19.36,29.3,1128676481.0,21168164,22.4,-30.9,0,3,False,False,False,True,True,False,True,False,False,False,False
TSLX,"Sixth Street Specialty Lending, Inc. Common Stock",18.98,29.3,1809612778.0,10335729,18.3,-23.4,0,3,False,False,False,True,False,False,False,True,False,True,False
WPC,W. P. Carey Inc. REIT,71.78,29.3,16352695575.0,105457537,13.8,-7.0,5,5,False,False,False,True,True,True,True,False,False,True,False
REG,Regency Centers Corporation - Common Stock,76.72,29.2,14049008366.0,110323034,14.7,-8.3,5,4,False,False,False,False,True,True,True,False,False,True,False
BANC,"Banc of California, Inc. Common Stock",18.59,29.2,2936300334.0,63270723,21.3,-15.2,5,4,False,False,False,False,True,True,True,False,False,True,False
AWI,Armstrong World Industries Inc Common Stock,179.81,29.1,7599278743.0,79938737,19.6,-12.7,0,3,False,False,False,True,False,False,False,True,False,True,False
HRL,Hormel Foods Corporation Common Stock,23.78,29.1,13086489725.0,96371671,20.7,-18.5,2,5,False,False,False,True,True,True,True,False,False,True,False
ARQQ,Arqit Quantum Inc. - Ordinary Shares,20.42,29.0,491929746.0,18090291,77.3,-67.1,0,2,False,False,False,True,False,False,False,False,True,False,False
UBER,"Uber Technologies, Inc. Common Stock",80.35,29.0,164119705722.0,1450772224,22.8,-21.2,0,3,False,False,False,True,False,False,False,True,False,True,False
UDR,"UDR, Inc. Common Stock",38.17,29.0,12262655354.0,131955466,15.9,-9.1,3,5,False,False,False,True,True,True,True,False,False,True,False
CAL,"Caleres, Inc. Common Stock",13.05,28.9,438346159.0,6741150,48.3,-19.1,1,7,False,False,False,True,True,True,True,True,True,True,False
FLG,"Flagstar Bank, N.A. Common Stock",13.44,28.9,5578847716.0,70362424,27.2,-13.0,5,4,False,False,False,False,True,True,True,False,False,True,False
RRR,"Red Rock Resorts, Inc. - Class A Common Stock",59.72,28.8,6271566807.0,45704077,18.2,-13.4,3,5,False,False,False,True,True,True,True,False,False,True,False
AFL,AFLAC Incorporated Common Stock,116.18,28.8,58246064362.0,268592437,11.0,-10.8,5,5,False,False,False,True,True,True,True,False,False,True,False
CXT,"Crane NXT, Co. Common Stock",50.15,28.8,2886699396.0,42519888,40.4,-27.3,0,2,False,False,False,True,False,False,False,False,True,False,False
BRX,Brixmor Property Group Inc. Common Stock,29.5,28.7,9052733322.0,72524061,19.6,-10.2,5,4,False,False,False,False,True,True,True,False,False,True,False
MGY,Magnolia Oil & Gas Corporation Class A Common Stock,26.44,28.7,6265449572.0,125968214,25.5,-19.3,5,4,False,False,False,False,True,True,False,True,False,True,False
CASH,"Pathward Financial, Inc. - Common Stock",83.59,28.6,1736445330.0,18691950,26.9,-17.5,5,3,False,False,False,False,True,True,False,False,False,True,False
PRDO,Perdoceo Education Corporation - Common Stock,33.41,28.6,2090699408.0,24355897,25.3,-13.2,0,3,False,False,False,False,True,False,False,True,False,True,False
CSL,Carlisle Companies Incorporated Common Stock,363.27,28.6,14426953095.0,182850304,23.8,-16.1,2,6,False,False,False,True,True,True,True,True,False,True,False
SLGN,Silgan Holdings Inc. Common Stock,42.66,28.5,4508394973.0,53539606,19.6,-13.9,2,5,False,False,False,True,True,True,True,False,False,True,False
YUMC,"Yum China Holdings, Inc. Common Stock",48.57,28.5,16633191666.0,73001059,21.0,-16.8,1,5,False,False,False,True,True,True,False,True,False,True,False
WFRD,Weatherford International plc - Ordinary shares,88.2,28.4,6322656073.0,111592247,46.9,-22.1,5,5,False,False,False,False,True,True,False,True,True,True,False
AKR,Acadia Realty Trust Common Stock,21.24,28.4,2916947015.0,34057902,14.1,-7.8,5,5,False,False,False,True,True,True,True,False,False,True,False
FSS,Federal Signal Corporation Common Stock,120.65,28.4,7364670367.0,65487680,19.2,-10.3,1,5,False,False,False,True,True,True,True,False,False,True,False
BURL,"Burlington Stores, Inc. Common Stock",315.27,28.3,19843789286.0,246161060,31.1,-16.7,5,5,False,False,False,False,True,True,True,False,True,True,False
DEC,Diversified Energy Company Common Stock,14.67,28.3,1126014789.0,14408571,19.0,-22.4,1,5,False,False,False,True,True,True,False,True,False,True,False
ON,ON Semiconductor Corporation - Common Stock,72.51,28.2,28229492629.0,1036320166,62.7,-46.3,5,4,False,False,False,False,True,True,True,False,True,False,False
BJ,"BJ's Wholesale Club Holdings, Inc. Common Stock",94.37,28.2,12050481553.0,175809164,13.4,-10.8,1,5,False,False,False,True,True,True,False,True,False,True,False
FFIN,"First Financial Bankshares, Inc. - Common Stock",33.71,28.1,4831570261.0,30576338,19.9,-11.6,2,5,False,False,False,True,True,True,True,False,False,True,False
ICE,Intercontinental Exchange Inc. Common Stock,161.78,28.1,90822400107.0,621838986,32.8,-10.9,1,5,False,False,False,True,False,True,False,True,True,True,False
TT,Trane Technologies plc,455.25,28.1,100165551329.0,573116201,30.8,-10.0,5,5,False,False,False,False,True,True,True,False,True,True,False
RARE,Ultragenyx Pharmaceutical Inc. - Common Stock,26.46,28.0,2608661580.0,73172786,44.7,-33.7,0,2,False,False,False,True,False,False,False,False,True,False,False
GMED,"Globus Medical, Inc. Class A Common Stock",82.96,28.0,11138368385.0,135169922,53.2,-18.2,5,4,False,False,False,False,False,True,False,True,True,True,False
AROC,"Archrock, Inc. Common Stock",30.71,27.9,5384635661.0,73222429,34.2,-27.3,5,4,False,False,False,False,True,True,True,False,True,False,False
JBS,JBS N.V. Class A Common Shares,14.05,27.9,15046555077.0,77710224,22.3,-24.7,1,5,False,False,False,True,True,True,False,True,False,True,False
WY,Weyerhaeuser Company Common Stock,24.43,27.9,17607580480.0,132279328,15.5,-12.0,1,5,False,False,False,True,True,True,False,True,False,True,False
CHT,"Chunghwa Telecom Co., Ltd.",43.17,27.8,33488896713.0,7466494,9.9,-7.1,1,6,False,False,False,True,True,True,True,True,False,True,False
TRP,TC Energy Corporation Common Stock,61.85,27.8,61850000000.0,168879304,25.5,-13.5,5,4,False,False,False,False,True,True,True,False,False,True,False
ITRI,"Itron, Inc. - Common Stock",98.73,27.7,4323066124.0,79329075,27.0,-30.5,0,2,False,False,False,True,False,False,False,True,False,False,False
CRM,"Salesforce, Inc. Common Stock",205.69,27.7,168460110000.0,2435033558,40.6,-23.6,0,4,False,False,False,True,False,False,False,True,True,True,False
NAD,Nuveen Quality Municipal Income Fund Common Stock,11.69,27.7,,6609929,5.2,-5.0,5,5,False,False,False,True,True,True,True,False,False,True,False
USAR,"USA Rare Earth, Inc. - Common Stock",19.41,27.6,4750017122.0,230810752,69.5,-55.9,0,3,False,False,False,False,True,False,False,True,True,False,False
GBCI,"Glacier Bancorp, Inc. Common Stock",47.35,27.6,6165535975.0,61637280,18.7,-13.2,5,4,False,False,False,False,True,True,True,False,False,True,False
CLF,Cleveland-Cliffs Inc. Common Stock,11.52,27.5,6572621341.0,241565383,49.0,-31.0,0,3,False,False,False,True,False,False,False,True,True,False,False
YETI,"YETI Holdings, Inc. Common Stock",42.58,27.5,3107862934.0,69807627,34.5,-21.1,5,5,False,False,False,False,True,True,True,False,True,True,False
GEHC,GE HealthCare Technologies Inc. - Common Stock,73.91,27.4,33384130885.0,314536683,25.8,-17.7,0,3,False,False,False,True,False,False,False,True,False,True,False
ED,"Consolidated Edison, Inc. Common Stock",107.09,27.4,39604948308.0,255789237,12.8,-7.9,5,4,False,False,False,False,True,True,True,False,False,True,False
RCL,Royal Caribbean Cruises Ltd. Common Stock,292.29,27.4,78173569632.0,687164548,25.9,-20.2,1,5,False,False,False,True,True,True,True,False,False,True,False
FTS,Fortis Inc. Common Shares,55.07,27.3,28135263000.0,42496800,13.2,-7.3,5,4,False,False,False,False,True,True,True,False,False,True,False
TKO,"TKO Group Holdings, Inc. Class A Common Stock",193.41,27.3,36606655191.0,265677874,9.9,-14.8,1,3,False,False,False,False,False,True,False,True,False,True,False
CHH,"Choice Hotels International, Inc. Common Stock",110.25,27.2,4981033260.0,63445722,31.2,-11.0,2,7,False,False,False,True,True,True,True,True,True,True,False
NZF,Nuveen Municipal Credit Income Fund ,12.3,27.2,,6480136,3.9,-5.5,5,5,False,False,False,True,True,True,True,False,False,True,False
UUUU,Energy Fuels Inc Ordinary Shares (Canada),15.97,27.2,3990375990.0,111924068,51.7,-42.8,0,3,False,False,False,False,True,False,False,True,True,False,False
DSGX,The Descartes Systems Group Inc. - Common Stock,77.52,27.1,6642752909.0,37180638,23.9,-28.9,0,2,False,False,False,True,False,False,False,True,False,False,False
AIN,Albany International Corporation Common Stock,58.15,27.1,1651460000.0,19029813,41.3,-24.5,3,5,False,False,False,False,True,True,True,False,True,True,False
CPT,Camden Property Trust Common Stock,108.28,27.0,10886400818.0,112561929,12.2,-9.6,3,5,False,False,False,True,True,True,True,False,False,True,False
NOMD,Nomad Foods Limited Ordinary Shares,11.89,27.0,1689403634.0,18927282,32.3,-25.3,1,4,False,False,False,True,False,True,False,True,True,False,False
PNW,Pinnacle West Capital Corporation Common Stock,97.67,27.0,11837333845.0,125526329,14.5,-12.1,5,4,False,False,False,False,True,True,True,False,False,True,False
TBPH,"Theravance Biopharma, Inc. - Ordinary Shares",17.03,26.9,884176381.0,12094566,30.2,-19.0,5,4,False,False,False,False,False,True,False,True,True,True,False
BMA,Banco Macro S.A.  ADR (representing Ten Class B Common Shares),77.77,26.9,4972538363.0,24255152,103.1,-26.7,5,2,False,False,False,False,False,True,False,False,True,False,False
NEA,Nuveen AMT-Free Quality Municipal Income Fund Common Shares of Beneficial Interest Par Value $.01,11.27,26.8,,8924926,4.7,-5.3,5,5,False,False,False,True,True,True,True,False,False,True,False
PII,Polaris Inc. Common Stock,63.56,26.8,3616787985.0,59189795,34.8,-18.5,5,3,False,False,False,False,False,True,False,False,True,True,False
TYG,Tortoise Energy Infrastructure Corporation Common Stock,43.25,26.8,515881805.0,6882130,7.2,-15.5,5,4,False,False,False,False,True,True,False,True,False,True,False
TRI,Thomson Reuters Corp - Common Shares,104.38,26.7,45217416000.0,206314698,36.8,-42.0,0,3,False,False,False,True,False,False,False,True,True,False,False
RQI,Cohen & Steers Quality Income Realty Fund Inc Common Shares,12.41,26.7,1666668063.0,9543030,9.8,-8.5,5,5,False,False,False,True,True,True,False,True,False,True,False
BR,"Broadridge Financial Solutions, Inc. Common Stock",184.82,26.6,21073508706.0,211744368,38.1,-29.7,0,3,False,False,False,True,False,False,False,True,True,False,False
HIG,"The Hartford Insurance Group, Inc. Common Stock",138.22,26.6,37439928116.0,225979156,14.9,-5.4,5,6,False,False,False,True,True,True,True,True,False,True,False
MSDL,Morgan Stanley Direct Lending Fund Common Stock,15.38,26.5,,7819931,12.6,-15.4,0,3,False,False,False,True,False,False,False,True,False,True,False
NVG,Nuveen AMT-Free Municipal Credit Income Fund ,12.27,26.5,,6093408,5.4,-9.7,5,4,False,False,False,False,True,True,True,False,False,True,False
YUM,"Yum! Brands, Inc.",156.27,26.5,42646252553.0,409675368,13.8,-8.2,5,5,False,False,False,True,True,True,False,True,False,True,False
ABG,Asbury Automotive Group Inc Common Stock,215.59,26.4,3870253786.0,56193124,25.3,-18.1,0,3,False,False,False,True,False,False,False,True,False,True,False
IDA,"IDACORP, Inc. Common Stock",137.66,26.4,7962535639.0,82364557,12.6,-11.1,5,4,False,False,False,False,True,True,True,False,False,True,False
EME,"EMCOR Group, Inc. Common Stock",739.87,26.3,32635592453.0,361078088,31.0,-22.3,5,4,False,False,False,False,True,True,False,False,True,True,False
RSG,"Republic Services, Inc. Common Stock",220.96,26.3,67660819619.0,312827071,12.5,-6.4,0,5,False,False,False,True,True,False,True,True,False,True,False
ZWS,Zurn Elkay Water Solutions Corporation Common Stock,48.82,26.3,8097485216.0,50016425,13.4,-11.2,5,5,False,False,False,True,True,True,True,False,False,True,False
MCHP,Microchip Technology Incorporated - Common Stock,73.5,26.2,39911138789.0,956454499,51.5,-30.6,5,4,False,False,False,False,True,True,True,False,True,False,False
KBH,KB Home Common Stock,57.11,26.2,3501398566.0,69052414,29.7,-16.9,0,3,False,False,False,True,False,False,False,True,False,True,False
AAL,"American Airlines Group, Inc. - Common Stock",13.95,26.1,9234480816.0,1731943956,38.3,-25.8,4,3,False,False,False,True,False,True,False,False,True,False,False
IBOC,International Bancshares Corporation - Common Stock,70.81,26.1,4403781106.0,27255118,12.0,-9.8,5,4,False,False,False,False,True,True,True,False,False,True,False
OWL,Blue Owl Capital Inc. Class A Common Stock,11.79,26.1,18381697309.0,201058507,48.3,-38.9,0,3,False,False,False,True,False,False,False,True,True,False,False
ALV,"Autoliv, Inc. Common Stock",123.97,26.0,9079217791.0,83007866,25.0,-6.2,1,4,False,False,False,True,False,True,False,True,False,True,False
KKR,KKR & Co. Inc. Common Stock,107.58,26.0,96567637956.0,466759967,30.1,-29.3,0,3,False,False,False,True,False,False,False,True,True,False,False
AEVA,"Aeva Technologies, Inc. - Common Stock",16.16,25.9,1126445049.0,42255785,83.0,-48.4,3,4,False,False,False,False,True,True,True,False,True,False,False
LEA,Lear Corporation Common Stock,123.65,25.9,6099007069.0,87058120,28.7,-17.7,5,4,False,False,False,False,True,True,True,False,False,True,False
FHB,"First Hawaiian, Inc. - Common Stock",25.78,25.8,3136926745.0,64849873,13.8,-15.7,5,4,False,False,False,False,True,True,True,False,False,True,False
LIN,Linde plc - Ordinary Shares,487.2,25.8,224589535414.0,1139258020,25.6,-11.1,5,4,False,False,False,False,True,True,True,False,False,True,False
ROCK,"Gibraltar Industries, Inc. - Common Stock",46.01,25.8,1365755733.0,15296383,37.1,-38.7,0,3,False,False,False,True,False,False,False,True,True,False,False
DEO,Diageo plc Common Stock,94.75,25.7,52738147989.0,100340280,30.8,-17.5,0,4,False,False,False,True,False,False,False,True,True,True,False
FE,FirstEnergy Corp. Common Stock,46.62,25.7,26976193630.0,205403593,8.7,-10.9,5,4,False,False,False,False,True,True,True,False,False,True,False
RKLB,Rocket Lab Corporation - Common Stock,66.91,25.6,40042941136.0,1857177678,78.1,-55.7,5,3,False,False,False,False,True,True,False,False,True,False,False
NMZ,"Nuveen Municipal High Income Opportunity Fund Common Stock, $0.01 par value, per share",10.07,25.6,,6368922,1.0,-6.5,5,4,False,False,False,False,True,True,True,False,False,True,False
SPGI,S&P Global Inc. Common Stock,432.99,25.6,127645452000.0,934415963,19.9,-17.8,0,3,False,False,False,True,False,False,False,True,False,True,False
CRI,"Carter's, Inc. Common Stock",33.91,25.5,1244876283.0,40513219,29.4,-23.7,5,4,False,False,False,False,True,True,True,False,False,True,False
G,Genpact Limited Common Stock,37.25,25.5,6259281661.0,81611090,38.7,-23.4,0,3,False,False,False,False,False,False,False,True,True,True,False
ALGN,"Align Technology, Inc. - Common Stock",159.61,25.4,11338670778.0,172192571,30.8,-20.4,3,4,False,False,False,False,True,True,False,False,True,True,False
BIOA,"BioAge Labs, Inc. - Common Stock",10.11,25.4,464017750.0,15420683,128.7,-61.0,5,3,False,False,False,False,True,True,False,False,True,False,False
QRVO,"Qorvo, Inc. - Common Stock",94.34,25.4,8322828857.0,112497730,25.9,-13.8,1,6,False,False,False,True,True,True,True,True,False,True,False
CMCSA,Comcast Corporation - Class A Common Stock,27.1,25.3,96168051128.0,831697378,27.3,-17.5,0,4,False,False,False,True,True,False,False,True,False,True,False
FLOC,Flowco Holdings Inc. Class A Common Stock,20.64,25.3,1864890626.0,14574362,47.1,-27.0,5,3,False,False,False,False,True,True,False,False,True,False,False
CWST,"Casella Waste Systems, Inc. - Class A Common Stock",93.43,25.2,5945889498.0,62103126,26.2,-13.5,2,4,False,False,False,True,False,True,False,True,False,True,False
TPL,Texas Pacific Land Corporation Common Stock,372.79,25.2,25713072076.0,151735843,38.5,-31.9,5,3,False,False,False,False,True,True,False,False,True,False,False
WM,"Waste Management, Inc. Common Stock",222.13,25.2,88788733822.0,470781823,14.4,-10.5,2,4,False,False,False,False,True,True,True,False,False,True,False
EMA,Emera Incorporated Common Shares,50.47,25.1,15504384000.0,26649455,10.3,-9.0,5,4,False,False,False,False,True,True,True,False,False,True,False
SUI,"Sun Communities, Inc. Common Stock",125.94,25.1,15339612525.0,222525261,8.7,-8.6,1,5,False,False,False,True,True,True,False,True,False,True,False
XP,XP Inc. - Class A Common Stock,17.8,25.0,9225952514.0,81069641,20.3,-23.0,0,3,False,False,False,False,True,False,False,True,False,True,False
REXR,"Rexford Industrial Realty, Inc. Common Stock",37.62,25.0,8388813225.0,100481411,17.1,-15.2,0,3,False,False,False,True,False,False,False,True,False,True,False
INOD,Innodata Inc. - Common Stock,57.17,24.9,1965656158.0,95697616,67.0,-54.3,0,3,False,False,False,False,True,False,True,False,True,False,False
WDFC,WD-40 Company - Common Stock,214.15,24.9,2874127708.0,38619024,22.1,-28.4,2,3,False,False,False,False,True,True,True,False,False,False,False
STC,Stewart Information Services Corporation Common Stock,69.3,24.9,2115188391.0,16572240,21.3,-11.8,0,3,False,False,False,True,False,False,False,True,False,True,False
IRT,"Independence Realty Trust, Inc. Common Stock",16.69,24.8,3934576823.0,46824115,14.3,-8.2,2,4,False,False,False,True,False,True,False,True,False,True,False
MAA,"Mid-America Apartment Communities, Inc. Common Stock",131.98,24.8,15312577885.0,137833691,9.7,-9.9,2,5,False,False,False,True,True,True,True,False,False,True,False
GIS,"General Mills, Inc. Common Stock",39.78,24.7,21267560396.0,361714776,25.3,-22.5,0,3,False,False,False,True,False,False,False,True,False,True,False
OBDC,Blue Owl Capital Corporation Common Stock,11.36,24.7,5602099584.0,44226739,8.0,-21.3,0,3,False,False,False,True,False,False,False,True,False,True,False
WOR,"Worthington Enterprises, Inc. Common Shares",57.32,24.7,2804483259.0,15564021,27.3,-15.5,1,6,False,False,False,True,True,True,True,True,False,True,False
ALB,Albemarle Corporation Common Stock,133.18,24.6,15715913491.0,310617132,86.9,-39.7,5,4,False,False,False,False,True,True,False,True,True,False,False
SSD,"Simpson Manufacturing Company, Inc. Common Stock",186.58,24.6,7646921968.0,60389477,19.4,-12.6,5,4,False,False,False,False,True,True,True,False,False,True,False
AKAM,"Akamai Technologies, Inc. - Common Stock",105.74,24.5,15196594236.0,438219142,49.3,-36.1,5,4,False,False,False,False,True,True,True,False,True,False,False
CAAP,Corporacion America Airports SA Common Shares,24.82,24.5,4100739204.0,5283788,43.0,-18.6,5,4,False,False,False,False,True,True,False,False,True,True,False
CLX,Clorox Company (The) Common Stock,104.93,24.5,12689290355.0,248786005,23.9,-18.6,0,4,False,False,False,True,True,False,False,True,False,True,False
AVGO,Broadcom Inc. - Common Stock,356.74,24.4,1697219159835.0,8824202700,24.2,-27.9,5,3,False,False,False,False,True,True,True,False,False,False,False
CMC,Commercial Metals Company Common Stock,66.85,24.4,7395236795.0,91942410,25.9,-21.2,5,3,False,False,False,False,True,True,False,False,False,True,False
MIDD,The Middleby Corporation - Common Stock,113.97,24.3,5153991116.0,98073353,27.8,-23.3,3,4,False,False,False,False,True,True,True,False,False,True,False
HUBB,Hubbell Inc Common Stock,464.19,24.3,24524351132.0,284393898,14.9,-17.9,5,3,False,False,False,False,True,True,False,False,False,True,False
ADC,Agree Realty Corporation Common Stock,74.32,24.2,9243870319.0,102911897,6.8,-9.5,5,4,False,False,False,False,True,True,True,False,False,True,False
ARE,"Alexandria Real Estate Equities, Inc. Common Stock",52.9,24.2,9217696453.0,96201534,34.2,-40.0,0,5,False,False,False,True,True,False,True,True,True,False,False
EFX,"Equifax, Inc. Common Stock",191.89,24.2,22544176693.0,284300423,27.3,-29.4,0,2,False,False,False,True,False,False,False,True,False,False,False
AEE,Ameren Corporation Common Stock,106.83,24.1,29575164504.0,187138682,10.6,-9.7,5,4,False,False,False,False,True,True,True,False,False,True,False
WCN,"Waste Connections, Inc. Common Shares",166.15,24.1,42405638402.0,235969479,13.1,-10.3,0,2,False,False,False,True,False,False,False,False,False,True,False
HLNE,Hamilton Lane Incorporated - Class A Common Stock,106.83,24.0,5887469458.0,71498065,48.6,-31.8,0,3,False,False,False,True,False,False,False,True,True,False,False
RYZ,Ryerson Holding Corporation Common Stock,24.59,24.0,1276187877.0,14062445,27.1,-23.2,5,4,False,False,False,False,True,True,True,False,False,True,False
WMK,"Weis Markets, Inc. Common Stock",70.89,24.0,1754144481.0,13137513,18.2,-15.3,3,4,False,False,False,False,True,True,True,False,False,True,False
DORM,"Dorman Products, Inc. - Common Stock",130.46,23.9,3871481124.0,42233048,32.5,-21.8,0,3,False,False,False,True,False,False,False,False,True,True,False
NNI,"Nelnet, Inc. Common Stock",128.76,23.9,4606960437.0,17430117,10.4,-10.8,5,2,False,False,False,False,False,True,False,False,False,True,False
COLM,Columbia Sportswear Company - Common Stock,58.94,23.8,3017326854.0,39506398,24.2,-14.7,4,4,False,False,False,False,True,True,True,False,False,True,False
MLYS,"Mineralys Therapeutics, Inc. - Common Stock",26.34,23.8,2328637351.0,28760987,81.3,-44.7,0,1,False,False,False,False,False,False,False,False,True,False,False
APG,APi Group Corporation Common Stock,40.38,23.8,17450632793.0,120212244,20.9,-19.2,5,3,False,False,False,False,True,True,False,False,False,True,False
DTM,"DT Midstream, Inc. Common Stock ",126.74,23.7,12929418615.0,121549143,26.1,-17.1,5,4,False,False,False,False,True,True,True,False,False,True,False
MDU,"MDU Resources Group, Inc. Common Stock (Holding Company)",19.98,23.7,4202782131.0,31782854,26.8,-13.1,5,3,False,False,False,False,True,True,False,False,False,True,False
IR,Ingersoll Rand Inc. Common Stock,78.57,23.6,30485115137.0,351018273,15.4,-22.2,1,3,False,False,False,False,True,True,False,False,False,True,False
RDDT,"Reddit, Inc. Class A Common Stock",162.45,23.6,31254813050.0,1039885040,36.2,-42.6,0,1,False,False,False,False,False,False,False,False,True,False,False
SONO,"Sonos, Inc. - Common Stock",15.29,23.5,1808714939.0,31009984,22.9,-22.9,0,2,False,False,False,False,False,False,False,True,False,True,False
LXU,"LSB Industries, Inc. Common Stock",10.28,23.5,740134341.0,9000218,33.3,-40.3,5,3,False,False,False,False,True,True,False,False,True,False,False
OGS,"ONE Gas, Inc. Common Stock",80.41,23.5,5054272671.0,47267510,8.6,-11.4,5,4,False,False,False,False,True,True,False,True,False,True,False
IRMD,iRadimed Corporation - Common Stock,87.87,23.4,1123592899.0,12156459,29.5,-18.6,5,3,False,False,False,False,True,True,False,False,False,True,False
FBIN,"Fortune Brands Innovations, Inc. Common Stock",45.67,23.4,5451695355.0,131491267,41.2,-29.6,0,1,False,False,False,False,False,False,False,False,True,False,False
DSL,DoubleLine Income Solutions Fund Common Shares of Beneficial Interests,10.66,23.3,1087286186.0,5891305,1.6,-15.9,0,5,False,False,False,True,True,False,True,True,False,True,False
NFG,National Fuel Gas Company Common Stock,82.14,23.3,7807004432.0,53461679,9.3,-15.4,1,4,False,False,False,False,True,True,False,True,False,True,False
STE,STERIS plc (Ireland) Ordinary Shares,236.44,23.3,23052926008.0,171229033,21.2,-12.2,0,3,False,False,False,True,False,False,False,True,False,True,False
GVA,Granite Construction Incorporated Common Stock,121.95,23.2,5337081995.0,122528171,25.4,-24.8,5,4,False,False,False,False,True,True,True,False,False,True,False
RMD,ResMed Inc. Common Stock,236.59,23.2,34128653077.0,321049096,31.2,-19.4,0,4,False,False,False,True,False,False,False,True,True,True,False
DOO,BRP Inc. - Common Subordinate Voting Shares,61.57,23.1,4546737194.0,13151659,26.1,-24.8,0,1,False,False,False,False,False,False,False,False,False,True,False
DOV,Dover Corporation Common Stock,202.06,23.1,27213486264.0,240299015,27.1,-14.9,5,3,False,False,False,False,True,True,False,False,False,True,False
FSK,FS KKR Capital Corp. Common Stock,12.05,23.1,3329900374.0,28368813,24.0,-34.0,0,2,False,False,False,True,False,False,False,True,False,False,False
OTF,Blue Owl Technology Finance Corp. Common Stock,11.18,23.0,5122512649.0,28696069,14.7,-29.3,0,1,False,False,False,False,False,False,False,True,False,False,False
PHG,Koninklijke Philips N.V. NY Registry Shares,27.43,23.0,26960529707.0,28722874,15.0,-18.0,0,4,False,False,False,True,True,False,False,True,False,True,False
BSY,"Bentley Systems, Incorporated - Class B Common Stock",36.9,22.9,11147227604.0,100009939,31.4,-35.5,0,3,False,False,False,True,False,False,False,True,True,False,False
LKFN,Lakeland Financial Corporation - Common Stock,59.57,22.9,1480781529.0,12364358,9.6,-14.2,1,5,False,False,False,True,True,True,True,False,False,True,False
PDO,PIMCO Dynamic Income Opportunities Fund Common Shares of Beneficial Interest,12.65,22.9,1843310360.0,8152304,2.3,-11.2,5,2,False,False,False,False,False,True,False,False,False,True,False
MARA,"MARA Holdings, Inc. - Common Stock",11.83,22.8,4569920684.0,578367011,77.6,-49.6,0,2,False,False,False,True,False,False,False,False,True,False,False
SPOT,Spotify Technology S.A. Ordinary Shares,552.57,22.8,113736879444.0,904877021,36.4,-25.8,0,3,False,False,False,True,False,False,False,True,True,False,False
RCI,"Rogers Communication, Inc. Common Stock",36.59,22.7,19766806332.0,44143411,16.6,-11.1,0,3,False,False,False,True,False,False,False,True,False,True,False
RYN,Rayonier Inc. REIT Common Stock,21.25,22.7,6323304934.0,58122577,9.0,-21.6,0,2,False,False,False,True,False,False,False,False,False,True,False
DHI,"D.R. Horton, Inc. Common Stock",150.8,22.6,42178951064.0,358041426,14.5,-18.3,0,4,False,False,False,True,True,False,True,False,False,True,False
GOLF,Acushnet Holdings Corp. Common Stock,86.21,22.6,5035098843.0,40400989,18.0,-27.9,5,3,False,False,False,False,True,True,True,False,False,False,False
SR,Spire Inc. Common Stock,83.21,22.6,4918776670.0,44549346,12.6,-12.7,0,3,False,False,False,False,True,False,False,True,False,True,False
IBP,"Installed Building Products, Inc. Common Stock",246.98,22.5,6564525135.0,90467528,27.9,-29.2,0,1,False,False,False,False,False,False,False,True,False,False,False
T,AT&T Inc.,25.77,22.5,176585978201.0,1497431647,29.6,-13.5,0,4,False,False,False,True,True,False,False,True,False,True,False
NVMI,Nova Ltd. - Ordinary Shares,368.26,22.4,11704397269.0,244358844,58.2,-40.2,5,3,False,False,False,False,True,True,False,False,True,False,False
CI,The Cigna Group Common Stock,279.32,22.4,73807652550.0,489814736,16.6,-11.5,0,3,False,False,False,False,True,False,True,False,False,True,False
NPKI,NPK International Inc. Common Stock,13.16,22.4,1117414205.0,14247022,30.2,-20.2,5,4,False,False,False,False,True,True,False,False,True,True,False
NYT,New York Times Company (The) Common Stock,68.61,22.3,11012101362.0,138882440,26.8,-21.2,5,3,False,False,False,False,True,True,False,False,False,True,False
OGE,OGE Energy Corp Common Stock,45.94,22.3,9490344325.0,66262488,10.2,-9.2,5,4,False,False,False,False,True,True,True,False,False,True,False
AEO,"American Eagle Outfitters, Inc. Common Stock",16.73,22.2,2803501861.0,76873828,38.2,-41.2,1,2,False,False,False,False,False,True,False,False,True,False,False
AXS,Axis Capital Holdings Limited Common Stock,99.41,22.2,7253581573.0,79155107,12.9,-17.2,4,4,False,False,False,False,True,True,True,False,False,True,False
ENOV,Enovis Corporation Common Stock,25.58,22.2,1475185657.0,29580164,33.6,-25.4,0,3,False,False,False,True,False,False,False,True,True,False,False
CELC,Celcuity Inc. - Common Stock,92.27,22.1,4514947151.0,123531200,107.7,-38.9,5,3,False,False,False,False,True,True,False,False,True,False,False
PAM,Pampa Energia S.A.,79.76,22.1,4350175404.0,14022610,45.2,-15.6,5,3,False,False,False,False,False,True,False,False,True,True,False
ADSK,"Autodesk, Inc. - Common Stock",251.21,22.0,53005310000.0,528434793,35.4,-23.7,0,4,False,False,False,True,False,False,False,True,True,True,False
FERG,Ferguson Enterprises Inc. Common Stock,232.67,22.0,45010643664.0,626119056,12.1,-14.3,5,3,False,False,False,False,True,True,False,False,False,True,False
ADBE,Adobe Inc. - Common Stock,273.92,21.9,108883200000.0,1348798385,44.1,-26.1,0,3,False,False,False,True,False,False,False,True,True,False,False
ALH,Alliance Laundry Holdings Inc. Common Stock,23.85,21.9,4741119940.0,27631403,28.0,-15.5,0,3,False,False,False,False,True,,True,False,False,True,False
NEE,"NextEra Energy, Inc. Common Stock",84.22,21.9,175681084762.0,969974794,21.6,-14.7,5,3,False,False,False,False,True,True,False,False,False,True,False
BBSI,"Barrett Business Services, Inc. - Common Stock",33.8,21.8,819149084.0,9147744,33.4,-31.9,0,2,False,False,False,True,False,False,False,False,True,False,False
HUBG,"Hub Group, Inc. - Class A Common Stock",39.23,21.8,2399052197.0,43185133,19.2,-26.3,5,3,False,False,False,False,True,True,True,False,False,False,False
AEP,"American Electric Power Company, Inc. - Common Stock",122.77,21.7,66835662905.0,611620723,16.1,-12.7,5,4,False,False,False,False,True,True,True,False,False,True,False
EPRT,"Essential Properties Realty Trust, Inc. Common Stock",30.8,21.7,6661208523.0,57304093,6.4,-11.3,5,3,False,False,False,False,True,True,False,False,False,True,False
TXNM,"TXNM Energy, Inc. Common Stock",57.31,21.7,5905572621.0,73353980,3.0,-3.7,5,4,False,False,False,False,True,True,False,True,False,True,False
CME,CME Group Inc. - Class A Common Stock,277.32,21.6,99718521215.0,725550477,27.0,-15.7,1,4,False,False,False,False,True,True,False,True,False,True,False
HCA,"HCA Healthcare, Inc. Common Stock",428.76,21.6,92827183140.0,607631762,21.1,-23.0,0,2,False,False,False,False,False,False,False,True,False,True,False
MGEE,MGE Energy Inc. - Common Stock,79.01,21.5,2985314788.0,18749155,9.5,-10.2,0,2,False,False,False,True,False,False,False,False,False,True,False
BYD,Boyd Gaming Corporation Common Stock,81.11,21.5,5893080630.0,78693769,6.3,-11.3,5,4,False,False,False,False,True,True,True,False,False,True,False
MSCI,MSCI Inc. Common Stock,563.99,21.5,41002073000.0,425149409,12.6,-12.5,4,4,False,False,False,False,True,True,True,False,False,True,False
COST,Costco Wholesale Corporation - Common Stock,960.01,21.4,425744086628.0,2118338240,13.7,-12.4,1,4,False,False,False,False,True,True,False,True,False,True,False
PTY,Pimco Corporate & Income Opportunity Fund,11.82,21.4,,13886032,2.1,-19.5,0,2,False,False,False,False,False,False,False,True,False,True,False
NGS,"Natural Gas Services Group, Inc. Common Stock",34.37,21.3,443314055.0,5512915,37.2,-23.0,5,5,False,False,False,False,True,True,True,False,True,True,False
STAG,"Stag Industrial, Inc. Common Stock",37.1,21.3,7153189006.0,64490813,7.8,-12.9,5,4,False,False,False,False,True,True,True,False,False,True,False
TRN,"Trinity Industries, Inc. Common Stock",29.59,21.3,2357420091.0,25564868,19.5,-22.8,5,4,False,False,False,False,True,True,True,False,False,True,False
BZ,KANZHUN LIMITED - American Depository Shares,16.29,21.2,7539104902.0,57960309,29.6,-35.5,0,1,False,False,False,False,False,False,False,True,False,False,False
HD,"Home Depot, Inc. (The) Common Stock",337.88,21.2,336905784514.0,1461663692,16.9,-20.8,0,1,False,False,False,False,False,False,False,False,False,True,False
ULTA,"Ulta Beauty, Inc. - Common Stock",537.22,21.1,23094717655.0,317941999,21.1,-24.9,0,2,False,False,False,False,False,False,False,True,False,True,False
RBC,RBC Bearings Incorporated Common Stock,496.01,21.1,15703302112.0,146353686,36.1,-25.7,5,4,False,False,False,False,True,True,True,False,True,False,False
ENSG,"The Ensign Group, Inc. - Common Stock",179.02,21.0,10433721335.0,115882871,26.4,-17.9,0,3,False,False,False,False,True,False,False,True,False,True,False
DUK,Duke Energy Corporation (Holding Company) Common Stock,121.59,21.0,94803989647.0,530020055,6.8,-9.6,5,4,False,False,False,False,True,True,True,False,False,True,False
JEF,Jefferies Financial Group Inc. Common Stock,52.45,21.0,10161804091.0,123470734,47.6,-26.2,1,2,False,False,False,False,False,True,False,False,True,False,False
ERIE,Erie Indemnity Company - Class A Common Stock,257.98,20.9,11915855763.0,65545030,26.1,-29.6,0,2,False,False,False,True,False,False,False,True,False,False,False
BCO,Brinks Company (The) Common Stock,111.0,20.9,4572049374.0,58793709,21.9,-18.6,1,3,False,False,False,False,False,True,False,True,False,True,False
CALM,"Cal-Maine Foods, Inc. - Common Stock",84.14,20.8,3947503405.0,78732022,17.0,-28.4,0,2,False,False,False,True,False,False,False,True,False,False,False
GNTX,Gentex Corporation - Common Stock,23.65,20.8,4982660778.0,63173969,15.5,-19.5,0,4,False,False,False,True,True,False,True,False,False,True,False
DY,"Dycom Industries, Inc. Common Stock",351.8,20.8,10565065869.0,244346611,45.0,-37.9,5,4,False,False,False,False,True,True,True,False,True,False,False
AD,"Array Digital Infrastructure, Inc. Common Shares",35.86,20.7,3101890000.0,9147419,6.4,-41.0,5,3,False,False,False,False,True,True,False,True,False,False,False
ATMU,Atmus Filtration Technologies Inc. Common Stock,49.64,20.7,4050401960.0,38063505,16.5,-25.4,5,2,False,False,False,False,True,True,False,False,False,False,False
FIZZ,National Beverage Corp. - Common Stock,33.36,20.6,3122899723.0,16387396,11.2,-28.4,0,3,False,False,False,True,True,False,False,True,False,False,False
GFL,"GFL Environmental Inc. Subordinate voting shares, no par value",40.72,20.6,15227409038.0,108998296,22.2,-20.4,0,2,False,False,False,False,False,False,False,True,False,True,False
UTG,Reaves Utility Income Fund Common Shares of Beneficial Interest,38.26,20.6,,10832284,6.8,-12.8,5,3,False,False,False,False,True,True,False,False,False,True,False
AN,"AutoNation, Inc. Common Stock",196.8,20.5,6506366621.0,84745533,11.4,-16.5,1,2,False,False,False,False,False,True,False,False,False,True,False
GIB,CGI Inc. Common Stock,74.5,20.5,17275684385.0,33791274,24.9,-23.6,0,2,False,False,False,False,False,False,False,True,False,True,False
CDNS,"Cadence Design Systems, Inc. - Common Stock",331.9,20.4,91402936700.0,822845392,26.3,-20.3,0,4,False,False,False,True,True,False,True,False,False,True,False
BDC,Belden Inc Common Stock,116.96,20.4,4570585219.0,61998555,19.3,-26.9,1,2,False,False,False,False,True,True,False,False,False,False,False
BA,Boeing Company (The) Common Stock,211.08,20.3,166831303822.0,1267729835,19.4,-17.0,1,3,False,False,False,False,True,True,False,False,False,True,False
IDR,"Idaho Strategic Resources, Inc. Common Stock",32.95,20.3,521472302.0,8090504,31.9,-39.8,0,2,False,False,False,False,False,False,False,True,True,False,False
KT,KT Corporation Common Stock,19.23,20.3,9272516123.0,28865942,12.3,-21.8,0,3,False,False,False,False,True,False,False,True,False,True,False
LNT,Alliant Energy Corporation - Common Stock,68.34,20.2,17719516330.0,183974174,8.0,-13.3,5,4,False,False,False,False,True,True,True,False,False,True,False
AIG,"American International Group, Inc. New Common Stock",76.38,20.2,39938580248.0,282401858,7.2,-12.5,0,1,False,False,False,False,False,False,False,False,False,True,False
XRAY,DENTSPLY SIRONA Inc. - Common Stock,10.97,20.1,2186912020.0,64277743,16.6,-26.2,0,2,False,False,False,False,True,False,True,False,False,False,False
DXC,DXC Technology Company Common Stock ,10.89,20.1,1739989923.0,44722452,37.8,-30.5,0,2,False,False,False,False,False,False,False,True,True,False,False
RPM,RPM International Inc. Common Stock,106.79,20.1,13641505387.0,105707668,14.9,-16.9,1,5,False,False,False,True,True,True,True,False,False,True,False
XEL,Xcel Energy Inc. - Common Stock,77.19,20.0,48215522080.0,414433900,8.3,-8.4,0,3,False,False,False,False,True,False,True,False,False,True,False
ALC,Alcon Inc. Ordinary Shares,73.37,20.0,36662989000.0,143198861,18.7,-16.3,0,2,False,False,False,False,False,False,False,True,False,True,False
HGV,Hilton Grand Vacations Inc. Common Stock ,44.91,19.9,3490591352.0,58802986,22.1,-18.9,3,4,False,False,False,False,True,True,True,False,False,True,False
PUK,Prudential Public Limited Company Common Stock,28.43,19.9,36322721845.0,29586794,15.5,-16.5,5,3,False,False,False,False,False,True,False,True,False,True,False
WAL,Western Alliance Bancorporation Common Stock (DE),79.63,19.9,8687701800.0,85539023,21.0,-18.1,1,2,False,False,False,False,False,True,False,False,False,True,False
SOFI,"SoFi Technologies, Inc.  - Common Stock",19.0,19.8,24539836156.0,1317410358,27.7,-41.9,0,1,False,False,False,False,False,False,False,True,False,False,False
ARLO,"Arlo Technologies, Inc. Common Stock",13.32,19.8,1433409209.0,17598533,20.5,-33.2,0,0,False,False,False,False,False,False,False,False,False,False,False
HSY,The Hershey Company Common Stock,187.18,19.7,37609264477.0,330918974,16.0,-21.8,1,4,False,False,False,False,True,True,False,True,False,True,False
KBR,"KBR, Inc. Common Stock",37.69,19.7,4751493686.0,60583280,25.9,-27.8,0,1,False,False,False,False,False,False,False,True,False,False,False
SMP,"Standard Motor Products, Inc. Common Stock",37.53,19.7,838431196.0,5701592,9.5,-18.4,1,4,False,False,False,False,True,True,True,False,False,True,False
SO,Southern Company (The) Common Stock,89.97,19.6,103498156051.0,546457636,7.4,-10.8,0,3,False,False,False,False,True,False,True,False,False,True,False
UI,Ubiquiti Inc. Common Stock,575.79,19.6,34851636496.0,65934706,13.9,-47.7,0,2,False,False,False,False,True,False,False,True,False,False,False
NSSC,"NAPCO Security Technologies, Inc. - Common Stock",36.43,19.5,1301546887.0,15407838,15.8,-29.6,0,0,False,False,False,False,False,False,False,False,False,False,False
WRB,W.R. Berkley Corporation Common Stock,68.48,19.5,25421661186.0,136482167,8.9,-13.3,0,1,False,False,False,False,False,False,False,False,False,True,False
BCE,"BCE, Inc. Common Stock",23.59,19.4,21998284023.0,85271623,13.0,-11.0,1,4,False,False,False,False,True,True,False,True,False,True,False
IIIN,"Insteel Industries, Inc. Common Stock",30.43,19.4,589071456.0,10222906,25.0,-23.8,0,1,False,False,False,False,False,False,False,False,False,True,False
LEVI,Levi Strauss & Co Class A Common Stock,21.1,19.4,8120346858.0,63999501,19.1,-17.9,5,4,False,False,False,False,True,True,True,False,False,True,False
BANF,BancFirst Corporation - Common Stock,111.09,19.3,3732484582.0,19298322,9.5,-19.9,1,4,False,False,False,False,True,True,True,False,False,True,False
EPAC,Enerpac Tool Group Corp. Common Stock,37.3,19.3,1907434196.0,18104107,15.3,-17.1,0,3,False,False,False,True,False,False,False,True,False,True,False
CG,The Carlyle Group Inc. - Common Stock,48.92,19.2,17431800478.0,175242416,23.5,-30.0,0,1,False,False,False,False,False,False,False,True,False,False,False
CORZ,"Core Scientific, Inc. - Common Stock",18.03,19.2,5793768151.0,281423461,37.3,-40.8,5,4,False,False,False,False,True,True,True,False,True,False,False
FTAI,FTAI Aviation Ltd. - Common Stock,200.47,19.2,20589690533.0,317539290,37.8,-38.0,5,3,False,False,False,False,True,True,False,False,True,False,False
CX,"Cemex, S.A.B. de C.V. Sponsored ADR",11.0,19.1,16675077265.0,74293397,26.0,-19.5,5,3,False,False,False,False,True,True,False,False,False,True,False
ENB,Enbridge Inc Common Stock,49.74,19.1,108612159496.0,231861407,10.5,-14.9,5,4,False,False,False,False,True,True,True,False,False,True,False
KMT,Kennametal Inc. Common Stock,29.27,19.0,2230930774.0,43927594,43.8,-33.2,5,3,False,False,False,False,True,True,False,False,True,False,False
LEU,Centrus Energy Corp. Class A Common Stock,193.39,19.0,3858683209.0,131733492,36.1,-58.3,0,2,False,False,False,False,False,False,False,True,True,False,False
PG,Procter & Gamble Company (The) Common Stock,145.4,19.0,337972566924.0,1371670135,5.7,-13.1,0,2,False,False,False,False,True,False,False,False,False,True,False
CC,Chemours Company (The) Common Stock,15.77,18.9,2373369151.0,48928345,51.1,-45.0,5,3,False,False,False,False,True,True,False,False,True,False,False
DTE,DTE Energy Company Common Stock,136.14,18.9,28329109714.0,193353361,7.9,-12.6,5,4,False,False,False,False,True,True,True,False,False,True,False
EXC,Exelon Corporation - Common Stock,44.31,18.8,45739173278.0,382473460,4.1,-12.5,0,2,False,False,False,False,True,False,False,False,False,True,False
EQT,EQT Corporation Common Stock,54.0,18.8,33777864000.0,390723084,12.6,-20.9,0,3,False,False,False,False,True,False,False,True,False,True,False
EEFT,"Euronet Worldwide, Inc. - Common Stock",71.21,18.7,2663510000.0,51833792,13.9,-27.7,0,0,False,False,False,False,False,False,False,False,False,False,False
TMDX,"TransMedics Group, Inc. - Common Stock",93.6,18.7,3245593572.0,74988393,55.7,-40.0,0,2,False,False,False,False,False,False,False,True,True,False,False
PPL,PPL Corporation Common Stock,34.99,18.7,26331543987.0,319975694,5.5,-12.8,0,2,False,False,False,False,True,False,False,False,False,True,False
LASR,"nLIGHT, Inc. - Common Stock",43.3,18.6,2497985530.0,83869833,59.1,-50.2,5,3,False,False,False,False,True,True,False,False,True,False,False
NXST,"Nexstar Media Group, Inc. - Common Stock",189.39,18.6,5834784126.0,72798329,22.6,-25.5,1,3,False,False,False,False,True,True,False,True,False,False,False
TW,Tradeweb Markets Inc. - Class A Common Stock,107.71,18.5,25207184100.0,159284712,17.8,-16.3,0,3,False,False,False,False,True,False,False,True,False,True,False
UFPI,"UFP Industries, Inc. - Common Stock",88.73,18.5,4894479096.0,42800495,13.9,-24.8,0,2,False,False,False,False,False,False,False,True,False,True,False
TDC,Teradata Corporation Common Stock,27.37,18.5,2545410000.0,102533571,35.2,-34.5,5,4,False,False,False,False,True,True,True,False,True,False,False
BLBD,Blue Bird Corporation - Common Stock,58.65,18.4,1857799687.0,37476693,27.1,-29.7,5,3,False,False,False,False,True,True,True,False,False,False,False
FWRG,"First Watch Restaurant Group, Inc. - Common Stock",12.99,18.4,801644531.0,14078569,30.3,-33.5,0,2,False,False,False,False,False,False,False,True,True,False,False
FER,Ferrovial N.V. - Ordinary Shares,63.03,18.3,45347422109.0,99215033,18.5,-15.7,5,3,False,False,False,False,True,True,False,False,False,True,False
PAHC,Phibro Animal Health Corporation - Class A Common Stock,35.93,18.3,1457490246.0,8042063,27.2,-40.2,0,2,False,False,False,False,True,False,False,True,False,False,False
WGO,"Winnebago Industries, Inc. Common Stock",31.89,18.3,901494998.0,21186164,19.0,-36.4,0,1,False,False,False,False,False,False,False,True,False,False,False
KAI,Kadant Inc Common Stock,302.84,18.2,3576272992.0,43180837,23.7,-14.5,2,3,False,False,False,False,True,True,False,False,False,True,False
TGS,Transportadora de Gas del Sur SA TGS Common Stock,28.41,18.2,4277188343.0,6868349,43.9,-21.8,5,4,False,False,False,False,True,True,False,False,True,True,False
CAE,CAE Inc - Common Shares,25.02,18.1,8044146673.0,16615973,9.9,-26.9,0,0,False,False,False,False,False,False,False,False,False,False,False
WEC,"WEC Energy Group, Inc. Common Stock",106.67,18.1,34758353685.0,256682927,3.6,-11.0,0,2,False,False,False,False,True,False,False,False,False,True,False
WMS,"Advanced Drainage Systems, Inc. Common Stock",141.44,18.1,10665331572.0,110876011,10.5,-21.1,2,2,False,False,False,False,False,True,False,False,False,True,False
AGCO,AGCO Corporation Common Stock,110.94,18.0,7769320015.0,93226686,13.0,-22.8,0,3,False,False,False,False,True,False,False,True,False,True,False
GBX,"Greenbrier Companies, Inc. (The) Common Stock",46.16,18.0,1428175906.0,22870792,20.7,-22.0,5,3,False,False,False,False,True,True,False,False,False,True,False
ATO,Atmos Energy Corporation Common Stock,167.56,17.9,28315721941.0,198109161,4.7,-13.0,0,2,False,False,False,False,True,False,False,False,False,True,False
VNT,Vontier Corporation Common Stock ,33.39,17.9,4514328000.0,50923741,22.5,-30.7,0,1,False,False,False,False,False,False,False,True,False,False,False
MNDY,monday.com Ltd. - Ordinary Shares,93.23,17.8,4000214389.0,116519576,62.1,-57.8,0,2,False,False,False,False,False,False,False,True,True,False,False
SFM,"Sprouts Farmers Market, Inc. - Common Stock",85.95,17.8,8014633369.0,169345631,32.7,-41.6,0,3,False,False,False,True,False,False,False,True,True,False,False
GGG,Graco Inc. Common Stock,78.7,17.8,12745765949.0,112732303,8.5,-17.8,1,3,False,False,False,False,False,True,False,True,False,True,False
IE,Ivanhoe Electric Inc. Common Stock,11.91,17.7,1900719985.0,22236312,51.6,-44.7,0,2,False,False,False,False,False,False,False,True,True,False,False
MOS,Mosaic Company (The) Common Stock,24.27,17.7,7715327328.0,193984945,22.6,-34.4,0,2,False,False,False,True,False,False,False,True,False,False,False
GLXY,Galaxy Digital Inc. - Class A common stock,24.79,17.6,9690140541.0,168083037,50.9,-46.0,0,2,False,False,False,False,False,False,False,True,True,False,False
HAYW,"Hayward Holdings, Inc. Common Stock",14.47,17.6,3069370352.0,42563101,11.9,-18.4,0,1,False,False,False,False,False,False,False,False,False,True,False
TSN,"Tyson Foods, Inc. Common Stock",57.17,17.6,20112492441.0,183341022,13.1,-17.7,5,3,False,False,False,False,True,True,False,False,False,True,False
WYFI,"WhiteFiber, Inc. - Ordinary Shares",20.4,17.5,792501607.0,92344647,94.1,-56.5,0,3,False,False,False,False,True,False,True,False,True,False,False
SHAK,"Shake Shack, Inc. Class A Common Stock",74.07,17.5,3170117338.0,115125303,43.5,-31.1,0,2,False,False,False,False,False,False,False,True,True,False,False
INVA,"Innoviva, Inc. - Common Stock",21.17,17.4,1529436917.0,16979874,28.1,-15.8,5,3,False,False,False,False,True,True,False,False,False,True,False
AESI,Atlas Energy Solutions Inc. Common Stock,12.02,17.4,1502541481.0,42563082,57.3,-40.3,4,3,False,False,False,False,True,True,False,False,True,False,False
AOS,A.O. Smith Corporation Common Stock,62.15,17.4,8446717812.0,104244114,14.8,-24.1,0,2,False,False,False,False,False,False,False,True,False,True,False
PEP,"PepsiCo, Inc. - Common Stock",142.27,17.3,194183121957.0,1190622254,6.4,-17.0,0,3,False,False,False,False,True,False,False,True,False,True,False
VMC,Vulcan Materials Company (Holding Company) Common Stock,274.09,17.3,35516236573.0,309169720,8.6,-17.2,0,1,False,False,False,False,False,False,False,False,False,True,False
CPB,The Campbell's Company - Common Stock,23.47,17.2,6998900523.0,171549298,20.0,-31.3,0,1,False,False,False,False,False,False,False,True,False,False,False
YELP,Yelp Inc. Common Stock,23.7,17.2,1286047818.0,29078803,20.9,-31.3,0,0,False,False,False,False,False,False,False,False,False,False,False
EXE,Expand Energy Corporation - Common Stock,94.66,17.1,21914148667.0,335264665,11.4,-25.2,0,1,False,False,False,False,False,False,False,True,False,False,False
AMT,American Tower Corporation (REIT) Common Stock,178.57,17.1,83206485771.0,522372499,11.6,-15.7,0,4,False,False,False,True,True,False,False,True,False,True,False
CRC,California Resources Corporation Common Stock,51.67,17.1,4589323871.0,45427048,19.5,-28.2,1,2,False,False,False,False,True,True,False,False,False,False,False
DPZ,Domino's Pizza Inc - Common Stock,349.91,17.0,11575629894.0,307206741,24.1,-25.4,0,1,False,False,False,False,False,False,False,True,False,False,False
SIG,Signet Jewelers Limited Common Shares,84.6,17.0,3327299642.0,66975434,18.1,-23.2,0,1,False,False,False,False,False,False,False,False,False,True,False
GDDY,GoDaddy Inc. Class A Common Stock,99.79,16.9,12638174382.0,192103498,39.4,-33.7,0,3,False,False,False,True,False,False,False,True,True,False,False
MTZ,"MasTec, Inc. Common Stock",246.85,16.9,19823276414.0,463647205,44.3,-44.1,5,4,False,False,False,False,True,True,True,False,True,False,False
TM,Toyota Motor Corporation Common Stock,192.95,16.9,251489717361.0,80330571,16.2,-22.5,0,2,False,False,False,False,False,False,False,True,False,True,False
GNRC,Generac Holdlings Inc. Common Stock,201.78,16.8,11906303523.0,239368814,49.7,-31.9,5,4,False,False,False,False,True,True,True,False,True,False,False
INGR,Ingredion Incorporated Common Stock,105.03,16.8,6623609714.0,82987039,11.2,-19.5,0,2,False,False,False,False,False,False,False,True,False,True,False
BTDR,Bitdeer Technologies Group - Ordinary Shares,11.29,16.7,3068421546.0,145167404,63.2,-59.4,0,1,False,False,False,False,False,False,False,False,True,False,False
PAX,Patria Investments Limited - Class A Common Shares,11.78,16.7,1911737573.0,11421029,11.7,-33.8,0,1,False,False,False,False,False,False,False,True,False,False,False
PRVA,"Privia Health Group, Inc. - Common Stock",21.2,16.7,2707965188.0,30400407,8.6,-26.4,0,0,False,False,False,False,False,False,False,False,False,False,False
BTI,"British American Tobacco  Industries, p.l.c. Common Stock ADR",56.47,16.6,122419638721.0,265975789,13.2,-16.1,5,4,False,False,False,False,True,True,True,False,False,True,False
MH,"McGraw Hill, Inc. Common Stock",13.04,16.6,2494666935.0,9418084,45.8,-27.6,0,2,False,False,False,False,False,False,False,True,True,False,False
AVA,Avista Corporation Common Stock,37.75,16.5,3161669333.0,28816696,6.3,-13.2,5,3,False,False,False,False,True,True,False,False,False,True,False
BBAR,Banco BBVA Argentina S.A. ADS,14.8,16.5,3022703056.0,12004313,90.7,-34.1,3,4,False,False,False,False,True,True,True,False,True,False,False
FCN,"FTI Consulting, Inc. Common Stock",151.68,16.5,4188123696.0,72056349,10.2,-19.9,0,1,False,False,False,False,False,False,False,False,False,True,False
CARR,Carrier Global Corporation Common Stock ,58.52,16.4,48239502336.0,404909308,16.5,-23.8,3,4,False,False,False,False,True,True,True,False,False,True,False
CNP,"CenterPoint Energy, Inc (Holding Co) Common Stock",38.93,16.4,25643980812.0,283792941,6.4,-14.0,5,4,False,False,False,False,True,True,True,False,False,True,False
MBUU,"Malibu Boats, Inc. - Common Stock",28.46,16.3,558870528.0,6647180,19.4,-28.2,0,2,False,False,False,True,False,False,False,True,False,False,False
WH,"Wyndham Hotels & Resorts, Inc. Common Stock ",75.87,16.3,5630397826.0,108501278,9.6,-16.0,0,2,False,False,False,False,True,False,False,False,False,True,False
DAKT,"Daktronics, Inc. - Common Stock",19.11,16.2,923124335.0,10582924,13.9,-32.4,1,2,False,False,False,False,True,True,False,False,False,False,False
WAY,Waystar Holding Corp. - Common Stock,24.21,16.2,4642229151.0,64664986,40.3,-41.6,0,2,False,False,False,False,False,False,False,True,True,False,False
MWA,MUELLER WATER PRODUCTS Common Stock,24.94,16.2,3893774434.0,30295745,9.7,-19.5,2,3,False,False,False,False,True,True,False,False,False,True,False
WSC,WillScot Holdings Corporation - Class A Common Stock,21.27,16.1,3853931677.0,63205105,42.7,-28.6,3,4,False,False,False,False,True,True,True,False,True,False,False
LNN,Lindsay Corporation Common Stock,114.17,16.1,1160981600.0,17540421,17.4,-22.9,0,2,False,False,False,False,True,False,False,False,False,True,False
IONS,"Ionis Pharmaceuticals, Inc. - Common Stock",63.57,16.0,10564337350.0,202283564,52.4,-26.7,0,1,False,False,False,False,False,False,False,False,True,False,False
SUPN,"Supernus Pharmaceuticals, Inc. - Common Stock",45.36,16.0,2636641310.0,43158415,6.9,-24.0,0,2,False,False,False,False,True,False,False,False,False,True,False
MP,MP Materials Corp. Common Stock,60.17,16.0,10716372550.0,308932642,59.1,-40.0,0,3,False,False,False,True,False,False,False,True,True,False,False
FSV,FirstService Corporation - Common Shares,143.94,15.9,6322210408.0,27781339,20.5,-31.3,0,1,False,False,False,False,False,False,False,True,False,False,False
SAIA,"Saia, Inc. - Common Stock",343.92,15.9,9173945628.0,182092225,37.9,-30.5,5,3,False,False,False,False,True,True,False,False,True,False,False
CHDN,"Churchill Downs, Incorporated - Common Stock",88.67,15.8,6180320547.0,93278741,11.7,-25.1,0,1,False,False,False,False,False,False,False,True,False,False,False
GLPI,"Gaming and Leisure Properties, Inc. - Common Stock",43.03,15.8,12518289450.0,117030004,4.5,-13.9,1,3,False,False,False,False,True,True,False,False,False,True,False
LRN,"Stride, Inc. Common Stock",85.59,15.8,3557107134.0,84529742,41.2,-50.0,0,3,False,False,False,False,True,False,False,True,True,False,False
GRRR,Gorilla Technology Group Inc. - Ordinary shares,14.04,15.7,389714935.0,19517772,55.3,-40.2,0,4,False,False,False,True,True,False,True,False,True,False,False
ORLY,"O'Reilly Automotive, Inc. - Common Stock",90.32,15.7,73065338733.0,672292782,9.4,-16.9,0,2,False,False,False,False,False,False,False,True,False,True,False
STWD,"STARWOOD PROPERTY TRUST, INC. Starwood Property Trust Inc.",16.12,15.6,5967123474.0,67982154,3.9,-22.6,0,1,False,False,False,False,False,False,False,False,False,True,False
SYK,Stryker Corporation Common Stock,330.59,15.6,126805413277.0,820859105,17.6,-16.7,0,2,False,False,False,False,False,False,False,True,False,True,False
CRWV,"CoreWeave, Inc. - Class A Common Stock",88.04,15.5,48557282440.0,2719471087,45.4,-42.5,0,2,False,False,False,False,True,False,False,False,True,False,False
LGN,Legence Corp. - Class A Common stock,57.26,15.5,6188401985.0,107032113,112.4,-46.6,1,4,False,False,False,False,True,True,True,False,True,False,False
PDI,PIMCO Dynamic Income Fund Common Stock,15.46,15.5,3758171400.0,49578234,3.9,-23.4,0,2,False,False,False,False,True,False,False,False,False,True,False
DKNG,DraftKings Inc. - Class A Common Stock,25.79,15.4,12803549898.0,293709713,26.1,-47.1,0,1,False,False,False,False,False,False,False,True,False,False,False
MOD,Modine Manufacturing Company Common Stock,188.01,15.4,9985720231.0,368514860,69.1,-41.8,5,3,False,False,False,False,True,True,False,False,True,False,False
VRSK,"Verisk Analytics, Inc. - Common Stock",188.49,15.3,24533106702.0,417210597,20.9,-31.2,0,1,False,False,False,False,False,False,False,True,False,False,False
DBD,Diebold Nixdorf Incorporated Common stock,67.79,15.3,2301239201.0,24417969,24.4,-26.4,5,3,False,False,False,False,True,True,True,False,False,False,False
NHI,"National Health Investors, Inc. Common Stock",73.35,15.3,3602250334.0,47913177,8.0,-19.7,2,3,False,False,False,False,True,True,False,False,False,True,False
VC,Visteon Corporation - Common Stock,103.58,15.2,2765112536.0,60617363,24.1,-19.8,0,4,False,False,False,True,True,False,True,False,False,True,False
GPOR,Gulfport Energy Corporation Common Shares,172.48,15.2,3050113208.0,68692767,15.6,-23.6,0,2,False,False,False,False,False,False,False,True,False,True,False
GFS,GlobalFoundries Inc. - Ordinary Share,45.92,15.1,25550680396.0,226024172,45.4,-50.4,5,4,False,False,False,False,True,True,True,False,True,False,False
LOGI,Logitech International S.A. - Registered Shares,98.65,15.1,14125528952.0,106313854,18.4,-23.9,0,1,False,False,False,False,False,False,False,False,False,True,False
SAM,"Boston Beer Company, Inc. (The) Common Stock",189.41,15.1,1949347298.0,52708680,19.4,-28.4,0,2,False,False,False,False,True,False,False,True,False,False,False
MKC,"McCormick & Company, Incorporated Common Stock",54.48,15.0,14647032553.0,198543040,21.6,-24.8,0,2,False,False,False,False,False,False,False,True,False,True,False
UHS,"Universal Health Services, Inc. Common Stock",175.76,15.0,10358681876.0,140721468,25.5,-28.6,0,1,False,False,False,False,False,False,False,True,False,False,False
HON,Honeywell International Inc. - Common Stock,215.68,14.9,68357621357.0,980947511,10.1,-17.1,5,3,False,False,False,False,True,True,False,False,False,True,False
STEP,StepStone Group Inc. - Class A Common Stock,49.77,14.9,6006077766.0,66013875,28.1,-36.0,0,1,False,False,False,False,False,False,False,True,False,False,False
SRE,DBA Sempra Common Stock,84.03,14.9,54947246242.0,344859548,6.4,-16.8,0,2,False,False,False,False,True,False,False,False,False,True,False
FUL,H. B. Fuller Company Common Stock,57.01,14.8,3066420301.0,47842027,17.0,-16.9,1,3,False,False,False,False,True,True,False,False,False,True,False
IONQ,"IonQ, Inc. Common Stock",42.05,14.8,16021147304.0,927979986,62.4,-50.3,0,1,False,False,False,False,False,False,False,False,True,False,False
IBM,International Business Machines Corporation Common Stock,234.19,14.7,220638452794.0,2334182256,17.6,-29.6,0,0,False,False,False,False,False,False,False,False,False,False,False
TYL,"Tyler Technologies, Inc. Common Stock",350.06,14.7,14335753036.0,256218844,29.3,-38.2,0,1,False,False,False,False,False,False,False,True,False,False,False
FLGT,"Fulgent Genetics, Inc. - Common Stock",19.95,14.6,548930095.0,5479553,48.2,-35.7,0,2,False,False,False,False,False,False,False,True,True,False,False
BROS,Dutch Bros Inc. Class A Common Stock,51.08,14.6,8922742053.0,220320255,14.6,-31.6,2,1,False,False,False,False,False,True,False,False,False,False,False
LCII,LCI Industries,104.78,14.6,2547359703.0,47230954,24.2,-34.4,5,3,False,False,False,False,True,True,False,True,False,False,False
CIM,Chimera Investment Corporation Common Stock,11.61,14.5,971894207.0,9896077,1.3,-22.0,5,3,False,False,False,False,True,True,False,False,False,True,False
SPXC,"SPX Technologies, Inc. Common Stock",200.98,14.5,10066256143.0,153346964,11.9,-20.0,5,4,False,False,False,False,True,True,True,False,False,True,False
LYTS,LSI Industries Inc. - Common Stock,20.65,14.4,758111143.0,8512642,20.0,-24.5,5,4,False,False,False,False,True,True,True,False,False,True,False
PIPR,Piper Sandler Companies Common Stock,74.74,14.4,5281897549.0,44938236,8.8,-21.4,0,1,False,False,False,False,False,False,False,False,False,True,False
TEL,TE Connectivity plc Ordinary Shares,201.41,14.4,58310859251.0,500930972,5.9,-20.3,0,1,False,False,False,False,False,False,False,False,False,True,False
AMPH,"Amphastar Pharmaceuticals, Inc. - Common Stock",21.98,14.3,934984009.0,9922727,32.0,-29.7,0,2,False,False,False,False,False,False,False,True,True,False,False
HHH,Howard Hughes Holdings Inc. Common Stock,67.0,14.3,4001309412.0,28262578,9.8,-26.4,0,0,False,False,False,False,False,False,False,False,False,False,False
WMT,Walmart Inc. - Common Stock,105.38,14.2,838622381354.0,2751529967,10.4,-22.0,5,3,False,False,False,False,True,True,False,False,False,True,False
CE,Celanese Corporation Common Stock,44.52,14.2,4886022186.0,83415133,26.7,-37.0,5,2,False,False,False,False,True,True,False,False,False,False,False
TAP,Molson Coors Beverage Company Class B Common Stock,42.01,14.2,7832929725.0,124153083,10.4,-23.4,0,2,False,False,False,False,False,False,False,True,False,True,False
AOSL,Alpha and Omega Semiconductor Limited - Common Shares,26.62,14.1,805334860.0,25237117,56.5,-51.0,5,4,False,False,False,False,True,True,True,False,True,False,False
BN,Brookfield Corporation Class A Limited Voting Shares,42.12,14.1,103225575890.0,171655111,11.0,-15.0,0,1,False,False,False,False,False,False,False,False,False,True,False
CCL,Carnival Corporation Ltd. Common Shares,26.14,14.0,35802627971.0,570345382,11.5,-23.2,0,1,False,False,False,False,False,False,False,False,False,True,False
CMS,CMS Energy Corporation Common Stock,68.74,14.0,21555292329.0,265209463,1.2,-14.5,0,2,False,False,False,False,True,False,False,False,False,True,False
ROAD,"Construction Partners, Inc. - Common Stock",109.69,13.9,6293414938.0,107060863,17.4,-27.4,0,1,False,False,False,False,True,False,False,False,False,False,False
LMND,"Lemonade, Inc. Common Stock",54.42,13.9,4211923788.0,84769607,17.9,-45.5,0,0,False,False,False,False,False,False,False,False,False,False,False
VVV,Valvoline Inc. Common Stock,32.91,13.9,4198869016.0,79658715,15.5,-20.4,2,4,False,False,False,False,True,True,True,False,False,True,False
NN,NextNav Inc. - Common stock,15.67,13.8,2645251290.0,43631405,44.2,-35.8,1,3,False,False,False,False,True,True,False,False,True,False,False
OTEX,Open Text Corporation - Common Shares,24.36,13.8,6104683648.0,40926210,23.2,-38.9,0,1,False,False,False,False,False,False,False,True,False,False,False
ALK,"Alaska Air Group, Inc. Common Stock",43.33,13.7,4835763190.0,142790910,31.2,-34.2,1,2,False,False,False,False,False,True,False,False,True,False,False
CYD,China Yuchai International Limited Common Stock,39.37,13.7,1477096337.0,7553101,37.4,-36.0,5,4,False,False,False,False,True,True,True,False,True,False,False
KVYO,"Klaviyo, Inc. Series A Common Stock",17.6,13.7,5011202891.0,97862862,40.5,-51.4,0,2,False,False,False,False,False,False,False,True,True,False,False
SWKS,"Skyworks Solutions, Inc. - Common Stock",65.7,13.6,9886061777.0,365409429,26.5,-27.7,0,2,False,False,False,True,False,False,False,True,False,False,False
BIPC,Brookfield Infrastructure Corporation Brookfield Infrastructure Corporation,39.63,13.6,4874703447.0,40088747,15.9,-23.4,0,1,False,False,False,False,False,False,False,False,False,True,False
DOLE,Dole plc Ordinary Shares,13.54,13.5,1278972247.0,14725469,8.1,-18.3,2,3,False,False,False,False,True,True,False,False,False,True,False
NVR,"NVR, Inc. Common Stock",6433.7402,13.5,17145016376.0,201888967,17.0,-25.3,0,0,False,False,False,False,False,False,False,False,False,False,False
TDG,Transdigm Group Incorporated Common Stock,1192.6,13.5,65922783715.0,524512841,6.1,-18.5,0,1,False,False,False,False,False,False,False,False,False,True,False
SBAC,SBA Communications Corporation - Class A Common Stock,187.62,13.4,19904251198.0,194206752,15.5,-16.4,0,3,False,False,False,False,True,False,False,True,False,True,False
AGO,Assured Guaranty Ltd. Common Stock,75.14,13.4,3304597689.0,29258917,3.3,-18.7,0,1,False,False,False,False,False,False,False,False,False,True,False
PTC,PTC Inc. - Common Stock,151.14,13.3,16399636288.0,217179937,39.3,-30.6,0,3,False,False,False,True,False,False,False,True,True,False,False
CHWY,"Chewy, Inc. Class A Common Stock",24.69,13.3,10108683671.0,174239835,41.9,-43.2,0,2,False,False,False,False,False,False,False,True,True,False,False
ECVT,Ecovyst Inc. Common Stock,10.13,13.3,1108914872.0,18882492,36.7,-32.8,5,3,False,False,False,False,True,True,False,False,True,False,False
ALG,"Alamo Group, Inc. Common Stock",162.08,13.2,1972670007.0,26765652,11.2,-26.9,0,1,False,False,False,False,True,False,False,False,False,False,False
AZN,AstraZeneca PLC Ordinary Shares,169.66,13.2,263096150935.0,552167166,16.4,-20.2,0,2,False,False,False,False,True,False,False,False,False,True,False
WYNN,"Wynn Resorts, Limited - Common Stock",98.74,13.1,10167641997.0,150108279,6.7,-26.7,0,0,False,False,False,False,False,False,False,False,False,False,False
BRSL,"Brightstar Lottery PLC Trading under the Legal Name to begin at the market open on July 21, 2025. Ordinary Shares",11.61,13.1,2142045000.0,19910646,17.3,-37.5,0,1,False,False,False,False,False,False,False,True,False,False,False
MQ,"Marqeta, Inc. - Class A Common Stock",16.31,13.0,1697851983.0,18563070,10.2,-36.9,0,0,False,False,False,False,False,False,False,False,False,False,False
FIG,"Figma, Inc. Class A Common Stock",27.27,13.0,14535179073.0,490291591,64.3,-64.0,0,3,False,False,False,True,False,False,False,True,True,False,False
WLK,Westlake Corporation Common Stock,74.8,13.0,9559181790.0,86191404,32.8,-39.8,1,3,False,False,False,False,True,True,False,False,True,False,False
DRS,"Leonardo DRS, Inc. - Common Stock",38.16,12.9,10184580212.0,44613487,17.7,-24.6,3,4,False,False,False,False,True,True,True,False,False,True,False
OXM,"Oxford Industries, Inc. Common Stock",36.8,12.9,549458298.0,15639930,20.4,-28.7,1,2,False,False,False,False,True,True,False,False,False,False,False
ANIP,"ANI Pharmaceuticals, Inc. - Common Stock",75.65,12.8,1736885267.0,27989731,7.8,-24.0,0,1,False,False,False,False,False,False,False,False,False,True,False
IMXI,"International Money Express, Inc. - Common Stock",14.08,12.8,425379708.0,7972020,26.3,-11.7,0,2,False,False,False,False,False,False,False,True,False,True,False
PPC,Pilgrim's Pride Corporation - Common Stock,32.43,12.8,7721859433.0,48220311,25.2,-29.8,0,1,False,False,False,False,False,False,False,True,False,False,False
SLRC,SLR Investment Corp. - Closed End Fund,12.6,12.7,687388388.0,5483381,3.9,-25.1,0,0,False,False,False,False,False,False,False,False,False,False,False
ACN,Accenture plc Class A Ordinary Shares (Ireland),186.93,12.7,124777683555.0,1372630715,58.2,-35.8,0,2,False,False,False,False,False,False,False,True,True,False,False
FNF,"Fidelity National Financial, Inc. Common Stock",47.38,12.6,12706976143.0,81548070,10.8,-20.0,0,1,False,False,False,False,False,False,False,False,False,True,False
SEB,Seaboard Corporation Common Stock,4136.0,12.6,3961435984.0,50683457,31.7,-30.9,5,3,False,False,False,False,True,True,False,False,True,False,False
TJX,"TJX Companies, Inc. (The) Common Stock",139.48,12.6,154084176128.0,914987260,3.5,-18.0,5,3,False,False,False,False,True,True,False,False,False,True,False
TNC,Tennant Company Common Stock,70.03,12.5,1193962689.0,16566147,16.4,-23.8,0,3,False,False,False,False,True,False,True,False,False,True,False
TXT,Textron Inc. Common Stock,81.8,12.5,14068529811.0,147539357,4.7,-19.5,5,3,False,False,False,False,True,True,False,False,False,True,False
PLAB,"Photronics, Inc. - Common Stock",29.32,12.4,1728815625.0,34913286,46.2,-47.6,5,3,False,False,False,False,True,True,False,False,True,False,False
GXO,"GXO Logistics, Inc. Common Stock ",47.42,12.4,5438342736.0,73972713,5.4,-29.1,0,1,False,False,False,False,True,False,False,False,False,False,False
INSM,Insmed Incorporated - Common Stock,123.89,12.3,27055284407.0,367259905,37.1,-41.8,0,2,False,False,False,False,False,False,False,True,True,False,False
QBTS,D-Wave Quantum Inc. - Common Stock,19.35,12.3,7145255246.0,429439100,51.8,-58.6,0,1,False,False,False,False,False,False,False,False,True,False,False
PVH,PVH Corp. Common Stock,74.52,12.3,3435975016.0,74096776,25.0,-26.0,1,3,False,False,False,False,True,True,True,False,False,False,False
MKL,Markel Group Inc. Common Stock,1808.9,12.2,22412195026.0,130917194,5.2,-18.1,0,1,False,False,False,False,False,False,False,False,False,True,False
WS,"Worthington Steel, Inc. Common Shares",34.01,12.2,1732694512.0,10889818,24.9,-30.8,5,2,False,False,False,False,True,True,False,False,False,False,False
CRTO,Criteo S.A. - Ordinary Shares,17.3,12.1,847657771.0,10191085,11.1,-31.6,0,0,False,False,False,False,False,False,False,False,False,False,False
SFD,"Smithfield Foods, Inc. - Common Stock",22.25,12.1,8761325340.0,34656517,5.6,-25.3,5,2,False,False,False,False,True,True,False,False,False,False,False
EXP,Eagle Materials Inc Common Stock,198.87,12.1,6100401883.0,99437446,15.6,-19.0,0,1,False,False,False,False,False,False,False,False,False,True,False
COIN,"Coinbase Global, Inc. - Class A Common Stock",187.16,12.0,49379718509.0,1368372166,34.5,-53.5,0,2,False,False,False,False,False,False,False,True,True,False,False
BOOT,"Boot Barn Holdings, Inc. Common Stock",159.69,12.0,4836186738.0,115075938,19.9,-24.0,0,1,False,False,False,False,False,False,False,False,False,True,False
NOC,Northrop Grumman Corporation Common Stock,542.52,11.9,77072032866.0,486570302,13.3,-29.9,0,2,False,False,False,False,True,False,False,True,False,False,False
PAR,PAR Technology Corporation Common Stock,19.36,11.9,800782027.0,17598720,67.0,-64.4,0,2,False,False,False,False,False,False,False,True,True,False,False
RRX,Regal Rexnord Corporation Common Stock,162.18,11.9,10799868990.0,247092621,26.7,-34.6,5,3,False,False,False,False,True,True,True,False,False,False,False
SHEN,Shenandoah Telecommunications Co - Common Stock,12.28,11.8,655318270.0,6364745,27.0,-29.2,0,1,False,False,False,False,True,False,False,False,False,False,False
CDRE,"Cadre Holdings, Inc. Common Stock",31.39,11.8,1344142840.0,12715057,22.0,-35.6,0,1,False,False,False,False,False,False,False,True,False,False,False
CTGO,Contango Silver & Gold Inc. Common Stock,20.41,11.7,682524503.0,9063874,40.8,-40.6,0,2,False,False,False,False,False,False,False,True,True,False,False
LBRT,Liberty Energy Inc. Class A common stock,18.38,11.7,2999458226.0,100767096,85.7,-46.7,5,3,False,False,False,False,True,True,False,False,True,False,False
LOW,"Lowe's Companies, Inc. Common Stock",214.6,11.7,120327730999.0,655252401,7.6,-26.8,0,0,False,False,False,False,False,False,False,False,False,False,False
TATT,TAT Technologies Ltd. - Ordinary Shares,37.66,11.6,488880024.0,8858768,19.5,-41.6,0,1,False,False,False,False,True,False,False,False,False,False,False
FND,"Floor & Decor Holdings, Inc. Common Stock",54.31,11.6,5783469999.0,140727982,27.4,-41.2,0,0,False,False,False,False,False,False,False,False,False,False,False
HUBS,"HubSpot, Inc. Common Stock",237.69,11.5,11852697316.0,387219618,40.1,-54.8,0,2,False,False,False,False,False,False,False,True,True,False,False
STZ,"Constellation Brands, Inc. Common Stock",135.01,11.5,23056796374.0,288887894,6.8,-19.9,0,3,False,False,False,False,True,False,False,True,False,True,False
BKV,BKV Corporation Common Stock,24.04,11.4,2630885433.0,23696344,19.7,-26.7,5,2,False,False,False,False,True,True,False,False,False,False,False
FN,Fabrinet Ordinary Shares,431.54,11.4,15464177211.0,519638295,42.4,-42.4,5,3,False,False,False,False,True,True,False,False,True,False,False
TAC,TransAlta Corporation Ordinary Shares,12.25,11.4,3871000000.0,21499650,7.6,-31.5,0,0,False,False,False,False,False,False,False,False,False,False,False
DMC,Del Monte Corporation Ordinary Shares,31.86,11.3,1502078505.0,12753836,20.4,-26.9,0,1,False,False,False,False,False,False,False,True,False,False,False
GIL,"Gildan Activewear, Inc. Class A Sub. Vot. Common Stock",54.59,11.3,10109622982.0,96266768,17.3,-25.9,0,1,False,False,False,False,False,False,False,True,False,False,False
CHRW,"C.H. Robinson Worldwide, Inc. - Common Stock",143.66,11.2,16786851724.0,320844130,16.2,-31.7,5,2,False,False,False,False,True,True,False,False,False,False,False
OPCH,"Option Care Health, Inc. - Common Stock",23.64,11.2,3540923145.0,55701998,31.3,-35.8,0,2,False,False,False,False,False,False,False,True,True,False,False
FUN,Six Flags Entertainment Corporation Common Stock New,16.59,11.2,1697427616.0,44018536,32.6,-39.4,0,3,False,False,False,False,True,False,True,False,True,False,False
CWEN,"Clearway Energy, Inc. Class C Common Stock",32.49,11.1,5325556438.0,47869152,17.4,-22.2,5,3,False,False,False,False,True,True,False,False,False,True,False
SARO,"StandardAero, Inc. Common Stock",24.96,11.1,8259748998.0,102492272,4.7,-27.6,2,1,False,False,False,False,False,True,False,False,False,False,False
DOX,Amdocs Limited - Ordinary Shares,62.31,11.0,6726335775.0,78570347,25.3,-29.4,0,1,False,False,False,False,False,False,False,True,False,False,False
ORA,"Ormat Technologies, Inc. Common Stock",106.24,11.0,6533435012.0,96317714,19.3,-27.4,0,1,False,False,False,False,True,False,False,False,False,False,False
VICI,VICI Properties Inc. Common Stock,26.29,11.0,28947329105.0,269457962,1.9,-22.5,0,1,False,False,False,False,False,False,False,False,False,True,False
CELH,"Celsius Holdings, Inc. - Common Stock",35.34,10.9,8942258561.0,302505767,50.0,-47.0,0,2,False,False,False,False,False,False,False,True,True,False,False
LOPE,"Grand Canyon Education, Inc. - Common Stock",149.08,10.9,3885775716.0,52836982,11.0,-33.2,0,1,False,False,False,False,False,False,False,True,False,False,False
BMI,"Badger Meter, Inc. Common Stock",136.36,10.8,3952646457.0,65695175,21.7,-33.2,0,0,False,False,False,False,False,False,False,False,False,False,False
PHR,"Phreesia, Inc. Common Stock",11.52,10.8,712072961.0,9729244,48.3,-64.8,0,2,False,False,False,False,False,False,False,True,True,False,False
HII,"Huntington Ingalls Industries, Inc. Common Stock",291.15,10.7,11472648708.0,151241921,10.4,-36.7,5,2,False,False,False,False,True,True,False,False,False,False,False
LPX,Louisiana-Pacific Corporation Common Stock,72.32,10.7,5056861011.0,88732602,9.4,-28.6,0,0,False,False,False,False,False,False,False,False,False,False,False
REZI,"Resideo Technologies, Inc. Common Stock ",19.93,10.7,3026318244.0,59068464,7.2,-36.8,0,1,False,False,False,False,True,False,False,False,False,False,False
BBWI,"Bath & Body Works, Inc.",17.58,10.6,3543456655.0,114165060,23.1,-45.6,0,2,False,False,False,False,True,False,True,False,False,False,False
NI,NiSource Inc Common Stock,40.65,10.6,19494118065.0,243703343,5.7,-17.4,5,3,False,False,False,False,True,True,False,False,False,True,False
LBTYA,Liberty Global Ltd. - Class A Common Shares,10.79,10.5,3680334837.0,24915280,14.4,-20.2,0,3,False,False,False,False,True,False,False,True,False,True,False
PEG,Public Service Enterprise Group Incorporated Common Stock,73.28,10.5,36524219798.0,227045593,1.0,-16.4,0,2,False,False,False,False,True,False,False,False,False,True,False
XYL,Xylem Inc. Common Stock New,112.81,10.5,26339647262.0,224516700,7.1,-26.9,0,0,False,False,False,False,False,False,False,False,False,False,False
ASTE,"Astec Industries, Inc. - Common Stock",43.8,10.4,1008511075.0,12263214,8.2,-33.3,0,1,False,False,False,False,True,False,False,False,False,False,False
CIGI,Colliers International Group Inc.  - Subordinate Voting Shares,105.55,10.4,5394008307.0,22358268,19.4,-38.5,0,1,False,False,False,False,False,False,False,True,False,False,False
MAT,"Mattel, Inc. - Common Stock",15.26,10.3,4359782000.0,64946078,19.9,-32.1,0,1,False,False,False,False,False,False,False,True,False,False,False
NXPI,NXP Semiconductors N.V. - Common Stock,224.75,10.3,56673898107.0,1098425372,22.8,-33.9,4,3,False,False,False,False,True,True,True,False,False,False,False
PBH,Prestige Consumer Healthcare Inc. Common Stock,51.45,10.3,2437419157.0,29963393,20.7,-27.6,0,1,False,False,False,False,False,False,False,True,False,False,False
EVR,Evercore Inc. Class A Common Stock,289.54,10.2,11135065042.0,158847805,8.9,-25.5,0,0,False,False,False,False,False,False,False,False,False,False,False
MCD,McDonald's Corporation Common Stock,268.1,10.2,189718694461.0,1253047144,2.7,-21.6,0,1,False,False,False,False,False,False,False,False,False,True,False
SGRY,"Surgery Partners, Inc. - Common Stock",14.05,10.1,1839401553.0,27841277,23.1,-40.6,0,0,False,False,False,False,False,False,False,False,False,False,False
TRMB,Trimble Inc. - Common Stock,59.43,10.1,13857878367.0,161063460,24.0,-29.6,0,1,False,False,False,False,False,False,False,True,False,False,False
BAH,Booz Allen Hamilton Holding Corporation Common Stock,73.83,10.1,8880639557.0,161765122,24.1,-33.6,0,1,False,False,False,False,False,False,False,True,False,False,False
IRTC,"iRhythm Holdings, Inc.  - Common Stock",123.09,10.0,4057416039.0,75435271,22.1,-41.9,0,1,False,False,False,False,False,False,False,True,False,False,False
LBTYK,Liberty Global Ltd. - Class C Common Shares,10.51,10.0,3584830319.0,13880233,13.0,-19.9,0,3,False,False,False,False,True,False,False,True,False,True,False
AMPX,"Amprius Technologies, Inc. Common Stock",10.18,9.9,1487100691.0,77501276,52.9,-58.0,0,2,False,False,False,False,True,False,False,False,True,False,False
LAZ,"Lazard, Inc. Common Stock",43.79,9.9,4267360548.0,94473005,13.2,-25.5,0,1,False,False,False,False,False,False,False,True,False,False,False
WMG,Warner Music Group Corp. - Class A Common Stock,28.06,9.8,14678460118.0,59238016,20.2,-20.8,0,2,False,False,False,False,False,False,False,True,False,True,False
GPK,Graphic Packaging Holding Company,11.42,9.8,3381137364.0,54468548,29.9,-50.5,0,1,False,False,False,False,False,False,False,True,False,False,False
SLVM,Sylvamo Corporation Common Stock,36.89,9.8,1466755364.0,11754694,3.8,-35.1,0,0,False,False,False,False,False,False,False,False,False,False,False
KE,"Kimball Electronics, Inc. - Common Stock",23.51,9.7,563464052.0,5418179,11.9,-29.2,0,0,False,False,False,False,False,False,False,False,False,False,False
META,"Meta Platforms, Inc. - Class A Common Stock",570.05,9.7,1452205923561.0,10623154796,9.6,-27.9,0,0,False,False,False,False,False,False,False,False,False,False,False
EYE,"National Vision Holdings, Inc. - Common Stock",18.69,9.6,1477805460.0,41705228,26.7,-37.7,0,0,False,False,False,False,False,False,False,False,False,False,False
INTU,Intuit Inc. - Common Stock,357.46,9.6,97778536020.0,1334948440,41.4,-49.3,0,2,False,False,False,False,False,False,False,True,True,False,False
QCOM,QUALCOMM Incorporated - Common Stock,160.56,9.6,168625558356.0,2718855733,31.6,-38.2,0,1,False,False,False,False,False,False,False,False,True,False,False
PSKY,Paramount Skydance Corporation - Class B Common Stock,10.67,9.5,11971161462.0,100518401,40.0,-48.8,0,2,False,False,False,False,False,False,False,True,True,False,False
RKT,"Rocket Companies, Inc. Class A Common Stock",14.3,9.5,40492486620.0,449658001,17.5,-41.3,0,1,False,False,False,False,False,False,False,True,False,False,False
IDXX,"IDEXX Laboratories, Inc. - Common Stock",550.01,9.4,43330401611.0,364919143,6.1,-28.6,0,0,False,False,False,False,False,False,False,False,False,False,False
DOCS,"Doximity, Inc. Class A Common Stock",24.74,9.4,4409805545.0,121860668,44.3,-67.7,0,2,False,False,False,False,False,False,False,True,True,False,False
SNN,"Smith & Nephew SNATS, Inc. Common Stock",29.22,9.4,12414467932.0,47270311,2.3,-24.7,0,1,False,False,False,False,False,False,False,False,False,True,False
CEG,Constellation Energy Corporation - Common Stock When-Issued,278.42,9.3,98646260461.0,823135960,21.8,-32.5,0,1,False,False,False,False,False,False,False,True,False,False,False
BBW,"Build-A-Bear Workshop, Inc. Common Stock",39.37,9.3,493599131.0,12896789,34.1,-48.1,0,2,False,False,False,False,False,False,False,True,True,False,False
ROOT,"Root, Inc. - Common Stock",57.7,9.2,893960640.0,15056798,41.0,-44.8,0,2,False,False,False,False,False,False,False,True,True,False,False
LZB,La-Z-Boy Incorporated Common Stock,32.05,9.2,1283691311.0,25968089,10.4,-28.6,3,3,False,False,False,False,True,True,True,False,False,False,False
CPRT,"Copart, Inc. - Common Stock",33.33,9.1,30857296695.0,379019843,24.3,-33.5,0,1,False,False,False,False,False,False,False,True,False,False,False
HNRG,Hallador Energy Company - Common Stock,16.36,9.1,771265321.0,13387092,19.9,-33.8,0,1,False,False,False,False,False,False,False,True,False,False,False
QDEL,QuidelOrtho Corporation - Common Stock,15.05,9.1,1032060176.0,24480921,51.7,-57.7,0,1,False,False,False,False,False,False,False,False,True,False,False
OLMA,"Olema Pharmaceuticals, Inc. - Common Stock",10.91,9.0,954598892.0,15459084,103.5,-69.9,5,2,False,False,False,False,False,True,False,False,True,False,False
OTIS,Otis Worldwide Corporation Common Stock ,71.46,9.0,27202630965.0,269768253,3.3,-24.4,0,1,False,False,False,False,False,False,False,False,False,True,False
CRH,CRH PLC Ordinary Shares,96.2,8.9,64390453358.0,464031607,4.0,-26.9,0,0,False,False,False,False,False,False,False,False,False,False,False
CRK,"Comstock Resources, Inc. Common Stock",14.17,8.9,4160603165.0,32574169,16.9,-49.6,0,1,False,False,False,False,False,False,False,True,False,False,False
MLM,"Martin Marietta Materials, Inc. Common Stock",531.74,8.9,31939409230.0,348985507,1.8,-25.2,0,0,False,False,False,False,False,False,False,False,False,False,False
KR,Kroger Company (The) Common Stock,58.45,8.8,35809233633.0,452313997,7.9,-23.7,0,3,False,False,False,False,True,False,False,True,False,True,False
LVS,Las Vegas Sands Corp. Common Stock,47.27,8.8,30616834968.0,231687467,6.9,-32.9,0,1,False,False,False,False,False,False,False,True,False,False,False
DRVN,Driven Brands Holdings Inc. - Common Stock,13.16,8.7,2171134379.0,11995831,34.3,-33.3,0,1,False,False,False,False,False,False,False,False,True,False,False
LKQ,LKQ Corporation - Common Stock,25.37,8.7,6418662922.0,79453895,19.8,-31.7,0,1,False,False,False,False,False,False,False,True,False,False,False
NCLH,Norwegian Cruise Line Holdings Ltd. Ordinary Shares,17.26,8.7,7925582222.0,307183371,18.8,-36.5,0,0,False,False,False,False,False,False,False,False,False,False,False
RDY,Dr. Reddy's Laboratories Ltd Common Stock,12.34,8.6,10299667010.0,37394100,8.6,-21.3,0,1,False,False,False,False,False,False,False,False,False,True,False
WOLF,"Wolfspeed, Inc. Common Stock New",25.29,8.6,1340253565.0,170108562,214.2,-68.7,0,3,False,False,False,False,True,False,True,False,True,False,False
CNXC,Concentrix Corporation - Common Stock,26.87,8.5,1639563065.0,44468287,40.5,-53.6,0,2,False,False,False,False,False,False,False,True,True,False,False
ULS,UL Solutions Inc. Class A Common Stock,73.99,8.5,14938445820.0,97331370,20.0,-31.2,5,3,False,False,False,False,True,True,True,False,False,False,False
VTS,"Vitesse Energy, Inc. Common Stock",16.99,8.5,715352346.0,8353124,13.3,-37.4,0,1,False,False,False,False,False,False,False,True,False,False,False
NFLX,"Netflix, Inc. - Common Stock",82.23,8.4,342400759557.0,3284054097,26.4,-35.1,0,1,False,False,False,False,False,False,False,True,False,False,False
UPST,"Upstart Holdings, Inc. - Common stock",30.58,8.4,2975832947.0,135342258,27.6,-60.3,0,0,False,False,False,False,False,False,False,False,False,False,False
BHF,"Brighthouse Financial, Inc. - Common Stock",51.87,8.3,2983124773.0,45373809,23.3,-22.4,5,2,False,False,False,False,False,True,False,False,False,True,False
TSLA,"Tesla, Inc.  - Common Stock",350.25,8.3,1383328974749.0,14686181038,17.8,-29.8,0,0,False,False,False,False,False,False,False,False,False,False,False
ASIX,AdvanSix Inc. Common Stock ,16.36,8.2,441739403.0,5317419,16.0,-38.8,0,1,False,False,False,False,True,False,False,False,False,False,False
EPAM,"EPAM Systems, Inc. Common Stock",111.85,8.2,5770003825.0,162177053,53.1,-49.7,0,2,False,False,False,False,False,False,False,True,True,False,False
RH,RH Common Stock,141.3,8.2,2670706920.0,134617785,32.9,-45.0,0,1,False,False,False,False,False,False,False,False,True,False,False
UVV,Universal Corporation Common Stock,45.89,8.1,1142626904.0,14870660,5.8,-22.7,0,2,False,False,False,False,True,False,False,False,False,True,False
VFC,V.F. Corporation Common Stock,13.85,8.1,5444913795.0,114773118,6.4,-37.8,5,2,False,False,False,False,True,True,False,False,False,False,False
GLIBK,Liberty Capital Corporation - Series C GCI Group Common Stock,26.37,8.0,1052294692.0,14856283,36.6,-36.0,0,2,False,False,False,False,False,False,False,True,True,False,False
LDOS,"Leidos Holdings, Inc. Common Stock",134.54,8.0,16883721799.0,204149667,36.1,-34.6,0,2,False,False,False,False,False,False,False,True,True,False,False
TLK,"PT Telekomunikasi Indonesia, Tbk",15.2,8.0,15057456923.0,12453830,14.9,-35.4,0,1,False,False,False,False,False,False,False,True,False,False,False
TSCO,Tractor Supply Company - Common Stock,35.38,7.9,18434400047.0,379003561,24.8,-43.7,0,1,False,False,False,False,False,False,False,True,False,False,False
THO,"Thor Industries, Inc. Common Stock",79.48,7.9,4137520006.0,50483746,14.0,-35.3,0,1,False,False,False,False,False,False,False,True,False,False,False
NTGR,"NETGEAR, Inc. - Common Stock",21.39,7.8,581359259.0,8449708,12.6,-42.0,0,0,False,False,False,False,False,False,False,False,False,False,False
PWP,Perella Weinberg Partners - Class A Common Stock,16.57,7.8,1558214333.0,19974094,17.4,-36.1,0,1,False,False,False,False,False,False,False,True,False,False,False
BEPC,Brookfield Renewable Corporation Brookfield Renewable Corporation Class A Subordinate Voting Shares,33.39,7.8,12584231353.0,58683371,4.9,-26.1,0,0,False,False,False,False,False,False,False,False,False,False,False
POOL,Pool Corporation - Common Stock,186.36,7.7,6772461611.0,185044519,7.9,-44.6,0,0,False,False,False,False,False,False,False,False,False,False,False
TMUS,"T-Mobile US, Inc. - Common Stock",181.61,7.7,194807891637.0,949226436,9.6,-29.8,0,1,False,False,False,False,False,False,False,True,False,False,False
TRIP,"TripAdvisor, Inc. - Common Stock",10.1,7.6,1183127357.0,46320705,12.1,-49.9,0,0,False,False,False,False,False,False,False,False,False,False,False
GAP,"Gap, Inc. (The) Common Stock",20.15,7.6,7253575500.0,137367807,11.3,-31.4,0,1,False,False,False,False,False,False,False,True,False,False,False
AMBA,"Ambarella, Inc. - Ordinary Shares",70.78,7.5,3104990134.0,130496722,46.5,-26.8,0,2,False,False,False,True,False,False,False,False,True,False,False
BL,"BlackLine, Inc. - Common Stock",31.63,7.5,1838502290.0,32558579,28.1,-46.9,0,1,False,False,False,False,False,False,False,True,False,False,False
BKE,"Buckle, Inc. (The) Common Stock",43.73,7.5,2252885901.0,21695488,7.4,-29.1,0,1,False,False,False,False,False,False,False,True,False,False,False
TNXP,Tonix Pharmaceuticals Holding Corp. - Common Stock,13.66,7.4,234282988.0,6150501,45.3,-63.6,0,2,False,False,False,False,False,False,False,True,True,False,False
FOUR,"Shift4 Payments, Inc. Class A Common Stock",48.0,7.4,3790085760.0,76578947,38.9,-48.1,0,2,False,False,False,False,False,False,False,True,True,False,False
CSR,D/B/A Centerspace Common Stock,53.9,7.3,905204739.0,8738017,1.1,-22.6,0,1,False,False,False,False,False,False,False,False,False,True,False
HE,"Hawaiian Electric Industries, Inc. Common Stock",11.37,7.3,1963917405.0,24190353,5.4,-34.6,5,2,False,False,False,False,True,True,False,False,False,False,False
LHX,"L3Harris Technologies, Inc. Common Stock",262.17,7.3,48819885877.0,459683422,0.5,-30.9,0,1,False,False,True,False,True,False,False,False,False,False,False
VERX,"Vertex, Inc. - Class A Common Stock",13.52,7.2,2193187090.0,26821314,32.4,-49.1,0,2,False,False,False,False,False,False,False,True,True,False,False
PAC,"Grupo Aeroportuario Del Pacifico, S.A. B. de C.V. Grupo Aeroportuario Del Pacifico, S.A. de C.V. (each representing 10 Series B shares)",209.72,7.2,12478721690.0,29024218,3.2,-30.2,0,0,False,False,False,False,False,False,False,False,False,False,False
LINC,Lincoln Educational Services Corporation - Common Stock,25.42,7.1,806359996.0,31084100,47.0,-54.9,5,4,False,False,False,False,True,True,True,False,True,False,False
RMBS,"Rambus, Inc. - Common Stock",89.86,7.1,9746359646.0,326527990,26.7,-48.4,0,1,False,False,False,False,True,False,False,False,False,False,False
CLB,Core Laboratories Inc. Common Stock,12.06,7.1,553367577.0,10522147,23.2,-40.8,0,1,False,False,False,False,False,False,False,True,False,False,False
WINA,Winmark Corporation - Common Stock,347.14,7.0,1246985547.0,17616177,6.8,-34.2,0,0,False,False,False,False,False,False,False,False,False,False,False
TPB,"Turning Point Brands, Inc. Common Stock",85.8,7.0,1720197508.0,32200939,30.4,-41.6,0,2,False,False,False,False,False,False,False,True,True,False,False
ASTS,"AST SpaceMobile, Inc. - Class A Common Stock",62.01,6.9,24132276303.0,1145401137,71.9,-53.7,0,2,False,False,False,False,True,False,False,False,True,False,False
OMCL,"Omnicell, Inc. - Common Stock",33.22,6.9,1515326446.0,31190193,14.3,-39.6,5,1,False,False,False,False,False,True,False,False,False,False,False
OSIS,"OSI Systems, Inc. - Common Stock",204.07,6.9,3253277410.0,51839833,9.4,-34.5,0,0,False,False,False,False,False,False,False,False,False,False,False
WLDN,"Willdan Group, Inc. - Common Stock",85.45,6.8,1301582176.0,24498790,32.1,-37.6,0,2,False,False,False,False,False,False,False,True,True,False,False
GLOB,Globant S.A. Common Shares,40.08,6.8,1730636604.0,71948429,45.4,-44.4,0,2,False,False,False,False,False,False,False,True,True,False,False
AZO,"AutoZone, Inc. Common Stock",3027.3401,6.7,49422400206.0,985114362,4.3,-31.0,0,0,False,False,False,False,False,False,False,False,False,False,False
TDS,"Telephone and Data Systems, Inc. Common Shares",33.82,6.7,3892682000.0,40914927,7.3,-31.1,0,1,False,False,False,False,True,False,False,False,False,False,False
ENPH,"Enphase Energy, Inc. - Common Stock",37.35,6.6,4935602603.0,228117866,44.9,-49.3,4,3,False,False,False,False,True,True,False,False,True,False,False
RGTI,"Rigetti Computing, Inc.  - Common stock",16.94,6.6,5654042574.0,416730079,35.2,-70.9,0,1,False,False,False,False,False,False,False,False,True,False,False
CNM,"Core & Main, Inc. Class A Common Stock",44.08,6.6,8530363143.0,104295663,5.3,-34.4,0,0,False,False,False,False,False,False,False,False,False,False,False
BV,"BrightView Holdings, Inc. Common Stock",11.15,6.5,1032490000.0,13844610,7.0,-25.7,0,2,False,False,False,False,True,False,True,False,False,False,False
CPNG,"Coupang, Inc. Class A Common Stock",16.69,6.5,30000470306.0,322475368,11.9,-51.0,0,0,False,False,False,False,False,False,False,False,False,False,False
FSLR,"First Solar, Inc. - Common Stock",206.82,6.4,22226901554.0,496229995,13.0,-35.6,0,0,False,False,False,False,False,False,False,False,False,False,False
STAA,STAAR Surgical Company - Common Stock,23.18,6.4,1162337549.0,23278469,48.7,-35.4,0,1,False,False,False,False,False,False,False,False,True,False,False
KD,"Kyndryl Holdings, Inc. Common Stock",13.02,6.4,2835993784.0,54868117,28.9,-61.6,0,1,False,False,False,False,False,False,False,True,False,False,False
LIF,"Life360, Inc. - Common Stock",44.55,6.3,3629950439.0,44123447,20.4,-60.4,0,0,False,False,False,False,False,False,False,False,False,False,False
DFH,"Dream Finders Homes, Inc. Class A Common Stock",15.31,6.3,1386092657.0,10215465,25.5,-51.4,0,1,False,False,False,False,False,False,False,True,False,False,False
OLED,Universal Display Corporation - Common Stock,89.38,6.2,4108515712.0,65210752,17.0,-41.7,0,1,False,False,False,False,False,False,False,True,False,False,False
CCI,Crown Castle Inc. Common Stock,76.29,6.2,32457995441.0,321832189,9.4,-26.7,0,0,False,False,False,False,False,False,False,False,False,False,False
KMPR,Kemper Corporation,27.78,6.2,1636885218.0,29754250,22.4,-49.2,0,1,False,False,False,False,False,False,False,True,False,False,False
AMRZ,Amrize Ltd Ordinary Shares,44.25,6.1,24201459747.0,163792855,1.3,-32.9,0,1,False,False,True,False,True,False,False,False,False,False,False
DECK,Deckers Outdoor Corporation Common Stock,88.74,6.1,12105398504.0,236993623,12.5,-29.3,1,2,False,False,False,False,True,True,False,False,False,False,False
AS,"Amer Sports, Inc. Ordinary Shares",31.59,6.0,17616712755.0,170774188,9.2,-26.1,1,1,False,False,False,False,False,True,False,False,False,False,False
BBUC,Brookfield Business Corporation Class A Subordinate Voting Shares,28.26,6.0,5875254000.0,15043597,0.9,-26.1,0,0,False,False,False,False,False,False,False,False,False,False,False
LMAT,"LeMaitre Vascular, Inc. - Common Stock",78.97,5.9,1805985225.0,35519314,0.9,-33.1,2,2,False,False,True,False,True,True,False,False,False,False,False
NXT,Nextpower Inc. - Class A Common Stock,84.81,5.9,12868180591.0,336761922,31.9,-48.0,5,3,False,False,False,False,True,True,False,False,True,False,False
ASR,"Grupo Aeroportuario del Sureste, S.A. de C.V. Common Stock",263.97,5.9,7919100000.0,18409787,3.1,-30.8,0,1,False,False,False,False,True,False,False,False,False,False,False
MATW,Matthews International Corporation - Class A Common Stock,21.5,5.8,671083220.0,12534535,3.0,-30.5,5,2,False,False,False,False,True,True,False,False,False,False,False
BLSH,Bullish Ordinary Shares,32.02,5.8,5111711928.0,41440040,55.8,-57.3,0,2,False,False,False,False,False,False,False,True,True,False,False
CHKP,Check Point Software Technologies Ltd. - Ordinary Shares,129.52,5.7,13224074116.0,154669266,15.4,-38.5,0,0,False,False,False,False,False,False,False,False,False,False,False
AORT,"Artivion, Inc. Common Stock",26.38,5.7,1286189110.0,18958844,37.7,-45.3,0,2,False,False,False,False,False,False,False,True,True,False,False
STN,Stantec Inc Common Stock,73.49,5.7,8260254173.0,32816235,10.9,-35.8,0,1,False,False,False,False,False,False,False,True,False,False,False
KLAR,Klarna Group plc Ordinary Shares,14.27,5.6,10069547001.0,96921329,18.3,-69.9,0,0,False,False,False,False,False,False,False,False,False,False,False
NXRT,"NexPoint Residential Trust, Inc. Common Stock",24.44,5.6,624437430.0,7632152,4.1,-29.9,0,0,False,False,False,False,False,False,False,False,False,False,False
SNPS,"Synopsys, Inc. - Common Stock",408.79,5.5,78274833267.0,785409315,11.7,-33.6,0,0,False,False,False,False,False,False,False,False,False,False,False
FICO,Fair Isaac Corporation Common Stock,1137.14,5.5,24559534664.0,376545252,30.7,-43.1,0,1,False,False,False,False,False,False,False,False,True,False,False
GPGI,"GPGI, Inc. Class A Common Stock",13.59,5.5,3939606214.0,21852828,21.1,-49.3,0,0,False,False,False,False,False,False,False,False,False,False,False
ADNT,Adient plc Ordinary Shares ,18.64,5.4,1437086812.0,20426441,5.4,-31.8,0,1,False,False,False,False,True,False,False,False,False,False,False
TGLS,Tecnoglass Holdings Inc. Common Stock,40.41,5.4,1792774133.0,11879108,7.7,-45.4,0,0,False,False,False,False,False,False,False,False,False,False,False
ASO,"Academy Sports and Outdoors, Inc. - Common Stock",43.475,5.3,2696248679.0,72118935,5.3,-30.4,0,1,False,False,False,False,True,False,False,False,False,False,False
CHTR,"Charter Communications, Inc. - Class A Common Stock",155.14,5.3,17775552109.0,473082006,39.1,-45.7,0,2,False,False,False,False,False,False,False,True,True,False,False
ZS,"Zscaler, Inc. - Common Stock",168.42,5.3,27235118201.0,407201227,46.9,-50.0,0,2,False,False,False,False,False,False,False,True,True,False,False
JBTM,JBT Marel Corporation Common Stock,117.93,5.2,6117833029.0,81551910,4.2,-30.7,0,0,False,False,False,False,False,False,False,False,False,False,False
KNF,Knife Riv Holding Co. Common Stock,65.8,5.2,3735033036.0,52443263,12.1,-31.7,2,2,False,False,False,False,True,True,False,False,False,False,False
CPS,Cooper-Standard Holdings Inc. Common Stock,26.65,5.1,473549393.0,5119076,5.5,-44.5,0,0,False,False,False,False,False,False,False,False,False,False,False
LEN,Lennar Corporation Class A Common Stock,87.68,5.1,21121686051.0,221081013,9.8,-39.2,0,1,False,False,False,False,False,False,False,True,False,False,False
PATK,"Patrick Industries, Inc. - Common Stock",85.28,5.0,2739045554.0,58639959,4.9,-42.6,0,0,False,False,False,False,False,False,False,False,False,False,False
FG,"F&G Annuities & Life, Inc. Common Stock",23.04,5.0,3016747215.0,18988295,12.0,-35.3,0,0,False,False,False,False,False,False,False,False,False,False,False
MMS,"Maximus, Inc. Common Stock",58.53,5.0,3064499868.0,40590576,11.0,-41.5,0,1,False,False,False,False,False,False,False,True,False,False,False
CALX,"Calix, Inc Common Stock",39.85,4.9,2509114962.0,45393731,16.3,-44.0,0,1,False,False,False,False,False,False,False,True,False,False,False
RBA,"RB Global, Inc. Common Stock",85.02,4.9,15890238000.0,160489190,3.6,-28.9,0,2,False,False,False,False,True,False,True,False,False,False,False
CSIQ,Canadian Solar Inc. - Common Shares,14.28,4.8,968422819.0,32408800,51.8,-58.7,0,1,False,False,False,False,False,False,False,False,True,False,False
MZTI,The Marzetti Company - Common Stock,117.35,4.8,3217971700.0,37183260,12.5,-37.8,0,1,False,False,False,False,False,False,False,True,False,False,False
GME,GameStop Corporation Common Stock,18.09,4.8,8116824839.0,108197265,1.7,-35.6,0,1,False,False,False,False,True,False,False,False,False,False,False
TLN,Talen Energy Corporation - Common Stock,307.67,4.7,14741780067.0,326584676,2.1,-31.8,0,0,False,False,False,False,False,False,False,False,False,False,False
SGI,Somnigroup International Inc. Common Stock,64.09,4.7,13482324318.0,197614052,6.1,-35.0,0,0,False,False,False,False,False,False,False,False,False,False,False
ALHC,"Alignment Healthcare, Inc. - Common Stock",13.59,4.6,2819043675.0,94698134,7.0,-45.9,0,0,False,False,False,False,False,False,False,False,False,False,False
AAP,Advance Auto Parts Inc.,43.64,4.6,2635856000.0,106472602,15.2,-33.1,1,3,False,False,False,False,True,True,True,False,False,False,False
CTRI,"Centuri Holdings, Inc. Common Stock",20.79,4.6,2099021872.0,47696019,9.2,-51.6,5,2,False,False,False,False,True,True,False,False,False,False,False
CLFD,"Clearfield, Inc. - Common Stock",29.45,4.5,400047475.0,6818686,23.9,-44.1,0,1,False,False,False,False,True,False,False,False,False,False,False
NAMS,NewAmsterdam Pharma Company N.V. - Ordinary Shares,27.34,4.5,3268146200.0,33268882,18.6,-35.2,0,0,False,False,False,False,False,False,False,False,False,False,False
ETOR,eToro Group Ltd. - Class A Common Shares,30.91,4.4,2489687153.0,35156983,24.9,-35.2,0,0,False,False,False,False,False,False,False,False,False,False,False
AMTM,"Amentum Holdings, Inc. Common Stock",20.26,4.4,4953699927.0,47987190,2.3,-46.8,0,0,False,False,False,False,False,False,False,False,False,False,False
PEGA,Pegasystems Inc. - Common Stock,34.0,4.3,5589768130.0,84566373,35.5,-50.1,0,2,False,False,False,False,False,False,False,True,True,False,False
BIRK,Birkenstock Holding plc Ordinary Shares,35.29,4.3,5827303739.0,94126076,13.4,-34.1,0,0,False,False,False,False,False,False,False,False,False,False,False
WSO,"Watsco, Inc. Common Stock",302.29,4.3,12470125724.0,160967814,2.2,-34.1,0,1,False,False,True,False,True,False,False,False,False,False,False
KRUS,"Kura Sushi USA, Inc. - Class A Common Stock",47.02,4.2,571285289.0,14941930,10.3,-46.6,0,1,False,False,False,False,True,False,False,False,False,False,False
FIS,"Fidelity National Information Services, Inc. Common Stock",40.47,4.2,20870618461.0,252184359,8.2,-43.5,0,0,False,False,False,False,False,False,False,False,False,False,False
MLTX,MoonLake Immunotherapeutics - Class A Ordinary Shares,15.56,4.1,1324260019.0,25397161,161.5,-75.2,1,4,False,False,False,False,True,True,True,False,True,False,False
MNRO,"Monro, Inc.  - Common Stock",13.96,4.1,436446278.0,16884913,26.2,-41.6,0,0,False,False,False,False,False,False,False,False,False,False,False
VST,Vistra Corp. Common Stock,139.03,4.1,46663361161.0,678969747,4.8,-36.8,0,0,False,False,False,False,False,False,False,False,False,False,False
FISV,"Fiserv, Inc. - Common Stock",52.44,4.0,27885846849.0,434496557,11.5,-62.6,0,1,False,False,False,False,False,False,False,True,False,False,False
HWKN,"Hawkins, Inc. - Common Stock",118.41,4.0,2471822604.0,24208444,1.9,-36.4,0,1,False,False,True,False,True,False,False,False,False,False,False
CLBT,Cellebrite DI Ltd. - Ordinary Shares,11.29,3.9,2816175534.0,37578738,17.8,-43.5,0,0,False,False,False,False,False,False,False,False,False,False,False
KTOS,"Kratos Defense & Security Solutions, Inc. - Common Stock",52.64,3.9,9881650653.0,239209233,22.2,-60.7,0,0,False,False,False,False,False,False,False,False,False,False,False
SHOE,"Shoe Station Group, Inc. - Common Stock",14.31,3.9,388535217.0,9791053,2.2,-46.1,0,0,False,False,False,False,False,False,False,False,False,False,False
CSV,"Carriage Services, Inc. Common Stock",34.8,3.8,552703901.0,6082178,4.4,-33.2,0,0,False,False,False,False,False,False,False,False,False,False,False
KRMN,Karman Holdings Inc. Common Stock,49.2,3.8,6520658434.0,172459218,12.6,-58.4,0,0,False,False,False,False,False,False,False,False,False,False,False
BWXT,"BWX Technologies, Inc. Common Stock",149.73,3.7,13718559065.0,179888309,1.3,-38.1,0,1,False,False,True,False,True,False,False,False,False,False,False
BXMT,"Blackstone Mortgage Trust, Inc. Common Stock",14.03,3.7,2364666582.0,33843703,2.2,-32.1,0,0,False,False,False,False,False,False,False,False,False,False,False
JBGS,JBG SMITH Properties Common Shares ,12.65,3.7,943923367.0,9781932,17.5,-47.9,0,0,False,False,False,False,False,False,False,False,False,False,False
CRUS,"Cirrus Logic, Inc. - Common Stock",111.43,3.6,5584599822.0,95846014,1.4,-38.2,0,1,False,False,False,False,True,False,False,False,False,False,False
FLNC,"Fluence Energy, Inc. - Class A Common Stock",11.24,3.6,2074863188.0,134466632,70.3,-66.5,0,1,False,False,False,False,False,False,False,False,True,False,False
HLI,"Houlihan Lokey, Inc. Class A Common Stock",129.04,3.5,9018153960.0,121661851,14.4,-39.1,0,0,False,False,False,False,False,False,False,False,False,False,False
POST,"Post Holdings, Inc. Common Stock",81.06,3.5,3563138613.0,81999380,7.5,-30.9,0,0,False,False,False,False,False,False,False,False,False,False,False
ISRG,"Intuitive Surgical, Inc. - Common Stock",371.84,3.4,131362905650.0,1241216369,13.2,-38.4,0,0,False,False,False,False,False,False,False,False,False,False,False
FLUT,Flutter Entertainment plc Ordinary Shares,102.06,3.4,17878984495.0,295620123,13.8,-67.0,0,0,False,False,False,False,False,False,False,False,False,False,False
HDB,HDFC Bank Limited Common Stock,23.63,3.4,121248431197.0,206380050,4.3,-36.9,0,0,False,False,False,False,False,False,False,False,False,False,False
ZG,"Zillow Group, Inc. - Class A Common Stock",37.09,3.3,8340612044.0,43964734,27.8,-58.9,0,1,False,False,False,False,False,False,False,True,False,False,False
ONT,"Onterris, Inc. Common Stock",16.0,3.3,561878784.0,13641487,26.2,-48.8,0,0,False,False,False,False,False,False,False,False,False,False,False
ALMU,"Aeluma, Inc. - Common Stock",14.22,3.2,260301864.0,10126008,38.9,-55.3,0,2,False,False,False,False,True,False,False,False,True,False,False
SYM,Symbotic Inc. - Class A Common Stock,40.41,3.2,24440037020.0,76420751,5.8,-54.0,0,0,False,False,False,False,False,False,False,False,False,False,False
VEEE,Twin Vee PowerCats Co. - Common Stock,10.07,3.2,5785235.0,77497447,142.1,-92.1,0,1,False,False,False,False,False,False,False,False,True,False,False
ORCL,Oracle Corporation Common Stock,144.76,3.1,416976981960.0,4583378291,26.4,-58.1,0,1,False,False,False,False,False,False,False,True,False,False,False
PFSI,"PennyMac Financial Services, Inc. Common Stock",74.16,3.1,3852728580.0,47762479,3.5,-53.8,0,0,False,False,False,False,False,False,False,False,False,False,False
GILT,Gilat Satellite Networks Ltd. - Ordinary Shares,10.12,3.0,763765994.0,7859515,11.2,-51.6,0,1,False,False,False,False,True,False,False,False,False,False,False
LULU,lululemon athletica inc. - Common Stock,118.33,3.0,12831463452.0,343889690,13.3,-47.6,0,1,False,False,False,False,False,False,False,True,False,False,False
ESAB,ESAB Corporation Common Stock,80.46,3.0,5002021993.0,69266620,4.0,-41.4,0,0,False,False,False,False,False,False,False,False,False,False,False
Z,"Zillow Group, Inc. - Class C Capital Stock",36.09,2.9,8115737090.0,130065320,23.5,-61.6,0,1,False,False,False,False,False,False,False,True,False,False,False
LII,"Lennox International, Inc. Common Stock",389.06,2.9,13446176216.0,249303564,0.4,-34.2,0,1,False,False,True,False,True,False,False,False,False,False,False
KEP,Korea Electric Power Corporation Common Stock,11.8,2.8,15150352217.0,13464029,5.7,-49.6,0,0,False,False,False,False,False,False,False,False,False,False,False
OLN,Olin Corporation Common Stock,17.37,2.8,1979875851.0,71204422,1.6,-43.0,0,1,False,False,True,False,True,False,False,False,False,False,False
METC,"Ramaco Resources, Inc. - Class A Common Stock",12.92,2.7,818976048.0,21120467,50.9,-77.6,0,2,False,False,False,False,False,False,False,True,True,False,False
FMC,FMC Corporation Common Stock,11.17,2.7,1398783792.0,46286066,12.3,-72.5,0,1,False,False,False,False,False,False,False,True,False,False,False
NRG,"NRG Energy, Inc. Common Stock",113.61,2.7,23882012974.0,377592768,2.1,-40.2,0,0,False,False,False,False,False,False,False,False,False,False,False
IIIV,"i3 Verticals, Inc. - Common Stock",17.0,2.6,447474153.0,8794848,9.2,-50.0,0,0,False,False,False,False,False,False,False,False,False,False,False
SRAD,Sportradar Group AG - Class A Ordinary Shares,12.91,2.6,4024787569.0,33852345,11.8,-59.9,0,0,False,False,False,False,False,False,False,False,False,False,False
AMSF,"AMERISAFE, Inc. - Common Stock",26.18,2.5,485273998.0,9536666,2.1,-45.3,0,0,False,False,False,False,False,False,False,False,False,False,False
OLLI,"Ollie's Bargain Outlet Holdings, Inc. - Common Stock",74.61,2.5,4510420116.0,137429325,23.8,-46.8,0,1,False,False,False,False,False,False,False,True,False,False,False
ZTS,Zoetis Inc. Class A Common Stock,77.29,2.5,31938052199.0,498247578,8.9,-50.8,0,1,False,False,False,False,False,False,False,True,False,False,False
SMMT,Summit Therapeutics Inc.  - Common Stock,13.36,2.4,10657934683.0,67324699,10.7,-55.5,0,0,False,False,False,False,False,False,False,False,False,False,False
BRBR,"BellRing Brands, Inc. Common Stock ",10.76,2.4,1251153367.0,60258298,37.6,-75.0,0,1,False,False,False,False,False,False,False,False,True,False,False
BLDR,"Builders FirstSource, Inc. Common Stock",69.36,2.3,7462890258.0,168468702,6.5,-54.1,0,0,False,False,False,False,False,False,False,False,False,False,False
QXO,"QXO, Inc. Common Stock",13.85,2.3,14369246320.0,362694291,5.3,-49.8,0,0,False,False,False,False,False,False,False,False,False,False,False
SITE,"SiteOne Landscape Supply, Inc. Common Stock",95.11,2.3,4152064143.0,86657259,5.6,-43.6,0,0,False,False,False,False,False,False,False,False,False,False,False
MSTR,Strategy Inc - Class A Common Stock,126.83,2.2,48731351999.0,2326690356,55.0,-65.3,0,2,False,False,False,False,False,False,False,True,True,False,False
MIR,"Mirion Technologies, Inc. Class A Common Stock",14.71,2.2,3663343787.0,68777162,4.3,-51.4,0,0,False,False,False,False,False,False,False,False,False,False,False
PRCT,PROCEPT BioRobotics Corporation - Common Stock,21.6,2.1,1237111034.0,34437230,29.6,-49.1,0,1,False,False,False,False,False,False,False,True,False,False,False
ACI,"Albertsons Companies, Inc. Class A Common Stock",12.38,2.1,6008331956.0,114301825,14.0,-38.1,0,0,False,False,False,False,False,False,False,False,False,False,False
GPI,"Group 1 Automotive, Inc. Common Stock",264.81,2.1,3157124402.0,62453613,6.1,-45.8,0,0,False,False,False,False,False,False,False,False,False,False,False
TREE,"LendingTree, Inc. - Common Stock",30.56,2.0,429048984.0,13531612,2.7,-60.5,0,0,False,False,False,False,False,False,False,False,False,False,False
PSN,Parsons Corporation Common Stock,48.04,2.0,5130931128.0,71421455,32.5,-46.3,0,1,False,False,False,False,False,False,False,False,True,False,False
FLY,Firefly Aerospace Inc. - Common Stock,22.26,1.9,3726427398.0,110176528,39.1,-64.2,0,2,False,False,False,False,True,False,False,False,True,False,False
FUBO,FuboTV Inc. Class A Common Stock,10.95,1.9,1195704905.0,14949334,37.7,-80.7,0,2,False,False,False,False,False,False,False,True,True,False,False
AAON,"AAON, Inc. - Common Stock",76.19,1.8,6282142755.0,113634965,4.1,-49.4,0,2,False,False,False,False,True,False,True,False,False,False,False
IPGP,IPG Photonics Corporation - Common Stock,71.73,1.8,3051002482.0,42796453,3.3,-54.0,0,1,False,False,False,False,True,False,False,False,False,False,False
PLNT,"Planet Fitness, Inc. Common Stock",52.54,1.8,3951899341.0,102756528,41.9,-54.0,0,1,False,False,False,False,False,False,False,False,True,False,False
AMSC,American Superconductor Corporation - Common Stock,29.65,1.7,1436309540.0,27955699,19.2,-57.9,0,1,False,False,False,False,True,False,False,False,False,False,False
UTI,Universal Technical Institute Inc Common Stock,22.51,1.7,1240193650.0,44854180,5.7,-56.2,0,2,False,False,False,False,True,False,True,False,False,False,False
COLL,"Collegium Pharmaceutical, Inc. - Common Stock",27.47,1.6,894302689.0,18349208,7.9,-45.9,0,0,False,False,False,False,False,False,False,False,False,False,False
CSGP,"CoStar Group, Inc. - Common Stock",32.81,1.6,13294532862.0,213078612,26.7,-64.3,0,1,False,False,False,False,False,False,False,True,False,False,False
NKE,"Nike, Inc. Common Stock",39.48,1.6,58568528794.0,1062310658,1.6,-50.8,0,0,False,False,False,False,False,False,False,False,False,False,False
AMRC,"Ameresco, Inc. Class A Common Stock",22.07,1.5,1171171277.0,16465999,20.1,-50.9,0,0,False,False,False,False,False,False,False,False,False,False,False
WHR,Whirlpool Corporation Common Stock,40.72,1.5,2654918672.0,95654314,14.9,-57.8,0,1,False,False,False,False,False,False,False,True,False,False,False
ACM,AECOM Common Stock,62.78,1.4,8079561562.0,135497612,4.0,-53.7,0,0,False,False,False,False,False,False,False,False,False,False,False
PNR,Pentair plc. Ordinary Share,62.46,1.4,9970986357.0,203915631,8.4,-45.2,0,0,False,False,False,False,False,False,False,False,False,False,False
WD,"Walker & Dunlop, Inc Common Stock",40.69,1.4,1396714564.0,17419613,4.3,-54.8,0,0,False,False,True,False,False,False,False,False,False,False,False
PLAY,"Dave & Buster's Entertainment, Inc. - Common Stock",10.07,1.3,350322149.0,17869515,7.1,-61.7,0,0,False,False,False,False,False,False,False,False,False,False,False
SMPL,The Simply Good Foods Company - Common Stock,10.95,1.3,968642968.0,28005888,10.9,-63.5,0,0,False,False,False,False,False,False,False,False,False,False,False
ODD,ODDITY Tech Ltd. - Class A Ordinary Shares,14.2,1.2,804524927.0,15524532,53.5,-77.9,0,1,False,False,False,False,False,False,False,False,True,False,False
APTV,Aptiv PLC Ordinary Shares,46.63,1.2,9681942225.0,184787117,1.2,-47.6,0,0,False,False,True,False,False,False,False,False,False,False,False
ALNY,"Alnylam Pharmaceuticals, Inc. - Common Stock",240.08,1.1,32124893049.0,477044939,21.4,-51.6,0,0,False,False,False,False,False,False,False,False,False,False,False
IESC,"IES Holdings, Inc. - Common Stock",313.23,1.1,6240906030.0,177106833,2.0,-61.6,5,3,False,False,True,False,True,True,True,False,False,False,False
BSX,Boston Scientific Corporation Common Stock,49.86,1.1,72258584166.0,928133698,18.2,-54.5,0,1,False,False,False,False,False,False,False,True,False,False,False
PZZA,"Papa John's International, Inc. - Common Stock",24.11,1.0,793741874.0,37360618,5.9,-56.7,0,0,False,False,False,False,False,False,False,False,False,False,False
ONON,On Holding AG Class A Ordinary Shares,28.83,1.0,17396917748.0,220858427,1.0,-43.6,0,0,False,False,True,False,False,False,False,False,False,False,False
AVAV,"AeroVironment, Inc. - Common Stock",147.42,0.9,7492269903.0,274878832,9.0,-64.7,0,0,False,False,False,False,False,False,False,False,False,False,False
NNE,Nano Nuclear Energy Inc. - common stock,19.24,0.9,1033152329.0,45674179,30.8,-68.4,0,1,False,False,False,False,False,False,False,False,True,False,False
PODD,Insulet Corporation - Common Stock,143.05,0.9,9921118167.0,241105181,13.2,-59.7,0,0,False,False,False,False,False,False,False,False,False,False,False
SEDG,"SolarEdge Technologies, Inc. - Common Stock",29.88,0.8,1838389350.0,127650328,5.9,-63.2,0,1,False,False,False,False,True,False,False,False,False,False,False
CPRI,Capri Holdings Limited Ordinary Shares,13.3,0.8,1511566519.0,59646270,0.7,-53.0,0,0,False,False,True,False,False,False,False,False,False,False,False
APP,Applovin Corporation - Class A Common Stock,310.54,0.7,103922521540.0,2644535253,4.4,-58.4,0,0,False,False,False,False,False,False,False,False,False,False,False
VITL,"Vital Farms, Inc. - Common Stock",11.11,0.7,476969209.0,22168456,39.7,-79.1,0,1,False,False,False,False,False,False,False,False,True,False,False
ALIT,"Alight, Inc. Class A Common Stock",14.96,0.7,403008831.0,14415082,56.2,-82.0,0,1,False,False,False,False,False,False,False,False,True,False,False
PSIX,"Power Solutions International, Inc. - Common Stock",36.23,0.6,835661254.0,16436515,43.3,-69.7,0,2,False,False,False,False,False,False,False,True,True,False,False
ROL,"Rollins, Inc. Common Stock",36.36,0.6,17494446889.0,216947416,1.5,-45.0,0,0,False,False,False,False,False,False,False,False,False,False,False
MNST,Monster Beverage Corporation - Common Stock,48.73,0.5,143197031907.0,550450706,8.2,-51.4,0,1,False,False,False,False,True,False,False,False,False,False,False
OKLO,Oklo Inc. Class A common stock,44.27,0.5,8235001366.0,449561336,20.9,-77.2,0,0,False,False,False,False,False,False,False,False,False,False,False
RBLX,Roblox Corporation Class A Common Stock,39.12,0.5,27946386812.0,545442841,15.5,-72.5,0,0,False,False,False,False,False,False,False,False,False,False,False
WING,Wingstop Inc. - Common Stock,113.85,0.4,3101563862.0,170792100,3.1,-66.7,0,0,False,False,False,False,False,False,False,False,False,False,False
PRIM,Primoris Services Corporation Common Stock,74.8,0.4,4026658060.0,154121251,15.1,-63.6,0,0,False,False,False,False,False,False,False,False,False,False,False
CCB,Coastal Financial Corporation - Common Stock,47.17,0.3,721056045.0,13547499,28.8,-60.7,0,0,False,False,False,False,False,False,False,False,False,False,False
DKS,Dick's Sporting Goods Inc Common Stock,124.31,0.3,11126060374.0,379877330,0.2,-49.1,0,0,False,False,True,False,False,False,False,False,False,False,False
BETR,Better Home & Finance Holding Company - Class A Common Stock,12.3,0.2,233682522.0,10144429,10.7,-86.9,0,0,False,False,False,False,False,False,False,False,False,False,False
LMB,"Limbach Holdings, Inc. - Common Stock",41.91,0.2,499776457.0,18130509,0.8,-67.4,0,1,False,False,False,False,True,False,False,False,False,False,False
TTD,"The Trade Desk, Inc. - Class A Common Stock",13.25,0.2,6225912571.0,371223944,3.3,-76.5,0,0,False,False,False,False,False,False,False,False,False,False,False
WETO,Wetour Robotics Limited - Ordinary Shares,28.31,0.1,23236848.0,40090033,948.5,-88.7,0,1,False,False,False,False,False,False,False,False,True,False,False
CABO,"Cable One, Inc. Common Stock",26.34,0.1,149451185.0,10512535,19.8,-85.4,0,0,False,False,False,False,False,False,False,False,False,False,False
WLFC,Willis Lease Finance Corporation - Common Stock,54.62,0.0,1154891343.0,23800475,2.3,-77.7,0,1,False,False,False,False,True,False,False,False,False,False,False
