ticker,name,close,rs,mcap,dvol_50d,vs_52w_low,from_52w_high,sma200_up_months,n_pass,pass_all,new_52w_high,new_52w_low,1_price_gt_150_200,2_150_gt_200,3_200ma_rising_1m,4_50_gt_150_gt_200,5_price_gt_50,6_ge_30pct_above_52wlow,7_within_25pct_of_52whigh,8_rs_ge_70
SNDK,Sandisk Corporation - Common Stock When-Issued,1887.04,99.0,276298511647.0,20838841386,1917.5,-19.9,5,8,True,False,False,True,True,True,True,True,True,True,True
XHLD,"TEN Holdings, Inc. - Common Stock",11.73,99.0,140524731.0,27512285,1435.3,-24.0,1,8,True,False,False,True,True,True,True,True,True,True,True
AXTI,AXT Inc - Common Stock,77.79,98.9,5100940161.0,688140293,1844.8,-45.7,5,6,False,False,False,True,True,True,False,True,True,False,True
TJGC,TJGC Group Limited - ordinary shares,16.9,98.9,170690389.0,10598562,1056.7,-11.9,2,8,True,False,False,True,True,True,True,True,True,True,True
MRNA,"Moderna, Inc. - Common Stock",182.56,98.8,72884503896.0,2575997327,719.4,-2.5,5,8,True,True,False,True,True,True,True,True,True,True,True
TWST,Twist Bioscience Corporation - Common Stock,164.6,98.8,10913173240.0,209474483,606.4,-3.6,5,8,True,True,False,True,True,True,True,True,True,True,True
TXG,"10x Genomics, Inc. - Common Stock",80.7,98.8,10514497258.0,174789208,623.1,-2.4,5,8,True,True,False,True,True,True,True,True,True,True,True
MXL,"MaxLinear, Inc - Common Stock",87.43,98.7,7929305689.0,225438487,584.7,-31.9,5,7,False,False,False,True,True,True,True,True,True,False,True
AGL,"agilon health, inc. Common Stock",86.84,98.7,1458148676.0,29903072,1061.0,-34.7,4,6,False,False,False,True,True,True,True,False,True,False,True
IOVA,"Iovance Biotherapeutics, Inc. - Common Stock",10.64,98.6,4819616036.0,120998542,504.5,-3.1,5,8,True,False,False,True,True,True,True,True,True,True,True
SLS,"SELLAS Life Sciences Group, Inc.  - Common Stock",12.02,98.6,2427387422.0,88194125,764.7,-24.3,5,7,False,False,False,True,True,True,True,False,True,True,True
EDRY,EuroDry Ltd. - Common Shares,54.08,98.5,155025241.0,7070805,352.7,-26.0,5,7,False,False,False,True,True,True,True,True,True,False,True
ERAS,"Erasca, Inc. - Common Stock",15.55,98.5,5438799644.0,75654426,788.6,-36.0,5,5,False,False,False,False,True,True,True,False,True,False,True
MU,"Micron Technology, Inc. - Common Stock",1096.16,98.5,1237995596400.0,31411766855,608.8,-12.7,5,8,True,False,False,True,True,True,True,True,True,True,True
ABCL,AbCellera Biologics Inc. - Common Shares,12.65,98.4,4097404942.0,66094591,360.8,-4.0,5,8,True,False,False,True,True,True,True,True,True,True,True
DELL,Dell Technologies Inc. Class C Common Stock ,548.92,98.4,349010334730.0,3787694539,398.0,-7.8,5,8,True,False,False,True,True,True,True,True,True,True,True
CDNA,"CareDx, Inc. - Common Stock",56.49,98.3,2922466257.0,55459698,304.9,-0.5,5,8,True,True,False,True,True,True,True,True,True,True,True
QMCO,Quantum Corporation - Common Stock,25.65,98.3,1010866526.0,31246559,512.2,-7.7,4,8,True,False,False,True,True,True,True,True,True,True,True
ANRO,"Alto Neuroscience, Inc. Common Stock",30.78,98.3,1207871961.0,15345926,743.3,-17.9,5,7,False,False,False,True,True,True,True,False,True,True,True
CLYM,"Climb Bio, Inc. - Common Stock",14.21,98.2,816169184.0,20190728,822.7,-22.5,5,7,False,False,False,True,True,True,True,False,True,True,True
ORKA,"Oruka Therapeutics, Inc. - Common Stock",94.55,98.2,6260127040.0,83564835,535.0,-18.2,5,7,False,False,False,True,True,True,True,False,True,True,True
ABSI,Absci Corporation - Common Stock,10.71,98.1,1837986047.0,28603007,378.1,-11.2,5,8,True,False,False,True,True,True,True,True,True,True,True
OMER,Omeros Corporation - Common Stock,21.05,98.1,1523774052.0,30742774,418.5,-0.9,5,8,True,True,False,True,True,True,True,True,True,True,True
BAND,Bandwidth Inc. - Class A Common Stock,58.4,98.0,1879358019.0,52277321,367.2,-26.2,5,7,False,False,False,True,True,True,True,True,True,False,True
MBX,"MBX Biosciences, Inc. - Common Stock",61.98,98.0,2984962750.0,34130854,379.0,-14.7,5,7,False,False,False,True,True,True,True,False,True,True,True
PLSE,"Pulse Biosciences, Inc - Common Stock",52.69,98.0,3757988163.0,23533163,319.5,-10.5,5,8,True,False,False,True,True,True,True,True,True,True,True
HELP,Cybin Inc. - Common Stock,13.71,97.9,849801709.0,20811608,264.6,-9.5,3,8,True,False,False,True,True,True,True,True,True,True,True
SYRE,"Spyre Therapeutics, Inc. - Common Stock",91.97,97.9,8109340891.0,107744904,534.1,-16.5,5,7,False,False,False,True,True,True,True,False,True,True,True
AEHR,Aehr Test Systems - Common Stock,100.6,97.8,3285550328.0,281271486,438.0,-31.8,5,7,False,False,False,True,True,True,True,True,True,False,True
AMD,"Advanced Micro Devices, Inc. - Common Stock",623.77,97.8,1018288956948.0,12196560364,303.0,-0.1,5,8,True,True,False,True,True,True,True,True,True,True,True
QTTB,Q32 Bio Inc. - Common Stock,10.57,97.8,314663256.0,11540747,493.8,-55.2,5,6,False,False,False,True,True,True,True,False,True,False,True
ETON,"Eton Pharmaceuticals, Inc. - Common Stock",57.09,97.7,1631811177.0,31214845,300.1,-14.0,5,8,True,False,False,True,True,True,True,True,True,True,True
INTC,Intel Corporation - Common Stock,123.86,97.7,654608709632.0,10810766014,331.1,-13.0,5,8,True,False,False,True,True,True,True,True,True,True,True
DFTX,"Definium Therapeutics, Inc.  - Common Shares",40.32,97.6,5417675424.0,87209856,359.6,-18.9,5,7,False,False,False,True,True,True,True,False,True,True,True
IMMX,"Immix Biopharma, Inc. - Common Stock",12.83,97.6,917849399.0,17930624,548.0,-15.0,5,8,True,False,False,True,True,True,True,True,True,True,True
ATEX,Anterix Inc. - Common Stock,85.24,97.5,1671538159.0,30837094,384.9,-24.6,5,7,False,False,False,True,True,True,True,False,True,True,True
LITE,Lumentum Holdings Inc. - Common Stock,945.67,97.5,84826599000.0,4031984879,554.4,-12.9,5,8,True,False,False,True,True,True,True,True,True,True,True
PAYS,"Paysign, Inc. - Common Stock",12.91,97.5,728926434.0,8804282,319.2,-10.5,4,8,True,False,False,True,True,True,True,True,True,True,True
DRTS,Alpha Tau Medical Ltd. - Ordinary Shares,15.14,97.4,1400119252.0,8213834,341.4,-4.1,5,8,True,False,False,True,True,True,True,True,True,True,True
RNG,"RingCentral, Inc. Class A Common Stock",79.73,97.4,6657946296.0,116034523,230.3,-0.3,5,8,True,True,False,True,True,True,True,True,True,True,True
AMLX,"Amylyx Pharmaceuticals, Inc. - Common Stock",33.0,97.3,4140123339.0,79165952,204.7,-19.8,5,8,True,False,False,True,True,True,True,True,True,True,True
DMRA,"Damora Therapeutics, Inc. - Ordinary Shares",22.41,97.3,1383492981.0,13908545,680.8,-41.5,5,5,False,False,False,False,True,True,True,False,True,False,True
UMC,United Microelectronics Corporation (NEW) Common Stock,25.77,97.3,64879357802.0,275444005,269.7,-11.0,5,8,True,False,False,True,True,True,True,True,True,True,True
SILC,Silicom Ltd - Ordinary Shares,49.58,97.2,284966553.0,8090952,271.7,-6.4,5,8,True,False,False,True,True,True,True,True,True,True,True
FIRY,Firy Inc. Class A Common Stock,12.6,97.2,209440438.0,5950260,465.0,-37.0,4,7,False,False,False,True,True,True,True,True,True,False,True
MRVL,"Marvell Technology, Inc. - Common Stock",262.36,97.1,230063484000.0,5005532530,271.1,-20.5,5,8,True,False,False,True,True,True,True,True,True,True,True
STX,Seagate Technology Holdings PLC - Ordinary Shares (Ireland),919.84,97.1,210384471952.0,3902566303,340.1,-19.7,5,8,True,False,False,True,True,True,True,True,True,True,True
CLMT,"Calumet, Inc - Common Stock",56.42,97.0,4959218362.0,63213662,223.9,-5.8,5,8,True,False,False,True,True,True,True,True,True,True,True
PRAX,"Praxis Precision Medicines, Inc. - Common Stock",300.65,97.0,8394144392.0,129672621,619.7,-23.4,5,6,False,False,False,False,True,True,True,False,True,True,True
RVMD,"Revolution Medicines, Inc. - Common Stock",192.86,97.0,41336921575.0,372815286,357.2,-14.0,5,7,False,False,False,True,True,True,True,False,True,True,True
APPS,"Digital Turbine, Inc. - Common Stock",12.19,96.9,1475188088.0,36335771,344.9,-20.5,4,8,True,False,False,True,True,True,True,True,True,True,True
FTH,"Faeth Therapeutics, Inc.  - Common Stock",33.4,96.9,863070195.0,11555306,348.3,-20.7,5,8,True,False,False,True,True,True,True,True,True,True,True
BLZE,"Backblaze, Inc. - Common Stock",14.3,96.8,885170000.0,41844243,338.5,-40.4,5,6,False,False,False,True,True,True,True,False,True,False,True
VICR,Vicor Corporation - Common Stock,268.34,96.8,12372280465.0,188417545,464.2,-29.9,5,6,False,False,False,True,True,True,False,True,True,False,True
DOCN,"DigitalOcean Holdings, Inc. Common Stock",146.0,96.8,17166614300.0,382257811,333.4,-22.1,5,8,True,False,False,True,True,True,True,True,True,True,True
CUE,"Cue Biopharma, Inc. - Common Stock",30.9,96.7,224470393.0,7924267,520.5,-32.1,5,7,False,False,False,True,True,True,True,True,True,False,True
RLAY,"Relay Therapeutics, Inc. - Common Stock",19.35,96.7,4240390560.0,51396344,347.9,-9.0,5,8,True,False,False,True,True,True,True,True,True,True,True
CMPS,COMPASS Pathways Plc - American Depository Shares,14.78,96.6,2046687429.0,40801077,206.6,-6.9,5,8,True,False,False,True,True,True,True,True,True,True,True
ECO,Okeanis Eco Tankers Corp. Common Stock,77.54,96.6,3027522549.0,41963760,179.5,-11.2,5,8,True,False,False,True,True,True,True,True,True,True,True
AYA,Aya Gold & Silver Inc. - Common Shares,30.38,96.5,4375818784.0,26891630,253.7,-0.9,5,8,True,True,False,True,True,True,True,True,True,True,True
BE,Bloom Energy Corporation Class A Common Stock,276.53,96.5,81445646989.0,3623199222,350.6,-21.3,5,8,True,False,False,True,True,True,True,True,True,True,True
HPE,Hewlett Packard Enterprise Company Common Stock,61.03,96.5,81015175462.0,1105632471,207.6,-5.0,5,8,True,False,False,True,True,True,True,True,True,True,True
PSNL,"Personalis, Inc. - Common Stock",16.36,96.4,1747245906.0,57230334,230.2,-13.4,4,8,True,False,False,True,True,True,True,True,True,True,True
PBF,PBF Energy Inc. Class A Common Stock,71.44,96.4,8468271707.0,240322532,178.8,-13.5,5,8,True,False,False,True,True,True,True,True,True,True,True
KRT,Karat Packaging Inc. - Common Stock,52.2,96.3,1040435836.0,6963891,153.3,-0.4,5,8,True,True,False,True,True,True,True,True,True,True,True
OKTA,"Okta, Inc. - Class A Common Stock",196.62,96.3,34373290863.0,558498938,213.8,-0.7,4,8,True,True,False,True,True,True,True,True,True,True,True
TWLO,Twilio Inc. Class A Common Stock,284.53,96.3,43696757347.0,494206916,189.0,-0.6,5,8,True,True,False,True,True,True,True,True,True,True,True
SDGR,"Schrodinger, Inc. - Common Stock",30.7,96.2,2296532780.0,31307041,180.5,-2.8,1,6,False,True,False,True,False,True,False,True,True,True,True
SLN,Silence Therapeutics Plc - American Depository Share,12.29,96.2,575172000.0,16195649,193.3,-30.1,5,6,False,False,False,True,True,True,True,False,True,False,True
WDC,Western Digital Corporation - Common Stock,464.6,96.1,167507322582.0,3537769538,340.7,-41.9,5,6,False,False,False,True,True,True,True,False,True,False,True
DK,"Delek US Holdings, Inc. Common Stock",73.34,96.1,4490767641.0,126666513,183.7,-10.9,5,8,True,False,False,True,True,True,True,True,True,True,True
FET,"Forum Energy Technologies, Inc. Common Stock",80.95,96.1,928714984.0,14576952,222.9,-7.4,5,8,True,False,False,True,True,True,True,True,True,True,True
AAOI,"Applied Optoelectronics, Inc. - Common Stock",107.0,96.0,9084972923.0,1137859801,478.4,-54.2,5,4,False,False,False,False,True,True,False,False,True,False,True
REPL,"Replimune Group, Inc. - Common Stock",13.47,96.0,1269138470.0,52992794,798.0,-17.5,4,8,True,False,False,True,True,True,True,True,True,True,True
PENG,"Penguin Solutions, Inc. - Common Stock",56.58,95.9,2899311909.0,124948197,252.7,-37.0,5,7,False,False,False,True,True,True,True,True,True,False,True
QURE,uniQure N.V. - Ordinary Shares,45.28,95.9,3140911135.0,55464260,418.7,-36.7,1,7,False,False,False,True,True,True,True,True,True,False,True
CGEM,"Cullinan Therapeutics, Inc. - Common Stock",21.67,95.8,1394566219.0,15073670,281.5,-6.6,5,8,True,False,False,True,True,True,True,True,True,True,True
COHU,"Cohu, Inc. - Common Stock",64.54,95.8,3055222466.0,53497878,245.7,-13.5,5,8,True,False,False,True,True,True,True,True,True,True,True
IRDM,Iridium Communications Inc - Common Stock,48.65,95.8,5154972633.0,56419080,210.9,-14.9,5,8,True,False,False,True,True,True,True,True,True,True,True
FIVN,"Five9, Inc. - Common Stock",38.65,95.7,2888064473.0,82309062,190.8,-2.3,2,8,True,True,False,True,True,True,True,True,True,True,True
SMTC,Semtech Corporation - Common Stock,174.33,95.7,16269456381.0,423213717,203.2,-8.6,5,8,True,False,False,True,True,True,True,True,True,True,True
NESR,National Energy Services Reunited Corp - Ordinary Shares,33.09,95.6,3337184540.0,61514459,233.2,-10.4,5,8,True,False,False,True,True,True,True,True,True,True,True
XNCR,"Xencor, Inc. - Common Stock",25.16,95.6,1870731469.0,31447151,150.5,-17.8,5,8,True,False,False,True,True,True,True,True,True,True,True
VSTS,Vestis Corporation Common Stock,14.43,95.6,1907070315.0,20303851,259.0,-14.6,5,8,True,False,False,True,True,True,True,True,True,True,True
FSLY,"Fastly, Inc. - Class A Common Stock",26.08,95.5,4154544000.0,144669049,237.2,-25.1,5,7,False,False,False,True,True,True,True,True,True,False,True
GH,"Guardant Health, Inc. - Common Stock",177.16,95.5,23774193477.0,325364253,219.9,-3.5,5,8,True,False,False,True,True,True,True,True,True,True,True
CADL,"Candel Therapeutics, Inc. - Common Stock",11.85,95.4,906744995.0,14195763,172.4,-15.4,5,8,True,False,False,True,True,True,True,True,True,True,True
GRAL,"GRAIL, Inc. - Common Stock",108.52,95.4,4847179714.0,68384905,161.5,-8.7,0,5,False,False,False,True,False,False,False,True,True,True,True
HUT,Hut 8 Corp. - Common Stock,106.61,95.3,13140691883.0,454718185,236.6,-24.3,5,8,True,False,False,True,True,True,True,True,True,True,True
TNGX,"Tango Therapeutics, Inc. - Common Stock",25.53,95.3,4304622670.0,61651578,281.6,-25.8,5,6,False,False,False,True,True,True,True,False,True,False,True
DINO,HF Sinclair Corporation Common Stock,106.69,95.3,18967758850.0,272425493,133.4,-9.9,5,8,True,False,False,True,True,True,True,True,True,True,True
LBRX,LB Pharmaceuticals Inc - Common Stock,42.69,95.2,1377144181.0,14043173,219.5,-14.9,2,7,False,False,False,True,True,True,True,False,True,True,True
NEO,"NeoGenomics, Inc. - Common Stock",18.89,95.2,2426901062.0,38301247,167.2,-5.8,5,6,False,False,False,True,False,True,False,True,True,True,True
CRWD,"CrowdStrike Holdings, Inc. - Class A Common Stock",250.06,95.1,256045146591.0,2140670310,191.9,-0.3,5,8,True,True,False,True,True,True,True,True,True,True,True
TEAM,Atlassian Corporation  - Class A Common Stock,188.65,95.1,47754637450.0,658954799,236.8,-5.7,1,6,False,True,False,True,False,True,False,True,True,True,True
VLO,Valero Energy Corporation Common Stock,377.14,95.1,108588962642.0,1042927198,142.9,-10.0,5,8,True,False,False,True,True,True,True,True,True,True,True
AUGO,Aura Minerals Inc. - Common Shares,92.77,95.0,7773126218.0,73338550,218.7,-15.9,4,7,False,False,False,True,True,True,False,True,True,True,True
INBX,"Inhibrx Biosciences, Inc. - Common Stock",110.67,95.0,1628803432.0,30456641,322.4,-28.7,5,7,False,False,False,True,True,True,True,True,True,False,True
TH,Target Hospitality Corp. - Common Stock,21.19,94.9,2111020333.0,28330777,254.9,-2.5,5,8,True,True,False,True,True,True,True,True,True,True,True
MTW,"Manitowoc Company, Inc. (The) Common Stock",22.61,94.9,815361119.0,6966974,133.1,-2.4,5,8,True,True,False,True,True,True,True,True,True,True,True
CORT,Corcept Therapeutics Incorporated - Common Stock,117.505,94.8,12702102139.0,151631570,310.0,-7.0,4,8,True,False,False,True,True,True,True,True,True,True,True
CRSR,"Corsair Gaming, Inc. - Common Stock",13.58,94.8,1469043103.0,19945514,203.1,-9.3,4,8,True,False,False,True,True,True,True,True,True,True,True
AMBQ,"Ambiq Micro, Inc. Common Stock",71.05,94.8,1718311283.0,34156806,221.2,-22.4,4,8,True,False,False,True,True,True,True,True,True,True,True
PUBM,"PubMatic, Inc. - Class A Common Stock",17.77,94.7,809424584.0,10776397,188.9,-7.4,4,8,True,False,False,True,True,True,True,True,True,True,True
MPC,Marathon Petroleum Corporation Common Stock,389.68,94.7,109431793646.0,940683083,140.6,-9.6,5,8,True,False,False,True,True,True,True,True,True,True,True
ILMN,"Illumina, Inc. - Common Stock",247.46,94.6,37366460000.0,567605662,181.2,-1.0,5,8,True,False,False,True,True,True,True,True,True,True,True
URGN,UroGen Pharma Ltd. - Ordinary Shares,42.76,94.6,2090132917.0,36668996,169.6,-15.8,5,7,False,False,False,True,True,True,True,False,True,True,True
MAN,ManpowerGroup Common Stock,57.63,94.6,2680115999.0,61932446,129.1,-9.8,3,8,True,False,False,True,True,True,True,True,True,True,True
NBIS,Nebius Group N.V. - Class A Ordinary Shares,236.12,94.5,64190454074.0,4617506302,221.2,-21.3,5,8,True,False,False,True,True,True,True,True,True,True,True
HZO,"MarineMax, Inc.  (FL) Common Stock",52.41,94.5,1157566358.0,37475353,144.7,-0.3,5,8,True,False,False,True,True,True,True,True,True,True,True
ATRC,"AtriCure, Inc. - Common Stock",58.83,94.4,2992464076.0,51761269,132.0,-1.8,2,6,False,False,False,True,False,True,False,True,True,True,True
NTRA,"Natera, Inc. - Common Stock",390.9,94.4,56345956053.0,413541523,148.3,-0.2,5,8,True,True,False,True,True,True,True,True,True,True,True
ADPT,Adaptive Biotechnologies Corporation - Common Stock,28.06,94.3,4478259327.0,58565056,133.8,-2.5,5,8,True,False,False,True,True,True,True,True,True,True,True
ASST,"Strive, Inc. - Class A Common Stock",29.35,94.3,2737256430.0,152118370,318.1,-65.6,1,5,False,False,False,True,False,True,False,True,True,False,True
FEIM,"Frequency Electronics, Inc. - Common Stock",85.05,94.3,958793059.0,26041200,226.5,-5.2,5,8,True,False,False,True,True,True,True,True,True,True,True
NEOG,Neogen Corporation - Common Stock,13.98,94.2,3049121950.0,27331681,174.1,-1.4,5,8,True,True,False,True,True,True,True,True,True,True,True
INSW,"International Seaways, Inc. Common Stock ",103.95,94.2,5148779778.0,60483300,146.0,-8.1,5,8,True,False,False,True,True,True,True,True,True,True,True
ARCT,Arcturus Therapeutics Holdings Inc. - Common Stock,14.38,94.1,408723732.0,11912930,161.5,-40.5,1,7,False,False,False,True,True,True,True,True,True,False,True
ELVN,"Enliven Therapeutics, Inc.  - Common Stock",48.19,94.1,3530917973.0,62099890,225.9,-22.7,5,7,False,False,False,True,True,True,True,False,True,True,True
EWTX,"Edgewise Therapeutics, Inc. - Common Stock",44.51,94.1,4833969782.0,53774060,212.4,-8.2,5,8,True,False,False,True,True,True,True,True,True,True,True
NRIX,"Nurix Therapeutics, Inc. - Common stock",25.67,94.0,2664075803.0,30162481,213.2,-9.1,5,8,True,False,False,True,True,True,True,True,True,True,True
SGMT,Sagimet Biosciences Inc. - Series A Common Stock,11.09,94.0,683045953.0,10549029,146.4,-3.1,3,8,True,False,False,True,True,True,True,True,True,True,True
FORM,"FormFactor, Inc. - Common Stock",126.01,93.9,9843992557.0,135640958,262.1,-21.4,5,7,False,False,False,True,True,True,False,True,True,True,True
ICHR,Ichor Holdings - Ordinary Shares,57.44,93.9,2151370914.0,55964088,308.5,-49.4,5,5,False,False,False,False,True,True,True,False,True,False,True
CVI,CVR Energy Inc. Common Stock,52.13,93.8,5240660126.0,42682929,165.7,-5.5,1,8,True,False,False,True,True,True,True,True,True,True,True
FRO,Frontline Plc Ordinary Shares,47.92,93.8,10668088841.0,117725873,134.1,-12.7,5,8,True,False,False,True,True,True,True,True,True,True,True
PARR,"Par Pacific Holdings, Inc.  Common Stock",79.11,93.8,3963381492.0,79127541,138.2,-9.8,5,8,True,False,False,True,True,True,True,True,True,True,True
LFST,"LifeStance Health Group, Inc. - Common Stock",12.55,93.7,4796034545.0,54182504,163.1,-7.4,5,8,True,False,False,True,True,True,True,True,True,True,True
FTK,"Flotek Industries, Inc. Common Stock",30.86,93.7,1117762439.0,16063846,144.9,-22.2,5,8,True,False,False,True,True,True,True,True,True,True,True
ALAB,"Astera Labs, Inc. - Common Stock",363.46,93.6,63054895900.0,1297459700,271.3,-27.2,5,7,False,False,False,True,True,True,True,True,True,False,True
GHRS,GH Research PLC - Ordinary Shares,27.86,93.6,1910002868.0,7921568,131.4,-11.4,5,7,False,False,False,True,True,True,True,False,True,True,True
VSAT,"ViaSat, Inc. - Common Stock",74.99,93.6,10330308192.0,144472091,187.3,-19.4,5,7,False,False,False,True,True,True,True,False,True,True,True
FTNT,"Fortinet, Inc. - Common Stock",174.26,93.5,127856941172.0,796199498,136.9,-1.0,4,8,True,False,False,True,True,True,True,True,True,True,True
LQDA,Liquidia Corporation - Common Stock,68.64,93.5,6143890278.0,107905812,224.5,-26.7,5,6,False,False,False,True,True,True,True,False,True,False,True
ANAB,"AnaptysBio, Inc. - Common Stock",53.92,93.4,1596489296.0,30281608,294.7,-25.5,5,6,False,False,False,True,True,True,True,False,True,False,True
FDMT,"4D Molecular Therapeutics, Inc. - Common Stock",15.88,93.4,877278071.0,11709374,145.6,-6.2,5,8,True,False,False,True,True,True,True,True,True,True,True
PANW,"Palo Alto Networks, Inc. - Common Stock",374.57,93.3,306398260000.0,2257322263,168.4,-6.1,4,8,True,False,False,True,True,True,True,True,True,True,True
TER,"Teradyne, Inc. - Common Stock",398.69,93.3,62331493618.0,1103843193,216.4,-18.3,5,8,True,False,False,True,True,True,True,True,True,True,True
VSXY,Victorias Secret & Co. Common Stock ,83.82,93.3,6685821749.0,155211107,234.1,-18.2,5,7,False,False,False,True,True,True,True,False,True,True,True
TSEM,Tower Semiconductor Ltd. - Ordinary Shares,236.61,93.2,26744264910.0,442772159,256.9,-26.0,5,7,False,False,False,True,True,True,True,True,True,False,True
HSHP,Himalaya Shipping Ltd. Common Shares,18.14,93.2,848045000.0,6305570,146.1,-7.2,5,8,True,False,False,True,True,True,True,True,True,True,True
CGAU,Centerra Gold Inc. Common Shares,23.47,93.1,4687201234.0,31066922,147.3,-4.3,5,8,True,False,False,True,True,True,True,True,True,True,True
PSX,Phillips 66 Common Stock,256.78,93.1,102460590810.0,682801667,102.6,-7.3,5,8,True,False,False,True,True,True,True,True,True,True,True
UTZ,Utz Brands Inc Class A Common Stock ,14.23,93.1,2048582291.0,54984743,109.9,-0.7,2,6,False,False,False,True,False,True,False,True,True,True,True
XMTR,"Xometry, Inc. - Class A Common Stock",105.13,93.0,6026427229.0,67109008,193.2,-0.9,5,8,True,False,False,True,True,True,True,True,True,True,True
HNGE,"Hinge Health, Inc. Class A Common Stock",94.15,93.0,7597379361.0,158985908,213.0,-2.6,5,8,True,False,False,True,True,True,True,True,True,True,True
DNTH,"Dianthus Therapeutics, Inc. - Common Stock",98.35,92.9,5501146076.0,83682193,205.2,-16.6,5,7,False,False,False,True,True,True,True,False,True,True,True
TVTX,"Travere Therapeutics, Inc. - Common Stock",60.28,92.9,5682058023.0,93054919,173.3,-12.3,5,7,False,False,False,True,True,True,True,False,True,True,True
LPG,Dorian LPG Ltd. Common Stock,53.54,92.9,2290584741.0,29458138,125.3,-10.7,5,8,True,False,False,True,True,True,True,True,True,True,True
CAKE,The Cheesecake Factory Incorporated - Common Stock,103.04,92.8,5127335727.0,174939576,139.2,-13.0,4,8,True,False,False,True,True,True,True,True,True,True,True
NUTX,Nutex Health Inc. - Common Stock,208.82,92.8,1429993722.0,27379638,148.6,-6.9,5,6,False,False,False,True,False,True,False,True,True,True,True
UCTT,"Ultra Clean Holdings, Inc. - Common Stock",76.55,92.7,3465956570.0,91833498,256.2,-46.9,5,4,False,False,False,False,True,True,False,False,True,False,True
CMBT,CMB.TECH NV Ordinary Shares,19.34,92.7,6111007693.0,17224557,117.9,-7.1,5,8,True,False,False,True,True,True,True,True,True,True,True
HALO,"Halozyme Therapeutics, Inc. - Common Stock",115.13,92.6,13067024740.0,212305913,88.0,-0.0,5,8,True,True,False,True,True,True,True,True,True,True,True
KNSA,"Kiniksa Pharmaceuticals International, plc - Class A Ordinary Shares",78.0,92.6,6085873014.0,44569519,121.6,-6.0,5,8,True,False,False,True,True,True,True,True,True,True,True
PVLA,"Palvella Therapeutics, Inc. - Common Stock",158.13,92.6,2278401399.0,30887440,179.7,-2.0,5,8,True,False,False,True,True,True,True,True,True,True,True
NSIT,"Insight Enterprises, Inc. - Common Stock",156.25,92.5,4585757813.0,55360210,145.6,-7.3,2,8,True,False,False,True,True,True,True,True,True,True,True
HAE,Haemonetics Corporation Common Stock,108.52,92.5,4937339975.0,68596402,129.3,-1.7,4,6,False,False,False,True,False,True,False,True,True,True,True
FCEL,"FuelCell Energy, Inc. - Common Stock",17.86,92.4,1427981941.0,163232868,212.8,-52.9,5,6,False,False,False,True,True,True,True,False,True,False,True
FLXS,"Flexsteel Industries, Inc. - Common Stock",84.16,92.4,344360923.0,6172182,147.5,-4.9,5,8,True,False,False,True,True,True,True,True,True,True,True
MRX,Marex Group Limited - Ordinary Shares,72.65,92.4,5385750608.0,50589018,160.3,-8.2,5,8,True,False,False,True,True,True,True,True,True,True,True
AVAH,Aveanna Healthcare Holdings Inc. - Common Stock,13.22,92.3,2884864381.0,37415849,122.9,-10.1,5,8,True,False,False,True,True,True,True,True,True,True,True
UMAC,"Unusual Machines, Inc. Common Stock",24.03,92.3,1200454815.0,94190170,231.7,-31.2,5,7,False,False,False,True,True,True,True,True,True,False,True
BWLP,BW LPG Limited Common Shares,24.44,92.2,3892852080.0,9187553,108.5,-7.7,5,8,True,False,False,True,True,True,True,True,True,True,True
MEI,"Methode Electronics, Inc. Common Stock",13.52,92.2,481921117.0,10408869,177.0,-33.7,5,6,False,False,False,True,True,True,True,False,True,False,True
ALNT,Allient Inc. - Common Stock,108.06,92.1,1837291339.0,24070848,158.8,-8.9,5,8,True,False,False,True,True,True,True,True,True,True,True
NIQ,NIQ Global Intelligence plc Ordinary Shares,17.96,92.1,5297407317.0,23828650,126.5,-8.8,1,6,False,False,False,True,False,True,False,True,True,True,True
OSCR,"Oscar Health, Inc. Class A Common Stock",30.67,92.1,9466142150.0,164139775,186.9,-11.0,5,7,False,False,False,True,True,True,True,False,True,True,True
BVS,Bioventus Inc. - Class A Common Stock,13.65,92.0,1147854162.0,8970235,118.2,-14.1,5,8,True,False,False,True,True,True,True,True,True,True,True
VREX,Varex Imaging Corporation - Common Stock,18.48,92.0,778008000.0,16428782,103.3,-0.8,2,6,False,False,False,True,False,True,False,True,True,True,True
CYRX,"CryoPort, Inc. - Common Stock",17.57,91.9,889904687.0,9319184,130.9,-1.6,5,8,True,True,False,True,True,True,True,True,True,True,True
KOD,Kodiak Sciences Inc - Common Stock,33.8,91.9,2124311647.0,23890151,244.9,-29.3,5,5,False,False,False,False,True,True,True,False,True,False,True
CRL,"Charles River Laboratories International, Inc. Common Stock",285.11,91.9,13610829796.0,245466460,97.6,-6.0,5,8,True,False,False,True,True,True,True,True,True,True,True
NET,"Cloudflare, Inc. Class A Common Stock",353.0,91.8,125696139395.0,1044056954,122.3,-0.9,5,8,True,True,False,True,True,True,True,True,True,True,True
TEN,Tsakos Energy Navigation Ltd Common Shares,48.27,91.8,1454259397.0,14084258,135.5,-10.3,5,8,True,False,False,True,True,True,True,True,True,True,True
MLAB,"Mesa Laboratories, Inc. - Common Stock",134.63,91.7,753371843.0,16742920,112.1,-1.1,5,8,True,True,False,True,True,True,True,True,True,True,True
AAMI,Acadian Asset Management Inc. Common Stock,91.9,91.7,3261542763.0,37931838,121.6,-6.7,5,8,True,False,False,True,True,True,True,True,True,True,True
KYMR,"Kymera Therapeutics, Inc. - Common Stock",122.06,91.6,10149364433.0,76182689,154.8,-6.1,5,8,True,False,False,True,True,True,True,True,True,True,True
PACS,"PACS Group, Inc. Common Stock",41.53,91.6,6575677966.0,36493307,302.8,-16.1,5,7,False,False,False,True,True,True,True,False,True,True,True
RBRK,"Rubrik, Inc. Class A Common Stock",111.87,91.6,23191146920.0,308401398,164.8,-1.8,2,8,True,True,False,True,True,True,True,True,True,True,True
GTLB,GitLab Inc. - Class A Common Stock,48.82,91.5,8133412000.0,202733987,160.7,-12.1,1,6,False,False,False,True,False,True,False,True,True,True,True
HTFL,"Heartflow, Inc. - Common Stock",50.17,91.5,4362463467.0,77836663,149.2,-3.9,1,8,True,False,False,True,True,True,True,True,True,True,True
BLFS,"BioLife Solutions, Inc. - Common Stock",38.07,91.4,1861878221.0,36956237,113.2,-0.5,4,8,True,True,False,True,True,True,True,True,True,True,True
ROIV,Roivant Sciences Ltd. - Common Shares,38.22,91.4,27607185633.0,271004909,163.6,-10.1,5,8,True,False,False,True,True,True,True,True,True,True,True
AMN,AMN Healthcare Services Inc,34.54,91.4,1337733889.0,22772059,130.7,-7.2,5,8,True,False,False,True,True,True,True,True,True,True,True
KELYA,"Kelly Services, Inc. - Class A Common Stock",16.66,91.3,578634170.0,5310082,108.8,-6.1,3,8,True,False,False,True,True,True,True,True,True,True,True
TRLV,Trulieve Cannabis Corp. Subordinate Voting Shares,12.47,91.3,2401289316.0,15400618,170.1,-6.1,5,8,True,False,False,True,True,True,True,True,True,True,True
AMPL,"Amplitude, Inc. - Class A Common Stock",13.14,91.2,1641397107.0,22290039,138.5,-11.0,2,6,False,False,False,True,False,True,False,True,True,True,True
WT,"WisdomTree, Inc. Common Stock",23.73,91.2,3595382394.0,60343333,122.0,-8.4,5,8,True,False,False,True,True,True,True,True,True,True,True
IMNM,"Immunome, Inc. - Common Stock",25.75,91.1,2924623947.0,28169769,175.1,-14.3,5,8,True,False,False,True,True,True,True,True,True,True,True
PTGX,"Protagonist Therapeutics, Inc. - Common Stock",145.07,91.1,9387230905.0,81287114,134.2,-9.8,5,8,True,False,False,True,True,True,True,True,True,True,True
SEPN,"Septerna, Inc. - Common Stock",40.38,91.1,1884815120.0,14697948,162.0,-21.0,5,8,True,False,False,True,True,True,True,True,True,True,True
SHIP,Seanergy Maritime Holdings Corp. - Common Stock,17.83,91.0,386343970.0,5862833,132.8,-7.2,5,8,True,False,False,True,True,True,True,True,True,True,True
CODI,D/B/A Compass Diversified Holdings Shares of Beneficial Interest,11.33,91.0,852423495.0,7213695,147.4,-14.5,5,8,True,False,False,True,True,True,True,True,True,True,True
PLPC,Preformed Line Products Company - Common Stock,425.2,90.9,2078675665.0,36207919,131.1,-15.8,5,8,True,False,False,True,True,True,True,True,True,True,True
MTRN,Materion Corporation,253.3,90.9,5277182543.0,79453662,131.1,-16.8,5,8,True,False,False,True,True,True,True,True,True,True,True
ZETA,Zeta Global Holdings Corp. Class A Common Stock,30.13,90.9,7563039919.0,210874901,109.7,-8.2,5,8,True,False,False,True,True,True,True,True,True,True,True
ERO,Ero Copper Corp. Common Shares,37.29,90.8,3888525427.0,46573797,120.9,-8.7,5,6,False,False,False,True,False,True,False,True,True,True,True
SNOW,Snowflake Inc. Common Stock,336.59,90.8,118748952000.0,1576490341,184.5,-12.5,4,8,True,False,False,True,True,True,True,True,True,True,True
FTRE,Fortrea Holdings Inc. - Common Stock,20.43,90.7,1942893000.0,27775644,146.0,-4.5,5,6,False,False,False,True,False,True,False,True,True,True,True
PAYC,"Paycom Software, Inc. Common Stock",224.61,90.7,10123536344.0,170194164,114.1,-8.3,1,8,True,False,False,True,True,True,True,True,True,True,True
AVT,"Avnet, Inc. - Common Stock",98.25,90.6,8063670187.0,111050872,122.0,-1.7,5,8,True,False,False,True,True,True,True,True,True,True,True
STRZ,Starz Entertainment Corp. - Common Shares,25.71,90.6,440262436.0,5418203,206.1,-21.1,5,7,False,False,False,True,True,True,True,False,True,True,True
TGTX,"TG Therapeutics, Inc. - Common Stock",58.11,90.6,8894842670.0,112165447,117.2,-2.0,5,8,True,False,False,True,True,True,True,True,True,True,True
QLYS,"Qualys, Inc. - Common Stock",183.32,90.5,6341955583.0,127292914,146.0,-9.0,3,6,False,False,False,True,False,True,False,True,True,True,True
NEXA,Nexa Resources S.A. Common Shares,13.29,90.5,1760114310.0,9925261,171.2,-21.3,5,7,False,False,False,True,True,True,True,False,True,True,True
TRMD,TORM plc - Class A Common Stock,34.63,90.4,3514522306.0,32418005,79.4,-10.6,5,8,True,False,False,True,True,True,True,True,True,True,True
ACVA,ACV Auctions Inc. Class A Common Stock,10.45,90.4,1774493391.0,70304540,157.1,-0.9,1,6,False,False,False,True,False,True,False,True,True,True,True
MATX,"Matson, Inc. Common Stock",226.78,90.4,6781506205.0,65069982,160.8,-5.8,5,8,True,False,False,True,True,True,True,True,True,True,True
DDOG,"Datadog, Inc. - Class A Common Stock",247.475,90.3,88862091564.0,1047774838,152.5,-15.5,5,8,True,False,False,True,True,True,True,True,True,True,True
KFRC,"Kforce, Inc. Common Stock",51.99,90.3,931088910.0,15387902,112.3,-15.7,4,7,False,False,False,True,True,True,True,False,True,True,True
CGON,"CG Oncology, Inc. - Common stock",77.74,90.2,6890902753.0,61877221,118.1,-4.0,5,8,True,False,False,True,True,True,True,True,True,True,True
MRAM,"Everspin Technologies, Inc. - Common Stock",17.68,90.2,430508159.0,18670764,140.5,-65.7,5,6,False,False,False,True,True,True,False,True,True,False,True
VIR,"Vir Biotechnology, Inc. - Common Stock",11.5,90.2,1945983517.0,18764653,138.8,-3.7,5,8,True,False,False,True,True,True,True,True,True,True,True
NTAP,"NetApp, Inc. - Common Stock",192.91,90.1,37891190255.0,459089390,105.9,-7.7,5,8,True,False,False,True,True,True,True,True,True,True,True
CBZ,"CBIZ, Inc. Common Stock",54.68,90.1,2967148904.0,78541380,125.1,-4.0,1,6,False,False,False,True,False,True,False,True,True,True,True
SMTI,Sanara MedTech Inc. - Common Stock,35.28,90.0,324153875.0,10453843,119.8,-0.2,2,8,True,True,False,True,True,True,True,True,True,True,True
P,"Everpure, Inc. Class A common stock",110.89,90.0,36951569863.0,447415741,95.3,-6.9,1,8,True,False,False,True,True,True,True,True,True,True,True
NBTX,Nanobiotix S.A. - ADSs,35.15,89.9,1785897790.0,5792153,178.3,-38.5,5,5,False,False,False,False,True,True,True,False,True,False,True
PRCH,"Porch Group, Inc. - Common Stock",17.07,89.9,2250372991.0,23311814,168.4,-12.2,1,8,True,False,False,True,True,True,True,True,True,True,True
S,"SentinelOne, Inc. Class A Common Stock",23.85,89.9,8300971440.0,169203265,101.9,-1.7,2,8,True,False,False,True,True,True,True,True,True,True,True
AVTR,"Avantor, Inc. Common Stock",14.94,89.8,10104801070.0,133277065,105.6,-6.9,1,6,False,False,False,True,False,True,False,True,True,True,True
OII,"Oceaneering International, Inc. Common Stock",46.11,89.8,4589311931.0,50445695,109.4,-15.0,5,7,False,False,False,True,True,True,True,False,True,True,True
ECPG,Encore Capital Group Inc - Common Stock,98.29,89.7,2084668584.0,36474553,146.0,-6.4,5,8,True,False,False,True,True,True,True,True,True,True,True
MCS,Marcus Corporation (The) Common Stock,27.81,89.7,857442342.0,7854038,116.4,-14.2,5,8,True,False,False,True,True,True,True,True,True,True,True
OOMA,"Ooma, Inc. Common Stock",22.22,89.7,613272000.0,9937235,126.9,-15.2,5,8,True,False,False,True,True,True,True,True,True,True,True
LIND,Lindblad Expeditions Holdings Inc.  - Common Stock,27.32,89.6,1792729903.0,24839563,140.3,-21.9,5,7,False,False,False,True,True,True,True,False,True,True,True
RVTY,"Revvity, Inc. Common Stock",143.31,89.6,15991447127.0,214622763,76.4,-4.2,4,8,True,False,False,True,True,True,True,True,True,True,True
HYMC,Hycroft Mining Holding Corporation - Class A Common Stock,22.69,89.5,2114292342.0,43567720,283.3,-61.4,5,4,False,False,False,False,True,True,False,False,True,False,True
WTTR,"Select Water Solutions, Inc. Class A common stock",20.27,89.5,2807006485.0,33455151,118.3,-10.1,5,8,True,False,False,True,True,True,True,True,True,True,True
NTSK,"Netskope, Inc. - Class A Common Stock",18.55,89.4,7579302725.0,85016175,142.0,-33.7,0,4,False,False,False,True,False,False,False,True,True,False,True
PDEX,"Pro-Dex, Inc. - Common Stock",72.41,89.4,231953415.0,5136081,208.5,-6.0,5,8,True,False,False,True,True,True,True,True,True,True,True
OGN,Organon & Co. Common Stock ,13.7,89.4,3597749232.0,38814311,140.8,-0.6,5,8,True,False,False,True,True,True,True,True,True,True,True
BJRI,"BJ's Restaurants, Inc. - Common Stock",61.55,89.3,1309400236.0,32071380,116.3,-17.5,4,7,False,False,False,True,True,True,True,False,True,True,True
NGNE,Neurogene Inc. - Common Stock,33.6,89.3,672382435.0,8897159,110.9,-23.0,5,7,False,False,False,True,True,True,True,False,True,True,True
SSRM,SSR Mining Inc. - Common Stock,38.3,89.2,7809726650.0,91062662,110.6,-2.9,5,8,True,False,False,True,True,True,True,True,True,True,True
VIAV,Viavi Solutions Inc. - Common Stock,36.4,89.2,8981693739.0,183875800,202.1,-39.8,5,4,False,False,False,False,True,True,False,False,True,False,True
SNX,TD SYNNEX Corporation Common Stock,283.25,89.2,22648316504.0,173327636,99.2,-4.5,5,8,True,False,False,True,True,True,True,True,True,True,True
FROG,JFrog Ltd. - Ordinary shares,89.95,89.1,11090952924.0,187605310,164.2,-14.9,5,8,True,False,False,True,True,True,True,True,True,True,True
SENS,"Senseonics Holdings, Inc. - Common Stock",10.06,89.1,531912973.0,5382112,110.0,-13.1,1,6,False,False,False,True,False,True,False,True,True,True,True
ZBIO,"Zenas BioPharma, Inc. - Common Stock",33.05,89.0,2154090695.0,22889822,144.8,-25.9,0,4,False,False,False,True,False,False,False,True,True,False,True
OBE,Obsidian Energy Ltd. Common Shares,11.15,89.0,743990106.0,9599255,105.0,-23.6,5,8,True,False,False,True,True,True,True,True,True,True,True
CHEF,"The Chefs' Warehouse, Inc. - Common Stock",108.36,88.9,4420663554.0,76783267,103.7,-7.9,5,8,True,False,False,True,True,True,True,True,True,True,True
DCTH,"Delcath Systems, Inc. - Common Stock",16.4,88.9,569060238.0,8049254,102.0,-5.9,4,8,True,False,False,True,True,True,True,True,True,True,True
CNC,Centene Corporation Common Stock,63.3,88.9,31269883500.0,306953227,100.1,-9.1,5,7,False,False,False,True,True,True,True,False,True,True,True
GCT,GigaCloud Technology Inc - Class A Ordinary Shares,53.12,88.8,1896927789.0,31602358,109.2,-5.6,5,8,True,False,False,True,True,True,True,True,True,True,True
MT,Arcelor Mittal NY Registry Shares NEW,73.78,88.8,56155862926.0,98708338,108.9,-7.4,5,8,True,False,False,True,True,True,True,True,True,True,True
AMRX,"Amneal Pharmaceuticals, Inc. - Class A Common Stock",19.5,88.7,6791772332.0,36748716,105.5,-7.9,5,8,True,False,False,True,True,True,True,True,True,True,True
CVE,Cenovus Energy Inc Common Stock,31.32,88.7,58725000000.0,209423391,100.4,-8.3,5,8,True,False,False,True,True,True,True,True,True,True,True
TBBB,BBB Foods Inc. Class A Common Shares,51.38,88.7,6055500316.0,30596065,115.8,-3.0,5,8,True,False,False,True,True,True,True,True,True,True,True
CON,"Concentra Group Holdings Parent, Inc. Common Stock",34.88,88.6,4447818632.0,31430378,88.1,-5.0,5,8,True,False,False,True,True,True,True,True,True,True,True
DHT,"DHT Holdings, Inc.",21.39,88.6,3444680615.0,66736975,97.5,-9.2,5,8,True,False,False,True,True,True,True,True,True,True,True
IBTA,"Ibotta, Inc. Class A Common Stock",40.64,88.5,941613113.0,8575948,112.8,-6.4,4,8,True,False,False,True,True,True,True,True,True,True,True
VSH,"Vishay Intertechnology, Inc. Common Stock",33.14,88.5,5082985594.0,149565339,181.6,-52.3,5,4,False,False,False,False,True,True,False,False,True,False,True
MG,Mistras Group Inc Common Stock,20.87,88.4,664707267.0,5666742,122.7,-2.1,5,8,True,False,False,True,True,True,True,True,True,True,True
SVM,Silvercorp Metals Inc. Common Shares,12.34,88.4,2729788682.0,27109423,125.8,-21.8,5,7,False,False,False,True,True,True,False,True,True,True,True
TNK,Teekay Tankers Ltd.,95.6,88.4,3311952825.0,39403085,102.6,-7.3,5,8,True,False,False,True,True,True,True,True,True,True,True
IMVT,"Immunovant, Inc.  - Common Stock",37.29,88.3,7702349512.0,45596321,155.8,-17.9,5,7,False,False,False,True,True,True,True,False,True,True,True
PD,"PagerDuty, Inc. Common Stock",14.48,88.3,1138850161.0,18334677,154.0,-14.4,0,5,False,False,False,True,False,False,False,True,True,True,True
PTEN,"Patterson-UTI Energy, Inc. - Common Stock",11.14,88.2,4248627496.0,95843297,118.4,-16.8,5,7,False,False,False,True,True,True,True,False,True,True,True
ANF,Abercrombie & Fitch Company Common Stock,136.21,88.2,5779986491.0,208171364,108.1,-12.2,3,6,False,False,False,True,False,True,False,True,True,True,True
COHR,Coherent Corp. Common Stock,310.39,88.2,60784370836.0,1957402019,203.9,-29.5,5,5,False,False,False,False,True,True,False,True,True,False,True
TIGO,Millicom International Cellular S.A. - Common Stock,94.38,88.1,15812503441.0,108877898,110.3,-11.9,5,7,False,False,False,True,True,True,True,False,True,True,True
IQV,"IQVIA Holdings, Inc. Common Stock",270.09,88.1,44456814000.0,365092577,74.8,-1.4,3,6,False,False,False,True,False,True,False,True,True,True,True
PESI,"Perma-Fix Environmental Services, Inc. - Common Stock",16.53,88.0,350739342.0,8091057,92.7,-22.5,3,5,False,False,False,True,False,True,False,False,True,True,True
SITM,SiTime Corporation - Common Stock,633.72,88.0,19056616934.0,276398704,160.1,-29.7,5,7,False,False,False,True,True,True,True,True,True,False,True
FRNM,"Freenome, Inc. - Common stock",16.455,87.9,1768037324.0,11926886,65.4,-6.0,5,6,False,False,False,True,False,True,False,True,True,True,True
MYE,"Myers Industries, Inc. Common Stock",31.56,87.9,1187226289.0,12522222,103.1,-15.7,5,7,False,False,False,True,True,True,True,False,True,True,True
ZIM,ZIM Integrated Shipping Services Ltd. Ordinary Shares,30.51,87.9,3675414853.0,42772555,147.4,-1.5,5,8,True,True,False,True,True,True,True,True,True,True,True
DGII,Digi International Inc. - Common Stock,74.84,87.8,2840037525.0,26630256,117.5,-13.8,5,8,True,False,False,True,True,True,True,True,True,True,True
EQNR,Equinor ASA,41.81,87.8,104536331764.0,135247215,87.8,-8.8,5,8,True,False,False,True,True,True,True,True,True,True,True
AXGN,"Axogen, Inc. - Common Stock",44.54,87.7,2613229189.0,49966933,191.7,-15.8,5,7,False,False,False,True,True,True,True,False,True,True,True
ZBRA,Zebra Technologies Corporation - Class A Common Stock,361.61,87.7,17108007763.0,235134417,81.7,-6.4,2,8,True,False,False,True,True,True,True,True,True,True,True
ARW,"Arrow Electronics, Inc. Common Stock",221.83,87.7,11292349984.0,120496670,117.9,-6.5,5,8,True,False,False,True,True,True,True,True,True,True,True
LRCX,Lam Research Corporation - Common Stock,310.96,87.6,389110778160.0,2938956283,148.7,-29.1,5,7,False,False,False,True,True,True,True,True,True,False,True
U,Unity Software Inc. Common Stock,43.11,87.6,18972233902.0,400607042,156.9,-17.3,2,6,False,False,False,True,False,True,False,True,True,True,True
ACMR,"ACM Research, Inc. - Class A Common Stock",75.8,87.5,5279409057.0,75723127,166.3,-40.4,5,6,False,False,False,True,True,True,True,False,True,False,True
ONTO,Onto Innovation Inc. Common Stock,283.81,87.5,13927762041.0,297047722,138.6,-26.6,5,7,False,False,False,True,True,True,True,True,True,False,True
TGT,Target Corporation Common Stock,159.02,87.5,72242266959.0,614347222,90.6,-6.9,5,8,True,False,False,True,True,True,True,True,True,True,True
CAI,"Caris Life Sciences, Inc. - Common Stock",31.47,87.4,8893270503.0,120023693,121.8,-6.5,1,6,False,False,False,True,False,True,False,True,True,True,True
VCTR,"Victory Capital Holdings, Inc. - Common Stock",104.96,87.4,6456044677.0,71866020,84.0,-15.0,5,7,False,False,False,True,True,True,True,False,True,True,True
RPD,"Rapid7, Inc. - Common Stock",12.85,87.3,866098224.0,26492386,158.6,-38.7,0,4,False,False,False,True,False,False,False,True,True,False,True
SBLK,Star Bulk Carriers Corp. - Common Shares,30.94,87.3,3450742841.0,46054850,85.0,-5.9,5,8,True,False,False,True,True,True,True,True,True,True,True
AMAT,"Applied Materials, Inc. - Common Stock",472.46,87.2,374943047920.0,3620816976,145.5,-36.1,5,6,False,False,False,True,True,True,True,False,True,False,True
LB,LandBridge Company LLC Class A Shares Representing Limited Liability Company Interests,86.91,87.2,6699493157.0,23024496,98.7,-5.2,5,8,True,False,False,True,True,True,True,True,True,True,True
MRK,"Merck & Company, Inc. Common Stock (new)",150.91,87.2,372320871891.0,1429116443,94.5,-3.8,5,8,True,False,False,True,True,True,True,True,True,True,True
RGEN,Repligen Corporation - Common Stock,186.75,87.1,9136432438.0,179425566,84.9,-1.0,4,6,False,False,False,True,False,True,False,True,True,True,True
DAC,Danaos Corporation Common Stock,156.0,87.1,2839742100.0,17839982,86.7,-4.7,5,8,True,False,False,True,True,True,True,True,True,True,True
APA,APA Corporation - Common Stock,42.3,87.0,14819868873.0,228163729,95.6,-10.8,5,8,True,False,False,True,True,True,True,True,True,True,True
PRLB,"Proto Labs, Inc. Common stock",89.46,87.0,2140052906.0,15934125,98.4,-3.8,5,8,True,False,False,True,True,True,True,True,True,True,True
YPF,YPF Sociedad Anonima Common Stock,53.35,87.0,20983237507.0,62737785,131.8,-7.8,5,8,True,False,False,True,True,True,True,True,True,True,True
MSBI,"Midland States Bancorp, Inc. - Common Stock",32.88,86.9,682329443.0,5624053,130.9,-6.3,5,8,True,False,False,True,True,True,True,True,True,True,True
BHE,"Benchmark Electronics, Inc. Common Stock",82.23,86.9,2953696091.0,29344155,129.0,-18.1,5,8,True,False,False,True,True,True,True,True,True,True,True
TSAT,Telesat Corporation - Class A Common Shares and Class B Variable Voting Shares,48.79,86.8,1764149210.0,9871188,112.0,-20.7,5,8,True,False,False,True,True,True,True,True,True,True,True
VOR,Vor Biopharma Inc. - Common Stock,22.0,86.8,1301570468.0,20262489,238.5,-56.0,1,7,False,False,False,True,True,True,True,True,True,False,True
BRKR,Bruker Corporation - Common Stock,61.21,86.7,9325913732.0,129089986,103.4,-6.3,4,8,True,False,False,True,True,True,True,True,True,True,True
CHYM,"Chime Financial, Inc. - Class A Common Stock",28.62,86.7,10835105877.0,244366626,80.2,-19.5,2,5,False,False,False,True,False,True,False,False,True,True,True
HUM,Humana Inc. Common Stock,372.0,86.7,44669874576.0,460225054,128.1,-13.3,5,7,False,False,False,True,True,True,True,False,True,True,True
BBNX,"Beta Bionics, Inc. - Common Stock",22.81,86.6,1200760895.0,24668561,159.2,-30.3,0,4,False,False,False,True,False,False,False,True,True,False,True
SBET,"Sharplink, Inc. - Common Stock",10.23,86.6,2222197469.0,67687253,129.4,-47.6,0,4,False,False,False,True,False,False,False,True,True,False,True
MGNI,"Magnite, Inc. - Common Stock",24.8,86.5,3556919094.0,57052200,129.2,-7.6,2,8,True,False,False,True,True,True,True,True,True,True,True
GKOS,Glaukos Corporation Common Stock,159.86,86.5,9429172169.0,133004384,118.5,-16.6,5,7,False,False,False,True,True,True,True,False,True,True,True
PBR,Petroleo Brasileiro S.A. Petrobras ADS,20.76,86.5,133785046070.0,358463576,81.6,-6.7,5,8,True,False,False,True,True,True,True,True,True,True,True
RDVT,"Red Violet, Inc. - Common Stock ",73.41,86.4,1178008435.0,17183379,119.8,-8.6,4,8,True,False,False,True,True,True,True,True,True,True,True
STM,STMicroelectronics N.V. Common Stock,53.41,86.4,47670839506.0,512835915,153.0,-34.4,5,6,False,False,False,True,True,True,True,False,True,False,True
NVEC,NVE Corporation - Common Stock,107.83,86.3,521591610.0,19860240,88.5,-20.1,5,8,True,False,False,True,True,True,True,True,True,True,True
ORIC,"Oric Pharmaceuticals, Inc. - Common Stock",13.5,86.3,1399310856.0,18024054,86.7,-9.6,1,8,True,False,False,True,True,True,True,True,True,True,True
GSAT,"Globalstar, Inc. - Common Stock",82.52,86.2,10691570943.0,67218957,143.4,-2.7,5,8,True,False,False,True,True,True,True,True,True,True,True
SAFT,"Safety Insurance Group, Inc. - Common Stock",103.6,86.2,1520897935.0,23472625,54.5,-0.3,5,8,True,False,False,True,True,True,True,True,True,True,True
SCCO,Southern Copper Corporation Common Stock,206.14,86.2,171989137875.0,224888314,95.4,-6.6,5,8,True,False,False,True,True,True,True,True,True,True,True
RIGL,"Rigel Pharmaceuticals, Inc. - Common Stock",48.82,86.1,911950960.0,12892883,95.7,-6.5,3,6,False,False,False,True,False,True,False,True,True,True,True
ATKR,Atkore Inc. Common Stock,94.5,86.1,3191505975.0,87517975,75.8,-0.1,4,8,True,True,False,True,True,True,True,True,True,True,True
CRVS,"Corvus Pharmaceuticals, Inc. - Common Stock",13.44,86.0,1130585487.0,12737847,134.4,-50.1,5,4,False,False,False,False,True,True,False,False,True,False,True
ATI,ATI Inc. Common Stock,186.56,86.0,25403946652.0,356354574,148.7,-23.4,5,7,False,False,False,True,True,True,True,False,True,True,True
NHC,National HealthCare Corporation Common Stock,222.86,86.0,3490298490.0,24302934,91.9,-6.9,5,7,False,False,False,True,True,True,True,False,True,True,True
APPN,Appian Corporation - Class A Common Stock,36.9,85.9,2643058329.0,29578614,98.1,-19.9,0,5,False,False,False,True,False,False,False,True,True,True,True
EGO,Eldorado Gold Corporation Ordinary Shares,44.85,85.9,11720195856.0,110787542,83.5,-12.3,5,6,False,False,False,True,False,True,False,True,True,True,True
DAR,Darling Ingredients Inc. Common Stock,61.63,85.8,9725393713.0,152809180,111.4,-11.9,5,7,False,False,False,True,True,True,True,False,True,True,True
NSP,"Insperity, Inc. Common Stock",50.26,85.8,1919694270.0,25885630,170.7,-10.1,2,5,False,False,False,True,False,True,False,False,True,True,True
BZH,"Beazer Homes USA, Inc. Common Stock",33.36,85.7,890032223.0,23413545,87.1,-3.4,4,8,True,False,False,True,True,True,True,True,True,True,True
HBM,Hudbay Minerals Inc. Ordinary Shares (Canada),27.74,85.7,12320575642.0,116436191,113.4,-13.7,5,8,True,False,False,True,True,True,True,True,True,True,True
ITGR,Integer Holdings Corporation Common Stock,126.33,85.7,4294215424.0,131352282,103.8,-0.4,2,8,True,False,False,True,True,True,True,True,True,True,True
HPQ,HP Inc. Common Stock,32.04,85.6,28893382647.0,471427029,82.5,-11.6,2,8,True,False,False,True,True,True,True,True,True,True,True
VIA,"Via Transportation, Inc. Class A Common Stock",28.37,85.6,2312314241.0,19316557,119.1,-48.6,0,4,False,False,False,True,False,False,False,True,True,False,True
CLBK,"Columbia Financial, Inc. - Common Stock",11.38,85.5,1184060197.0,78728969,83.3,-5.2,5,8,True,False,False,True,True,True,True,True,True,True,True
KRYS,"Krystal Biotech, Inc. - Common Stock",350.88,85.5,10385639576.0,137265778,122.0,-8.3,5,8,True,False,False,True,True,True,True,True,True,True,True
WHD,"Cactus, Inc. Class A Common Stock",66.33,85.5,5318300730.0,52871363,99.8,-10.4,5,8,True,False,False,True,True,True,True,True,True,True,True
MNPR,Monopar Therapeutics Inc. - Common Stock,96.63,85.4,648597180.0,24914244,93.0,-22.6,5,7,False,False,False,True,True,True,True,False,True,True,True
SLDE,"Slide Insurance Holdings, Inc. - Common Stock",23.87,85.4,2788295733.0,27024342,80.0,-10.8,4,8,True,False,False,True,True,True,True,True,True,True,True
SN,"SharkNinja, Inc. Ordinary Shares",169.01,85.3,23808701004.0,323230209,103.3,-13.1,5,7,False,False,False,True,True,True,True,False,True,True,True
TDW,Tidewater Inc. Common Stock,87.16,85.3,4336753094.0,54339867,86.8,-14.2,5,8,True,False,False,True,True,True,True,True,True,True,True
DXPE,"DXP Enterprises, Inc. - Common Stock",189.85,85.2,2945930548.0,22782132,125.9,-8.7,5,8,True,False,False,True,True,True,True,True,True,True,True
ANET,"Arista Networks, Inc. Common Stock",205.19,85.2,258790685523.0,1224189731,79.2,-4.5,5,8,True,False,False,True,True,True,True,True,True,True,True
ARIS,Aris Mining Corporation Common Shares,19.84,85.2,4094976000.0,26213882,126.7,-14.8,5,7,False,False,False,True,True,True,False,True,True,True,True
BXC,Bluelinx Holdings Inc. Common Stock,82.49,85.1,648389300.0,12236447,84.2,-12.1,2,6,False,False,False,True,False,True,False,True,True,True,True
SKE,Skeena Resources Limited Common Shares,33.26,85.1,4172889568.0,16680603,115.6,-14.2,5,8,True,False,False,True,True,True,True,True,True,True,True
DAVE,Dave Inc.  - Class A Common Stock,353.57,85.0,4509964610.0,153416444,132.3,-22.8,5,7,False,False,False,True,True,True,True,False,True,True,True
SPHR,Sphere Entertainment Co. Class A Common Stock,141.91,85.0,5096499969.0,101116785,151.8,-21.9,5,7,False,False,False,True,True,True,True,False,True,True,True
TECK,Teck Resources Ltd Ordinary Shares,68.88,85.0,33719710130.0,199318367,81.3,-5.1,5,8,True,False,False,True,True,True,True,True,True,True,True
FLEX,Flex Ltd. - Ordinary Shares,114.45,84.9,42278170832.0,444645131,115.7,-31.4,5,6,False,False,False,True,True,True,True,False,True,False,True
NUE,Nucor Corporation Common Stock,245.66,84.9,55734278566.0,351881283,87.1,-12.3,5,7,False,False,False,True,True,True,True,False,True,True,True
CBLL,"CeriBell, Inc. - Common Stock",24.25,84.8,930668949.0,8662443,123.5,-5.4,5,6,False,False,False,True,False,True,False,True,True,True,True
TENB,"Tenable Holdings, Inc. - Common Stock",35.91,84.8,3955126790.0,153842414,128.3,-17.8,3,8,True,False,False,True,True,True,True,True,True,True,True
ARX,Accelerant Holdings Class A Common Shares,19.79,84.8,4298161444.0,74640267,115.6,-0.6,2,6,False,False,False,True,False,True,False,True,True,True,True
ACHC,"Acadia Healthcare Company, Inc. - Common Stock",29.37,84.7,2734355077.0,63459180,157.0,-18.0,5,7,False,False,False,True,True,True,True,False,True,True,True
FFIV,"F5, Inc. - Common Stock",453.33,84.7,25670800416.0,248003927,102.6,-0.1,5,8,True,True,False,True,True,True,True,True,True,True,True
HELE,Helen of Troy Limited - Common Stock,29.49,84.6,686882879.0,10791515,112.9,-3.9,4,8,True,False,False,True,True,True,True,True,True,True,True
SFL,SFL Corporation Ltd,12.79,84.6,1700977707.0,17012992,90.0,-8.5,5,8,True,False,False,True,True,True,True,True,True,True,True
PDFS,"PDF Solutions, Inc. - Common Stock",48.44,84.5,2045486343.0,27055782,121.0,-32.4,5,7,False,False,False,True,True,True,True,True,True,False,True
CBL,"CBL & Associates Properties, Inc. Common Stock",53.97,84.5,1669980595.0,14358020,92.5,-10.6,5,7,False,False,False,True,True,True,True,False,True,True,True
DCO,Ducommun Incorporated Common Stock,166.45,84.5,2513358215.0,45840324,96.4,-20.9,5,7,False,False,False,True,True,True,True,False,True,True,True
SAIL,"SailPoint, Inc. - Common Stock",21.37,84.4,12200381597.0,72024970,107.5,-11.0,0,5,False,False,False,True,False,False,False,True,True,True,True
ZD,"Ziff Davis, Inc. - Common Stock",58.2,84.4,1995515506.0,35370752,159.2,-3.8,5,8,True,False,False,True,True,True,True,True,True,True,True
ALM,Almonty Industries Inc. - Common Shares,14.35,84.3,4139698763.0,99973791,173.9,-41.2,5,4,False,False,False,False,True,True,False,False,True,False,True
SENEA,Seneca Foods Corp. - Class A Common Stock,183.81,84.3,1244477701.0,17723908,84.6,-12.5,5,8,True,False,False,True,True,True,True,True,True,True,True
IAG,Iamgold Corporation Ordinary Shares,20.89,84.3,11928190000.0,103289693,92.2,-16.0,5,7,False,False,False,True,True,True,False,True,True,True,True
FSM,Fortuna Mining Corp. Common Shares,12.21,84.2,3718645695.0,54808709,58.8,-11.8,5,6,False,False,False,True,False,True,False,True,True,True,True
SKM,"SK Telecom Co., Ltd. Common Stock",36.35,84.2,13943133000.0,72789835,84.9,-23.0,5,8,True,False,False,True,True,True,True,True,True,True,True
VRNS,"Varonis Systems, Inc. - Common Stock",47.29,84.1,5431752336.0,83471269,140.1,-26.0,1,7,False,False,False,True,True,True,True,True,True,False,True
MSGS,Madison Square Garden Sports Corp. Class A Common Stock (New),396.62,84.1,9550586199.0,93607882,90.8,-9.6,5,8,True,False,False,True,True,True,True,True,True,True,True
FA,First Advantage Corporation - Common Stock,20.34,84.0,3493470075.0,42622781,130.6,-19.1,3,7,False,False,False,True,True,True,True,False,True,True,True
KLIC,"Kulicke and Soffa Industries, Inc. - Common Stock",89.54,84.0,4685548957.0,77745559,155.7,-34.1,5,5,False,False,False,False,True,True,True,False,True,False,True
LGND,Ligand Pharmaceuticals Incorporated - Common Stock,298.5,84.0,5950779287.0,74248917,82.6,-8.6,5,8,True,False,False,True,True,True,True,True,True,True,True
CSTL,"Castle Biosciences, Inc. - Common stock",34.85,83.9,1064650319.0,12503118,96.6,-21.3,0,5,False,False,False,True,False,False,False,True,True,True,True
ENLT,Enlight Renewable Energy Ltd. - Ordinary Shares,73.53,83.9,10253321732.0,15770203,162.1,-32.3,5,4,False,False,False,False,True,True,False,False,True,False,True
CIEN,Ciena Corporation Common Stock,368.56,83.8,52264949974.0,886391232,175.7,-42.2,5,4,False,False,False,False,True,True,False,False,True,False,True
SM,SM Energy Company Common Stock,33.92,83.8,8068009987.0,132277410,94.4,-18.4,5,7,False,False,False,True,True,True,True,False,True,True,True
THC,Tenet Healthcare Corporation Common Stock,262.06,83.8,21100809140.0,260020959,66.3,-7.4,2,8,True,False,False,True,True,True,True,True,True,True,True
FCX,"Freeport-McMoRan, Inc. Common Stock",74.35,83.7,106767902835.0,949299155,111.5,-7.3,5,8,True,False,False,True,True,True,True,True,True,True,True
IMAX,Imax Corporation Common Stock,53.59,83.7,2938988889.0,63318224,74.3,-3.6,5,8,True,False,False,True,True,True,True,True,True,True,True
AIP,"Arteris, Inc.  - Common Stock",24.78,83.6,1217989088.0,18212178,161.9,-50.7,5,4,False,False,False,False,True,True,False,False,True,False,True
GEO,Geo Group Inc (The) REIT,29.74,83.6,3914366428.0,61946363,137.7,-10.3,4,7,False,False,False,True,True,True,True,False,True,True,True
AMCX,AMC Global Media Inc. - Class A Common Stock,12.08,83.5,498299650.0,7990467,86.7,-6.6,5,8,True,False,False,True,True,True,True,True,True,True,True
MGTX,MeiraGTx Holdings plc - Ordinary Shares,12.35,83.5,1186131001.0,8853312,86.6,-19.5,5,7,False,False,False,True,True,True,True,False,True,True,True
ESTC,Elastic N.V. Ordinary Shares,89.22,83.5,9367322002.0,197883356,112.2,-17.4,1,6,False,False,False,True,False,True,False,True,True,True,True
NTNX,"Nutanix, Inc. - Class A Common Stock",69.25,83.4,18736984896.0,168558288,103.6,-11.7,1,8,True,False,False,True,True,True,True,True,True,True,True
KEYS,Keysight Technologies Inc. Common Stock,347.32,83.4,59129404833.0,409902238,118.7,-7.4,5,8,True,False,False,True,True,True,True,True,True,True,True
AZTA,"Azenta, Inc. - Common Stock",34.28,83.3,1501751712.0,23758809,115.2,-17.9,1,6,False,False,False,True,False,True,False,True,True,True,True
NAVN,"Navan, Inc. - Class A Common Stock",20.965,83.3,5459505986.0,87498065,158.7,-32.1,1,6,False,False,False,True,True,True,True,False,True,False,True
TEM,"Tempus AI, Inc. - Class A Common Stock",77.19,83.3,14014319604.0,403155943,89.3,-26.0,0,4,False,False,False,True,False,False,False,True,True,False,True
DSGN,"Design Therapeutics, Inc. - Common Stock",13.16,83.2,823574527.0,8416398,149.2,-23.7,5,7,False,False,False,True,True,True,True,False,True,True,True
BBY,"Best Buy Co., Inc. Common Stock",94.82,83.2,19886380324.0,322214060,72.1,-1.1,4,8,True,False,False,True,True,True,True,True,True,True,True
BIO,"Bio-Rad Laboratories, Inc. Class A Common Stock",379.57,83.1,10149009085.0,100009978,60.3,-4.2,5,6,False,False,False,True,False,True,False,True,True,True,True
KB,KB Financial Group Inc,129.22,83.1,46336705437.0,25192531,66.9,-3.1,5,8,True,False,False,True,True,True,True,True,True,True,True
ASML,ASML Holding N.V. - New York Registry Shares,1747.9,83.0,673671536654.0,2608951402,86.9,-12.6,5,8,True,False,False,True,True,True,True,True,True,True,True
CNXN,"PC Connection, Inc. - Common Stock",86.84,83.0,2191676517.0,12273979,58.0,-2.0,4,8,True,True,False,True,True,True,True,True,True,True,True
CRGY,Crescent Energy Company Class A Common Stock,13.01,83.0,4298552085.0,77343327,69.4,-15.9,5,8,True,False,False,True,True,True,True,True,True,True,True
MSGE,Madison Square Garden Entertainment Corp. Class A Common Stock,80.17,82.9,3792460610.0,31237825,92.5,-11.3,5,8,True,False,False,True,True,True,True,True,True,True,True
REPX,"Riley Exploration Permian, Inc. Common Stock",40.2,82.9,890582157.0,10770726,66.9,-11.3,5,8,True,False,False,True,True,True,True,True,True,True,True
EAT,"Brinker International, Inc. Common Stock",206.81,82.8,8637421718.0,262695615,106.2,-18.9,3,7,False,False,False,True,True,True,True,False,True,True,True
TK,Teekay Corporation Ltd. Common Stock,13.76,82.8,1194072600.0,7069431,76.4,-7.8,5,8,True,False,False,True,True,True,True,True,True,True,True
VEEV,Veeva Systems Inc. Class A Common Stock,260.91,82.8,42243638054.0,424353763,76.2,-16.0,0,5,False,False,False,True,False,False,False,True,True,True,True
ARCB,ArcBest Corporation - Common Stock,131.71,82.7,2943896835.0,44586171,121.6,-25.5,5,6,False,False,False,True,True,True,True,False,True,False,True
TNET,"TriNet Group, Inc. Common Stock",66.71,82.7,3062305072.0,25009641,98.5,-8.7,2,5,False,False,False,True,False,True,False,False,True,True,True
DT,"Dynatrace, Inc. Common Stock",57.2,82.6,16530921722.0,318609786,80.8,-0.1,1,8,True,True,False,True,True,True,True,True,True,True,True
NMAX,"Newsmax, Inc. Class B Common Stock",11.21,82.6,1447890830.0,11357295,119.4,-17.6,1,8,True,False,False,True,True,True,True,True,True,True,True
OSPN,OneSpan Inc. - Common Stock,17.43,82.5,642333375.0,7428529,73.1,-5.7,2,8,True,False,False,True,True,True,True,True,True,True,True
TTMI,"TTM Technologies, Inc. - Common Stock",127.47,82.5,13428819694.0,317155370,149.5,-43.1,5,5,False,False,False,False,True,True,False,True,True,False,True
MATV,"Mativ Holdings, Inc. Common Stock",12.56,82.5,693187631.0,6360385,77.7,-18.9,1,6,False,False,False,True,False,True,False,True,True,True,True
HP,"Helmerich & Payne, Inc. Common Stock",39.79,82.4,3976570622.0,50346535,93.4,-17.4,5,8,True,False,False,True,True,True,True,True,True,True,True
WKC,World Kinect Corporation Common Stock,35.84,82.4,1833274061.0,45694178,61.4,-13.0,4,7,False,False,False,True,True,True,True,False,True,True,True
ATRO,Astronics Corporation - Common Stock,69.7,82.3,2997731761.0,47748811,111.3,-26.2,5,6,False,False,False,True,True,True,True,False,True,False,True
MANH,"Manhattan Associates, Inc. - Common Stock",207.09,82.3,12074376651.0,164541588,73.9,-8.8,1,6,False,False,False,True,False,True,False,True,True,True,True
VEEE,Twin Vee PowerCats Co. - Common Stock,14.99,82.3,8758972.0,50084450,260.3,-88.3,0,3,False,False,False,False,False,False,False,True,True,False,True
DIOD,Diodes Incorporated - Common Stock,95.94,82.2,4418200578.0,55542900,126.9,-23.9,5,8,True,False,False,True,True,True,True,True,True,True,True
MFG,"Mizuho Financial Group, Inc. Sponosred ADR (Japan)",10.87,82.2,135323271084.0,35220414,78.5,-5.4,5,8,True,False,False,True,True,True,True,True,True,True,True
UFCS,"United Fire Group, Inc - Common Stock",53.68,82.1,1379867966.0,8348111,80.5,-5.4,5,8,True,False,False,True,True,True,True,True,True,True,True
CXW,"CoreCivic, Inc. Common Stock",31.47,82.1,3112178099.0,52363393,99.9,-13.9,4,7,False,False,False,True,True,True,True,False,True,True,True
VTRS,Viatris Inc. - Common Stock,17.18,82.0,19732791044.0,154267219,82.2,-6.6,5,8,True,False,False,True,True,True,True,True,True,True,True
GPRK,Geopark Ltd Common Shares,10.9,82.0,707363708.0,7666864,89.6,-17.0,5,8,True,False,False,True,True,True,True,True,True,True,True
NEM,Newmont Corporation,127.26,82.0,134092878407.0,901779258,67.3,-5.9,5,8,True,False,False,True,True,True,True,True,True,True,True
ROKU,"Roku, Inc. - Class A Common Stock",154.25,81.9,22893625968.0,365510059,96.4,-3.5,5,8,True,False,False,True,True,True,True,True,True,True,True
TITN,Titan Machinery Inc. - Common Stock,24.17,81.9,568790120.0,5142857,83.0,-10.1,5,8,True,False,False,True,True,True,True,True,True,True,True
RIOT,"Riot Platforms, Inc. - Common Stock",24.93,81.8,9355205250.0,401644196,116.8,-17.8,1,8,True,False,False,True,True,True,True,True,True,True,True
NBR,Nabors Industries Ltd.,83.42,81.8,1396816847.0,21016497,127.8,-26.1,5,4,False,False,False,False,True,True,False,False,True,False,True
RHI,Robert Half Inc. Common Stock,37.58,81.8,3846757496.0,88484037,72.1,-19.5,3,7,False,False,False,True,True,True,True,False,True,True,True
CNH,CNH Industrial N.V. Common Shares,13.67,81.7,16919713846.0,229486223,51.9,-5.5,2,8,True,False,False,True,True,True,True,True,True,True,True
GLW,Corning Incorporated Common Stock,159.69,81.7,137555102577.0,1691690358,107.3,-41.2,5,5,False,False,False,False,True,True,False,True,True,False,True
SMCI,"Super Micro Computer, Inc. - Common Stock",41.54,81.6,27290342051.0,1644564730,113.2,-29.3,1,7,False,False,False,True,True,True,True,True,True,False,True
TMO,Thermo Fisher Scientific Inc Common Stock,658.52,81.6,243485982777.0,1255044132,51.3,-0.8,3,6,False,False,False,True,False,True,False,True,True,True,True
TSM,Taiwan Semiconductor Manufacturing Company Ltd.,452.0,81.6,2344300216608.0,4922023482,70.3,-5.6,5,8,True,False,False,True,True,True,True,True,True,True,True
JAZZ,Jazz Pharmaceuticals plc - Ordinary Shares,240.57,81.5,15616499789.0,217513843,91.2,-9.7,5,7,False,False,False,True,True,True,True,False,True,True,True
PLXS,Plexus Corp. - Common Stock,263.33,81.5,7018297230.0,67498638,99.4,-14.2,5,8,True,False,False,True,True,True,True,True,True,True,True
LNTH,"Lantheus Holdings, Inc. - Common Stock",100.0,81.4,6527236900.0,145586802,101.3,-10.6,5,7,False,False,False,True,True,True,True,False,True,True,True
PTRN,Pattern Group Inc. - Series A Common Stock,20.41,81.4,3620715406.0,38344681,128.8,-31.5,2,6,False,False,False,True,True,True,True,False,True,False,True
OUST,"Ouster, Inc. - Common Stock",40.25,81.3,2902521403.0,106947487,145.4,-36.9,5,7,False,False,False,True,True,True,True,True,True,False,True
SWKS,"Skyworks Solutions, Inc. - Common Stock",89.96,81.3,13536531469.0,470609404,73.2,-2.5,1,8,True,False,False,True,True,True,True,True,True,True,True
SU,Suncor Energy  Inc. Common Stock,66.94,81.3,78295006227.0,288933110,77.2,-7.1,5,8,True,False,False,True,True,True,True,True,True,True,True
PI,"Impinj, Inc. - Common Stock",181.75,81.2,5553264563.0,69173513,108.0,-26.4,1,5,False,False,False,True,False,True,False,True,True,False,True
A,"Agilent Technologies, Inc. Common Stock",167.26,81.2,47155420120.0,329603161,54.4,-0.2,4,6,False,True,False,True,False,True,False,True,True,True,True
CHMG,Chemung Financial Corp  - Common Stock,81.97,81.1,395216060.0,5365252,64.5,-4.7,5,8,True,False,False,True,True,True,True,True,True,True,True
AG,First Majestic Silver Corp. Ordinary Shares (Canada),20.32,81.1,10015857703.0,186949814,99.4,-36.6,5,6,False,False,False,True,True,True,False,True,True,False,True
WPM,Wheaton Precious Metals Corp Common Shares (Canada),153.81,81.1,69854344678.0,276365917,66.2,-7.2,5,8,True,False,False,True,True,True,True,True,True,True,True
ELE,Elemental Royalty Corporation - Common Stock,21.43,81.0,1551823148.0,6636651,70.3,-20.5,2,8,True,False,False,True,True,True,True,True,True,True,True
SANM,Sanmina Corporation - Common Stock,215.77,81.0,11564701504.0,138224647,95.4,-25.3,5,7,False,False,False,True,True,True,True,True,True,False,True
UFPT,"UFP Technologies, Inc. - Common Stock",285.2,80.9,2209099308.0,45461837,64.0,-15.8,4,6,False,False,False,True,False,True,False,True,True,True,True
KOP,Koppers Holdings Inc. Common Stock,46.1,80.9,871823285.0,8890751,84.4,-13.0,5,7,False,False,False,True,True,True,True,False,True,True,True
BSTZ,BlackRock Science and Technology Term Trust Common Shares of Beneficial Interest,29.92,80.8,662962274.0,5231875,44.6,-6.2,5,8,True,False,False,True,True,True,True,True,True,True,True
ELF,"e.l.f. Beauty, Inc. Common Stock",102.12,80.8,6025896552.0,190711177,109.2,-30.9,1,5,False,False,False,True,False,True,False,True,True,False,True
ING,"ING Group, N.V. Common Stock",36.41,80.8,105677756220.0,70129385,54.0,-3.0,5,8,True,False,False,True,True,True,True,True,True,True,True
KARO,Karooooo Ltd. - Ordinary shares,63.59,80.7,1964504947.0,6378344,54.2,-7.6,2,7,False,False,False,True,True,True,True,False,True,True,True
FIX,"Comfort Systems USA, Inc. Common Stock",1625.13,80.7,57195359888.0,719494917,114.7,-21.6,5,5,False,False,False,False,True,True,False,False,True,True,True
PRE,Prenetics Global Limited - Class A Ordinary Share,22.9,80.6,387873788.0,5597579,101.5,-15.9,5,8,True,False,False,True,True,True,True,True,True,True,True
SCSC,"ScanSource, Inc. - Common Stock",57.75,80.6,1163247393.0,15234838,71.1,-13.5,4,8,True,False,False,True,True,True,True,True,True,True,True
GRDN,"Guardian Pharmacy Services, Inc. Class A Common Stock",44.67,80.6,2829500720.0,20000781,93.0,-7.6,5,8,True,False,False,True,True,True,True,True,True,True,True
VPG,"Vishay Precision Group, Inc. Common Stock",69.91,80.5,931231261.0,39500655,140.4,-53.9,5,4,False,False,False,False,True,True,False,False,True,False,True
WCC,"WESCO International, Inc. Common Stock",362.08,80.5,17645191776.0,204642559,78.0,-6.0,5,8,True,False,False,True,True,True,True,True,True,True,True
TALO,"Talos Energy, Inc. Common Stock",16.09,80.4,2686474380.0,31503107,81.4,-14.1,5,8,True,False,False,True,True,True,True,True,True,True,True
TRGP,"Targa Resources, Inc. Common Stock",282.15,80.4,60501712575.0,343425699,95.7,-8.4,5,8,True,False,False,True,True,True,True,True,True,True,True
BTSG,"BrightSpring Health Services, Inc. - Common Stock",56.55,80.3,11189222829.0,217820906,115.2,-23.3,5,7,False,False,False,True,True,True,True,False,True,True,True
PBAM,"Private Bancorp of America, Inc. - Common Stock",88.45,80.3,506799749.0,6325626,62.4,-4.0,5,8,True,False,False,True,True,True,True,True,True,True,True
AMTB,Amerant Bancorp Inc. Class A Common Stock,29.19,80.3,1143951955.0,11388333,86.9,-4.6,5,8,True,False,False,True,True,True,True,True,True,True,True
DXCM,"DexCom, Inc. - Common Stock",89.53,80.2,33785109290.0,406113535,65.5,-3.3,2,8,True,False,False,True,True,True,True,True,True,True,True
VAC,Marriott Vacations Worldwide Corporation Common Stock,99.15,80.2,3410295978.0,54214954,122.4,-24.5,4,7,False,False,False,True,True,True,True,False,True,True,True
AU,AngloGold Ashanti PLC Ordinary Shares,104.6,80.1,52903464178.0,267813786,67.2,-19.0,5,8,True,False,False,True,True,True,True,True,True,True,True
BMNR,"BitMine Immersion Technologies, Inc. Common Stock",28.76,80.1,17348791091.0,870332705,124.7,-56.2,0,4,False,False,False,True,False,False,False,True,True,False,True
STT,State Street Corporation Common Stock,180.25,80.1,49514993141.0,347344134,72.3,-8.0,5,7,False,False,False,True,True,True,True,False,True,True,True
GRPN,"Groupon, Inc. - Common Stock",21.28,80.0,865357499.0,31226638,132.1,-28.8,3,6,False,False,False,True,True,True,True,False,True,False,True
DE,Deere & Company Common Stock,703.12,80.0,189579019685.0,778985139,62.4,-0.4,5,8,True,False,False,True,True,True,True,True,True,True,True
ANGO,"AngioDynamics, Inc. - Common Stock",15.67,79.9,647678536.0,7183596,66.9,-3.8,5,8,True,False,False,True,True,True,True,True,True,True,True
TECH,Bio-Techne Corp - Common Stock,72.55,79.9,11377163167.0,224627943,67.9,-0.2,3,6,False,True,False,True,False,True,False,True,True,True,True
EPC,Edgewell Personal Care Company Common Stock,27.96,79.8,1288646063.0,16996894,77.7,-6.6,3,8,True,False,False,True,True,True,True,True,True,True,True
FTI,TechnipFMC plc Ordinary Share,70.82,79.8,27773081958.0,232505838,100.7,-12.2,5,6,False,False,False,False,True,True,True,False,True,True,True
KN,Knowles Corporation Common Stock,36.91,79.8,3152495133.0,30644443,79.4,-14.0,5,8,True,False,False,True,True,True,True,True,True,True,True
ASC,Ardmore Shipping Corporation Common Stock,17.77,79.7,725062451.0,10245644,72.4,-11.3,5,8,True,False,False,True,True,True,True,True,True,True,True
MUFG,"Mitsubishi UFJ Financial Group, Inc. Common Stock",23.09,79.7,274025445143.0,68872088,57.9,-4.8,5,8,True,False,False,True,True,True,True,True,True,True,True
MOVE,"Corvex, Inc. - Common Stock",10.91,79.6,344235320.0,5285728,217.3,-59.2,5,4,False,False,False,False,True,True,False,False,True,False,True
RPRX,Royalty Pharma plc - Class A Ordinary Shares,58.52,79.6,33649070458.0,176522686,69.0,-9.1,5,7,False,False,False,True,True,True,True,False,True,True,True
PBI,Pitney Bowes Inc. Common Stock,16.58,79.6,2272955715.0,28887500,85.3,-13.1,5,7,False,False,False,True,True,True,True,False,True,True,True
INCY,Incyte Corporation - Common Stock,126.93,79.5,25728424900.0,197005691,56.5,-4.3,5,8,True,False,False,True,True,True,True,True,True,True,True
NVT,nVent Electric plc Ordinary Shares ,162.65,79.5,26326193778.0,357066093,74.5,-11.9,5,8,True,False,False,True,True,True,True,True,True,True,True
VELO,"Velo3D, Inc. - Common stock",11.52,79.4,370357839.0,17370857,301.4,-63.7,5,4,False,False,False,False,True,True,False,False,True,False,True
WST,"West Pharmaceutical Services, Inc. Common Stock",371.09,79.4,26115741521.0,225255975,65.8,-3.9,5,8,True,False,False,True,True,True,True,True,True,True,True
RAPP,"Rapport Therapeutics, Inc. - Common Stock",41.47,79.3,1989659520.0,14585991,74.6,-21.7,5,7,False,False,False,True,True,True,True,False,True,True,True
PEB,Pebblebrook Hotel Trust Common Shares of Beneficial Interest,18.26,79.3,2060507994.0,39172746,82.8,-8.4,5,7,False,False,False,True,True,True,True,False,True,True,True
RAL,Ralliant Corporation Common Stock,69.0,79.3,7634160552.0,104788017,85.1,-8.5,5,8,True,False,False,True,True,True,True,True,True,True,True
MITK,"Mitek Systems, Inc. - Common Stock",17.47,79.2,788287874.0,12571667,104.8,-17.0,5,7,False,False,False,True,True,True,True,False,True,True,True
GNK,Genco Shipping & Trading Limited Ordinary Shares New (Marshall Islands),26.73,79.2,1165069952.0,14378355,71.9,-5.9,5,8,True,False,False,True,True,True,True,True,True,True,True
CROX,"Crocs, Inc. - Common Stock",124.58,79.1,5972997444.0,131927987,70.2,-11.8,4,7,False,False,False,True,True,True,True,False,True,True,True
LQDT,"Liquidity Services, Inc. - Common Stock",42.93,79.1,1345066361.0,9162052,98.1,-2.6,5,8,True,False,False,True,True,True,True,True,True,True,True
PR,Permian Resources Corporation Class A Common Stock,21.29,79.1,17831589147.0,214813297,78.6,-13.6,5,7,False,False,False,True,True,True,True,False,True,True,True
QRVO,"Qorvo, Inc. - Common Stock",118.44,79.0,10448970213.0,124756371,58.1,-1.9,2,8,True,False,False,True,True,True,True,True,True,True,True
MOV,Movado Group Inc. Common Stock,33.28,79.0,742551514.0,6727918,93.0,-17.8,5,7,False,False,False,True,True,True,True,False,True,True,True
MDB,"MongoDB, Inc. - Class A Common Stock",427.69,78.9,34453141482.0,644404069,98.3,-9.6,5,6,False,False,False,True,False,True,False,True,True,True,True
PAGP,"Plains GP Holdings, L.P. - Class A Shares representing limited partner interests",26.87,78.9,5317683812.0,43320042,61.1,-6.4,5,8,True,False,False,True,True,True,True,True,True,True,True
BBVA,Banco Bilbao Vizcaya Argentaria S.A. Common Stock,28.67,78.9,163676132629.0,39829386,60.2,-3.3,5,8,True,False,False,True,True,True,True,True,True,True,True
MTSI,"MACOM Technology Solutions Holdings, Inc. - Common Stock",279.69,78.8,21360185691.0,384403610,129.3,-33.2,5,5,False,False,False,False,True,True,False,True,True,False,True
SCL,Stepan Company Common Stock,64.38,78.8,1463520925.0,9021269,53.9,-5.3,4,8,True,False,False,True,True,True,True,True,True,True,True
KALU,Kaiser Aluminum Corporation - Common Stock,153.85,78.7,2515307804.0,40100947,110.5,-23.0,5,6,False,False,False,False,True,True,True,False,True,True,True
RCUS,"Arcus Biosciences, Inc. Common Stock",26.87,78.7,3421447813.0,37145495,121.2,-15.3,5,7,False,False,False,True,True,True,True,False,True,True,True
ARMK,Aramark Common Stock,56.59,78.6,14918541240.0,146629817,61.4,-9.7,5,7,False,False,False,True,True,True,True,False,True,True,True
ODC,Oil-Dri Corporation Of America Common Stock,90.81,78.6,1315685701.0,11298949,99.1,-15.1,5,7,False,False,False,True,True,True,True,False,True,True,True
SPB,"Spectrum Brands Holdings, Inc. Common Stock",88.02,78.6,2024072360.0,29585549,76.1,-11.1,5,8,True,False,False,True,True,True,True,True,True,True,True
PCVX,"Vaxcyte, Inc. - Common Stock",59.02,78.5,8782487508.0,63150371,87.3,-9.2,5,8,True,False,False,True,True,True,True,True,True,True,True
PK,Park Hotels & Resorts Inc. Common Stock ,15.19,78.5,3058329233.0,58059344,54.4,-6.2,5,8,True,False,False,True,True,True,True,True,True,True,True
BCAX,Bicara Therapeutics Inc. - Common Stock,22.78,78.4,1507419437.0,14162354,121.3,-26.5,5,6,False,False,False,True,True,True,True,False,True,False,True
PNTG,"The Pennant Group, Inc. - Common Stock",39.41,78.4,1376554806.0,12018060,77.1,-7.8,5,7,False,False,False,True,True,True,True,False,True,True,True
NX,Quanex Building Products Corporation Common Stock,20.66,78.4,946769457.0,8000550,87.1,-11.4,3,8,True,False,False,True,True,True,True,True,True,True,True
ENTG,"Entegris, Inc. - Common Stock",151.11,78.3,23089608000.0,332902930,122.3,-19.2,5,8,True,False,False,True,True,True,True,True,True,True,True
SII,Sprott Inc. Common Shares,131.56,78.3,3394248000.0,20499095,79.3,-22.4,5,7,False,False,False,True,True,True,False,True,True,True,True
HURN,Huron Consulting Group Inc. - Common Stock,157.86,78.2,2511563966.0,42916781,86.0,-15.5,0,5,False,False,False,True,False,False,False,True,True,True,True
EXK,Endeavour Silver Corporation Ordinary Shares (Canada),10.51,78.2,3111683109.0,79363271,59.2,-30.6,5,5,False,False,False,True,False,True,False,True,True,False,True
BWMN,Bowman Consulting Group Ltd. - Common Stock,42.56,78.1,737799391.0,14559683,69.8,-7.1,1,6,False,False,False,True,False,True,False,True,True,True,True
PRGO,Perrigo Company plc Ordinary Shares,14.31,78.1,1985787896.0,34868839,55.0,-36.8,1,5,False,False,False,True,False,True,False,True,True,False,True
RLJ,RLJ Lodging Trust Common Shares of Beneficial Interest $0.01 par value,11.03,78.1,1680705868.0,19979505,68.7,-14.4,5,7,False,False,False,True,True,True,True,False,True,True,True
DJCO,Daily Journal Corp. (S.C.) - Common Stock,657.01,78.0,905328244.0,37959492,88.5,-5.1,5,6,False,False,False,True,False,True,False,True,True,True,True
EXPD,"Expeditors International of Washington, Inc. Common Stock",187.51,78.0,24374541531.0,195912463,66.0,-3.6,5,8,True,False,False,True,True,True,True,True,True,True,True
AMAL,Amalgamated Financial Corp. - Common Stock,47.29,77.9,1413977952.0,9433436,88.2,-8.3,5,7,False,False,False,True,True,True,True,False,True,True,True
ARWR,"Arrowhead Pharmaceuticals, Inc. - Common Stock",71.86,77.9,10150545999.0,149991276,134.0,-24.7,5,6,False,False,False,False,True,True,True,False,True,True,True
EXEL,"Exelixis, Inc. - Common Stock",58.15,77.9,14408505390.0,131526031,72.2,-2.6,5,8,True,False,False,True,True,True,True,True,True,True,True
ALKS,Alkermes plc - Ordinary Shares,43.29,77.8,7262472045.0,82268884,60.4,-22.2,5,7,False,False,False,True,True,True,True,False,True,True,True
CNQ,Canadian Natural Resources Limited Common Stock,47.77,77.8,98828486800.0,325057885,61.0,-8.7,5,8,True,False,False,True,True,True,True,True,True,True,True
PSTL,"Postal Realty Trust, Inc. Class A Common Stock",23.94,77.7,724158020.0,7747763,68.0,-5.1,5,8,True,False,False,True,True,True,True,True,True,True,True
SDRL,Seadrill Limited Common Shares,46.85,77.7,2930066605.0,29488821,66.7,-15.5,5,8,True,False,False,True,True,True,True,True,True,True,True
IESC,"IES Holdings, Inc. - Common Stock",321.07,77.6,12794225962.0,115344486,88.8,-21.4,5,7,False,False,False,True,True,True,True,False,True,True,True
GEF,Greif Inc. Class A Common Stock,84.59,77.6,3905378273.0,25695540,51.7,-6.6,5,8,True,False,False,True,True,True,True,True,True,True,True
NE,Noble Corporation plc A Ordinary Shares,45.04,77.6,7190285499.0,59412592,68.7,-18.1,5,6,False,False,False,False,True,True,False,True,True,True,True
CBRL,"Cracker Barrel Old Country Store, Inc. - Common Stock",45.48,77.5,1016544401.0,46422269,83.0,-24.5,3,7,False,False,False,True,True,True,True,False,True,True,True
GTX,Garrett Motion Inc. - Common Stock,25.95,77.5,4839504093.0,72928567,111.6,-28.4,5,5,False,False,False,False,True,True,True,False,True,False,True
BWIN,"The Baldwin Insurance Group, Inc. - Class A Common Stock",31.95,77.4,4456971771.0,75805869,101.2,-2.3,2,8,True,False,False,True,True,True,True,True,True,True,True
NWPX,"NWPX Infrastructure, Inc. - Common Stock",103.33,77.4,995812083.0,20239337,109.8,-32.0,5,5,False,False,False,False,True,True,True,False,True,False,True
VOYG,"Voyager Technologies, Inc. Class A Common Stock",37.53,77.4,2325649958.0,53118131,115.6,-28.4,4,7,False,False,False,True,True,True,True,True,True,False,True
EFXT,Enerflex Ltd Common Shares,22.39,77.3,2733883550.0,13663647,111.8,-23.2,5,6,False,False,False,False,True,True,False,True,True,True,True
PAY,"Paymentus Holdings, Inc. Class A Common Stock",32.3,77.3,4067850598.0,41499091,60.6,-28.7,2,4,False,False,False,True,False,True,False,False,True,False,True
MEDP,"Medpace Holdings, Inc. - Common Stock",630.19,77.2,17589645864.0,162695017,69.0,-7.0,3,6,False,False,False,True,False,True,False,True,True,True,True
RUSHB,"Rush Enterprises, Inc. - Class B Common Stock",54.46,77.2,6357135242.0,9201648,71.2,-5.1,5,8,True,False,False,True,True,True,True,True,True,True,True
MBIN,Merchants Bancorp - Common Stock,52.14,77.1,2395211231.0,10240557,71.7,-8.3,5,7,False,False,False,True,True,True,True,False,True,True,True
INSP,"Inspire Medical Systems, Inc. Common Stock",71.3,77.1,2061309738.0,46889564,83.2,-51.5,0,4,False,False,False,True,False,False,False,True,True,False,True
SA,"Seabridge Gold, Inc. Common Shares New",32.56,77.1,3512286793.0,19800302,58.1,-18.7,5,6,False,False,False,True,False,True,False,True,True,True,True
BIIB,Biogen Inc. - Common Stock,225.36,77.0,33297840989.0,208902310,66.5,-0.5,5,8,True,True,False,True,True,True,True,True,True,True,True
GSL,Global Ship Lease Inc New Class A Common Shares,44.84,77.0,1610574061.0,14020577,64.4,-3.7,5,8,True,False,False,True,True,True,True,True,True,True,True
BAP,Credicorp Ltd. Common Stock,393.22,76.9,37113014691.0,117756221,70.6,-4.8,5,8,True,False,False,True,True,True,True,True,True,True,True
SXT,Sensient Technologies Corporation Common Stock,130.81,76.9,5567641307.0,53528743,58.4,-5.8,5,8,True,False,False,True,True,True,True,True,True,True,True
UVE,UNIVERSAL INSURANCE HOLDINGS INC Common Stock,43.03,76.9,1197540176.0,8278105,71.8,-4.7,5,8,True,False,False,True,True,True,True,True,True,True,True
VKTX,"Viking Therapeutics, Inc. - Common Stock",40.85,76.8,4765272476.0,98082907,66.6,-5.3,0,7,False,False,False,True,True,False,True,True,True,True,True
JHX,James Hardie Industries plc. Ordinary Shares,27.34,76.8,15871484822.0,258792303,66.1,-13.0,3,7,False,False,False,True,True,True,True,False,True,True,True
CARE,"Carter Bankshares, Inc. - Common Stock",30.28,76.7,671123831.0,11263213,80.5,-16.0,5,7,False,False,False,True,True,True,True,False,True,True,True
NVCR,NovoCure Limited - Ordinary Shares,16.67,76.7,1941152153.0,24255397,69.8,-22.3,4,7,False,False,False,True,True,True,True,False,True,True,True
LSCC,Lattice Semiconductor Corporation - Common Stock,122.53,76.6,17402969228.0,213842330,102.5,-22.0,5,8,True,False,False,True,True,True,True,True,True,True,True
BNS,Bank Nova Scotia Halifax Pfd 3 Ordinary Shares,94.06,76.6,115391619082.0,187999667,49.3,-1.7,5,8,True,True,False,True,True,True,True,True,True,True,True
CF,"CF Industries Holdings, Inc. Common Stock",120.59,76.6,18249865097.0,316927113,59.9,-15.1,5,7,False,False,False,True,True,True,True,False,True,True,True
CNK,"Cinemark Holdings Inc Cinemark Holdings, Inc. Common Stock",35.88,76.5,4158917357.0,86353651,66.1,-8.0,4,8,True,False,False,True,True,True,True,True,True,True,True
EMBJ,Embraer S.A. Common Stock,76.93,76.5,13900599788.0,86928421,43.6,-4.7,5,6,False,False,False,True,False,True,False,True,True,True,True
NVAX,"Novavax, Inc. - Common Stock",10.83,76.4,1786362213.0,41059278,74.7,-9.5,1,7,False,False,False,True,True,True,False,True,True,True,True
SAIC,Science Applications International Corporation - Common Stock,129.69,76.4,5433704283.0,57473560,60.0,-9.1,3,8,True,False,False,True,True,True,True,True,True,True,True
STLD,"Steel Dynamics, Inc. - Common Stock",233.99,76.4,33537339311.0,283418022,73.5,-19.0,5,7,False,False,False,True,True,True,True,False,True,True,True
EZPW,"EZCORP, Inc. - Class A Non-Voting Common Stock",30.71,76.3,1886926108.0,29852870,86.1,-17.3,5,7,False,False,False,True,True,True,True,False,True,True,True
AGM,Federal Agricultural Mortgage Corporation Common Stock,218.83,76.3,2375007944.0,23999707,60.2,-11.9,3,7,False,False,False,True,True,True,True,False,True,True,True
IPAR,"Interparfums, Inc. - Common Stock",118.29,76.2,3788329634.0,29178598,53.2,-8.5,3,8,True,False,False,True,True,True,True,True,True,True,True
SLAB,"Silicon Laboratories, Inc. - Common Stock",221.97,76.2,7406419939.0,62223432,92.2,-0.2,5,8,True,False,False,True,True,True,True,True,True,True,True
PAG,"Penske Automotive Group, Inc. Common Stock",209.86,76.2,13780010528.0,89807347,49.8,-7.6,3,7,False,False,False,True,True,True,True,False,True,True,True
ALRS,Alerus Financial Corporation - Common Stock,32.2,76.1,802666337.0,6026356,58.5,-6.4,5,7,False,False,False,True,True,True,True,False,True,True,True
OPY,"Oppenheimer Holdings, Inc. Class A Common Stock (DE)",112.94,76.1,1209362085.0,14079228,77.0,-10.3,5,7,False,False,False,True,True,True,True,False,True,True,True
TXN,Texas Instruments Incorporated - Common Stock,271.41,76.0,247864554457.0,1869260649,77.7,-18.7,5,7,False,False,False,True,True,True,True,False,True,True,True
HNI,HNI Corporation Common Stock,47.79,76.0,3449568222.0,26509931,65.2,-9.5,2,6,False,False,False,True,False,True,False,True,True,True,True
MEOH,Methanex Corporation - Common Stock,57.81,75.9,4472428044.0,49184500,80.7,-13.4,5,8,True,False,False,True,True,True,True,True,True,True,True
GOLD,"Gold.com, Inc. Common Stock",44.65,75.9,1301759855.0,24582368,94.1,-33.1,5,6,False,False,False,True,True,True,False,True,True,False,True
VET,Vermilion Energy Inc. Common (Canada),11.62,75.9,1780184000.0,17410516,63.7,-21.6,5,7,False,False,False,True,True,True,True,False,True,True,True
LFUS,"Littelfuse, Inc. - Common Stock",418.88,75.8,10639027143.0,119013677,79.5,-16.3,5,7,False,False,False,True,True,True,True,False,True,True,True
IDT,IDT Corporation Class B Common Stock,68.9,75.8,1713444197.0,13615779,50.7,-4.5,2,8,True,False,False,True,True,True,True,True,True,True,True
PHVS,Pharvaris N.V. - Ordinary Shares,35.2,75.7,2452259146.0,26583200,70.5,-18.6,5,7,False,False,False,True,True,True,True,False,True,True,True
BVN,Buenaventura Mining Company Inc.,34.7,75.7,8813344285.0,36226911,65.2,-22.3,5,7,False,False,False,True,True,True,False,True,True,True,True
MSM,"MSC Industrial Direct Company, Inc. Common Stock",121.37,75.7,6778065188.0,79965858,54.0,-7.0,5,7,False,False,False,True,True,True,True,False,True,True,True
KIDS,OrthoPediatrics Corp. - Common Stock,22.76,75.6,594258775.0,5011768,57.8,-14.9,3,8,True,False,False,True,True,True,True,True,True,True,True
WAT,Waters Corporation Common Stock,425.74,75.6,41828150777.0,309156836,50.6,-1.7,5,6,False,True,False,True,False,True,False,True,True,True,True
AMGN,Amgen Inc. - Common Stock,410.24,75.5,221788873731.0,1105880002,52.1,-8.2,5,8,True,False,False,True,True,True,True,True,True,True,True
ZS,"Zscaler, Inc. - Common Stock",210.18,75.5,34270836426.0,485055486,83.4,-37.6,0,4,False,False,False,True,False,False,False,True,True,False,True
BFH,"Bread Financial Holdings, Inc. Common Stock",102.69,75.4,3945274631.0,57385864,90.8,-10.3,5,7,False,False,False,True,True,True,True,False,True,True,True
HL,Hecla Mining Company Common Stock,19.03,75.4,12783753242.0,684822599,74.4,-44.3,5,4,False,False,False,False,False,True,False,True,True,False,True
RDW,Redwire Corporation Common Stock,11.76,75.4,2939913082.0,163140270,141.5,-55.9,4,6,False,False,False,True,True,True,False,True,True,False,True
PLTR,Palantir Technologies Inc. - Class A Common Stock,184.99,75.3,444355873265.0,5791841288,73.9,-10.9,1,6,False,False,False,True,False,True,False,True,True,True,True
KNTK,Kinetik Holdings Inc. Class A Common Stock,52.39,75.3,8507042568.0,58632716,67.2,-8.0,5,8,True,False,False,True,True,True,True,True,True,True,True
ADEA,Adeia Inc.  - Common Stock,25.83,75.2,2848536275.0,27580304,122.5,-24.8,5,5,False,False,False,False,True,True,False,False,True,True,True
MD,"Pediatrix Medical Group, Inc. Common Stock",26.35,75.2,2141023691.0,20795152,67.8,-5.7,5,8,True,False,False,True,True,True,True,True,True,True,True
MLR,"Miller Industries, Inc. Common Stock",54.37,75.2,617218244.0,5159699,52.2,-8.9,5,8,True,False,False,True,True,True,True,True,True,True,True
HRMY,"Harmony Biosciences Holdings, Inc. - Common Stock",41.53,75.1,2418557401.0,35855928,62.7,-4.5,3,6,False,False,False,True,False,True,False,True,True,True,True
TD,Toronto Dominion Bank (The) Common Stock,122.65,75.1,200949392050.0,254260553,58.7,-2.2,5,8,True,False,False,True,True,True,True,True,True,True,True
CCSI,"Consensus Cloud Solutions, Inc. - Common Stock",36.47,75.0,668309905.0,5955311,80.5,-11.9,5,7,False,False,False,True,True,True,True,False,True,True,True
HSBC,"HSBC Holdings, plc. Common Stock",101.59,75.0,348792843688.0,132675554,57.1,-5.9,5,7,False,False,False,True,True,True,True,False,True,True,True
AVBP,"ArriVent BioPharma, Inc. - Common Stock",30.32,74.9,1495010343.0,14804971,78.4,-15.4,5,8,True,False,False,True,True,True,True,True,True,True,True
FIVE,"Five Below, Inc. - Common Stock",232.28,74.9,12787951250.0,264664087,68.6,-12.0,5,8,True,False,False,True,True,True,True,True,True,True,True
WDAY,"Workday, Inc. - Class A Common Stock",188.23,74.9,45363430000.0,776735148,70.6,-24.7,0,5,False,False,False,True,False,False,False,True,True,True,True
SNEX,StoneX Group Inc. - Common Stock,69.28,74.8,8356327401.0,67613700,90.1,-26.8,5,6,False,False,False,True,True,True,True,False,True,False,True
IFF,"International Flavors & Fragrances, Inc. Common Stock",85.79,74.8,21889315326.0,134453647,45.1,-4.0,4,8,True,False,False,True,True,True,True,True,True,True,True
AAPL,Apple Inc. - Common Stock,339.75,74.7,4958372655000.0,15450677056,39.6,-1.6,5,8,True,True,False,True,True,True,True,True,True,True,True
COGT,"Cogent Biosciences, Inc. - Common Stock",32.63,74.7,5662120163.0,68579881,181.3,-25.4,5,3,False,False,False,False,False,True,False,False,True,False,True
BOW,Bowhead Specialty Holdings Inc. Common Stock,33.86,74.7,1115450149.0,11869045,59.6,-3.5,3,8,True,False,False,True,True,True,True,True,True,True,True
ACA,"Arcosa, Inc. Common Stock ",146.6,74.6,7199058199.0,98847628,64.7,-0.2,5,8,True,False,False,True,True,True,True,True,True,True,True
VAL,Valaris Limited Common Shares,82.72,74.6,5743729955.0,92749683,77.1,-27.5,5,5,False,False,False,False,True,True,False,True,True,False,True
RRBI,"Red River Bancshares, Inc. - Common Stock",101.21,74.5,666377368.0,6993248,64.3,-3.5,5,8,True,False,False,True,True,True,True,True,True,True,True
OBK,"Origin Bancorp, Inc. Common Stock",53.17,74.5,1640277379.0,9362231,65.5,-4.3,5,7,False,False,False,True,True,True,True,False,True,True,True
OMDA,"Omada Health, Inc. - Common Stock",21.37,74.4,1308200943.0,31823540,107.9,-20.6,1,7,False,False,False,True,True,True,True,False,True,True,True
JNJ,Johnson & Johnson Common Stock,269.19,74.4,648720603326.0,1863434252,54.6,-4.2,5,8,True,False,False,True,True,True,True,True,True,True,True
NPK,"National Presto Industries, Inc. Common Stock",150.95,74.4,1077189314.0,14155138,65.4,-4.6,5,8,True,False,False,True,True,True,True,True,True,True,True
PGC,Peapack-Gladstone Financial Corporation - Common Stock,44.68,74.3,792084895.0,7664091,80.8,-9.1,5,7,False,False,False,True,True,True,True,False,True,True,True
TRVI,"Trevi Therapeutics, Inc. - Common Stock",15.24,74.3,2171331817.0,31505606,89.6,-24.6,5,7,False,False,False,True,True,True,True,False,True,True,True
KURA,"Kura Oncology, Inc. - Common Stock",11.73,74.2,1043508061.0,20651627,59.4,-15.6,5,8,True,False,False,True,True,True,True,True,True,True,True
GRMN,Garmin Ltd. Common Stock (Switzerland),284.67,74.2,54899331423.0,270928267,52.5,-9.4,5,8,True,False,False,True,True,True,True,True,True,True,True
LTH,"Life Time Group Holdings, Inc. Common Stock",38.19,74.2,8534011794.0,130509663,58.2,-19.1,4,7,False,False,False,True,True,True,True,False,True,True,True
BEN,"Franklin Resources, Inc. Common Stock",33.13,74.1,16832588028.0,131359185,56.9,-8.7,5,7,False,False,False,True,True,True,True,False,True,True,True
STNG,Scorpio Tankers Inc. Common Shares,82.33,74.1,4261630501.0,63739809,68.3,-8.6,5,8,True,False,False,True,True,True,True,True,True,True,True
INTA,"Intapp, Inc. - Common Stock",36.09,74.0,2761287331.0,25413823,89.8,-24.7,0,4,False,False,False,True,False,False,False,False,True,True,True
LXP,LXP Industrial Trust Common Stock (Maryland REIT),60.87,74.0,3588728660.0,49602231,38.3,-1.2,5,8,True,False,False,True,True,True,True,True,True,True,True
IDYA,"IDEAYA Biosciences, Inc. - Common Stock",39.71,73.9,3831597410.0,28601982,56.6,-7.0,5,6,False,False,False,True,False,True,False,True,True,True,True
E,ENI S.p.A. Common Stock,53.26,73.9,83798354986.0,19770744,56.5,-8.2,5,7,False,False,False,True,True,True,True,False,True,True,True
OVV,Ovintiv Inc. (DE),58.82,73.9,16628414000.0,217314777,65.8,-12.9,5,7,False,False,False,True,True,True,True,False,True,True,True
ROG,Rogers Corporation Common Stock,137.96,73.8,2465115497.0,29200551,83.6,-18.4,5,8,True,False,False,True,True,True,True,True,True,True,True
WEX,WEX Inc. common stock,181.23,73.8,6176610362.0,123153339,44.6,-11.2,2,7,False,False,False,True,True,True,True,False,True,True,True
DRH,Diamondrock Hospitality Company - Common Stock,12.31,73.7,2518695933.0,34000547,64.6,-10.7,5,7,False,False,False,True,True,True,True,False,True,True,True
IOSP,Innospec Inc. - Common Stock,96.08,73.7,2366550996.0,16247062,46.7,-0.6,4,8,True,False,False,True,True,True,True,True,True,True,True
VG,"Venture Global, Inc. Class A common stock",12.91,73.7,32276198706.0,209125903,125.7,-26.7,2,5,False,False,False,False,True,True,True,False,True,False,True
DGX,Quest Diagnostics Incorporated Common Stock,234.76,73.6,25911249994.0,244547425,37.1,-5.7,5,8,True,False,False,True,True,True,True,True,True,True,True
WAB,Westinghouse Air Brake Technologies Corporation Common Stock,289.71,73.6,48935162643.0,272604253,55.7,-5.5,5,8,True,False,False,True,True,True,True,True,True,True,True
DOCU,"DocuSign, Inc. - Common Stock",66.76,73.5,12477607696.0,205533496,66.2,-22.6,0,5,False,False,False,True,False,False,False,True,True,True,True
XP,XP Inc. - Class A Common Stock,21.21,73.5,10993396226.0,99181523,43.3,-8.3,1,7,False,False,False,True,True,True,False,True,True,True,True
INVX,"Innovex International, Inc. Common Stock",27.97,73.5,1956105081.0,21868992,67.0,-17.0,5,7,False,False,False,True,True,True,True,False,True,True,True
ASH,Ashland Inc. Common Stock,69.66,73.4,3189966154.0,49857201,50.5,-11.0,5,7,False,False,False,True,True,True,True,False,True,True,True
VOYA,"Voya Financial, Inc. Common Stock",98.04,73.4,8882066056.0,105576989,52.0,-7.2,5,7,False,False,False,True,True,True,True,False,True,True,True
FISI,"Financial Institutions, Inc. - Common Stock",40.32,73.3,794560435.0,6184065,57.4,-6.2,5,7,False,False,False,True,True,True,True,False,True,True,True
KSPI,Joint Stock Company Kaspi.kz - American Depository Shares,96.45,73.3,18261212699.0,56306836,40.6,-12.3,3,8,True,False,False,True,True,True,True,True,True,True,True
DBX,"Dropbox, Inc. - Class A Common Stock",33.9,73.2,7651544762.0,142125997,56.3,-11.2,2,8,True,False,False,True,True,True,True,True,True,True,True
MPWR,"Monolithic Power Systems, Inc. - Common Stock",1380.62,73.2,67847808660.0,1017690590,65.7,-19.5,5,7,False,False,False,True,True,True,False,True,True,True,True
CPAY,"Corpay, Inc. Common Stock",392.95,73.2,25800939427.0,195926099,55.4,-8.1,4,7,False,False,False,True,True,True,True,False,True,True,True
BDX,"Becton, Dickinson and Company Common Stock",183.0,73.1,49846784400.0,324623900,43.4,-5.2,3,8,True,False,False,True,True,True,True,True,True,True,True
SMBK,"SmartFinancial, Inc. Common Stock",50.93,73.1,870825230.0,6260328,54.3,-5.9,5,7,False,False,False,True,True,True,True,False,True,True,True
GILD,"Gilead Sciences, Inc. - Common Stock",152.67,73.0,189303953514.0,870231786,40.8,-2.9,5,8,True,False,False,True,True,True,True,True,True,True,True
FNV,Franco-Nevada Corporation,267.2,73.0,51535882032.0,189665646,47.2,-6.5,5,8,True,False,False,True,True,True,True,True,True,True,True
HRTG,"Heritage Insurance Holdings, Inc. Common Stock",33.5,73.0,996035936.0,9741830,63.6,-8.2,5,8,True,False,False,True,True,True,True,True,True,True,True
ADM,Archer-Daniels-Midland Company Common Stock,82.34,72.9,39684552064.0,317251432,48.1,-7.2,5,8,True,False,False,True,True,True,True,True,True,True,True
W,Wayfair Inc. Class A Common Stock,107.35,72.9,14703522315.0,296337496,93.1,-10.5,0,5,False,False,False,True,False,False,False,True,True,True,True
ADI,"Analog Devices, Inc. - Common Stock",390.37,72.8,189159820572.0,1394947989,74.7,-12.5,5,7,False,False,False,True,True,True,False,True,True,True,True
CHRD,Chord Energy Corporation - Common Stock,135.89,72.8,7432893826.0,103277671,61.3,-13.5,5,7,False,False,False,True,True,True,True,False,True,True,True
BETA,"Beta Technologies, Inc. Class A Common Stock",23.28,72.7,5446147877.0,57067727,73.3,-41.1,0,4,False,False,False,True,False,,False,True,True,False,True
IVZ,Invesco Ltd Common Stock,30.85,72.7,13620268213.0,137059563,49.3,-8.3,5,7,False,False,False,True,True,True,True,False,True,True,True
VIRT,"Virtu Financial, Inc. Class A Common Stock",54.49,72.7,8456860369.0,76095345,72.7,-20.8,5,7,False,False,False,True,True,True,True,False,True,True,True
TRST,TrustCo Bank Corp NY - Common Stock,55.96,72.6,952872330.0,7969163,63.1,-5.6,5,7,False,False,False,True,True,True,True,False,True,True,True
TTE,TotalEnergies SE Ordinary Shares,89.85,72.6,196040283089.0,137662027,56.6,-4.6,5,8,True,False,False,True,True,True,True,True,True,True,True
NVDA,NVIDIA Corporation - Common Stock,228.87,72.5,5515767000000.0,26684412458,39.3,-3.2,5,8,True,False,False,True,True,True,True,True,True,True,True
MFC,Manulife Financial Corporation Common Stock,44.17,72.5,73714894003.0,99558159,44.7,-2.6,5,8,True,False,False,True,True,True,True,True,True,True,True
TMP,Tompkins Financial Corporation Common Stock,97.82,72.5,1406935767.0,10689920,58.1,-4.6,5,8,True,False,False,True,True,True,True,True,True,True,True
DSGR,"Distribution Solutions Group, Inc. - Common Stock",34.96,72.4,1617089553.0,9316674,83.8,-0.3,2,8,True,False,False,True,True,True,True,True,True,True,True
WLY,"John Wiley & Sons, Inc. Common Stock",47.02,72.4,2383158389.0,25012697,65.7,-18.2,5,7,False,False,False,True,True,True,True,False,True,True,True
NVGS,Navigator Holdings Ltd. Ordinary Shares (Marshall Islands),23.56,72.3,1453651317.0,9586497,67.3,-7.5,5,8,True,False,False,True,True,True,True,True,True,True,True
RIO,Rio Tinto Plc Common Stock,97.49,72.3,122451201554.0,222309291,54.5,-13.4,5,8,True,False,False,True,True,True,True,True,True,True,True
ZYME,Zymeworks Inc. - Common Stock,27.565,72.2,1955991478.0,16002600,74.4,-12.0,5,8,True,False,False,True,True,True,True,True,True,True,True
HMY,Harmony Gold Mining Company Limited,19.82,72.2,12581096290.0,69389082,52.1,-23.9,1,6,False,False,False,True,False,True,False,True,True,True,True
SLB,SLB Limited Common Shares,52.12,72.2,77353545200.0,674605421,64.7,-13.8,5,7,False,False,False,True,True,True,True,False,True,True,True
RGLD,"Royal Gold, Inc. - Common Stock",258.29,72.1,21884358185.0,166317673,52.9,-15.7,5,6,False,False,False,True,False,True,False,True,True,True,True
JXN,Jackson Financial Inc. Class A Common Stock ,129.57,72.1,8775613360.0,91503666,44.5,-8.0,5,7,False,False,False,True,True,True,True,False,True,True,True
IBKR,"Interactive Brokers Group, Inc. - Class A Common Stock",91.88,72.0,41628822351.0,388424664,55.9,-7.0,5,8,True,False,False,True,True,True,True,True,True,True,True
NDSN,Nordson Corporation - Common Stock,319.67,72.0,17805416329.0,118622468,45.0,-5.7,5,8,True,False,False,True,True,True,True,True,True,True,True
NOV,NOV Inc. Common Stock,20.18,72.0,7193728563.0,67892290,64.2,-8.0,5,7,False,False,False,True,True,True,True,False,True,True,True
GPRE,"Green Plains, Inc. - Common Stock",15.07,71.9,1056336593.0,24975231,74.2,-23.3,5,6,False,False,False,False,True,True,True,False,True,True,True
HOOD,"Robinhood Markets, Inc. - Class A Common Stock",124.25,71.9,111710972420.0,2240907263,95.6,-19.2,0,5,False,False,False,True,False,False,False,True,True,True,True
FRSH,Freshworks Inc. - Class A Common Stock,12.42,71.8,3240635988.0,91188979,82.9,-11.2,2,6,False,False,False,True,False,True,False,True,True,True,True
AMG,"Affiliated Managers Group, Inc. Common Stock",360.28,71.8,9316816661.0,97836252,56.6,-8.3,5,7,False,False,False,True,True,True,True,False,True,True,True
BELFB,Bel Fuse Inc. - Class B Common Stock,249.56,71.7,3603509142.0,54692400,92.1,-25.6,5,5,False,False,False,False,True,True,True,False,True,False,True
KLAC,KLA Corporation  - Common Stock,188.32,71.7,246048890175.0,2024292489,92.0,-38.7,5,6,False,False,False,True,True,True,True,False,True,False,True
GRC,Gorman-Rupp Company (The) Common Stock,74.59,71.7,1969940025.0,14405805,76.3,-19.6,5,7,False,False,False,True,True,True,True,False,True,True,True
WASH,"Washington Trust Bancorp, Inc. - Common Stock",38.91,71.6,742181830.0,5775866,54.2,-4.0,5,7,False,False,False,True,True,True,True,False,True,True,True
AEM,Agnico Eagle Mines Limited Common Stock,203.55,71.6,103314041143.0,514869241,51.5,-20.3,2,6,False,False,False,True,False,True,False,True,True,True,True
MKSI,MKS Inc. - Common Stock,260.37,71.5,17605583576.0,406314019,117.7,-41.8,5,4,False,False,False,False,True,True,False,False,True,False,True
REGN,"Regeneron Pharmaceuticals, Inc. - Common Stock",803.9,71.5,82765514853.0,569595889,48.6,-6.5,5,6,False,False,False,True,False,True,False,True,True,True,True
PWR,"Quanta Services, Inc. Common Stock",642.63,71.5,94678535879.0,674403284,68.1,-18.5,5,6,False,False,False,False,True,True,False,True,True,True,True
AVNT,Avient Corporation Common Stock,41.24,71.4,3782514242.0,32134809,50.1,-11.6,5,8,True,False,False,True,True,True,True,True,True,True,True
UNF,Unifirst Corporation Common Stock,265.02,71.4,4792667528.0,65704442,79.5,-13.6,5,6,False,False,False,False,True,True,True,False,True,True,True
MTCH,"Match Group, Inc. - Common Stock",41.71,71.3,9574571584.0,131196734,44.8,-7.2,3,8,True,False,False,True,True,True,True,True,True,True,True
SAN,"Banco Santander, S.A. Sponsored ADR (Spain)",14.49,71.3,209738525223.0,192497237,50.6,-3.7,5,8,True,False,False,True,True,True,True,True,True,True,True
CAC,Camden National Corporation - Common Stock,56.86,71.2,960766206.0,5454128,62.5,-6.2,5,7,False,False,False,True,True,True,True,False,True,True,True
WBD,"Warner Bros. Discovery, Inc. - Series A Common Stock",30.83,71.2,77404983171.0,772050329,80.5,-0.3,5,6,False,False,False,True,False,True,False,True,True,True,True
SLF,Sun Life Financial Inc. Common Stock,80.71,71.2,44944558331.0,67082295,41.1,-4.3,5,8,True,False,False,True,True,True,True,True,True,True,True
NTR,Nutrien Ltd. Common Shares,75.43,71.1,36354411235.0,187533996,42.2,-11.6,5,8,True,False,False,True,True,True,True,True,True,True,True
RGA,"Reinsurance Group of America, Incorporated Common Stock",245.82,71.1,16052455290.0,83143554,37.9,-4.7,5,8,True,False,False,True,True,True,True,True,True,True,True
ATLC,Atlanticus Holdings Corporation - Common Stock,92.05,71.0,1396401998.0,14566596,93.8,-19.5,5,7,False,False,False,True,True,True,True,False,True,True,True
CSCO,"Cisco Systems, Inc. - Common Stock",106.44,71.0,419648946762.0,2221447821,59.3,-18.4,5,7,False,False,False,True,True,True,True,False,True,True,True
XOM,ExxonMobil Holdings Corporation Common Stock,158.71,71.0,652601547172.0,2302670479,43.8,-10.0,5,8,True,False,False,True,True,True,True,True,True,True,True
CEVA,"CEVA, Inc. - Common Stock",33.36,70.9,939219842.0,24599952,96.0,-35.3,5,7,False,False,False,True,True,True,True,True,True,False,True
DV,"DoubleVerify Holdings, Inc. Common Stock",13.4,70.9,2076823750.0,51363803,75.4,-1.8,2,8,True,False,False,True,True,True,True,True,True,True,True
CRM,"Salesforce, Inc. Common Stock",233.28,70.8,191989440000.0,3074076760,59.4,-13.3,1,6,False,False,False,True,False,True,False,True,True,True,True
SWK,"Stanley Black & Decker, Inc. Common Stock",92.13,70.8,13913163135.0,174436353,48.8,-12.0,5,7,False,False,False,True,True,True,True,False,True,True,True
PFG,Principal Financial Group Inc - Common Stock,113.59,70.7,24320146171.0,162243031,45.8,-6.3,5,8,True,False,False,True,True,True,True,True,True,True,True
RELY,"Remitly Global, Inc. - Common stock",21.28,70.7,4504636669.0,85787808,76.2,-22.6,5,7,False,False,False,True,True,True,True,False,True,True,True
SRCE,1st Source Corporation - Common Stock,85.36,70.7,2055624667.0,10549552,50.0,-6.7,5,7,False,False,False,True,True,True,True,False,True,True,True
AXSM,"Axsome Therapeutics, Inc. - Common Stock",203.1,70.6,10638544136.0,142174111,76.7,-21.9,5,6,False,False,False,False,True,True,True,False,True,True,True
GFF,Griffon Corporation Common Stock,97.46,70.6,4414423021.0,31916253,49.9,-10.2,5,8,True,False,False,True,True,True,True,True,True,True,True
RBCAA,"Republic Bancorp, Inc. - Class A Common Stock",93.72,70.5,1840112632.0,10636334,46.5,-8.3,5,7,False,False,False,True,True,True,True,False,True,True,True
FIGS,"FIGS, Inc. Class A Common Stock",12.95,70.5,2151516134.0,36613946,99.2,-25.9,5,5,False,False,False,False,True,True,False,True,True,False,True
TRV,"The Travelers Companies, Inc. Common Stock",362.01,70.5,75506243714.0,674577663,43.5,-9.2,5,7,False,False,False,True,True,True,True,False,True,True,True
SEIC,SEI Investments Company - Common Stock,103.76,70.4,12453190324.0,82778460,38.2,-7.5,4,7,False,False,False,True,True,True,True,False,True,True,True
IFS,Intercorp Financial Services Inc. Common Shares,56.12,70.4,6195519205.0,13128828,46.6,-8.6,5,7,False,False,False,True,True,True,True,False,True,True,True
NTCT,"NetScout Systems, Inc. - Common Stock",39.14,70.3,2845764192.0,23894638,55.3,-13.6,5,7,False,False,False,True,True,True,True,False,True,True,True
COP,ConocoPhillips Common Stock,125.27,70.3,150491545994.0,856395109,46.4,-11.5,5,7,False,False,False,True,True,True,True,False,True,True,True
LLY,Eli Lilly and Company Common Stock,1170.14,70.3,1101519556039.0,3011249757,64.3,-9.5,5,7,False,False,False,True,True,True,True,False,True,True,True
FLYW,Flywire Corporation - Voting Common Stock,17.24,70.2,2097550700.0,31357114,63.4,-12.6,5,7,False,False,False,True,True,True,True,False,True,True,True
BNY,The Bank of New York Mellon Corporation Common Stock,150.17,70.2,101890967004.0,530461248,45.6,-9.4,5,7,False,False,False,True,True,True,True,False,True,True,True
BOX,"Box, Inc. Class A Common Stock",32.87,70.1,4509789409.0,99511028,54.0,-9.5,1,6,False,False,False,True,False,True,False,True,True,True,True
CVX,Chevron Corporation Common Stock,202.41,70.1,399915863570.0,1732253039,38.2,-7.1,5,8,True,False,False,True,True,True,True,True,True,True,True
CTBI,"Community Trust Bancorp, Inc. - Common Stock",75.09,70.0,1364231666.0,8430350,49.4,-6.0,5,7,False,False,False,True,True,True,True,False,True,True,True
BHVN,Biohaven Ltd. Common Shares ,14.85,70.0,2243000148.0,40417037,98.5,-20.0,1,8,True,False,False,True,True,True,True,True,True,True,True
TRIN,Trinity Capital Inc. Common Stock,17.84,70.0,1689333360.0,17896170,26.3,-5.6,5,7,False,False,False,True,True,True,True,True,False,True,True
CVLT,"Commvault Systems, Inc. - Common Stock",146.41,69.9,6067898615.0,81528995,104.1,-25.6,1,6,False,False,False,True,True,True,True,True,True,False,False
POWL,"Powell Industries, Inc. - Common Stock",191.9,69.9,6991409032.0,134837337,107.9,-41.5,5,3,False,False,False,False,True,True,False,False,True,False,False
WIX,Wix.com Ltd. - Ordinary Shares,80.1,69.8,3352145831.0,109736930,99.5,-56.9,0,3,False,False,False,True,False,False,False,True,True,False,False
KO,Coca-Cola Company (The) Common Stock,88.61,69.8,381248888422.0,1401983306,35.6,-4.2,5,7,False,False,False,True,True,True,True,True,True,True,False
NEU,NewMarket Corp Common Stock,888.78,69.8,8173581725.0,109809624,53.2,-9.5,2,7,False,False,False,True,True,True,True,True,True,True,False
GO,Grocery Outlet Holding Corp. - Common Stock,11.49,69.7,1138480813.0,27202222,103.2,-32.4,1,4,False,False,False,True,False,True,False,True,True,False,False
SEI,"Solaris Energy Infrastructure, Inc. Class A Common Stock",65.67,69.7,5028114963.0,188850387,85.5,-23.8,5,6,False,False,False,True,True,True,False,True,True,True,False
CNMD,CONMED Corporation Common Stock,46.17,69.6,1382849120.0,21274560,46.9,-14.0,2,4,False,False,False,True,False,True,False,False,True,True,False
IMO,Imperial Oil Limited Common Stock,124.28,69.6,60100938040.0,70442578,49.2,-10.9,5,5,False,False,False,False,True,True,True,False,True,True,False
TRNS,"Transcat, Inc. - Common Stock",91.83,69.5,862127038.0,10638943,82.8,-8.2,4,7,False,False,False,True,True,True,True,True,True,True,False
BAX,Baxter International Inc. Common Stock,23.68,69.5,12242465256.0,165541371,50.5,-21.1,2,6,False,False,False,True,True,True,True,False,True,True,False
SOLV,Solventum Corporation Common Stock,88.75,69.5,15107355949.0,94284172,42.3,-5.7,4,5,False,False,False,True,False,True,False,True,True,True,False
BCH,Banco De Chile ADS,42.29,69.4,21360061820.0,11610140,44.0,-9.6,5,7,False,False,False,True,True,True,True,True,True,True,False
BMO,Bank Of Montreal Common Stock,174.35,69.4,121189331521.0,138879285,45.5,-6.9,5,6,False,False,False,True,True,True,True,False,True,True,False
KNX,Knight-Swift Transportation Holdings Inc.,67.09,69.3,10919300040.0,256340685,73.7,-19.0,5,5,False,False,False,False,True,True,True,False,True,True,False
MET,"MetLife, Inc. Common Stock",95.92,69.3,60954946838.0,329626645,42.5,-5.0,5,7,False,False,False,True,True,True,True,True,True,True,False
PKE,Park Aerospace Corp. Common Stock,29.94,69.3,651231257.0,9098000,64.1,-24.9,5,5,False,False,False,False,True,True,True,False,True,True,False
OSBC,"Old Second Bancorp, Inc. - Common Stock",24.65,69.2,1254086399.0,10914689,48.0,-5.4,5,6,False,False,False,True,True,True,True,False,True,True,False
CNO,"CNO Financial Group, Inc. Common Stock",53.96,69.2,4992453179.0,47813715,41.2,-6.3,5,6,False,False,False,True,True,True,True,False,True,True,False
BMY,Bristol-Myers Squibb Company Common Stock,62.25,69.1,127158987336.0,687498641,46.4,-9.3,5,6,False,False,False,True,True,True,True,False,True,True,False
XPRO,Expro Ltd Ordinary Shares,16.38,69.1,1857414736.0,15406885,41.2,-14.8,5,5,False,False,False,False,True,True,True,False,True,True,False
ABBV,AbbVie Inc. Common Stock,265.21,69.0,468657175155.0,1247326317,39.0,-0.8,5,7,False,False,False,True,True,True,True,True,True,True,False
CDE,"Coeur Mining, Inc. Common Stock",20.49,69.0,21062388109.0,654700812,51.2,-26.2,1,4,False,False,False,True,False,True,False,True,True,False,False
LTC,"LTC Properties, Inc. Common Stock",42.42,69.0,2286673982.0,24127580,26.1,-2.7,5,6,False,False,False,True,True,True,True,True,False,True,False
ABNB,"Airbnb, Inc. - Class A Common Stock",161.81,68.9,96889511204.0,793246359,46.0,-16.4,5,6,False,False,False,True,True,True,True,False,True,True,False
ETN,"Eaton Corporation, PLC Ordinary Shares",442.49,68.9,171863116000.0,904232722,41.9,-7.4,5,7,False,False,False,True,True,True,True,True,True,True,False
SIBN,"SI-BONE, Inc. - Common Stock",18.81,68.8,843037396.0,9883372,63.9,-14.1,3,5,False,False,False,True,False,True,False,True,True,True,False
MTD,"Mettler-Toledo International, Inc. Common Stock",1490.76,68.8,29869700695.0,260823867,45.7,-2.3,0,4,False,False,False,True,False,False,False,True,True,True,False
WBI,WaterBridge Infrastructure LLC Class A Shares Representing Limited Liability Company Interests,29.56,68.8,3649365538.0,20409194,58.6,-19.9,2,5,False,False,False,False,True,True,True,False,True,True,False
SPSC,"SPS Commerce, Inc. - Common Stock",81.48,68.7,2933294178.0,43259242,66.2,-29.1,1,4,False,False,False,True,False,True,False,True,True,False,False
SRRK,Scholar Rock Holding Corporation - Common Stock,51.19,68.7,6234188586.0,75365850,89.1,-17.1,5,6,False,False,False,True,True,True,True,False,True,True,False
PRGS,Progress Software Corporation - Common Stock,40.62,68.6,1665945704.0,21494583,70.5,-14.2,1,4,False,False,False,True,False,True,False,False,True,True,False
APLE,"Apple Hospitality REIT, Inc. Common Shares",15.78,68.6,3725384974.0,43819655,45.4,-8.7,5,6,False,False,False,True,True,True,True,False,True,True,False
FCFS,"FirstCash Holdings, Inc. - Common Stock",220.87,68.5,9579529466.0,95207735,51.9,-7.6,5,7,False,False,False,True,True,True,True,True,True,True,False
ROST,"Ross Stores, Inc. - Common Stock",232.51,68.5,74276042606.0,564704846,61.8,-9.5,5,6,False,False,False,True,True,True,True,False,True,True,False
CRBG,Corebridge Financial Inc. Common Stock,33.84,68.5,15084942144.0,143365321,52.5,-5.1,2,5,False,False,False,True,False,True,False,True,True,True,False
GLBE,Global-E Online Ltd. - ordinary shares,41.55,68.4,6962462366.0,58198132,54.8,-5.5,3,5,False,False,False,True,False,True,False,True,True,True,False
CACI,"CACI International, Inc. Class A Common Stock",613.22,68.4,13551914872.0,165376121,41.1,-10.3,2,5,False,False,False,True,False,True,False,True,True,True,False
JBIO,"Jade Biosciences, Inc. - Common Stock",16.76,68.3,1065892206.0,17724778,129.9,-40.1,5,4,False,False,False,False,True,True,True,False,True,False,False
PCTY,Paylocity Holding Corporation - Common Stock,145.71,68.3,7730930079.0,101308377,56.7,-14.1,1,5,False,False,False,True,False,True,False,True,True,True,False
HG,"Hamilton Insurance Group, Ltd. Class B Common Shares",33.74,68.3,2807530266.0,13918403,48.9,-9.6,5,6,False,False,False,True,True,True,True,False,True,True,False
SHC,Sotera Health Company - Common Stock,18.69,68.2,5333654919.0,49169484,42.8,-5.8,5,5,False,False,False,True,False,True,False,True,True,True,False
AGRO,Adecoagro S.A. Common Shares,10.93,68.2,1577291533.0,8698828,58.6,-31.2,5,4,False,False,False,False,True,True,False,True,True,False,False
ETSY,"Etsy, Inc. Common Stock",75.14,68.1,6896480545.0,246159807,70.8,-14.6,5,6,False,False,False,True,True,True,True,False,True,True,False
VRT,"Vertiv Holdings, LLC Class A Common Stock",253.46,68.1,97579102329.0,1452803842,89.4,-33.3,5,3,False,False,False,False,True,True,False,False,True,False,False
TILE,"Interface, Inc. - Common Stock",35.23,68.0,2036310206.0,17128455,44.4,-13.0,5,6,False,False,False,True,True,True,True,False,True,True,False
CLS,"Celestica, Inc. Common Stock",356.09,68.0,40940773672.0,858570763,56.9,-24.9,0,5,False,False,False,True,True,False,False,True,True,True,False
SBH,"Sally Beauty Holdings, Inc. (Name to be changed from Sally Holdings, Inc.) Common Stock",16.96,68.0,1587834072.0,21166396,47.0,-5.4,2,5,False,False,False,True,False,True,False,True,True,True,False
NVTS,Navitas Semiconductor Corporation - Common Stock,12.46,67.9,3253224860.0,161020708,100.3,-63.5,5,4,False,False,False,False,True,True,False,True,True,False,False
VRSN,"VeriSign, Inc. - Common Stock",299.42,67.9,27037626000.0,225406479,43.4,-4.2,2,7,False,False,False,True,True,True,True,True,True,True,False
CBIO,"Crescent Biopharma, Inc. - Common Stock",16.44,67.8,610646374.0,6694490,88.5,-40.0,5,3,False,False,False,False,True,True,False,False,True,False,False
CAT,"Caterpillar, Inc. Common Stock",808.01,67.8,371421907061.0,2282189529,75.8,-24.7,5,5,False,False,False,False,True,True,True,False,True,True,False
RAMP,"LiveRamp Holdings, Inc. Common Stock",37.55,67.8,2282851574.0,39180296,73.0,-1.8,4,6,False,False,False,True,True,True,True,False,True,True,False
MSFT,Microsoft Corporation - Common Stock,498.0,67.7,3697921654518.0,13476104722,42.6,-10.1,1,5,False,False,False,True,False,True,False,True,True,True,False
APH,Amphenol Corporation Common Stock,82.84,67.7,204280699156.0,1004779079,40.4,-7.2,5,7,False,False,False,True,True,True,True,True,True,True,False
MSTR,Strategy Inc - Class A Common Stock,167.33,67.6,64292494915.0,2697601127,104.5,-54.2,0,3,False,False,False,True,False,False,False,True,True,False,False
BSAC,Banco Santander - Chile ADS,35.07,67.6,16522014167.0,9930522,35.7,-7.0,5,7,False,False,False,True,True,True,True,True,True,True,False
LH,Labcorp Holdings Inc. Common Stock,311.54,67.6,25265894000.0,238267660,27.4,-8.9,2,5,False,False,False,True,True,True,True,False,False,True,False
PSMT,"PriceSmart, Inc. - Common Stock",172.81,67.5,5333007152.0,42782807,54.7,-13.5,5,6,False,False,False,True,True,True,True,False,True,True,False
WSFS,WSFS Financial Corporation - Common Stock,76.89,67.5,3928356618.0,30949215,54.0,-7.3,5,6,False,False,False,True,True,True,True,False,True,True,False
CVLG,"Covenant Logistics Group, Inc. Class A Common Stock",34.34,67.4,871472897.0,8439222,90.8,-31.2,5,4,False,False,False,False,True,True,True,False,True,False,False
WELL,Welltower Inc. Common Stock,230.39,67.4,166052429261.0,683113094,40.7,-9.7,5,6,False,False,False,True,True,True,True,False,True,True,False
JBHT,"J.B. Hunt Transport Services, Inc. - Common Stock",237.41,67.3,22296345668.0,279425662,82.5,-20.8,5,5,False,False,False,False,True,True,True,False,True,True,False
RS,"Reliance, Inc. Common Stock",386.95,67.3,19755560057.0,134447634,48.6,-10.6,5,6,False,False,False,True,True,True,True,False,True,True,False
SPNT,SiriusPoint Ltd. Common Shares,25.48,67.3,2959884608.0,19253486,48.4,-3.8,5,7,False,False,False,True,True,True,True,True,True,True,False
ARQT,"Arcutis Biotherapeutics, Inc. - Common stock",27.78,67.2,3491722677.0,57477473,67.7,-12.6,0,4,False,False,False,True,False,False,False,True,True,True,False
IEX,IDEX Corporation Common Stock,225.69,67.2,16637843328.0,146251104,42.7,-7.4,5,6,False,False,False,True,True,True,True,False,True,True,False
ASTH,Astrana Health Inc. - Common Stock,35.11,67.1,1741609290.0,18685069,94.2,-32.0,5,5,False,False,False,True,True,True,True,False,True,False,False
COKE,"Coca-Cola Consolidated, Inc. - Common Stock",190.98,67.1,12712448868.0,95663505,70.3,-13.1,5,6,False,False,False,True,True,True,False,True,True,True,False
FRHC,Freedom Holding Corp. - Common Stock,171.16,67.1,10917896913.0,17724469,58.5,-3.5,1,7,False,True,False,True,True,True,True,True,True,True,False
HTO,H2O America  - Common Stock,62.92,67.0,2633630108.0,27230847,43.8,-6.2,5,6,False,False,False,True,True,True,True,False,True,True,False
ZVRA,"Zevra Therapeutics, Inc.  - Common Stock",11.58,67.0,687664184.0,12567775,54.2,-23.0,4,6,False,False,False,True,True,True,True,False,True,True,False
GCO,Genesco Inc. Common Stock,35.08,66.9,379570932.0,7572986,60.0,-19.5,5,6,False,False,False,True,True,True,True,False,True,True,False
RHP,"Ryman Hospitality Properties, Inc. (REIT)",121.55,66.9,8384926800.0,91975753,45.0,-11.6,5,6,False,False,False,True,True,True,True,False,True,True,False
CSX,CSX Corporation - Common Stock,46.59,66.8,86306806383.0,584526704,41.9,-13.1,5,6,False,False,False,True,True,True,True,False,True,True,False
PEBO,Peoples Bancorp Inc. - Common Stock,38.84,66.8,1395999515.0,11923853,41.3,-8.2,5,6,False,False,False,True,True,True,True,False,True,True,False
DCOM,"Dime Commercial Bancshares, Inc. Common Stock",40.54,66.8,1790108361.0,12461033,58.2,-3.4,5,7,False,False,False,True,True,True,True,True,True,True,False
DVA,DaVita Inc. Common Stock,183.72,66.7,11721336000.0,161919090,81.9,-25.8,5,4,False,False,False,False,True,True,True,False,True,False,False
ELV,"Elevance Health, Inc. Common Stock",402.43,66.7,87274708375.0,483340790,46.4,-7.8,5,7,False,False,False,True,True,True,True,True,True,True,False
FTDR,"Frontdoor, Inc. - Common Stock",77.19,66.6,5317875062.0,40689287,59.3,-17.4,5,6,False,False,False,True,True,True,True,False,True,True,False
PGY,Pagaya Technologies Ltd. - Class A Ordinary Shares,20.77,66.6,1732754759.0,50981708,99.7,-50.8,0,3,False,False,False,True,False,False,False,True,True,False,False
HIW,"Highwoods Properties, Inc. Common Stock",30.75,66.6,3391915988.0,39441828,50.4,-13.2,3,6,False,False,False,True,True,True,True,False,True,True,False
ICUI,"ICU Medical, Inc. - Common Stock",160.98,66.5,4025632977.0,47866996,43.1,-16.5,4,4,False,False,False,True,False,True,False,False,True,True,False
RY,Royal Bank Of Canada Common Stock,203.83,66.5,282188325930.0,268938140,42.4,-6.7,5,6,False,False,False,True,True,True,True,False,True,True,False
CLPT,ClearPoint Neuro Inc. - Common Stock,15.79,66.4,481661744.0,8689668,90.9,-47.5,0,3,False,False,False,True,False,False,False,True,True,False,False
KMX,CarMax Inc,56.84,66.4,8066226697.0,126524336,87.8,-12.9,2,6,False,False,False,True,True,True,True,False,True,True,False
TARS,"Tarsus Pharmaceuticals, Inc. - Common Stock",77.08,66.3,3606703311.0,57830668,43.1,-15.8,1,5,False,False,False,True,False,True,False,True,True,True,False
GEV,GE Vernova Inc. Common Stock,950.28,66.3,253091475353.0,2377288245,79.2,-20.5,5,5,False,False,False,False,True,True,True,False,True,True,False
LNG,"Cheniere Energy, Inc. Common Stock",272.96,66.3,56375563768.0,509092958,46.6,-9.3,5,7,False,False,False,True,True,True,True,True,True,True,False
HOPE,"Hope Bancorp, Inc. - Common Stock",13.78,66.2,1760282500.0,13364008,40.6,-5.6,5,6,False,False,False,True,True,True,True,False,True,True,False
LIVN,LivaNova PLC - Ordinary Shares,78.49,66.2,4324289364.0,51889221,60.8,-8.5,5,6,False,False,False,True,True,True,True,False,True,True,False
CGNX,Cognex Corporation - Common Stock,58.97,66.1,9920159963.0,120900107,70.4,-19.1,5,5,False,False,False,False,True,True,True,False,True,True,False
PRAA,"PRA Group, Inc. - Common Stock",20.58,66.1,774795963.0,7715040,100.8,-8.7,3,7,False,False,False,True,True,True,True,True,True,True,False
ABM,ABM Industries Incorporated Common Stock,49.94,66.1,2927212724.0,22322228,35.1,-2.6,3,5,False,False,False,True,False,True,False,True,True,True,False
ITIC,Investors Title Company - Common Stock,292.86,66.0,552918509.0,18046788,39.6,-5.4,5,7,False,False,False,True,True,True,True,True,True,True,False
REX,REX American Resources Corporation,44.25,66.0,1468022070.0,8090603,46.3,-17.1,5,6,False,False,False,True,True,True,False,True,True,True,False
AIR,AAR Corp. Common Stock,117.75,65.9,4740478410.0,57668160,58.6,-23.5,5,5,False,False,False,False,True,True,True,False,True,True,False
USPH,"U.S. Physical Therapy, Inc. Common Stock",83.17,65.9,1241120793.0,16472328,42.9,-11.0,1,5,False,False,False,True,False,True,False,True,True,True,False
MMSI,"Merit Medical Systems, Inc. - Common Stock",87.26,65.8,5210331249.0,72130760,46.1,-7.9,2,5,False,False,False,True,False,True,False,True,True,True,False
IPI,"Intrepid Potash, Inc Common Stock",37.21,65.8,500722840.0,7276148,65.0,-26.1,5,4,False,False,False,False,True,True,False,True,True,False,False
STVN,Stevanato Group S.p.A. Ordinary Shares,21.7,65.8,5924180160.0,8345299,68.3,-22.5,0,4,False,False,False,True,False,False,False,True,True,True,False
SHOO,"Steven Madden, Ltd. - Common Stock",44.45,65.7,3252721873.0,45801807,41.9,-10.6,5,5,False,False,False,True,False,True,False,True,True,True,False
OFG,OFG Bancorp Common Stock,51.7,65.7,2185126040.0,14387118,44.8,-5.1,5,6,False,False,False,True,True,True,True,False,True,True,False
BATRK,"Atlanta Braves Holdings, Inc. - Series C Common Stock",52.835,65.6,3390310838.0,25580907,39.9,-3.0,5,7,False,False,False,True,True,True,True,True,True,True,False
CM,Canadian Imperial Bank of Commerce Common Stock,114.76,65.6,104197046397.0,129130216,45.7,-8.1,5,6,False,False,False,True,True,True,True,False,True,True,False
DVN,Devon Energy Corporation Common Stock,46.93,65.6,51623000000.0,520646510,49.1,-11.0,5,7,False,False,False,True,True,True,True,True,True,True,False
META,"Meta Platforms, Inc. - Class A Common Stock",736.595,65.5,1876480347804.0,11274051057,41.6,-6.3,1,5,False,False,False,True,False,True,False,True,True,True,False
FBP,First BanCorp. New Common Stock,26.91,65.5,4108303092.0,40095990,40.4,-9.9,5,6,False,False,False,True,True,True,True,False,True,True,False
ICLR,ICON plc - Ordinary Shares,167.11,65.4,12795165681.0,132639861,151.0,-18.0,0,3,False,False,False,True,False,False,False,False,True,True,False
BP,BP p.l.c. Common Stock,43.1,65.4,112832800283.0,381742423,31.7,-10.7,5,6,False,False,False,True,True,True,True,False,True,True,False
FLNG,FLEX LNG Ltd. Ordinary Shares,31.38,65.3,1697418759.0,11501168,30.7,-6.0,5,7,False,False,False,True,True,True,True,True,True,True,False
HMC,"Honda Motor Company, Ltd. Common Stock",32.42,65.3,42065819310.0,30387380,39.4,-5.1,1,5,False,False,False,True,False,True,False,True,True,True,False
LXFR,Luxfer Holdings PLC Ordinary Shares,17.29,65.3,462667277.0,6676242,53.6,-11.1,5,7,False,False,False,True,True,True,True,True,True,True,False
AKAM,"Akamai Technologies, Inc. - Common Stock",118.34,65.2,17007423509.0,388609870,67.1,-28.5,5,5,False,False,False,True,True,True,False,True,True,False,False
CLH,"Clean Harbors, Inc. Common Stock",312.85,65.2,16514490537.0,141864468,55.4,-6.9,5,6,False,False,False,True,True,True,True,False,True,True,False
BGC,"BGC Group, Inc. - Class A Common Stock",12.27,65.1,5833974225.0,33948252,48.4,-4.8,5,7,False,False,False,True,True,True,True,True,True,True,False
TFSL,TFS Financial Corporation - Common Stock,16.7,65.1,4683394009.0,15254896,33.2,-14.3,5,6,False,False,False,True,True,True,True,False,True,True,False
TPC,Tutor Perini Corporation Common Stock,85.77,65.1,4508853165.0,64080823,48.1,-16.2,5,6,False,False,False,True,True,True,True,False,True,True,False
ANDE,"The Andersons, Inc. - Common Stock",66.94,65.0,2274324656.0,24986338,77.6,-18.5,5,4,False,False,False,False,True,True,False,False,True,True,False
COLD,"Americold Realty Trust, Inc. Common Stock",14.55,65.0,4153742017.0,55593743,44.1,-13.8,4,6,False,False,False,True,True,True,True,False,True,True,False
QCOM,QUALCOMM Incorporated - Common Stock,198.27,64.9,208229879517.0,2149750464,62.5,-23.7,1,6,False,False,False,True,True,True,False,True,True,True,False
FDS,FactSet Research Systems Inc. Common Stock,276.42,64.9,9831027396.0,246974297,49.4,-13.7,1,4,False,False,False,True,False,True,False,False,True,True,False
GPN,Global Payments Inc. Common Stock,84.78,64.9,22434347104.0,256319592,38.6,-11.6,2,6,False,False,False,True,True,True,True,False,True,True,False
MBWM,Mercantile Bank Corporation - Common Stock,59.12,64.8,1021944122.0,7389067,38.3,-6.1,5,6,False,False,False,True,True,True,True,False,True,True,False
SJM,The J.M. Smucker Company Common Stock,121.11,64.8,12937355693.0,168926821,37.2,-10.9,3,7,False,False,False,True,True,True,True,True,True,True,False
IART,Integra LifeSciences Holdings Corporation - Common Stock,16.02,64.7,1245915546.0,14887994,84.1,-21.8,4,6,False,False,False,True,True,True,True,False,True,True,False
NTRS,Northern Trust Corporation - Common Stock,173.4,64.7,31724510230.0,197670087,43.2,-11.4,5,6,False,False,False,True,True,True,True,False,True,True,False
EHC,Encompass Health Corporation Common Stock,122.76,64.6,12110689420.0,106027064,32.3,-4.1,1,7,False,False,False,True,True,True,True,True,True,True,False
SNDR,"Schneider National, Inc. Common Stock",32.5,64.6,5697279218.0,27622750,61.6,-17.2,5,6,False,False,False,True,True,True,True,False,True,True,False
THG,Hanover Insurance Group Inc,218.41,64.6,7605084469.0,71582315,31.1,-7.5,5,6,False,False,False,True,True,True,True,False,True,True,False
NIC,Nicolet Bankshares Inc. Common Stock,165.65,64.5,3471612028.0,28780036,45.2,-8.0,5,6,False,False,False,True,True,True,True,False,True,True,False
UNFI,"United Natural Foods, Inc. Common Stock",45.86,64.5,2766141472.0,26881584,59.7,-19.6,5,5,False,False,False,False,True,True,True,False,True,True,False
KMTS,"Kestra Medical Technologies, Ltd. - Common Stock",26.09,64.4,1553967232.0,8934719,50.5,-13.0,0,4,False,False,False,True,False,False,False,True,True,True,False
DAL,"Delta Air Lines, Inc. Common Stock",83.92,64.4,55187724678.0,489075688,52.5,-12.3,5,6,False,False,False,True,True,True,True,False,True,True,False
PLGO,Pelagos Insurance Capital Limited Common Shares,23.56,64.4,2037472216.0,10652151,38.9,-10.6,5,6,False,False,False,True,True,True,True,False,True,True,False
ADX,Adams Diversified Equity Fund Inc.,26.16,64.3,,7304535,25.1,-1.5,5,6,False,False,False,True,True,True,True,True,False,True,False
SNDA,"Sonida Senior Living, Inc. Common Stock",38.12,64.3,1831589379.0,18140466,52.8,-14.1,5,6,False,False,False,True,True,True,True,False,True,True,False
ACT,"Enact Holdings, Inc. - Common Stock",47.61,64.2,6545597576.0,19307280,37.4,-5.8,5,6,False,False,False,True,True,True,True,False,True,True,False
SBSW,D/B/A Sibanye-Stillwater Limited ADS,11.41,64.2,8074193121.0,55824977,45.0,-46.4,1,3,False,False,False,False,False,True,False,True,True,False,False
NWBI,"Northwest Bancshares, Inc. - Common Stock",15.21,64.1,2227643246.0,15828446,35.2,-5.9,5,6,False,False,False,True,True,True,True,False,True,True,False
B,Barrick Mining Corporation Common Shares,43.88,64.1,72221408306.0,415425377,44.6,-19.8,5,5,False,False,False,True,False,True,False,True,True,True,False
GRND,Grindr Inc. Common Stock,15.96,64.1,2774177207.0,23900543,64.0,-13.7,2,7,False,False,False,True,True,True,True,True,True,True,False
HSTM,"HealthStream, Inc. - Common Stock",29.01,64.0,887586682.0,5615150,48.8,-6.8,2,7,False,False,False,True,True,True,True,True,True,True,False
CLF,Cleveland-Cliffs Inc. Common Stock,12.53,64.0,7148866789.0,217714020,62.1,-25.0,1,5,False,False,False,True,False,True,False,True,True,True,False
TECX,"Tectonic Therapeutic, Inc. - Common Stock",26.5,63.9,518058199.0,6501842,84.2,-33.0,5,4,False,False,False,False,True,True,True,False,True,False,False
DAN,Dana Incorporated Common Stock ,30.21,63.9,3249891473.0,40831742,70.3,-23.6,5,5,False,False,False,False,True,True,False,True,True,True,False
WNC,Wabash National Corporation Common Stock,12.12,63.9,493734537.0,13782355,82.8,-16.2,3,6,False,False,False,True,True,True,True,False,True,True,False
CTRN,"Citi Trends, Inc. - Common Stock",54.03,63.8,450580321.0,11017062,82.5,-30.7,5,4,False,False,False,False,True,True,True,False,True,False,False
CHE,Chemed Corp,496.62,63.8,6490804032.0,83926235,36.0,-10.8,3,6,False,False,False,True,True,True,True,False,True,True,False
GSBC,"Great Southern Bancorp, Inc. - Common Stock",78.42,63.7,854582499.0,8071010,45.9,-5.4,5,6,False,False,False,True,True,True,True,False,True,True,False
VRTX,Vertex Pharmaceuticals Incorporated - Common Stock,514.99,63.7,130529841251.0,603047822,37.6,-8.1,4,7,False,False,False,True,True,True,True,True,True,True,False
BLSH,Bullish Ordinary Shares,40.7,63.6,6497397735.0,47865570,98.1,-45.7,0,3,False,False,False,True,False,False,False,True,True,False,False
DNOW,DNOW Inc. Common Stock,15.56,63.6,2813028464.0,37591709,42.3,-9.8,2,5,False,False,False,True,False,True,False,True,True,True,False
PRSU,"Pursuit Attractions and Hospitality, Inc. Common Stock",47.82,63.6,1303771892.0,11524760,49.3,-15.4,5,6,False,False,False,True,True,True,True,False,True,True,False
RDNT,"RadNet, Inc. - Common Stock",73.93,63.5,5818088210.0,53614507,45.5,-13.9,0,4,False,False,False,True,False,False,False,True,True,True,False
EQH,"Equitable Holdings, Inc. Common Stock",52.2,63.5,14252435195.0,149062918,48.3,-5.3,2,5,False,False,False,True,False,True,False,True,True,True,False
ASYS,"Amtech Systems, Inc. - Common Stock",15.3,63.4,267873945.0,6046051,126.7,-40.5,5,3,False,False,False,False,True,True,False,False,True,False,False
EQIX,"Equinix, Inc. - Common Stock",1059.26,63.4,104518970112.0,583857205,47.0,-6.2,5,7,False,False,False,True,True,True,True,True,True,True,False
KWR,Quaker Houghton Common Stock,159.47,63.4,2744112238.0,23954815,42.2,-12.9,5,4,False,False,False,True,False,True,False,False,True,True,False
URI,"United Rentals, Inc. Common Stock",1043.04,63.3,64921405727.0,499682257,48.7,-11.5,5,6,False,False,False,True,True,True,True,False,True,True,False
WTS,"Watts Water Technologies, Inc. Class A Common Stock",354.29,63.3,11827280785.0,71264267,36.3,-10.2,5,6,False,False,False,True,True,True,True,False,True,True,False
CCNE,CNB Financial Corporation - Common Stock,33.72,63.2,998816242.0,5387320,47.9,-6.8,5,6,False,False,False,True,True,True,True,False,True,True,False
PLUS,ePlus inc. - Common Stock,91.58,63.2,2389360480.0,21948758,32.2,-6.7,5,5,False,False,False,True,False,True,False,True,True,True,False
FDX,FedEx Corporation Common Stock,295.94,63.1,70040248534.0,484504395,63.5,-14.3,5,5,False,False,False,False,True,True,True,False,True,True,False
MANU,Manchester United Ltd. Class A Ordinary Shares,20.51,63.1,3536515898.0,6713116,38.1,-16.1,5,6,False,False,False,True,True,True,True,False,True,True,False
NVRI,Enviri Corporation Common Stock,20.6,63.1,580716451.0,7852586,84.8,-14.9,5,6,False,False,False,True,True,True,True,False,True,True,False
SHOP,Shopify Inc. - Class A Subordinate Voting Shares,147.74,63.0,191443120834.0,1336474941,57.2,-18.9,0,4,False,False,False,True,False,False,False,True,True,True,False
CNI,Canadian National Railway Company Common Stock,119.52,63.0,72202032000.0,182531310,31.7,-9.1,5,6,False,False,False,True,True,True,True,False,True,True,False
FMBH,"First Mid Bancshares, Inc. - Common Stock",49.21,62.9,1309080090.0,6596510,44.1,-7.8,5,6,False,False,False,True,True,True,True,False,True,True,False
UVSP,Univest Financial Corporation - Common Stock,41.84,62.9,1153979333.0,10435421,49.2,-8.0,5,6,False,False,False,True,True,True,True,False,True,True,False
AIT,"Applied Industrial Technologies, Inc. Common Stock",329.79,62.9,12114471232.0,97855567,38.4,-12.0,5,6,False,False,False,True,True,True,True,False,True,True,False
MLKN,"MillerKnoll, Inc. - Common Stock",20.29,62.8,1394593848.0,14567794,47.3,-17.9,3,6,False,False,False,True,True,True,True,False,True,True,False
OGC,OceanaGold Corporation Common Shares,29.07,62.8,6518017929.0,16024207,48.7,-32.9,5,3,False,False,False,False,False,True,False,True,True,False,False
CRVL,CorVel Corp. - Common Stock,73.59,62.7,3717514460.0,12411707,64.2,-8.9,0,4,False,False,False,True,False,False,False,True,True,True,False
SRPT,"Sarepta Therapeutics, Inc. - Common Stock",20.81,62.7,2198098307.0,58150679,41.8,-17.8,1,5,False,False,False,True,False,True,False,True,True,True,False
BY,"Byline Bancorp, Inc. Common Stock",37.0,62.6,1671897540.0,10435032,44.7,-7.6,5,6,False,False,False,True,True,True,True,False,True,True,False
GPC,Genuine Parts Company Common Stock,129.59,62.6,17865246039.0,168451184,42.8,-14.5,2,4,False,False,False,True,False,True,False,False,True,True,False
JCI,Johnson Controls International plc Ordinary Share,146.44,62.6,88704780867.0,479826591,40.1,-6.8,5,7,False,False,False,True,True,True,True,True,True,True,False
PFE,"Pfizer, Inc. Common Stock",27.93,62.5,159191883341.0,991241106,18.4,-4.4,5,6,False,False,False,True,True,True,True,True,False,True,False
UNM,Unum Group Common Stock,93.32,62.5,14773190389.0,148480307,35.2,-3.6,5,7,False,False,False,True,True,True,True,True,True,True,False
AME,"AMETEK, Inc.",245.41,62.4,56263001890.0,316820205,36.9,-6.0,5,7,False,False,False,True,True,True,True,True,True,True,False
DOC,"Healthpeak Properties, Inc. Common Stock",20.6,62.4,14204261556.0,112673701,31.2,-10.2,5,6,False,False,False,True,True,True,True,False,True,True,False
OXY,Occidental Petroleum Corporation Common Stock,56.31,62.4,56289580361.0,478600559,45.1,-16.5,5,5,False,False,False,False,True,True,True,False,True,True,False
AMKR,"Amkor Technology, Inc. - Common Stock",54.59,62.3,13563020446.0,266839891,94.8,-43.5,5,4,False,False,False,False,True,True,False,True,True,False,False
DHR,Danaher Corporation Common Stock,221.09,62.3,155423186679.0,977285017,37.4,-8.9,0,4,False,False,False,True,False,False,False,True,True,True,False
BMRN,BioMarin Pharmaceutical Inc. - Common Stock,63.37,62.2,12266769108.0,129425577,28.6,-10.7,3,5,False,False,False,True,True,True,True,False,False,True,False
THFF,First Financial Corporation  - Common Stock,75.72,62.2,900454365.0,8353586,47.9,-10.0,5,6,False,False,False,True,True,True,True,False,True,True,False
MGA,"Magna International, Inc. Common Stock",63.79,62.2,16933332731.0,82849197,48.0,-12.9,5,6,False,False,False,True,True,True,True,False,True,True,False
GABC,"German American Bancorp, Inc. - Common Stock",48.99,62.1,1840985804.0,7157766,31.7,-6.2,5,6,False,False,False,True,True,True,True,False,True,True,False
CFR,"Cullen/Frost Bankers, Inc. Common Stock",156.15,62.1,9704532778.0,92168318,31.2,-8.6,5,6,False,False,False,True,True,True,True,False,True,True,False
HSIC,"Henry Schein, Inc. - Common Stock",87.43,62.0,9743771167.0,104767774,41.1,-5.2,5,6,False,False,False,True,True,True,True,False,True,True,False
WK,Workiva Inc. Class A Common Stock,69.83,62.0,3799903357.0,57347143,61.1,-28.1,0,3,False,False,False,True,False,False,False,True,True,False,False
STBA,"S&T Bancorp, Inc. - Common Stock",49.25,61.9,1736825481.0,13581156,43.3,-7.9,5,6,False,False,False,True,True,True,True,False,True,True,False
EL,"Estee Lauder Companies, Inc. (The) Common Stock",100.29,61.9,36284778284.0,285211536,51.4,-17.6,1,5,False,False,False,True,False,True,False,True,True,True,False
SIG,Signet Jewelers Limited Common Shares,100.42,61.9,3847817542.0,80023468,40.2,-8.9,0,4,False,False,False,True,False,False,False,True,True,True,False
CRDO,Credo Technology Group Holding Ltd - Ordinary Shares,192.56,61.8,36192021330.0,1328443770,122.7,-37.6,5,5,False,False,False,True,True,True,True,False,True,False,False
PM,Philip Morris International Inc Common Stock,190.23,61.8,296495034501.0,900926935,33.9,-8.4,5,7,False,False,False,True,True,True,True,True,True,True,False
CLDX,"Celldex Therapeutics, Inc. - Common Stock",33.51,61.7,2631524617.0,42061504,51.6,-25.8,5,4,False,False,False,False,True,True,True,False,True,False,False
RNR,RenaissanceRe Holdings Ltd. Common Stock,325.9,61.7,13541761929.0,97115772,41.0,-4.2,5,7,False,False,False,True,True,True,True,True,True,True,False
WSM,"Williams-Sonoma, Inc. Common Stock (DE)",232.69,61.7,27406035765.0,249134716,40.6,-8.7,5,7,False,False,False,True,True,True,True,True,True,True,False
ADP,"Automatic Data Processing, Inc. - Common Stock",269.64,61.6,107117924405.0,627461842,43.3,-8.4,1,5,False,False,False,True,False,True,False,True,True,True,False
RUSHA,"Rush Enterprises, Inc. - Class A Common Stock",48.27,61.6,5634574332.0,35520332,58.5,-13.4,5,6,False,False,False,True,True,True,True,False,True,True,False
EBAY,eBay Inc. - Common Stock,109.28,61.5,48629600000.0,519882474,40.0,-8.4,5,7,False,False,False,True,True,True,True,True,True,True,False
SLP,"Simulations Plus, Inc. - Common Stock",18.41,61.5,372339268.0,5041519,66.0,-12.4,4,5,False,False,False,True,False,True,False,True,True,True,False
AIZ,"Assurant, Inc. Common Stock",271.08,61.4,13370686758.0,102916899,31.6,-10.8,5,6,False,False,False,True,True,True,True,False,True,True,False
CTS,CTS Corporation Common Stock,58.95,61.4,1683387695.0,12381214,63.6,-15.2,5,6,False,False,False,True,True,True,True,False,True,True,False
EFOR,"Everforth, Inc. Common Stock",32.28,61.4,1323480000.0,24320156,91.0,-41.2,0,2,False,False,False,False,False,False,False,True,True,False,False
BPOP,"Popular, Inc. - Common Stock",160.19,61.3,10216678075.0,83260368,47.3,-10.6,5,6,False,False,False,True,True,True,True,False,True,True,False
GCMG,GCM Grosvenor Inc. - Class A Common Stock,13.23,61.3,2682939483.0,6828224,42.3,-11.0,3,7,False,False,False,True,True,True,True,True,True,True,False
EGBN,"Eagle Bancorp, Inc. - Common Stock",28.02,61.2,854160923.0,7557566,86.4,-4.3,5,7,False,False,False,True,True,True,True,True,True,True,False
HST,"Host Hotels & Resorts, Inc. - Common Stock",22.28,61.2,15264571610.0,212100136,42.7,-13.3,5,6,False,False,False,True,True,True,True,False,True,True,False
BILL,"BILL Holdings, Inc. Common Stock",46.49,61.2,3964517595.0,108318126,48.0,-18.7,0,3,False,False,False,True,False,False,False,False,True,True,False
HCC,"Warrior Met Coal, Inc. Common Stock",92.1,61.1,4863072213.0,59184239,51.7,-17.3,5,6,False,False,False,True,True,True,True,False,True,True,False
KGS,"Kodiak Gas Services, Inc. Common Stock",54.69,61.1,5529379455.0,107926919,68.0,-29.6,5,3,False,False,False,False,True,True,False,False,True,False,False
WGS,GeneDx Holdings Corp. - Class A Common Stock,90.8,61.0,2707886723.0,54673765,181.9,-46.9,0,3,False,False,False,True,False,False,False,True,True,False,False
UNP,Union Pacific Corporation Common Stock,274.41,61.0,163020257406.0,823593409,27.3,-13.2,5,5,False,False,False,True,True,True,True,False,False,True,False
CATY,Cathay General Bancorp - Common Stock,60.7,60.9,4049528874.0,29377478,36.2,-7.0,5,6,False,False,False,True,True,True,True,False,True,True,False
DNLI,Denali Therapeutics Inc. - Common Stock,21.6,60.9,3452703905.0,35060896,71.7,-20.9,5,5,False,False,False,False,True,True,True,False,True,True,False
FOXA,Fox Corporation - Class A Common Stock,64.25,60.9,27092530214.0,319962911,32.9,-15.9,2,5,False,False,False,True,False,True,False,True,True,True,False
NBTB,NBT Bancorp Inc. - Common Stock,50.85,60.8,2642169102.0,18184315,29.7,-6.7,5,5,False,False,False,True,True,True,True,False,False,True,False
MAC,Macerich Company (The) Common Stock,22.8,60.8,6465153750.0,81083369,42.2,-14.5,5,6,False,False,False,True,True,True,True,False,True,True,False
EXPE,"Expedia Group, Inc. - Common Stock",280.7,60.7,32138996604.0,521471675,51.5,-17.9,5,4,False,False,False,True,False,True,False,False,True,True,False
EQX,Equinox Gold Corp. Common Shares,12.76,60.7,14896787329.0,158994323,50.4,-32.7,1,3,False,False,False,False,False,True,False,True,True,False,False
FCF,First Commonwealth Financial Corporation Common Stock,20.74,60.7,2095899885.0,18278857,38.3,-7.2,5,6,False,False,False,True,True,True,True,False,True,True,False
BUSE,First Busey Corporation - Common Stock,29.71,60.6,2471560075.0,23213398,35.0,-6.3,5,6,False,False,False,True,True,True,True,False,True,True,False
CLSK,"CleanSpark, Inc. - Common Stock",15.14,60.6,3888210485.0,287488154,89.2,-35.9,0,5,False,False,False,True,True,False,True,True,True,False,False
HOG,"Harley-Davidson, Inc. Common Stock",26.03,60.5,2709007357.0,57131035,52.3,-12.9,1,6,False,False,False,True,True,True,True,False,True,True,False
TKR,Timken Company (The) Common Stock,115.52,60.5,8005170841.0,118005212,63.7,-21.1,5,5,False,False,False,False,True,True,True,False,True,True,False
GOOGL,Alphabet Inc. - Class A Common Stock,351.16,60.4,4294686800000.0,9587238873,48.9,-14.1,5,7,False,False,False,True,True,True,True,True,True,True,False
INGM,Ingram Micro Holding Corporation Common Stock,27.24,60.4,6283230265.0,41316427,43.1,-14.0,5,6,False,False,False,True,True,True,True,False,True,True,False
ZGN,Ermenegildo Zegna N.V. Ordinary Shares,12.51,60.4,3356583746.0,15144079,44.8,-21.6,5,5,False,False,False,False,True,True,True,False,True,True,False
EOG,"EOG Resources, Inc. Common Stock",139.52,60.3,73182310636.0,445408839,37.3,-9.5,5,6,False,False,False,True,True,True,True,False,True,True,False
MCK,McKesson Corporation Common Stock,891.23,60.3,103908829216.0,856662545,29.6,-10.8,5,6,False,False,False,True,True,True,True,True,False,True,False
BELFA,Bel Fuse Inc. - Class A Common Stock,203.21,60.2,2934240635.0,31362626,83.6,-30.8,5,3,False,False,False,False,True,True,False,False,True,False,False
ATEN,"A10 Networks, Inc. Common Stock",26.7,60.2,1938660861.0,37292267,61.6,-30.6,5,4,False,False,False,False,True,True,True,False,True,False,False
OKE,"ONEOK, Inc. Common Stock",90.09,60.2,56790003300.0,346452214,40.7,-9.8,5,6,False,False,False,True,True,True,True,False,True,True,False
EMR,Emerson Electric Company Common Stock,154.19,60.1,86007182000.0,393735018,25.7,-7.3,5,6,False,False,False,True,True,True,True,True,False,True,False
PRU,"Prudential Financial, Inc. Common Stock",117.66,60.1,40592700000.0,209950748,28.0,-7.9,4,3,False,False,False,True,False,True,False,False,False,True,False
UBSI,"United Bankshares, Inc. - Common Stock",46.53,60.0,6337970929.0,45993769,36.5,-6.2,5,6,False,False,False,True,True,True,True,False,True,True,False
MUX,McEwen Inc. Common Stock,20.09,60.0,1232693591.0,19562061,39.3,-32.4,1,3,False,False,False,False,False,True,False,True,True,False,False
HAFC,Hanmi Financial Corporation - Common Stock,31.98,59.9,948183175.0,7689575,40.0,-4.5,5,7,False,False,False,True,True,True,True,True,True,True,False
IRM,Iron Mountain Incorporated (Delaware)Common Stock REIT,118.13,59.9,35167633182.0,210683296,51.9,-12.3,5,6,False,False,False,True,True,True,True,False,True,True,False
PSO,"Pearson, Plc Common Stock",15.92,59.9,9579380697.0,12180756,32.4,-10.3,5,6,False,False,False,True,True,True,True,False,True,True,False
SEZL,Sezzle Inc. - Common Stock,110.0,59.8,3704251540.0,87728179,122.2,-43.8,4,4,False,False,False,False,True,True,True,False,True,False,False
HRB,"H&R Block, Inc. Common Stock",42.86,59.8,5283177417.0,101270021,52.2,-26.9,1,3,False,False,False,True,False,True,False,False,True,False,False
CAMT,Camtek Ltd. - Ordinary Shares,151.36,59.7,7045597156.0,67351853,64.7,-29.9,5,4,False,False,False,False,True,True,False,True,True,False,False
QCRH,"QCR Holdings, Inc. - Common Stock",99.36,59.7,1627081007.0,12322097,49.1,-8.1,5,6,False,False,False,True,True,True,True,False,True,True,False
FMX,Fomento Economico Mexicano S.A.B. de C.V. Common Stock,122.03,59.7,41573359540.0,53879532,34.3,-13.7,5,6,False,False,False,True,True,True,True,False,True,True,False
TTEK,"Tetra Tech, Inc. - Common Stock",35.46,59.6,9079335417.0,90960256,37.4,-17.8,2,5,False,False,False,True,False,True,False,True,True,True,False
DXYZ,Destiny Tech100 Inc. Common Stock,30.35,59.6,,32715965,54.0,-58.4,5,4,False,False,False,False,True,True,False,True,True,False,False
NBN,Northeast Bank - Common Stock,131.86,59.5,1072021800.0,14902224,63.3,-7.3,5,7,False,False,False,True,True,True,True,True,True,True,False
NOW,"ServiceNow, Inc. Common Stock",137.0,59.5,141658000000.0,2384312017,68.6,-29.6,0,3,False,False,False,True,False,False,False,True,True,False,False
EE,"Excelerate Energy, Inc. Class A Common Stock",34.46,59.4,3907836538.0,14754195,45.5,-20.2,5,5,False,False,False,False,True,True,True,False,True,True,False
FLR,Fluor Corporation Common Stock,54.03,59.4,7226029850.0,130496057,37.4,-7.4,4,7,False,False,False,True,True,True,True,True,True,True,False
KEX,Kirby Corporation Common Stock,132.47,59.4,6994416000.0,67868008,66.6,-16.0,5,5,False,False,False,False,True,True,True,False,True,True,False
SKWD,"Skyward Specialty Insurance Group, Inc. - Common Stock",55.91,59.3,2482207924.0,27231534,37.7,-14.9,3,6,False,False,False,True,True,True,True,False,True,True,False
GM,General Motors Company Common Stock,83.45,59.3,73223331096.0,569024183,53.6,-9.1,5,4,False,False,False,True,False,True,False,False,True,True,False
GOOG,Alphabet Inc. - Class C Capital Stock,347.41,59.2,4248824300000.0,6330919042,46.8,-14.1,5,7,False,False,False,True,True,True,True,True,True,True,False
AWR,American States Water Company Common Stock,84.39,59.2,3344850478.0,21425538,21.5,-8.0,5,5,False,False,False,True,True,True,True,False,False,True,False
PAAS,Pan American Silver Corp. Common Stock,50.85,59.2,21083325300.0,210700361,53.7,-27.3,5,3,False,False,False,False,False,True,False,True,True,False,False
GWW,"W.W. Grainger, Inc. Common Stock",1268.62,59.1,59753197040.0,346827778,39.9,-10.7,5,6,False,False,False,True,True,True,True,False,True,True,False
LION,Lionsgate Studios Corp Common Shares,11.36,59.1,3380277965.0,32514298,93.4,-32.0,5,4,False,False,False,False,True,True,True,False,True,False,False
FOX,Fox Corporation - Class B Common Stock,57.32,59.0,24170332013.0,66741280,30.0,-15.9,2,5,False,False,False,True,False,True,False,True,True,True,False
SWBI,"Smith & Wesson Brands, Inc. - Common Stock",14.06,59.0,630445901.0,7580570,72.7,-19.9,5,5,False,False,False,False,True,True,False,True,True,True,False
WFG,West Fraser Timber Co. Ltd Common stock,74.32,59.0,5819540051.0,16199006,29.6,-3.5,2,6,False,False,False,True,True,True,True,True,False,True,False
ESLT,Elbit Systems Ltd. - Ordinary Shares,744.75,58.9,34637527852.0,59605865,64.4,-26.7,5,3,False,False,False,False,True,True,False,False,True,False,False
GOOD,Gladstone Commercial Corporation - Real Estate Investment Trust,12.77,58.9,618163788.0,5083470,23.6,-3.8,4,6,False,False,False,True,True,True,True,True,False,True,False
ACAD,ACADIA Pharmaceuticals Inc. - Common Stock,26.41,58.8,4550588730.0,44725842,34.1,-14.7,3,4,False,False,False,True,False,True,False,False,True,True,False
VECO,Veeco Instruments Inc. - Common Stock,44.36,58.8,2711710830.0,35695929,70.6,-48.8,5,3,False,False,False,False,True,True,False,False,True,False,False
INDV,"Indivior Pharmaceuticals, Inc.  - Common Stock",36.19,58.7,4271575691.0,81006722,62.3,-15.5,5,6,False,False,False,True,True,True,True,False,True,True,False
GHM,Graham Corporation Common Stock,86.94,58.7,1020417649.0,20430504,76.7,-30.9,5,4,False,False,False,False,True,True,True,False,True,False,False
SW,Smurfit WestRock plc Ordinary Shares,46.45,58.7,24364089077.0,220299648,41.9,-11.8,3,7,False,False,False,True,True,True,True,True,True,True,False
RACE,Ferrari N.V. Common Shares,413.32,58.6,96693954793.0,168388856,32.3,-18.1,1,7,False,False,False,True,True,True,True,True,True,True,False
UHAL,U-Haul Holding Company Common Stock,62.07,58.6,12066004235.0,10959660,48.0,-18.8,3,6,False,False,False,True,True,True,True,False,True,True,False
APPF,"AppFolio, Inc. - Class A Common Stock",206.27,58.5,7305462940.0,76652381,44.7,-27.8,0,3,False,False,False,True,False,False,False,True,True,False,False
MPTI,"M-tron Industries, Inc. Common Stock",74.29,58.5,322899702.0,14402756,70.6,-29.1,5,4,False,False,False,False,True,True,True,False,True,False,False
RXO,"RXO, Inc. Common Stock",19.79,58.5,3263888073.0,41731291,89.8,-33.8,5,4,False,False,False,False,True,True,True,False,True,False,False
FSBC,Five Star Bancorp - Common Stock,44.17,58.4,1083782240.0,9446067,44.0,-12.1,5,6,False,False,False,True,True,True,True,False,True,True,False
NTB,Bank of N.T. Butterfield & Son Limited (The) Voting Ordinary Shares,58.55,58.4,2342000000.0,10430461,44.2,-8.8,5,6,False,False,False,True,True,True,True,False,True,True,False
WABC,Westamerica Bancorporation - Common Stock,59.04,58.3,1364482473.0,11038830,31.4,-7.2,5,6,False,False,False,True,True,True,True,False,True,True,False
PATH,"UiPath, Inc. Class A Common Stock",13.25,58.3,6905309169.0,1006246534,44.0,-33.2,1,3,False,False,False,True,False,True,False,False,True,False,False
BFST,"Business First Bancshares, Inc. - Common Stock",30.67,58.2,998304912.0,6889738,35.9,-5.7,5,6,False,False,False,True,True,True,True,False,True,True,False
NWSA,News Corporation - Class A Common Stock,29.25,58.2,15825789662.0,113708896,31.8,-7.6,2,7,False,False,False,True,True,True,True,True,True,True,False
CAH,"Cardinal Health, Inc. Common Stock",222.04,58.2,51641114645.0,437676990,52.2,-14.0,5,6,False,False,False,True,True,True,True,False,True,True,False
PGNY,"Progyny, Inc. - Common Stock",26.24,58.1,2013311180.0,31453274,63.0,-20.6,4,4,False,False,False,True,False,True,False,False,True,True,False
CTO,"CTO Realty Growth, Inc. Common Stock",20.38,58.1,763953553.0,7896174,35.2,-10.3,5,6,False,False,False,True,True,True,True,False,True,True,False
MNST,Monster Beverage Corporation - Common Stock,44.27,58.0,130090962498.0,496693671,40.5,-11.8,5,6,False,False,False,True,True,True,True,False,True,True,False
NBBK,"NB Bancorp, Inc. - Common Stock",22.78,58.0,998185202.0,7324311,35.3,-2.9,5,7,False,False,False,True,True,True,True,True,True,True,False
NPO,Enpro Inc. Common Stock,300.76,58.0,6366391738.0,58022072,48.9,-23.0,5,5,False,False,False,False,True,True,True,False,True,True,False
GLNG,Golar LNG Limited - Common Shares,50.42,57.9,5122130893.0,66957470,44.0,-12.8,5,5,False,False,False,False,True,True,True,False,True,True,False
TFPM,Triple Flag Precious Metals Corp. Common Shares,33.73,57.9,6968749952.0,17030988,26.8,-19.1,5,4,False,False,False,True,False,True,False,True,False,True,False
CHCO,City Holding Company - Common Stock,139.59,57.8,1960563884.0,17225076,23.3,-6.3,5,5,False,False,False,True,True,True,True,False,False,True,False
BWA,BorgWarner Inc. Common Stock,61.11,57.8,12446050893.0,141247959,50.9,-22.5,5,5,False,False,False,False,True,True,True,False,True,True,False
GEN,Gen Digital Inc. - Common Stock,27.29,57.7,16335440103.0,161084724,53.5,-13.8,2,4,False,False,False,True,False,True,False,False,True,True,False
ITT,ITT Inc. Common Stock ,208.63,57.7,18651522000.0,172641611,25.0,-9.4,5,6,False,False,False,True,True,True,True,True,False,True,False
SAP,SAP  SE ADS,210.68,57.7,258821271598.0,532701707,45.3,-25.1,0,3,False,False,False,True,False,False,False,True,True,False,False
EPD,Enterprise Products Partners L.P. Common Stock,38.01,57.6,82081727194.0,113227794,26.7,-5.4,5,5,False,False,False,True,True,True,True,False,False,True,False
MOH,Molina Healthcare Inc Common Stock,191.19,57.6,9980118000.0,203671632,57.9,-21.9,4,6,False,False,False,True,True,True,True,False,True,True,False
FAST,Fastenal Company - Common Stock,50.08,57.5,57466678456.0,362669504,28.5,-5.4,2,6,False,False,False,True,True,True,True,True,False,True,False
WSBC,"WesBanco, Inc. - Common Stock",38.49,57.5,3691417668.0,39677061,30.2,-10.5,5,6,False,False,False,True,True,True,True,False,True,True,False
CNNE,"Cannae Holdings, Inc. Common Stock",15.64,57.5,678372910.0,7572608,49.5,-18.2,0,4,False,False,False,True,False,False,False,True,True,True,False
SONO,"Sonos, Inc. - Common Stock",16.85,57.4,1993253546.0,29453976,35.5,-15.0,0,4,False,False,False,True,False,False,False,True,True,True,False
JBL,Jabil Inc. Common Stock,308.98,57.4,32377114759.0,334977207,63.0,-28.0,5,3,False,False,False,False,True,True,False,False,True,False,False
SLG,SL Green Realty Corp Common Stock,52.48,57.3,3718203119.0,50086330,50.9,-15.7,2,6,False,False,False,True,True,True,True,False,True,True,False
XYZ,"Block, Inc. Class A Common Stock,",77.53,57.3,46579636350.0,365730436,60.8,-10.8,3,6,False,False,False,True,True,True,True,False,True,True,False
AMZN,"Amazon.com, Inc. - Common Stock",254.98,57.2,2750294234589.0,10312664402,30.1,-11.2,5,6,False,False,False,True,True,True,True,False,True,True,False
CSTM,Constellium SE Ordinary Shares (France),25.33,57.2,3432917350.0,42574695,76.0,-31.5,5,3,False,False,False,False,True,True,False,False,True,False,False
DBRG,"DigitalBridge Group, Inc.",15.98,57.2,2996174590.0,67931197,78.7,-0.1,5,7,False,True,False,True,True,True,True,True,True,True,False
INOD,Innodata Inc. - Common Stock,69.97,57.1,2405754090.0,79206359,104.4,-44.1,0,4,False,False,False,True,True,False,False,True,True,False,False
MH,"McGraw Hill, Inc. Common Stock",13.54,57.1,2590321342.0,7250373,51.4,-24.8,0,4,False,False,False,True,False,False,False,True,True,True,False
KDP,Keurig Dr Pepper Inc. - Common Stock,31.51,57.0,42879628457.0,349214929,26.6,-6.8,3,6,False,False,False,True,True,True,True,True,False,True,False
PNRG,PrimeEnergy Resources Corporation - Common Stock,199.35,57.0,315491310.0,18146029,57.7,-28.5,5,3,False,False,False,False,True,True,False,False,True,False,False
VCEL,Vericel Corporation - Common Stock,40.22,57.0,2059530015.0,21564085,38.9,-18.5,3,6,False,False,False,True,True,True,True,False,True,True,False
ALRM,"Alarm.com Holdings, Inc. - Common Stock",53.16,56.9,2609636520.0,22855849,28.1,-8.6,2,3,False,False,False,True,False,True,False,False,False,True,False
BUD,Anheuser-Busch Inbev SA Sponsored ADR (Belgium),78.2,56.9,154220804823.0,166280760,34.1,-9.7,5,6,False,False,False,True,True,True,True,False,True,True,False
FBNC,First Bancorp - Common Stock,63.02,56.8,2607403407.0,14851660,37.1,-5.6,5,6,False,False,False,True,True,True,True,False,True,True,False
SFST,"Southern First Bancshares, Inc. - Common Stock",60.51,56.8,573135895.0,6589759,47.9,-7.0,5,6,False,False,False,True,True,True,True,False,True,True,False
NXG,NXG NextGen Infrastructure Income Fund Common Shares of Beneficial Interest,56.08,56.7,145904121.0,5846875,19.1,-14.7,5,5,False,False,False,True,True,True,True,False,False,True,False
OUT,OUTFRONT Media Inc. Common Stock,28.19,56.7,4965252726.0,51662305,66.1,-19.4,5,5,False,False,False,False,True,True,True,False,True,True,False
ST,Sensata Technologies Holding plc Ordinary Shares,42.16,56.7,6135791942.0,67873571,49.7,-21.8,5,5,False,False,False,False,True,True,True,False,True,True,False
CSW,"CSW Industrials, Inc. Common Stock",303.12,56.6,4938881779.0,46356323,31.5,-14.7,4,4,False,False,False,True,False,True,False,False,True,True,False
CUZ,Cousins Properties Incorporated Common Stock,28.9,56.6,4756999476.0,44843532,37.4,-12.3,4,6,False,False,False,True,True,True,True,False,True,True,False
SIRI,SiriusXM Holdings Inc. - Common Stock,26.53,56.5,8942384618.0,116107192,34.2,-18.8,5,5,False,False,False,False,True,True,True,False,True,True,False
HRI,Herc Holdings Inc. Common Stock ,144.07,56.5,4816468137.0,92655268,62.9,-23.5,4,4,False,False,False,True,False,True,False,False,True,True,False
HTGC,"Hercules Capital, Inc. Common Stock",17.22,56.5,3222964080.0,26107815,25.7,-11.5,2,4,False,False,False,True,False,True,False,True,False,True,False
MKTX,"MarketAxess Holdings, Inc. - Common Stock",163.43,56.4,5751574176.0,180916434,50.3,-16.6,1,5,False,False,False,True,False,True,False,True,True,True,False
CALY,Callaway Golf Company Common Stock,14.81,56.4,2643740816.0,32785486,76.5,-27.0,5,4,False,False,False,False,True,True,True,False,True,False,False
ITRN,Ituran Location and Control Ltd. - Ordinary Shares,52.6,56.3,1046402308.0,7043584,54.8,-23.0,5,4,False,False,False,False,True,True,False,False,True,True,False
JANX,"Janux Therapeutics, Inc. - Common Stock",17.47,56.3,1068059424.0,14348304,44.1,-50.6,0,5,False,False,False,True,True,False,True,True,True,False,False
EG,"Everest Group, Ltd. Common Stock",370.96,56.3,14223620605.0,138347169,22.7,-7.5,5,5,False,False,False,True,True,True,True,False,False,True,False
KGC,Kinross Gold Corporation Common Stock,28.7,56.2,34270670000.0,214655217,30.4,-26.6,5,3,False,False,False,False,False,True,False,True,True,False,False
UBS,UBS Group AG Registered Ordinary Shares,49.19,56.2,152657980390.0,94269933,35.5,-12.1,5,6,False,False,False,True,True,True,True,False,True,True,False
AVPT,"AvePoint, Inc. - Class A Common Stock",13.1,56.1,2771507081.0,25305696,48.3,-17.6,1,4,False,False,False,True,False,True,False,False,True,True,False
ESTA,Establishment Labs Holdings Inc. - Common Shares,70.24,56.1,2093284824.0,35372969,88.0,-28.0,5,4,False,False,False,False,True,True,True,False,True,False,False
FMNB,Farmers National Banc Corp. - Common Stock,15.32,56.0,907672803.0,6329814,26.4,-6.9,5,5,False,False,False,True,True,True,True,False,False,True,False
NOVT,Novanta Inc. - Common Shares,144.17,56.0,5452187901.0,58883971,46.7,-18.3,5,6,False,False,False,True,True,True,True,False,True,True,False
RDWR,Radware Ltd. - Ordinary Shares,29.64,56.0,1253978591.0,7937811,36.7,-9.6,4,7,False,False,False,True,True,True,True,True,True,True,False
CTNM,"Contineum Therapeutics, Inc. - Common stock",13.4,55.9,504123169.0,6944501,55.8,-24.7,5,5,False,False,False,False,True,True,True,False,True,True,False
HWC,Hancock Whitney Corporation - Common Stock,73.57,55.9,5902010377.0,61974878,36.1,-8.2,5,6,False,False,False,True,True,True,True,False,True,True,False
FANG,"Diamondback Energy, Inc. - Common Stock",184.5,55.8,51664493129.0,470845394,35.5,-14.9,5,5,False,False,False,False,True,True,True,False,True,True,False
SFNC,Simmons First National Corporation - Common Stock,22.5,55.8,3251560253.0,32221072,32.4,-7.5,5,6,False,False,False,True,True,True,True,False,True,True,False
GL,Globe Life Inc. Common Stock,169.43,55.8,13020601805.0,96578391,32.5,-11.5,5,6,False,False,False,True,True,True,True,False,True,True,False
R,"Ryder System, Inc. Common Stock",236.5,55.7,9069034282.0,77848445,50.0,-16.8,5,5,False,False,False,False,True,True,True,False,True,True,False
SHO,"Sunstone Hotel Investors, Inc. Sunstone Hotel Investors, Inc. Common Shares",11.09,55.7,2062118306.0,25887876,27.6,-8.1,5,5,False,False,False,True,True,True,True,False,False,True,False
PAYX,"Paychex, Inc. - Common Stock",114.53,55.6,40770443573.0,336847502,34.0,-12.5,1,4,False,False,False,True,False,True,False,False,True,True,False
AHR,"American Healthcare REIT, Inc. Common Stock",51.69,55.6,12053342988.0,159430149,29.2,-11.9,5,5,False,False,False,True,True,True,True,False,False,True,False
CVBF,CVB Financial Corporation - Common Stock,22.16,55.5,3900103160.0,29289155,23.5,-5.3,5,5,False,False,False,True,True,True,True,False,False,True,False
BG,Bunge Limited Common Shares,110.0,55.5,21133103530.0,182492330,44.7,-18.4,5,4,False,False,False,False,True,True,False,False,True,True,False
DDS,"Dillard's, Inc. Common Stock",650.17,55.5,10155298457.0,95323563,29.2,-12.4,2,4,False,False,False,True,False,True,False,True,False,True,False
ADUS,Addus HomeCare Corporation - Common Stock,114.24,55.4,2133352032.0,25308635,29.9,-8.2,1,3,False,False,False,True,False,True,False,False,False,True,False
SQM,Sociedad Quimica y Minera S.A. Common Stock,70.19,55.4,20048917744.0,73811768,73.0,-28.4,5,3,False,False,False,False,True,True,False,False,True,False,False
FFBC,First Financial Bancorp. - Common Stock,31.33,55.3,3288676890.0,31060597,35.9,-13.6,5,6,False,False,False,True,True,True,True,False,True,True,False
EIG,Employers Holdings Inc Common Stock,48.22,55.3,866055599.0,8528227,35.0,-8.3,4,6,False,False,False,True,True,True,True,False,True,True,False
NATL,NCR Atleos Corporation Common Stock,46.22,55.3,3415516289.0,31001519,38.8,-4.7,5,6,False,False,False,True,True,True,True,False,True,True,False
ICFI,"ICF International, Inc. - Common Stock",83.58,55.2,1498914025.0,17812885,42.1,-14.7,1,4,False,False,False,True,False,True,False,False,True,True,False
CURB,Curbline Properties Corp. Common Stock,28.8,55.2,3313095120.0,43396839,30.4,-10.4,5,6,False,False,False,True,True,True,True,False,True,True,False
BFC,Bank First Corporation - Common Stock,150.83,55.1,1672042104.0,12365985,26.7,-5.2,5,5,False,False,False,True,True,True,True,False,False,True,False
PKG,Packaging Corporation of America Common Stock,238.23,55.1,21225887771.0,152591631,24.4,-8.4,5,5,False,False,False,True,True,True,True,False,False,True,False
TYRA,"Tyra Biosciences, Inc. - Common Stock",25.57,55.0,1758089360.0,22406213,106.5,-37.1,5,3,False,False,False,False,True,True,False,False,True,False,False
MSI,"Motorola Solutions, Inc. Common Stock",456.7,55.0,75581012980.0,436347086,27.1,-7.7,2,6,False,False,False,True,True,True,True,True,False,True,False
SOBO,South Bow Corporation Common Shares,34.6,55.0,7217028094.0,20143270,38.3,-11.3,5,5,False,False,False,False,True,True,True,False,True,True,False
CPF,Central Pacific Financial Corp New,36.76,54.9,946475600.0,6276307,34.3,-10.3,5,6,False,False,False,True,True,True,True,False,True,True,False
ENS,EnerSys Common Stock,179.76,54.9,6483084666.0,98020607,66.2,-26.4,5,3,False,False,False,False,True,True,False,False,True,False,False
EBC,"Eastern Bankshares, Inc. - Common Stock",21.37,54.8,4883291866.0,55072997,28.6,-10.1,5,5,False,False,False,True,True,True,True,False,False,True,False
DB,Deutsche Bank AG Common Stock,37.56,54.8,70665384000.0,69392818,33.6,-9.8,3,4,False,False,False,True,False,True,False,False,True,True,False
LYB,LyondellBasell Industries NV Ordinary Shares Class A (Netherlands),59.24,54.8,19136768276.0,254566581,42.5,-29.4,5,3,False,False,False,False,True,True,False,False,True,False,False
CMCO,Columbus McKinnon Corporation - Common Stock,16.44,54.7,474528171.0,10212403,37.1,-32.6,2,2,False,False,False,False,False,True,False,False,True,False,False
IOT,Samsara Inc. Class A Common Stock,38.26,54.7,22405255296.0,243998264,63.6,-19.4,1,4,False,False,False,True,False,True,False,False,True,True,False
HESM,Hess Midstream LP Class A Representing Limited Partner Interests,39.17,54.6,5027504009.0,48461146,23.8,-5.5,3,5,False,False,False,True,True,True,True,False,False,True,False
VTR,"Ventas, Inc. Common Stock",86.86,54.6,44554520743.0,318996204,30.4,-14.5,5,5,False,False,False,False,True,True,True,False,True,True,False
AGIO,"Agios Pharmaceuticals, Inc. - Common Stock",34.97,54.5,2087774814.0,35674478,57.2,-24.0,0,6,False,False,False,True,True,False,True,True,True,True,False
AMPH,"Amphastar Pharmaceuticals, Inc. - Common Stock",24.32,54.5,1034522798.0,9959453,46.1,-17.6,0,4,False,False,False,True,False,False,False,True,True,True,False
MUSA,Murphy USA Inc. Common Stock,508.14,54.5,9339789525.0,156445231,45.3,-20.1,5,5,False,False,False,False,True,True,True,False,True,True,False
KFY,Korn Ferry Common Stock,75.86,54.4,4138834437.0,34845197,28.7,-13.3,3,5,False,False,False,True,True,True,True,False,False,True,False
TTC,Toro Company (The) Common Stock,94.52,54.4,8947582489.0,71101340,39.7,-10.1,5,6,False,False,False,True,True,True,True,False,True,True,False
CECO,CECO Environmental Corp. - Common Stock,73.71,54.3,4317182169.0,62020635,72.1,-27.2,5,5,False,False,False,True,True,True,False,True,True,False,False
SYBT,"Stock Yards Bancorp, Inc. - Common Stock",78.13,54.3,2427236818.0,13900939,27.0,-12.4,3,5,False,False,False,True,True,True,True,False,False,True,False
M,Macy's Inc Common Stock,22.78,54.3,5949603996.0,130762897,38.8,-14.3,5,4,False,False,False,True,False,True,False,False,True,True,False
C,"Citigroup, Inc. Common Stock",132.47,54.2,222210050644.0,1396679086,41.4,-10.5,5,6,False,False,False,True,True,True,True,False,True,True,False
J,Jacobs Solutions Inc. Common Stock,143.12,54.2,16750566006.0,120805007,35.4,-15.0,1,5,False,False,False,True,False,True,False,True,True,True,False
IREN,IREN Limited - Ordinary Shares,48.55,54.1,19131547360.0,1798807687,67.8,-36.8,0,3,False,False,False,True,False,False,False,True,True,False,False
CP,Canadian Pacific Kansas City Limited Common Shares,87.99,54.1,78510300297.0,217464310,28.6,-9.2,5,5,False,False,False,True,True,True,True,False,False,True,False
QNST,"QuinStreet, Inc. - Common Stock",15.28,54.0,874373430.0,18388845,48.5,-31.4,2,5,False,False,False,True,True,True,True,False,True,False,False
EGP,"EastGroup Properties, Inc. Common Stock",203.44,54.0,10939643610.0,96411142,23.9,-10.3,5,5,False,False,False,True,True,True,True,False,False,True,False
RGR,"Sturm, Ruger & Company, Inc. Common Stock",41.94,54.0,670128057.0,5621682,48.0,-13.0,1,6,False,False,False,True,True,True,False,True,True,True,False
MARA,"MARA Holdings, Inc. - Common Stock",13.63,53.9,5265259418.0,562441719,104.7,-41.9,0,4,False,False,False,True,True,False,False,True,True,False,False
NWS,News Corporation - Class B Common Stock,32.38,53.9,17519284418.0,38921863,27.0,-9.5,2,5,False,False,False,True,True,True,True,False,False,True,False
FULT,Fulton Financial Corporation - Common Stock,23.02,53.8,4394853240.0,40146082,38.7,-8.8,5,6,False,False,False,True,True,True,True,False,True,True,False
BLCO,Bausch + Lomb Corporation Common Shares,17.32,53.8,6186102061.0,7021683,25.8,-8.4,5,4,False,False,False,True,False,True,False,True,False,True,False
USB,U.S. Bancorp Common Stock,59.44,53.8,92610577950.0,470645838,32.0,-10.0,5,6,False,False,False,True,True,True,True,False,True,True,False
MCHB,Mechanics Bancorp - Class A Common Stock,15.19,53.7,3346540207.0,9550262,18.5,-12.6,5,5,False,False,False,True,True,True,True,False,False,True,False
UNH,UnitedHealth Group Incorporated Common Stock (DE),372.95,53.7,334757998189.0,2031163943,45.7,-19.2,5,6,False,False,False,True,True,True,True,False,True,True,False
CACC,Credit Acceptance Corporation - Common Stock,562.34,53.6,5837415357.0,71599526,39.9,-15.9,5,6,False,False,False,True,True,True,True,False,True,True,False
FIGR,"Figure Technology Solutions, Inc. - Class A Common Stock",37.11,53.6,8326662830.0,138838173,53.9,-52.4,0,3,False,False,False,True,False,False,False,True,True,False,False
HBCP,"Home Bancorp, Inc. - Common Stock",68.11,53.6,536076783.0,6262330,34.8,-8.6,5,6,False,False,False,True,True,True,True,False,True,True,False
CZR,"Caesars Entertainment, Inc. - Common Stock",29.62,53.5,6034197419.0,109321216,65.8,-4.1,4,6,False,False,False,True,True,True,True,False,True,True,False
ESQ,"Esquire Financial Holdings, Inc. - Common Stock",121.05,53.5,1465259772.0,21541073,31.4,-10.2,5,6,False,False,False,True,True,True,True,False,True,True,False
CHT,"Chunghwa Telecom Co., Ltd.",46.11,53.4,35769585996.0,8973796,17.4,-0.8,2,6,False,False,False,True,True,True,True,True,False,True,False
HPP,"Hudson Pacific Properties, Inc. Common Stock",12.08,53.4,655566391.0,9439046,129.7,-39.9,0,4,False,False,False,True,True,False,True,False,True,False,False
STRL,"Sterling Infrastructure, Inc. - Common Stock",516.57,53.3,15801110743.0,385879293,83.5,-48.6,5,3,False,False,False,False,True,True,False,False,True,False,False
BLX,"Bladex, Inc. Class E Common Stock",55.55,53.3,2088619950.0,9400909,44.6,-12.1,5,6,False,False,False,True,True,True,True,False,True,True,False
V,Visa Inc.,362.04,53.3,646876861659.0,2505076085,23.2,-6.1,3,5,False,False,False,True,True,True,True,False,False,True,False
CTAS,Cintas Corporation - Common Stock,198.8,53.2,79423933280.0,436211653,23.4,-9.3,2,3,False,False,False,True,False,True,False,False,False,True,False
CDP,COPT Defense Properties Common Shares of Beneficial Interest,34.34,53.2,3894515128.0,31018894,26.9,-11.7,5,5,False,False,False,True,True,True,True,False,False,True,False
HTLD,"Heartland Express, Inc. - Common Stock",11.83,53.1,914844788.0,9831100,69.0,-28.9,5,4,False,False,False,False,True,True,True,False,True,False,False
IDCC,"InterDigital, Inc. - Common Stock",333.76,53.1,8613012896.0,72725495,34.0,-19.1,0,4,False,False,False,True,False,False,False,True,True,True,False
SMBC,"Southern Missouri Bancorp, Inc. - Common Stock",71.45,53.1,786898785.0,7238760,50.1,-10.5,5,6,False,False,False,True,True,True,True,False,True,True,False
LUNR,"Intuitive Machines, Inc. - Class A Common Stock",16.24,53.0,3717726864.0,138822163,108.7,-65.3,5,4,False,False,False,False,True,True,False,True,True,False,False
SKY,"Champion Homes, Inc. Common Stock",88.84,53.0,4822247105.0,54786122,39.5,-10.4,5,5,False,False,False,True,False,True,False,True,True,True,False
CNS,Cohen & Steers Inc Common Stock,74.54,52.9,3832961070.0,21225240,27.7,-13.9,4,5,False,False,False,True,True,True,True,False,False,True,False
PH,Parker-Hannifin Corporation Common Stock,964.85,52.9,121679563613.0,625215784,34.9,-12.3,5,6,False,False,False,True,True,True,True,False,True,True,False
BRZE,"Braze, Inc. - Class A Common Stock",25.52,52.8,2898674577.0,71313901,67.2,-31.6,1,3,False,False,False,True,False,True,False,False,True,False,False
PRM,"Perimeter Solutions, SA Common Stock",29.77,52.8,4872959698.0,44670477,51.1,-22.0,5,5,False,False,False,False,True,True,True,False,True,True,False
VVX,"V2X, Inc. Common Stock",72.95,52.8,2286643866.0,59112490,43.4,-22.4,5,5,False,False,False,False,True,True,True,False,True,True,False
CCEP,Coca-Cola Europacific Partners plc - Ordinary Shares,102.31,52.7,46446942720.0,196476220,20.8,-10.0,4,5,False,False,False,True,True,True,True,False,False,True,False
XPEL,"XPEL, Inc. - Common Stock",46.29,52.7,1276249925.0,9864464,47.0,-17.2,5,3,False,False,False,False,False,True,False,False,True,True,False
LAMR,Lamar Advertising Company - Class A Common Stock,145.13,52.6,14737905639.0,90181342,26.8,-12.7,5,5,False,False,False,True,True,True,True,False,False,True,False
EDU,"New Oriental Education & Technology Group, Inc. Sponsored ADR representing 10 Ordinary Share (Cayman Islands)",54.74,52.6,8711638191.0,44733529,23.7,-15.7,1,3,False,False,False,True,False,True,False,False,False,True,False
OR,OR Royalties Inc. Common Shares,37.55,52.6,7040469693.0,34153710,36.3,-21.9,1,5,False,False,False,True,False,True,False,True,True,True,False
MUR,Murphy Oil Corporation Common Stock,35.38,52.5,5072824203.0,61607226,35.1,-18.4,5,5,False,False,False,False,True,True,True,False,True,True,False
XHR,"Xenia Hotels & Resorts, Inc. Common Stock",17.89,52.5,1650277988.0,14449115,52.3,-18.9,5,6,False,False,False,True,True,True,True,False,True,True,False
NWE,"NorthWestern Energy Group, Inc.  - Common Stock",69.87,52.4,4298252180.0,26977813,24.7,-7.1,5,5,False,False,False,True,True,True,True,False,False,True,False
EPR,EPR Properties Common Stock,57.84,52.4,4431060048.0,48300138,20.2,-11.0,5,5,False,False,False,True,True,True,True,False,False,True,False
CDW,CDW Corporation - Common Stock,147.43,52.3,18431319115.0,260682791,51.8,-11.7,1,5,False,False,False,True,False,True,False,True,True,True,False
CNR,"Core Natural Resources, Inc. Common Stock",93.93,52.3,4662333620.0,48743514,28.3,-18.2,1,4,False,False,False,True,False,True,False,True,False,True,False
PDS,Precision Drilling Corporation Common Stock,83.33,52.3,1048913875.0,9226702,56.0,-19.7,5,4,False,False,False,False,True,True,False,False,True,True,False
HCSG,"Healthcare Services Group, Inc. - Common Stock",21.57,52.2,1480396597.0,16527341,42.6,-16.2,5,5,False,False,False,False,True,True,True,False,True,True,False
PPTA,Perpetua Resources Corp. - Common Shares,24.76,52.2,3097372082.0,25280731,50.7,-33.7,1,3,False,False,False,False,False,True,False,True,True,False,False
AMCR,Amcor plc Ordinary Shares,43.24,52.1,19991827636.0,167515178,19.3,-15.1,3,3,False,False,False,True,False,True,False,False,False,True,False
BMA,Banco Macro S.A.  ADR (representing Ten Class B Common Shares),74.6,52.1,4769851638.0,22669117,89.8,-29.7,0,1,False,False,False,False,False,False,False,False,True,False,False
HASI,"HA Sustainable Infrastructure Capital, Inc. Common Stock",37.21,52.1,4781328346.0,38629180,36.4,-15.7,5,5,False,False,False,False,True,True,True,False,True,True,False
PLMR,"Palomar Holdings, Inc. - Common stock",131.54,52.0,3461828022.0,31807517,30.5,-10.9,3,4,False,False,False,True,False,True,False,False,True,True,False
AMP,"Ameriprise Financial, Inc. Common Stock",512.37,52.0,46060568929.0,282629927,21.3,-10.5,3,3,False,False,False,True,False,True,False,False,False,True,False
CWBC,Community West Bancshares - Common Stock,25.74,51.9,698353948.0,5980176,30.1,-8.6,5,6,False,False,False,True,True,True,True,False,True,True,False
NGVT,Ingevity Corporation Common Stock ,71.27,51.9,2450114501.0,17939002,55.4,-10.1,5,5,False,False,False,False,True,True,True,False,True,True,False
AGCO,AGCO Corporation Common Stock,120.65,51.8,8449328104.0,121010922,22.8,-16.1,5,5,False,False,False,True,True,True,False,True,False,True,False
PBA,Pembina Pipeline Corp. Ordinary Shares (Canada),45.92,51.8,26705005600.0,46865989,26.9,-11.0,5,4,False,False,False,False,True,True,True,False,False,True,False
USFD,US Foods Holding Corp. Common Stock,94.2,51.8,20378354107.0,235818784,34.8,-15.5,5,5,False,False,False,False,True,True,True,False,True,True,False
CSWC,Capital Southwest Corporation - Common Stock,23.34,51.7,1450364545.0,15932005,20.5,-9.4,5,5,False,False,False,True,True,True,True,False,False,True,False
DLO,DLocal Limited - Class A Common Shares,14.26,51.7,4205729693.0,30282181,34.0,-15.0,1,4,False,False,False,True,False,True,False,False,True,True,False
AGYS,"Agilysys, Inc. - Common Stock",100.37,51.6,2831014942.0,29362278,63.2,-30.9,0,2,False,False,False,True,False,False,False,False,True,False,False
STRO,"Sutro Biopharma, Inc. - Common Stock",16.13,51.6,267454288.0,6280491,125.6,-63.2,5,3,False,False,False,False,True,True,False,False,True,False,False
ULTA,"Ulta Beauty, Inc. - Common Stock",553.86,51.6,23681652888.0,331876040,24.9,-22.5,1,3,False,False,False,False,False,True,False,True,False,True,False
CIFR,Cipher Digital Inc. - Common Stock,19.09,51.5,7922936483.0,624997306,73.4,-36.7,0,4,False,False,False,True,True,False,False,True,True,False,False
ALSN,"Allison Transmission Holdings, Inc. Common Stock",115.38,51.5,9527854024.0,101204457,51.8,-16.2,5,5,False,False,False,False,True,True,True,False,True,True,False
NDAQ,"Nasdaq, Inc. - Common Stock",94.5,51.4,52823361654.0,310157025,23.4,-7.2,2,4,False,False,False,True,False,True,False,True,False,True,False
SYNA,Synaptics Incorporated - Common Stock,97.64,51.4,3875567205.0,71141535,67.5,-34.5,5,4,False,False,False,False,True,True,True,False,True,False,False
ASND,Ascendis Pharma A/S - Ordinary Share,237.57,51.3,15602002080.0,156863409,27.7,-15.8,5,4,False,False,False,False,True,True,True,False,False,True,False
FDUS,Fidus Investment Corporation - Closed End Fund,19.305,51.3,732708997.0,6605309,14.4,-8.7,3,5,False,False,False,True,True,True,True,False,False,True,False
DRI,"Darden Restaurants, Inc. Common Stock",213.54,51.3,24360209500.0,242012341,26.4,-7.1,4,6,False,False,False,True,True,True,True,True,False,True,False
CRSP,CRISPR Therapeutics AG - Common Shares,59.03,51.2,5707767307.0,85103046,33.8,-24.8,1,5,False,False,False,True,False,True,False,True,True,True,False
MS,Morgan Stanley Common Stock,200.18,51.2,314395960333.0,1099153493,31.8,-13.8,5,6,False,False,False,True,True,True,True,False,True,True,False
HAL,Halliburton Company Common Stock,32.85,51.1,27368332556.0,396590912,53.1,-24.6,5,4,False,False,False,False,True,True,False,False,True,True,False
HXL,Hexcel Corporation Common Stock,85.98,51.1,6502104403.0,93075904,42.7,-23.1,5,5,False,False,False,False,True,True,True,False,True,True,False
TFII,TFI International Inc. Common Shares,125.04,51.1,10277041476.0,37719397,55.1,-25.4,5,4,False,False,False,False,True,True,True,False,True,False,False
CFG,"Citizens Financial Group, Inc. Common Stock",65.49,51.0,27582867846.0,262991839,36.6,-13.1,5,5,False,False,False,False,True,True,True,False,True,True,False
MHK,"Mohawk Industries, Inc. Common Stock",121.23,51.0,8211895318.0,126260192,30.4,-13.6,2,4,False,False,False,True,False,True,False,False,True,True,False
CTSH,Cognizant Technology Solutions Corporation - Class A Common Stock,58.68,50.9,26432066184.0,437975592,58.3,-32.6,0,2,False,False,False,False,False,False,False,True,True,False,False
HBNC,"Horizon Bancorp, Inc. - Common Stock",19.18,50.9,984787874.0,11248731,28.1,-8.8,5,5,False,False,False,True,True,True,True,False,False,True,False
JCAP,"Jefferson Capital, Inc. - Common Stock",19.89,50.9,1142193911.0,7250833,28.3,-18.6,3,3,False,False,False,True,False,True,False,False,False,True,False
CNOB,"ConnectOne Bancorp, Inc. - Common Stock",31.2,50.8,1694015856.0,13075795,34.5,-8.6,5,6,False,False,False,True,True,True,True,False,True,True,False
OCSL,Oaktree Specialty Lending Corporation - Closed End Fund,12.37,50.8,1089617920.0,6397364,16.4,-13.6,2,4,False,False,False,True,False,True,False,True,False,True,False
JOE,St. Joe Company (The) Common Stock,66.21,50.7,3769365161.0,15612878,42.8,-10.0,5,6,False,False,False,True,True,True,False,True,True,True,False
MO,"Altria Group, Inc.",68.64,50.7,114611223081.0,613440810,25.5,-10.9,5,6,False,False,False,True,True,True,True,True,False,True,False
FLGT,"Fulgent Genetics, Inc. - Common Stock",21.65,50.6,595706093.0,5934771,60.8,-30.3,0,3,False,False,False,True,False,False,False,True,True,False,False
FITB,Fifth Third Bancorp Common Stock,52.76,50.6,47847651677.0,311149863,31.7,-11.3,5,6,False,False,False,True,True,True,True,False,True,True,False
MTDR,Matador Resources Company Common Stock,51.86,50.6,6417893642.0,108900346,39.6,-22.4,5,4,False,False,False,False,True,True,False,False,True,True,False
NMIH,NMI Holdings Inc - Common Stock,42.42,50.5,3190741239.0,21524876,21.8,-9.2,3,5,False,False,False,True,True,True,True,False,False,True,False
PRK,Park National Corporation Common Stock,181.66,50.5,3281535487.0,21030999,21.9,-15.5,5,5,False,False,False,True,True,True,True,False,False,True,False
BRUN,Boost Run Inc. - Class A Common Stock,17.09,50.4,1358440367.0,42578129,61.4,-59.3,5,3,False,False,False,False,True,True,False,False,True,False,False
EXLS,"ExlService Holdings, Inc. - Common Stock",35.02,50.4,5309469715.0,76269474,40.9,-21.0,0,4,False,False,False,True,False,False,False,True,True,True,False
TRNO,Terreno Realty Corporation Common Stock,66.4,50.4,7235628584.0,49519747,18.7,-15.9,5,5,False,False,False,True,True,True,True,False,False,True,False
EWBC,"East West Bancorp, Inc. - Common Stock",125.54,50.3,17200468402.0,98115410,35.5,-8.7,5,6,False,False,False,True,True,True,True,False,True,True,False
AES,The AES Corporation Common Stock,14.82,50.3,10573160497.0,107117766,14.9,-16.0,5,6,False,False,False,True,True,True,True,True,False,True,False
CCK,"Crown Holdings, Inc.",109.64,50.2,11924502426.0,112829512,22.9,-10.8,3,5,False,False,False,True,True,True,True,False,False,True,False
ENR,"Energizer Holdings, Inc. Common Stock",22.35,50.2,1530609287.0,22253762,41.9,-22.7,1,5,False,False,False,True,False,True,False,True,True,True,False
TRMK,Trustmark Corporation - Common Stock,45.94,50.1,2667762307.0,18668196,26.5,-6.2,5,5,False,False,False,True,True,True,True,False,False,True,False
JPM,JP Morgan Chase & Co. Common Stock,340.0,50.1,903783306300.0,2533601054,21.8,-7.2,5,5,False,False,False,True,True,True,True,False,False,True,False
MMM,3M Company Common Stock,169.3,50.1,87311805198.0,559233372,21.5,-8.4,4,3,False,False,False,True,False,True,False,False,False,True,False
BALL,Ball Corporation Common Stock,59.97,50.0,15874260319.0,117434933,33.8,-12.2,5,5,False,False,False,False,True,True,True,False,True,True,False
QGEN,Qiagen N.V. Common Shares,43.69,50.0,9003405959.0,107280609,34.3,-24.4,0,4,False,False,False,True,False,False,False,True,True,True,False
ONB,Old National Bancorp - Common Stock,25.03,49.9,9575727100.0,106695863,29.1,-8.5,5,5,False,False,False,True,True,True,True,False,False,True,False
CTVA,"Corteva, Inc. Common Stock ",80.34,49.9,53602526640.0,388015497,32.7,-11.7,5,5,False,False,False,False,True,True,True,False,True,True,False
MSA,MSA Safety Incorporated Common Stock,178.91,49.9,6902041685.0,49374845,18.4,-14.4,3,5,False,False,False,True,True,True,True,False,False,True,False
KSS,Kohl's Corporation Common Stock,18.27,49.8,2071387650.0,71034634,60.5,-27.6,0,3,False,False,False,True,False,False,False,True,True,False,False
ROK,"Rockwell Automation, Inc. Common Stock",427.19,49.8,47535119982.0,345426355,28.4,-14.1,5,5,False,False,False,True,True,True,True,False,False,True,False
MTG,MGIC Investment Corporation Common Stock,29.29,49.7,6008106564.0,55737754,18.6,-8.2,3,5,False,False,False,True,True,True,True,False,False,True,False
SPG,"Simon Property Group, Inc. Common Stock",205.95,49.7,66635434514.0,290257862,19.6,-13.6,5,5,False,False,False,True,True,True,True,False,False,True,False
HFWA,Heritage Financial Corporation - Common Stock,28.22,49.6,1154637047.0,12161346,32.4,-9.7,5,6,False,False,False,True,True,True,True,False,True,True,False
SPFI,"South Plains Financial, Inc. - Common Stock",44.05,49.6,829862575.0,5740788,24.6,-6.2,5,5,False,False,False,True,True,True,True,False,False,True,False
JLL,Jones Lang LaSalle Incorporated Common Stock,335.36,49.6,15368449490.0,122083277,29.1,-14.8,5,3,False,False,False,True,False,True,False,False,False,True,False
SBRA,"Sabra Health Care REIT, Inc. - Common Stock",19.81,49.5,5060717196.0,54971397,15.4,-13.0,5,4,False,False,False,False,True,True,True,False,False,True,False
HIPO,Hippo Holdings Inc. Common Stock,31.37,49.5,827834882.0,5774243,30.3,-19.0,0,3,False,False,False,True,False,False,False,False,True,True,False
MORN,"Morningstar, Inc. - Common Stock",195.23,49.4,7323774466.0,68541489,38.0,-18.2,0,3,False,False,False,True,False,False,False,False,True,True,False
OPLN,"OPENLANE, Inc. Common Stock",34.63,49.4,4227279425.0,44436879,42.4,-19.3,5,6,False,False,False,True,True,True,True,False,True,True,False
WTRG,"Essential Utilities, Inc. Common Stock",40.38,49.4,11458980070.0,90846221,11.8,-5.0,3,6,False,False,False,True,True,True,True,True,False,True,False
SMMT,Summit Therapeutics Inc.  - Common Stock,17.12,49.3,13657473186.0,80343317,41.8,-41.4,0,3,False,False,False,True,False,False,False,True,True,False,False
ASB,Associated Banc-Corp Common Stock,29.02,49.3,5480417104.0,58231252,21.6,-10.6,5,5,False,False,False,True,True,True,True,False,False,True,False
BKR,Baker Hughes Company - Common Stock,57.26,49.2,56840517305.0,490939827,30.4,-18.7,5,4,False,False,False,False,True,True,False,False,True,True,False
ETD,Ethan Allen Interiors Inc. Common Stock,21.33,49.2,537569389.0,12843404,16.7,-28.0,1,3,False,False,False,True,False,True,False,True,False,False,False
NCNO,"nCino, Inc. - Common Stock",19.67,49.1,2079830543.0,48799182,42.5,-35.8,0,2,False,False,False,True,False,False,False,False,True,False,False
THRM,Gentherm Inc - Common Stock,36.72,49.1,1127499240.0,16351130,36.0,-24.1,4,4,False,False,False,True,False,True,False,False,True,True,False
NSC,Norfolk Southern Corporation Common Stock,314.0,49.1,70527029122.0,410677690,13.0,-12.4,5,4,False,False,False,False,True,True,True,False,False,True,False
DFIN,"Donnelley Financial Solutions, Inc. Common Stock ",48.49,49.0,1192145222.0,11930595,34.3,-13.8,1,4,False,False,False,True,False,True,False,False,True,True,False
ECAT,BlackRock ESG Capital Allocation Term Trust Common Shares of Beneficial Interest,14.55,49.0,1573364250.0,8089488,8.9,-13.0,5,5,False,False,False,True,True,True,True,False,False,True,False
FPI,Farmland Partners Inc. Common Stock,10.92,48.9,476447484.0,5025147,18.6,-17.4,1,5,False,False,False,True,True,True,False,True,False,True,False
MNTN,"MNTN, Inc. Class A Common Stock",11.21,48.9,838543457.0,10946408,46.2,-45.7,0,2,False,False,False,True,False,False,False,False,True,False,False
UMH,"UMH Properties, Inc. Common Stock",15.8,48.9,1349092480.0,10535896,13.4,-5.8,3,4,False,False,False,True,False,True,False,True,False,True,False
WERN,"Werner Enterprises, Inc. - Common Stock",34.79,48.8,2086605257.0,42834854,50.9,-26.7,5,4,False,False,False,False,True,True,True,False,True,False,False
AZZ,AZZ Inc.,136.84,48.8,4112247397.0,35881090,47.2,-15.6,5,5,False,False,False,False,True,True,True,False,True,True,False
FLS,Flowserve Corporation Common Stock,75.99,48.7,9659300152.0,130043472,56.0,-17.8,5,5,False,False,False,False,True,True,False,True,True,True,False
WOLF,"Wolfspeed, Inc. Common Stock New",27.99,48.7,1481526626.0,101511621,247.7,-65.4,1,4,False,False,False,False,True,True,False,True,True,False,False
PYPL,"PayPal Holdings, Inc. - Common Stock",52.89,48.6,45245325626.0,840356601,37.5,-33.2,0,2,False,False,False,True,False,False,False,False,True,False,False
AAT,"American Assets Trust, Inc. Common Stock",22.01,48.6,1351506728.0,9978664,24.2,-15.2,5,5,False,False,False,True,True,True,True,False,False,True,False
LYV,"Live Nation Entertainment, Inc. Common Stock",169.84,48.6,40020054782.0,345783692,35.5,-10.3,5,6,False,False,False,True,True,True,True,False,True,True,False
UMBF,UMB Financial Corporation - Common Stock,134.21,48.5,10193253526.0,84165481,29.8,-12.5,5,5,False,False,False,True,True,True,True,False,False,True,False
CB,Chubb Limited  Common Stock,335.77,48.5,129540018656.0,620263021,26.6,-8.2,5,5,False,False,False,True,True,True,True,False,False,True,False
BHRB,Burke & Herbert Financial Services Corp. - Common Stock,69.45,48.4,1401989442.0,8759957,21.0,-7.5,5,5,False,False,False,True,True,True,True,False,False,True,False
DLX,Deluxe Corporation Common Stock,23.81,48.4,1091838265.0,10495273,34.1,-25.8,5,3,False,False,False,False,True,True,False,False,True,False,False
ESNT,Essent Group Ltd. Common Shares,65.7,48.4,5904885590.0,41946872,18.7,-6.6,3,3,False,False,False,True,False,True,False,False,False,True,False
BLKB,"Blackbaud, Inc. - Common Stock",42.13,48.3,1912284787.0,23582992,64.7,-40.4,0,1,False,False,False,False,False,False,False,False,True,False,False
EQBK,"Equity Bancshares, Inc. Class A Common Stock",48.56,48.3,999971314.0,5528694,25.8,-7.1,5,5,False,False,False,True,True,True,True,False,False,True,False
TCBK,TriCo Bancshares - Common Stock,52.32,48.2,1672494082.0,19086140,29.4,-15.2,5,5,False,False,False,True,True,True,True,False,False,True,False
CPA,"Copa Holdings, S.A. Class A Common Stock",135.13,48.2,5559052667.0,39833059,25.8,-15.8,5,6,False,False,False,True,True,True,True,True,False,True,False
ALL,Allstate Corporation (The) Common Stock,229.5,48.1,58030899525.0,450623350,22.0,-17.2,5,5,False,False,False,True,True,True,True,False,False,True,False
BKH,Black Hills Corporation Common Stock,71.77,48.1,5472687930.0,59362036,22.4,-8.8,5,4,False,False,False,False,True,True,True,False,False,True,False
FAF,First American Corporation (New) Common Stock,69.24,48.1,7069404000.0,55513729,23.2,-13.3,5,5,False,False,False,True,True,True,True,False,False,True,False
CRS,Carpenter Technology Corporation Common Stock,400.02,48.0,19824417571.0,369643787,75.4,-36.1,5,4,False,False,False,False,True,True,True,False,True,False,False
MTUS,Metallus Inc. Common Shares,19.06,48.0,790023353.0,7538935,34.3,-15.6,5,4,False,False,False,True,False,True,False,False,True,True,False
ZM,"Zoom Communications, Inc. - Class A Common Stock",90.95,47.9,26537728515.0,313113967,28.6,-20.7,5,4,False,False,False,False,True,True,True,False,False,True,False
DLR,"Digital Realty Trust, Inc. Common Stock",185.65,47.9,68697216074.0,451926165,27.0,-10.8,5,5,False,False,False,True,True,True,True,False,False,True,False
OHI,"Omega Healthcare Investors, Inc. Common Stock",46.47,47.9,14081014110.0,93293847,18.4,-11.3,5,5,False,False,False,True,True,True,True,False,False,True,False
FR,"First Industrial Realty Trust, Inc. Common Stock",61.89,47.8,8204939628.0,62542239,23.2,-11.4,5,4,False,False,False,False,True,True,True,False,False,True,False
PFS,"Provident Financial Services, Inc Common Stock",22.65,47.8,2954072298.0,21722759,28.0,-11.1,5,5,False,False,False,True,True,True,True,False,False,True,False
ACIW,"ACI Worldwide, Inc. - Common Stock",49.19,47.7,4965988305.0,52423610,29.3,-19.5,3,5,False,False,False,True,True,True,True,False,False,True,False
BANR,Banner Corporation - Common Stock,68.88,47.7,2523726831.0,25110004,20.7,-8.0,5,5,False,False,False,True,True,True,True,False,False,True,False
EW,Edwards Lifesciences Corporation Common Stock,88.78,47.7,51172792000.0,340386301,22.8,-7.8,5,6,False,False,False,True,True,True,True,True,False,True,False
ARCC,Ares Capital Corporation - Closed End Fund,19.36,47.6,13900922279.0,84880925,11.3,-9.8,2,4,False,False,False,True,False,True,False,True,False,True,False
DD,"DuPont de Nemours, Inc. Common Stock",131.8,47.6,17798664105.0,194536588,42.5,-16.6,5,4,False,False,False,False,True,True,False,False,True,True,False
SON,Sonoco Products Company Common Stock,50.69,47.5,5011973902.0,61776335,31.2,-16.4,5,5,False,False,False,False,True,True,True,False,True,True,False
XPO,"XPO, Inc. Common Stock",177.67,47.5,20802752237.0,194691253,46.3,-23.4,5,4,False,False,False,False,True,True,False,False,True,True,False
LGN,Legence Corp. - Class A Common stock,54.25,47.4,5863094790.0,72208665,87.1,-49.4,2,3,False,False,False,False,True,True,False,False,True,False,False
MCRI,"Monarch Casino & Resort, Inc. - Common Stock",117.24,47.4,2101236362.0,19271056,33.0,-13.7,5,6,False,False,False,True,True,True,True,False,True,True,False
REXR,"Rexford Industrial Realty, Inc. Common Stock",38.23,47.4,8524835981.0,104847449,18.9,-13.9,0,3,False,False,False,True,False,False,False,True,False,True,False
HAS,"Hasbro, Inc. - Common Stock",86.91,47.3,12258174627.0,171928536,25.1,-18.8,5,4,False,False,False,False,True,True,True,False,False,True,False
SGML,Sigma Lithium Corporation - common shares,10.58,47.3,1190972752.0,19924762,129.3,-56.8,5,3,False,False,False,False,True,True,False,False,True,False,False
IBCP,Independent Bank Corporation - Common Stock,35.62,47.2,790738888.0,7269176,19.4,-9.2,5,5,False,False,False,True,True,True,True,False,False,True,False
BCS,Barclays PLC Common Stock,24.97,47.2,83905903072.0,117232611,29.4,-13.0,5,3,False,False,False,True,False,True,False,False,False,True,False
ESI,Element Solutions Inc. Common Stock,35.19,47.2,8575483264.0,174225537,53.9,-28.5,5,3,False,False,False,False,True,True,False,False,True,False,False
LGIH,"LGI Homes, Inc. - Common Stock",52.205,47.1,1213676040.0,17111835,55.6,-21.2,3,6,False,False,False,True,True,True,True,False,True,True,False
RTX,RTX Corporation Common Stock,190.99,47.1,257408327923.0,957943853,22.7,-15.8,5,4,False,False,False,False,True,True,True,False,False,True,False
AGI,Alamos Gold Inc. Class A Common Shares,36.29,47.0,15240544765.0,141731735,34.2,-34.5,1,3,False,False,False,False,False,True,False,True,True,False,False
LNC,Lincoln National Corporation Common Stock,41.01,47.0,7851255249.0,88446354,27.4,-14.0,2,3,False,False,False,True,False,True,False,False,False,True,False
SSNC,"SS&C Technologies Holdings, Inc. - Common Stock",79.26,46.9,18598754983.0,138016292,29.1,-12.1,0,3,False,False,False,True,False,False,False,True,False,True,False
IIPR,"Innovative Industrial Properties, Inc. Common Stock",56.74,46.9,1564398342.0,18897464,27.3,-13.2,5,5,False,False,False,True,True,True,True,False,False,True,False
WWW,"Wolverine World Wide, Inc. Common Stock",19.87,46.9,1630658156.0,15376500,47.5,-34.3,1,4,False,False,False,True,False,True,False,True,True,False,False
BCAT,BlackRock Capital Allocation Term Trust Common Shares of Beneficial Interest,14.18,46.8,1533354300.0,13230789,3.3,-12.5,5,4,False,False,False,False,True,True,True,False,False,True,False
BCC,"Boise Cascade, L.L.C. Common Stock",79.0,46.8,2756416729.0,28518832,21.5,-14.1,2,4,False,False,False,True,False,True,False,True,False,True,False
AVTX,"Avalo Therapeutics, Inc. - Common Stock",16.51,46.7,885431118.0,16374688,54.3,-32.0,5,4,False,False,False,False,True,True,True,False,True,False,False
ACN,Accenture plc Class A Ordinary Shares (Ireland),183.72,46.7,122634975781.0,1032595666,55.5,-36.9,0,2,False,False,False,False,False,False,False,True,True,False,False
UGI,UGI Corporation Common Stock,36.85,46.7,7904139534.0,75277415,16.5,-10.9,5,4,False,False,False,True,False,True,False,True,False,True,False
HTH,Hilltop Holdings Inc.,38.38,46.6,2198652684.0,10801507,24.7,-5.0,5,5,False,False,False,True,True,True,True,False,False,True,False
MA,Mastercard Incorporated Common Stock,555.89,46.6,486965165547.0,1627737702,19.7,-7.5,1,3,False,False,False,True,False,True,False,False,False,True,False
SCHW,Charles Schwab Corporation (The) Common Stock,100.35,46.5,173538838900.0,860676454,19.5,-12.4,3,3,False,False,False,True,False,True,False,False,False,True,False
SFBS,"ServisFirst Bancshares, Inc. Common Stock",41.75,46.5,4565154585.0,24324179,24.3,-9.3,3,5,False,False,False,True,True,True,True,False,False,True,False
ACLS,"Axcelis Technologies, Inc. - Common Stock",115.74,46.4,3574223537.0,46856355,57.3,-40.3,5,3,False,False,False,False,True,True,False,False,True,False,False
AUPH,Aurinia Pharmaceuticals Inc - Common Shares,16.67,46.4,2217962971.0,16092810,61.2,-13.4,5,7,False,False,False,True,True,True,True,True,True,True,False
AXTA,Axalta Coating Systems Ltd. Common Shares,33.04,46.4,7071220701.0,61394889,32.5,-14.4,4,4,False,False,False,True,False,True,False,False,True,True,False
SCHL,Scholastic Corporation - Common Stock,35.24,46.3,668318283.0,14529650,47.1,-26.7,5,4,False,False,False,False,True,True,True,False,True,False,False
SSB,SouthState Bank Corporation Common Stock,102.37,46.3,9927283046.0,82681896,21.2,-8.8,5,5,False,False,False,True,True,True,True,False,False,True,False
KHC,The Kraft Heinz Company - Common Stock,24.0,46.2,28459770192.0,456278101,14.1,-14.6,2,5,False,False,False,True,True,True,True,False,False,True,False
UCB,"United Community Banks, Inc. Common Stock",34.19,46.2,4122476448.0,30102839,19.3,-8.0,5,5,False,False,False,True,True,True,True,False,False,True,False
VTOL,"Bristow Group, Inc. Common Stock",42.79,46.2,1268381180.0,11242251,22.2,-15.1,5,3,False,False,False,False,True,True,False,False,False,True,False
CPK,Chesapeake Utilities Corporation Common Stock,131.92,46.1,3180123544.0,23889297,11.0,-6.3,0,4,False,False,False,True,True,False,True,False,False,True,False
MTB,M&T Bank Corporation Common Stock,223.42,46.1,32265481256.0,264100446,27.8,-12.7,5,4,False,False,False,False,True,True,True,False,False,True,False
FIBK,"First Interstate BancSystem, Inc. - Common Stock",36.54,46.0,3482430340.0,44279667,25.6,-10.0,5,5,False,False,False,True,True,True,True,False,False,True,False
NOG,"Northern Oil and Gas, Inc. Common Stock",22.81,46.0,2430385610.0,55654529,32.8,-26.8,2,3,False,False,False,False,True,True,False,False,True,False,False
TBPH,"Theravance Biopharma, Inc. - Ordinary Shares",17.03,45.9,884176381.0,10462621,30.2,-19.0,0,3,False,False,False,False,False,False,False,True,True,True,False
CMP,Compass Minerals Intl Inc Common Stock,23.8,45.9,999144801.0,11651881,45.1,-31.0,5,3,False,False,False,False,True,True,False,False,True,False,False
SXI,Standex International Corporation Common Stock,271.14,45.9,3329996420.0,38810499,35.7,-25.5,5,4,False,False,False,False,True,True,True,False,True,False,False
HIFS,Hingham Institution for Savings - Common Stock,304.2,45.8,653239080.0,13334680,22.4,-10.0,5,4,False,False,False,True,False,True,False,True,False,True,False
LSTR,"Landstar System, Inc. - Common Stock",168.68,45.8,5724480509.0,81976095,41.4,-26.2,5,4,False,False,False,False,True,True,True,False,True,False,False
TOWN,Towne Bank - Common Stock,36.36,45.7,2713086119.0,22057251,13.9,-6.8,3,5,False,False,False,True,True,True,True,False,False,True,False
WULF,TeraWulf Inc. - Common Stock,17.33,45.7,8647127172.0,540463260,66.2,-41.9,5,4,False,False,False,False,True,True,False,True,True,False,False
ALLE,Allegion plc Ordinary Shares,153.95,45.7,13091413205.0,210001318,23.2,-15.9,0,2,False,False,False,True,False,False,False,False,False,True,False
MAR,Marriott International - Class A Common Stock,348.06,45.6,90762314201.0,572979795,35.6,-15.3,5,4,False,False,False,False,True,True,False,False,True,True,False
SBCF,Seacoast Banking Corporation of Florida - Common Stock,32.83,45.6,3178692491.0,31202053,14.9,-9.5,5,3,False,False,False,True,False,True,False,False,False,True,False
TNDM,"Tandem Diabetes Care, Inc. - Common Stock",17.5,45.5,1217627373.0,38002042,52.7,-41.0,5,2,False,False,False,False,False,True,False,False,True,False,False
GTES,Gates Industrial Corporation Ltd. Common Shares,26.15,45.5,6619903096.0,50443678,25.2,-13.8,5,5,False,False,False,True,True,True,True,False,False,True,False
APD,"Air Products and Chemicals, Inc. Common Stock",287.86,45.4,64102256666.0,324784483,25.6,-8.6,3,4,False,False,False,False,True,True,True,False,False,True,False
PNC,"PNC Financial Services Group, Inc. (The) Common Stock",227.96,45.4,90943198329.0,407468236,28.9,-12.0,5,4,False,False,False,False,True,True,True,False,False,True,False
WMB,"Williams Companies, Inc. (The) Common Stock",70.98,45.4,86820427163.0,524624974,26.3,-11.4,5,3,False,False,False,False,True,True,False,False,False,True,False
WRLD,World Acceptance Corporation - Common Stock,172.99,45.3,806683508.0,18344121,57.3,-24.0,4,6,False,False,False,True,True,True,True,False,True,True,False
VZ,Verizon Communications Inc. Common Stock,46.45,45.3,192989308133.0,1054603387,21.0,-10.1,5,4,False,False,False,False,True,True,True,False,False,True,False
LAUR,"Laureate Education, Inc. - Common Stock",36.13,45.2,4976884377.0,37233595,44.7,-11.7,5,6,False,False,False,True,True,True,True,False,True,True,False
OTTR,Otter Tail Corporation - Common Stock,90.23,45.2,3788358883.0,22531597,21.7,-5.1,5,5,False,False,False,True,True,True,True,False,False,True,False
ALX,"Alexander's, Inc. Common Stock",248.4,45.2,1268650836.0,9618084,23.4,-14.2,5,4,False,False,False,False,True,True,True,False,False,True,False
MDGL,"Madrigal Pharmaceuticals, Inc. - Common Stock",518.83,45.1,11987113693.0,153914782,31.8,-15.6,0,3,False,False,False,True,False,False,False,False,True,True,False
VLY,Valley National Bancorp - Common Stock,13.12,45.1,7250180565.0,96092519,36.1,-13.7,5,5,False,False,False,False,True,True,True,False,True,True,False
BOKF,BOK Financial Corporation - Common Stock,131.05,45.0,7963497920.0,35543102,27.6,-10.8,5,4,False,False,False,False,True,True,True,False,False,True,False
CVS,CVS Health Corporation Common Stock,87.1,45.0,111398319140.0,750833594,25.3,-21.3,5,4,False,False,False,False,True,True,True,False,False,True,False
GME,GameStop Corporation Common Stock,24.03,45.0,12123158790.0,139717050,35.1,-14.5,0,4,False,False,False,True,False,False,False,True,True,True,False
CNA,CNA Financial Corporation Common Stock,47.47,44.9,12845426052.0,23924742,14.3,-14.8,3,5,False,False,False,True,True,True,True,False,False,True,False
CWT,California Water Service Group Common Stock,47.29,44.9,2924371086.0,24695216,14.5,-12.1,3,5,False,False,False,True,True,True,True,False,False,True,False
GATX,GATX Corporation Common Stock,183.01,44.8,6460253000.0,38537364,21.7,-11.0,5,5,False,False,False,True,True,True,False,True,False,True,False
TDC,Teradata Corporation Common Stock,29.41,44.8,2735130000.0,74061453,44.7,-29.6,5,3,False,False,False,False,False,True,False,True,True,False,False
MSEX,Middlesex Water Company - Common Stock,54.92,44.7,1034909514.0,7512344,24.3,-11.7,4,5,False,False,False,True,True,True,True,False,False,True,False
BAC,Bank of America Corporation Common Stock,56.2,44.7,392992458113.0,2051556138,21.9,-13.8,5,5,False,False,False,True,True,True,True,False,False,True,False
DEA,"Easterly Government Properties, Inc. Common Stock",23.32,44.7,1103540108.0,8617082,13.4,-10.2,5,5,False,False,False,True,True,True,True,False,False,True,False
URBN,"Urban Outfitters, Inc. - Common Stock",75.02,44.6,6426226779.0,86784884,26.0,-12.2,3,3,False,False,False,True,False,True,False,False,False,True,False
KMI,"Kinder Morgan, Inc. Common Stock",31.27,44.6,69632101323.0,363220670,22.1,-10.2,5,3,False,False,False,False,True,True,False,False,False,True,False
AGNC,AGNC Investment Corp. - Common Stock,10.09,44.5,11961507800.0,252723522,4.8,-17.2,5,4,False,False,False,False,True,True,True,False,False,True,False
CUBI,"Customers Bancorp, Inc Common Stock",77.35,44.5,2613176853.0,21605718,30.4,-8.3,5,4,False,False,False,True,False,True,False,False,True,True,False
ESS,"Essex Property Trust, Inc. Common Stock",274.76,44.5,17658396300.0,135722940,15.2,-9.4,4,5,False,False,False,True,True,True,True,False,False,True,False
WAY,Waystar Holding Corp. - Common Stock,25.63,44.4,4914511902.0,61789402,48.5,-36.5,0,3,False,False,False,True,False,False,False,True,True,False,False
GFL,"GFL Environmental Inc. Subordinate voting shares, no par value",42.34,44.4,19014062400.0,99851756,27.0,-11.9,0,3,False,False,False,True,False,False,False,True,False,True,False
TROW,"T. Rowe Price Group, Inc. - Common Stock",104.17,44.3,22221112095.0,187391337,22.2,-14.6,5,5,False,False,False,True,True,True,True,False,False,True,False
AM,Antero Midstream Corporation Common Stock,21.12,44.3,10025114880.0,52400505,24.5,-11.4,5,4,False,False,False,False,True,True,True,False,False,True,False
ON,ON Semiconductor Corporation - Common Stock,73.6,44.2,28653849917.0,761144854,65.2,-45.4,5,3,False,False,False,False,True,True,False,False,True,False,False
IT,"Gartner, Inc. Common Stock",178.75,44.2,11287879460.0,234592123,43.9,-32.8,0,3,False,False,False,True,False,False,False,True,True,False,False
MCY,Mercury General Corporation Common Stock,97.93,44.2,5424208242.0,30261277,31.8,-13.4,5,5,False,False,False,False,True,True,True,False,True,True,False
QTWO,"Q2 Holdings, Inc. Common Stock",56.86,44.1,3545487958.0,47815926,39.4,-28.4,0,2,False,False,False,True,False,False,False,False,True,False,False
TDY,Teledyne Technologies Incorporated Common Stock,612.74,44.1,28403975074.0,212654501,26.9,-12.2,5,4,False,False,False,False,True,True,True,False,False,True,False
RKLB,Rocket Lab Corporation - Common Stock,71.98,44.0,45186146013.0,1313512678,91.6,-52.3,5,4,False,False,False,False,True,True,False,True,True,False,False
CR,Crane Company Common Stock,202.27,44.0,11691278008.0,95403696,26.8,-12.2,3,5,False,False,False,True,True,True,True,False,False,True,False
ITW,Illinois Tool Works Inc. Common Stock,270.47,44.0,77029856000.0,354273481,13.3,-10.8,3,5,False,False,False,True,True,True,True,False,False,True,False
AFG,"American Financial Group, Inc. Common Stock",140.47,43.9,11647978329.0,53328177,14.1,-6.4,5,5,False,False,False,True,True,True,True,False,False,True,False
DG,Dollar General Corporation Common Stock,122.63,43.9,27054236958.0,301444491,28.9,-22.5,3,2,False,False,False,False,False,True,False,False,False,True,False
CYTK,"Cytokinetics, Incorporated - Common Stock",67.59,43.8,9396592823.0,140748714,43.1,-23.5,5,5,False,False,False,False,True,True,True,False,True,True,False
AVY,Avery Dennison Corporation Common Stock,172.09,43.8,13042381357.0,167259437,12.9,-13.8,2,4,False,False,False,True,False,True,False,True,False,True,False
LLYVK,"Liberty Live Holdings, Inc. - Series C Liberty Live Group Common Stock",98.76,43.7,9086450934.0,30171616,28.4,-10.0,5,4,False,False,False,False,True,True,True,False,False,True,False
AER,AerCap Holdings N.V. Ordinary Shares,144.22,43.7,22271903974.0,156065892,21.3,-9.2,5,5,False,False,False,True,True,True,True,False,False,True,False
CVSA,Covista Inc. Common Shares,123.0,43.7,4186774860.0,45169844,41.4,-21.3,1,6,False,False,False,True,True,True,True,False,True,True,False
AFRM,"Affirm Holdings, Inc. - Class A Common Stock",71.77,43.6,24216723543.0,324732295,70.5,-21.2,2,4,False,False,False,True,False,True,False,False,True,True,False
INDB,Independent Bank Corp. - Common Stock,80.3,43.6,3803738650.0,29538158,26.8,-8.2,5,5,False,False,False,True,True,True,True,False,False,True,False
FRPT,"Freshpet, Inc. - Common Stock",60.13,43.5,2889731990.0,81623960,29.5,-30.1,3,1,False,False,False,False,False,True,False,False,False,False,False
CBOE,"Cboe Global Markets, Inc. Common Stock",266.83,43.5,29836597063.0,297893686,17.5,-28.1,5,2,False,False,False,False,True,True,False,False,False,False,False
UTL,UNITIL Corporation Common Stock,51.64,43.5,941741845.0,6400272,14.3,-9.8,5,4,False,False,False,False,True,True,True,False,False,True,False
BBIO,"BridgeBio Pharma, Inc. - Common Stock",69.23,43.4,13533597825.0,175298047,41.9,-25.9,5,2,False,False,False,False,False,True,False,False,True,False,False
PLD,"Prologis, Inc. Common Stock",135.88,43.4,128824566880.0,594473547,22.4,-11.4,5,4,False,False,False,False,True,True,True,False,False,True,False
DEC,Diversified Energy Company Common Stock,13.9,43.3,1066912445.0,12317770,12.7,-26.5,2,2,False,False,False,False,True,True,False,False,False,False,False
HOMB,"Home BancShares, Inc. Common Stock",29.14,43.3,5829446218.0,48900056,14.3,-8.1,3,3,False,False,False,True,False,True,False,False,False,True,False
CGBD,"Carlyle Secured Lending, Inc. - Closed End Fund",11.47,43.2,789188544.0,5883714,15.3,-15.0,1,4,False,False,False,True,False,True,False,True,False,True,False
MDT,Medtronic plc. Ordinary Shares,90.77,43.2,116107346275.0,711096891,23.8,-14.6,0,3,False,False,False,True,False,False,False,True,False,True,False
WOR,"Worthington Enterprises, Inc. Common Shares",58.94,43.2,2883744649.0,16283158,30.9,-6.6,2,7,False,False,False,True,True,True,True,True,True,True,False
CAAP,Corporacion America Airports SA Common Shares,24.02,43.1,3968563887.0,5103165,38.4,-21.2,5,4,False,False,False,False,False,True,False,True,True,True,False
NLY,Annaly Capital Management Inc. Common Stock,21.44,43.1,16159637636.0,170561563,7.2,-12.6,5,4,False,False,False,False,True,True,True,False,False,True,False
LOGI,Logitech International S.A. - Registered Shares,105.82,43.0,15152189292.0,96822921,27.0,-18.4,0,5,False,False,False,True,True,False,True,True,False,True,False
ZION,Zions Bancorporation N.A. - Common Stock,63.65,43.0,9289931046.0,106692845,37.8,-13.2,5,5,False,False,False,False,True,True,True,False,True,True,False
EME,"EMCOR Group, Inc. Common Stock",756.5,43.0,33369140107.0,321135661,33.9,-20.5,5,4,False,False,False,False,True,True,False,False,True,True,False
SIGI,"Selective Insurance Group, Inc. - Common Stock",87.68,42.9,5223020354.0,44496447,20.5,-12.7,4,5,False,False,False,True,True,True,True,False,False,True,False
AMR,"Alpha Metallurgical Resources, Inc. Common Stock",188.57,42.9,2390887516.0,59877034,41.1,-25.7,1,3,False,False,False,False,False,True,False,True,True,False,False
CBT,Cabot Corporation Common Stock,79.47,42.8,4103116126.0,35165649,36.2,-15.9,5,5,False,False,False,False,True,True,True,False,True,True,False
MAIN,Main Street Capital Corporation Common Stock,56.0,42.8,5236473816.0,30099179,14.4,-15.0,2,3,False,False,False,True,False,True,False,False,False,True,False
AUB,Atlantic Union Bankshares Corporation Common Stock,38.66,42.7,5521223879.0,45524388,25.2,-11.4,5,5,False,False,False,True,True,True,True,False,False,True,False
OC,Owens Corning Inc Common Stock New,126.66,42.7,10012306189.0,136157180,29.9,-20.8,2,4,False,False,False,False,True,True,True,False,False,True,False
QSR,Restaurant Brands International Inc. Common Shares,71.91,42.7,32683734496.0,212990306,13.4,-12.3,5,4,False,False,False,False,True,True,True,False,False,True,False
MDLZ,"Mondelez International, Inc. - Class A Common Stock",61.08,42.6,77956896122.0,520549558,19.3,-8.4,2,5,False,False,False,True,True,True,True,False,False,True,False
COR,"Cencora, Inc. Common Stock",314.43,42.6,60001785491.0,428189035,28.4,-16.7,0,1,False,False,False,False,False,False,False,False,False,True,False
CBSH,"Commerce Bancshares, Inc. - Common Stock",55.68,42.5,7986303671.0,61683909,18.5,-8.6,3,5,False,False,False,True,True,True,True,False,False,True,False
IMKTA,"Ingles Markets, Incorporated - Class A Common Stock",83.84,42.5,1592488484.0,10193041,25.8,-12.3,5,3,False,False,False,False,True,True,False,False,False,True,False
LLYVA,"Liberty Live Holdings, Inc. - Series A Liberty Live Group Common Stock",95.44,42.5,8780993085.0,14555623,28.3,-10.0,5,4,False,False,False,False,True,True,True,False,False,True,False
WFRD,Weatherford International plc - Ordinary shares,84.0,42.4,6007016736.0,97210633,38.1,-25.8,5,3,False,False,False,False,True,True,False,False,True,False,False
TFX,Teleflex Incorporated Common Stock,124.9,42.4,5292312385.0,83632217,24.7,-13.9,5,4,False,False,False,False,True,True,True,False,False,True,False
MYRG,"MYR Group, Inc. - Common Stock",289.05,42.3,4500291713.0,94934670,63.5,-42.6,5,3,False,False,False,False,True,True,False,False,True,False,False
CHD,"Church & Dwight Company, Inc. Common Stock",96.12,42.3,22800039541.0,181272578,18.2,-9.4,4,4,False,False,False,False,True,True,True,False,False,True,False
DEO,Diageo plc Common Stock,87.37,42.3,48634505782.0,100650496,20.6,-15.0,0,2,False,False,False,True,False,False,False,False,False,True,False
MAGN,Magnera Corporation Common Stock,12.09,42.2,432822000.0,5600706,54.6,-22.1,3,3,False,False,False,False,False,True,False,False,True,True,False
PUMP,ProPetro Holding Corp. Common Stock,10.03,42.2,1231923888.0,42298795,112.1,-45.8,5,3,False,False,False,False,True,True,False,False,True,False,False
CTGO,Contango Silver & Gold Inc. Common Stock,19.82,42.1,662794496.0,7056284,36.7,-42.4,0,2,False,False,False,False,False,False,False,True,True,False,False
ECL,Ecolab Inc. Common Stock,276.22,42.1,77432366721.0,368178753,13.6,-10.7,3,3,False,False,False,True,False,True,False,False,False,True,False
AVGO,Broadcom Inc. - Common Stock,364.54,42.0,1740179030987.0,8439077306,25.7,-26.4,0,2,False,False,False,False,True,False,True,False,False,False,False
COLB,"Columbia Banking System, Inc. - Common Stock",29.34,42.0,8300352543.0,92959486,23.1,-12.9,5,4,False,False,False,False,True,True,True,False,False,True,False
VMI,"Valmont Industries, Inc. Common Stock",468.01,42.0,9034866593.0,93678428,29.5,-20.1,5,4,False,False,False,False,True,True,True,False,False,True,False
BXSL,Blackstone Secured Lending Fund Common Shares of Beneficial Interest,24.72,41.9,,35043993,10.0,-13.5,1,4,False,False,False,True,False,True,False,True,False,True,False
PAM,Pampa Energia S.A.,80.69,41.9,4400898362.0,14627653,41.2,-14.6,0,2,False,False,False,False,False,False,False,False,True,True,False
CMPR,Cimpress plc - Ordinary Shares,79.45,41.8,1934565868.0,17109336,31.1,-25.5,5,4,False,False,False,False,True,True,True,False,True,False,False
F,Ford Motor Company Common Stock,13.1,41.8,51309341042.0,689909443,17.9,-26.3,5,3,False,False,False,False,True,True,True,False,False,False,False
HCI,"HCI Group, Inc. Common Stock",180.22,41.8,2241732611.0,29329641,24.5,-14.4,1,3,False,False,False,True,False,True,False,False,False,True,False
UAL,"United Airlines Holdings, Inc. - Common Stock",115.21,41.7,37395296372.0,434561630,36.1,-17.0,5,4,False,False,False,True,False,True,False,False,True,True,False
YETI,"YETI Holdings, Inc. Common Stock",43.58,41.7,3180851730.0,77247462,37.7,-19.3,5,3,False,False,False,False,False,True,False,False,True,True,False
ECG,"Everus Construction Group, Inc. Common Stock",116.27,41.6,5937192212.0,67594348,49.3,-32.2,5,3,False,False,False,False,True,True,False,False,True,False,False
PEN,"Penumbra, Inc. Common Stock",319.39,41.6,12580587493.0,114665797,44.4,-11.9,5,3,False,False,False,False,False,True,False,False,True,True,False
HQY,"HealthEquity, Inc. - Common Stock",91.75,41.5,7589128408.0,80491962,26.1,-14.7,0,4,False,False,False,True,True,False,True,False,False,True,False
MCHP,Microchip Technology Incorporated - Common Stock,75.82,41.5,41170918952.0,741939691,56.3,-28.4,5,3,False,False,False,False,True,True,False,False,True,False,False
ZBH,"Zimmer Biomet Holdings, Inc. Common Stock",93.98,41.5,17925528012.0,209106671,18.8,-12.1,1,5,False,False,False,True,True,True,True,False,False,True,False
SGRY,"Surgery Partners, Inc. - Common Stock",15.8,41.4,2068508508.0,33890883,38.5,-32.6,0,3,False,False,False,True,False,False,False,True,True,False,False
Q,"Qnity Electronics, Inc. Common Stock",124.86,41.4,26121778679.0,234460516,77.1,-29.6,1,3,False,False,False,False,True,True,False,False,True,False,False
WTW,Willis Towers Watson Public Limited Company - Ordinary Shares,301.73,41.3,28022249551.0,174383179,25.4,-14.5,1,3,False,False,False,True,False,True,False,False,False,True,False
AIN,Albany International Corporation Common Stock,60.22,41.3,1710248000.0,18221198,46.3,-21.8,4,5,False,False,False,False,True,True,True,False,True,True,False
LAD,"Lithia Motors, Inc. Common Stock",312.32,41.3,6865766789.0,108524754,30.3,-28.9,2,2,False,False,False,False,False,True,False,False,True,False,False
EXPO,"Exponent, Inc. - Common Stock",66.22,41.2,3148501682.0,32600171,27.6,-19.2,0,2,False,False,False,True,False,False,False,False,False,True,False
LECO,"Lincoln Electric Holdings, Inc. - Common Shares",262.99,41.2,14334469033.0,119554738,21.6,-15.2,5,4,False,False,False,False,True,True,True,False,False,True,False
AEIS,"Advanced Energy Industries, Inc. - Common Stock",273.43,41.1,10950992356.0,179686619,67.6,-31.2,5,3,False,False,False,False,True,True,False,False,True,False,False
CCS,"Century Communities, Inc. Common Stock",63.87,41.1,1816009323.0,18164357,35.1,-16.0,3,4,False,False,False,True,False,True,False,False,True,True,False
LMT,Lockheed Martin Corporation Common Stock,522.34,41.0,120551241922.0,650956170,19.5,-24.5,5,3,False,False,False,False,True,True,False,False,False,True,False
MOS,Mosaic Company (The) Common Stock,24.73,41.0,7861559326.0,188442638,24.9,-33.1,1,3,False,False,False,True,False,True,False,True,False,False,False
VLTO,Veralto Corp Common Stock ,95.79,41.0,23352964422.0,157089849,19.7,-11.2,0,2,False,False,False,True,False,False,False,False,False,True,False
SKYW,"SkyWest, Inc. - Common Stock",101.2,40.9,3929426490.0,38641472,29.9,-14.0,0,2,False,False,False,True,False,False,False,False,False,True,False
VCYT,"Veracyte, Inc. - Common Stock",43.36,40.9,3485742096.0,61556021,47.2,-28.8,0,4,False,False,False,True,True,False,True,False,True,False,False
BH,Biglari Holdings Inc. Class B Common Stock,346.3,40.8,805684265.0,67668209,47.4,-28.4,4,2,False,False,False,False,False,True,False,False,True,False,False
SNA,Snap-On Incorporated Common Stock,371.8,40.8,19232144703.0,131599186,15.9,-12.1,5,4,False,False,False,False,True,True,True,False,False,True,False
TREX,"Trex Company, Inc. Common Stock",44.13,40.8,4495310835.0,86918240,48.2,-18.7,1,6,False,False,False,True,True,True,True,False,True,True,False
DLTR,"Dollar Tree, Inc. - Common Stock",115.04,40.7,21584989597.0,325746292,35.8,-19.2,3,3,False,False,False,False,False,True,False,False,True,True,False
DOW,Dow Inc. Common Stock ,28.2,40.7,20370008050.0,276620099,36.6,-34.0,5,3,False,False,False,False,True,True,False,False,True,False,False
BCPC,Balchem Corporation - Common Stock,168.4,40.6,5368258736.0,33203967,21.0,-8.4,5,4,False,False,False,False,True,True,True,False,False,True,False
GDDY,GoDaddy Inc. Class A Common Stock,98.24,40.6,12441870441.0,196935303,37.2,-33.7,0,3,False,False,False,True,False,False,False,True,True,False,False
CXT,"Crane NXT, Co. Common Stock",48.44,40.5,2788269566.0,28026494,35.6,-29.8,0,2,False,False,False,True,False,False,False,False,True,False,False
ENVA,"Enova International, Inc. Common Stock",168.98,40.5,4207326732.0,81335468,64.0,-36.8,5,4,False,False,False,False,True,True,True,False,True,False,False
TYG,Tortoise Energy Infrastructure Corporation Common Stock,42.48,40.5,506697319.0,5529165,5.3,-17.0,5,3,False,False,False,False,True,True,False,False,False,True,False
VRDN,"Viridian Therapeutics, Inc.  - Common Stock",22.12,40.4,2506024990.0,35424905,67.8,-35.5,0,2,False,False,False,False,False,False,False,True,True,False,False
RRC,Range Resources Corporation Common Stock,38.32,40.4,8954599015.0,108913291,17.3,-20.7,5,3,False,False,False,False,True,True,False,False,False,True,False
EFC,Ellington Financial Inc. Common Stock ,12.7,40.3,1636869802.0,15575871,12.6,-10.1,5,5,False,False,False,True,True,True,True,False,False,True,False
GS,"Goldman Sachs Group, Inc. (The) Common Stock",949.49,40.3,276464340182.0,2098853182,28.3,-17.7,5,4,False,False,False,False,True,True,True,False,False,True,False
HCA,"HCA Healthcare, Inc. Common Stock",438.12,40.3,94853637180.0,625739486,23.8,-21.3,0,2,False,False,False,False,False,False,False,True,False,True,False
CME,CME Group Inc. - Class A Common Stock,267.21,40.2,96083174866.0,557895735,22.4,-18.8,2,4,False,False,False,False,True,True,False,True,False,True,False
MIRM,"Mirum Pharmaceuticals, Inc. - common stock",91.39,40.2,5934154032.0,66769112,44.5,-29.7,5,4,False,False,False,False,True,True,True,False,True,False,False
INMD,InMode Ltd.  - Ordinary Shares,14.45,40.1,830597155.0,7598794,13.6,-13.7,1,3,False,False,False,True,False,True,False,False,False,True,False
LPTH,"LightPath Technologies, Inc. - Class A Common Stock",10.15,40.1,710867958.0,35322869,74.1,-46.4,5,3,False,False,False,False,True,True,False,False,True,False,False
BLK,"BlackRock, Inc. Common Stock",1066.66,40.0,165192843805.0,713734697,16.3,-12.6,1,3,False,False,False,True,False,True,False,False,False,True,False
CL,Colgate-Palmolive Company Common Stock,87.05,40.0,69393894764.0,424882638,16.8,-12.4,4,4,False,False,False,False,True,True,True,False,False,True,False
VIK,Viking Holdings Ltd Ordinary Shares,81.02,40.0,36117584880.0,303639474,43.7,-26.4,5,4,False,False,False,False,True,True,True,False,True,False,False
CENTA,Central Garden & Pet Company - Class A Common Stock Nonvoting,34.7,39.9,2171963151.0,11328103,33.6,-15.0,4,5,False,False,False,False,True,True,True,False,True,True,False
FSUN,FirstSun Capital Bancorp - Common Stock,39.35,39.9,1833079338.0,12402169,31.4,-7.1,2,5,False,False,False,True,False,True,False,True,True,True,False
ALV,"Autoliv, Inc. Common Stock",118.77,39.8,8698384263.0,79695400,19.8,-10.1,2,3,False,False,False,True,False,True,False,False,False,True,False
OMF,"OneMain Holdings, Inc. Common Stock",59.08,39.8,6796649989.0,58871628,29.1,-17.9,5,3,False,False,False,True,False,True,False,False,False,True,False
SPIR,"Spire Global, Inc. Class A Common Stock",12.21,39.8,495999150.0,8389025,85.0,-52.9,5,3,False,False,False,False,True,True,False,False,True,False,False
FCNCA,"First Citizens BancShares, Inc. - Class A Common Stock",2068.01,39.7,23354285091.0,144181242,27.4,-9.9,4,3,False,False,False,True,False,True,False,False,False,True,False
PCAR,PACCAR Inc. - Common Stock,113.9,39.7,59952968147.0,423411095,23.5,-18.2,5,4,False,False,False,False,True,True,True,False,False,True,False
AWK,"American Water Works Company, Inc. Common Stock",133.82,39.6,26593913308.0,294798910,11.0,-8.1,1,5,False,False,False,True,True,True,True,False,False,True,False
FSK,FS KKR Capital Corp. Common Stock,11.31,39.6,3125408567.0,24085691,16.4,-30.7,0,2,False,False,False,True,False,False,False,True,False,False,False
UHS,"Universal Health Services, Inc. Common Stock",179.29,39.6,10566727774.0,139960654,28.0,-27.2,0,1,False,False,False,False,False,False,False,True,False,False,False
FWONA,Liberty Media Corporation - Series A Liberty Formula One Common Stock,86.67,39.5,21728904395.0,14225660,17.6,-12.9,1,5,False,False,False,True,True,True,True,False,False,True,False
DX,"Dynex Capital, Inc. Common Stock",12.1,39.5,3002819696.0,73880991,2.3,-19.0,5,2,False,False,False,False,False,True,False,False,False,True,False
EXTR,"Extreme Networks, Inc. - Common Stock",22.11,39.4,2922294066.0,41074451,64.0,-34.5,5,4,False,False,False,False,True,True,True,False,True,False,False
MAS,Masco Corporation Common Stock,69.96,39.4,13795232603.0,181284055,20.3,-16.4,3,4,False,False,False,False,True,True,True,False,False,True,False
FRME,First Merchants Corporation - Common Stock,40.65,39.3,2552877845.0,18649012,17.3,-10.3,5,5,False,False,False,True,True,True,True,False,False,True,False
FRT,Federal Realty Investment Trust Common Stock,110.46,39.3,9597773631.0,98819890,22.7,-13.8,5,4,False,False,False,False,True,True,True,False,False,True,False
ICE,Intercontinental Exchange Inc. Common Stock,152.93,39.3,85854058897.0,552259728,25.6,-13.1,1,3,False,False,False,False,False,True,False,True,False,True,False
ENSG,"The Ensign Group, Inc. - Common Stock",176.32,39.2,10276358763.0,67526533,24.5,-19.1,0,3,False,False,False,False,True,False,False,True,False,True,False
CTRE,"CareTrust REIT, Inc. Common Stock",37.43,39.2,8844454439.0,90034401,14.2,-14.2,5,4,False,False,False,False,True,True,True,False,False,True,False
FHI,"Federated Hermes, Inc. Common Stock",56.92,39.1,4249663195.0,36186827,22.0,-15.3,5,4,False,False,False,False,True,True,True,False,False,True,False
KVUE,Kenvue Inc. Common Stock,17.86,39.1,34305014121.0,431591627,27.4,-11.3,3,5,False,False,False,True,True,True,True,False,False,True,False
PVH,PVH Corp. Common Stock,75.89,39.1,3501400146.0,75339185,27.3,-24.7,0,2,False,False,False,False,True,False,False,False,False,True,False
FWONK,Liberty Media Corporation - Series C Liberty Formula One Common Stock,94.62,39.0,23722036851.0,199247454,18.1,-13.5,1,5,False,False,False,True,True,True,True,False,False,True,False
AFL,AFLAC Incorporated Common Stock,114.6,39.0,57453941951.0,260667599,8.7,-12.0,5,4,False,False,False,False,True,True,True,False,False,True,False
PRI,"Primerica, Inc. Common Stock",275.65,38.9,8483776528.0,56353562,19.8,-15.8,5,4,False,False,False,False,True,True,True,False,False,True,False
TXNM,"TXNM Energy, Inc. Common Stock",58.63,38.9,6456673133.0,67433199,5.4,-1.5,5,5,False,False,False,True,True,True,False,True,False,True,False
GNRC,Generac Holdlings Inc. Common Stock,206.17,38.8,12165341447.0,256523154,52.9,-30.5,5,4,False,False,False,False,True,True,False,True,True,False,False
RNST,Renasant Corporation Common Stock,39.76,38.8,3634241528.0,25768063,20.3,-10.7,5,4,False,False,False,False,True,True,True,False,False,True,False
SCI,Service Corporation International Common Stock,78.11,38.8,10671347114.0,81272715,14.2,-14.2,2,4,False,False,False,False,True,True,True,False,False,True,False
BNL,"Broadstone Net Lease, Inc. Common Stock",19.12,38.7,3668993606.0,43219131,11.5,-17.2,5,4,False,False,False,False,True,True,True,False,False,True,False
RHLD,Resolute Holdings Management Common Stock ,124.08,38.7,970255348.0,20210950,92.1,-47.5,0,1,False,False,False,False,False,False,False,False,True,False,False
SBUX,Starbucks Corporation - Common Stock,95.11,38.6,108425400000.0,717097346,22.0,-13.9,5,4,False,False,False,False,True,True,True,False,False,True,False
KT,KT Corporation Common Stock,19.5,38.6,9402707457.0,26669631,13.8,-20.7,1,4,False,False,False,False,True,True,False,True,False,True,False
RF,Regions Financial Corporation Common Stock,27.91,38.6,23777352512.0,261703099,23.0,-14.0,5,4,False,False,False,False,True,True,True,False,False,True,False
CART,Maplebear Inc. - Common Stock,44.41,38.5,10280917975.0,194839428,35.7,-15.7,3,6,False,False,False,True,True,True,True,False,True,True,False
NJR,NewJersey Resources Corporation Common Stock,52.72,38.5,5349390113.0,35271449,21.3,-13.4,5,4,False,False,False,False,True,True,True,False,False,True,False
ELAN,Elanco Animal Health Incorporated Common Stock,22.93,38.4,11456328562.0,154055057,24.1,-18.0,5,4,False,False,False,False,True,True,True,False,False,True,False
WTM,"White Mountains Insurance Group, Ltd. Common Stock",2053.6399,38.4,4901465714.0,44165318,24.6,-12.0,5,3,False,False,False,False,True,True,False,False,False,True,False
COCO,"The Vita Coco Company, Inc. - Common Stock",59.6,38.3,3498174201.0,76939416,58.4,-30.6,5,3,False,False,False,False,True,True,False,False,True,False,False
MLI,"Mueller Industries, Inc. Common Stock",59.9,38.3,13248765141.0,95074655,24.1,-15.8,5,4,False,False,False,False,True,True,True,False,False,True,False
VNO,Vornado Realty Trust Common Stock,35.28,38.3,6587500334.0,55651281,43.6,-16.3,2,6,False,False,False,True,True,True,True,False,True,True,False
BTDR,Bitdeer Technologies Group - Ordinary Shares,13.1,38.2,3560347410.0,132601260,89.4,-52.9,0,3,False,False,False,True,False,False,False,True,True,False,False
EVRG,"Evergy, Inc. - Common Stock",79.27,38.2,18277059724.0,167822503,11.0,-10.6,5,4,False,False,False,False,True,True,True,False,False,True,False
KYIV,Kyivstar Group Ltd. - Common Shares,13.04,38.1,3023501657.0,5246139,40.4,-21.2,5,6,False,False,False,True,True,True,True,False,True,True,False
NKTR,Nektar Therapeutics - Common Stock,60.97,38.1,2081698344.0,54892072,82.5,-44.1,5,3,False,False,False,False,True,True,False,False,True,False,False
ABCB,Ameris Bancorp Common Stock,82.69,38.1,5549097593.0,37500672,20.2,-11.3,5,4,False,False,False,False,True,True,True,False,False,True,False
AVO,"Mission Produce, Inc. - Common Stock",12.66,38.0,1110008595.0,9770173,25.7,-18.5,3,3,False,False,False,False,True,True,False,False,False,True,False
GHC,Graham Holdings Company Common Stock,1150.03,38.0,4870294248.0,35922757,23.7,-8.9,5,5,False,False,False,True,True,True,True,False,False,True,False
MCB,Metropolitan Bank Holding Corp. Common Stock,88.36,37.9,1095467664.0,12327853,36.7,-13.4,5,5,False,False,False,False,True,True,True,False,True,True,False
TEL,TE Connectivity plc Ordinary Shares,213.48,37.9,61805283913.0,479243091,12.2,-15.5,0,2,False,False,False,False,False,False,False,True,False,True,False
BCO,Brinks Company (The) Common Stock,107.12,37.8,4412233594.0,56617375,17.6,-21.4,0,1,False,False,False,False,False,False,False,False,False,True,False
HLIO,"Helios Technologies, Inc. Common Stock",68.66,37.8,2262386617.0,23405722,46.1,-27.8,5,4,False,False,False,False,True,True,True,False,True,False,False
PSA,Public Storage Common Stock,289.71,37.8,50879198731.0,317476411,12.9,-13.7,5,4,False,False,False,False,True,True,True,False,False,True,False
LUV,Southwest Airlines Company Common Stock,42.08,37.7,20585881098.0,231127149,43.8,-23.6,5,3,False,False,False,False,False,True,False,False,True,True,False
TFC,Truist Financial Corporation Common Stock,48.07,37.7,58723570857.0,367120553,17.9,-14.5,5,2,False,False,False,False,False,True,False,False,False,True,False
EMN,Eastman Chemical Company Common Stock,67.07,37.6,7671293626.0,77078795,19.5,-19.6,4,3,False,False,False,False,True,True,False,False,False,True,False
FNB,F.N.B. Corporation Common Stock,17.62,37.6,6219877127.0,85935292,21.9,-10.1,5,4,False,False,False,False,True,True,True,False,False,True,False
HTB,"HomeTrust Bancshares, Inc. Common Stock",46.13,37.6,770056393.0,9765191,20.4,-12.1,5,4,False,False,False,False,True,True,True,False,False,True,False
JKHY,"Jack Henry & Associates, Inc. - Common Stock",149.1,37.5,10453789853.0,160821462,23.2,-22.9,0,1,False,False,False,False,False,False,False,False,False,True,False
CAL,"Caleres, Inc. Common Stock",12.79,37.5,441318656.0,6836931,45.3,-15.0,2,5,False,False,False,True,False,True,False,True,True,True,False
CELC,Celcuity Inc. - Common Stock,84.1,37.4,4115173463.0,105033373,89.3,-44.3,0,1,False,False,False,False,False,False,False,False,True,False,False
RLI,RLI Corp. Common Stock (DE),58.13,37.4,5334762746.0,46123558,23.0,-13.4,2,3,False,False,False,True,False,True,False,False,False,True,False
CARS,Cars.com Inc. Common Stock ,10.8,37.3,578153311.0,7506926,45.9,-21.1,2,3,False,False,False,False,False,True,False,False,True,True,False
LOB,"Live Oak Bancshares, Inc. Common Stock",37.87,37.3,1752760689.0,8899427,29.0,-15.0,5,4,False,False,False,False,True,True,True,False,False,True,False
MCO,Moody's Corporation Common Stock,469.25,37.3,81274100000.0,381168046,16.6,-14.2,2,2,False,False,False,False,False,True,False,False,False,True,False
CUBE,CubeSmart Common Shares,38.56,37.2,8682256476.0,95089626,9.9,-10.9,4,4,False,False,False,False,True,True,True,False,False,True,False
TT,Trane Technologies plc,437.82,37.2,96330547354.0,512758519,25.8,-13.5,5,4,False,False,False,False,True,True,True,False,False,True,False
GBDC,"Golub Capital BDC, Inc. - Closed End Fund",12.53,37.1,3253434410.0,14859935,6.5,-13.0,2,3,False,False,False,True,False,True,False,False,False,True,False
BBT,Beacon Financial Corporation Common stock,28.42,37.1,2382053164.0,26707483,24.6,-13.4,5,4,False,False,False,False,True,True,True,False,False,True,False
MHO,"M/I Homes, Inc. Common Stock",142.67,37.1,3607130033.0,31263959,22.2,-12.8,3,5,False,False,False,True,True,True,True,False,False,True,False
DNP,"DNP Select Income Fund, Inc. Common Stock",10.1,37.0,,6853349,4.2,-9.5,5,4,False,False,False,False,True,True,True,False,False,True,False
OMC,Omnicom Group Inc. Common Stock,75.34,37.0,20669225154.0,243843705,13.6,-15.9,5,4,False,False,False,False,True,True,True,False,False,True,False
CENX,Century Aluminum Company - Common Stock,39.4,36.9,3900335823.0,86320993,55.1,-44.1,5,3,False,False,False,False,True,True,False,False,True,False,False
EFSC,Enterprise Financial Services Corporation - Common Stock,60.39,36.9,2185666283.0,16260074,18.0,-12.1,5,4,False,False,False,False,True,True,True,False,False,True,False
HMN,Horace Mann Educators Corporation Common Stock,47.21,36.8,1912054759.0,14063518,14.3,-15.0,5,5,False,False,False,True,True,True,True,False,False,True,False
KRG,Kite Realty Group Trust Common Stock,25.09,36.8,5026704549.0,66549872,17.6,-16.1,5,4,False,False,False,False,True,True,True,False,False,True,False
SGHC,Super Group (SGHC) Limited Ordinary Shares,12.35,36.8,6274748332.0,32992214,46.0,-22.1,5,5,False,False,False,False,True,True,True,False,True,True,False
BXP,"BXP, Inc. Common Stock",64.31,36.7,10267834666.0,95262216,29.3,-16.8,0,2,False,False,False,True,False,False,False,False,False,True,False
LXU,"LSB Industries, Inc. Common Stock",10.51,36.7,756693767.0,9043751,36.3,-39.0,5,3,False,False,False,False,True,True,False,False,True,False,False
SLM,SLM Corporation - Common Stock,24.25,36.6,4557713732.0,58036781,36.5,-21.9,0,3,False,False,False,True,False,False,False,False,True,True,False
AMH,American Homes 4 Rent Common Shares of Beneficial Interest,31.28,36.6,11235148648.0,76836189,14.9,-10.8,3,5,False,False,False,True,True,True,True,False,False,True,False
ARR,"ARMOUR Residential REIT, Inc.",14.99,36.6,2504789996.0,63075253,7.2,-22.4,5,3,False,False,False,False,True,True,False,False,False,True,False
T,AT&T Inc.,25.1,36.5,171994879815.0,1232338248,26.2,-14.7,1,5,False,False,False,True,True,True,False,True,False,True,False
TSLX,"Sixth Street Specialty Lending, Inc. Common Stock",18.35,36.5,1749546601.0,8107332,14.4,-22.1,0,3,False,False,False,True,False,False,False,True,False,True,False
REG,Regency Centers Corporation - Common Stock,73.53,36.4,13464853821.0,102668716,10.0,-12.1,5,4,False,False,False,False,True,True,True,False,False,True,False
FTS,Fortis Inc. Common Shares,53.84,36.4,27506856000.0,42186367,10.1,-9.4,5,3,False,False,False,False,True,True,False,False,False,True,False
KNSL,"Kinsale Capital Group, Inc. Common Stock",351.83,36.4,8014133268.0,88353218,22.5,-27.5,0,0,False,False,False,False,False,False,False,False,False,False,False
ACGL,Arch Capital Group Ltd. - Common Stock,94.95,36.3,32399705514.0,257540369,15.2,-11.3,5,4,False,False,False,False,True,True,True,False,False,True,False
LEA,Lear Corporation Common Stock,122.4,36.3,6037351114.0,86752994,27.4,-18.6,5,4,False,False,False,False,True,True,True,False,False,True,False
NVST,Envista Holdings Corporation Common Stock,24.18,36.2,3883736204.0,75714896,28.8,-20.5,5,4,False,False,False,False,True,True,True,False,False,True,False
STAG,"Stag Industrial, Inc. Common Stock",37.32,36.2,7195606838.0,62565702,8.5,-12.4,0,3,False,False,False,False,True,False,True,False,False,True,False
FOXF,Fox Factory Holding Corp. - Common Stock,18.89,36.1,793965609.0,10245187,44.4,-28.2,1,3,False,False,False,True,False,True,False,False,True,False,False
ATR,"AptarGroup, Inc. Common Stock",125.45,36.1,7976252633.0,59606637,21.5,-14.6,2,4,False,False,False,False,True,True,True,False,False,True,False
OSK,Oshkosh Corporation (Holding Company)Common Stock,138.04,36.1,8522554952.0,106714534,18.2,-23.5,3,4,False,False,False,False,True,True,True,False,False,True,False
COLM,Columbia Sportswear Company - Common Stock,58.43,36.0,2991218325.0,40709242,23.1,-15.4,5,3,False,False,False,False,True,True,False,False,False,True,False
ETR,Entergy Corporation Common Stock,101.16,36.0,47204442338.0,280333932,14.9,-14.6,5,3,False,False,False,False,True,True,False,False,False,True,False
MLYS,"Mineralys Therapeutics, Inc. - Common Stock",29.4,35.9,2599162419.0,26496063,31.8,-38.3,0,3,False,False,False,True,False,False,False,True,True,False,False
GWRE,"Guidewire Software, Inc. Common Stock",150.46,35.9,12336616978.0,228534655,47.1,-41.2,0,1,False,False,False,False,False,False,False,False,True,False,False
PNFP,"Pinnacle Financial Partners, Inc. Common stock",94.6,35.9,14295255744.0,112433373,16.7,-14.3,4,2,False,False,False,False,False,True,False,False,False,True,False
MELI,"MercadoLibre, Inc. - Common Stock",1826.58,35.8,92601764597.0,901051594,22.2,-28.3,0,0,False,False,False,False,False,False,False,False,False,False,False
PLOW,"Douglas Dynamics, Inc. Common Stock",39.89,35.8,920543365.0,11375549,39.9,-27.5,5,3,False,False,False,False,True,True,False,False,True,False,False
ARE,"Alexandria Real Estate Equities, Inc. Common Stock",53.85,35.7,9383231645.0,98540022,36.6,-38.5,1,4,False,False,False,True,False,True,False,True,True,False,False
GD,General Dynamics Corporation Common Stock,343.39,35.7,92906635191.0,403357391,11.9,-14.2,5,4,False,False,False,False,True,True,True,False,False,True,False
NWN,Northwest Natural Holding Company Common Stock,47.78,35.6,2011229246.0,11681115,12.7,-14.7,5,3,False,False,False,False,True,True,False,False,False,True,False
SMA,"SmartStop Self Storage REIT, Inc. Common Stock",32.44,35.6,1796167213.0,25275187,10.3,-16.2,1,5,False,False,False,True,True,True,True,False,False,True,False
WMK,"Weis Markets, Inc. Common Stock",72.72,35.6,1799427094.0,13115285,21.2,-13.2,4,5,False,False,False,True,True,True,True,False,False,True,False
PCRX,"Pacira BioSciences, Inc. - Common Stock",24.7,35.5,984588584.0,15217918,31.4,-10.7,2,6,False,False,False,True,True,True,True,False,True,True,False
DCI,"Donaldson Company, Inc. Common Stock",86.05,35.5,9974146369.0,63448784,8.3,-23.7,5,2,False,False,False,False,False,True,False,False,False,True,False
CRCL,"Circle Internet Group, Inc. Class A Common Stock",94.59,35.4,24014119584.0,1138332233,89.6,-40.7,1,5,False,False,False,True,True,True,False,True,True,False,False
ED,"Consolidated Edison, Inc. Common Stock",103.84,35.4,38403005251.0,233144689,9.4,-10.7,5,3,False,False,False,False,True,True,False,False,False,True,False
RJF,"Raymond James Financial, Inc. Common Stock",159.39,35.4,30660533116.0,209393804,14.8,-12.8,2,2,False,False,False,False,False,True,False,False,False,True,False
BTU,Peabody Energy Corporation Common Stock ,26.79,35.3,3265701000.0,62856938,33.5,-34.9,0,2,False,False,False,False,False,False,False,True,True,False,False
MOD,Modine Manufacturing Company Common Stock,195.96,35.3,10407966260.0,277788868,76.3,-39.4,5,3,False,False,False,False,True,True,False,False,True,False,False
LINE,"Lineage, Inc. - Common Stock",37.4,35.2,8516354449.0,36733937,19.4,-18.3,4,4,False,False,False,False,True,True,True,False,False,True,False
D,"Dominion Energy, Inc. Common Stock",62.43,35.2,54908804996.0,276357964,11.8,-14.5,5,4,False,False,False,False,True,True,True,False,False,True,False
DSGX,The Descartes Systems Group Inc. - Common Stock,78.86,35.1,6746358890.0,46928642,26.1,-24.5,0,3,False,False,False,True,False,False,False,True,False,True,False
MRP,"Millrose Properties, Inc. Class A Common Stock",28.73,35.1,4770556943.0,35554452,9.2,-18.1,1,5,False,False,False,True,True,True,True,False,False,True,False
UTF,"Cohen & Steers Infrastructure Fund, Inc Common Stock",24.8,35.1,,7393809,5.9,-11.8,5,4,False,False,False,False,True,True,True,False,False,True,False
CBU,"Community Financial System, Inc. Common Stock",61.14,35.0,3216936432.0,16521727,14.4,-14.0,5,4,False,False,False,False,True,True,True,False,False,True,False
TM,Toyota Motor Corporation Common Stock,192.06,35.0,250329697416.0,69435241,15.6,-22.8,0,2,False,False,False,False,False,False,False,True,False,True,False
ITRI,"Itron, Inc. - Common Stock",93.33,34.9,4086617657.0,77135000,20.0,-34.3,0,1,False,False,False,True,False,False,False,False,False,False,False
AAUC,Allied Gold Corporation Common Shares,22.95,34.9,3198034144.0,15662841,57.2,-28.7,5,3,False,False,False,False,False,True,False,True,True,False,False
SHW,Sherwin-Williams Company (The) Common Stock,328.35,34.9,79709638881.0,614260754,13.3,-13.1,0,1,False,False,False,False,False,False,False,False,False,True,False
ESE,ESCO Technologies Inc. Common Stock,261.81,34.8,6782860116.0,62485509,35.2,-27.7,5,3,False,False,False,False,True,True,False,False,True,False,False
NVS,Novartis AG Common Stock,141.28,34.8,269583669209.0,300525662,16.2,-17.1,5,3,False,False,False,False,True,True,False,False,False,True,False
FFIN,"First Financial Bankshares, Inc. - Common Stock",32.31,34.7,4630911751.0,24822271,14.9,-11.5,3,4,False,False,False,False,True,True,True,False,False,True,False
KIM,Kimco Realty Corporation (HC) Common Stock,22.55,34.7,15126300361.0,117590116,14.1,-15.4,5,4,False,False,False,False,True,True,True,False,False,True,False
PB,"Prosperity Bancshares, Inc. Common Stock",68.86,34.6,8275372451.0,67868862,12.8,-10.8,4,2,False,False,False,False,False,True,False,False,False,True,False
PRG,"PROG Holdings, Inc. Common Stock",34.2,34.6,1362241849.0,22505581,32.6,-28.3,5,4,False,False,False,False,True,True,True,False,True,False,False
UPS,"United Parcel Service, Inc. Common Stock",95.87,34.6,81564430266.0,518881747,16.9,-21.7,5,4,False,False,False,False,True,True,True,False,False,True,False
BAH,Booz Allen Hamilton Holding Corporation Common Stock,76.28,34.5,9175337740.0,139244668,28.2,-30.1,0,1,False,False,False,False,False,False,False,True,False,False,False
FTV,Fortive Corporation Common Stock ,55.95,34.5,16897854059.0,148617502,18.3,-13.3,5,4,False,False,False,False,True,True,True,False,False,True,False
OCUL,"Ocular Therapeutix, Inc. - Common Stock",10.5,34.4,2305966614.0,24110920,68.5,-36.1,0,3,False,False,False,True,False,False,False,True,True,False,False
VNOM,"Viper Energy, Inc.  - Class A Common Stock",40.77,34.4,14644375788.0,69964079,16.2,-20.3,5,3,False,False,False,False,True,True,False,False,False,True,False
RMD,ResMed Inc. Common Stock,221.97,34.4,32019684363.0,306404797,23.1,-22.1,0,2,False,False,False,False,False,False,False,True,False,True,False
CMRE,Costamare Inc. Common Stock $0.0001 par value,14.87,34.3,1793154846.0,5570850,37.2,-17.7,5,4,False,False,False,False,True,True,False,False,True,True,False
NP,Neptune Insurance Holdings Inc. Class A Common Stock,27.55,34.3,3780771630.0,18021636,86.4,-21.6,2,5,False,False,False,False,True,True,True,False,True,True,False
WTFC,Wintrust Financial Corporation - Common Stock,144.7,34.2,9762325425.0,90146112,21.0,-13.5,5,4,False,False,False,False,True,True,True,False,False,True,False
HLT,Hilton Worldwide Holdings Inc. Common Stock ,308.44,34.2,69419020840.0,620338864,21.7,-13.8,5,3,False,False,False,False,True,True,False,False,False,True,False
ODD,ODDITY Tech Ltd. - Class A Ordinary Shares,18.78,34.1,1064012544.0,19223339,103.0,-70.5,0,2,False,False,False,False,False,False,False,True,True,False,False
KMT,Kennametal Inc. Common Stock,29.6,34.1,2261144918.0,44776974,45.5,-32.4,5,3,False,False,False,False,True,True,False,False,True,False,False
PG,Procter & Gamble Company (The) Common Stock,148.22,34.1,344527468153.0,1252162231,7.7,-11.4,1,5,False,False,False,True,True,True,False,True,False,True,False
MTN,"Vail Resorts, Inc. Common Stock",138.98,34.0,4952347443.0,98205252,17.3,-14.9,3,3,False,False,False,True,False,True,False,False,False,True,False
OBDC,Blue Owl Capital Corporation Common Stock,11.14,34.0,5493608219.0,40290729,5.9,-20.1,0,2,False,False,False,True,False,False,False,False,False,True,False
AMBA,"Ambarella, Inc. - Ordinary Shares",67.06,33.9,2960093515.0,125094213,38.8,-30.6,0,1,False,False,False,False,False,False,False,False,True,False,False
DUOL,"Duolingo, Inc. - Class A Common Stock",147.71,33.9,6910799794.0,169777607,68.1,-58.2,0,3,False,False,False,True,False,False,False,True,True,False,False
HR,Healthcare Realty Trust Incorporated Common Stock,18.18,33.9,6230645237.0,72916303,11.5,-17.5,5,4,False,False,False,False,True,True,True,False,False,True,False
GFS,GlobalFoundries Inc. - Ordinary Share,47.95,33.8,26728222014.0,210360818,49.8,-48.2,5,3,False,False,False,False,True,True,False,False,True,False,False
AX,"Axos Financial, Inc. Common Stock",89.13,33.8,5056776467.0,33655627,19.0,-15.7,3,4,False,False,False,False,True,True,True,False,False,True,False
POWI,"Power Integrations, Inc. - Common Stock",51.46,33.7,2875239915.0,42729236,66.8,-43.6,5,3,False,False,False,False,True,True,False,False,True,False,False
SYY,Sysco Corporation Common Stock,78.67,33.7,38698871233.0,287579264,15.4,-14.3,3,4,False,False,False,False,True,True,True,False,False,True,False
TOST,"Toast, Inc. Class A Common Stock",29.65,33.7,17137700000.0,304889723,33.2,-27.6,0,1,False,False,False,False,False,False,False,False,True,False,False
HLF,Herbalife Ltd. Common Shares,12.23,33.6,1281745337.0,19612217,61.8,-40.0,5,3,False,False,False,False,False,True,False,True,True,False,False
RQI,Cohen & Steers Quality Income Realty Fund Inc Common Shares,11.54,33.6,1549826708.0,8050384,2.1,-15.0,5,3,False,False,False,False,True,True,False,False,False,True,False
CINF,Cincinnati Financial Corporation - Common Stock,165.83,33.5,25451264202.0,114066385,10.6,-14.9,5,4,False,False,False,False,True,True,True,False,False,True,False
WPC,W. P. Carey Inc. REIT,66.89,33.5,15238671036.0,94076438,6.0,-13.4,5,4,False,False,False,False,True,True,True,False,False,True,False
GLXY,Galaxy Digital Inc. - Class A common stock,27.17,33.4,10620456575.0,137865760,65.4,-40.8,0,3,False,False,False,True,False,False,False,True,True,False,False
BRC,Brady Corporation Common Stock,83.39,33.4,3910925455.0,19147631,18.2,-16.0,5,4,False,False,False,False,True,True,True,False,False,True,False
TPL,Texas Pacific Land Corporation Common Stock,355.24,33.4,24502566389.0,138826833,31.9,-35.1,5,3,False,False,False,False,True,True,False,False,True,False,False
GE,GE Aerospace Common Stock,319.22,33.3,331210705400.0,1373118629,18.7,-17.9,5,4,False,False,False,False,True,True,True,False,False,True,False
SKT,Tanger Inc. Common Stock,35.6,33.3,4089692008.0,34327894,14.4,-16.3,5,4,False,False,False,False,True,True,True,False,False,True,False
L,Loews Corporation Common Stock,105.91,33.2,21650939825.0,90921156,10.1,-12.5,5,4,False,False,False,False,True,True,True,False,False,True,False
SMP,"Standard Motor Products, Inc. Common Stock",37.69,33.2,842005643.0,6557210,10.0,-18.1,2,2,False,False,False,False,False,True,False,False,False,True,False
SWX,"Southwest Gas Holdings, Inc. Common Stock (DE)",83.49,33.2,6048504267.0,49142972,8.8,-11.6,5,4,False,False,False,False,True,True,True,False,False,True,False
MRTN,"Marten Transport, Ltd. - Common Stock",13.34,33.1,1089366664.0,9887862,42.7,-27.8,5,3,False,False,False,False,True,True,False,False,True,False,False
RSG,"Republic Services, Inc. Common Stock",213.88,33.1,65492831735.0,335871147,8.9,-8.4,1,4,False,False,False,False,True,True,True,False,False,True,False
NXPI,NXP Semiconductors N.V. - Common Stock,237.57,33.0,59906642817.0,912401429,29.8,-30.1,5,2,False,False,False,False,True,True,False,False,False,False,False
DXC,DXC Technology Company Common Stock ,10.93,33.0,1746381071.0,34350772,38.4,-30.3,0,2,False,False,False,False,False,False,False,True,True,False,False
CE,Celanese Corporation Common Stock,47.44,32.9,5206489049.0,83033102,35.0,-32.9,5,4,False,False,False,False,True,True,False,True,True,False,False
FSS,Federal Signal Corporation Common Stock,115.69,32.9,7061903977.0,50374920,14.3,-14.0,2,4,False,False,False,False,True,True,True,False,False,True,False
RYZ,Ryerson Holding Corporation Common Stock,24.17,32.9,1254390443.0,12823143,25.0,-24.5,5,2,False,False,False,False,False,True,False,False,False,True,False
CVCO,"Cavco Industries, Inc. - Common Stock",558.39,32.8,4293685183.0,62248851,26.0,-21.7,0,1,False,False,False,False,False,False,False,False,False,True,False
DASH,"DoorDash, Inc. - Common Stock",192.21,32.8,83284196471.0,830175161,34.1,-32.7,1,3,False,False,False,True,False,True,False,False,True,False,False
VSEC,VSE Corporation - Common Stock,183.42,32.7,5147677164.0,80661154,18.6,-26.0,5,3,False,False,False,False,True,True,True,False,False,False,False
NTST,NetSTREIT Corp. Common Stock,18.31,32.7,1858977643.0,31788936,7.6,-18.5,5,4,False,False,False,False,True,True,True,False,False,True,False
ZWS,Zurn Elkay Water Solutions Corporation Common Stock,46.91,32.7,7780684790.0,45074846,8.9,-14.7,5,4,False,False,False,False,True,True,True,False,False,True,False
FLOC,Flowco Holdings Inc. Class A Common Stock,19.08,32.6,1723939590.0,11386933,36.0,-32.5,5,3,False,False,False,False,True,True,False,False,True,False,False
OGE,OGE Energy Corp Common Stock,45.11,32.6,9318881857.0,67646232,8.2,-10.8,5,3,False,False,False,False,True,True,False,False,False,True,False
ALKT,"Alkami Technology, Inc. - Common Stock",18.09,32.5,1934580418.0,26083239,29.4,-31.5,0,0,False,False,False,False,False,False,False,False,False,False,False
BKSY,BlackSky Technology Inc. Class A Common Stock,23.19,32.5,949047179.0,24565361,86.9,-56.1,5,3,False,False,False,False,True,True,False,False,True,False,False
TCBI,"Texas Capital Bancshares, Inc. - Common Stock",94.47,32.4,4107023639.0,45951167,25.3,-13.3,5,4,False,False,False,False,True,True,True,False,False,True,False
TRS,TriMas Corporation - Common Stock,38.7,32.4,1388318885.0,15170831,27.2,-14.8,5,4,False,False,False,False,True,True,True,False,False,True,False
WFC,Wells Fargo & Company Common Stock,83.15,32.4,251445544788.0,1259976535,14.2,-14.9,4,2,False,False,False,False,False,True,False,False,False,True,False
AEP,"American Electric Power Company, Inc. - Common Stock",120.27,32.3,65474669525.0,477583742,13.3,-14.4,5,3,False,False,False,False,True,True,False,False,False,True,False
PPG,"PPG Industries, Inc. Common Stock",107.77,32.3,23957271000.0,186602903,15.4,-19.2,4,4,False,False,False,False,True,True,True,False,False,True,False
AD,"Array Digital Infrastructure, Inc. Common Shares",35.38,32.2,3060370000.0,7279001,5.0,-41.8,5,2,False,False,False,False,True,True,False,False,False,False,False
AYI,Acuity Inc. Common Stock,310.77,32.2,9303069941.0,84745993,20.9,-18.3,0,1,False,False,False,False,False,False,False,False,False,True,False
INVH,Invitation Homes Inc. Common Stock,27.14,32.2,16029514354.0,127034172,11.9,-12.1,3,4,False,False,False,False,True,True,True,False,False,True,False
IRON,"Disc Medicine, Inc. - Common Stock",68.48,32.1,2629141957.0,32193325,71.2,-31.2,0,1,False,False,False,False,False,False,False,False,True,False,False
CRC,California Resources Corporation Common Stock,52.03,32.1,4621299033.0,45506368,20.3,-27.7,5,2,False,False,False,False,True,True,False,False,False,False,False
CI,The Cigna Group Common Stock,273.74,32.0,72333190638.0,470185422,14.3,-13.2,1,4,False,False,False,False,True,True,True,False,False,True,False
TEX,Terex Corporation Common Stock,58.79,32.0,6719697000.0,73568918,41.0,-21.3,5,5,False,False,False,False,True,True,True,False,True,True,False
MGRC,McGrath RentCorp - Common Stock,113.47,31.9,2771579981.0,17480468,19.5,-9.8,2,5,False,False,False,True,True,True,True,False,False,True,False
NCI,Neo-Concept International Group Holdings Limited - Class A Ordinary Shares,14.31,31.9,33832875.0,9058163,459.0,-87.0,1,4,False,False,False,False,True,True,False,True,True,False,False
KEY,KeyCorp Common Stock,20.48,31.9,21854792786.0,253111577,24.3,-14.9,5,4,False,False,False,False,True,True,True,False,False,True,False
TPG,TPG Inc. - Class A Common Stock,45.62,31.8,17240654105.0,132016472,23.5,-35.2,0,0,False,False,False,False,False,False,False,False,False,False,False
PNW,Pinnacle West Capital Corporation Common Stock,93.16,31.8,11290734319.0,111682262,8.4,-16.2,5,3,False,False,False,False,True,True,False,False,False,True,False
EXR,Extra Space Storage Inc Common Stock,134.99,31.7,28519277634.0,179195259,7.4,-15.0,4,4,False,False,False,False,True,True,True,False,False,True,False
TRP,TC Energy Corporation Common Stock,59.78,31.7,59780000000.0,150100989,21.3,-16.4,5,3,False,False,False,False,True,True,False,False,False,True,False
WRB,W.R. Berkley Corporation Common Stock,68.17,31.7,25306580652.0,181081500,8.4,-13.7,0,3,False,False,False,False,True,False,True,False,False,True,False
HLIT,Harmonic Inc. - Common Stock,11.29,31.6,1231360164.0,18864972,33.3,-36.1,5,3,False,False,False,False,True,True,False,False,True,False,False
EPAM,"EPAM Systems, Inc. Common Stock",111.54,31.6,5754011861.0,149428441,52.7,-49.9,0,2,False,False,False,False,False,False,False,True,True,False,False
BKD,Brookdale Senior Living Inc. Common Stock,11.39,31.5,2720128500.0,64489093,45.3,-33.4,5,3,False,False,False,False,True,True,False,False,True,False,False
POR,Portland General Electric Co Common Stock,47.37,31.5,5571078644.0,52575972,11.3,-13.3,5,3,False,False,False,False,True,True,False,False,False,True,False
COIN,"Coinbase Global, Inc. - Class A Common Stock",201.07,31.4,53049690108.0,1619877804,44.5,-50.0,0,3,False,False,False,True,False,False,False,True,True,False,False
BJ,"BJ's Wholesale Club Holdings, Inc. Common Stock",90.97,31.4,11490847531.0,157536547,9.3,-14.0,2,2,False,False,False,False,False,True,False,False,False,True,False
NBHC,National Bank Holdings Corporation Common Stock,40.14,31.4,1787817417.0,17331025,14.5,-15.1,5,4,False,False,False,False,True,True,True,False,False,True,False
DLB,Dolby Laboratories Common Stock,58.4,31.3,5470257628.0,57392558,21.0,-20.0,0,1,False,False,False,False,False,False,False,False,False,True,False
FHN,First Horizon Corporation Common Stock,23.34,31.3,11057958868.0,136009067,17.9,-12.1,5,4,False,False,False,False,True,True,True,False,False,True,False
FIZZ,National Beverage Corp. - Common Stock,31.12,31.2,2913308198.0,12441109,7.4,-18.7,1,4,False,False,False,False,True,True,True,False,False,True,False
ODFL,"Old Dominion Freight Line, Inc. - Common Stock",177.31,31.2,36766402647.0,348228324,40.7,-29.6,5,3,False,False,False,False,True,True,False,False,True,False,False
ORI,Old Republic International Corporation Common Stock,38.78,31.2,9362768715.0,51474718,5.8,-17.1,5,2,False,False,False,False,False,True,False,False,False,True,False
VERA,"Vera Therapeutics, Inc. - Class A Common Stock",36.26,31.1,2613016527.0,76862617,57.3,-35.3,5,3,False,False,False,False,False,True,False,True,True,False,False
MTX,Minerals Technologies Inc. Common Stock,67.31,31.1,2095276970.0,15642897,24.8,-20.2,5,3,False,False,False,False,True,True,False,False,False,True,False
LKFN,Lakeland Financial Corporation - Common Stock,59.25,31.0,1472827020.0,10163723,9.0,-10.8,2,4,False,False,False,False,True,True,True,False,False,True,False
RYTM,"Rhythm Pharmaceuticals, Inc. - Common Stock",99.27,31.0,6834946180.0,66062450,33.2,-18.8,3,3,False,False,False,False,False,True,False,False,True,True,False
NNN,"NNN REIT, Inc. Common Stock",41.6,31.0,7984346240.0,69559897,6.9,-16.8,5,4,False,False,False,False,True,True,True,False,False,True,False
CMC,Commercial Metals Company Common Stock,65.0,30.9,7190581775.0,76325661,22.5,-23.4,5,2,False,False,False,False,False,True,False,False,False,True,False
NU,Nu Holdings Ltd. Class A Ordinary Shares,14.16,30.9,68756338629.0,1165161927,26.4,-25.4,0,0,False,False,False,False,False,False,False,False,False,False,False
ECHO,EchoStar Corporation - Common stock,95.46,30.8,27761280468.0,361072035,45.2,-35.2,5,3,False,False,False,False,False,True,False,True,True,False,False
EMA,Emera Incorporated Common Shares,48.76,30.8,14979072000.0,24521930,5.6,-12.1,5,3,False,False,False,False,True,True,False,False,False,True,False
TCMD,"Tactile Systems Technology, Inc. - Common Stock",22.68,30.7,513753846.0,7792600,69.4,-40.0,0,1,False,False,False,False,False,False,False,False,True,False,False
UTHR,United Therapeutics Corporation - Common Stock,497.59,30.7,21341979432.0,297769764,21.6,-18.3,5,3,False,False,False,False,True,True,False,False,False,True,False
EVTC,"Evertec, Inc. Common Stock",27.9,30.7,1667095922.0,12588429,27.9,-19.8,1,2,False,False,False,False,False,True,False,False,False,True,False
CAG,"ConAgra Brands, Inc. Common Stock",14.78,30.6,7095399438.0,185769653,18.0,-27.3,0,0,False,False,False,False,False,False,False,False,False,False,False
IE,Ivanhoe Electric Inc. Common Stock,10.74,30.6,1713999382.0,21292167,36.7,-50.2,0,2,False,False,False,False,False,False,False,True,True,False,False
KE,"Kimball Electronics, Inc. - Common Stock",26.66,30.5,639626587.0,5016034,26.9,-17.9,0,3,False,False,False,True,False,False,False,True,False,True,False
ES,Eversource Energy (D/B/A) Common Stock,66.38,30.5,25003670171.0,156092794,4.6,-13.3,5,4,False,False,False,False,True,True,True,False,False,True,False
RDN,Radian Group Inc. Common Stock,34.69,30.5,4589532721.0,44200838,10.1,-15.5,5,4,False,False,False,False,True,True,True,False,False,True,False
PECO,"Phillips Edison & Company, Inc. - Common Stock",37.09,30.4,4773483000.0,35325917,12.5,-16.4,5,4,False,False,False,False,True,True,True,False,False,True,False
GMED,"Globus Medical, Inc. Class A Common Stock",75.19,30.4,10095153314.0,116470860,38.9,-25.8,0,1,False,False,False,False,False,False,False,False,True,False,False
DIS,Walt Disney Company (The) Common Stock,103.82,30.3,179264634166.0,978141123,12.6,-11.3,1,4,False,False,False,True,False,True,False,True,False,True,False
FE,FirstEnergy Corp. Common Stock,44.73,30.3,25882564158.0,204236677,4.0,-14.5,5,3,False,False,False,False,True,True,False,False,False,True,False
RMBS,"Rambus, Inc. - Common Stock",105.24,30.2,11414499100.0,239355806,35.1,-39.6,0,3,False,False,False,False,True,False,False,True,True,False,False
BTI,"British American Tobacco  Industries, p.l.c. Common Stock ADR",55.75,30.2,120438595691.0,271680573,11.8,-17.2,5,3,False,False,False,False,True,True,False,False,False,True,False
GTY,Getty Realty Corporation Common Stock,29.45,30.2,1823917986.0,18527662,16.0,-20.0,5,4,False,False,False,False,True,True,True,False,False,True,False
ELS,"Equity Lifestyle Properties, Inc. Common Stock",60.26,30.1,11694333941.0,99225357,2.6,-12.7,5,4,False,False,False,False,True,True,True,False,False,True,False
GRBK,"Green Brick Partners, Inc. Common Stock",68.8,30.1,2959135885.0,21538162,13.8,-17.3,5,4,False,False,False,False,True,True,True,False,False,True,False
AOSL,Alpha and Omega Semiconductor Limited - Common Shares,28.28,30.0,855731731.0,18184120,66.3,-48.0,5,3,False,False,False,False,True,True,False,False,True,False,False
WMG,Warner Music Group Corp. - Class A Common Stock,27.39,30.0,14327976573.0,56350267,17.4,-22.7,0,2,False,False,False,False,False,False,False,True,False,True,False
AMT,American Tower Corporation (REIT) Common Stock,175.25,30.0,81659498412.0,444704494,9.5,-11.2,1,4,False,False,False,False,True,True,False,True,False,True,False
STOK,"Stoke Therapeutics, Inc. - Common Stock",29.2,29.9,1884166266.0,24380185,43.7,-27.4,1,3,False,False,False,False,True,True,False,False,True,False,False
SR,Spire Inc. Common Stock,78.5,29.9,4640355350.0,39592842,3.9,-17.6,0,2,False,False,False,False,True,False,False,False,False,True,False
BBAR,Banco BBVA Argentina S.A. ADS,14.13,29.8,2885864472.0,10252982,82.1,-37.1,0,1,False,False,False,False,False,False,False,False,True,False,False
BRX,Brixmor Property Group Inc. Common Stock,27.96,29.8,8580149955.0,76583743,13.4,-14.9,5,4,False,False,False,False,True,True,True,False,False,True,False
ADUR,Aduro Clean Technologies Inc. - Common Stock,12.67,29.7,452379157.0,6287199,40.8,-30.3,1,4,False,False,False,False,True,True,True,False,True,False,False
ABT,Abbott Laboratories Common Stock,103.69,29.7,179423443962.0,1022082020,26.5,-24.6,0,1,False,False,False,False,False,False,False,False,False,True,False
RBC,RBC Bearings Incorporated Common Stock,499.88,29.7,15825823391.0,145822213,37.1,-25.1,5,3,False,False,False,False,True,True,False,False,True,False,False
CWST,"Casella Waste Systems, Inc. - Class A Common Stock",85.76,29.6,5457770345.0,50534372,15.8,-20.6,0,1,False,False,False,False,False,False,False,False,False,True,False
FBK,FB Financial Corporation Common Stock,53.2,29.6,2658836942.0,25572213,8.0,-15.1,5,2,False,False,False,False,False,True,False,False,False,True,False
AROC,"Archrock, Inc. Common Stock",30.4,29.5,5330280824.0,61721686,32.9,-28.0,5,3,False,False,False,False,True,True,False,False,True,False,False
BKU,"BankUnited, Inc. Common Stock",43.78,29.5,3118547861.0,41120802,24.7,-16.0,5,4,False,False,False,False,True,True,True,False,False,True,False
BOH,Bank of Hawaii Corporation Common Stock,71.49,29.5,2820308810.0,29702873,20.4,-17.2,5,4,False,False,False,False,True,True,True,False,False,True,False
KRC,Kilroy Realty Corporation Common Stock,34.74,29.4,4040574243.0,48592958,27.0,-22.9,0,2,False,False,False,True,False,False,False,False,False,True,False
TR,"Tootsie Roll Industries, Inc. Common Stock",37.53,29.4,2817438949.0,6043351,12.2,-16.7,2,3,False,False,False,False,True,True,False,False,False,True,False
DIN,"Dine Brands Global, Inc. Common Stock",28.58,29.3,361798507.0,9035860,25.1,-28.0,5,1,False,False,False,False,False,True,False,False,False,False,False
MSDL,Morgan Stanley Direct Lending Fund Common Stock,14.64,29.3,,6547859,7.2,-18.3,0,1,False,False,False,False,False,False,False,False,False,True,False
JJSF,J & J Snack Foods Corp. - Common Stock,78.72,29.2,1470616182.0,18536912,14.3,-21.6,0,1,False,False,False,False,False,False,False,False,False,True,False
HWM,Howmet Aerospace Inc. Common Stock,225.36,29.2,89873883279.0,745354750,22.6,-27.3,5,3,False,False,False,False,True,True,True,False,False,False,False
IVT,InvenTrust Properties Corp. Common Stock,30.66,29.2,2390818694.0,20800037,14.4,-17.6,5,4,False,False,False,False,True,True,True,False,False,True,False
WWD,"Woodward, Inc. - Common Stock",326.14,29.1,19257203735.0,238812551,39.8,-27.7,5,3,False,False,False,False,True,True,False,False,True,False,False
PHM,"PulteGroup, Inc. Common Stock",122.29,29.1,22923571117.0,203233675,12.7,-15.4,2,2,False,False,False,False,False,True,False,False,False,True,False
FELE,"Franklin Electric Co., Inc. - Common Stock",95.99,29.0,4243858429.0,28689270,7.2,-17.1,5,4,False,False,False,False,True,True,True,False,False,True,False
AR,Antero Resources Corporation Common Stock,34.42,29.0,10582050380.0,147301716,18.3,-24.8,5,3,False,False,False,False,True,True,False,False,False,True,False
DTM,"DT Midstream, Inc. Common Stock ",124.96,29.0,12747831388.0,126457345,19.0,-18.3,5,3,False,False,False,False,True,True,False,False,False,True,False
AAL,"American Airlines Group, Inc. - Common Stock",13.61,28.9,9009411033.0,1106556114,34.9,-27.6,5,2,False,False,False,False,False,True,False,False,True,False,False
IBOC,International Bancshares Corporation - Common Stock,69.75,28.9,4337858102.0,23781763,10.4,-11.1,5,4,False,False,False,False,True,True,True,False,False,True,False
MRCY,Mercury Systems Inc - Common Stock,83.88,28.8,5105237594.0,70053848,29.0,-34.7,5,3,False,False,False,False,True,True,True,False,False,False,False
AJG,Arthur J. Gallagher & Co. Common Stock,230.45,28.8,59064335000.0,343580758,20.8,-26.5,1,1,False,False,False,False,False,True,False,False,False,False,False
PTC,PTC Inc. - Common Stock,140.0,28.7,15190876540.0,211591907,29.0,-32.5,0,1,False,False,False,False,False,False,False,True,False,False,False
APAM,Artisan Partners Asset Management Inc. Class A Common Stock,35.93,28.7,2912940997.0,35079885,5.8,-22.8,2,2,False,False,False,False,False,True,False,False,False,True,False
HEI,Heico Corporation Common Stock,307.77,28.7,43013136537.0,161653989,20.2,-18.3,4,2,False,False,False,False,False,True,False,False,False,True,False
JACK,Jack In The Box Inc. - Common Stock,13.4,28.6,257003022.0,11849061,50.2,-43.8,0,1,False,False,False,False,False,False,False,False,True,False,False
LPLA,LPL Financial Holdings Inc. - Common Stock,307.5,28.6,24213254175.0,233829086,18.2,-23.2,0,1,False,False,False,False,False,False,False,False,False,True,False
LIN,Linde plc - Ordinary Shares,464.91,28.5,214314287580.0,1005210910,19.9,-15.2,5,3,False,False,False,False,True,True,False,False,False,True,False
IBN,ICICI Bank Limited Common Stock,28.04,28.5,100384778231.0,159181072,11.8,-15.1,0,1,False,False,False,False,False,False,False,False,False,True,False
NFG,National Fuel Gas Company Common Stock,80.0,28.5,7603607920.0,53883984,6.4,-17.6,1,3,False,False,False,False,True,True,False,False,False,True,False
ASO,"Academy Sports and Outdoors, Inc. - Common Stock",49.5,28.4,3048155105.0,83517245,19.9,-20.7,1,3,False,False,False,False,False,True,False,True,False,True,False
IRMD,iRadimed Corporation - Common Stock,86.51,28.4,1106202591.0,10854677,27.5,-19.8,0,1,False,False,False,False,False,False,False,False,False,True,False
OZK,Bank OZK - Common Stock,47.02,28.3,5319660927.0,55462997,11.0,-11.9,4,4,False,False,False,False,True,True,True,False,False,True,False
AEE,Ameren Corporation Common Stock,101.66,28.3,28143884897.0,162282241,5.3,-14.1,5,3,False,False,False,False,True,True,False,False,False,True,False
TGS,Transportadora de Gas del Sur SA TGS Common Stock,27.79,28.3,4183845971.0,6206020,38.9,-23.5,0,2,False,False,False,False,False,False,False,False,True,True,False
APLD,Applied Digital Corporation - Common Stock,28.54,28.2,8318528456.0,492450474,50.2,-43.7,0,3,False,False,False,False,True,False,False,True,True,False,False
HOV,"Hovnanian Enterprises, Inc. Class A Common Stock",118.96,28.2,708988514.0,17492372,30.0,-19.9,0,3,False,False,False,False,True,False,True,False,False,True,False
GRRR,Gorilla Technology Group Inc. - Ordinary shares,14.4,28.1,399707626.0,14610658,59.3,-38.7,1,5,False,False,False,True,True,True,False,True,True,False,False
GGG,Graco Inc. Common Stock,77.64,28.1,12574094895.0,151940539,7.1,-18.9,0,1,False,False,False,False,False,False,False,False,False,True,False
USLM,"United States Lime & Minerals, Inc. - Common Stock",113.78,28.0,3264161942.0,17575431,18.2,-19.6,0,1,False,False,False,False,False,False,False,False,False,True,False
CBRE,CBRE Group Inc Common Stock Class A,141.05,28.0,40844595783.0,243180307,15.9,-19.1,0,1,False,False,False,False,False,False,False,False,False,True,False
LW,"Lamb Weston Holdings, Inc. Common Stock ",46.36,28.0,6373619670.0,81580222,23.2,-30.9,0,1,False,False,False,True,False,False,False,False,False,False,False
CSR,D/B/A Centerspace Common Stock,55.94,27.9,939464807.0,12679935,7.6,-19.6,0,2,False,False,False,False,False,False,False,True,False,True,False
SYF,Synchrony Financial Common Stock,72.67,27.9,27037422013.0,257135731,15.2,-18.1,5,2,False,False,False,False,False,True,False,False,False,True,False
TXRH,"Texas Roadhouse, Inc. - Common Stock",166.12,27.8,10904270627.0,168462761,8.0,-23.2,3,4,False,False,False,False,True,True,True,False,False,True,False
MRSH,Marsh Common Stock,170.01,27.8,81130687673.0,454780482,8.6,-18.2,1,2,False,False,False,False,False,True,False,False,False,True,False
NEE,"NextEra Energy, Inc. Common Stock",79.26,27.8,165334632845.0,908497554,11.2,-19.7,5,3,False,False,False,False,True,True,False,False,False,True,False
ALG,"Alamo Group, Inc. Common Stock",165.51,27.7,2014416417.0,25688148,13.5,-24.7,1,3,False,False,False,False,False,True,False,True,False,True,False
NOMD,Nomad Foods Limited Ordinary Shares,10.5,27.7,1491903966.0,18413139,16.8,-22.5,0,1,False,False,False,False,False,False,False,False,False,True,False
APOG,"Apogee Enterprises, Inc. - Common Stock",37.58,27.6,784230489.0,8320609,22.2,-26.1,2,3,False,False,False,False,True,True,True,False,False,False,False
WS,"Worthington Steel, Inc. Common Shares",34.9,27.6,1778037003.0,8866897,28.2,-29.0,5,1,False,False,False,False,False,True,False,False,False,False,False
DYN,"Dyne Therapeutics, Inc. - Common Stock",17.14,27.5,3200833827.0,62435573,43.8,-37.2,5,4,False,False,False,False,True,True,True,False,True,False,False
AIG,"American International Group, Inc. New Common Stock",75.18,27.5,39311108445.0,280175486,5.5,-13.9,1,2,False,False,False,False,False,True,False,False,False,True,False
SF,Stifel Financial Corporation Common Stock,73.18,27.5,11050306894.0,90062715,7.9,-18.5,2,2,False,False,False,False,False,True,False,False,False,True,False
WLFC,Willis Lease Finance Corporation - Common Stock,54.89,27.4,1160600253.0,13517875,44.4,-32.7,5,3,False,False,False,False,True,True,False,False,True,False,False
AI,"C3.ai, Inc. Class A Common Stock",10.85,27.4,1744461438.0,51033949,41.4,-46.3,0,3,False,False,False,True,False,False,False,True,True,False,False
INVA,"Innoviva, Inc. - Common Stock",20.98,27.3,1515710275.0,15150201,27.0,-16.6,5,3,False,False,False,False,True,True,False,False,False,True,False
IDA,"IDACORP, Inc. Common Stock",130.33,27.3,7538553464.0,70867455,5.0,-15.9,5,3,False,False,False,False,True,True,False,False,False,True,False
MSCI,MSCI Inc. Common Stock,548.88,27.3,39903576000.0,370252681,9.5,-14.9,0,2,False,False,False,False,True,False,False,False,False,True,False
NTLA,"Intellia Therapeutics, Inc. - Common Stock",12.69,27.2,1778207734.0,44452880,59.6,-55.1,1,4,False,False,False,False,True,True,False,True,True,False,False
BANC,"Banc of California, Inc. Common Stock",18.1,27.2,2858904575.0,58824453,18.1,-17.5,5,2,False,False,False,False,False,True,False,False,False,True,False
FERG,Ferguson Enterprises Inc. Common Stock,221.17,27.1,42785937419.0,622000729,4.3,-18.6,0,1,False,False,False,False,False,False,False,False,False,True,False
PCOR,"Procore Technologies, Inc. Common Stock",50.85,27.1,7726928937.0,174641371,33.7,-38.2,0,1,False,False,False,False,False,False,False,False,True,False,False
ALGM,"Allegro MicroSystems, Inc. - Common Stock",35.51,27.0,6619136653.0,88744784,58.5,-50.5,5,3,False,False,False,False,True,True,False,False,True,False,False
EPAC,Enerpac Tool Group Corp. Common Stock,35.77,27.0,1829193597.0,14345393,10.6,-20.5,0,1,False,False,False,False,False,False,False,False,False,True,False
HIG,"The Hartford Insurance Group, Inc. Common Stock",128.73,27.0,34869352817.0,218058397,7.0,-11.9,5,4,False,False,False,False,True,True,True,False,False,True,False
NBIX,"Neurocrine Biosciences, Inc. - Common Stock",142.25,26.9,14459595997.0,200707003,16.5,-23.6,5,4,False,False,False,False,True,True,True,False,False,True,False
HUBB,Hubbell Inc Common Stock,458.83,26.9,24241168552.0,251808944,13.6,-18.9,5,3,False,False,False,False,True,True,False,False,False,True,False
REYN,Reynolds Consumer Products Inc. - Common Stock,22.17,26.8,4673236071.0,33228227,8.5,-18.9,0,3,False,False,False,False,True,False,True,False,False,True,False
COF,Capital One Financial Corporation Common Stock,200.55,26.8,123034383860.0,774908108,15.1,-22.8,0,1,False,False,False,False,False,False,False,False,False,True,False
UE,Urban Edge Properties Common Shares of Beneficial Interest,20.11,26.8,2538776211.0,17265514,8.9,-16.6,5,4,False,False,False,False,True,True,True,False,False,True,False
ALGT,Allegiant Travel Company - Common Stock,81.66,26.7,2232401073.0,44315761,43.0,-33.9,5,2,False,False,False,False,False,True,False,False,True,False,False
SSD,"Simpson Manufacturing Company, Inc. Common Stock",176.7,26.7,7241993309.0,51861382,13.0,-17.2,5,4,False,False,False,False,True,True,True,False,False,True,False
O,Realty Income Corporation Common Stock,56.53,26.6,53489705405.0,359649246,1.2,-16.8,5,4,False,False,False,False,True,True,True,False,False,True,False
TFIN,"Triumph Financial, Inc. Common Stock",62.26,26.6,1487673874.0,17235951,34.1,-25.5,5,4,False,False,False,False,True,True,True,False,True,False,False
SAIA,"Saia, Inc. - Common Stock",348.38,26.5,9292914567.0,167322432,39.7,-29.6,5,3,False,False,False,False,True,True,False,False,True,False,False
MGM,MGM Resorts International Common Stock,38.9,26.5,10048770263.0,101670771,33.3,-24.6,5,5,False,False,False,False,True,True,True,False,True,True,False
WAL,Western Alliance Bancorporation Common Stock (DE),77.75,26.5,8482592176.0,84044250,18.1,-20.0,2,2,False,False,False,False,False,True,False,False,False,True,False
CNXC,Concentrix Corporation - Common Stock,30.51,26.4,1861669859.0,36405320,59.6,-46.7,0,3,False,False,False,True,False,False,False,True,True,False,False
G,Genpact Limited Common Stock,33.89,26.4,5694686053.0,78955551,26.2,-30.3,0,0,False,False,False,False,False,False,False,False,False,False,False
ASTS,"AST SpaceMobile, Inc. - Class A Common Stock",63.69,26.3,24786077693.0,775041547,40.8,-52.4,1,3,False,False,False,False,False,True,False,True,True,False,False
PLAB,"Photronics, Inc. - Common Stock",30.42,26.3,1794693820.0,35184210,51.7,-45.7,5,4,False,False,False,False,True,True,False,True,True,False,False
NNI,"Nelnet, Inc. Common Stock",126.02,26.3,4508924777.0,17489299,8.1,-12.7,0,1,False,False,False,False,False,False,False,False,False,True,False
FHB,"First Hawaiian, Inc. - Common Stock",25.18,26.2,3063936443.0,58611643,11.2,-17.7,5,4,False,False,False,False,True,True,True,False,False,True,False
DSL,DoubleLine Income Solutions Fund Common Shares of Beneficial Interests,10.1,26.2,1030167963.0,6241227,0.5,-18.5,1,3,False,False,True,False,True,True,False,False,False,True,False
CORZ,"Core Scientific, Inc. - Common Stock",18.79,26.1,6037986886.0,237024693,40.7,-38.3,5,3,False,False,False,False,True,True,False,False,True,False,False
GLUE,"Monte Rosa Therapeutics, Inc. - Common Stock",12.6,26.1,1074948853.0,21198238,102.2,-51.1,0,1,False,False,False,False,False,False,False,False,True,False,False
CLFD,"Clearfield, Inc. - Common Stock",31.83,26.0,432377288.0,5768670,34.0,-39.6,0,3,False,False,False,False,True,False,False,True,True,False,False
TRI,Thomson Reuters Corp - Common Shares,95.66,26.0,41439912000.0,200751081,25.4,-41.8,0,0,False,False,False,False,False,False,False,False,False,False,False
CSL,Carlisle Companies Incorporated Common Stock,328.55,26.0,13048078397.0,192433563,12.0,-24.1,3,3,False,False,False,False,True,True,False,False,False,True,False
AWI,Armstrong World Industries Inc Common Stock,163.81,25.9,6923073527.0,76710168,9.0,-20.5,0,1,False,False,False,False,False,False,False,False,False,True,False
TRU,TransUnion Common Stock,71.87,25.9,13770292000.0,173478611,13.4,-19.5,0,1,False,False,False,False,False,False,False,False,False,True,False
COST,Costco Wholesale Corporation - Common Stock,899.41,25.8,398869271106.0,1858902357,6.6,-18.0,2,3,False,False,False,False,True,True,False,False,False,True,False
STRA,"Strategic Education, Inc. - Common Stock",76.47,25.8,1698212037.0,24904192,9.7,-14.8,2,2,False,False,False,False,False,True,False,False,False,True,False
AZN,AstraZeneca PLC Ordinary Shares,168.37,25.8,261095714564.0,573286544,15.5,-20.8,0,2,False,False,False,False,False,False,False,True,False,True,False
PGR,Progressive Corporation (The) Common Stock,206.94,25.7,120309074084.0,554394709,9.4,-16.6,1,2,False,False,False,False,False,True,False,False,False,True,False
SPGI,S&P Global Inc. Common Stock,402.44,25.7,118639312000.0,804756816,11.5,-23.0,0,1,False,False,False,False,False,False,False,False,False,True,False
BLBD,Blue Bird Corporation - Common Stock,59.17,25.6,1874271228.0,36904558,28.2,-29.0,5,3,False,False,False,False,True,True,True,False,False,False,False
DUK,Duke Energy Corporation (Holding Company) Common Stock,116.31,25.6,90687162068.0,507285638,2.1,-13.5,5,3,False,False,False,False,True,True,False,False,False,True,False
WMT,Walmart Inc. - Common Stock,110.12,25.5,873664136059.0,2654763131,11.4,-18.5,5,4,False,False,False,False,True,True,False,True,False,True,False
CCJ,Cameco Corporation Common Stock,94.59,25.5,41197064389.0,301739019,21.7,-30.1,5,1,False,False,False,False,False,True,False,False,False,False,False
RYN,Rayonier Inc. REIT Common Stock,20.24,25.5,6022761970.0,65611866,3.8,-25.2,0,0,False,False,False,False,False,False,False,False,False,False,False
HON,Honeywell International Inc. - Common Stock,211.85,25.4,67143741119.0,726386555,8.2,-18.6,4,3,False,False,False,False,True,True,False,False,False,True,False
TOL,"Toll Brothers, Inc. Common Stock",137.57,25.4,12676662790.0,135523005,11.7,-18.3,5,4,False,False,False,False,True,True,True,False,False,True,False
DMC,Del Monte Corporation Ordinary Shares,31.56,25.3,1487934640.0,11978862,19.2,-27.6,0,1,False,False,False,False,False,False,False,True,False,False,False
PRMB,Primo Brands Corporation Class A Common Stock,19.64,25.3,7116633444.0,94452542,36.8,-25.1,3,4,False,False,False,False,True,True,True,False,True,False,False
RYAN,"Ryan Specialty Holdings, Inc. Class A Common Stock",38.44,25.3,9833520335.0,82682285,31.3,-35.1,0,1,False,False,False,False,False,False,False,False,True,False,False
SBGI,"Sinclair, Inc. - Class A Common Stock",13.17,25.2,952428850.0,6728525,5.7,-26.3,0,0,False,False,False,False,False,False,False,False,False,False,False
MDU,"MDU Resources Group, Inc. Common Stock (Holding Company)",18.56,25.2,3904085903.0,32005700,12.5,-19.2,0,2,False,False,False,False,True,False,False,False,False,True,False
XEL,Xcel Energy Inc. - Common Stock,72.06,25.1,45011148090.0,404769413,0.6,-14.4,0,2,False,False,True,False,True,False,False,False,False,True,False
CMI,Cummins Inc. Common Stock,526.13,25.1,72429416545.0,610414950,31.3,-28.7,5,3,False,False,False,False,True,True,False,False,True,False,False
GAP,"Gap, Inc. (The) Common Stock",21.46,25.1,7538257140.0,149696551,18.5,-26.9,0,1,False,False,False,False,False,False,False,True,False,False,False
PRDO,Perdoceo Education Corporation - Common Stock,31.23,25.0,1954281428.0,23509626,17.1,-18.9,1,3,False,False,False,False,True,True,False,False,False,True,False
BR,"Broadridge Financial Solutions, Inc. Common Stock",163.02,25.0,18587833510.0,195467645,21.8,-32.7,0,0,False,False,False,False,False,False,False,False,False,False,False
RIVN,"Rivian Automotive, Inc. - Class A Common Stock",15.14,24.9,21920609938.0,373136920,22.2,-33.3,5,1,False,False,False,False,False,True,False,False,False,False,False
AESI,Atlas Energy Solutions Inc. Common Stock,12.0,24.9,1500041412.0,40902773,57.0,-40.4,5,3,False,False,False,False,True,True,False,False,True,False,False
KMB,Kimberly-Clark Corporation - Common Stock,98.91,24.8,32895392649.0,409939882,7.0,-21.1,1,4,False,False,False,False,True,True,True,False,False,True,False
CHH,"Choice Hotels International, Inc. Common Stock",100.32,24.8,4532401421.0,57985782,19.4,-19.0,2,3,False,False,False,False,True,True,False,False,False,True,False
RL,Ralph Lauren Corporation Common Stock,346.06,24.8,20619029628.0,230089871,15.4,-17.9,5,4,False,False,False,False,True,True,True,False,False,True,False
MIAX,"Miami International Holdings, Inc. Common Stock",36.76,24.7,3647727810.0,58861499,3.8,-35.7,0,0,False,False,False,False,False,False,False,False,False,False,False
SPOT,Spotify Technology S.A. Ordinary Shares,501.3,24.7,103183845785.0,895524496,23.8,-32.3,0,0,False,False,False,False,False,False,False,False,False,False,False
ROP,"Roper Technologies, Inc. - Common Stock",363.85,24.6,35985083005.0,315856338,18.9,-30.2,0,0,False,False,False,False,False,False,False,False,False,False,False
AKR,Acadia Realty Trust Common Stock,19.37,24.6,2660134825.0,30087125,4.1,-15.9,5,4,False,False,False,False,True,True,True,False,False,True,False
APG,APi Group Corporation Common Stock,37.76,24.6,16318372815.0,124097805,13.1,-24.5,5,3,False,False,False,False,True,True,False,False,False,True,False
PDO,PIMCO Dynamic Income Opportunities Fund Common Shares of Beneficial Interest,11.87,24.5,1772684768.0,10711554,0.7,-16.7,0,1,False,False,False,False,False,False,False,False,False,True,False
VTS,"Vitesse Energy, Inc. Common Stock",16.85,24.5,709457741.0,8430343,12.3,-31.4,0,1,False,False,False,False,False,False,False,True,False,False,False
ALGN,"Align Technology, Inc. - Common Stock",153.29,24.4,10889698913.0,148212609,25.6,-23.5,4,3,False,False,False,False,True,True,False,False,False,True,False
CMG,"Chipotle Mexican Grill, Inc. Common Stock",32.63,24.4,41290589340.0,564189751,16.4,-23.8,1,2,False,False,False,False,False,True,False,False,False,True,False
FCPT,"Four Corners Property Trust, Inc. Common Stock",22.44,24.3,2462933751.0,20013909,0.2,-16.5,4,4,False,False,False,False,True,True,True,False,False,True,False
NVG,Nuveen AMT-Free Municipal Credit Income Fund ,11.44,24.3,,7225616,1.5,-15.8,0,2,False,False,False,False,True,False,False,False,False,True,False
RPM,RPM International Inc. Common Stock,101.03,24.3,12905714854.0,134269335,8.7,-17.7,0,1,False,False,False,False,False,False,False,False,False,True,False
DORM,"Dorman Products, Inc. - Common Stock",120.81,24.2,3585111411.0,34401754,22.7,-26.3,0,0,False,False,False,False,False,False,False,False,False,False,False
APO,"Apollo Global Management, Inc. (New) Common Stock",124.15,24.2,73315933190.0,432152359,24.7,-19.0,2,2,False,False,False,False,False,True,False,False,False,True,False
BANF,BancFirst Corporation - Common Stock,108.24,24.1,3636728159.0,14598276,6.7,-18.2,1,4,False,False,False,False,True,True,True,False,False,True,False
IP,International Paper Company Common Stock,35.71,24.1,18910940950.0,191672047,22.0,-28.9,1,1,False,False,False,False,False,True,False,False,False,False,False
PJT,PJT Partners Inc. Class A Common Stock,150.23,24.1,6161174020.0,73025471,17.6,-23.2,1,2,False,False,False,False,False,True,False,False,False,True,False
MTH,Meritage Homes Corporation Common Stock,66.4,24.0,4327559775.0,56780826,14.4,-22.2,3,2,False,False,False,False,False,True,False,False,False,True,False
WM,"Waste Management, Inc. Common Stock",207.68,24.0,83012849413.0,460692878,7.0,-16.3,3,3,False,False,False,False,True,True,False,False,False,True,False
ASGI,abrdn Global Infrastructure Income Fund Common Shares of Beneficial Interest,19.7,23.9,,5577353,0.5,-24.1,5,4,False,False,True,False,True,True,True,False,False,True,False
BAM,Brookfield Asset Management Inc Class A Limited Voting Shares,46.01,23.9,73488875198.0,124666688,9.0,-26.5,0,0,False,False,False,False,False,False,False,False,False,False,False
INSM,Insmed Incorporated - Common Stock,120.82,23.8,26384853192.0,292216795,33.7,-43.2,0,2,False,False,False,False,False,False,False,True,True,False,False
USAR,"USA Rare Earth, Inc. - Common Stock",16.99,23.8,6372550873.0,214039220,48.4,-61.4,1,4,False,False,False,False,True,True,False,True,True,False,False
NZF,Nuveen Municipal Credit Income Fund ,11.4,23.8,,7876800,1.5,-12.4,0,2,False,False,False,False,True,False,False,False,False,True,False
BX,Blackstone Inc. Common Stock,124.01,23.7,93085020387.0,562492307,21.9,-34.7,0,0,False,False,False,False,False,False,False,False,False,False,False
UI,Ubiquiti Inc. Common Stock,580.88,23.7,35159725955.0,80879235,16.1,-47.2,0,2,False,False,False,False,True,False,False,True,False,False,False
BBSI,"Barrett Business Services, Inc. - Common Stock",33.26,23.6,806062087.0,7939342,31.3,-28.6,0,1,False,False,False,False,False,False,False,False,True,False,False
ALH,Alliance Laundry Holdings Inc. Common Stock,21.59,23.6,4291856583.0,29508332,15.8,-23.5,0,3,False,False,False,False,True,False,True,False,False,True,False
H,Hyatt Hotels Corporation Class A Common Stock,157.8,23.6,14865012638.0,140454985,17.6,-23.7,5,4,False,False,False,False,True,True,True,False,False,True,False
SYM,Symbotic Inc. - Class A Common Stock,45.07,23.5,27258412980.0,70257354,19.6,-48.7,0,1,False,False,False,False,False,False,False,True,False,False,False
ARES,Ares Management Corporation Class A Common Stock,124.72,23.5,41192176001.0,292954430,30.2,-33.3,0,1,False,False,False,False,False,False,False,False,True,False,False
OCFC,OceanFirst Financial Corp. - Common Stock,17.37,23.4,1678727454.0,18425294,1.9,-15.7,5,4,False,False,False,False,True,True,True,False,False,True,False
TRMB,Trimble Inc. - Common Stock,59.3,23.4,13827564986.0,180178782,23.7,-29.8,0,1,False,False,False,False,False,False,False,True,False,False,False
CRAI,"CRA International,Inc. - Common Stock",158.74,23.3,996388756.0,22984056,20.1,-30.2,0,0,False,False,False,False,False,False,False,False,False,False,False
EQT,EQT Corporation Common Stock,50.81,23.3,31782467960.0,371952166,6.0,-25.5,0,1,False,False,False,False,True,False,False,False,False,False,False
PFGC,Performance Food Group Company Common Stock,92.19,23.3,14522970220.0,178123276,14.1,-21.5,3,4,False,False,False,False,True,True,True,False,False,True,False
SBAC,SBA Communications Corporation - Class A Common Stock,175.84,23.2,18654533262.0,174713988,8.3,-21.7,0,2,False,False,False,False,True,False,False,False,False,True,False
UDR,"UDR, Inc. Common Stock",34.1,23.2,10955109970.0,128448752,3.5,-18.8,4,4,False,False,False,False,True,True,True,False,False,True,False
AVA,Avista Corporation Common Stock,36.0,23.1,3015101880.0,25252263,0.0,-17.2,0,2,False,False,True,False,True,False,False,False,False,True,False
IIIN,"Insteel Industries, Inc. Common Stock",30.09,23.1,582489652.0,6505752,23.6,-23.3,1,2,False,False,False,False,False,True,False,False,False,True,False
UTG,Reaves Utility Income Fund Common Shares of Beneficial Interest,36.14,23.1,,11247132,1.1,-17.7,5,3,False,False,False,False,True,True,False,False,False,True,False
AA,Alcoa Corporation Common Stock ,44.71,23.0,11799391286.0,229202887,45.1,-47.0,5,3,False,False,False,False,True,True,False,False,True,False,False
PHG,Koninklijke Philips N.V. NY Registry Shares,24.97,23.0,24542633131.0,25934014,4.7,-25.3,0,0,False,False,False,False,False,False,False,False,False,False,False
OSW,OneSpaWorld Holdings Limited - Common Shares,22.58,22.9,2291840917.0,23639553,18.5,-22.8,5,4,False,False,False,False,True,True,True,False,False,True,False
MGY,Magnolia Oil & Gas Corporation Class A Common Stock,24.02,22.9,6437511854.0,133342638,14.0,-26.7,5,2,False,False,False,False,True,True,False,False,False,False,False
BCE,"BCE, Inc. Common Stock",21.7,22.8,20235810229.0,83844215,4.0,-18.2,1,2,False,False,False,False,False,True,False,False,False,True,False
ECVT,Ecovyst Inc. Common Stock,10.45,22.8,1143944759.0,14425123,41.0,-30.7,5,3,False,False,False,False,True,True,False,False,True,False,False
KR,Kroger Company (The) Common Stock,58.56,22.8,34584874272.0,390019621,8.1,-23.5,0,3,False,False,False,False,True,False,False,True,False,True,False
CPT,Camden Property Trust Common Stock,99.31,22.7,9984562849.0,105989084,2.9,-17.1,4,4,False,False,False,False,True,True,True,False,False,True,False
OGS,"ONE Gas, Inc. Common Stock",73.57,22.7,4624335784.0,39587112,0.1,-19.0,0,2,False,False,True,False,True,False,False,False,False,True,False
LNT,Alliant Energy Corporation - Common Stock,64.62,22.6,16754977249.0,167339355,1.4,-18.0,5,3,False,False,False,False,True,True,False,False,False,True,False
PAHC,Phibro Animal Health Corporation - Class A Common Stock,35.15,22.6,1427146345.0,8120119,24.4,-41.5,0,1,False,False,False,False,True,False,False,False,False,False,False
SNDX,"Syndax Pharmaceuticals, Inc. - Common Stock",18.185,22.6,1623867509.0,29902873,40.0,-28.9,5,3,False,False,False,False,True,True,False,False,True,False,False
CNX,CNX Resources Corporation Common Stock,32.81,22.5,4854030730.0,58067692,12.3,-24.8,0,1,False,False,False,False,False,False,False,False,False,True,False
LNN,Lindsay Corporation Common Stock,114.91,22.5,1168506575.0,16399495,18.1,-22.4,1,2,False,False,False,False,False,True,False,False,False,True,False
ROCK,"Gibraltar Industries, Inc. - Common Stock",42.6,22.4,1264533671.0,14639808,26.9,-43.3,0,0,False,False,False,False,False,False,False,False,False,False,False
DHI,"D.R. Horton, Inc. Common Stock",144.11,22.4,40307749587.0,356556931,9.4,-18.2,0,1,False,False,False,False,False,False,False,False,False,True,False
ENB,Enbridge Inc Common Stock,47.9,22.4,104618803808.0,261931239,6.4,-18.0,5,3,False,False,False,False,True,True,False,False,False,True,False
PTY,Pimco Corporate & Income Opportunity Fund,11.06,22.3,,15749851,1.0,-24.7,0,1,False,False,True,False,False,False,False,False,False,True,False
WEC,"WEC Energy Group, Inc. Common Stock",102.83,22.3,33507092054.0,253053237,0.1,-14.2,0,2,False,False,True,False,True,False,False,False,False,True,False
GIII,"G-III Apparel Group, LTD. - Common Stock",28.22,22.2,1209975056.0,19335937,14.7,-24.8,5,4,False,False,False,False,True,True,True,False,False,True,False
KTB,"Kontoor Brands, Inc. Common Stock ",67.82,22.2,3706608508.0,58004959,20.7,-23.8,5,4,False,False,False,False,True,True,True,False,False,True,False
CARG,"CarGurus, Inc. - Class A Common Stock",31.94,22.1,2845006887.0,34492622,21.0,-22.5,0,1,False,False,False,False,False,False,False,False,False,True,False
MIDD,The Middleby Corporation - Common Stock,112.79,22.1,5100628744.0,71759846,26.5,-24.1,4,3,False,False,False,False,True,True,False,False,False,True,False
AXS,Axis Capital Holdings Limited Common Stock,96.28,22.1,7025197001.0,70484135,9.3,-19.8,5,2,False,False,False,False,False,True,False,False,False,True,False
ARLO,"Arlo Technologies, Inc. Common Stock",13.41,22.0,1443094407.0,17432162,21.4,-32.7,0,2,False,False,False,False,True,False,True,False,False,False,False
MQY,"Blackrock MuniYield Quality Fund, Inc. Common Stock",10.43,22.0,1551592573.0,5843651,1.1,-12.6,0,2,False,False,False,False,True,False,False,False,False,True,False
WAFD,"WaFd, Inc. - Common Stock",31.51,21.9,2331589949.0,28455253,19.8,-20.2,5,4,False,False,False,False,True,True,True,False,False,True,False
BDC,Belden Inc Common Stock,113.02,21.9,4416617147.0,54048394,15.3,-29.4,2,1,False,False,False,False,False,True,False,False,False,False,False
TKO,"TKO Group Holdings, Inc. Class A Common Stock",188.87,21.9,35747370694.0,208717895,7.3,-16.8,2,3,False,False,False,False,False,True,False,True,False,True,False
HBAN,Huntington Bancshares Incorporated - Common Stock,15.69,21.8,31700308620.0,444569190,5.4,-19.4,4,2,False,False,False,False,False,True,False,False,False,True,False
WCN,"Waste Connections, Inc. Common Shares",155.42,21.8,39667073852.0,192044393,5.8,-13.5,0,1,False,False,False,False,False,False,False,False,False,True,False
ARQQ,Arqit Quantum Inc. - Ordinary Shares,23.04,21.7,555047078.0,6689184,100.0,-62.8,0,3,False,False,False,True,False,False,False,True,True,False,False
GBCI,"Glacier Bancorp, Inc. Common Stock",44.16,21.7,5750159844.0,52123505,10.7,-19.1,5,4,False,False,False,False,True,True,True,False,False,True,False
ADBE,Adobe Inc. - Common Stock,238.25,21.6,94704375000.0,1355626885,25.3,-35.4,0,0,False,False,False,False,False,False,False,False,False,False,False
GEHC,GE HealthCare Technologies Inc. - Common Stock,66.27,21.6,29933247920.0,283376000,12.8,-26.2,0,0,False,False,False,False,False,False,False,False,False,False,False
YUMC,"Yum China Holdings, Inc. Common Stock",41.58,21.6,14239409295.0,69417658,3.6,-28.8,0,0,False,False,False,False,False,False,False,False,False,False,False
UFPI,"UFP Industries, Inc. - Common Stock",83.02,21.5,4579506983.0,37936757,6.6,-29.6,0,0,False,False,False,False,False,False,False,False,False,False,False
STE,STERIS plc (Ireland) Ordinary Shares,208.79,21.5,20357047967.0,158332103,7.0,-22.5,0,1,False,False,False,False,False,False,False,False,False,True,False
STEP,StepStone Group Inc. - Class A Common Stock,46.57,21.4,5619912429.0,58309016,19.9,-40.1,0,0,False,False,False,False,False,False,False,False,False,False,False
SUPN,"Supernus Pharmaceuticals, Inc. - Common Stock",43.75,21.4,2543056819.0,34835632,8.0,-26.7,0,0,False,False,False,False,False,False,False,False,False,False,False
STC,Stewart Information Services Corporation Common Stock,62.89,21.4,1919541095.0,15484348,10.1,-20.0,0,1,False,False,False,False,False,False,False,False,False,True,False
CNP,"CenterPoint Energy, Inc (Holding Co) Common Stock",37.85,21.3,24932562901.0,256410146,1.7,-16.4,5,3,False,False,False,False,True,True,False,False,False,True,False
LBRT,Liberty Energy Inc. Class A common stock,18.04,21.3,2943973145.0,88321188,68.8,-47.7,5,3,False,False,False,False,True,True,False,False,True,False,False
SO,Southern Company (The) Common Stock,85.15,21.2,97953406555.0,510317973,1.6,-15.6,0,2,False,False,False,False,True,False,False,False,False,True,False
SUI,"Sun Communities, Inc. Common Stock",113.77,21.2,13857294878.0,223873201,0.5,-17.5,0,2,False,False,False,False,True,False,False,False,False,True,False
ORLY,"O'Reilly Automotive, Inc. - Common Stock",85.82,21.1,69425015169.0,577092932,3.9,-21.1,0,1,False,False,False,False,False,False,False,False,False,True,False
GIB,CGI Inc. Common Stock,69.48,21.1,16111604712.0,31211193,16.5,-27.0,0,0,False,False,False,False,False,False,False,False,False,False,False
IDR,"Idaho Strategic Resources, Inc. Common Stock",31.04,21.1,491244317.0,6836861,19.3,-43.3,0,1,False,False,False,False,False,False,False,True,False,False,False
BA,Boeing Company (The) Common Stock,197.72,21.0,156271960354.0,1259089925,11.9,-22.3,2,2,False,False,False,False,False,True,False,False,False,True,False
CX,"Cemex, S.A.B. de C.V. Sponsored ADR",10.24,21.0,15522981018.0,76049615,17.3,-25.1,5,1,False,False,False,False,False,True,False,False,False,False,False
LYFT,"Lyft, Inc. - Class A Common Stock",14.9,20.9,5640249710.0,181278568,19.6,-41.7,0,0,False,False,False,False,False,False,False,False,False,False,False
PPLI,People Incorporated - Common Stock,36.98,20.9,2753675947.0,39581426,25.1,-23.5,5,3,False,False,False,False,True,True,False,False,False,True,False
ADC,Agree Realty Corporation Common Stock,67.32,20.9,8373215149.0,107252555,0.3,-18.0,5,3,False,False,True,False,True,True,False,False,False,True,False
EXC,Exelon Corporation - Common Stock,41.8,20.8,43148215821.0,333443609,0.2,-17.5,0,2,False,False,True,False,True,False,False,False,False,True,False
TW,Tradeweb Markets Inc. - Class A Common Stock,99.74,20.8,23341978852.0,146602551,9.1,-21.9,0,2,False,False,False,False,True,False,False,False,False,True,False
ANIP,"ANI Pharmaceuticals, Inc. - Common Stock",77.91,20.7,1788773710.0,29084778,12.0,-20.1,0,2,False,False,False,False,False,False,False,True,False,True,False
PUK,Prudential Public Limited Company Common Stock,25.85,20.7,32307273750.0,29147574,5.0,-24.0,0,1,False,False,False,False,False,False,False,False,False,True,False
CRWV,"CoreWeave, Inc. - Class A Common Stock",86.76,20.6,47851315590.0,2507460690,43.3,-43.4,1,4,False,False,False,False,True,True,False,True,True,False,False
JBSS,"John B. Sanfilippo & Son, Inc. - Common Stock",67.73,20.6,791999468.0,10936686,14.7,-26.4,5,2,False,False,False,False,True,True,False,False,False,False,False
MAMA,"Mama's Creations, Inc. - Common Stock",13.8,20.6,650635072.0,10203211,39.4,-34.3,5,4,False,False,False,False,True,True,True,False,True,False,False
BZ,KANZHUN LIMITED - American Depository Shares,14.82,20.5,6858780518.0,106349119,17.9,-40.1,0,0,False,False,False,False,False,False,False,False,False,False,False
ERIE,Erie Indemnity Company - Class A Common Stock,234.38,20.5,10825793758.0,72508334,14.5,-29.1,0,0,False,False,False,False,False,False,False,False,False,False,False
DOX,Amdocs Limited - Ordinary Shares,58.79,20.4,6346353398.0,67253639,18.2,-31.3,0,1,False,False,False,False,False,False,False,True,False,False,False
BCSF,"Bain Capital Specialty Finance, Inc. Common Stock",11.22,20.4,727824649.0,5039802,2.5,-24.2,0,1,False,False,False,False,False,False,False,False,False,True,False
RVLV,"Revolve Group, Inc. Class A Common Stock",21.5,20.4,1528336530.0,20505390,23.9,-32.1,0,0,False,False,False,False,False,False,False,False,False,False,False
IR,Ingersoll Rand Inc. Common Stock,73.85,20.3,28653757832.0,333002417,8.5,-26.9,0,0,False,False,False,False,False,False,False,False,False,False,False
NYT,New York Times Company (The) Common Stock,65.45,20.3,10504912318.0,160928486,21.0,-24.9,5,3,False,False,False,False,True,True,False,False,False,True,False
MGEE,MGE Energy Inc. - Common Stock,72.7,20.2,2746897672.0,13528095,0.7,-17.3,0,1,False,False,False,False,False,False,False,False,False,True,False
TYL,"Tyler Technologies, Inc. Common Stock",331.05,20.2,13557250308.0,302920757,22.3,-38.6,0,0,False,False,False,False,False,False,False,False,False,False,False
MAZE,"Maze Therapeutics, Inc. - Common Stock",28.38,20.1,1576485388.0,13388081,29.3,-47.1,0,1,False,False,False,False,False,False,False,True,False,False,False
ATO,Atmos Energy Corporation Common Stock,157.34,20.1,26588658929.0,172662190,0.1,-18.3,0,2,False,False,True,False,True,False,False,False,False,True,False
LEVI,Levi Strauss & Co Class A Common Stock,20.06,20.1,7720102274.0,49677848,13.2,-21.9,0,3,False,False,False,False,True,False,True,False,False,True,False
CWEN,"Clearway Energy, Inc. Class C Common Stock",30.65,20.0,5023955212.0,38557006,9.9,-26.6,0,1,False,False,False,False,True,False,False,False,False,False,False
OTF,Blue Owl Technology Finance Corp. Common Stock,10.49,20.0,4806364731.0,27560894,7.6,-30.1,0,0,False,False,False,False,False,False,False,False,False,False,False
LYTS,LSI Industries Inc. - Common Stock,20.56,19.9,766093068.0,8126265,19.5,-24.9,5,3,False,False,False,False,True,True,False,False,False,True,False
TSLA,"Tesla, Inc.  - Common Stock",378.9,19.9,1496483507587.0,13273907264,27.4,-24.0,0,2,False,False,False,False,False,False,False,True,False,True,False
DOLE,Dole plc Ordinary Shares,13.2,19.9,1246856252.0,14201935,5.4,-20.3,0,1,False,False,False,False,False,False,False,False,False,True,False
NAC,Nuveen California Quality Municipal Income Fund,10.5,19.8,,6522219,0.7,-14.3,0,2,False,False,True,False,True,False,False,False,False,True,False
PPL,PPL Corporation Common Stock,32.88,19.8,24743674372.0,262290164,0.2,-18.0,0,2,False,False,True,False,True,False,False,False,False,True,False
BEAM,Beam Therapeutics Inc. - Common Stock,25.93,19.7,2678249153.0,51120391,28.2,-32.2,5,2,False,False,False,False,True,True,False,False,False,False,False
CVNA,Carvana Co. Class A Common Stock,65.4,19.7,71970330558.0,601384509,20.1,-32.8,1,1,False,False,False,False,False,True,False,False,False,False,False
TDS,"Telephone and Data Systems, Inc. Common Shares",36.69,19.7,4223019000.0,43536409,16.4,-25.3,0,1,False,False,False,False,False,False,False,True,False,False,False
NTGR,"NETGEAR, Inc. - Common Stock",22.38,19.6,608266490.0,8349364,17.8,-39.3,0,1,False,False,False,False,True,False,False,False,False,False,False
NEA,Nuveen AMT-Free Quality Municipal Income Fund Common Shares of Beneficial Interest Par Value $.01,10.22,19.6,,12369776,0.2,-14.1,0,2,False,False,True,False,True,False,False,False,False,True,False
CHCT,Community Healthcare Trust Incorporated Common Stock,14.43,19.5,413474940.0,5477008,9.1,-24.7,5,3,False,False,False,False,True,True,False,False,False,True,False
CWK,Cushman & Wakefield Ltd. Common Shares,12.86,19.5,3018418285.0,25342255,11.1,-26.1,0,0,False,False,False,False,False,False,False,False,False,False,False
INGR,Ingredion Incorporated Common Stock,97.91,19.4,6174594184.0,64761638,3.7,-20.7,0,1,False,False,False,False,False,False,False,False,False,True,False
WMS,"Advanced Drainage Systems, Inc. Common Stock",130.73,19.4,9857740360.0,98473944,4.8,-27.1,0,0,False,False,False,False,False,False,False,False,False,False,False
YUM,"Yum! Brands, Inc.",139.71,19.4,38127010585.0,381354416,4.1,-17.9,5,3,False,False,False,False,True,True,False,False,False,True,False
ADSK,"Autodesk, Inc. - Common Stock",219.62,19.3,45900580000.0,510205481,18.4,-32.7,0,0,False,False,False,False,False,False,False,False,False,False,False
SEB,Seaboard Corporation Common Stock,4124.0898,19.3,3950028657.0,59197909,31.3,-31.1,5,3,False,False,False,False,True,True,False,False,True,False,False
GNTX,Gentex Corporation - Common Stock,22.3,19.2,4698238281.0,55693205,8.9,-23.1,1,2,False,False,False,False,False,True,False,False,False,True,False
FLG,"Flagstar Bank, N.A. Common Stock",12.54,19.2,5205264163.0,59348827,18.6,-18.8,5,3,False,False,False,False,True,True,False,False,False,True,False
LOAR,Loar Holdings Inc. Common Stock,64.17,19.2,6011989184.0,46306672,20.7,-23.1,0,1,False,False,False,False,False,False,False,False,False,True,False
PEP,"PepsiCo, Inc. - Common Stock",131.19,19.1,179060123494.0,1088837225,2.5,-23.5,0,1,False,False,False,False,False,False,False,False,False,True,False
AOS,A.O. Smith Corporation Common Stock,58.16,19.1,7904442606.0,92798801,7.4,-29.0,0,0,False,False,False,False,False,False,False,False,False,False,False
DOCS,"Doximity, Inc. Class A Common Stock",26.51,19.0,4725300930.0,120438568,54.6,-65.4,0,2,False,False,False,False,False,False,False,True,True,False,False
IRT,"Independence Realty Trust, Inc. Common Stock",14.76,19.0,3479589809.0,49216739,1.1,-17.0,0,1,False,False,True,False,False,False,False,False,False,True,False
ASMB,"Assembly Biosciences, Inc. - Common Stock",25.45,18.9,518177168.0,8672769,16.7,-35.9,0,0,False,False,False,False,False,False,False,False,False,False,False
TMDX,"TransMedics Group, Inc. - Common Stock",88.07,18.9,3053840020.0,69119639,46.5,-43.5,0,2,False,False,False,False,False,False,False,True,True,False,False
TSN,"Tyson Foods, Inc. Common Stock",51.82,18.9,18230354352.0,189307589,2.5,-25.4,5,2,False,False,False,False,True,True,False,False,False,False,False
CHRW,"C.H. Robinson Worldwide, Inc. - Common Stock",149.56,18.8,17476274146.0,301041853,21.0,-28.9,0,0,False,False,False,False,False,False,False,False,False,False,False
DOO,BRP Inc. - Common Subordinate Voting Shares,57.9,18.8,4119602486.0,16375820,18.6,-29.3,0,0,False,False,False,False,False,False,False,False,False,False,False
DOV,Dover Corporation Common Stock,186.54,18.7,25123249172.0,241019612,17.3,-21.5,5,3,False,False,False,False,True,True,False,False,False,True,False
KKR,KKR & Co. Inc. Common Stock,98.44,18.7,88363248562.0,442491757,19.1,-35.3,0,0,False,False,False,False,False,False,False,False,False,False,False
SAFE,Safehold Inc. New Common Stock ,13.45,18.7,952478966.0,5085661,5.4,-22.9,5,4,False,False,False,False,True,True,True,False,False,True,False
KBR,"KBR, Inc. Common Stock",35.01,18.6,4413632103.0,52774442,16.9,-33.0,0,0,False,False,False,False,False,False,False,False,False,False,False
RCI,"Rogers Communication, Inc. Common Stock",33.27,18.6,17973261729.0,43051032,6.0,-19.1,0,1,False,False,False,False,False,False,False,False,False,True,False
DEI,"Douglas Emmett, Inc. Common Stock",10.37,18.5,1736822219.0,20349574,14.7,-37.0,0,2,False,False,False,False,True,False,True,False,False,False,False
GOLF,Acushnet Holdings Corp. Common Stock,83.2,18.5,4859299661.0,34063852,13.8,-30.5,5,2,False,False,False,False,True,True,False,False,False,False,False
EEFT,"Euronet Worldwide, Inc. - Common Stock",65.69,18.4,2457042156.0,47697022,5.1,-27.5,0,0,False,False,False,False,False,False,False,False,False,False,False
HIMS,"Hims & Hers Health, Inc. Class A Common Stock",30.43,18.4,7099727158.0,379131218,121.5,-53.4,0,3,False,False,False,True,False,False,False,True,True,False,False
NAD,Nuveen Quality Municipal Income Fund Common Stock,10.51,18.4,,9200410,0.4,-14.6,0,2,False,False,True,False,True,False,False,False,False,True,False
OPCH,"Option Care Health, Inc. - Common Stock",23.9,18.3,3579867308.0,54052441,32.7,-35.1,0,2,False,False,False,False,False,False,False,True,True,False,False
TAC,TransAlta Corporation Ordinary Shares,11.93,18.3,3769880000.0,22862681,4.8,-33.3,0,1,False,False,False,False,True,False,False,False,False,False,False
CAE,CAE Inc - Common Shares,24.57,18.2,7899467776.0,19258480,8.0,-28.2,0,0,False,False,False,False,False,False,False,False,False,False,False
MAA,"Mid-America Apartment Communities, Inc. Common Stock",119.15,18.2,13824016177.0,133871633,1.0,-17.5,0,1,False,False,False,False,False,False,False,False,False,True,False
WY,Weyerhaeuser Company Common Stock,21.54,18.2,15524653440.0,129798411,2.7,-22.4,2,2,False,False,False,False,False,True,False,False,False,True,False
EVER,"EverQuote, Inc. - Class A Common Stock",19.55,18.1,688937132.0,17286988,40.9,-32.0,0,1,False,False,False,False,False,False,False,False,True,False,False
GIS,"General Mills, Inc. Common Stock",35.45,18.1,18952614782.0,339199520,11.7,-30.9,0,0,False,False,False,False,False,False,False,False,False,False,False
NI,NiSource Inc Common Stock,39.88,18.0,19124856788.0,237096024,0.0,-19.0,0,2,False,False,True,False,True,False,False,False,False,True,False
SRE,DBA Sempra Common Stock,80.98,18.0,52952850181.0,319441250,1.7,-19.9,0,2,False,False,False,False,True,False,False,False,False,True,False
HHH,Howard Hughes Holdings Inc. Common Stock,66.09,17.9,3946963269.0,33100179,10.0,-27.4,0,1,False,False,False,False,False,False,False,True,False,False,False
NOC,Northrop Grumman Corporation Common Stock,509.86,17.9,72432254436.0,440028116,6.4,-34.1,0,0,False,False,False,False,False,False,False,False,False,False,False
SLGN,Silgan Holdings Inc. Common Stock,37.45,17.9,3957791649.0,54978685,5.0,-24.4,3,2,False,False,False,False,False,True,False,False,False,True,False
OTEX,Open Text Corporation - Common Shares,22.99,17.8,5761357843.0,37654117,16.2,-42.4,0,0,False,False,False,False,False,False,False,False,False,False,False
NVR,"NVR, Inc. Common Stock",6338.9199,17.8,16892334351.0,233489054,15.2,-22.7,0,2,False,False,False,False,False,False,False,True,False,True,False
PENN,"PENN Entertainment, Inc. - Common Stock",15.9,17.7,2131658797.0,50665844,36.5,-28.9,4,4,False,False,False,False,True,True,True,False,True,False,False
PTCT,"PTC Therapeutics, Inc. - Common Stock",65.96,17.7,5505074500.0,80684446,14.2,-27.4,0,0,False,False,False,False,False,False,False,False,False,False,False
MKC,"McCormick & Company, Incorporated Common Stock",49.42,17.7,13286643700.0,155513447,10.3,-31.7,0,0,False,False,False,False,False,False,False,False,False,False,False
GLPI,"Gaming and Leisure Properties, Inc. - Common Stock",39.92,17.6,11613528117.0,139341626,1.1,-20.1,2,3,False,False,False,False,True,True,False,False,False,True,False
NVMI,Nova Ltd. - Ordinary Shares,369.95,17.6,11758110491.0,225053338,38.9,-39.9,5,3,False,False,False,False,True,True,False,False,True,False,False
DRVN,Driven Brands Holdings Inc. - Common Stock,12.27,17.5,2024302342.0,12413864,25.2,-29.1,0,0,False,False,False,False,False,False,False,False,False,False,False
BIPC,Brookfield Infrastructure Corporation Brookfield Infrastructure Corporation,36.01,17.5,4429791648.0,43854328,5.4,-30.4,0,0,False,False,False,False,False,False,False,False,False,False,False
CASH,"Pathward Financial, Inc. - Common Stock",74.56,17.4,1548861871.0,18467501,13.2,-26.4,5,2,False,False,False,False,True,True,False,False,False,False,False
SAH,"Sonic Automotive, Inc. Common Stock",65.34,17.4,2065711163.0,24196784,20.8,-42.5,4,3,False,False,False,False,True,True,True,False,False,False,False
TRN,"Trinity Industries, Inc. Common Stock",27.82,17.4,2216405101.0,21128791,12.4,-27.4,5,2,False,False,False,False,True,True,False,False,False,False,False
ALC,Alcon Inc. Ordinary Shares,65.59,17.3,32775323000.0,130239650,6.1,-25.2,0,0,False,False,False,False,False,False,False,False,False,False,False
FBIN,"Fortune Brands Innovations, Inc. Common Stock",40.22,17.3,4801120805.0,109023599,24.4,-38.0,0,0,False,False,False,False,False,False,False,False,False,False,False
SHEN,Shenandoah Telecommunications Co - Common Stock,12.31,17.2,656919211.0,8323168,27.3,-29.0,1,3,False,False,False,False,True,True,False,True,False,False,False
AXP,American Express Company Common Stock,305.07,17.2,206016770753.0,929614439,4.8,-21.3,0,1,False,False,False,False,False,False,False,False,False,True,False
TNL,Travel   Leisure Co. Common  Stock,62.87,17.2,3847910066.0,54465644,8.3,-22.4,5,4,False,False,False,False,True,True,True,False,False,True,False
GXO,"GXO Logistics, Inc. Common Stock ",45.77,17.1,5249113181.0,70730322,1.7,-31.5,0,0,False,False,False,False,False,False,False,False,False,False,False
LRN,"Stride, Inc. Common Stock",78.69,17.1,3270344203.0,77057546,29.8,-49.3,1,2,False,False,False,False,True,True,False,False,False,False,False
CHKP,Check Point Software Technologies Ltd. - Ordinary Shares,137.13,17.0,14001059940.0,159979514,22.2,-34.9,0,1,False,False,False,False,False,False,False,True,False,False,False
ALB,Albemarle Corporation Common Stock,116.8,17.0,13782990658.0,295648410,47.3,-47.1,5,2,False,False,False,False,False,True,False,False,True,False,False
BKV,BKV Corporation Common Stock,22.9,17.0,2506126307.0,36611579,14.0,-30.2,0,0,False,False,False,False,False,False,False,False,False,False,False
JBS,JBS N.V. Class A Common Shares,11.9,16.9,12744057325.0,70592270,3.6,-36.2,2,1,False,False,False,False,False,True,False,False,False,False,False
SLVM,Sylvamo Corporation Common Stock,36.87,16.9,1465960159.0,10271622,7.6,-35.1,0,0,False,False,False,False,False,False,False,False,False,False,False
PSKY,Paramount Skydance Corporation - Class B Common Stock,10.11,16.8,11342871826.0,144945591,32.7,-51.5,0,2,False,False,False,False,False,False,False,True,True,False,False
DTE,DTE Energy Company Common Stock,125.41,16.8,26096324733.0,196612903,0.2,-19.5,5,3,False,False,True,False,True,True,False,False,False,True,False
ALLY,Ally Financial Inc. Common Stock,39.07,16.7,11885082006.0,140040626,8.8,-17.4,5,2,False,False,False,False,False,True,False,False,False,True,False
EPRT,"Essential Properties Realty Trust, Inc. Common Stock",27.05,16.7,5850184758.0,55545783,2.2,-22.1,0,2,False,False,False,False,True,False,False,False,False,True,False
GVA,Granite Construction Incorporated Common Stock,114.33,16.7,5003596428.0,89948938,17.6,-29.5,5,2,False,False,False,False,True,True,False,False,False,False,False
GSHD,"Goosehead Insurance, Inc. - Class A Common Stock",45.76,16.6,1625207813.0,28079250,35.9,-42.8,0,1,False,False,False,False,False,False,False,False,True,False,False
CIM,Chimera Investment Corporation Common Stock,11.15,16.6,933386771.0,10140187,2.9,-21.4,5,3,False,False,False,False,True,True,False,False,False,True,False
CRTO,Criteo S.A. - Ordinary Shares,16.85,16.5,825608869.0,7562954,8.2,-33.4,0,0,False,False,False,False,False,False,False,False,False,False,False
BC,Brunswick Corporation Common Stock,66.59,16.5,4314860731.0,56726083,13.7,-26.2,5,1,False,False,False,False,False,True,False,False,False,False,False
MC,Moelis & Company Class A Common Stock,58.88,16.5,4608482724.0,56820915,15.3,-24.7,2,2,False,False,False,False,False,True,False,False,False,True,False
MNDY,monday.com Ltd. - Ordinary Shares,84.95,16.4,3644944893.0,128801866,47.7,-61.5,0,1,False,False,False,False,False,False,False,False,True,False,False
WDFC,WD-40 Company - Common Stock,194.23,16.4,2606779476.0,25698311,10.7,-35.0,3,3,False,False,False,False,True,True,True,False,False,False,False
MKL,Markel Group Inc. Common Stock,1763.36,16.3,21847956339.0,120215061,2.6,-20.1,0,1,False,False,False,False,False,False,False,False,False,True,False
UBER,"Uber Technologies, Inc. Common Stock",69.89,16.3,142754526857.0,1384031897,6.8,-31.5,0,0,False,False,False,False,False,False,False,False,False,False,False
MQ,"Marqeta, Inc. - Class A Common Stock",15.92,16.2,1657253437.0,15292183,7.6,-31.2,0,0,False,False,False,False,False,False,False,False,False,False,False
KAI,Kadant Inc Common Stock,272.11,16.2,3213378827.0,42819176,11.1,-23.1,2,3,False,False,False,False,True,True,False,False,False,True,False
VNT,Vontier Corporation Common Stock ,31.42,16.2,4247984000.0,47302912,15.3,-34.8,0,0,False,False,False,False,False,False,False,False,False,False,False
EXE,Expand Energy Corporation - Common Stock,87.03,16.1,20147774757.0,295411397,2.4,-31.3,0,0,False,False,False,False,False,False,False,False,False,False,False
HSY,The Hershey Company Common Stock,168.46,16.1,33847936178.0,253092221,4.4,-29.7,1,1,False,False,False,False,False,True,False,False,False,False,False
LOPE,"Grand Canyon Education, Inc. - Common Stock",146.78,16.0,3825826131.0,50304760,9.3,-34.2,0,0,False,False,False,False,False,False,False,False,False,False,False
CC,Chemours Company (The) Common Stock,14.98,16.0,2254474945.0,36951931,43.5,-47.8,5,3,False,False,False,False,True,True,False,False,True,False,False
PHIN,PHINIA Inc. Common Stock,60.54,16.0,2218069848.0,25777764,19.2,-30.4,5,2,False,False,False,False,True,True,False,False,False,False,False
FSV,FirstService Corporation - Common Shares,133.34,15.9,5822927132.0,30761417,11.7,-34.0,0,0,False,False,False,False,False,False,False,False,False,False,False
OLLI,"Ollie's Bargain Outlet Holdings, Inc. - Common Stock",82.48,15.9,4899510199.0,120801489,36.8,-39.5,0,2,False,False,False,False,False,False,False,True,True,False,False
HAPN,"Happen, Inc. - Common Stock",16.01,15.8,1847673499.0,25020984,22.7,-26.1,0,0,False,False,False,False,False,False,False,False,False,False,False
CARR,Carrier Global Corporation Common Stock ,55.26,15.8,45552202650.0,409895501,10.0,-28.0,4,2,False,False,False,False,True,True,False,False,False,False,False
DRS,"Leonardo DRS, Inc. - Common Stock",37.15,15.7,9915019782.0,38038844,14.6,-26.6,4,2,False,False,False,False,True,True,False,False,False,False,False
DBD,Diebold Nixdorf Incorporated Common stock,64.39,15.7,2185820801.0,19974775,18.2,-30.1,5,2,False,False,False,False,True,True,False,False,False,False,False
NHI,"National Health Investors, Inc. Common Stock",67.41,15.7,3310534356.0,27258758,0.3,-26.2,0,0,False,False,True,False,False,False,False,False,False,False,False
TXT,Textron Inc. Common Stock,77.88,15.6,13394341096.0,147107607,0.1,-23.3,0,1,False,False,True,False,False,False,False,False,False,True,False
WGO,"Winnebago Industries, Inc. Common Stock",28.26,15.6,798878916.0,15725401,7.6,-43.7,0,0,False,False,False,False,False,False,False,False,False,False,False
BSY,"Bentley Systems, Incorporated - Class B Common Stock",31.86,15.5,9624679444.0,91393157,13.5,-44.3,0,0,False,False,False,False,False,False,False,False,False,False,False
WYFI,"WhiteFiber, Inc. - Ordinary Shares",20.23,15.5,785897427.0,55356877,92.5,-56.8,0,3,False,False,False,False,True,False,True,False,True,False,False
STWD,"STARWOOD PROPERTY TRUST, INC. Starwood Property Trust Inc.",15.1,15.5,5589551145.0,68509767,1.4,-25.3,0,0,False,False,False,False,False,False,False,False,False,False,False
APEI,"American Public Education, Inc. - Common Stock",40.58,15.4,742676615.0,14939327,34.4,-34.1,5,3,False,False,False,False,True,True,False,False,True,False,False
PIPR,Piper Sandler Companies Common Stock,72.74,15.4,5140556967.0,42695177,5.9,-23.5,0,1,False,False,False,False,False,False,False,False,False,True,False
BRO,"Brown & Brown, Inc. Common Stock",62.44,15.3,20893070691.0,162849538,16.0,-35.3,0,0,False,False,False,False,False,False,False,False,False,False,False
GBX,"Greenbrier Companies, Inc. (The) Common Stock",43.04,15.3,1331644085.0,18198770,12.6,-27.3,4,2,False,False,False,False,True,True,False,False,False,False,False
HLNE,Hamilton Lane Incorporated - Class A Common Stock,87.6,15.2,4827691889.0,63153944,21.9,-43.7,0,0,False,False,False,False,False,False,False,False,False,False,False
OMCL,"Omnicell, Inc. - Common Stock",33.17,15.2,1513045702.0,26730185,14.1,-39.7,0,0,False,False,False,False,False,False,False,False,False,False,False
CMS,CMS Energy Corporation Common Stock,64.27,15.2,20153602531.0,248051978,0.1,-20.0,0,2,False,False,True,False,True,False,False,False,False,True,False
ISRG,"Intuitive Surgical, Inc. - Common Stock",402.09,15.1,142049566299.0,1189559906,22.4,-33.4,0,1,False,False,False,False,False,False,False,True,False,False,False
GPOR,Gulfport Energy Corporation Common Shares,158.5,15.1,2802892761.0,48430234,6.2,-29.8,0,0,False,False,False,False,False,False,False,False,False,False,False
ATEC,"Alphatec Holdings, Inc. - Common Stock",10.33,15.0,1595479615.0,21053652,51.5,-55.6,0,2,False,False,False,False,False,False,False,True,True,False,False
FTAI,FTAI Aviation Ltd. - Common Stock,189.74,15.0,19487643446.0,303720239,26.9,-41.3,5,2,False,False,False,False,True,True,False,False,False,False,False
HD,"Home Depot, Inc. (The) Common Stock",305.35,15.0,304644527299.0,1307602683,5.6,-26.4,0,0,False,False,False,False,False,False,False,False,False,False,False
TATT,TAT Technologies Ltd. - Ordinary Shares,38.05,14.9,494008363.0,6188487,20.7,-41.0,0,0,False,False,False,False,False,False,False,False,False,False,False
WLDN,"Willdan Group, Inc. - Common Stock",79.89,14.9,1216891750.0,19021778,23.5,-41.7,0,0,False,False,False,False,False,False,False,False,False,False,False
HII,"Huntington Ingalls Industries, Inc. Common Stock",270.95,14.8,10676675828.0,146277968,2.8,-41.1,0,0,False,False,False,False,False,False,False,False,False,False,False
VRTS,"Virtus Investment Partners, Inc. Common Stock",130.31,14.8,863002734.0,20847989,7.2,-33.2,0,0,False,False,False,False,False,False,False,False,False,False,False
NSSC,"NAPCO Security Technologies, Inc. - Common Stock",35.88,14.7,1283371520.0,14285858,5.8,-30.7,0,0,False,False,False,False,False,False,False,False,False,False,False
RDY,Dr. Reddy's Laboratories Ltd Common Stock,12.57,14.7,10491638113.0,32904494,10.7,-19.8,0,2,False,False,False,False,False,False,False,True,False,True,False
VICI,VICI Properties Inc. Common Stock,23.98,14.7,26403839937.0,244511739,1.1,-27.3,0,0,False,False,False,False,False,False,False,False,False,False,False
IBP,"Installed Building Products, Inc. Common Stock",211.94,14.6,5633190773.0,87053226,9.8,-39.3,0,0,False,False,False,False,False,False,False,False,False,False,False
LDOS,"Leidos Holdings, Inc. Common Stock",123.31,14.6,15474444292.0,181220613,24.7,-40.1,0,0,False,False,False,False,False,False,False,False,False,False,False
FWRD,Forward Air Corporation - Common Stock,15.14,14.5,511442251.0,10232697,92.6,-51.4,0,1,False,False,False,False,False,False,False,False,True,False,False
NXST,"Nexstar Media Group, Inc. - Common Stock",167.53,14.5,5161314667.0,64444204,8.5,-34.1,0,0,False,False,False,False,False,False,False,False,False,False,False
ATMU,Atmus Filtration Technologies Inc. Common Stock,45.4,14.5,3704436926.0,33690831,6.6,-31.7,0,0,False,False,False,False,False,False,False,False,False,False,False
SOLS,Solstice Advanced Materials Inc. - Common Stock,58.89,14.4,9354521560.0,182732723,45.7,-35.1,1,3,False,False,False,False,True,True,False,False,True,False,False
RSI,"Rush Street Interactive, Inc. Class A Common Stock",21.22,14.4,4918230657.0,73120363,36.8,-38.5,5,4,False,False,False,False,True,True,True,False,True,False,False
SEDG,"SolarEdge Technologies, Inc. - Common Stock",36.08,14.3,2219848988.0,119433205,27.9,-55.6,0,1,False,False,False,False,True,False,False,False,False,False,False
SNPS,"Synopsys, Inc. - Common Stock",409.24,14.3,78425381009.0,755524186,12.9,-24.1,0,2,False,False,False,False,False,False,False,True,False,True,False
AXON,"Axon Enterprise, Inc. - Common Stock",459.32,14.2,37313969458.0,490727449,35.5,-42.0,0,1,False,False,False,False,False,False,False,False,True,False,False
MNRO,"Monro, Inc.  - Common Stock",14.29,14.2,446763417.0,14250439,29.2,-40.2,0,1,False,False,False,False,False,False,False,True,False,False,False
XYL,Xylem Inc. Common Stock New,107.85,14.2,25181552674.0,245758026,2.4,-30.1,0,0,False,False,False,False,False,False,False,False,False,False,False
GLIBK,Liberty Capital Corporation - Series C GCI Group Common Stock,24.41,14.1,974080904.0,9551387,26.5,-40.7,0,0,False,False,False,False,False,False,False,False,False,False,False
AGX,"Argan, Inc. Common Stock",371.25,14.1,5208578843.0,180751086,54.5,-53.9,5,3,False,False,False,False,True,True,False,False,True,False,False
BMI,"Badger Meter, Inc. Common Stock",132.26,14.0,3833800384.0,56337710,18.0,-35.2,0,0,False,False,False,False,False,False,False,False,False,False,False
TDG,Transdigm Group Incorporated Common Stock,1112.42,14.0,61490711941.0,488887658,3.8,-24.0,0,1,False,False,False,False,False,False,False,False,False,True,False
THO,"Thor Industries, Inc. Common Stock",73.8,14.0,3841834127.0,48970814,9.6,-39.9,0,0,False,False,False,False,False,False,False,False,False,False,False
BKNG,Booking Holdings Inc. - Common Stock,164.22,13.9,123391705710.0,1234042948,9.4,-27.0,0,0,False,False,False,False,False,False,False,False,False,False,False
PDI,PIMCO Dynamic Income Fund Common Stock,14.04,13.9,3412983600.0,55155512,0.6,-29.7,0,0,False,False,True,False,False,False,False,False,False,False,False
CASY,"Caseys General Stores, Inc. - Common Stock",584.83,13.8,21615414467.0,332301892,17.6,-37.0,5,3,False,False,False,False,True,True,True,False,False,False,False
NN,NextNav Inc. - Common stock,15.33,13.8,2587855920.0,42510288,41.0,-37.2,2,4,False,False,False,False,True,True,False,True,True,False,False
ABG,Asbury Automotive Group Inc Common Stock,187.06,13.8,3358085594.0,53768204,8.7,-27.7,0,0,False,False,False,False,False,False,False,False,False,False,False
CRUS,"Cirrus Logic, Inc. - Common Stock",120.38,13.7,6033151993.0,104604192,13.3,-33.3,0,1,False,False,False,False,True,False,False,False,False,False,False
ORA,"Ormat Technologies, Inc. Common Stock",97.28,13.7,5982422420.0,90984592,7.3,-33.5,0,0,False,False,False,False,False,False,False,False,False,False,False
DAKT,"Daktronics, Inc. - Common Stock",17.98,13.6,864705847.0,11100782,5.2,-36.4,2,1,False,False,False,False,False,True,False,False,False,False,False
UPBD,"Upbound Group, Inc. - Common Stock",16.78,13.6,978264016.0,18471172,6.1,-36.4,1,3,False,False,False,False,True,True,True,False,False,False,False
CALM,"Cal-Maine Foods, Inc. - Common Stock",73.13,13.5,3430959401.0,78416715,2.2,-28.2,0,0,False,False,True,False,False,False,False,False,False,False,False
CDNS,"Cadence Design Systems, Inc. - Common Stock",302.95,13.5,83430309350.0,782207274,15.3,-27.3,0,1,False,False,False,False,True,False,False,False,False,False,False
TAP,Molson Coors Beverage Company Class B Common Stock,36.88,13.5,6876421049.0,154084509,0.0,-32.7,0,0,False,False,True,False,False,False,False,False,False,False,False
CLX,Clorox Company (The) Common Stock,87.15,13.4,10539137086.0,285196317,5.6,-32.4,0,0,False,False,False,False,False,False,False,False,False,False,False
WRBY,Warby Parker Inc. Class A Common Stock,22.94,13.4,2835568759.0,68525046,53.3,-26.0,3,2,False,False,False,False,False,True,False,False,True,False,False
CEG,Constellation Energy Corporation - Common Stock When-Issued,263.46,13.3,93345822071.0,751802617,15.2,-36.2,0,0,False,False,False,False,False,False,False,False,False,False,False
CMCSA,Comcast Corporation - Class A Common Stock,22.42,13.3,79560431967.0,699723345,5.4,-31.8,1,1,False,False,False,False,False,True,False,False,False,False,False
RRX,Regal Rexnord Corporation Common Stock,152.65,13.3,10165248498.0,219401486,19.3,-38.4,5,2,False,False,False,False,True,True,False,False,False,False,False
PII,Polaris Inc. Common Stock,53.97,13.2,3071083190.0,54421154,14.5,-30.8,0,0,False,False,False,False,False,False,False,False,False,False,False
SMG,Scotts Miracle-Gro Company (The) Common Stock,52.68,13.2,3067044034.0,61318907,3.1,-30.1,4,2,False,False,False,False,True,True,False,False,False,False,False
CNM,"Core & Main, Inc. Class A Common Stock",43.01,13.1,8193149091.0,99278941,7.4,-27.9,0,0,False,False,False,False,False,False,False,False,False,False,False
IBM,International Business Machines Corporation Common Stock,231.38,13.1,217991055158.0,1988796116,16.2,-30.4,0,1,False,False,False,False,False,False,False,True,False,False,False
FSLR,"First Solar, Inc. - Common Stock",200.78,13.0,21577784035.0,483898346,9.7,-37.4,0,0,False,False,False,False,False,False,False,False,False,False,False
LPX,Louisiana-Pacific Corporation Common Stock,68.02,13.0,4756190348.0,83230036,5.5,-32.2,0,0,False,False,False,False,False,False,False,False,False,False,False
NPKI,NPK International Inc. Common Stock,11.74,13.0,996842156.0,10747318,9.4,-28.8,5,2,False,False,False,False,True,True,False,False,False,False,False
IDXX,"IDEXX Laboratories, Inc. - Common Stock",521.5,12.9,41084351994.0,315789273,4.2,-32.3,0,0,False,False,False,False,False,False,False,False,False,False,False
WSO,"Watsco, Inc. Common Stock",325.58,12.9,13430889323.0,165170232,10.1,-29.1,0,1,False,False,False,False,True,False,False,False,False,False,False
TTWO,"Take-Two Interactive Software, Inc. - Common Stock",205.53,12.8,38430090450.0,551936950,9.5,-22.7,0,1,False,False,False,False,False,False,False,False,False,True,False
ADNT,Adient plc Ordinary Shares ,18.3,12.8,1410873856.0,18535064,5.2,-33.0,0,0,False,False,False,False,False,False,False,False,False,False,False
MP,MP Materials Corp. Common Stock,51.04,12.8,9090305052.0,311807419,35.0,-49.1,0,2,False,False,False,False,False,False,False,True,True,False,False
FLY,Firefly Aerospace Inc. - Common Stock,23.345,12.7,3908061438.0,68341233,45.9,-62.4,1,4,False,False,False,False,True,True,False,True,True,False,False
PPC,Pilgrim's Pride Corporation - Common Stock,28.98,12.7,6900385026.0,45129450,11.9,-35.4,0,0,False,False,False,False,False,False,False,False,False,False,False
FER,Ferrovial N.V. - Ordinary Shares,56.3,12.6,40505471438.0,87511846,4.4,-24.7,0,1,False,False,False,False,False,False,False,False,False,True,False
LMAT,"LeMaitre Vascular, Inc. - Common Stock",80.98,12.6,1851952432.0,29408342,3.5,-31.4,0,1,False,False,False,False,True,False,False,False,False,False,False
NMRK,"Newmark Group, Inc. - Class A Common Stock",13.94,12.5,2526327060.0,23741055,4.3,-29.7,0,0,False,False,False,False,False,False,False,False,False,False,False
EFX,"Equifax, Inc. Common Stock",159.78,12.5,18771736683.0,259858409,6.0,-38.2,0,0,False,False,False,False,False,False,False,False,False,False,False
PBH,Prestige Consumer Healthcare Inc. Common Stock,47.73,12.5,2261185935.0,27392119,12.0,-32.8,0,0,False,False,False,False,False,False,False,False,False,False,False
HAYW,"Hayward Holdings, Inc. Common Stock",12.92,12.4,2740584999.0,39822054,2.3,-27.1,0,0,False,False,False,False,False,False,False,False,False,False,False
OTIS,Otis Worldwide Corporation Common Stock ,68.08,12.4,25915968599.0,285909835,2.3,-28.0,0,0,False,False,False,False,False,False,False,False,False,False,False
CRI,"Carter's, Inc. Common Stock",30.86,12.3,1132907169.0,45129839,13.7,-30.6,5,2,False,False,False,False,True,True,False,False,False,False,False
LCII,LCI Industries,87.92,12.3,2137467695.0,30675969,4.3,-44.9,0,0,False,False,False,False,False,False,False,False,False,False,False
PEG,Public Service Enterprise Group Incorporated Common Stock,69.12,12.3,34450792474.0,219236992,0.3,-21.1,0,1,False,False,True,False,False,False,False,False,False,True,False
SNN,"Smith & Nephew SNATS, Inc. Common Stock",27.5,12.2,11514485510.0,51480844,1.0,-26.7,0,0,False,False,False,False,False,False,False,False,False,False,False
UEC,Uranium Energy Corp. Common Stock,10.33,12.2,5112031541.0,90460328,15.9,-49.2,0,0,False,False,False,False,False,False,False,False,False,False,False
VC,Visteon Corporation - Common Stock,91.99,12.1,2455712514.0,46531844,10.2,-27.5,0,1,False,False,False,False,True,False,False,False,False,False,False
NVO,Novo Nordisk A/S Common Stock,39.4,12.1,174460462488.0,569396402,12.2,-38.6,0,0,False,False,False,False,False,False,False,False,False,False,False
DPZ,Domino's Pizza Inc - Common Stock,297.115,12.0,9829079695.0,298860507,5.4,-32.8,0,0,False,False,False,False,False,False,False,False,False,False,False
VRSK,"Verisk Analytics, Inc. - Common Stock",171.94,12.0,22379024703.0,271152145,10.3,-32.1,0,0,False,False,False,False,False,False,False,False,False,False,False
FNF,"Fidelity National Financial, Inc. Common Stock",42.55,12.0,11411604789.0,91153090,1.2,-27.4,0,0,False,False,True,False,False,False,False,False,False,False,False
BN,Brookfield Corporation Class A Limited Voting Shares,37.85,11.9,92760874820.0,178035925,3.2,-23.6,0,1,False,False,False,False,False,False,False,False,False,True,False
HRL,Hormel Foods Corporation Common Stock,20.33,11.9,11188631764.0,103900408,3.2,-23.6,3,2,False,False,False,False,False,True,False,False,False,True,False
AGO,Assured Guaranty Ltd. Common Stock,70.74,11.8,3111089174.0,31003451,1.1,-23.4,0,1,False,False,False,False,False,False,False,False,False,True,False
CCI,Crown Castle Inc. Common Stock,72.37,11.8,30790210120.0,268898651,3.8,-28.0,0,0,False,False,False,False,False,False,False,False,False,False,False
KBH,KB Home Common Stock,48.59,11.8,2979039684.0,60866016,10.4,-28.1,0,0,False,False,False,False,False,False,False,False,False,False,False
STRT,STRATTEC SECURITY CORPORATION - Common Stock,67.36,11.7,268430476.0,7046887,18.2,-27.6,5,1,False,False,False,False,False,True,False,False,False,False,False
ALK,"Alaska Air Group, Inc. Common Stock",41.91,11.7,4677286759.0,116215751,26.9,-30.9,0,0,False,False,False,False,False,False,False,False,False,False,False
PSIX,"Power Solutions International, Inc. - Common Stock",46.41,11.6,1070467535.0,16857191,83.6,-61.2,0,2,False,False,False,False,False,False,False,True,True,False,False
MCD,McDonald's Corporation Common Stock,250.35,11.6,177158057286.0,1230350807,1.6,-26.7,0,0,False,False,False,False,False,False,False,False,False,False,False
MBUU,"Malibu Boats, Inc. - Common Stock",24.03,11.5,472844942.0,6120066,5.3,-31.3,0,0,False,False,False,False,False,False,False,False,False,False,False
EIX,Edison International Common Stock,55.05,11.5,21184009544.0,309525695,5.9,-32.6,5,2,False,False,False,False,True,True,False,False,False,False,False
HUBS,"HubSpot, Inc. Common Stock",217.88,11.5,10864847874.0,426109306,28.4,-58.5,0,0,False,False,False,False,False,False,False,False,False,False,False
LKQ,LKQ Corporation - Common Stock,23.59,11.4,5968319209.0,83766279,11.4,-36.5,0,0,False,False,False,False,False,False,False,False,False,False,False
FUL,H. B. Fuller Company Common Stock,51.07,11.4,2746923080.0,36578294,5.1,-25.6,0,0,False,False,False,False,False,False,False,False,False,False,False
AEVA,"Aeva Technologies, Inc. - Common Stock",15.41,11.3,1074165731.0,30528483,74.5,-50.8,4,3,False,False,False,False,True,True,False,False,True,False,False
CPB,The Campbell's Company - Common Stock,20.21,11.3,6026748171.0,151694207,3.3,-40.9,0,0,False,False,False,False,False,False,False,False,False,False,False
MMYT,MakeMyTrip Limited - Ordinary Shares,48.34,11.3,4546795721.0,37831620,48.0,-53.2,0,1,False,False,False,False,False,False,False,False,True,False,False
PAX,Patria Investments Limited - Class A Common Shares,10.5,11.2,1704010571.0,12586053,6.0,-41.0,0,0,False,False,False,False,False,False,False,False,False,False,False
STN,Stantec Inc Common Stock,71.07,11.2,7988246892.0,27266205,7.3,-37.9,0,0,False,False,False,False,False,False,False,False,False,False,False
AZO,"AutoZone, Inc. Common Stock",2894.73,11.1,47257494879.0,748303738,3.5,-33.2,0,0,False,False,False,False,False,False,False,False,False,False,False
BKE,"Buckle, Inc. (The) Common Stock",41.75,11.1,2150644120.0,19803105,5.9,-31.7,0,0,False,False,False,False,False,False,False,False,False,False,False
VMC,Vulcan Materials Company (Holding Company) Common Stock,247.87,11.1,32118682036.0,273528567,3.0,-25.1,0,0,False,False,False,False,False,False,False,False,False,False,False
CHDN,"Churchill Downs, Incorporated - Common Stock",79.49,11.0,5540472316.0,87739543,0.1,-32.8,0,0,False,False,False,False,False,False,False,False,False,False,False
AON,Aon plc Class A Ordinary Shares (Ireland),286.1,11.0,60689086667.0,505593324,1.2,-25.2,0,0,False,False,True,False,False,False,False,False,False,False,False
GLOB,Globant S.A. Common Shares,35.01,10.9,1511716256.0,57282583,27.0,-51.4,0,0,False,False,False,False,False,False,False,False,False,False,False
YOU,"Clear Secure, Inc. Class A Common Stock",39.03,10.9,5280293840.0,80908317,32.6,-43.5,5,3,False,False,False,False,True,True,False,False,True,False,False
LASR,"nLIGHT, Inc. - Common Stock",41.2,10.8,2376836116.0,64728797,48.3,-52.6,5,3,False,False,False,False,True,True,False,False,True,False,False
PEGA,Pegasystems Inc. - Common Stock,34.705,10.8,5705673616.0,91096041,38.3,-49.0,0,2,False,False,False,False,False,False,False,True,True,False,False
MWA,MUELLER WATER PRODUCTS Common Stock,22.02,10.8,3437887452.0,28982409,1.6,-29.0,0,1,False,False,False,False,True,False,False,False,False,False,False
CDRE,"Cadre Holdings, Inc. Common Stock",26.88,10.7,1151021330.0,12307870,4.5,-44.9,0,0,False,False,False,False,False,False,False,False,False,False,False
EXP,Eagle Materials Inc Common Stock,183.16,10.7,5618492527.0,90695522,6.5,-25.4,0,0,False,False,False,False,False,False,False,False,False,False,False
AN,"AutoNation, Inc. Common Stock",169.61,10.6,5607443306.0,97056091,2.7,-28.1,0,0,False,False,False,False,False,False,False,False,False,False,False
BYD,Boyd Gaming Corporation Common Stock,72.08,10.6,5237002241.0,78216699,0.3,-21.1,0,1,False,False,False,False,False,False,False,False,False,True,False
JEF,Jefferies Financial Group Inc. Common Stock,47.39,10.6,9181466079.0,106111609,33.4,-33.3,0,1,False,False,False,False,False,False,False,False,True,False,False
BURL,"Burlington Stores, Inc. Common Stock",256.85,10.5,16134082836.0,365682780,13.2,-32.1,0,1,False,False,False,False,True,False,False,False,False,False,False
TNC,Tennant Company Common Stock,66.72,10.5,1137529496.0,15593076,10.9,-27.4,0,1,False,False,False,False,True,False,False,False,False,False,False
FCN,"FTI Consulting, Inc. Common Stock",134.7,10.4,3719279153.0,61874382,0.3,-28.8,0,0,False,False,True,False,False,False,False,False,False,False,False
LEN,Lennar Corporation Class A Common Stock,83.06,10.4,20008750495.0,257840176,9.7,-37.9,0,0,False,False,False,False,False,False,False,False,False,False,False
HNRG,Hallador Energy Company - Common Stock,15.07,10.3,710450390.0,11732495,10.4,-39.0,0,0,False,False,False,False,False,False,False,False,False,False,False
LOW,"Lowe's Companies, Inc. Common Stock",196.08,10.3,110011472046.0,649955638,4.2,-33.1,0,0,False,False,False,False,False,False,False,False,False,False,False
RDDT,"Reddit, Inc. Class A Common Stock",155.67,10.3,29950364712.0,1023292382,30.5,-40.9,0,1,False,False,False,False,False,False,False,False,True,False,False
ENPH,"Enphase Energy, Inc. - Common Stock",34.42,10.2,4548418784.0,164536306,33.5,-53.3,4,3,False,False,False,False,True,True,False,False,True,False,False
WLK,Westlake Corporation Common Stock,68.8,10.2,8792402502.0,67088632,22.1,-44.6,2,2,False,False,False,False,True,True,False,False,False,False,False
BBWI,"Bath & Body Works, Inc.",17.18,10.1,3464266477.0,114943236,20.3,-37.3,0,0,False,False,False,False,False,False,False,False,False,False,False
FND,"Floor & Decor Holdings, Inc. Common Stock",49.09,10.1,5227592382.0,131534817,15.1,-41.5,0,0,False,False,False,False,False,False,False,False,False,False,False
TJX,"TJX Companies, Inc. (The) Common Stock",130.79,10.1,143865607438.0,1015109124,6.5,-23.1,0,1,False,False,False,False,False,False,False,False,False,True,False
IRTC,"iRhythm Holdings, Inc.  - Common Stock",110.53,10.0,3643400722.0,69079236,9.6,-47.9,0,0,False,False,False,False,False,False,False,False,False,False,False
JBTM,JBT Marel Corporation Common Stock,113.35,10.0,5880237207.0,71680600,3.8,-33.4,0,0,False,False,False,False,False,False,False,False,False,False,False
PRVA,"Privia Health Group, Inc. - Common Stock",19.46,9.9,2485707668.0,27615563,0.2,-32.5,0,0,False,False,False,False,False,False,False,False,False,False,False
UVV,Universal Corporation Common Stock,43.48,9.9,1082619694.0,14917742,1.0,-26.8,0,0,False,False,False,False,False,False,False,False,False,False,False
AEO,"American Eagle Outfitters, Inc. Common Stock",15.92,9.8,2667767461.0,93899947,13.2,-44.1,0,0,False,False,False,False,False,False,False,False,False,False,False
AMRC,"Ameresco, Inc. Class A Common Stock",24.22,9.8,1285263630.0,16735379,31.8,-46.1,0,2,False,False,False,False,False,False,False,True,True,False,False
STZ,"Constellation Brands, Inc. Common Stock",117.59,9.8,20081836054.0,263361267,0.6,-30.3,0,0,False,False,False,False,False,False,False,False,False,False,False
SOFI,"SoFi Technologies, Inc.  - Common Stock",17.16,9.7,22163346760.0,1008681256,15.3,-47.6,0,0,False,False,False,False,False,False,False,False,False,False,False
SAM,"Boston Beer Company, Inc. (The) Common Stock",168.25,9.7,1731575328.0,46930595,6.0,-36.4,0,0,False,False,False,False,False,False,False,False,False,False,False
MAT,"Mattel, Inc. - Common Stock",13.21,9.6,3774097000.0,58975389,3.8,-41.2,0,0,False,False,False,False,False,False,False,False,False,False,False
LZB,La-Z-Boy Incorporated Common Stock,30.66,9.6,1228017959.0,22472185,5.6,-31.7,0,0,False,False,False,False,False,False,False,False,False,False,False
MEC,"Mayville Engineering Company, Inc. Common Stock",17.34,9.6,442175740.0,14049030,41.6,-55.3,5,3,False,False,False,False,True,True,False,False,True,False,False
FIG,"Figma, Inc. Class A Common Stock",21.8,9.5,11619615101.0,470140140,31.3,-69.5,0,1,False,False,False,False,False,False,False,False,True,False,False
SARO,"StandardAero, Inc. Common Stock",22.78,9.5,7538344638.0,91174385,2.2,-33.9,0,0,False,False,False,False,False,False,False,False,False,False,False
HLI,"Houlihan Lokey, Inc. Class A Common Stock",130.97,9.4,9153034905.0,117861317,16.1,-38.2,0,0,False,False,False,False,False,False,False,False,False,False,False
WH,"Wyndham Hotels & Resorts, Inc. Common Stock ",67.86,9.4,5035966739.0,95797187,1.5,-24.9,0,2,False,False,False,False,True,False,False,False,False,True,False
SFD,"Smithfield Foods, Inc. - Common Stock",19.56,9.3,7702090950.0,37965072,0.1,-34.4,5,2,False,False,True,False,True,True,False,False,False,False,False
AAP,Advance Auto Parts Inc.,42.66,9.3,2576664000.0,95105677,12.6,-34.6,0,1,False,False,False,False,True,False,False,False,False,False,False
GIL,"Gildan Activewear, Inc. Class A Sub. Vot. Common Stock",47.01,9.3,8705868774.0,67649629,3.3,-36.2,0,0,False,False,False,False,False,False,False,False,False,False,False
BHF,"Brighthouse Financial, Inc. - Common Stock",51.9,9.2,2984850120.0,53379618,16.6,-22.3,0,1,False,False,False,False,False,False,False,False,False,True,False
PAC,"Grupo Aeroportuario Del Pacifico, S.A. B. de C.V. Grupo Aeroportuario Del Pacifico, S.A. de C.V. (each representing 10 Series B shares)",207.45,9.2,12343652559.0,29182958,5.3,-30.9,0,0,False,False,False,False,False,False,False,False,False,False,False
STAA,STAAR Surgical Company - Common Stock,20.65,9.1,1035473270.0,25003635,32.5,-42.4,0,2,False,False,False,False,True,False,False,False,True,False,False
RH,RH Common Stock,130.64,9.1,2473427892.0,122657482,22.9,-45.4,0,0,False,False,False,False,False,False,False,False,False,False,False
TPR,"Tapestry, Inc. Common Stock",112.59,9.1,22449509026.0,414021719,21.1,-31.7,5,2,False,False,False,False,True,True,False,False,False,False,False
AMTM,"Amentum Holdings, Inc. Common Stock",19.7,9.0,4816776336.0,44399685,2.6,-48.3,0,0,False,False,False,False,False,False,False,False,False,False,False
VST,Vistra Corp. Common Stock,140.41,9.0,47126537730.0,663806984,5.8,-36.1,0,0,False,False,False,False,False,False,False,False,False,False,False
GRML,Greenland Mines Ltd - Common Stock,14.15,8.9,82784179.0,72554173,401.8,-61.8,0,2,False,False,False,False,False,False,False,True,True,False,False
NXT,Nextpower Inc. - Class A Common Stock,82.52,8.9,12520719990.0,237790869,19.2,-49.4,0,1,False,False,False,False,True,False,False,False,False,False,False
CIGI,Colliers International Group Inc.  - Subordinate Voting Shares,92.45,8.8,4724548251.0,22936464,5.2,-46.1,0,0,False,False,False,False,False,False,False,False,False,False,False
HROW,"Harrow, Inc. - Common Stock",34.45,8.8,1291456433.0,22188966,20.7,-37.2,0,0,False,False,False,False,False,False,False,False,False,False,False
PL,Planet Labs PBC Class A Common Stock,16.91,8.8,6152669494.0,169653351,60.7,-67.3,5,3,False,False,False,False,True,True,False,False,True,False,False
CPRT,"Copart, Inc. - Common Stock",28.795,8.7,26658741624.0,335379277,7.4,-37.3,0,0,False,False,False,False,False,False,False,False,False,False,False
WSC,WillScot Holdings Corporation - Class A Common Stock,18.35,8.7,3324854079.0,61320198,23.1,-38.4,4,2,False,False,False,False,True,True,False,False,False,False,False
OSIS,"OSI Systems, Inc. - Common Stock",200.84,8.6,3201784853.0,51875372,7.7,-35.6,0,0,False,False,False,False,False,False,False,False,False,False,False
TSCO,Tractor Supply Company - Common Stock,32.84,8.6,17110958099.0,349680974,15.8,-44.9,0,0,False,False,False,False,False,False,False,False,False,False,False
BRSL,"Brightstar Lottery PLC Trading under the Legal Name to begin at the market open on July 21, 2025. Ordinary Shares",10.42,8.6,1922490000.0,21829631,5.3,-43.9,0,0,False,False,False,False,False,False,False,False,False,False,False
CHWY,"Chewy, Inc. Class A Common Stock",19.66,8.5,7901889715.0,179607315,13.0,-51.5,0,0,False,False,False,False,False,False,False,False,False,False,False
TLK,"PT Telekomunikasi Indonesia, Tbk",13.67,8.5,13541805009.0,10397381,3.3,-41.9,0,0,False,False,False,False,False,False,False,False,False,False,False
AAON,"AAON, Inc. - Common Stock",79.27,8.4,6536099964.0,101840020,8.3,-47.3,0,1,False,False,False,False,True,False,False,False,False,False,False
BEPC,Brookfield Renewable Corporation Brookfield Renewable Corporation Class A Subordinate Voting Shares,30.0,8.4,11306587020.0,59895600,3.4,-33.6,0,0,False,False,False,False,False,False,False,False,False,False,False
KVYO,"Klaviyo, Inc. Series A Common Stock",15.87,8.4,4518624425.0,108852535,26.7,-56.2,0,0,False,False,False,False,False,False,False,False,False,False,False
BV,"BrightView Holdings, Inc. Common Stock",10.67,8.3,988042000.0,12821829,2.4,-28.9,0,0,False,False,False,False,False,False,False,False,False,False,False
SPXC,"SPX Technologies, Inc. Common Stock",174.65,8.3,8747495449.0,102443543,1.2,-30.4,0,0,False,False,True,False,False,False,False,False,False,False,False
IMXI,"International Money Express, Inc. - Common Stock",12.04,8.2,363747989.0,7824461,8.0,-24.5,0,1,False,False,False,False,False,False,False,False,False,True,False
VFC,V.F. Corporation Common Stock,13.55,8.2,5326973424.0,107717238,8.7,-39.2,0,0,False,False,False,False,False,False,False,False,False,False,False
CLB,Core Laboratories Inc. Common Stock,10.94,8.1,501976889.0,6842122,11.7,-46.3,0,0,False,False,False,False,False,False,False,False,False,False,False
MLM,"Martin Marietta Materials, Inc. Common Stock",499.34,8.1,29993276046.0,348179477,2.2,-29.8,0,0,False,False,False,False,False,False,False,False,False,False,False
SYK,Stryker Corporation Common Stock,275.09,8.1,105517109224.0,831912862,3.0,-29.9,0,0,False,False,False,False,False,False,False,False,False,False,False
KEP,Korea Electric Power Corporation Common Stock,11.3,8.0,14508388140.0,12634511,2.8,-51.7,0,0,False,False,False,False,False,False,False,False,False,False,False
PRKS,United Parks & Resorts Inc. Common Stock,33.6,8.0,1523467982.0,28337331,16.8,-39.7,1,3,False,False,False,False,True,True,True,False,False,False,False
ASTE,"Astec Industries, Inc. - Common Stock",42.28,7.9,973512517.0,11233652,5.7,-35.6,0,1,False,False,False,False,True,False,False,False,False,False,False
VERX,"Vertex, Inc. - Class A Common Stock",11.79,7.9,1912549984.0,25231629,15.5,-55.6,0,0,False,False,False,False,False,False,False,False,False,False,False
HDB,HDFC Bank Limited Common Stock,23.41,7.9,120119584186.0,229898339,7.5,-37.5,0,0,False,False,False,False,False,False,False,False,False,False,False
AORT,"Artivion, Inc. Common Stock",24.13,7.8,1176487613.0,17881790,25.9,-50.0,0,0,False,False,False,False,False,False,False,False,False,False,False
ORCL,Oracle Corporation Common Stock,149.2,7.8,451141411200.0,4440022364,30.3,-54.7,0,2,False,False,False,False,False,False,False,True,True,False,False
NFLX,"Netflix, Inc. - Common Stock",72.16,7.7,300469887020.0,2780938472,10.9,-42.2,0,0,False,False,False,False,False,False,False,False,False,False,False
XENE,Xenon Pharmaceuticals Inc. - Common Shares,39.09,7.7,3785492487.0,60502069,8.7,-46.2,5,3,False,False,False,False,True,True,True,False,False,False,False
IPGP,IPG Photonics Corporation - Common Stock,78.2,7.6,3326200950.0,39887433,12.7,-49.8,0,1,False,False,False,False,True,False,False,False,False,False,False
PHR,"Phreesia, Inc. Common Stock",10.1,7.6,626916534.0,8446311,30.0,-59.6,0,0,False,False,False,False,False,False,False,False,False,False,False
ULS,UL Solutions Inc. Class A Common Stock,66.65,7.6,13456513230.0,66387007,5.5,-38.0,0,1,False,False,False,False,True,False,False,False,False,False,False
LAZ,"Lazard, Inc. Common Stock",36.6,7.5,3566690935.0,71486332,4.1,-37.7,0,0,False,False,False,False,False,False,False,False,False,False,False
SGI,Somnigroup International Inc. Common Stock,64.73,7.5,14903382769.0,213068241,7.2,-34.3,0,0,False,False,False,False,False,False,False,False,False,False,False
AVAV,"AeroVironment, Inc. - Common Stock",156.15,7.4,7935652617.0,262072495,15.5,-62.6,0,0,False,False,False,False,False,False,False,False,False,False,False
IONQ,"IonQ, Inc. Common Stock",40.74,7.4,15522034272.0,773306582,57.4,-51.9,0,2,False,False,False,False,False,False,False,True,True,False,False
RKT,"Rocket Companies, Inc. Class A Common Stock",12.74,7.4,36075124444.0,397193110,5.0,-47.7,0,0,False,False,False,False,False,False,False,False,False,False,False
RRR,"Red Rock Resorts, Inc. - Class A Common Stock",48.76,7.3,5120589376.0,49663593,0.2,-29.3,3,1,False,False,True,False,False,True,False,False,False,False,False
KMPR,Kemper Corporation,26.2,7.3,1543786635.0,24317193,15.5,-50.0,0,0,False,False,False,False,False,False,False,False,False,False,False
TMUS,"T-Mobile US, Inc. - Common Stock",162.41,7.2,174212596667.0,842539210,0.7,-33.0,0,0,False,False,True,False,False,False,False,False,False,False,False
MMS,"Maximus, Inc. Common Stock",55.18,7.2,2889101362.0,36574661,4.6,-44.8,0,0,False,False,False,False,False,False,False,False,False,False,False
CELH,"Celsius Holdings, Inc. - Common Stock",29.385,7.1,7435434856.0,289979611,24.7,-56.0,0,0,False,False,False,False,False,False,False,False,False,False,False
FN,Fabrinet Ordinary Shares,403.8,7.1,14470118083.0,410178894,13.9,-46.1,0,1,False,False,False,False,True,False,False,False,False,False,False
PINS,"Pinterest, Inc. Class A Common Stock",18.39,7.1,10414496567.0,274578429,32.9,-49.1,0,1,False,False,False,False,False,False,False,False,True,False,False
LHX,"L3Harris Technologies, Inc. Common Stock",239.89,7.0,44671024232.0,442609119,0.2,-36.7,0,0,False,False,True,False,False,False,False,False,False,False,False
NXRT,"NexPoint Residential Trust, Inc. Common Stock",21.72,7.0,554941938.0,10707738,5.1,-34.9,0,0,False,False,False,False,False,False,False,False,False,False,False
AMSC,American Superconductor Corporation - Common Stock,31.24,6.9,1513332547.0,21934207,25.6,-55.7,0,2,False,False,False,False,True,False,False,True,False,False,False
CG,The Carlyle Group Inc. - Common Stock,40.23,6.9,14335268464.0,169688218,2.7,-41.8,0,0,False,False,False,False,False,False,False,False,False,False,False
HUBG,"Hub Group, Inc. - Class A Common Stock",32.06,6.9,1960581531.0,48439331,2.1,-39.8,5,1,False,False,False,False,False,True,False,False,False,False,False
ROAD,"Construction Partners, Inc. - Common Stock",96.71,6.8,5548693214.0,95783928,3.5,-36.0,0,0,False,False,False,False,False,False,False,False,False,False,False
TRUP,"Trupanion, Inc. - Common Stock",23.63,6.8,1036709798.0,13316886,11.7,-49.7,0,0,False,False,False,False,False,False,False,False,False,False,False
TBBK,"The Bancorp, Inc. - Common Stock",50.59,6.7,2063404667.0,29582358,4.5,-38.0,0,0,False,False,False,False,False,False,False,False,False,False,False
SHAK,"Shake Shack, Inc. Class A Common Stock",58.09,6.7,2486190308.0,102150960,12.6,-45.9,0,0,False,False,False,False,False,False,False,False,False,False,False
CRK,"Comstock Resources, Inc. Common Stock",13.32,6.6,3911025699.0,35328960,9.9,-52.6,0,0,False,False,False,False,False,False,False,False,False,False,False
ONT,"Onterris, Inc. Common Stock",16.94,6.6,594889163.0,11745699,33.6,-45.2,0,1,False,False,False,False,False,False,False,False,True,False,False
VVV,Valvoline Inc. Common Stock,28.67,6.6,3657902604.0,75986228,9.4,-30.2,0,1,False,False,False,False,True,False,False,False,False,False,False
ALMU,"Aeluma, Inc. - Common Stock",13.9,6.5,267792827.0,8333733,35.7,-56.3,0,2,False,False,False,False,True,False,False,False,True,False,False
ROOT,"Root, Inc. - Common Stock",48.55,6.5,752197385.0,12906423,18.7,-53.5,0,0,False,False,False,False,False,False,False,False,False,False,False
CSIQ,Canadian Solar Inc. - Common Shares,11.77,6.4,798202841.0,27479758,6.0,-66.0,0,0,False,False,False,False,False,False,False,False,False,False,False
HWKN,"Hawkins, Inc. - Common Stock",124.55,6.4,2599995822.0,22103822,7.3,-33.1,0,1,False,False,False,False,True,False,False,False,False,False,False
MIR,"Mirion Technologies, Inc. Class A Common Stock",16.49,6.4,4106630799.0,61016606,16.9,-45.5,0,1,False,False,False,False,False,False,False,True,False,False,False
MTZ,"MasTec, Inc. Common Stock",221.69,6.3,17802803922.0,422715290,21.6,-49.8,5,2,False,False,False,False,True,True,False,False,False,False,False
REZI,"Resideo Technologies, Inc. Common Stock ",18.88,6.3,2866878497.0,56015284,3.9,-40.1,0,0,False,False,False,False,False,False,False,False,False,False,False
GILT,Gilat Satellite Networks Ltd. - Ordinary Shares,10.01,6.2,755464189.0,6038154,6.8,-52.2,0,0,False,False,False,False,False,False,False,False,False,False,False
CCL,Carnival Corporation Ltd. Common Shares,22.28,6.2,30515782371.0,491519203,2.2,-34.5,0,0,False,False,False,False,False,False,False,False,False,False,False
ASR,"Grupo Aeroportuario del Sureste, S.A. de C.V. Common Stock",244.71,6.1,7341300000.0,14921847,2.6,-35.9,0,0,False,False,False,False,False,False,False,False,False,False,False
PCG,Pacific Gas & Electric Co. Common Stock,12.88,6.1,34519823188.0,586605223,2.3,-32.8,0,1,False,False,False,False,True,False,False,False,False,False,False
POST,"Post Holdings, Inc. Common Stock",75.97,6.1,3339398476.0,82763720,1.9,-35.2,0,0,False,False,False,False,False,False,False,False,False,False,False
FOUR,"Shift4 Payments, Inc. Class A Common Stock",39.07,6.0,3084971888.0,81334791,13.0,-55.1,0,0,False,False,False,False,False,False,False,False,False,False,False
RBLX,Roblox Corporation Class A Common Stock,49.87,6.0,35625928178.0,500612350,47.2,-64.9,0,2,False,False,False,False,False,False,False,True,True,False,False
MATW,Matthews International Corporation - Class A Common Stock,19.91,5.9,621454274.0,17378553,2.1,-35.6,0,0,False,False,False,False,False,False,False,False,False,False,False
FG,"F&G Annuities & Life, Inc. Common Stock",22.22,5.9,2909380344.0,17786970,8.0,-37.1,0,0,False,False,False,False,False,False,False,False,False,False,False
RCL,Royal Caribbean Cruises Ltd. Common Stock,234.89,5.9,62821820011.0,609448352,1.7,-34.1,2,1,False,False,True,False,False,True,False,False,False,False,False
COO,"The Cooper Companies, Inc.  - Common Stock",55.29,5.8,10513686205.0,184962995,8.4,-38.5,0,0,False,False,False,False,False,False,False,False,False,False,False
BBUC,Brookfield Business Corporation Class A Subordinate Voting Shares,26.22,5.8,5451138000.0,9462690,4.3,-31.5,0,0,False,False,False,False,False,False,False,False,False,False,False
TTAN,"ServiceTitan, Inc. - Class A Common Stock",61.56,5.7,5938564109.0,170369303,16.2,-46.9,0,0,False,False,False,False,False,False,False,False,False,False,False
CRH,CRH PLC Ordinary Shares,88.04,5.7,58928643593.0,426394577,3.0,-33.1,0,0,False,False,False,False,False,False,False,False,False,False,False
UUUU,Energy Fuels Inc Ordinary Shares (Canada),12.14,5.7,3033385380.0,92890798,13.6,-56.5,0,0,False,False,False,False,False,False,False,False,False,False,False
FWRG,"First Watch Restaurant Group, Inc. - Common Stock",10.32,5.6,636872329.0,13533038,3.6,-45.2,0,0,False,False,False,False,False,False,False,False,False,False,False
ALIT,"Alight, Inc. Class A Common Stock",12.91,5.6,347783691.0,8383403,34.8,-80.9,0,1,False,False,False,False,False,False,False,False,True,False,False
KD,"Kyndryl Holdings, Inc. Common Stock",12.06,5.5,2626888252.0,52978129,19.4,-62.4,0,0,False,False,False,False,False,False,False,False,False,False,False
SITE,"SiteOne Landscape Supply, Inc. Common Stock",94.39,5.5,4120632262.0,87316523,9.5,-44.0,0,0,False,False,False,False,False,False,False,False,False,False,False
OLED,Universal Display Corporation - Common Stock,78.12,5.4,3590929150.0,64473015,3.5,-49.1,0,0,False,False,False,False,False,False,False,False,False,False,False
SFM,"Sprouts Farmers Market, Inc. - Common Stock",68.68,5.4,6404246885.0,147931961,6.1,-43.3,0,1,False,False,False,False,True,False,False,False,False,False,False
EVR,Evercore Inc. Class A Common Stock,263.2,5.4,10122087170.0,157441737,1.8,-32.3,0,0,False,False,False,False,False,False,False,False,False,False,False
PSN,Parsons Corporation Common Stock,44.09,5.3,4709049821.0,68823594,21.6,-50.7,0,0,False,False,False,False,False,False,False,False,False,False,False
RBA,"RB Global, Inc. Common Stock",83.36,5.3,15132882890.0,162407788,4.5,-30.1,0,0,False,False,False,False,False,False,False,False,False,False,False
ETOR,eToro Group Ltd. - Class A Common Shares,28.18,5.2,2269795664.0,34993793,13.9,-39.1,0,1,False,False,False,False,True,False,False,False,False,False,False
SHOE,"Shoe Station Group, Inc. - Common Stock",13.38,5.2,363719445.0,14010689,31.2,-41.2,0,1,False,False,False,False,False,False,False,False,True,False,False
ACI,"Albertsons Companies, Inc. Class A Common Stock",12.07,5.2,5857880994.0,104828564,11.1,-39.6,0,0,False,False,False,False,False,False,False,False,False,False,False
CLBT,Cellebrite DI Ltd. - Ordinary Shares,11.66,5.1,2930636760.0,37348736,21.7,-41.6,0,0,False,False,False,False,False,False,False,False,False,False,False
AS,"Amer Sports, Inc. Ordinary Shares",27.65,5.1,15419503251.0,209568414,5.9,-35.3,0,0,False,False,False,False,False,False,False,False,False,False,False
RGTI,"Rigetti Computing, Inc.  - Common stock",16.52,5.0,5513859700.0,298466119,31.8,-71.6,0,2,False,False,False,False,False,False,False,True,True,False,False
DY,"Dycom Industries, Inc. Common Stock",282.02,5.0,8505993093.0,205861972,6.0,-50.2,0,1,False,False,False,False,True,False,False,False,False,False,False
MZTI,The Marzetti Company - Common Stock,103.56,4.9,2826255960.0,41291745,5.7,-41.9,0,0,False,False,False,False,False,False,False,False,False,False,False
TLN,Talen Energy Corporation - Common Stock,294.54,4.9,14112665846.0,259013490,5.3,-34.7,0,0,False,False,False,False,False,False,False,False,False,False,False
BGSI,Boyd Group Services Inc. Common Shares,80.85,4.9,2250575770.0,5507075,1.7,-55.8,0,0,False,False,True,False,False,False,False,False,False,False,False
POOL,Pool Corporation - Common Stock,168.6,4.8,6127049944.0,147872752,2.0,-46.6,0,0,False,False,False,False,False,False,False,False,False,False,False
QBTS,D-Wave Quantum Inc. - Common Stock,17.56,4.8,6666243588.0,308219882,37.7,-62.4,0,1,False,False,False,False,False,False,False,False,True,False,False
BIRK,Birkenstock Holding plc Ordinary Shares,31.68,4.7,5231198143.0,88727802,5.8,-37.6,0,0,False,False,False,False,False,False,False,False,False,False,False
CSV,"Carriage Services, Inc. Common Stock",31.86,4.7,506009951.0,5837597,5.8,-38.8,0,0,False,False,False,False,False,False,False,False,False,False,False
OLN,Olin Corporation Common Stock,16.82,4.7,1917185482.0,55755363,2.9,-44.8,0,1,False,False,False,False,True,False,False,False,False,False,False
NAMS,NewAmsterdam Pharma Company N.V. - Ordinary Shares,23.32,4.6,2787606781.0,34808058,10.9,-44.7,0,0,False,False,False,False,False,False,False,False,False,False,False
PAR,PAR Technology Corporation Common Stock,15.15,4.6,626645026.0,15677113,30.7,-64.7,0,1,False,False,False,False,False,False,False,False,True,False,False
CALX,"Calix, Inc Common Stock",35.15,4.5,2213184213.0,41514256,3.5,-50.6,0,0,False,False,False,False,False,False,False,False,False,False,False
LEU,Centrus Energy Corp. Class A Common Stock,157.83,4.5,3114602700.0,119356459,16.2,-66.0,0,0,False,False,False,False,False,False,False,False,False,False,False
DECK,Deckers Outdoor Corporation Common Stock,79.83,4.4,10889947741.0,251678459,3.2,-34.7,0,0,False,False,False,False,False,False,False,False,False,False,False
HGV,Hilton Grand Vacations Inc. Common Stock ,35.57,4.4,2764647838.0,48675236,1.8,-35.8,4,2,False,False,False,False,True,True,False,False,False,False,False
OXM,"Oxford Industries, Inc. Common Stock",28.11,4.4,421039282.0,14033117,0.9,-43.3,0,1,False,False,False,False,True,False,False,False,False,False,False
LINC,Lincoln Educational Services Corporation - Common Stock,24.22,4.3,768294221.0,29350614,40.1,-57.0,5,3,False,False,False,False,True,True,False,False,True,False,False
TGLS,Tecnoglass Holdings Inc. Common Stock,36.98,4.3,1640603500.0,11015897,4.7,-47.5,0,0,False,False,False,False,False,False,False,False,False,False,False
BL,"BlackLine, Inc. - Common Stock",27.85,4.2,1618788770.0,31121906,12.8,-53.2,0,0,False,False,False,False,False,False,False,False,False,False,False
PWP,Perella Weinberg Partners - Class A Common Stock,13.34,4.2,1298133089.0,18892780,6.6,-48.5,0,0,False,False,False,False,False,False,False,False,False,False,False
ENOV,Enovis Corporation Common Stock,18.39,4.2,1060541995.0,33574499,6.3,-46.4,0,0,False,False,False,False,False,False,False,False,False,False,False
INTU,Intuit Inc. - Common Stock,292.35,4.1,78126444600.0,1276066211,15.6,-58.5,0,0,False,False,False,False,False,False,False,False,False,False,False
CPS,Cooper-Standard Holdings Inc. Common Stock,23.96,4.1,425750224.0,5618848,7.9,-50.1,0,0,False,False,False,False,False,False,False,False,False,False,False
EYE,"National Vision Holdings, Inc. - Common Stock",16.6,4.0,1312550596.0,42286425,12.5,-44.7,0,0,False,False,False,False,False,False,False,False,False,False,False
LIF,"Life360, Inc. - Common Stock",40.98,4.0,3339065522.0,37669341,10.7,-63.6,0,0,False,False,False,False,False,False,False,False,False,False,False
DKNG,DraftKings Inc. - Class A Common Stock,21.8,3.9,10822698246.0,285276412,6.5,-50.7,0,0,False,False,False,False,False,False,False,False,False,False,False
FMC,FMC Corporation Common Stock,10.57,3.9,1323647688.0,38777011,8.9,-70.8,0,0,False,False,False,False,False,False,False,False,False,False,False
LVS,Las Vegas Sands Corp. Common Stock,39.7,3.9,25713737005.0,244673979,0.4,-43.6,0,0,False,False,False,False,False,False,False,False,False,False,False
FISV,"Fiserv, Inc. - Common Stock",46.1,3.8,24514445838.0,380942158,0.7,-65.4,0,0,False,False,True,False,False,False,False,False,False,False,False
BWXT,"BWX Technologies, Inc. Common Stock",144.51,3.8,13240292330.0,167423950,0.7,-40.2,0,0,False,False,True,False,False,False,False,False,False,False,False
ALNY,"Alnylam Pharmaceuticals, Inc. - Common Stock",251.65,3.7,33673064545.0,444339409,27.2,-49.2,0,1,False,False,False,False,False,False,False,True,False,False,False
CPRI,Capri Holdings Limited Ordinary Shares,15.19,3.7,1726368077.0,71823129,22.5,-46.3,0,1,False,False,False,False,False,False,False,True,False,False,False
GPGI,"GPGI, Inc. Class A Common Stock",12.6,3.7,3652615033.0,20407315,12.3,-52.9,0,0,False,False,False,False,False,False,False,False,False,False,False
CAVA,"CAVA Group, Inc. Common Stock",52.66,3.6,6151014387.0,222936977,21.3,-46.7,5,2,False,False,False,False,True,True,False,False,False,False,False
LMND,"Lemonade, Inc. Common Stock",47.69,3.6,3691044569.0,65745691,3.3,-52.3,0,0,False,False,False,False,False,False,False,False,False,False,False
WYNN,"Wynn Resorts, Limited - Common Stock",82.51,3.5,8496375746.0,159728804,1.4,-38.8,0,0,False,False,False,False,False,False,False,False,False,False,False
BOOT,"Boot Barn Holdings, Inc. Common Stock",129.28,3.5,3915224632.0,105622633,7.2,-38.5,0,0,False,False,False,False,False,False,False,False,False,False,False
AMRZ,Amrize Ltd Ordinary Shares,39.0,3.4,21330100116.0,172090883,4.3,-40.9,0,0,False,False,False,False,False,False,False,False,False,False,False
CTRI,"Centuri Holdings, Inc. Common Stock",20.03,3.4,2022289952.0,42030254,5.3,-53.4,0,1,False,False,False,False,True,False,False,False,False,False,False
FIS,"Fidelity National Information Services, Inc. Common Stock",34.96,3.4,18029078858.0,250860569,0.4,-49.4,0,0,False,False,True,False,False,False,False,False,False,False,False
BXMT,"Blackstone Mortgage Trust, Inc. Common Stock",13.14,3.3,2214662786.0,33538935,0.3,-36.4,0,0,False,False,False,False,False,False,False,False,False,False,False
ONON,On Holding AG Class A Ordinary Shares,29.39,3.3,17734839147.0,260209313,11.5,-42.5,0,0,False,False,False,False,False,False,False,False,False,False,False
FICO,Fair Isaac Corporation Common Stock,914.48,3.2,19750605255.0,393761150,5.1,-54.2,0,0,False,False,False,False,False,False,False,False,False,False,False
LII,"Lennox International, Inc. Common Stock",371.68,3.2,12845511684.0,228667970,6.1,-36.7,0,0,False,False,False,False,False,False,False,False,False,False,False
ZTS,Zoetis Inc. Class A Common Stock,72.86,3.2,30107471642.0,431002484,3.7,-51.0,0,0,False,False,False,False,False,False,False,False,False,False,False
CAR,"Avis Budget Group, Inc. - Common Stock",107.73,3.1,3805643478.0,61606463,25.3,-87.3,0,1,False,False,False,False,True,False,False,False,False,False,False
KTOS,"Kratos Defense & Security Solutions, Inc. - Common Stock",46.97,3.1,8817270729.0,194881792,9.0,-64.9,0,0,False,False,False,False,False,False,False,False,False,False,False
DFH,"Dream Finders Homes, Inc. Class A Common Stock",12.26,3.0,1109960547.0,10084356,8.9,-55.4,0,0,False,False,False,False,False,False,False,False,False,False,False
YELP,Yelp Inc. Common Stock,18.96,3.0,1028838254.0,26484488,1.2,-45.0,0,0,False,False,True,False,False,False,False,False,False,False,False
LULU,lululemon athletica inc. - Common Stock,103.73,2.9,10953272259.0,527420448,8.8,-54.1,0,0,False,False,False,False,False,False,False,False,False,False,False
ZG,"Zillow Group, Inc. - Class A Common Stock",31.59,2.9,7103799797.0,38426046,8.8,-61.3,0,0,False,False,False,False,False,False,False,False,False,False,False
ACM,AECOM Common Stock,62.27,2.9,8013926385.0,135776598,3.2,-54.1,0,0,False,False,False,False,False,False,False,False,False,False,False
PATK,"Patrick Industries, Inc. - Common Stock",71.06,2.8,2282323840.0,43773292,3.8,-52.1,0,0,False,False,False,False,False,False,False,False,False,False,False
FUBO,FuboTV Inc. Class A Common Stock,10.13,2.8,1106163533.0,14571446,27.4,-82.1,0,1,False,False,False,False,False,False,False,True,False,False,False
AMSF,"AMERISAFE, Inc. - Common Stock",24.56,2.7,455245584.0,11667395,1.9,-45.0,0,0,False,False,False,False,False,False,False,False,False,False,False
SRAD,Sportradar Group AG - Class A Ordinary Shares,13.6,2.7,4239900150.0,33070518,17.7,-56.4,0,1,False,False,False,False,False,False,False,True,False,False,False
GPI,"Group 1 Automotive, Inc. Common Stock",253.75,2.7,3025264594.0,62238765,3.1,-45.0,0,0,False,False,False,False,False,False,False,False,False,False,False
PRCT,PROCEPT BioRobotics Corporation - Common Stock,18.43,2.6,1055553535.0,28753409,10.6,-53.9,0,0,False,False,False,False,False,False,False,False,False,False,False
PRIM,Primoris Services Corporation Common Stock,76.32,2.6,4108483197.0,103534787,17.4,-62.9,0,0,False,False,False,False,False,False,False,False,False,False,False
VITL,"Vital Farms, Inc. - Common Stock",11.25,2.5,482979623.0,18435994,41.5,-75.1,0,1,False,False,False,False,False,False,False,False,True,False,False
Z,"Zillow Group, Inc. - Class C Capital Stock",30.95,2.5,6959879826.0,120319978,5.9,-63.6,0,0,False,False,False,False,False,False,False,False,False,False,False
BSX,Boston Scientific Corporation Common Stock,44.92,2.5,65099390308.0,969916371,6.4,-57.5,0,0,False,False,False,False,False,False,False,False,False,False,False
PFSI,"PennyMac Financial Services, Inc. Common Stock",66.96,2.4,3478677261.0,43956530,3.0,-58.2,0,0,False,False,False,False,False,False,False,False,False,False,False
WD,"Walker & Dunlop, Inc Common Stock",38.32,2.4,1315362548.0,18019602,1.9,-57.4,0,0,False,False,False,False,False,False,False,False,False,False,False
UPST,"Upstart Holdings, Inc. - Common stock",25.97,2.3,2527219805.0,120391315,8.4,-61.1,0,0,False,False,False,False,False,False,False,False,False,False,False
CPNG,"Coupang, Inc. Class A Common Stock",14.61,2.3,26261645966.0,279545043,3.3,-55.9,0,0,False,False,False,False,False,False,False,False,False,False,False
WINA,Winmark Corporation - Common Stock,293.92,2.2,1055810312.0,21748588,5.0,-44.3,0,0,False,False,False,False,False,False,False,False,False,False,False
NKE,"Nike, Inc. Common Stock",36.1,2.2,53554303178.0,1021006157,2.1,-53.1,0,0,False,False,False,False,False,False,False,False,False,False,False
NRG,"NRG Energy, Inc. Common Stock",102.75,2.2,21599127128.0,343987201,1.4,-45.9,0,0,False,False,False,False,False,False,False,False,False,False,False
PODD,Insulet Corporation - Common Stock,139.38,2.1,9666588257.0,251913111,10.3,-60.7,0,0,False,False,False,False,False,False,False,False,False,False,False
REAX,"The Real Brokerage, Inc. - Common Shares",17.13,2.1,375489600.0,15959118,10.5,-66.8,0,0,False,False,False,False,False,False,False,False,False,False,False
TNXP,Tonix Pharmaceuticals Holding Corp. - Common Stock,10.59,2.0,181629344.0,5610503,12.7,-61.3,0,0,False,False,False,False,False,False,False,False,False,False,False
JBGS,JBG SMITH Properties Common Shares ,11.01,2.0,821549112.0,10799462,2.2,-53.8,0,0,False,False,False,False,False,False,False,False,False,False,False
KNF,Knife Riv Holding Co. Common Stock,55.82,2.0,3168534104.0,53345930,4.2,-42.0,0,1,False,False,False,False,True,False,False,False,False,False,False
ATS,ATS Corporation Common Shares,19.11,1.9,1853812962.0,5495377,3.8,-46.6,0,0,False,False,False,False,False,False,False,False,False,False,False
QXO,"QXO, Inc. Common Stock",12.78,1.9,13259131261.0,251181503,14.7,-53.7,0,0,False,False,False,False,False,False,False,False,False,False,False
KRUS,"Kura Sushi USA, Inc. - Class A Common Stock",37.35,1.8,453796375.0,9333343,10.0,-53.8,0,0,False,False,False,False,False,False,False,False,False,False,False
BLDR,"Builders FirstSource, Inc. Common Stock",60.87,1.8,6549396338.0,184550742,7.6,-53.7,0,0,False,False,False,False,False,False,False,False,False,False,False
CSGP,"CoStar Group, Inc. - Common Stock",28.77,1.7,11657534607.0,221909199,11.1,-66.9,0,0,False,False,False,False,False,False,False,False,False,False,False
ESAB,ESAB Corporation Common Stock,68.44,1.7,4254764916.0,61111816,5.6,-50.2,0,0,False,False,False,False,False,False,False,False,False,False,False
KLAR,Klarna Group plc Ordinary Shares,13.67,1.7,9646160301.0,93850860,13.3,-69.5,0,0,False,False,False,False,False,False,False,False,False,False,False
CHTR,"Charter Communications, Inc. - Class A Common Stock",117.26,1.6,13435356712.0,417664113,5.1,-59.0,0,0,False,False,False,False,False,False,False,False,False,False,False
TPB,"Turning Point Brands, Inc. Common Stock",60.28,1.6,1208549018.0,26322158,2.8,-59.0,0,0,False,False,False,False,False,False,False,False,False,False,False
FLUT,Flutter Entertainment plc Ordinary Shares,88.62,1.5,15524550323.0,297294668,2.4,-69.2,0,0,False,False,True,False,False,False,False,False,False,False,False
NCLH,Norwegian Cruise Line Holdings Ltd. Ordinary Shares,14.22,1.5,6529651170.0,263629733,1.1,-45.5,0,0,False,False,False,False,False,False,False,False,False,False,False
WHR,Whirlpool Corporation Common Stock,33.56,1.5,2188091126.0,94181048,6.5,-64.6,0,0,False,False,False,False,False,False,False,False,False,False,False
MLTX,MoonLake Immunotherapeutics - Class A Ordinary Shares,13.38,1.4,1138727445.0,20976634,124.9,-78.7,2,3,False,False,False,False,True,True,False,False,True,False,False
QDEL,QuidelOrtho Corporation - Common Stock,10.94,1.4,750215171.0,20271205,10.3,-69.3,0,0,False,False,False,False,False,False,False,False,False,False,False
SMPL,The Simply Good Foods Company - Common Stock,10.01,1.3,885490055.0,24386688,2.7,-62.1,0,0,False,False,False,False,False,False,False,False,False,False,False
ROL,"Rollins, Inc. Common Stock",32.86,1.3,15810437975.0,213808744,3.1,-50.3,0,0,False,False,False,False,False,False,False,False,False,False,False
IIIV,"i3 Verticals, Inc. - Common Stock",15.15,1.2,398778436.0,8653865,6.9,-55.4,0,0,False,False,False,False,False,False,False,False,False,False,False
BBW,"Build-A-Bear Workshop, Inc. Common Stock",26.37,1.2,324860864.0,19152783,9.2,-64.5,0,0,False,False,False,False,False,False,False,False,False,False,False
FUN,Six Flags Entertainment Corporation Common Stock New,12.3,1.2,1258490638.0,34131946,2.5,-55.1,0,1,False,False,False,False,True,False,False,False,False,False,False
IONS,"Ionis Pharmaceuticals, Inc. - Common Stock",45.75,1.1,7602932732.0,179544428,3.5,-47.3,0,0,False,False,False,False,False,False,False,False,False,False,False
PNR,Pentair plc. Ordinary Share,55.49,1.1,8858309846.0,230139318,0.4,-51.3,0,0,False,False,False,False,False,False,False,False,False,False,False
NNE,Nano Nuclear Energy Inc. - common stock,17.32,1.0,930051889.0,34337997,17.7,-71.5,0,0,False,False,False,False,False,False,False,False,False,False,False
APTV,Aptiv PLC Ordinary Shares,44.61,1.0,9262522896.0,209939296,3.8,-49.8,0,0,False,False,False,False,False,False,False,False,False,False,False
BROS,Dutch Bros Inc. Class A Common Stock,38.76,1.0,6770663312.0,205597666,1.3,-47.6,0,0,False,False,False,False,False,False,False,False,False,False,False
LMB,"Limbach Holdings, Inc. - Common Stock",52.08,0.9,621053635.0,19916720,27.8,-54.7,0,0,False,False,False,False,False,False,False,False,False,False,False
DKS,Dick's Sporting Goods Inc Common Stock,133.94,0.9,11910822911.0,492922668,11.5,-45.2,0,0,False,False,False,False,False,False,False,False,False,False,False
APP,Applovin Corporation - Class A Common Stock,328.73,0.8,110009823230.0,2110071598,10.5,-55.9,0,0,False,False,False,False,False,False,False,False,False,False,False
COLL,"Collegium Pharmaceutical, Inc. - Common Stock",22.78,0.8,741616864.0,20599459,5.2,-55.1,0,0,False,False,False,False,False,False,False,False,False,False,False
SDOT,Sadot Group Inc. - Common Stock,11.78,0.7,17137874.0,39236859,347.9,-95.5,0,1,False,False,False,False,False,False,False,False,True,False,False
PLNT,"Planet Fitness, Inc. Common Stock",42.6,0.7,3204242709.0,108275111,15.0,-62.7,0,0,False,False,False,False,False,False,False,False,False,False,False
UTI,Universal Technical Institute Inc Common Stock,20.41,0.7,1124493665.0,44784009,4.6,-60.2,0,1,False,False,False,False,True,False,False,False,False,False,False
ABTC,American Bitcoin Corp. - Class A Common Stock,10.27,0.6,747858453.0,12874897,108.7,-90.9,0,2,False,False,False,False,False,False,False,True,True,False,False
OKLO,Oklo Inc. Class A common stock,40.45,0.6,7524413943.0,411989940,17.7,-79.1,0,0,False,False,False,False,False,False,False,False,False,False,False
MPLT,"MapLight Therapeutics, Inc. - Common Stock",10.86,0.5,703441361.0,14311920,19.3,-73.1,0,1,False,False,False,False,True,False,False,False,False,False,False
RARE,Ultragenyx Pharmaceutical Inc. - Common Stock,15.615,0.5,1539465252.0,73806444,22.7,-60.9,0,0,False,False,False,False,False,False,False,False,False,False,False
TREE,"LendingTree, Inc. - Common Stock",26.05,0.5,365730564.0,13294405,2.0,-65.0,0,0,False,False,True,False,False,False,False,False,False,False,False
WING,Wingstop Inc. - Common Stock,102.38,0.4,2789091859.0,151559704,2.2,-66.2,0,0,False,False,False,False,False,False,False,False,False,False,False
KRMN,Karman Holdings Inc. Common Stock,33.5,0.4,4439879218.0,164753331,1.3,-71.7,0,0,False,False,True,False,False,False,False,False,False,False,False
PZZA,"Papa John's International, Inc. - Common Stock",20.4,0.3,671602415.0,37097377,4.0,-63.4,0,0,False,False,False,False,False,False,False,False,False,False,False
TTD,"The Trade Desk, Inc. - Class A Common Stock",13.18,0.3,6231439471.0,378247296,2.7,-76.6,0,0,False,False,False,False,False,False,False,False,False,False,False
BETR,Better Home & Finance Holding Company - Class A Common Stock,13.14,0.2,249641328.0,9039497,18.3,-86.0,0,0,False,False,False,False,False,False,False,False,False,False,False
CCB,Coastal Financial Corporation - Common Stock,45.09,0.2,689260484.0,13340299,23.2,-62.4,0,0,False,False,False,False,False,False,False,False,False,False,False
GOSS,"Gossamer Bio, Inc. - Common Stock",11.69,0.2,71500611.0,5486239,28.2,-96.2,0,0,False,False,False,False,False,False,False,False,False,False,False
BYND,"Beyond Meat, Inc. - Common stock",11.51,0.1,197902549.0,18927916,17.3,-95.0,0,0,False,False,False,False,False,False,False,False,False,False,False
JAGX,"Jaguar Health, Inc. - Common Stock",34.46,0.1,17924024.0,18353273,1366.4,-97.3,0,2,False,False,False,False,False,False,False,True,True,False,False
CABO,"Cable One, Inc. Common Stock",17.06,0.0,96797161.0,7586731,3.1,-90.6,0,0,False,False,False,False,False,False,False,False,False,False,False
