ticker,name,close,rs,mcap,dvol_50d,vs_52w_low,from_52w_high,sma200_up_months,n_pass,pass_all,new_52w_high,new_52w_low,1_price_gt_150_200,2_150_gt_200,3_200ma_rising_1m,4_50_gt_150_gt_200,5_price_gt_50,6_ge_30pct_above_52wlow,7_within_25pct_of_52whigh,8_rs_ge_70
043260.KQ,성호전자,32350.0,99.0,2456000000000.0,66930178060,3040.8,-45.7,5,6,False,False,False,True,True,True,False,True,True,False,True
036930.KQ,주성엔지니어링,278500.0,98.9,13154200000000.0,256312705284,956.9,-1.6,5,8,True,False,False,True,True,True,True,True,True,True,True
000500.KS,가온전선,327000.0,98.8,9856400000000.0,58836652074,1019.0,-7.3,5,8,True,False,False,True,True,True,True,True,True,True,True
010170.KQ,대한광통신,18530.0,98.7,2920000000000.0,178747574361,1356.8,-41.2,5,6,False,False,False,True,True,True,False,True,True,False,True
159010.KQ,아스플로,32150.0,98.6,428700000000.0,4537931854,768.9,-8.1,5,8,True,True,False,True,True,True,True,True,True,True,True
032580.KQ,피델릭스,7910.0,98.4,262400000000.0,5220294073,830.6,-19.2,5,8,True,False,False,True,True,True,True,True,True,True,True
009150.KS,삼성전기,1675000.0,98.3,125784200000000.0,975491215060,788.1,-30.7,5,7,False,False,False,True,True,True,True,True,True,False,True
327260.KQ,RF머트리얼즈,57800.0,98.2,1057700000000.0,30595511104,850.2,-8.7,5,8,True,False,False,True,True,True,True,True,True,True,True
069540.KQ,빛과전자,5010.0,98.1,579200000000.0,54838503985,746.3,-38.1,5,6,False,False,False,True,True,True,False,True,True,False,True
351320.KQ,넥사다이내믹스,4410.0,98.0,136700000000.0,2224303538,472.0,-22.5,1,8,True,False,False,True,True,True,True,True,True,True,True
017900.KS,광전자,10330.0,97.9,598600000000.0,49363667763,486.9,-54.0,5,7,False,False,False,True,True,True,True,True,True,False,True
046970.KQ,우리로,8660.0,97.8,378200000000.0,22857141502,618.1,-46.5,5,6,False,False,False,True,True,True,False,True,True,False,True
046970.KQ,우리로,8660.0,97.8,378200000000.0,22857141502,618.1,-46.5,5,6,False,False,False,True,True,True,False,True,True,False,True
131290.KQ,티에스이,313500.0,97.5,3440100000000.0,33137960374,604.5,-1.6,5,8,True,False,False,True,True,True,True,True,True,True,True
109670.KQ,씨싸이트,16170.0,97.4,94400000000.0,1145324906,510.2,-25.3,1,5,False,False,False,True,False,True,False,True,True,False,True
001820.KS,삼화콘덴서공업,158800.0,97.3,1669400000000.0,105591372390,472.3,-19.3,5,8,True,False,False,True,True,True,True,True,True,True,True
092870.KQ,엑시콘,53900.0,97.2,708700000000.0,10008184755,433.1,-1.3,5,7,False,True,False,True,True,True,False,True,True,True,True
222800.KQ,심텍,175000.0,97.1,6692500000000.0,97948264308,446.9,-4.2,5,8,True,True,False,True,True,True,True,True,True,True,True
219130.KQ,타이거일렉,92200.0,97.0,582200000000.0,3336477446,502.6,-4.6,5,8,True,False,False,True,True,True,True,True,True,True,True
417840.KQ,저스템,19470.0,96.9,450700000000.0,13964492167,557.0,-12.5,5,8,True,False,False,True,True,True,True,True,True,True,True
080220.KQ,제주반도체,93600.0,96.8,3241100000000.0,128213694842,435.5,-32.2,5,7,False,False,False,True,True,True,True,True,True,False,True
064290.KQ,인텍플러스,60400.0,96.7,785100000000.0,14563721313,451.1,-3.5,5,8,True,False,False,True,True,True,True,True,True,True,True
031980.KQ,피에스케이홀딩스,197000.0,96.5,4271500000000.0,24827216752,398.1,-4.6,5,8,True,True,False,True,True,True,True,True,True,True,True
079650.KQ,서산,5610.0,96.4,112800000000.0,26675246095,489.3,-45.5,4,7,False,False,False,True,True,True,True,True,True,False,True
079650.KQ,서산,5610.0,96.4,112800000000.0,26675246095,489.3,-45.5,4,7,False,False,False,True,True,True,True,True,True,False,True
098120.KQ,마이크로컨텍솔,60500.0,96.2,505400000000.0,7508802551,290.3,-2.3,5,8,True,False,False,True,True,True,True,True,True,True,True
072950.KQ,빛샘전자,17330.0,96.1,141600000000.0,28413211856,276.7,-32.6,5,6,False,False,False,True,True,True,False,True,True,False,True
095610.KQ,테스,176400.0,96.0,3446100000000.0,57863269956,397.6,-25.4,5,7,False,False,False,True,True,True,True,True,True,False,True
353200.KS,대덕전자,157900.0,95.9,7812800000000.0,104744112492,499.2,-20.3,5,7,False,False,False,True,True,True,False,True,True,True,True
319660.KQ,피에스케이,154000.0,95.8,4460900000000.0,48006492876,448.0,-29.8,5,7,False,False,False,True,True,True,True,True,True,False,True
402340.KS,SK스퀘어,1161000.0,95.6,153559500000000.0,671633972840,495.7,-47.0,5,7,False,False,False,True,True,True,True,True,True,False,True
446540.KQ,메가터치,11550.0,95.5,338800000000.0,4915509205,255.9,-1.4,5,8,True,False,False,True,True,True,True,True,True,True,True
006340.KS,대원전선,13390.0,95.4,1053100000000.0,100468621492,364.1,-34.0,5,6,False,False,False,True,True,True,True,False,True,False,True
440110.KQ,파두,86100.0,95.3,4359700000000.0,37391378692,354.8,-33.5,5,6,False,False,False,True,True,True,False,True,True,False,True
226340.KQ,본느,6420.0,95.2,53900000000.0,11370282112,426.2,-33.7,2,7,False,False,False,True,True,True,True,True,True,False,True
047040.KS,대우건설,17750.0,95.1,7310000000000.0,127813761578,434.6,-56.0,5,5,False,False,False,False,True,True,False,True,True,False,True
036540.KQ,SFA반도체,11730.0,95.0,1906100000000.0,37551955318,230.9,-5.2,5,7,False,True,False,True,True,True,False,True,True,True,True
024840.KQ,KBI메탈,6350.0,94.9,279100000000.0,25654488915,292.0,-46.0,5,7,False,False,False,True,True,True,True,True,True,False,True
025560.KS,미래산업,8600.0,94.7,243100000000.0,5555243948,320.3,-35.8,5,7,False,False,False,True,True,True,True,True,True,False,True
317400.KS,자이에스앤디,10250.0,94.6,397900000000.0,13936799907,236.1,-14.0,5,8,True,False,False,True,True,True,True,True,True,True,True
000660.KS,SK하이닉스,1773000.0,94.5,1303198400000000.0,7026099033580,432.4,-40.6,5,7,False,False,False,True,True,True,True,True,True,False,True
080580.KQ,오킨스전자,28550.0,94.4,610600000000.0,7724345772,279.2,-3.2,5,7,False,False,False,True,True,True,False,True,True,True,True
085910.KQ,네오티스,20000.0,94.3,275900000000.0,2989181934,535.9,-44.9,5,5,False,False,False,False,True,True,False,True,True,False,True
144960.KQ,뉴파워프라즈마,13870.0,94.2,603000000000.0,13658813292,194.5,-1.2,5,8,True,True,False,True,True,True,True,True,True,True,True
252990.KQ,샘씨엔에스,19690.0,94.1,1197100000000.0,10020036188,246.7,-5.1,5,8,True,False,False,True,True,True,True,True,True,True,True
092190.KQ,서울바이오시스,8500.0,94.0,389900000000.0,1574483542,298.1,-55.9,5,7,False,False,False,True,True,True,True,True,True,False,True
420770.KQ,기가비스,135500.0,93.9,1717600000000.0,16316610830,354.7,-34.2,5,6,False,False,False,True,True,True,False,True,True,False,True
356680.KQ,엑스게이트,20500.0,93.7,585100000000.0,46588916486,236.1,-32.9,5,7,False,False,False,True,True,True,True,True,True,False,True
007810.KS,코리아써키트,88700.0,93.6,2141600000000.0,28149498271,444.2,-40.2,5,6,False,False,False,True,True,True,False,True,True,False,True
001210.KS,금호전기,9060.0,93.5,114400000000.0,50406017380,289.7,-36.9,3,7,False,False,False,True,True,True,True,True,True,False,True
006110.KS,삼아알미늄,69500.0,93.4,1054100000000.0,10443888562,265.8,-33.6,5,7,False,False,False,True,True,True,True,True,True,False,True
052460.KQ,아이크래프트,6250.0,93.3,91300000000.0,3729824934,177.8,-27.4,3,7,False,False,False,True,True,True,True,True,True,False,True
126640.KQ,화신정공,3910.0,93.2,137800000000.0,7057171548,217.9,-50.4,5,6,False,False,False,True,True,True,True,False,True,False,True
020120.KS,키다리스튜디오,7140.0,93.1,264300000000.0,3996990322,155.0,-24.4,2,8,True,False,False,True,True,True,True,True,True,True,True
002990.KS,금호건설,11820.0,93.0,440800000000.0,103909179752,269.4,-39.0,5,6,False,False,False,True,True,True,True,False,True,False,True
002990.KS,금호건설,11820.0,93.0,440800000000.0,103909179752,269.4,-39.0,5,6,False,False,False,True,True,True,True,False,True,False,True
066570.KS,LG전자,232500.0,92.7,37952100000000.0,178349375244,210.0,-46.9,5,7,False,False,False,True,True,True,True,True,True,False,True
281820.KS,케이씨텍,107400.0,92.6,2104600000000.0,14480558982,206.0,-13.9,5,8,True,False,False,True,True,True,True,True,True,True,True
412350.KQ,레이저쎌,6820.0,92.5,100800000000.0,1634836160,333.6,-53.4,5,6,False,False,False,True,True,True,False,True,True,False,True
089970.KQ,브이엠,70400.0,92.4,1885500000000.0,38231178983,337.3,-42.3,5,6,False,False,False,True,True,True,False,True,True,False,True
290550.KQ,디케이티,24450.0,92.3,490000000000.0,7004055749,267.1,-30.0,5,6,False,False,False,True,True,True,False,True,True,False,True
396300.KQ,HT로보틱스,6070.0,92.2,161600000000.0,15966980346,167.4,-17.3,5,8,True,False,False,True,True,True,True,True,True,True,True
003160.KS,디아이,42450.0,92.1,1211200000000.0,15957387593,191.4,-3.3,5,7,False,False,False,True,True,True,False,True,True,True,True
011070.KS,LG이노텍,644000.0,92.0,15502000000000.0,146891519980,271.8,-64.0,5,6,False,False,False,True,True,True,False,True,True,False,True
071200.KQ,인피니트헬스케어,11920.0,91.8,290800000000.0,1453973950,127.0,-15.3,5,8,True,False,False,True,True,True,True,True,True,True,True
032820.KQ,우리기술,12800.0,91.7,2237600000000.0,56602888993,261.6,-57.6,5,5,False,False,False,False,True,True,False,True,True,False,True
053610.KQ,프로텍,85700.0,91.6,768600000000.0,2159745527,195.5,-15.9,5,7,False,False,False,True,True,True,False,True,True,True,True
005930.KS,삼성전자,272000.0,91.5,1596034100000000.0,5717185455900,246.1,-27.4,5,7,False,False,False,True,True,True,True,True,True,False,True
356860.KQ,티엘비,50400.0,91.4,1208800000000.0,22334768617,185.0,-22.1,5,7,False,False,False,True,True,True,False,True,True,True,True
403870.KQ,HPSP,68800.0,91.3,5728100000000.0,122221090630,150.6,-25.2,5,6,False,False,False,True,True,True,False,True,True,False,True
010950.KS,S-Oil,165300.0,91.2,18576200000000.0,59020214812,186.0,-6.7,5,8,True,False,False,True,True,True,True,True,True,True,True
456010.KQ,아이씨티케이,28500.0,91.1,413300000000.0,12647639314,159.1,-28.7,1,6,False,False,False,True,True,True,False,True,True,False,True
052710.KQ,아모텍,22700.0,90.9,424100000000.0,11128865937,232.5,-24.4,5,7,False,False,False,True,True,True,False,True,True,True,True
067310.KQ,하나마이크론,52800.0,90.8,3517400000000.0,67530575213,186.3,-9.7,5,7,False,False,False,True,True,True,False,True,True,True,True
033640.KQ,네패스,32350.0,90.7,756300000000.0,4559002483,183.8,-21.4,5,7,False,False,False,True,True,True,False,True,True,True,True
004710.KS,한솔테크닉스,12000.0,90.6,638600000000.0,8138267260,167.9,-27.0,5,6,False,False,False,True,True,True,False,True,True,False,True
131970.KQ,두산테스나,120000.0,90.5,2328900000000.0,26082257554,211.7,-39.1,5,6,False,False,False,True,True,True,False,True,True,False,True
010120.KS,엘에스일렉트릭,217500.0,90.4,32625000000000.0,118483987518,304.3,-35.1,5,6,False,False,False,True,True,True,False,True,True,False,True
077360.KQ,덕산하이메탈,14600.0,90.3,658800000000.0,8903398929,180.8,-30.8,5,6,False,False,False,True,True,True,False,True,True,False,True
189330.KQ,씨이랩,10830.0,90.2,101900000000.0,5983422203,218.5,-43.3,5,6,False,False,False,True,True,True,True,False,True,False,True
354320.KQ,알멕,50600.0,90.1,324700000000.0,4258685951,167.7,-51.3,5,5,False,False,False,False,True,True,False,True,True,False,True
200470.KQ,에이팩트,10130.0,89.9,442600000000.0,6222459144,179.8,-22.7,5,7,False,False,False,True,True,True,False,True,True,True,True
138080.KQ,오이솔루션,32950.0,89.8,413400000000.0,10265508420,230.8,-43.1,5,6,False,False,False,True,True,True,False,True,True,False,True
138080.KQ,오이솔루션,32950.0,89.8,413400000000.0,10265508420,230.8,-43.1,5,6,False,False,False,True,True,True,False,True,True,False,True
036710.KQ,심텍홀딩스,5180.0,89.6,275800000000.0,1488861951,155.2,-20.3,1,8,True,False,False,True,True,True,True,True,True,True,True
093370.KS,후성,16290.0,89.5,1742900000000.0,48741602083,181.8,-30.8,5,7,False,False,False,True,True,True,True,True,True,False,True
078350.KQ,한양디지텍,36350.0,89.4,554100000000.0,7054716130,164.9,-17.9,5,7,False,False,False,True,True,True,False,True,True,True,True
065170.KQ,비엘팜텍,2220.0,89.3,62000000000.0,1960183955,490.4,-72.8,5,4,False,False,False,False,True,True,False,False,True,False,True
083450.KQ,GST,56000.0,89.2,1037600000000.0,6560264748,159.3,-20.9,5,8,True,False,False,True,True,True,True,True,True,True,True
058610.KQ,에스피지,106300.0,89.0,2373000000000.0,59672343128,308.8,-35.8,5,5,False,False,False,True,False,True,False,True,True,False,True
332570.KQ,PS일렉트로닉스,9270.0,88.9,428600000000.0,32857814569,128.0,-38.2,5,7,False,False,False,True,True,True,True,True,True,False,True
187660.KQ,페니트리움바이오,6880.0,88.8,441400000000.0,10405417608,199.1,-68.0,5,5,False,False,False,False,True,True,False,True,True,False,True
042510.KQ,라온시큐어,14870.0,88.7,165100000000.0,9388496338,135.3,-12.3,1,7,False,False,False,True,True,True,False,True,True,True,True
181710.KS,NHN,58200.0,88.6,1894500000000.0,15212129843,129.6,-25.6,5,7,False,False,False,True,True,True,True,True,True,False,True
031330.KQ,에스에이엠티,8840.0,88.5,892000000000.0,6052020671,188.4,-55.7,5,5,False,False,False,False,True,True,False,True,True,False,True
003010.KS,혜인,8860.0,88.4,113000000000.0,8071305681,125.7,-33.3,2,7,False,False,False,True,True,True,True,True,True,False,True
084370.KQ,유진테크,180100.0,88.3,4145500000000.0,22538765188,202.7,-22.2,5,7,False,False,False,True,True,True,False,True,True,True,True
051160.KQ,지어소프트,13660.0,88.1,185700000000.0,3128416636,117.9,-0.8,2,8,True,True,False,True,True,True,True,True,True,True,True
119850.KQ,지엔씨에너지,53200.0,88.0,875100000000.0,44073496171,189.9,-9.8,2,8,True,False,False,True,True,True,True,True,True,True,True
042700.KS,한미반도체,278000.0,87.9,26592100000000.0,150744072246,210.6,-34.7,5,6,False,False,False,True,True,True,False,True,True,False,True
240810.KQ,원익IPS,141300.0,87.8,7004300000000.0,118830732344,227.1,-24.8,5,7,False,False,False,True,True,True,False,True,True,True,True
039030.KQ,이오테크닉스,544000.0,87.7,6738800000000.0,47489123800,148.4,-12.7,5,7,False,False,False,True,True,True,False,True,True,True,True
091580.KQ,상신이디피,24850.0,87.6,333200000000.0,5435526601,149.7,-21.2,5,7,False,False,False,True,True,True,False,True,True,True,True
097800.KQ,윈팩,3910.0,87.5,107500000000.0,1985929101,195.3,-13.8,0,5,False,False,False,True,False,False,False,True,True,True,True
100590.KQ,머큐리,6280.0,87.4,108300000000.0,4622928621,153.2,-50.7,5,6,False,False,False,True,True,True,False,True,True,False,True
078930.KS,GS,105800.0,87.3,9856200000000.0,55135325528,140.5,-20.6,5,7,False,False,False,True,True,True,True,False,True,True,True
322000.KS,HD현대에너지솔루션,151000.0,87.1,1695700000000.0,57363388390,241.6,-41.0,5,6,False,False,False,True,True,True,False,True,True,False,True
006400.KS,삼성SDI,575000.0,87.0,46497900000000.0,210102233610,185.4,-20.5,5,7,False,False,False,True,True,True,False,True,True,True,True
034730.KS,SK,586000.0,86.9,42486600000000.0,89639299320,188.0,-33.6,5,7,False,False,False,True,True,True,True,True,True,False,True
067290.KQ,JW신약,2940.0,86.8,165300000000.0,44191820644,136.0,-32.2,5,7,False,False,False,True,True,True,True,True,True,False,True
000990.KS,DB하이텍,139700.0,86.7,6138500000000.0,56403177686,166.6,-39.4,5,6,False,False,False,True,True,True,False,True,True,False,True
192650.KS,드림텍,9650.0,86.6,639100000000.0,5979181391,170.7,-2.1,1,6,False,True,False,True,False,True,False,True,True,True,True
203650.KQ,드림시큐리티,3095.0,86.5,314300000000.0,12373088215,121.1,-35.7,5,6,False,False,False,True,True,True,False,True,True,False,True
382800.KQ,지앤비에스 에코,6540.0,86.4,212000000000.0,4761414100,156.5,-35.6,5,6,False,False,False,True,True,True,False,True,True,False,True
134580.KQ,탑코미디어,2505.0,86.2,124700000000.0,2098630012,194.7,-43.1,1,4,False,False,False,True,False,True,False,False,True,False,True
295310.KQ,에이치브이엠,76700.0,86.1,952400000000.0,8189361994,249.4,-46.7,5,6,False,False,False,True,True,True,False,True,True,False,True
340450.KQ,지씨지놈,10200.0,86.0,241700000000.0,2058994485,148.8,-1.4,1,6,False,True,False,True,False,True,False,True,True,True,True
089860.KS,롯데렌탈,51000.0,85.9,1848100000000.0,5993022989,91.4,-4.0,4,8,True,False,False,True,True,True,True,True,True,True,True
037460.KQ,삼지전자,32750.0,85.8,536100000000.0,2242512807,188.3,-49.2,5,5,False,False,False,False,True,True,False,True,True,False,True
049080.KQ,기가레인,9970.0,85.7,86700000000.0,7024764453,178.5,-68.1,5,5,False,False,False,False,True,True,False,True,True,False,True
388790.KQ,라이콤,5710.0,85.6,177600000000.0,3503242604,170.6,-38.8,5,6,False,False,False,True,True,True,False,True,True,False,True
263860.KQ,지니언스,24650.0,85.5,222500000000.0,5070938737,124.1,-17.8,0,5,False,False,False,True,False,False,False,True,True,True,True
033790.KQ,피노,10320.0,85.4,881600000000.0,13706246932,199.6,-46.1,5,6,False,False,False,True,True,True,False,True,True,False,True
108490.KQ,로보티즈,315500.0,85.2,4649400000000.0,86357071770,206.3,-32.0,5,5,False,False,False,True,False,True,False,True,True,False,True
170920.KQ,엘티씨,44250.0,85.1,467500000000.0,9479887040,189.2,-27.1,5,6,False,False,False,True,True,True,False,True,True,False,True
161890.KS,한국콜마,138900.0,85.0,3259900000000.0,49697815590,129.2,-16.3,4,8,True,False,False,True,True,True,True,True,True,True,True
425420.KQ,티에프이,68200.0,84.9,853200000000.0,6021314181,190.2,-12.2,1,7,False,False,False,True,True,True,False,True,True,True,True
095340.KQ,ISC,205500.0,84.8,4409000000000.0,27920261506,194.8,-29.7,5,6,False,False,False,True,True,True,False,True,True,False,True
033160.KQ,엠케이전자,19500.0,84.7,485400000000.0,15995648301,149.0,-47.3,5,6,False,False,False,True,True,True,False,True,True,False,True
008930.KS,한미사이언스,57600.0,84.6,3946200000000.0,17845141766,125.0,-5.6,2,6,False,False,False,True,False,True,False,True,True,True,True
077500.KS,유니퀘스트,10040.0,84.5,219200000000.0,2018000855,146.4,-7.5,1,8,True,False,False,True,True,True,True,True,True,True,True
192820.KS,코스맥스,298000.0,84.3,3404900000000.0,34320425742,111.3,-2.8,2,8,True,False,False,True,True,True,True,True,True,True,True
012210.KQ,삼미금속,12330.0,84.2,285400000000.0,29485773210,206.7,-40.9,1,5,False,False,False,True,False,True,False,True,True,False,True
003350.KS,한국화장품제조,15040.0,84.1,337900000000.0,23067357562,122.8,-16.0,2,8,True,False,False,True,True,True,True,True,True,True,True
089890.KQ,코세스,35500.0,84.0,594600000000.0,5193131674,154.1,-30.9,0,5,False,False,False,True,True,False,False,True,True,False,True
411080.KQ,샌즈랩,8970.0,83.9,137000000000.0,6668127023,202.5,-13.4,0,5,False,False,False,True,False,False,False,True,True,True,True
030530.KQ,원익홀딩스,30600.0,83.8,2386700000000.0,44143194613,184.4,-39.5,0,4,False,False,False,True,False,False,False,True,True,False,True
059120.KQ,아진엑스텍,8070.0,83.7,147800000000.0,8973630834,130.6,-44.3,5,6,False,False,False,True,True,True,False,True,True,False,True
115440.KQ,우리넷,12230.0,83.6,134000000000.0,12208525487,131.2,-42.7,5,6,False,False,False,True,True,True,False,True,True,False,True
448900.KQ,한국피아이엠,57800.0,83.5,353500000000.0,5487531018,317.9,-67.6,5,5,False,False,False,False,True,True,False,True,True,False,True
126730.KQ,코칩,25450.0,83.3,223600000000.0,15967017952,173.4,-30.3,2,6,False,False,False,True,True,True,False,True,True,False,True
036800.KQ,나이스정보통신,8280.0,83.2,379500000000.0,1029945772,97.6,-5.4,5,8,True,False,False,True,True,True,True,True,True,True,True
007340.KS,DN오토모티브,49650.0,83.1,2908000000000.0,10003477524,130.4,-26.4,5,7,False,False,False,True,True,True,True,True,True,False,True
059090.KQ,미코,24000.0,83.0,800300000000.0,5607147857,112.4,-17.9,2,8,True,False,False,True,True,True,True,True,True,True,True
029460.KS,케이씨,45450.0,82.9,500300000000.0,1327206704,92.6,-2.9,5,8,True,False,False,True,True,True,True,True,True,True,True
085620.KS,미래에셋생명,20400.0,82.8,2750900000000.0,5245773565,166.7,-45.3,5,7,False,False,False,True,True,True,True,True,True,False,True
053260.KQ,금강철강,7150.0,82.7,134200000000.0,14865694607,92.2,-24.4,5,8,True,False,False,True,True,True,True,True,True,True,True
425040.KQ,티이엠씨,15300.0,82.6,338900000000.0,6670723932,142.9,-49.5,1,6,False,False,False,True,True,True,False,True,True,False,True
010060.KS,OCI홀딩스,244500.0,82.4,4574200000000.0,79812448488,193.2,-40.9,5,6,False,False,False,True,True,True,False,True,True,False,True
020150.KS,롯데에너지머티리얼즈,54200.0,82.3,2848700000000.0,10273027608,150.9,-34.8,5,6,False,False,False,True,True,True,False,True,True,False,True
323280.KQ,태성,61000.0,82.2,1923900000000.0,16027022469,165.2,-35.1,5,5,False,False,False,True,False,True,False,True,True,False,True
232830.KQ,아이티센피엔에스,3300.0,82.1,54600000000.0,1505299928,172.5,-41.0,1,6,False,False,False,True,True,True,False,True,True,False,True
217190.KQ,제너셈,8290.0,82.0,109700000000.0,1360723032,109.1,-14.3,1,8,True,False,False,True,True,True,True,True,True,True,True
098460.KQ,고영,36450.0,81.9,2496300000000.0,34437612869,152.4,-19.0,5,7,False,False,False,True,True,True,False,True,True,True,True
014990.KS,인디에프,3980.0,81.8,59900000000.0,2766778968,183.1,-37.9,0,4,False,False,False,True,False,False,False,True,True,False,True
330860.KQ,네패스아크,33950.0,81.7,413600000000.0,5729708470,128.2,-46.5,5,6,False,False,False,True,True,True,False,True,True,False,True
005160.KQ,동국산업,4145.0,81.5,222700000000.0,4720861352,95.1,-7.6,1,7,False,True,False,True,True,True,False,True,True,True,True
096770.KS,SK이노베이션,158000.0,81.4,26490600000000.0,136225213328,80.2,-4.1,3,8,True,False,False,True,True,True,True,True,True,True,True
452260.KS,한화갤러리아,2620.0,81.3,508900000000.0,3633348975,162.3,-36.4,5,6,False,False,False,True,True,True,False,True,True,False,True
417310.KS,코람코더원리츠,2380.0,81.2,96600000000.0,1445192112,4.4,-78.5,5,6,False,False,False,True,True,True,True,True,False,False,True
229640.KS,LS에코에너지,67400.0,81.1,2091700000000.0,8679878365,110.6,-38.6,5,6,False,False,False,True,True,True,False,True,True,False,True
000150.KS,두산,1468000.0,81.0,23837300000000.0,98022476380,181.2,-41.0,5,6,False,False,False,True,True,True,False,True,True,False,True
253590.KQ,네오셈,16230.0,80.9,718600000000.0,7639537986,142.2,-24.2,1,7,False,False,False,True,True,True,False,True,True,True,True
307180.KQ,아이엘,5860.0,80.8,217800000000.0,1776305226,144.2,-43.7,5,6,False,False,False,True,True,True,False,True,True,False,True
064760.KQ,티씨케이,296500.0,80.7,3325900000000.0,17292336002,116.4,-14.9,5,7,False,False,False,True,True,True,False,True,True,True,True
053800.KQ,안랩,89000.0,80.5,1003600000000.0,4842189222,75.2,-4.4,1,6,False,True,False,True,False,True,False,True,True,True,True
452190.KQ,한빛레이저,6400.0,80.4,156700000000.0,9916658373,144.7,-39.6,1,6,False,False,False,True,True,True,False,True,True,False,True
005090.KS,SGC에너지,48300.0,80.3,696000000000.0,9408234231,139.7,-31.7,5,5,False,False,False,False,True,True,True,False,True,False,True
103590.KS,일진전기,87900.0,80.2,4196300000000.0,26046740996,162.4,-40.6,5,6,False,False,False,True,True,True,False,True,True,False,True
004310.KS,현대약품,8340.0,80.1,267500000000.0,44218687647,138.3,-47.7,5,5,False,False,False,True,False,True,False,True,True,False,True
183300.KQ,코미코,34050.0,80.0,1759200000000.0,10627699331,113.1,-38.8,5,6,False,False,False,True,True,True,False,True,True,False,True
122640.KQ,예스티,33800.0,79.9,736100000000.0,11191934355,122.4,-23.2,5,8,True,False,False,True,True,True,True,True,True,True,True
054920.KQ,한컴위드,5630.0,79.8,157700000000.0,7088713294,101.4,-37.3,1,5,False,False,False,True,False,True,False,True,True,False,True
062040.KS,산일전기,235000.0,79.6,7216400000000.0,51967165948,123.8,-31.1,5,6,False,False,False,True,True,True,False,True,True,False,True
236200.KQ,슈프리마,60400.0,79.5,419900000000.0,1495862963,100.0,-7.1,5,8,True,False,False,True,True,True,True,True,True,True,True
437730.KQ,삼현,51800.0,79.4,1652000000000.0,16853094624,151.5,-32.6,5,5,False,False,False,True,False,True,False,True,True,False,True
024850.KQ,HLB이노베이션,17530.0,79.3,602000000000.0,4080919405,135.0,-39.8,5,6,False,False,False,True,True,True,False,True,True,False,True
096530.KQ,씨젠,37250.0,79.2,1768900000000.0,10429835028,71.7,-1.1,4,8,True,False,False,True,True,True,True,True,True,True,True
241710.KQ,코스메카코리아,110400.0,79.1,1174800000000.0,18561370498,80.4,-29.0,5,6,False,False,False,True,True,True,True,False,True,False,True
212560.KQ,네오오토,10960.0,79.0,148800000000.0,3496858717,119.4,-31.9,5,5,False,False,False,True,False,True,False,True,True,False,True
195870.KS,해성디에스,66700.0,78.9,1142400000000.0,8073983376,151.2,-38.5,5,6,False,False,False,True,True,True,False,True,True,False,True
001450.KS,현대해상,46900.0,78.8,3989600000000.0,25197150497,79.7,-14.3,5,8,True,False,False,True,True,True,True,True,True,True,True
475150.KS,SK이터닉스,50400.0,78.6,1720400000000.0,208393861991,192.9,-42.5,5,6,False,False,False,True,True,True,True,False,True,False,True
355150.KQ,코스텍시스,24800.0,78.5,197700000000.0,2357611622,127.7,-61.3,5,5,False,False,False,False,True,True,False,True,True,False,True
413630.KQ,씨피시스템,4405.0,78.4,160900000000.0,23559163299,127.3,-28.8,0,4,False,False,False,True,False,False,False,True,True,False,True
048770.KQ,TPC로보틱스,4165.0,78.3,66300000000.0,3302216881,118.1,-61.0,5,6,False,False,False,True,True,True,False,True,True,False,True
076610.KQ,해성옵틱스,1181.0,78.2,71800000000.0,2258386348,143.5,-59.7,5,4,False,False,False,False,True,True,False,False,True,False,True
008060.KS,대덕,16400.0,78.1,515600000000.0,1254115463,96.4,-32.6,5,6,False,False,False,True,True,True,False,True,True,False,True
187870.KQ,디바이스,13020.0,78.0,183300000000.0,1188198396,134.4,-56.2,5,5,False,False,False,False,True,True,False,True,True,False,True
041830.KQ,인바디,52300.0,77.9,706400000000.0,6520181551,99.6,-28.8,5,6,False,False,False,True,True,True,True,False,True,False,True
347700.KQ,스피어,26800.0,77.7,1394500000000.0,26052706688,280.1,-53.2,5,5,False,False,False,False,True,True,False,True,True,False,True
086670.KQ,비엠티,19530.0,77.6,194700000000.0,1037204732,84.1,-12.0,5,8,True,False,False,True,True,True,True,True,True,True,True
357780.KQ,솔브레인,425000.0,77.5,3309800000000.0,10933001670,97.2,-19.8,5,7,False,False,False,True,True,True,False,True,True,True,True
044820.KS,코스맥스비티아이,23850.0,77.4,232400000000.0,1017548367,101.9,-18.2,3,8,True,False,False,True,True,True,True,True,True,True,True
105740.KQ,디케이락,11720.0,77.3,122000000000.0,2020117523,90.0,-4.2,0,5,False,True,False,True,False,False,False,True,True,True,True
011560.KQ,세보엠이씨,24350.0,77.2,245600000000.0,1334530289,95.9,-16.9,5,8,True,False,False,True,True,True,True,True,True,True,True
019210.KQ,와이지-원,12710.0,77.1,474200000000.0,11251202992,159.4,-55.4,5,4,False,False,False,False,True,True,False,False,True,False,True
017890.KQ,한국알콜,15740.0,77.0,326800000000.0,1185816426,78.1,-4.1,5,8,True,False,False,True,True,True,True,True,True,True,True
443670.KQ,에스피소프트,5500.0,76.9,130400000000.0,8530771331,118.3,-24.6,0,5,False,False,False,True,False,False,False,True,True,True,True
028050.KS,삼성E&A,48050.0,76.7,9417800000000.0,91148823384,107.6,-28.6,5,7,False,False,False,True,True,True,True,True,True,False,True
163730.KQ,핑거,14780.0,76.6,189300000000.0,1471288152,138.4,-42.4,0,5,False,False,False,True,True,False,False,True,True,False,True
115500.KQ,케이씨에스,12750.0,76.5,153100000000.0,3390387121,108.3,-53.6,1,6,False,False,False,True,True,True,False,True,True,False,True
006360.KS,GS건설,33050.0,76.4,2828500000000.0,83926415812,84.8,-26.3,5,6,False,False,False,True,True,True,True,False,True,False,True
232140.KQ,와이씨,18130.0,76.3,1487500000000.0,25126404700,165.8,-24.9,0,5,False,False,False,True,False,False,False,True,True,True,True
314130.KQ,지놈앤컴퍼니,5880.0,76.2,313300000000.0,2042144053,138.1,-42.2,5,4,False,False,False,False,False,True,False,True,True,False,True
067170.KQ,오텍,2865.0,76.1,78300000000.0,1146284968,73.6,-44.9,5,6,False,False,False,True,True,True,False,True,True,False,True
041960.KQ,코미팜,10430.0,76.0,782700000000.0,2379697337,84.6,-3.3,5,8,True,False,False,True,True,True,True,True,True,True,True
171090.KQ,선익시스템,75300.0,75.8,772700000000.0,3471673160,89.0,-47.7,5,5,False,False,False,False,True,True,False,True,True,False,True
375500.KS,DL이앤씨,74000.0,75.7,2871100000000.0,27692020238,92.5,-30.6,5,7,False,False,False,True,True,True,True,True,True,False,True
090360.KQ,로보스타,81700.0,75.6,803400000000.0,11723683846,116.1,-52.4,5,5,False,False,False,True,False,True,False,True,True,False,True
222040.KQ,코스맥스엔비티,6310.0,75.5,130200000000.0,3179504189,120.6,-43.7,5,5,False,False,False,False,True,True,True,False,True,False,True
218410.KQ,RFHIC,62400.0,75.4,1671600000000.0,23514924164,143.8,-50.8,5,5,False,False,False,False,True,True,False,True,True,False,True
489460.KQ,바이오비쥬,11470.0,75.3,170300000000.0,1260196068,104.5,-33.8,0,4,False,False,False,True,False,False,False,True,True,False,True
417500.KQ,제이아이테크,4665.0,75.2,153400000000.0,1125817602,88.1,-24.3,5,7,False,False,False,True,True,True,False,True,True,True,True
032940.KQ,원익,9260.0,75.1,169200000000.0,14965354543,119.7,-48.0,1,5,False,False,False,True,False,True,False,True,True,False,True
125490.KQ,한라캐스트,13740.0,74.9,503400000000.0,22400838070,126.7,-45.8,0,3,False,False,False,False,False,False,False,True,True,False,True
251970.KQ,펌텍코리아,63000.0,74.8,788600000000.0,5569141066,100.6,-10.3,2,6,False,False,False,True,False,True,False,True,True,True,True
160980.KQ,싸이맥스,29100.0,74.7,319500000000.0,4507171064,113.8,-39.2,5,5,False,False,False,False,True,True,False,True,True,False,True
073490.KQ,LIG아큐버,34900.0,74.6,266500000000.0,1665433754,74.6,-44.2,5,5,False,False,False,False,True,True,False,True,True,False,True
003550.KS,LG,115400.0,74.5,17372000000000.0,32420397978,64.6,-37.9,5,7,False,False,False,True,True,True,True,True,True,False,True
457190.KS,이수스페셜티케미컬,84200.0,74.4,2538400000000.0,10766009263,89.6,-36.1,5,6,False,False,False,True,True,True,False,True,True,False,True
340810.KQ,시선AI,3690.0,74.3,50500000000.0,1262320337,75.3,-27.6,2,5,False,False,False,True,False,True,False,True,True,False,True
056190.KQ,SFA,31800.0,74.2,1131100000000.0,3302407807,88.7,-12.9,1,6,False,False,False,True,False,True,False,True,True,True,True
012860.KQ,모베이스전자,2595.0,74.1,192600000000.0,1057792434,105.6,-63.3,5,5,False,False,False,False,True,True,False,True,True,False,True
005950.KS,이수화학,11840.0,73.9,312100000000.0,6655753700,134.0,-34.2,5,6,False,False,False,True,True,True,True,False,True,False,True
028670.KS,팬오션,6000.0,73.8,3212800000000.0,20795626545,72.2,-9.1,5,8,True,False,False,True,True,True,True,True,True,True,True
088350.KS,한화생명,5310.0,73.7,4585800000000.0,23170550587,81.2,-29.8,5,7,False,False,False,True,True,True,True,True,True,False,True
457370.KQ,한켐,11270.0,73.6,92800000000.0,16852832259,106.4,-33.9,1,6,False,False,False,True,True,True,False,True,True,False,True
046890.KQ,서울반도체,10840.0,73.5,641400000000.0,2635397459,89.2,-42.8,5,5,False,False,False,False,True,True,False,True,True,False,True
289080.KQ,SV인베스트먼트,2755.0,73.4,165700000000.0,4407852427,91.5,-45.2,2,5,False,False,False,False,True,True,False,True,True,False,True
078600.KQ,대주전자재료,111400.0,73.3,1762000000000.0,14363201506,89.1,-39.2,5,6,False,False,False,True,True,True,False,True,True,False,True
368770.KQ,파이버프로,14520.0,73.2,480300000000.0,2388922661,175.0,-51.5,5,5,False,False,False,False,True,True,False,True,True,False,True
265740.KQ,엔에프씨,7350.0,73.0,131300000000.0,3495976975,82.8,-25.4,2,7,False,False,False,True,True,True,True,True,True,False,True
204270.KQ,제이앤티씨,22950.0,72.9,1524300000000.0,15974948740,106.0,-23.8,1,6,False,False,False,True,False,True,False,True,True,True,True
189860.KQ,서전기전,5140.0,72.8,50000000000.0,1921990378,82.3,-55.3,5,5,False,False,False,False,True,True,False,True,True,False,True
166090.KQ,하나머티리얼즈,65000.0,72.7,1297400000000.0,9348385364,79.6,-26.1,5,6,False,False,False,True,True,True,False,True,True,False,True
158430.KQ,아톤,6980.0,72.6,175000000000.0,8182120890,111.5,-38.6,0,4,False,False,False,True,False,False,False,True,True,False,True
047770.KQ,코데즈컴바인,3600.0,72.5,136400000000.0,8130052828,91.7,-39.6,5,5,False,False,False,False,True,True,False,True,True,False,True
001430.KS,세아베스틸지주,47250.0,72.4,1696300000000.0,5807265094,105.0,-48.9,5,4,False,False,False,False,False,True,False,True,True,False,True
079940.KQ,가비아,38700.0,72.3,520100000000.0,2505038858,55.4,-19.2,5,7,False,False,False,True,True,True,True,False,True,True,True
067630.KQ,HLB생명과학,4470.0,72.2,545000000000.0,2174649984,178.0,-16.1,0,5,False,False,False,True,False,False,False,True,True,True,True
045100.KQ,한양이엔지,34300.0,72.0,599400000000.0,2696081401,80.0,-12.9,5,7,False,False,False,True,True,True,False,True,True,True,True
032830.KS,삼성생명,285000.0,71.9,56900000000000.0,117219923950,97.9,-44.8,5,4,False,False,False,False,True,True,False,False,True,False,True
298000.KS,효성화학,52700.0,71.8,201300000000.0,3214810544,35.5,-39.8,4,6,False,False,False,True,True,True,True,False,True,False,True
468530.KQ,프로티나,51500.0,71.7,571900000000.0,4490341441,232.3,-57.1,0,3,False,False,False,False,False,False,False,True,True,False,True
263600.KQ,덕우전자,5410.0,71.6,86000000000.0,1227006448,92.5,-21.4,0,5,False,False,False,True,False,False,False,True,True,True,True
006120.KS,SK디스커버리,66300.0,71.5,1158000000000.0,1497325453,55.1,-3.8,0,5,False,True,False,True,False,False,False,True,True,True,True
017670.KS,SK텔레콤,88400.0,71.4,19030400000000.0,124515520866,72.0,-36.6,5,5,False,False,False,False,True,True,True,False,True,False,True
058470.KQ,리노공업,86900.0,71.3,6653300000000.0,49255759192,78.8,-32.6,5,5,False,False,False,False,True,True,False,True,True,False,True
012030.KS,DB,2065.0,71.1,414400000000.0,1240526970,64.3,-18.9,2,7,False,False,False,True,True,True,False,True,True,True,True
001440.KS,대한전선,31750.0,71.0,6242400000000.0,64011678675,111.7,-58.2,5,5,False,False,False,False,True,True,False,True,True,False,True
005830.KS,DB손해보험,182900.0,70.9,11993100000000.0,39229545194,54.9,-14.5,5,8,True,False,False,True,True,True,True,True,True,True,True
377450.KQ,리파인,14150.0,70.8,244400000000.0,2590803095,68.1,-17.9,2,5,False,False,False,True,False,True,False,False,True,True,True
261780.KQ,아리바이오LAB,3740.0,70.7,108200000000.0,2290819230,105.0,-44.3,1,6,False,False,False,True,True,True,False,True,True,False,True
149950.KQ,아바텍,12670.0,70.6,173900000000.0,1348654698,87.7,-35.0,1,6,False,False,False,True,True,True,False,True,True,False,True
073240.KS,금호타이어,6690.0,70.5,1933300000000.0,32509280267,58.5,-24.4,3,5,False,False,False,True,False,True,False,False,True,True,True
073240.KS,금호타이어,6690.0,70.5,1933300000000.0,32509280267,58.5,-24.4,3,5,False,False,False,True,False,True,False,False,True,True,True
389500.KQ,에스비비테크,45250.0,70.3,303200000000.0,4300301850,98.5,-60.7,5,4,False,False,False,False,False,True,False,True,True,False,True
052260.KQ,현대바이오랜드,5010.0,70.1,151500000000.0,4243268155,60.3,-19.7,0,5,False,False,False,True,False,False,False,True,True,True,True
234340.KQ,헥토파이낸셜,23600.0,70.0,332500000000.0,13679464967,66.4,-47.6,5,5,False,False,False,False,True,True,False,True,True,False,True
042370.KQ,비츠로테크,11790.0,69.9,311000000000.0,7279938529,80.8,-50.5,1,5,False,False,False,True,True,True,False,True,True,False,False
010580.KS,에스엠벡셀,2210.0,69.8,247500000000.0,5517772103,67.3,-36.8,1,4,False,False,False,True,False,True,False,True,True,False,False
092790.KS,넥스틸,14190.0,69.7,370800000000.0,11226920731,57.1,-38.3,2,5,False,False,False,True,True,True,False,True,True,False,False
228340.KQ,동양파일,3200.0,69.6,64700000000.0,6218119739,106.5,-56.2,5,5,False,False,False,True,True,True,True,False,True,False,False
100790.KQ,미래에셋벤처투자,18250.0,69.5,977400000000.0,12614317087,150.3,-74.2,5,4,False,False,False,False,True,True,False,True,True,False,False
298040.KS,효성중공업,2807000.0,69.4,26136700000000.0,118246079520,113.5,-40.8,5,4,False,False,False,False,True,True,False,True,True,False,False
101160.KQ,월덱스,32950.0,69.2,544000000000.0,1891723329,59.2,-6.9,5,7,False,False,False,True,True,True,True,True,True,True,False
007660.KS,이수페타시스,131900.0,69.1,9704700000000.0,71824546040,127.8,-19.8,0,4,False,False,False,True,False,False,False,True,True,True,False
306200.KS,세아제강,155100.0,69.0,437600000000.0,1445000538,38.5,-17.9,2,6,False,False,False,True,True,True,False,True,True,True,False
126340.KQ,비나텍,94000.0,68.9,688600000000.0,8383156135,118.1,-54.0,5,4,False,False,False,False,True,True,False,True,True,False,False
000720.KS,현대건설,112900.0,68.8,12594300000000.0,81999072360,108.7,-43.1,5,3,False,False,False,False,True,True,False,False,True,False,False
201490.KQ,미투온,3515.0,68.7,115700000000.0,14914261129,102.2,-45.8,0,3,False,False,False,True,False,False,False,True,True,False,False
018260.KS,삼성에스디에스,219500.0,68.6,17023100000000.0,51659185206,50.2,-43.5,5,5,False,False,False,True,True,True,True,False,True,False,False
000810.KS,삼성화재해상보험,635000.0,68.5,28261900000000.0,65856209520,51.6,-16.1,5,6,False,False,False,True,True,True,True,False,True,True,False
121600.KQ,나노신소재,64000.0,68.3,787200000000.0,3206224272,92.8,-32.8,0,3,False,False,False,True,False,False,False,True,True,False,False
128940.KS,한미약품,523000.0,68.2,6777000000000.0,61935504800,73.2,-19.2,5,5,False,False,False,True,False,True,False,True,True,True,False
112610.KS,씨에스윈드,57500.0,68.1,2437500000000.0,19073886769,66.7,-27.6,2,5,False,False,False,True,True,True,False,True,True,False,False
086790.KS,하나금융지주,128700.0,68.0,35009300000000.0,98279374718,53.2,-9.7,5,6,False,False,False,True,True,True,True,False,True,True,False
060370.KQ,LS마린솔루션,34950.0,67.9,1817900000000.0,3961116680,61.4,-32.3,5,5,False,False,False,True,True,True,False,True,True,False,False
178320.KQ,서진시스템,42950.0,67.8,2759200000000.0,39259562531,106.0,-48.4,5,4,False,False,False,False,True,True,False,True,True,False,False
003490.KS,대한항공,31150.0,67.7,11506900000000.0,75345723463,48.3,-4.2,5,7,False,False,False,True,True,True,True,True,True,True,False
140860.KQ,파크시스템스,307000.0,67.6,2153300000000.0,8379046010,49.8,-12.4,2,6,False,False,False,True,True,True,False,True,True,True,False
074600.KQ,원익QnC,32800.0,67.5,864900000000.0,6281618060,76.8,-27.8,5,5,False,False,False,True,True,True,False,True,True,False,False
272110.KQ,케이엔제이,32550.0,67.3,263600000000.0,2294707438,68.5,-27.0,1,5,False,False,False,True,True,True,False,True,True,False,False
028260.KS,삼성물산,342000.0,67.2,55704600000000.0,137061070000,86.9,-39.5,5,3,False,False,False,False,True,True,False,False,True,False,False
092730.KQ,네오팜,22600.0,67.1,362200000000.0,1592325366,45.0,-13.1,3,7,False,False,False,True,True,True,True,True,True,True,False
142210.KQ,유니트론텍,6990.0,67.0,146500000000.0,1741433495,56.4,-22.8,2,5,False,False,False,True,False,True,False,True,True,True,False
036830.KQ,솔브레인홀딩스,49300.0,66.9,1018000000000.0,2636248187,91.5,-39.0,1,5,False,False,False,True,True,True,False,True,True,False,False
452280.KQ,한선엔지니어링,15020.0,66.8,290100000000.0,8235159911,91.6,-59.7,5,4,False,False,False,False,True,True,False,True,True,False,False
004800.KS,효성,157700.0,66.7,2656700000000.0,3431856036,88.2,-50.4,5,3,False,False,False,False,True,True,False,False,True,False,False
036810.KQ,에프에스티,35850.0,66.6,778300000000.0,4049250703,139.0,-29.7,0,3,False,False,False,True,False,False,False,True,True,False,False
104830.KQ,원익머트리얼즈,41600.0,66.4,528900000000.0,2386272997,63.1,-25.8,5,5,False,False,False,True,True,True,False,True,True,False,False
319400.KQ,현대무벡스,21000.0,66.3,2361200000000.0,38378008685,159.6,-58.3,5,3,False,False,False,False,True,True,False,False,True,False,False
307950.KS,현대오토에버,388000.0,66.2,10695400000000.0,30788260500,162.9,-63.6,5,3,False,False,False,False,True,True,False,False,True,False,False
125020.KQ,티씨머티리얼즈,6210.0,66.1,219300000000.0,4517294501,107.7,-40.3,5,5,False,False,False,True,True,True,False,True,True,False,False
078340.KQ,컴투스,37200.0,66.0,451600000000.0,4219425700,65.7,-11.8,1,5,False,False,False,True,False,True,False,True,True,True,False
082920.KQ,비츠로셀,30150.0,65.9,1367700000000.0,11419012369,141.7,-55.5,5,4,False,False,False,False,True,True,False,True,True,False,False
019010.KQ,베뉴지,4355.0,65.8,213300000000.0,2457699340,88.5,-40.3,5,3,False,False,False,False,True,True,False,False,True,False,False
388050.KQ,지투파워,10590.0,65.7,200000000000.0,18014500714,97.9,-42.6,2,5,False,False,False,True,True,True,False,True,True,False,False
055550.KS,신한지주,103600.0,65.6,48728900000000.0,116392814642,52.1,-11.1,5,6,False,False,False,True,True,True,True,False,True,True,False
089030.KQ,테크윙,57300.0,65.4,2141700000000.0,31606555319,81.2,-22.6,0,5,False,False,False,True,True,False,False,True,True,True,False
001230.KS,동국홀딩스,2055.0,65.3,317200000000.0,1177901379,49.8,-19.3,5,6,False,False,False,True,True,True,False,True,True,True,False
114810.KQ,한솔아이원스,15350.0,65.2,434200000000.0,3728168667,117.7,-22.9,0,5,False,False,False,True,True,False,False,True,True,True,False
032500.KQ,케이엠더블유,20900.0,65.1,902900000000.0,4198952756,81.7,-47.8,5,4,False,False,False,False,True,True,False,True,True,False,False
452450.KQ,피아이이,5850.0,65.0,211800000000.0,1726537389,222.3,-40.6,0,3,False,False,False,True,False,False,False,True,True,False,False
482630.KQ,삼양엔씨켐,15600.0,64.9,343600000000.0,2327854135,89.6,-37.6,5,4,False,False,False,False,True,True,False,True,True,False,False
079370.KQ,제우스,14510.0,64.8,451600000000.0,3713320536,120.5,-30.7,0,3,False,False,False,True,False,False,False,True,True,False,False
052690.KS,한전기술,128800.0,64.7,4941800000000.0,58539754112,67.1,-34.9,5,4,False,False,False,False,True,True,False,True,True,False,False
199430.KQ,케이엔알시스템,18220.0,64.5,205100000000.0,4521219512,114.1,-59.8,0,2,False,False,False,False,False,False,False,True,True,False,False
278470.KS,에이피알,361000.0,64.4,13533900000000.0,103539869780,77.0,-24.0,5,5,False,False,False,False,True,True,True,False,True,True,False
336260.KS,두산퓨얼셀,47500.0,64.3,3130600000000.0,44683538016,160.6,-56.4,5,4,False,False,False,False,True,True,False,True,True,False,False
001250.KS,GS글로벌,3145.0,64.2,260400000000.0,1633137243,43.0,-44.7,5,5,False,False,False,True,True,True,False,True,True,False,False
003690.KS,코리안리,14450.0,64.1,2551900000000.0,3744499134,44.4,-7.7,5,6,False,False,False,True,True,True,True,False,True,True,False
093320.KQ,케이아이엔엑스,128500.0,64.0,638800000000.0,1772859272,60.6,-21.5,5,4,False,False,False,True,False,True,False,False,True,True,False
124500.KQ,아이티센글로벌,29950.0,63.9,704300000000.0,14447383295,87.2,-60.3,5,4,False,False,False,False,True,True,False,True,True,False,False
393890.KQ,더블유씨피,10820.0,63.8,368600000000.0,2404821525,96.0,-49.3,5,4,False,False,False,False,True,True,False,True,True,False,False
000370.KS,한화손해보험,7230.0,63.7,845200000000.0,5305682196,43.2,-33.1,5,5,False,False,False,True,True,True,True,False,True,False,False
090460.KS,비에이치,22500.0,63.5,761900000000.0,21222569504,80.9,-48.2,1,4,False,False,False,False,True,True,False,True,True,False,False
003670.KS,포스코퓨처엠,204500.0,63.4,18589800000000.0,56477817618,78.3,-31.7,0,3,False,False,False,True,False,False,False,True,True,False,False
005290.KQ,동진쎄미켐,52300.0,63.3,2681000000000.0,17890427627,66.0,-27.6,1,5,False,False,False,True,True,True,False,True,True,False,False
001120.KS,LX인터내셔널,43300.0,63.2,1684100000000.0,3796276177,49.3,-25.0,5,6,False,False,False,True,True,True,False,True,True,True,False
079550.KS,LIG디펜스앤에어로스페이스,703000.0,63.1,15664000000000.0,82827268960,95.3,-37.1,5,3,False,False,False,False,True,True,False,False,True,False,False
112290.KQ,와이씨켐,12480.0,63.0,257000000000.0,1539142749,68.6,-29.5,1,5,False,False,False,True,True,True,False,True,True,False,False
001510.KS,SK증권,2330.0,62.9,538900000000.0,13243955821,83.2,-62.4,5,3,False,False,False,False,True,True,False,False,True,False,False
006660.KS,삼성공조,13480.0,62.8,109800000000.0,8710589782,53.4,-32.6,0,3,False,False,False,True,False,False,False,True,True,False,False
105560.KS,KB금융,166900.0,62.6,59374700000000.0,179098779462,52.8,-14.2,5,6,False,False,False,True,True,True,True,False,True,True,False
002710.KS,TCC스틸,14990.0,62.5,395800000000.0,4109552229,137.6,-34.7,0,3,False,False,False,True,False,False,False,True,True,False,False
452430.KQ,사피엔반도체,36200.0,62.4,300900000000.0,1394652971,90.5,-35.4,1,4,False,False,False,True,False,True,False,True,True,False,False
264850.KQ,이랜시스,6030.0,62.3,183000000000.0,9474708192,71.1,-36.7,2,3,False,False,False,False,False,True,False,True,True,False,False
078150.KQ,HB테크놀러지,2420.0,62.2,233500000000.0,2300528090,53.7,-60.6,1,4,False,False,False,False,True,True,False,True,True,False,False
302430.KQ,이노메트리,8150.0,62.1,80500000000.0,3253446336,102.2,-29.4,1,4,False,False,False,True,False,True,False,True,True,False,False
036200.KQ,유니셈,11030.0,62.0,339500000000.0,2237871818,83.8,-23.3,0,4,False,False,False,True,False,False,False,True,True,True,False
488280.KQ,에스투더블유,17850.0,61.9,193300000000.0,7609440261,122.8,-55.4,0,2,False,False,False,False,False,False,False,True,True,False,False
006260.KS,LS,299500.0,61.7,9375600000000.0,44159860960,85.8,-50.4,5,3,False,False,False,False,True,True,False,False,True,False,False
484120.KQ,도우인시스,23000.0,61.6,251500000000.0,1030960580,97.1,-29.4,0,3,False,False,False,True,False,False,False,True,True,False,False
006910.KQ,보성파워텍,7550.0,61.5,373400000000.0,9274781787,69.7,-58.5,5,4,False,False,False,False,True,True,False,True,True,False,False
110990.KQ,디아이티,19390.0,61.4,368600000000.0,1280803414,62.3,-33.1,5,4,False,False,False,False,True,True,False,True,True,False,False
005180.KS,빙그레,83200.0,61.3,735600000000.0,7130868388,35.3,-13.3,2,7,False,False,False,True,True,True,True,True,True,True,False
066970.KS,엘앤에프,124100.0,61.2,5065400000000.0,58013670434,97.0,-44.8,0,3,False,False,False,False,True,False,False,True,True,False,False
160190.KQ,하이젠알앤엠,34150.0,61.1,1048600000000.0,6609934927,210.5,-62.6,0,2,False,False,False,False,False,False,False,True,True,False,False
028100.KS,동아지질,19670.0,61.0,222400000000.0,1242973417,49.0,-5.2,5,7,False,False,False,True,True,True,True,True,True,True,False
007390.KQ,네이처셀,24750.0,60.9,1601200000000.0,6896300786,49.5,-33.0,1,6,False,False,False,True,True,True,True,True,True,False,False
115180.KQ,큐리언트,25000.0,60.7,936500000000.0,4278767143,98.1,-60.3,0,2,False,False,False,False,False,False,False,True,True,False,False
396470.KQ,워트,7350.0,60.6,119300000000.0,2057721086,78.2,-32.9,0,3,False,False,False,True,False,False,False,True,True,False,False
049070.KQ,인탑스,19390.0,60.5,305400000000.0,1447019113,49.2,-22.3,5,5,False,False,False,True,False,True,False,True,True,True,False
052900.KQ,KX하이텍,1224.0,60.4,94400000000.0,1067042743,54.0,-49.6,5,4,False,False,False,False,True,True,False,True,True,False,False
139130.KS,iM금융지주,18820.0,60.3,2967700000000.0,7636803767,44.2,-14.5,5,7,False,False,False,True,True,True,True,True,True,True,False
243840.KQ,신흥에스이씨,6230.0,60.2,242500000000.0,1113265118,81.9,-49.3,1,4,False,False,False,False,True,True,False,True,True,False,False
033100.KQ,제룡전기,50400.0,60.1,812800000000.0,5135883744,58.2,-46.3,5,4,False,False,False,False,True,True,False,True,True,False,False
037350.KQ,성도이엔지,8460.0,60.0,129900000000.0,1025277864,80.4,-41.5,5,4,False,False,False,False,True,True,False,True,True,False,False
044490.KQ,태웅,37650.0,59.8,763300000000.0,8599097045,88.4,-38.6,1,4,False,False,False,False,True,True,False,True,True,False,False
010820.KS,퍼스텍,6200.0,59.7,306300000000.0,3245798325,67.6,-66.9,5,4,False,False,False,False,True,True,False,True,True,False,False
138040.KS,메리츠금융지주,129900.0,59.6,21671500000000.0,30770094376,32.6,-13.3,2,7,False,False,False,True,True,True,True,True,True,True,False
161580.KQ,필옵틱스,41850.0,59.5,1027900000000.0,9560082740,115.9,-35.5,0,3,False,False,False,True,False,False,False,True,True,False,False
316140.KS,우리금융지주,33400.0,59.4,24645500000000.0,103028221722,35.5,-19.5,5,6,False,False,False,True,True,True,True,False,True,True,False
021240.KS,코웨이,100800.0,59.3,7098000000000.0,18106626742,46.5,-7.7,2,7,False,False,False,True,True,True,True,True,True,True,False
004430.KS,송원산업,11540.0,59.2,277400000000.0,1997159907,36.2,-31.0,3,5,False,False,False,True,True,True,True,False,True,False,False
254490.KQ,미래반도체,19000.0,59.1,275500000000.0,1510040516,80.6,-60.3,1,4,False,False,False,False,True,True,False,True,True,False,False
007610.KS,선도전기,4375.0,59.0,78800000000.0,2790711092,47.1,-73.6,5,4,False,False,False,False,True,True,False,True,True,False,False
061970.KQ,LB세미콘,4855.0,58.8,342400000000.0,3037891843,68.3,-31.8,0,4,False,False,False,True,True,False,False,True,True,False,False
050890.KQ,쏠리드,10580.0,58.7,649500000000.0,10233644763,70.1,-49.4,5,4,False,False,False,False,True,True,False,True,True,False,False
037030.KQ,파워넷,4120.0,58.6,105900000000.0,1280011177,70.2,-60.4,5,4,False,False,False,False,True,True,False,True,True,False,False
014680.KS,한솔케미칼,277500.0,58.5,2984600000000.0,10382339602,58.6,-19.9,0,5,False,False,False,True,True,False,False,True,True,True,False
033780.KS,케이티앤지,176400.0,58.4,18301800000000.0,44542777386,33.5,-8.3,5,7,False,False,False,True,True,True,True,True,True,True,False
086520.KQ,에코프로,95400.0,58.3,13020900000000.0,66780731342,109.4,-49.8,0,2,False,False,False,False,False,False,False,True,True,False,False
417200.KQ,LS머트리얼즈,15780.0,58.2,1073000000000.0,11089488762,81.4,-51.8,5,4,False,False,False,False,True,True,False,True,True,False,False
127120.KQ,제이에스링크,29950.0,58.1,1118800000000.0,5922880393,116.1,-40.0,5,3,False,False,False,False,True,True,False,False,True,False,False
417010.KQ,나노팀,6840.0,57.9,138000000000.0,3204060729,105.4,-57.1,2,3,False,False,False,False,False,True,False,True,True,False,False
294570.KQ,쿠콘,27600.0,57.8,279500000000.0,4416478801,112.3,-41.8,0,3,False,False,False,True,False,False,False,True,True,False,False
071280.KQ,로체시스템즈,9080.0,57.7,138700000000.0,1178990510,76.3,-34.9,0,3,False,False,False,True,False,False,False,True,True,False,False
441270.KQ,파인엠텍,9470.0,57.6,402200000000.0,8004076673,77.3,-26.0,0,3,False,False,False,True,False,False,False,True,True,False,False
001740.KS,SK네트웍스,6550.0,57.5,1321900000000.0,6846061805,53.2,-59.7,5,3,False,False,False,False,True,True,False,False,True,False,False
272210.KS,한화시스템,81700.0,57.4,15453600000000.0,40950372232,82.6,-55.6,5,4,False,False,False,False,True,True,False,True,True,False,False
162300.KQ,신스틸,2060.0,57.3,85400000000.0,7238943732,54.3,-34.7,1,6,False,False,False,True,True,True,True,True,True,False,False
299660.KQ,셀리드,2385.0,57.2,70400000000.0,4899264858,145.1,-49.9,0,2,False,False,False,False,False,False,False,True,True,False,False
232680.KQ,라온로보틱스,11150.0,57.1,149400000000.0,1947409887,58.8,-53.4,5,3,False,False,False,False,False,True,False,True,True,False,False
020000.KS,한섬,21600.0,56.9,460700000000.0,2673237277,52.3,-24.9,5,6,False,False,False,True,True,True,False,True,True,True,False
003380.KQ,하림지주,11590.0,56.8,1301500000000.0,5077313023,64.2,-40.9,5,3,False,False,False,False,False,True,False,True,True,False,False
107640.KQ,한중엔시에스,45350.0,56.7,413800000000.0,3944944712,95.5,-37.9,0,2,False,False,False,False,False,False,False,True,True,False,False
011790.KS,SKC,111700.0,56.6,5574800000000.0,16523686822,82.8,-39.4,0,3,False,False,False,True,False,False,False,True,True,False,False
119830.KQ,아이텍,6400.0,56.5,171700000000.0,1183441088,48.8,-34.2,2,3,False,False,False,False,False,True,False,True,True,False,False
460860.KS,동국제강,9860.0,56.4,487600000000.0,2443425335,27.1,-44.3,2,3,False,False,False,False,True,True,False,True,False,False,False
009830.KS,한화솔루션,37000.0,56.3,8377200000000.0,119110891711,68.2,-37.6,5,4,False,False,False,False,True,True,False,True,True,False,False
336370.KS,솔루스첨단소재,9340.0,56.2,659300000000.0,1319556704,75.2,-44.7,0,4,False,False,False,True,True,False,False,True,True,False,False
175330.KS,JB금융지주,28650.0,56.0,5325200000000.0,12014695703,32.0,-25.6,5,5,False,False,False,True,True,True,True,False,True,False,False
234690.KQ,녹십자웰빙,10660.0,55.9,194900000000.0,4405836937,59.6,-32.9,1,5,False,False,False,True,True,True,False,True,True,False,False
161390.KS,한국타이어앤테크놀로지,60400.0,55.8,7457300000000.0,18648035512,60.4,-23.0,5,5,False,False,False,False,True,True,True,False,True,True,False
443060.KS,HD현대마린솔루션,226500.0,55.7,10154800000000.0,20670519480,43.4,-21.1,1,7,False,False,False,True,True,True,True,True,True,True,False
102710.KQ,이엔에프테크놀로지,50100.0,55.6,718700000000.0,3518343127,50.5,-22.9,0,4,False,False,False,True,False,False,False,True,True,True,False
018670.KS,SK가스,258000.0,55.5,2372900000000.0,3133629550,31.6,-14.6,0,6,False,False,False,True,True,False,True,True,True,True,False
066430.KQ,아이로보틱스,2055.0,55.4,80900000000.0,3762698982,105.1,-59.5,5,3,False,False,False,False,True,True,False,False,True,False,False
340570.KQ,티앤엘,28700.0,55.3,461200000000.0,2862944328,33.2,-19.8,5,6,False,False,False,True,True,True,True,False,True,True,False
004490.KS,세방전지,64600.0,55.1,892600000000.0,4210960634,37.7,-16.9,1,5,False,False,False,True,False,True,False,True,True,True,False
174900.KQ,앱클론,28800.0,55.0,576600000000.0,4994355377,119.0,-69.9,0,2,False,False,False,False,False,False,False,True,True,False,False
147830.KQ,제룡산업,7380.0,54.9,149400000000.0,1090209916,46.4,-52.1,5,4,False,False,False,False,True,True,False,True,True,False,False
406820.KQ,뷰티스킨,2425.0,54.8,34400000000.0,2479465654,59.0,-87.3,0,2,False,False,False,False,False,False,False,True,True,False,False
120110.KS,코오롱인더,57700.0,54.7,1742900000000.0,10101166233,71.0,-45.0,5,4,False,False,False,False,True,True,False,True,True,False,False
091590.KQ,남화토건,5750.0,54.6,68100000000.0,7016786624,79.7,-52.8,4,5,False,False,False,True,True,True,True,False,True,False,False
091590.KQ,남화토건,5750.0,54.6,68100000000.0,7016786624,79.7,-52.8,4,5,False,False,False,True,True,True,True,False,True,False,False
115450.KQ,HLB테라퓨틱스,2890.0,54.4,270800000000.0,1078263534,115.4,-30.5,0,3,False,False,False,True,False,False,False,True,True,False,False
267320.KQ,나인테크,2885.0,54.3,166800000000.0,3190604112,126.5,-38.9,0,3,False,False,False,True,False,False,False,True,True,False,False
004770.KS,써니전자,1797.0,54.1,63900000000.0,4090342800,26.7,-33.6,3,4,False,False,False,True,True,True,True,False,False,False,False
294870.KS,IPARK현대산업개발,21850.0,54.0,1433500000000.0,3833338298,29.3,-12.8,2,5,False,False,False,True,True,True,True,False,False,True,False
000210.KS,DL,49450.0,53.9,1042600000000.0,3689571067,45.9,-36.4,5,3,False,False,False,False,True,True,False,False,True,False,False
005850.KS,에스엘,52000.0,53.8,2433900000000.0,4199180580,56.6,-34.6,5,3,False,False,False,False,True,True,False,False,True,False,False
180640.KS,한진칼,134500.0,53.7,8939500000000.0,12237665834,44.5,-23.5,4,5,False,False,False,True,False,True,False,True,True,True,False
038500.KQ,삼표시멘트,6750.0,53.6,732800000000.0,3057747590,133.6,-71.3,5,3,False,False,False,False,True,True,False,False,True,False,False
189300.KQ,인텔리안테크,74400.0,53.5,807500000000.0,4769421913,90.8,-58.7,5,4,False,False,False,False,True,True,False,True,True,False,False
039860.KQ,나노엔텍,4610.0,53.4,177100000000.0,1958942862,52.9,-50.9,5,3,False,False,False,False,False,True,False,True,True,False,False
280360.KS,롯데웰푸드,119700.0,53.2,1103600000000.0,4119496030,33.0,-22.8,2,6,False,False,False,True,True,True,True,False,True,True,False
018880.KS,한온시스템,3890.0,53.1,4048600000000.0,17569752598,41.2,-34.5,0,3,False,False,False,False,True,False,False,True,True,False,False
214430.KQ,아이쓰리시스템,80800.0,53.0,589700000000.0,1853260454,64.1,-41.4,0,2,False,False,False,False,False,False,False,True,True,False,False
432470.KQ,케이엔에스,10430.0,52.9,93000000000.0,2998883710,76.2,-48.9,0,2,False,False,False,False,False,False,False,True,True,False,False
005070.KS,코스모신소재,47750.0,52.8,1589300000000.0,4529496736,79.5,-28.1,0,3,False,False,False,True,False,False,False,True,True,False,False
033240.KS,자화전자,28250.0,52.7,613600000000.0,2727092815,70.2,-52.9,5,4,False,False,False,False,True,True,False,True,True,False,False
064400.KS,LG씨엔에스,73600.0,52.6,7150200000000.0,52610055684,36.0,-52.0,4,5,False,False,False,True,True,True,False,True,True,False,False
002900.KS,TYM,6560.0,52.5,272000000000.0,1669811644,21.9,-33.7,5,2,False,False,False,False,True,True,False,False,False,False,False
086390.KQ,유니테스트,15400.0,52.4,327600000000.0,2611416053,155.4,-35.0,0,3,False,False,False,True,False,False,False,True,True,False,False
432720.KQ,퀄리타스반도체,12490.0,52.2,178500000000.0,1620106132,118.4,-61.2,0,2,False,False,False,False,False,False,False,True,True,False,False
399720.KQ,가온칩스,48200.0,52.1,575200000000.0,6442767978,37.9,-42.1,0,2,False,False,False,False,False,False,False,True,True,False,False
016380.KS,KG스틸,5720.0,52.0,572100000000.0,1454396180,18.5,-27.6,5,4,False,False,False,True,True,True,False,True,False,False,False
005440.KS,현대지에프홀딩스,12450.0,51.9,2285100000000.0,3657118349,70.3,-37.1,5,4,False,False,False,False,True,True,False,True,True,False,False
439090.KQ,마녀공장,15810.0,51.8,258700000000.0,5100625633,42.9,-25.6,2,5,False,False,False,True,True,True,True,False,True,False,False
298020.KS,효성티앤씨,289500.0,51.7,1261500000000.0,6242426780,45.5,-48.0,5,3,False,False,False,False,True,True,False,False,True,False,False
001290.KS,상상인증권,4325.0,51.6,92300000000.0,1135652662,47.4,-51.5,2,3,False,False,False,False,True,True,False,False,True,False,False
217730.KQ,강스템바이오텍,2290.0,51.5,215400000000.0,1365165106,66.9,-51.2,5,4,False,False,False,False,True,True,False,True,True,False,False
047050.KS,포스코인터내셔널,57300.0,51.3,10115600000000.0,75463784511,27.8,-37.2,5,3,False,False,False,False,True,True,False,True,False,False,False
012750.KS,에스원,84700.0,51.2,3218500000000.0,4940055000,26.8,-17.8,2,5,False,False,False,True,True,True,False,True,False,True,False
013030.KQ,하이록코리아,35650.0,51.1,420100000000.0,1230579793,29.4,-25.9,1,4,False,False,False,True,True,True,False,True,False,False,False
198440.KQ,강동씨앤엘,1453.0,51.0,88700000000.0,5558842823,59.7,-50.4,4,5,False,False,False,True,True,True,True,False,True,False,False
198440.KQ,강동씨앤엘,1453.0,51.0,88700000000.0,5558842823,59.7,-50.4,4,5,False,False,False,True,True,True,True,False,True,False,False
161000.KS,애경케미칼,11340.0,50.8,548300000000.0,2179349952,62.0,-43.2,0,4,False,False,False,True,True,False,False,True,True,False,False
012630.KS,HDC,23100.0,50.7,1389000000000.0,1958037141,45.7,-24.6,3,4,False,False,False,False,True,True,False,False,True,True,False
046120.KQ,오르비텍,5410.0,50.6,184200000000.0,4295076382,67.0,-67.0,5,4,False,False,False,False,True,True,False,True,True,False,False
282330.KS,BGF리테일,127300.0,50.5,2196800000000.0,8578391046,25.8,-18.7,5,4,False,False,False,False,True,True,True,False,False,True,False
476060.KQ,온코닉테라퓨틱스,15600.0,50.3,714300000000.0,9768981687,77.5,-46.0,0,2,False,False,False,False,False,False,False,True,True,False,False
030190.KS,NICE평가정보,16150.0,50.2,944000000000.0,1409038982,24.1,-12.7,0,3,False,False,False,True,False,False,False,True,False,True,False
089010.KQ,켐트로닉스,28950.0,50.1,493000000000.0,2332812182,78.2,-40.8,0,3,False,False,False,True,False,False,False,True,True,False,False
090710.KQ,휴림로봇,6540.0,50.0,792700000000.0,10118065142,112.3,-75.4,5,2,False,False,False,False,False,True,False,False,True,False,False
190510.KQ,나무가,15910.0,49.9,225600000000.0,1756973226,44.0,-44.4,0,2,False,False,False,False,False,False,False,True,True,False,False
267270.KS,HD건설기계,118500.0,49.8,5628400000000.0,35138718184,38.1,-45.5,5,3,False,False,False,False,True,True,False,False,True,False,False
027360.KQ,아주IB투자,4035.0,49.7,490600000000.0,12920054567,110.9,-79.8,5,4,False,False,False,False,True,True,False,True,True,False,False
122350.KQ,삼기,1620.0,49.6,62000000000.0,3529947565,93.8,-30.9,3,4,False,False,False,True,False,True,False,True,True,False,False
090430.KS,아모레퍼시픽,133200.0,49.4,7779500000000.0,40420182284,41.7,-21.2,2,4,False,False,False,True,False,True,False,False,True,True,False
053300.KQ,한국정보인증,5630.0,49.3,222800000000.0,1503363040,48.9,-27.4,0,3,False,False,False,True,False,False,False,True,True,False,False
086450.KQ,동국제약,21700.0,49.2,990500000000.0,9300058766,33.5,-30.6,5,5,False,False,False,True,True,True,False,True,True,False,False
005940.KS,NH투자증권,26650.0,49.1,9857800000000.0,13052457855,41.1,-37.4,5,3,False,False,False,False,True,True,False,False,True,False,False
204620.KQ,글로벌텍스프리,5410.0,49.0,385900000000.0,4362416904,36.8,-25.2,0,5,False,False,False,True,True,False,True,True,True,False,False
222080.KQ,SFA넥셀,8770.0,48.9,693800000000.0,3749212184,54.1,-55.9,5,4,False,False,False,False,True,True,False,True,True,False,False
277810.KQ,레인보우로보틱스,466000.0,48.8,9040300000000.0,51049805780,61.0,-52.4,5,4,False,False,False,False,True,True,False,True,True,False,False
014950.KQ,삼익제약,8400.0,48.7,84200000000.0,21994033373,126.7,-66.5,0,2,False,False,False,False,False,False,False,True,True,False,False
002380.KS,케이씨씨,478000.0,48.5,4094500000000.0,10581077630,42.3,-30.9,5,4,False,False,False,False,True,True,False,True,True,False,False
011200.KS,HMM,21450.0,48.4,20232500000000.0,26299786166,19.8,-14.0,2,6,False,False,False,True,True,True,True,True,False,True,False
011930.KS,신성이엔지,20000.0,48.3,410200000000.0,3318597698,77.0,-59.8,1,4,False,False,False,False,True,True,False,True,True,False,False
003720.KS,삼영,6600.0,48.2,225800000000.0,1973716260,51.2,-52.8,0,3,False,False,False,False,True,False,False,True,True,False,False
439580.KQ,블루엠텍,2995.0,48.1,102400000000.0,2008596582,123.3,-55.0,0,2,False,False,False,False,False,False,False,True,True,False,False
445680.KQ,큐리옥스바이오시스템즈,61500.0,48.0,1069700000000.0,4802966452,94.3,-58.8,0,2,False,False,False,False,False,False,False,True,True,False,False
071320.KS,지역난방공사,78800.0,47.9,913600000000.0,1178968482,30.5,-32.5,0,2,False,False,False,False,False,False,False,True,True,False,False
058430.KS,포스코스틸리온,4630.0,47.8,279600000000.0,1392314093,30.1,-55.9,5,4,False,False,False,False,True,True,False,True,True,False,False
005880.KS,대한해운,2040.0,47.7,661600000000.0,3905407159,24.5,-39.7,5,3,False,False,False,False,True,True,False,True,False,False,False
003470.KS,유안타증권,4305.0,47.5,832400000000.0,1350333262,21.8,-48.8,5,2,False,False,False,False,True,True,False,False,False,False,False
053690.KS,한미글로벌,20700.0,47.4,228500000000.0,6046616608,50.7,-40.4,1,4,False,False,False,False,True,True,False,True,True,False,False
373220.KS,LG에너지솔루션,390000.0,47.3,90909000000000.0,106203847930,34.3,-26.0,0,3,False,False,False,True,False,False,False,True,True,False,False
265520.KQ,AP시스템,20800.0,47.2,314600000000.0,1005508066,33.3,-33.1,1,4,False,False,False,False,True,True,False,True,True,False,False
001060.KS,JW중외제약,27300.0,47.1,639200000000.0,1716646552,31.9,-30.4,5,3,False,False,False,False,False,True,False,True,True,False,False
099440.KQ,스맥,3875.0,47.0,265100000000.0,1770984941,60.5,-53.5,0,1,False,False,False,False,False,False,False,False,True,False,False
020560.KS,아시아나항공,8270.0,46.9,1709700000000.0,1020968526,27.2,-13.2,0,3,False,False,False,True,False,False,False,True,False,True,False
209640.KQ,와이제이링크,4190.0,46.8,120000000000.0,2564603634,75.3,-59.5,2,4,False,False,False,False,True,True,False,True,True,False,False
086280.KS,현대글로비스,201000.0,46.6,15037500000000.0,31644484994,28.8,-32.1,5,1,False,False,False,False,False,True,False,False,False,False,False
000240.KS,한국앤컴퍼니,25300.0,46.5,2401900000000.0,1864897233,17.4,-30.6,0,2,False,False,False,True,False,False,False,True,False,False,False
062970.KQ,한국첨단소재,3175.0,46.4,101200000000.0,9218007324,74.9,-68.6,0,3,False,False,False,False,True,False,False,True,True,False,False
062970.KQ,한국첨단소재,3175.0,46.4,101200000000.0,9218007324,74.9,-68.6,0,3,False,False,False,False,True,False,False,True,True,False,False
024060.KQ,흥구석유,12200.0,46.2,181500000000.0,37531138986,36.8,-66.3,1,4,False,False,False,False,True,True,False,True,True,False,False
348340.KQ,뉴로메카,22550.0,46.1,531400000000.0,7808361071,53.4,-72.8,5,3,False,False,False,False,False,True,False,True,True,False,False
462860.KQ,더즌,2945.0,46.0,213200000000.0,9841460615,85.5,-46.7,0,2,False,False,False,False,False,False,False,True,True,False,False
035510.KS,신세계I&C,15540.0,45.9,219900000000.0,1783642413,50.7,-47.0,0,2,False,False,False,False,False,False,False,True,True,False,False
117730.KQ,티로보틱스,15170.0,45.8,343800000000.0,1607073042,54.8,-50.9,0,2,False,False,False,False,False,False,False,True,True,False,False
483650.KS,달바글로벌,182900.0,45.6,2282400000000.0,36423100338,57.4,-35.4,5,4,False,False,False,False,True,True,True,False,True,False,False
140410.KQ,메지온,70800.0,45.5,2168000000000.0,8014625012,54.4,-60.6,0,2,False,False,False,False,False,False,False,True,True,False,False
068270.KS,셀트리온,182400.0,45.4,42429400000000.0,101057076854,15.1,-23.7,5,2,False,False,False,False,False,True,False,False,False,True,False
007070.KS,GS리테일,22200.0,45.3,1856100000000.0,4826565882,39.2,-25.9,5,4,False,False,False,False,True,True,True,False,True,False,False
018000.KQ,유니슨,1203.0,45.2,348300000000.0,2991011679,76.7,-32.9,1,4,False,False,False,True,False,True,False,True,True,False,False
204320.KS,HL만도,47650.0,45.1,2244600000000.0,19671047300,48.2,-39.8,5,2,False,False,False,False,False,True,False,False,True,False,False
224060.KQ,더코디,4000.0,45.0,20600000000.0,2080803924,66.7,-68.6,5,3,False,False,False,False,True,True,False,False,True,False,False
009900.KS,명신산업,8700.0,44.9,458100000000.0,1825795853,61.4,-41.8,0,2,False,False,False,False,False,False,False,True,True,False,False
039830.KQ,오로라,15010.0,44.7,162500000000.0,1930622848,66.0,-43.1,0,3,False,False,False,False,True,False,True,False,True,False,False
140430.KQ,카티스,2660.0,44.6,29600000000.0,1143373298,77.3,-74.2,0,2,False,False,False,False,False,False,False,True,True,False,False
009240.KS,한샘,40050.0,44.5,941400000000.0,1624320190,41.5,-26.9,0,3,False,False,False,True,False,False,False,True,True,False,False
032190.KQ,다우데이타,19220.0,44.4,737700000000.0,1331191354,20.6,-38.9,5,1,False,False,False,False,False,True,False,False,False,False,False
005490.KS,POSCO홀딩스,318000.0,44.3,25278000000000.0,82696695930,23.0,-41.3,5,2,False,False,False,False,True,True,False,False,False,False,False
051900.KS,LG생활건강,265500.0,44.2,3998500000000.0,27007828230,26.4,-20.9,2,3,False,False,False,True,False,True,False,False,False,True,False
237880.KQ,클리오,11960.0,44.1,216700000000.0,1529628463,35.9,-22.0,0,2,False,False,False,False,False,False,False,False,True,True,False
308080.KQ,바이젠셀,5810.0,44.0,120500000000.0,1032327616,89.3,-66.5,5,3,False,False,False,False,False,True,False,True,True,False,False
028300.KQ,HLB,47400.0,43.9,6280300000000.0,49111668461,96.3,-31.5,0,2,False,False,False,False,False,False,False,True,True,False,False
069080.KQ,웹젠,12000.0,43.7,371000000000.0,1062743016,25.9,-33.4,0,2,False,False,False,True,False,False,False,True,False,False,False
001200.KS,유진증권,4070.0,43.6,395200000000.0,1915981764,22.4,-41.2,5,2,False,False,False,False,True,True,False,False,False,False,False
034020.KS,두산에너빌리티,81500.0,43.5,52269800000000.0,212677041450,43.0,-41.5,1,4,False,False,False,False,True,True,False,True,True,False,False
003240.KS,태광산업,915000.0,43.4,1009900000000.0,1308054780,29.2,-44.0,2,3,False,False,False,False,True,True,False,True,False,False,False
071090.KS,하이스틸,3510.0,43.3,71300000000.0,3111673619,49.0,-38.2,0,3,False,False,False,True,False,False,False,True,True,False,False
274090.KQ,켄코아에어로스페이스,13720.0,43.2,188700000000.0,7065208403,87.9,-65.4,1,3,False,False,False,False,False,True,False,True,True,False,False
060720.KQ,KH바텍,11690.0,43.1,277700000000.0,1821319047,41.7,-41.4,0,2,False,False,False,False,False,False,False,True,True,False,False
023590.KS,다우기술,38450.0,43.0,1660100000000.0,1571638335,19.0,-38.3,5,1,False,False,False,False,False,True,False,False,False,False,False
285130.KS,SK케미칼,52200.0,42.8,899500000000.0,3710277151,45.6,-36.2,0,2,False,False,False,False,False,False,False,True,True,False,False
138360.KQ,앤로보틱스,1365.0,42.7,118800000000.0,1697402029,87.5,-72.6,5,3,False,False,False,False,True,True,False,False,True,False,False
099320.KQ,쎄트렉아이,82600.0,42.6,913300000000.0,3831300944,80.9,-63.1,5,3,False,False,False,False,False,True,False,True,True,False,False
049630.KQ,재영솔루텍,7410.0,42.5,173100000000.0,3055914720,93.2,-81.7,0,2,False,False,False,False,False,False,False,True,True,False,False
005380.KS,현대자동차,348000.0,42.4,70908100000000.0,231202527210,63.4,-55.6,5,3,False,False,False,False,True,True,False,False,True,False,False
217820.KQ,원익피앤이,2500.0,42.3,122700000000.0,1430210133,65.0,-45.9,0,2,False,False,False,False,False,False,False,True,True,False,False
001800.KS,오리온홀딩스,22700.0,42.2,1368600000000.0,1794083133,23.6,-24.2,5,4,False,False,False,False,True,True,True,False,False,True,False
037070.KQ,파세코,6780.0,42.1,135600000000.0,5527418701,35.9,-32.1,0,2,False,False,False,False,False,False,False,True,True,False,False
094820.KQ,일진파워,12580.0,41.9,191500000000.0,1312253102,39.6,-48.7,5,4,False,False,False,False,True,True,False,True,True,False,False
011780.KS,금호석유화학,118700.0,41.8,2973600000000.0,12067821482,15.5,-26.9,5,1,False,False,False,False,False,True,False,False,False,False,False
248070.KS,솔루엠,16800.0,41.7,802400000000.0,2071845611,45.8,-31.0,0,4,False,False,False,True,True,False,False,True,True,False,False
200710.KQ,에이디테크놀로지,29350.0,41.6,403900000000.0,3061941548,41.4,-52.7,5,4,False,False,False,False,True,True,False,True,True,False,False
320000.KQ,한울반도체,10390.0,41.5,72200000000.0,3774656012,46.9,-64.2,0,2,False,False,False,False,True,False,False,False,True,False,False
078520.KS,에이블씨엔씨,11050.0,41.4,273300000000.0,1295337075,26.9,-34.2,2,2,False,False,False,False,True,True,False,False,False,False,False
225570.KQ,넥슨게임즈,10950.0,41.3,715900000000.0,1738452950,39.3,-29.0,0,3,False,False,False,True,False,False,False,True,True,False,False
023160.KQ,태광,26750.0,41.2,701000000000.0,4559522227,37.7,-47.9,1,4,False,False,False,False,True,True,False,True,True,False,False
900290.KQ,GRT,3300.0,41.1,309300000000.0,1585078209,55.7,-55.9,2,3,False,False,False,False,True,True,False,False,True,False,False
006730.KQ,서부T&D,11440.0,40.9,737900000000.0,4172209729,35.4,-44.1,2,3,False,False,False,False,False,True,False,True,True,False,False
037710.KS,광주신세계,33750.0,40.8,257000000000.0,2299237932,14.6,-43.4,5,2,False,False,False,False,True,True,False,False,False,False,False
037710.KS,광주신세계,33750.0,40.8,257000000000.0,2299237932,14.6,-43.4,5,2,False,False,False,False,True,True,False,False,False,False,False
130660.KS,한전산업,12390.0,40.6,405900000000.0,7020855532,40.6,-55.4,1,4,False,False,False,False,True,True,False,True,True,False,False
041190.KQ,우리기술투자,6270.0,40.5,505900000000.0,25518808028,68.3,-52.3,0,2,False,False,False,False,False,False,False,True,True,False,False
101490.KQ,에스앤에스텍,53800.0,40.4,1158500000000.0,10327052505,68.7,-50.4,0,2,False,False,False,False,False,False,False,True,True,False,False
004170.KS,신세계,326500.0,40.3,3074400000000.0,35617095550,91.8,-58.8,5,3,False,False,False,False,True,True,False,False,True,False,False
079160.KS,CJ CGV,4910.0,40.2,819600000000.0,3146452462,18.3,-26.3,0,0,False,False,False,False,False,False,False,False,False,False,False
016360.KS,삼성증권,89100.0,40.0,7974500000000.0,36845643780,26.0,-45.3,5,2,False,False,False,False,True,True,False,False,False,False,False
263800.KQ,데이타솔루션,4760.0,39.9,77700000000.0,2577564191,15.7,-45.5,0,0,False,False,False,False,False,False,False,False,False,False,False
004370.KS,농심,396000.0,39.8,2411800000000.0,12904489780,24.1,-18.3,0,2,False,False,False,True,False,False,False,False,False,True,False
032640.KS,LG유플러스,14560.0,39.7,6179700000000.0,13407640954,5.4,-22.6,0,2,False,False,False,False,True,False,False,False,False,True,False
036460.KS,한국가스공사,35950.0,39.6,3337100000000.0,5677158373,15.4,-21.3,0,2,False,False,False,False,False,False,False,True,False,True,False
082740.KS,한화엔진,47450.0,39.5,3984600000000.0,35553719794,32.5,-49.7,1,4,False,False,False,False,True,True,False,True,True,False,False
083650.KQ,비에이치아이,58200.0,39.4,1816400000000.0,22975131885,75.6,-49.0,2,4,False,False,False,False,True,True,False,True,True,False,False
357580.KQ,아모센스,8260.0,39.3,97500000000.0,1367030642,102.0,-72.4,0,3,False,False,False,False,True,False,False,True,True,False,False
092200.KS,디아이씨,5870.0,39.2,229400000000.0,3258419903,54.9,-61.3,0,2,False,False,False,False,False,False,False,True,True,False,False
017800.KS,현대엘리베이터,73300.0,39.0,2861600000000.0,8292683326,18.6,-35.4,5,2,False,False,False,False,False,True,False,True,False,False,False
024110.KS,기업은행,20200.0,38.9,16068100000000.0,19562790815,8.3,-31.6,5,2,False,False,False,False,True,True,False,False,False,False,False
000640.KS,동아쏘시오홀딩스,93000.0,38.8,626100000000.0,1483732398,24.8,-23.7,0,2,False,False,False,False,False,False,False,True,False,True,False
255440.KQ,야스,8560.0,38.7,111500000000.0,2833491655,134.5,-36.4,0,2,False,False,False,False,False,False,False,True,True,False,False
469610.KQ,이노테크,16520.0,38.6,148500000000.0,2557322858,88.6,-80.6,0,2,False,False,False,False,False,False,False,True,True,False,False
383220.KS,F&F,71300.0,38.5,2727500000000.0,4916751580,22.9,-19.9,0,4,False,False,False,True,True,False,False,True,False,True,False
008490.KS,서흥,20200.0,38.4,233700000000.0,1100592812,26.2,-34.4,0,0,False,False,False,False,False,False,False,False,False,False,False
260970.KQ,에스앤디,60300.0,38.3,177600000000.0,1182404005,43.2,-50.2,0,3,False,False,False,True,False,False,False,True,True,False,False
009420.KS,한올바이오파마,47800.0,38.1,2499700000000.0,16183423066,57.2,-34.5,5,3,False,False,False,False,True,True,False,False,True,False,False
300720.KS,한일시멘트,16000.0,38.0,1176000000000.0,1166594824,25.9,-22.9,0,2,False,False,False,False,False,False,False,True,False,True,False
060250.KQ,NHN KCP,13700.0,37.9,550600000000.0,7641190147,25.7,-46.3,0,0,False,False,False,False,False,False,False,False,False,False,False
393210.KQ,토마토시스템,3540.0,37.8,55300000000.0,3617613914,95.7,-49.1,0,2,False,False,False,False,False,False,False,True,True,False,False
192080.KS,더블유게임즈,56700.0,37.7,1200500000000.0,2781556204,20.6,-25.9,5,3,False,False,False,False,True,True,True,False,False,False,False
330350.KQ,위더스제약,7120.0,37.6,95200000000.0,4128604604,20.5,-40.4,2,1,False,False,False,False,False,True,False,False,False,False,False
267250.KS,HD현대,195300.0,37.5,15569500000000.0,33476330252,31.9,-41.4,5,3,False,False,False,False,True,True,False,False,True,False,False
026960.KS,동서,26450.0,37.4,2657000000000.0,1812172830,18.3,-14.5,0,3,False,False,False,True,False,False,False,True,False,True,False
048410.KQ,현대바이오,7150.0,37.3,691900000000.0,8164149917,56.6,-66.7,5,4,False,False,False,False,True,True,False,True,True,False,False
419050.KQ,삼기에너지솔루션즈,1815.0,37.1,104100000000.0,6271036511,109.8,-26.4,0,3,False,False,False,True,False,False,False,True,True,False,False
014620.KQ,성광벤드,30000.0,37.0,804700000000.0,5766092801,33.0,-43.7,1,4,False,False,False,False,True,True,False,True,True,False,False
005690.KS,파미셀,13180.0,36.9,796900000000.0,14168234668,61.9,-37.7,0,2,False,False,False,False,False,False,False,True,True,False,False
214320.KS,이노션,17990.0,36.8,721600000000.0,1166358901,7.5,-20.6,5,3,False,False,False,False,True,True,False,False,False,True,False
455900.KQ,엔젤로보틱스,22450.0,36.7,347900000000.0,2287640540,51.1,-48.9,0,2,False,False,False,False,False,False,False,True,True,False,False
023530.KS,롯데쇼핑,100000.0,36.6,2826000000000.0,17950487704,59.5,-52.6,5,3,False,False,False,False,True,True,False,False,True,False,False
007540.KS,샘표,46550.0,36.5,93500000000.0,1746634850,17.1,-36.3,0,1,False,False,False,False,False,False,False,True,False,False,False
000880.KS,한화,126500.0,36.4,6756800000000.0,16453751604,25.7,-42.5,1,3,False,False,False,False,True,True,False,True,False,False,False
006800.KS,미래에셋증권,31950.0,36.2,17431000000000.0,45668851990,62.1,-63.6,5,3,False,False,False,False,True,True,False,False,True,False,False
148780.KQ,비큐AI,4015.0,36.1,25600000000.0,2587056134,117.0,-59.7,0,2,False,False,False,False,False,False,False,True,True,False,False
489790.KS,한화비전,51300.0,36.0,2625400000000.0,9806052951,65.8,-47.6,1,4,False,False,False,False,True,True,False,True,True,False,False
216080.KQ,제테마,6130.0,35.9,228200000000.0,1402759504,61.3,-45.7,1,3,False,False,False,False,False,True,False,True,True,False,False
007820.KQ,엠엑스로보틱스,3565.0,35.8,83000000000.0,4689773578,44.0,-53.0,0,1,False,False,False,False,False,False,False,False,True,False,False
094170.KQ,동운아나텍,25800.0,35.7,541600000000.0,2878229159,58.5,-54.3,5,3,False,False,False,False,True,True,False,False,True,False,False
003280.KS,흥아해운,1810.0,35.6,436400000000.0,16688201533,18.8,-62.3,1,3,False,False,False,False,True,True,False,True,False,False,False
025900.KQ,동화기업,7600.0,35.5,385800000000.0,1118367183,68.9,-41.4,0,2,False,False,False,False,False,False,False,True,True,False,False
484810.KQ,티엑스알로보틱스,12390.0,35.3,192400000000.0,7790680316,64.3,-53.2,0,1,False,False,False,False,False,False,False,False,True,False,False
002790.KS,아모레퍼시픽홀딩스,25350.0,35.2,1934400000000.0,2735177159,27.1,-29.5,0,0,False,False,False,False,False,False,False,False,False,False,False
039200.KQ,오스코텍,39150.0,35.1,1495900000000.0,5087628959,43.4,-40.7,0,2,False,False,False,False,False,False,False,True,True,False,False
009520.KQ,포스코엠텍,13480.0,35.0,567600000000.0,2287791335,63.0,-41.6,0,2,False,False,False,False,False,False,False,True,True,False,False
241520.KQ,DSC인베스트먼트,8490.0,34.9,226600000000.0,1158942859,38.7,-56.9,5,4,False,False,False,False,True,True,False,True,True,False,False
464080.KQ,에스오에스랩,10940.0,34.8,198500000000.0,1129703235,67.0,-61.9,1,3,False,False,False,False,False,True,False,True,True,False,False
464080.KQ,에스오에스랩,10940.0,34.8,198500000000.0,1129703235,67.0,-61.9,1,3,False,False,False,False,False,True,False,True,True,False,False
039440.KQ,에스티아이,25900.0,34.6,406300000000.0,2223322335,49.5,-40.0,0,2,False,False,False,False,False,False,False,True,True,False,False
456040.KS,OCI,73900.0,34.5,668800000000.0,3816487772,37.6,-54.7,5,3,False,False,False,False,True,True,False,False,True,False,False
012330.KS,현대모비스,380000.0,34.3,34266600000000.0,135521881100,34.3,-53.8,5,3,False,False,False,False,True,True,False,False,True,False,False
383310.KQ,에코프로에이치엔,26600.0,34.2,562100000000.0,3916878952,33.0,-43.3,0,2,False,False,False,False,False,False,False,True,True,False,False
142280.KQ,녹십자엠에스,3310.0,34.1,80200000000.0,2678940004,50.5,-50.3,0,2,False,False,False,False,False,False,False,True,True,False,False
372910.KS,한컴라이프케어,2135.0,34.0,59500000000.0,1509504916,40.1,-43.5,0,2,False,False,False,False,False,False,False,True,True,False,False
042520.KQ,한스바이오메드,22250.0,33.9,320200000000.0,2527342180,75.1,-61.5,0,2,False,False,False,False,False,False,False,True,True,False,False
253840.KQ,수젠텍,4575.0,33.8,78500000000.0,1571258052,29.6,-44.5,0,1,False,False,False,False,False,False,False,True,False,False,False
030200.KS,케이티,51500.0,33.7,13004300000000.0,18188219152,7.1,-25.8,5,2,False,False,False,False,True,True,False,False,False,False,False
000250.KQ,삼천당제약,241000.0,33.6,5782300000000.0,28132252564,100.8,-80.5,0,3,False,False,False,False,True,False,False,True,True,False,False
257720.KQ,실리콘투,36750.0,33.4,2403400000000.0,55637661776,23.1,-34.5,0,0,False,False,False,False,False,False,False,False,False,False,False
004020.KS,현대제철,29950.0,33.3,4010000000000.0,20392707840,26.6,-40.6,1,2,False,False,False,False,True,True,False,False,False,False,False
000020.KS,동화약품,5450.0,33.2,151900000000.0,1140787480,22.5,-27.9,0,1,False,False,False,False,False,False,False,True,False,False,False
003230.KS,삼양식품,1210000.0,33.1,9069800000000.0,74427168300,23.3,-24.6,0,3,False,False,False,False,True,False,True,False,False,True,False
138930.KS,BNK금융지주,16010.0,33.0,4900200000000.0,16365093319,17.3,-30.5,5,3,False,False,False,False,True,True,False,True,False,False,False
454910.KS,두산로보틱스,74800.0,32.9,4906900000000.0,28178877772,38.0,-56.0,0,2,False,False,False,False,False,False,False,True,True,False,False
003000.KS,부광약품,4150.0,32.8,410900000000.0,1713279536,19.9,-58.0,5,3,False,False,False,False,True,True,False,True,False,False,False
030000.KS,제일기획,18650.0,32.7,2144400000000.0,6679960294,9.1,-20.0,0,1,False,False,False,False,False,False,False,False,False,True,False
318060.KQ,그래피,15950.0,32.6,178800000000.0,1392713558,94.3,-76.9,3,2,False,False,False,False,False,True,False,False,True,False,False
037440.KQ,희림,4090.0,32.4,57300000000.0,2493017563,32.1,-45.2,0,3,False,False,False,False,True,False,False,True,True,False,False
047920.KQ,HLB제약,13010.0,32.3,426700000000.0,5560749687,116.8,-41.5,0,2,False,False,False,False,False,False,False,True,True,False,False
009450.KS,경동나비엔,61000.0,32.2,893100000000.0,2945535098,15.1,-23.8,1,3,False,False,False,False,True,True,False,False,False,True,False
012450.KS,한화에어로스페이스,1023000.0,32.1,53419700000000.0,176203707820,30.7,-38.2,2,3,False,False,False,False,True,True,False,False,True,False,False
382900.KQ,범한퓨얼셀,25350.0,32.0,224300000000.0,3221303298,114.6,-42.6,0,2,False,False,False,False,False,False,False,True,True,False,False
010130.KS,고려아연,1109000.0,31.9,23106400000000.0,29435193240,26.5,-49.3,0,0,False,False,False,False,False,False,False,False,False,False,False
005010.KS,휴스틸,4025.0,31.8,229000000000.0,2018210075,29.4,-44.9,0,2,False,False,False,False,True,False,False,True,False,False,False
071050.KS,한국금융지주,178000.0,31.7,9941500000000.0,37241055252,28.9,-40.8,5,2,False,False,False,False,True,True,False,False,False,False,False
064550.KQ,바이오니아,8860.0,31.5,229200000000.0,5329482662,62.0,-43.4,0,2,False,False,False,False,False,False,False,True,True,False,False
156100.KQ,엘앤케이바이오,6310.0,31.4,142600000000.0,1042295232,131.1,-61.5,0,2,False,False,False,False,False,False,False,True,True,False,False
214330.KS,금호에이치티,6920.0,31.3,73800000000.0,1555701838,54.6,-47.5,0,2,False,False,False,False,False,False,False,True,True,False,False
006280.KS,녹십자,127500.0,31.2,1494700000000.0,3509924332,20.4,-30.6,0,1,False,False,False,False,False,False,False,True,False,False,False
136150.KQ,원일티엔아이,14100.0,31.1,115300000000.0,1312670622,161.1,-51.6,0,3,False,False,False,True,False,False,False,True,True,False,False
241560.KS,두산밥캣,55400.0,31.0,5320000000000.0,9494923836,4.5,-30.5,5,2,False,False,False,False,True,True,False,False,False,False,False
395400.KS,SK리츠,5290.0,30.9,1592400000000.0,1154215118,11.1,-26.5,5,2,False,False,False,False,True,True,False,False,False,False,False
014280.KS,금강공업,4565.0,30.8,134500000000.0,1983594320,33.5,-46.1,0,2,False,False,False,False,False,False,False,True,True,False,False
036570.KS,NC,224000.0,30.7,4868900000000.0,20274465780,27.2,-34.8,5,2,False,False,False,False,True,True,False,False,False,False,False
100840.KS,SNT에너지,34450.0,30.5,685700000000.0,7412376536,62.5,-48.9,0,2,False,False,False,False,False,False,False,True,True,False,False
042000.KQ,카페24,22950.0,30.4,552500000000.0,2877526439,54.3,-47.8,0,2,False,False,False,False,False,False,False,True,True,False,False
066590.KQ,스모트로닉,2285.0,30.3,89500000000.0,1040829178,28.6,-45.6,0,0,False,False,False,False,False,False,False,False,False,False,False
102120.KQ,어보브반도체,8920.0,30.2,160200000000.0,1144153985,64.9,-47.1,0,2,False,False,False,False,False,False,False,True,True,False,False
168360.KQ,펨트론,16850.0,30.1,376600000000.0,1508378473,94.3,-51.4,0,3,False,False,False,False,True,False,False,True,True,False,False
388720.KQ,유일로보틱스,71800.0,30.0,853000000000.0,2095221672,33.5,-53.7,0,2,False,False,False,False,False,False,False,True,True,False,False
039610.KQ,화성밸브,6750.0,29.9,70400000000.0,1250950605,58.5,-42.2,0,2,False,False,False,False,False,False,False,True,True,False,False
950220.KQ,네오이뮨텍,1952.0,29.8,67000000000.0,3001925585,75.1,-56.1,0,2,False,False,False,False,False,False,False,True,True,False,False
019170.KS,신풍제약,9670.0,29.6,528900000000.0,4393306194,53.2,-39.2,0,2,False,False,False,False,False,False,False,True,True,False,False
108860.KQ,셀바스AI,9390.0,29.5,256200000000.0,7549522996,53.9,-46.6,0,2,False,False,False,False,False,False,False,True,True,False,False
270660.KQ,에브리봇,13960.0,29.4,177400000000.0,1777011725,47.4,-56.2,0,2,False,False,False,False,False,False,False,True,True,False,False
047810.KS,한국항공우주,129200.0,29.3,12662000000000.0,49798739886,35.9,-40.0,5,3,False,False,False,False,True,True,False,False,True,False,False
011230.KS,삼화전자공업,2680.0,29.2,51600000000.0,2007241867,33.3,-44.4,0,1,False,False,False,False,False,False,False,False,True,False,False
006040.KS,동원산업,35300.0,29.1,1551500000000.0,1512819670,18.3,-31.5,0,0,False,False,False,False,False,False,False,False,False,False,False
226950.KQ,올릭스,122600.0,29.0,2812000000000.0,27963079688,50.1,-43.5,0,3,False,False,False,False,True,False,False,True,True,False,False
012200.KS,계양전기,3145.0,28.9,112100000000.0,1799055997,137.2,-78.0,5,2,False,False,False,False,False,True,False,False,True,False,False
008970.KS,KBI동양철관,1451.0,28.7,152000000000.0,2841821669,63.0,-51.1,0,2,False,False,False,False,False,False,False,True,True,False,False
051910.KS,LG화학,279000.0,28.6,19624700000000.0,49785971510,24.6,-36.2,0,1,False,False,False,False,False,False,False,True,False,False,False
026940.KS,부국철강,2090.0,28.5,41800000000.0,1274408089,21.2,-55.4,1,2,False,False,False,False,True,True,False,False,False,False,False
026940.KS,부국철강,2090.0,28.5,41800000000.0,1274408089,21.2,-55.4,1,2,False,False,False,False,True,True,False,False,False,False,False
079900.KS,전진건설로봇,39900.0,28.3,585900000000.0,4181804459,55.9,-46.3,0,2,False,False,False,False,False,False,False,True,True,False,False
086960.KQ,MDS테크,2440.0,28.2,105000000000.0,1456020507,57.4,-46.4,0,2,False,False,False,False,False,False,False,True,True,False,False
041930.KQ,SY동아,4980.0,28.1,76300000000.0,1095676764,24.0,-42.4,0,1,False,False,False,False,False,False,False,True,False,False,False
015750.KQ,성우하이텍,6000.0,28.0,483200000000.0,1260599819,23.0,-50.0,0,1,False,False,False,False,False,False,False,True,False,False,False
025860.KS,남해화학,6030.0,27.9,299600000000.0,3017602163,14.9,-53.0,0,2,False,False,False,False,True,False,False,True,False,False,False
031210.KS,서울보증보험,41900.0,27.7,2929000000000.0,2095484264,5.7,-35.3,0,0,False,False,False,False,False,False,False,False,False,False,False
017510.KQ,세명전기,7970.0,27.6,122100000000.0,1688754052,56.6,-55.6,0,2,False,False,False,False,False,False,False,True,True,False,False
240550.KQ,동방메디컬,6430.0,27.5,134800000000.0,1543136180,42.9,-43.8,0,2,False,False,False,False,False,False,False,True,True,False,False
088980.KS,맥쿼리인프라,9730.0,27.4,4683900000000.0,11277654538,4.4,-18.2,0,1,False,False,False,False,False,False,False,False,False,True,False
293490.KQ,카카오게임즈,10010.0,27.3,1074900000000.0,4087006005,47.6,-45.7,0,2,False,False,False,False,False,False,False,True,True,False,False
051600.KS,한전KPS,45350.0,27.2,2052000000000.0,5874403563,9.3,-34.3,0,0,False,False,False,False,False,False,False,False,False,False,False
051600.KS,한전KPS,45350.0,27.2,2052000000000.0,5874403563,9.3,-34.3,0,0,False,False,False,False,False,False,False,False,False,False,False
004000.KS,롯데정밀화학,42800.0,27.0,1104200000000.0,2292021051,3.5,-40.4,5,2,False,False,False,False,True,True,False,False,False,False,False
272290.KQ,이녹스첨단소재,22850.0,26.8,454600000000.0,1986150513,36.8,-48.5,0,2,False,False,False,False,False,False,False,True,True,False,False
459510.KQ,나우로보틱스,16370.0,26.7,213500000000.0,2062364635,53.0,-57.2,0,2,False,False,False,False,False,False,False,True,True,False,False
013580.KS,계룡건설산업,21500.0,26.6,192500000000.0,1575200689,31.9,-35.4,5,4,False,False,False,False,True,True,False,True,True,False,False
256840.KQ,한국비엔씨,3190.0,26.5,218500000000.0,7291152429,55.6,-48.4,0,2,False,False,False,False,False,False,False,True,True,False,False
117580.KS,대성에너지,7070.0,26.4,193900000000.0,1506994530,10.5,-56.2,0,2,False,False,False,False,True,False,False,True,False,False,False
058730.KS,다스코,3195.0,26.3,65300000000.0,7599911757,40.7,-44.9,3,3,False,False,False,False,True,True,False,False,True,False,False
058730.KS,다스코,3195.0,26.3,65300000000.0,7599911757,40.7,-44.9,3,3,False,False,False,False,True,True,False,False,True,False,False
365340.KQ,성일하이텍,39100.0,26.1,510400000000.0,1496208490,64.3,-54.3,0,2,False,False,False,False,False,False,False,True,True,False,False
049720.KQ,고려신용정보,9080.0,26.0,129800000000.0,1556439582,2.9,-24.0,0,1,False,False,False,False,False,False,False,False,False,True,False
317330.KQ,덕산테코피아,13630.0,25.8,287100000000.0,1410257585,73.6,-58.7,0,2,False,False,False,False,False,False,False,True,True,False,False
145170.KQ,노브랜드,3360.0,25.7,57000000000.0,1089290171,41.5,-45.3,0,2,False,False,False,False,False,False,False,True,True,False,False
001720.KS,신영증권,142100.0,25.6,2323000000000.0,1155751074,19.1,-47.8,5,2,False,False,False,False,True,True,False,False,False,False,False
247540.KQ,에코프로비엠,128900.0,25.5,12776700000000.0,44167942067,46.0,-50.4,0,2,False,False,False,False,False,False,False,True,True,False,False
004090.KS,한국석유공업,11830.0,25.4,150300000000.0,4619752168,22.1,-64.8,0,1,False,False,False,False,False,False,False,True,False,False,False
005420.KS,코스모화학,11880.0,25.3,460900000000.0,1134393633,65.9,-45.1,0,2,False,False,False,False,False,False,False,True,True,False,False
000670.KS,영풍,41300.0,25.2,763100000000.0,2871998874,33.2,-42.4,0,2,False,False,False,False,False,False,False,True,True,False,False
298050.KS,HS효성첨단소재,164600.0,25.1,738300000000.0,2373677388,21.9,-41.6,0,0,False,False,False,False,False,False,False,False,False,False,False
000490.KS,대동,7690.0,24.9,222000000000.0,4162266707,40.6,-43.6,0,2,False,False,False,False,False,False,False,True,True,False,False
278280.KQ,천보,39400.0,24.8,487100000000.0,1183184928,52.1,-51.1,0,2,False,False,False,False,False,False,False,True,True,False,False
195940.KQ,HK이노엔,41300.0,24.7,1168600000000.0,4787246717,18.7,-29.5,0,1,False,False,False,False,False,False,False,True,False,False,False
009970.KS,영원무역홀딩스,162400.0,24.6,2103700000000.0,2100697936,25.4,-38.0,5,1,False,False,False,False,False,True,False,False,False,False,False
281740.KQ,레이크머티리얼즈,13070.0,24.5,867600000000.0,4547086249,42.1,-54.5,0,2,False,False,False,False,False,False,False,True,True,False,False
045390.KQ,대아티아이,3055.0,24.4,215600000000.0,5355526229,47.9,-40.6,0,2,False,False,False,False,False,False,False,True,True,False,False
025980.KQ,아난티,5050.0,24.3,493300000000.0,20219127568,60.3,-51.8,0,2,False,False,False,False,False,False,False,True,True,False,False
011170.KS,롯데케미칼,61600.0,24.2,2635000000000.0,9421564810,17.3,-48.5,0,1,False,False,False,False,False,False,False,True,False,False,False
303810.KQ,동국생명과학,2805.0,24.1,90200000000.0,4812651970,30.2,-35.7,0,2,False,False,False,False,False,False,False,True,True,False,False
108230.KQ,톱텍,3305.0,23.9,125700000000.0,2495900891,29.6,-37.2,0,1,False,False,False,False,False,False,False,True,False,False,False
081660.KS,미스토홀딩스,38850.0,23.8,2070600000000.0,4925807708,7.9,-30.4,0,0,False,False,False,False,False,False,False,False,False,False,False
035420.KS,NAVER,191100.0,23.7,29186900000000.0,204911212122,5.5,-37.1,0,0,False,False,False,False,False,False,False,False,False,False,False
001680.KS,대상,17550.0,23.6,609800000000.0,2004725662,10.5,-27.3,0,0,False,False,False,False,False,False,False,False,False,False,False
003680.KS,한성기업,4415.0,23.5,27500000000.0,2417830388,12.8,-74.5,0,0,False,False,False,False,False,False,False,False,False,False,False
103140.KS,풍산,75400.0,23.4,2149500000000.0,11047109466,36.6,-52.6,0,1,False,False,False,False,False,False,False,False,True,False,False
111770.KS,영원무역,67700.0,23.3,3084100000000.0,5151084082,19.2,-34.4,0,0,False,False,False,False,False,False,False,False,False,False,False
271560.KS,오리온,106500.0,23.2,4205900000000.0,13418414562,7.6,-29.0,5,2,False,False,False,False,True,True,False,False,False,False,False
000270.KS,기아,112600.0,23.0,44038600000000.0,106709784122,12.6,-47.0,5,2,False,False,False,False,True,True,False,False,False,False,False
094940.KQ,푸른로보틱스,6230.0,22.9,52500000000.0,1598485981,32.1,-60.3,0,1,False,False,False,False,False,False,False,False,True,False,False
022100.KS,포스코DX,21900.0,22.8,3360000000000.0,16016036091,32.6,-52.0,0,2,False,False,False,False,False,False,False,True,True,False,False
052020.KQ,에스티큐브,7960.0,22.7,541100000000.0,1277113589,32.4,-64.6,2,3,False,False,False,False,True,True,False,False,True,False,False
003540.KS,대신증권,25250.0,22.6,1210700000000.0,1701821704,11.0,-50.9,0,1,False,False,False,False,True,False,False,False,False,False,False
082800.KQ,비보존 제약,2940.0,22.5,180900000000.0,1304987214,42.0,-60.2,0,2,False,False,False,False,False,False,False,True,True,False,False
215200.KQ,메가스터디교육,37800.0,22.4,392800000000.0,1366526754,12.3,-25.6,0,2,False,False,False,False,True,False,False,True,False,False,False
004990.KS,롯데지주,23350.0,22.3,2332100000000.0,3085791603,10.4,-41.0,0,0,False,False,False,False,False,False,False,False,False,False,False
007310.KS,오뚜기,315500.0,22.1,1262500000000.0,1438073850,8.6,-27.1,0,0,False,False,False,False,False,False,False,False,False,False,False
009470.KS,삼화전기,27750.0,22.0,184200000000.0,1428832525,55.9,-53.4,0,2,False,False,False,False,False,False,False,True,True,False,False
064960.KS,SNT모티브,26800.0,21.9,713900000000.0,1900168670,11.2,-34.3,0,1,False,False,False,False,False,False,False,True,False,False,False
056080.KQ,유진로봇,12890.0,21.8,499400000000.0,4649792377,39.4,-73.9,1,3,False,False,False,False,False,True,False,True,True,False,False
499790.KS,GS피앤엘,37950.0,21.7,755600000000.0,2575411732,17.7,-43.4,0,0,False,False,False,False,False,False,False,False,False,False,False
323410.KS,카카오뱅크,20100.0,21.6,9566300000000.0,16655918592,5.2,-31.9,0,0,False,False,False,False,False,False,False,False,False,False,False
035250.KS,강원랜드,14310.0,21.5,3061500000000.0,4278882712,2.8,-27.0,0,0,False,False,False,False,False,False,False,False,False,False,False
199820.KQ,제일일렉트릭,7950.0,21.4,178200000000.0,1333654718,47.0,-64.3,0,2,False,False,False,False,False,False,False,True,True,False,False
009580.KS,무림P&P,1799.0,21.3,112000000000.0,1157962759,27.1,-59.3,0,1,False,False,False,False,False,False,False,True,False,False,False
361610.KS,SK아이이테크놀로지,18170.0,21.1,1486100000000.0,9061584246,53.5,-48.2,0,2,False,False,False,False,False,False,False,True,True,False,False
225190.KQ,LK삼양,5010.0,21.0,70000000000.0,3989425853,104.9,-68.2,0,2,False,False,False,False,False,False,False,True,True,False,False
950200.KQ,소마젠,3000.0,20.9,58300000000.0,1640642711,26.1,-36.0,0,0,False,False,False,False,False,False,False,False,False,False,False
030520.KQ,한컴,18450.0,20.8,444200000000.0,2168753503,24.7,-33.6,0,1,False,False,False,False,False,False,False,True,False,False,False
196170.KQ,알테오젠,260000.0,20.7,18389000000000.0,149931064410,33.6,-40.6,0,1,False,False,False,False,False,False,False,False,True,False,False
377300.KS,카카오페이,40450.0,20.6,5479700000000.0,13997196760,10.7,-48.9,0,0,False,False,False,False,False,False,False,False,False,False,False
000080.KS,하이트진로,14790.0,20.5,1037300000000.0,1516023835,6.9,-23.5,0,1,False,False,False,False,False,False,False,False,False,True,False
002140.KS,고려산업,1915.0,20.4,47900000000.0,4303777826,16.2,-42.3,0,0,False,False,False,False,False,False,False,False,False,False,False
060280.KQ,큐렉소,9000.0,20.2,372200000000.0,1840794173,29.1,-60.1,0,1,False,False,False,False,False,False,False,True,False,False,False
248170.KS,샘표식품,21950.0,20.1,100500000000.0,2746413647,7.3,-39.4,0,0,False,False,False,False,False,False,False,False,False,False,False
475430.KQ,키스트론,4465.0,20.0,79700000000.0,1167875699,34.7,-42.9,0,2,False,False,False,False,False,False,False,True,True,False,False
302440.KS,SK바이오사이언스,37250.0,19.9,2961700000000.0,2802161797,17.1,-39.2,0,1,False,False,False,False,False,False,False,True,False,False,False
137400.KQ,피엔티,33450.0,19.8,793600000000.0,4074279597,45.4,-46.0,0,2,False,False,False,False,False,False,False,True,True,False,False
123330.KQ,제닉,21600.0,19.7,174500000000.0,8649355818,38.7,-44.5,2,4,False,False,False,False,True,True,True,False,True,False,False
023790.KQ,동일스틸럭스,1614.0,19.6,21300000000.0,1739365624,62.9,-77.4,0,2,False,False,False,False,False,False,False,True,True,False,False
003530.KS,한화투자증권,4600.0,19.5,993400000000.0,7437437516,30.9,-55.3,0,3,False,False,False,False,True,False,False,True,True,False,False
097950.KS,CJ제일제당,180100.0,19.4,2703700000000.0,11822527128,4.3,-28.5,0,0,False,False,False,False,False,False,False,False,False,False,False
304100.KQ,솔트룩스,15600.0,19.2,196700000000.0,3474032588,56.6,-56.7,0,2,False,False,False,False,False,False,False,True,True,False,False
207940.KS,삼성바이오로직스,1310000.0,19.1,61011500000000.0,80298538582,6.7,-34.1,0,0,False,False,False,False,False,False,False,False,False,False,False
462870.KS,시프트업,30750.0,19.0,1815100000000.0,1417447803,11.8,-27.3,0,0,False,False,False,False,False,False,False,False,False,False,False
114190.KQ,강원에너지,9620.0,18.9,249500000000.0,1137770498,59.3,-52.5,0,2,False,False,False,False,False,False,False,True,True,False,False
006220.KS,제주은행,9680.0,18.8,366300000000.0,2838402297,21.0,-48.6,0,1,False,False,False,False,False,False,False,True,False,False,False
051370.KQ,인터플렉스,7510.0,18.7,177500000000.0,1050649938,36.5,-48.8,0,2,False,False,False,False,False,False,False,True,True,False,False
299170.KQ,더블유에스아이,1515.0,18.6,62600000000.0,1691143628,49.7,-69.7,0,2,False,False,False,False,False,False,False,True,True,False,False
000100.KS,유한양행,76300.0,18.5,5624200000000.0,19966551806,17.4,-40.9,0,0,False,False,False,False,False,False,False,False,False,False,False
094480.KQ,갤럭시아머니트리,5870.0,18.3,231800000000.0,5343899448,44.8,-52.1,0,2,False,False,False,False,False,False,False,True,True,False,False
073010.KQ,케이에스피,3205.0,18.2,131000000000.0,1201634152,56.3,-54.7,0,2,False,False,False,False,False,False,False,True,True,False,False
009540.KS,HD한국조선해양,318500.0,18.1,22576600000000.0,62087798230,1.4,-35.6,0,0,False,False,False,False,False,False,False,False,False,False,False
101730.KQ,위메이드맥스,4605.0,18.0,384200000000.0,2577346651,77.1,-43.6,0,2,False,False,False,False,False,False,False,True,True,False,False
001550.KS,조비,10130.0,17.9,53000000000.0,1866877557,17.2,-51.6,0,1,False,False,False,False,True,False,False,False,False,False,False
010690.KS,화신,7730.0,17.8,271700000000.0,2912164005,20.6,-53.8,0,1,False,False,False,False,True,False,False,False,False,False,False
053950.KQ,경남제약,2045.0,17.7,40000000000.0,1051422889,44.5,-63.4,0,2,False,False,False,False,False,False,False,True,True,False,False
139480.KS,이마트,71800.0,17.6,1978600000000.0,7807816102,2.1,-47.4,0,0,False,False,False,False,False,False,False,False,False,False,False
267260.KS,HD현대일렉트릭,683000.0,17.5,24728300000000.0,100759738720,27.0,-52.2,0,1,False,False,False,False,True,False,False,False,False,False,False
475960.KQ,토모큐브,35900.0,17.3,481100000000.0,1300621354,38.1,-47.1,0,2,False,False,False,False,False,False,False,True,True,False,False
108320.KS,LX세미콘,38250.0,17.2,625400000000.0,3358504525,29.7,-43.2,0,1,False,False,False,False,False,False,False,True,False,False,False
065450.KQ,빅텍,2985.0,17.1,89100000000.0,1701882460,19.4,-57.7,0,2,False,False,False,False,True,False,False,True,False,False,False
005300.KS,롯데칠성음료,94900.0,17.0,878700000000.0,1565555144,1.2,-38.7,0,0,False,False,False,False,False,False,False,False,False,False,False
011210.KS,현대위아,53800.0,16.9,1463100000000.0,3849544698,14.6,-52.2,0,0,False,False,False,False,False,False,False,False,False,False,False
460940.KQ,피앤에스로보틱스,5360.0,16.8,72700000000.0,1026317149,48.7,-63.8,0,2,False,False,False,False,False,False,False,True,True,False,False
010140.KS,삼성중공업,19700.0,16.7,17371200000000.0,64380834387,6.8,-44.3,0,0,False,False,False,False,False,False,False,False,False,False,False
041020.KQ,폴라리스오피스,3250.0,16.6,162000000000.0,1190298432,38.0,-46.6,0,2,False,False,False,False,False,False,False,True,True,False,False
185750.KS,종근당,65700.0,16.4,905500000000.0,1394945554,4.3,-33.0,0,0,False,False,False,False,False,False,False,False,False,False,False
025540.KS,한국단자공업,55600.0,16.3,566400000000.0,1241084858,3.2,-40.9,0,0,False,False,False,False,False,False,False,False,False,False,False
137310.KS,에스디바이오센서,6430.0,16.2,782500000000.0,1014040793,10.9,-41.2,0,1,False,False,False,False,False,False,False,True,False,False,False
017860.KS,DS단석,12960.0,16.1,229700000000.0,1149847567,35.6,-51.0,0,2,False,False,False,False,False,False,False,True,True,False,False
069960.KS,현대백화점,87800.0,16.0,1893400000000.0,15462251574,18.5,-60.5,5,2,False,False,False,False,True,True,False,False,False,False,False
100130.KQ,동국S&C,1635.0,15.9,93800000000.0,1064222497,33.0,-41.5,0,2,False,False,False,False,False,False,False,True,True,False,False
486990.KQ,노타,20800.0,15.8,448200000000.0,5517811328,37.5,-68.1,0,2,False,False,False,False,False,False,False,True,True,False,False
064260.KQ,다날,4665.0,15.7,356700000000.0,18852794940,22.6,-58.5,0,0,False,False,False,False,False,False,False,False,False,False,False
094360.KQ,칩스앤미디어,12830.0,15.5,277400000000.0,1018735851,65.8,-39.3,0,2,False,False,False,False,False,False,False,True,True,False,False
230240.KQ,에치에프알,14250.0,15.4,193000000000.0,2481493664,27.8,-64.1,0,2,False,False,False,False,True,False,False,True,False,False,False
417860.KQ,오브젠,7350.0,15.3,34500000000.0,1260081420,26.5,-58.6,0,1,False,False,False,False,False,False,False,True,False,False,False
105840.KS,우진,13360.0,15.2,271700000000.0,4307025372,29.3,-57.9,0,0,False,False,False,False,False,False,False,False,False,False,False
365550.KS,ESR켄달스퀘어리츠,3140.0,15.1,777600000000.0,1257328836,7.4,-34.5,0,0,False,False,False,False,False,False,False,False,False,False,False
002700.KS,신일전자,1024.0,15.0,70900000000.0,1846748957,11.4,-31.8,0,1,False,False,False,False,False,False,False,True,False,False,False
333430.KQ,일승,3860.0,14.9,119700000000.0,5094205605,35.4,-58.9,0,2,False,False,False,False,False,False,False,True,True,False,False
460930.KQ,현대힘스,13140.0,14.8,468700000000.0,8901973785,26.6,-53.4,0,0,False,False,False,False,False,False,False,False,False,False,False
029780.KS,삼성카드,41650.0,14.7,4854500000000.0,4689252616,0.2,-39.8,0,0,False,False,False,False,False,False,False,False,False,False,False
456160.KQ,지투지바이오,43900.0,14.5,739200000000.0,6360667253,96.0,-64.6,0,2,False,False,False,False,False,False,False,True,True,False,False
377480.KQ,마음AI,10420.0,14.4,74400000000.0,1744541389,34.8,-60.7,0,2,False,False,False,False,False,False,False,True,True,False,False
263750.KQ,펄어비스,32950.0,14.3,2083300000000.0,12159183013,11.9,-57.4,0,0,False,False,False,False,False,False,False,False,False,False,False
003030.KS,세아제강지주,112500.0,14.2,468800000000.0,2537330874,19.4,-56.7,0,2,False,False,False,False,True,False,False,True,False,False,False
475400.KQ,씨메스로보틱스,19250.0,14.1,228300000000.0,1759914922,43.4,-59.0,0,2,False,False,False,False,False,False,False,True,True,False,False
000120.KS,CJ대한통운,69900.0,14.0,1596900000000.0,3390454588,1.0,-54.6,0,0,False,False,False,False,False,False,False,False,False,False,False
123690.KS,한국화장품,6380.0,13.9,103500000000.0,1311521353,30.1,-51.2,0,2,False,False,False,False,False,False,False,True,True,False,False
005860.KQ,한일사료,2315.0,13.8,91400000000.0,2542937260,15.7,-56.6,0,0,False,False,False,False,False,False,False,False,False,False,False
018290.KQ,브이티,12710.0,13.6,445500000000.0,2723040801,23.5,-59.6,0,1,False,False,False,False,False,False,False,True,False,False,False
068760.KQ,셀트리온제약,39650.0,13.5,1762800000000.0,3449486720,7.2,-49.4,0,0,False,False,False,False,False,False,False,False,False,False,False
213420.KQ,덕산네오룩스,30600.0,13.4,759800000000.0,5077997184,24.9,-46.6,0,0,False,False,False,False,False,False,False,False,False,False,False
092220.KS,KEC,3260.0,13.3,132100000000.0,1263371341,52.3,-68.8,0,3,False,False,False,False,True,False,False,True,True,False,False
003620.KS,KG모빌리티,2580.0,13.2,526200000000.0,1274636871,4.7,-44.8,0,0,False,False,False,False,False,False,False,False,False,False,False
095700.KQ,제넥신,2835.0,13.1,129100000000.0,1323856050,32.5,-62.1,0,2,False,False,False,False,False,False,False,True,True,False,False
039490.KS,키움증권,253000.0,13.0,6662000000000.0,25241364470,6.5,-51.1,0,1,False,False,False,False,True,False,False,False,False,False,False
041510.KQ,에스엠,78200.0,12.9,1794900000000.0,8576323246,22.4,-48.5,0,1,False,False,False,False,False,False,False,True,False,False,False
008770.KS,호텔신라,38950.0,12.8,1542500000000.0,9752803576,0.6,-44.6,0,1,False,False,False,False,True,False,False,False,False,False,False
450080.KS,에코프로머티,39700.0,12.6,2843200000000.0,11504567112,46.5,-55.3,0,2,False,False,False,False,False,False,False,True,True,False,False
218150.KQ,미래생명자원,1907.0,12.5,39200000000.0,1674775402,23.4,-55.7,0,0,False,False,False,False,False,False,False,False,False,False,False
039980.KQ,폴라리스AI,5210.0,12.4,75100000000.0,6332049244,38.6,-64.9,0,1,False,False,False,False,False,False,False,False,True,False,False
011090.KS,에넥스,1314.0,12.3,15600000000.0,1146837939,44.7,-68.5,0,1,False,False,False,False,False,False,False,False,True,False,False
458870.KQ,씨어스,27050.0,12.2,1039200000000.0,6072227561,39.2,-57.9,0,2,False,False,False,False,False,False,False,True,True,False,False
329180.KS,HD현대중공업,420500.0,12.1,44241200000000.0,115373520070,2.2,-45.0,0,0,False,False,False,False,False,False,False,False,False,False,False
215600.KQ,신라젠,2340.0,12.0,326300000000.0,4724548042,31.5,-56.7,0,2,False,False,False,False,False,False,False,True,True,False,False
237690.KQ,에스티팜,96900.0,11.9,2022900000000.0,15807863934,15.2,-43.7,0,0,False,False,False,False,False,False,False,False,False,False,False
214450.KQ,파마리서치,306000.0,11.7,3179200000000.0,61306002670,20.0,-51.0,0,0,False,False,False,False,False,False,False,False,False,False,False
065350.KQ,신성델타테크,33850.0,11.6,929000000000.0,3905976458,49.8,-59.2,0,2,False,False,False,False,False,False,False,True,True,False,False
310210.KQ,보로노이,154600.0,11.5,2920900000000.0,14136472294,58.6,-58.8,0,3,False,False,False,False,True,False,False,True,True,False,False
348210.KQ,넥스틴,40500.0,11.4,431700000000.0,2738767033,63.3,-59.7,0,2,False,False,False,False,False,False,False,True,True,False,False
206650.KQ,유바이오로직스,8430.0,11.3,312800000000.0,1048120894,21.3,-52.4,0,0,False,False,False,False,False,False,False,False,False,False,False
052400.KQ,코나아이,36750.0,11.2,538800000000.0,2289659908,11.5,-49.3,0,0,False,False,False,False,False,False,False,False,False,False,False
326030.KS,에스케이바이오팜,76600.0,11.1,6053600000000.0,10929776348,4.9,-46.8,0,0,False,False,False,False,False,False,False,False,False,False,False
475580.KQ,에이럭스,7430.0,11.0,102200000000.0,1409266148,48.0,-52.5,0,2,False,False,False,False,False,False,False,True,True,False,False
259960.KS,크래프톤,200500.0,10.9,9164900000000.0,21196358956,3.2,-37.3,0,0,False,False,False,False,False,False,False,False,False,False,False
011330.KS,유니켐,4175.0,10.7,42300000000.0,1487892892,36.4,-73.6,0,1,False,False,False,False,False,False,False,False,True,False,False
376900.KQ,로킷헬스케어,28650.0,10.6,503300000000.0,5911549542,68.4,-81.4,0,1,False,False,False,False,False,False,False,False,True,False,False
208370.KQ,셀바스헬스케어,2765.0,10.5,71600000000.0,1202988971,29.8,-63.1,0,1,False,False,False,False,False,False,False,True,False,False,False
394800.KQ,쓰리빌리언,6340.0,10.4,202100000000.0,2675233146,57.7,-68.5,0,2,False,False,False,False,False,False,False,True,True,False,False
228760.KQ,지노믹트리,12200.0,10.3,304500000000.0,1209884720,22.9,-63.4,0,1,False,False,False,False,False,False,False,True,False,False,False
069620.KS,대웅제약,109300.0,10.2,1265300000000.0,3023708086,4.2,-45.2,0,0,False,False,False,False,False,False,False,False,False,False,False
900300.KQ,오가닉티코스메틱,3015.0,10.1,63000000000.0,2149235185,95.7,-87.8,0,2,False,False,False,False,False,False,False,True,True,False,False
015760.KS,한국전력공사,30300.0,10.0,19419400000000.0,53345949792,1.7,-56.4,0,0,False,False,False,False,False,False,False,False,False,False,False
015760.KS,한국전력공사,30300.0,10.0,19419400000000.0,53345949792,1.7,-56.4,0,0,False,False,False,False,False,False,False,False,False,False,False
389260.KQ,대명에너지,13930.0,9.7,249400000000.0,3623277452,31.5,-49.5,0,2,False,False,False,False,False,False,False,True,True,False,False
475560.KS,더본코리아,14230.0,9.6,213800000000.0,1108728723,17.3,-47.3,0,0,False,False,False,False,False,False,False,False,False,False,False
462350.KQ,이노스페이스,6350.0,9.5,220600000000.0,1697796405,32.0,-69.5,0,1,False,False,False,False,False,False,False,False,True,False,False
006650.KS,대한유화,91400.0,9.4,581100000000.0,4052608444,15.3,-54.9,0,0,False,False,False,False,False,False,False,False,False,False,False
328130.KQ,루닛,11120.0,9.3,830200000000.0,5925235352,35.9,-54.7,0,2,False,False,False,False,False,False,False,True,True,False,False
036620.KQ,감성코퍼레이션,3765.0,9.2,338300000000.0,1281479396,6.4,-51.1,0,0,False,False,False,False,False,False,False,False,False,False,False
035760.KQ,CJ ENM,34300.0,9.1,754400000000.0,2844813812,22.1,-58.3,0,1,False,False,False,False,False,False,False,True,False,False,False
336570.KQ,원텍,5150.0,8.9,462500000000.0,2424055465,24.7,-50.9,0,1,False,False,False,False,False,False,False,True,False,False,False
035720.KS,카카오,33500.0,8.8,14862600000000.0,74369115854,3.9,-51.9,0,0,False,False,False,False,False,False,False,False,False,False,False
034220.KS,LG디스플레이,8570.0,8.7,4315000000000.0,38112863478,5.5,-52.3,0,0,False,False,False,False,False,False,False,False,False,False,False
251270.KS,넷마블,34450.0,8.6,2856500000000.0,12816592504,1.9,-50.1,0,0,False,False,False,False,False,False,False,False,False,False,False
001040.KS,CJ,130000.0,8.5,3787200000000.0,15224340582,11.2,-44.7,0,0,False,False,False,False,False,False,False,False,False,False,False
138610.KQ,나이벡,16570.0,8.4,188800000000.0,1385518653,47.6,-69.5,0,2,False,False,False,False,False,False,False,True,True,False,False
358570.KQ,지아이이노베이션,9070.0,8.3,587100000000.0,3307744883,40.2,-56.8,0,2,False,False,False,False,False,False,False,True,True,False,False
194700.KQ,노바렉스,10630.0,8.2,193900000000.0,1854861954,6.6,-50.6,0,0,False,False,False,False,False,False,False,False,False,False,False
122870.KQ,와이지엔터테인먼트,40700.0,8.1,765400000000.0,5029460270,18.7,-61.6,0,0,False,False,False,False,False,False,False,False,False,False,False
054540.KQ,삼영엠텍,7110.0,7.9,93000000000.0,1590471994,37.8,-68.8,0,2,False,False,False,False,False,False,False,True,True,False,False
439260.KS,대한조선,47600.0,7.8,1828300000000.0,2704544172,13.1,-56.6,0,0,False,False,False,False,False,False,False,False,False,False,False
439260.KS,대한조선,47600.0,7.8,1828300000000.0,2704544172,13.1,-56.6,0,0,False,False,False,False,False,False,False,False,False,False,False
322310.KQ,오로스테크놀로지,16730.0,7.6,158800000000.0,1824230508,53.3,-67.8,0,2,False,False,False,False,False,False,False,True,True,False,False
008830.KQ,대동기어,6560.0,7.5,125600000000.0,2991911138,20.3,-62.2,0,1,False,False,False,False,False,False,False,True,False,False,False
033500.KQ,동성화인텍,16130.0,7.4,486700000000.0,1646388591,14.8,-50.6,0,0,False,False,False,False,False,False,False,False,False,False,False
078590.KQ,휴림에이텍,2715.0,7.3,28100000000.0,1477495106,42.9,-81.9,0,1,False,False,False,False,False,False,False,False,True,False,False
290650.KQ,엘앤씨바이오,52400.0,7.2,1429400000000.0,11955335791,24.3,-58.1,0,1,False,False,False,False,False,False,False,True,False,False,False
014940.KQ,오리엔탈정공,4565.0,7.0,208500000000.0,1503366613,29.3,-64.6,0,0,False,False,False,False,False,False,False,False,False,False,False
003570.KS,SNT다이내믹스,30850.0,6.9,1049100000000.0,2340262647,19.1,-59.6,0,1,False,False,False,False,False,False,False,True,False,False,False
900340.KQ,윙입푸드,1426.0,6.8,51100000000.0,1116342274,57.6,-70.3,0,2,False,False,False,False,False,False,False,True,True,False,False
051980.KQ,중앙첨단소재,9940.0,6.7,111000000000.0,1029628670,23.5,-77.2,0,0,False,False,False,False,False,False,False,False,False,False,False
484590.KQ,삼양컴텍,7310.0,6.6,303300000000.0,1276654475,55.2,-64.2,0,2,False,False,False,False,False,False,False,True,True,False,False
357880.KQ,SKAI,1764.0,6.5,96500000000.0,1575093303,24.8,-71.4,1,2,False,False,False,False,True,True,False,False,False,False,False
338220.KQ,뷰노,8590.0,6.4,123100000000.0,1413858780,102.8,-69.7,0,2,False,False,False,False,False,False,False,True,True,False,False
290660.KQ,다이나믹솔루션,1275.0,6.3,54800000000.0,1539769029,6.2,-63.4,0,1,False,False,False,False,True,False,False,False,False,False,False
025320.KQ,시노펙스,4005.0,6.2,371200000000.0,2370279519,33.9,-51.9,0,2,False,False,False,False,False,False,False,True,True,False,False
466100.KQ,클로봇,24100.0,6.0,753700000000.0,11537473181,20.2,-70.7,0,0,False,False,False,False,False,False,False,False,False,False,False
077970.KS,STX엔진,23100.0,5.9,927400000000.0,4009861476,22.7,-65.9,0,0,False,False,False,False,False,False,False,False,False,False,False
097230.KS,HJ중공업,15440.0,5.8,1393300000000.0,4732192800,19.6,-54.3,0,0,False,False,False,False,False,False,False,False,False,False,False
347850.KQ,디앤디파마텍,47550.0,5.7,2196300000000.0,53734202419,22.1,-59.2,0,0,False,False,False,False,False,False,False,False,False,False,False
145020.KQ,휴젤,181500.0,5.6,2277800000000.0,12019226500,3.4,-42.1,0,1,False,False,False,False,True,False,False,False,False,False,False
086900.KQ,메디톡스,67500.0,5.5,491900000000.0,1784329988,2.9,-52.2,0,0,False,False,False,False,False,False,False,False,False,False,False
085660.KQ,차바이오텍,8660.0,5.4,807900000000.0,2440634865,13.9,-63.8,0,1,False,False,False,False,False,False,False,True,False,False,False
098070.KQ,한텍,23550.0,5.3,263000000000.0,2071262578,13.2,-62.1,0,0,False,False,False,False,False,False,False,False,False,False,False
114090.KS,GKL,8400.0,5.1,521400000000.0,1006867391,0.2,-52.5,0,0,False,False,True,False,False,False,False,False,False,False,False
042660.KS,한화오션,77200.0,5.0,23777700000000.0,81277719106,8.3,-50.1,0,0,False,False,False,False,False,False,False,False,False,False,False
253450.KQ,스튜디오드래곤,20400.0,4.9,617700000000.0,1404506513,7.4,-59.6,0,0,False,False,False,False,False,False,False,False,False,False,False
290690.KQ,아리바이오홀딩스,3065.0,4.8,163700000000.0,2456676355,13.5,-57.3,0,0,False,False,False,False,False,False,False,False,False,False,False
112040.KQ,위메이드,15640.0,4.7,534000000000.0,3388358911,24.4,-55.1,0,0,False,False,False,False,False,False,False,False,False,False,False
424870.KQ,이뮨온시아,3490.0,4.6,320800000000.0,2417909143,51.7,-78.3,0,2,False,False,False,False,False,False,False,True,True,False,False
321370.KQ,센서뷰,2055.0,4.5,149400000000.0,9131746538,113.0,-92.0,0,2,False,False,False,False,False,False,False,True,True,False,False
005360.KS,모나미,1050.0,4.4,19800000000.0,2435926184,4.6,-76.5,0,0,False,False,True,False,False,False,False,False,False,False,False
017960.KS,한국카본,20500.0,4.3,1069700000000.0,5554544283,10.6,-62.1,0,0,False,False,False,False,False,False,False,False,False,False,False
084110.KQ,휴온스글로벌,23250.0,4.1,293700000000.0,1028835938,15.7,-69.7,0,0,False,False,False,False,False,False,False,False,False,False,False
348370.KQ,엔켐,24300.0,4.0,537900000000.0,5868123948,73.3,-76.9,0,2,False,False,False,False,False,False,False,True,True,False,False
249420.KS,일동제약,14730.0,3.9,470100000000.0,4867252843,30.9,-67.3,0,2,False,False,False,False,False,False,False,True,True,False,False
100090.KS,SK오션플랜트,12810.0,3.8,805300000000.0,25468499420,16.3,-59.5,0,0,False,False,False,False,False,False,False,False,False,False,False
463020.KQ,뉴엔AI,6840.0,3.7,61700000000.0,8271539836,25.5,-77.9,0,0,False,False,False,False,False,False,False,False,False,False,False
067160.KQ,SOOP,36750.0,3.6,411700000000.0,1977450023,2.4,-52.7,0,0,False,False,False,False,False,False,False,False,False,False,False
071970.KS,HD현대마린엔진,47100.0,3.5,1618100000000.0,11028719094,1.3,-60.2,0,0,False,False,False,False,False,False,False,False,False,False,False
010780.KS,아이에스동서,14760.0,3.4,440800000000.0,1636346193,3.1,-57.2,0,0,False,False,False,False,False,False,False,False,False,False,False
376300.KQ,디어유,18710.0,3.2,445300000000.0,1684693953,12.2,-60.4,0,0,False,False,False,False,False,False,False,False,False,False,False
075580.KS,세진중공업,10010.0,3.1,570200000000.0,2002775050,17.8,-60.5,0,0,False,False,False,False,False,False,False,False,False,False,False
032350.KS,롯데관광개발,10900.0,3.0,870600000000.0,4400783441,7.4,-60.6,0,0,False,False,False,False,False,False,False,False,False,False,False
465770.KS,STX그린로지스,2110.0,2.9,15200000000.0,6791715661,26.4,-78.0,0,0,False,False,False,False,False,False,False,False,False,False,False
044340.KQ,위닉스,2735.0,2.8,49900000000.0,7492791392,3.6,-58.6,0,0,False,False,False,False,False,False,False,False,False,False,False
214150.KQ,클래시스,31350.0,2.7,2048400000000.0,9136345646,5.6,-59.6,0,0,False,False,False,False,False,False,False,False,False,False,False
352820.KS,하이브,157000.0,2.6,6785000000000.0,40528677346,2.4,-61.3,0,0,False,False,False,False,False,False,False,False,False,False,False
035900.KQ,JYP Ent.,37850.0,2.5,1355600000000.0,9852360000,2.4,-57.2,0,0,False,False,False,False,False,False,False,False,False,False,False
214370.KQ,케어젠,43100.0,2.3,2328500000000.0,3980277475,9.7,-72.0,0,0,False,False,False,False,False,False,False,False,False,False,False
064350.KS,현대로템,112400.0,2.2,12289400000000.0,53903188382,2.1,-60.1,0,0,False,False,False,False,False,False,False,False,False,False,False
255220.KQ,SG,1093.0,2.1,165600000000.0,1954200532,5.6,-69.9,0,0,False,False,False,False,False,False,False,False,False,False,False
087010.KQ,펩트론,130600.0,2.0,3017300000000.0,26148340512,33.3,-66.7,0,1,False,False,False,False,False,False,False,False,True,False,False
082270.KQ,젬백스,11080.0,1.9,509800000000.0,1857071078,23.4,-81.8,0,1,False,False,False,False,False,False,False,True,False,False,False
034230.KS,파라다이스,9410.0,1.8,872600000000.0,3826359653,2.7,-60.8,0,0,False,False,False,False,False,False,False,False,False,False,False
194480.KQ,데브시스터즈,13940.0,1.7,169800000000.0,1663026725,6.4,-76.0,0,0,False,False,False,False,False,False,False,False,False,False,False
389020.KQ,자람테크놀로지,17000.0,1.6,118800000000.0,1166671531,17.6,-73.8,0,0,False,False,False,False,False,False,False,False,False,False,False
389470.KQ,인벤티지랩,27700.0,1.5,371300000000.0,1860856800,22.3,-72.8,0,0,False,False,False,False,False,False,False,False,False,False,False
900270.KQ,헝셩그룹,2630.0,1.3,32600000000.0,1636113821,25.2,-80.7,0,0,False,False,False,False,False,False,False,False,False,False,False
419530.KQ,SAMG엔터,17930.0,1.2,183600000000.0,1956830343,7.1,-72.9,0,0,False,False,False,False,False,False,False,False,False,False,False
484870.KS,엠앤씨솔루션,19260.0,1.1,530000000000.0,2525528762,48.0,-74.9,0,2,False,False,False,False,False,False,False,True,True,False,False
141080.KQ,리가켐바이오,83900.0,1.0,3128100000000.0,24940497252,9.1,-62.7,0,0,False,False,False,False,False,False,False,False,False,False,False
002020.KS,코오롱,23700.0,0.9,305900000000.0,1482328832,17.3,-73.1,0,0,False,False,False,False,False,False,False,False,False,False,False
298380.KQ,에이비엘바이오,52500.0,0.8,2967300000000.0,23076366656,10.9,-79.6,0,0,False,False,False,False,False,False,False,False,False,False,False
397030.KQ,에이프릴바이오,16030.0,0.7,441500000000.0,5545945442,1.1,-79.1,0,0,False,False,True,False,False,False,False,False,False,False,False
475830.KQ,오름테라퓨틱,20450.0,0.6,445900000000.0,10951240565,1.5,-86.1,0,0,False,False,True,False,False,False,False,False,False,False,False
179900.KQ,유티아이,2590.0,0.4,55900000000.0,1314950550,54.2,-91.2,0,2,False,False,False,False,False,False,False,True,True,False,False
102940.KQ,코오롱생명과학,14570.0,0.3,193600000000.0,2767434261,10.3,-80.0,0,0,False,False,False,False,False,False,False,False,False,False,False
210980.KS,SK디앤디,3230.0,0.2,60700000000.0,1889443172,22.4,-76.6,0,0,False,False,False,False,False,False,False,False,False,False,False
950160.KQ,코오롱티슈진,17120.0,0.1,1470800000000.0,55064806159,49.3,-88.5,0,1,False,False,False,False,False,False,False,False,True,False,False
