ticker,name,close,rs,mcap,dvol_50d,vs_52w_low,from_52w_high,sma200_up_months,n_pass,pass_all,new_52w_high,new_52w_low,1_price_gt_150_200,2_150_gt_200,3_200ma_rising_1m,4_50_gt_150_gt_200,5_price_gt_50,6_ge_30pct_above_52wlow,7_within_25pct_of_52whigh,8_rs_ge_70
079650.KQ,서산,6730.0,99.0,134600000000.0,41688999171,606.9,-34.7,3,7,False,False,False,True,True,True,True,True,True,False,True
079650.KQ,서산,6730.0,99.0,134600000000.0,41688999171,606.9,-34.7,3,7,False,False,False,True,True,True,True,True,True,False,True
010170.KQ,대한광통신,13010.0,98.8,2022900000000.0,121923464510,1198.4,-58.7,5,6,False,False,False,True,True,True,False,True,True,False,True
043260.KQ,성호전자,15670.0,98.7,1150700000000.0,40880285064,1434.8,-73.7,5,4,False,False,False,False,True,True,False,False,True,False,True
159010.KQ,아스플로,25400.0,98.6,338700000000.0,3696667368,641.6,-1.7,5,8,True,False,False,True,True,True,True,True,True,True,True
002990.KS,금호건설,16090.0,98.4,599500000000.0,161092879480,402.8,-17.0,5,8,True,False,False,True,True,True,True,True,True,True,True
002990.KS,금호건설,16090.0,98.4,599500000000.0,161092879480,402.8,-17.0,5,8,True,False,False,True,True,True,True,True,True,True,True
009150.KS,삼성전기,1401000.0,98.2,104645900000000.0,1289451759640,807.4,-42.0,5,6,False,False,False,True,True,True,True,False,True,False,True
327260.KQ,RF머트리얼즈,34050.0,98.1,612500000000.0,12757441525,1080.6,-46.2,5,6,False,False,False,True,True,True,False,True,True,False,True
036930.KQ,주성엔지니어링,178300.0,98.0,8287600000000.0,308277900918,580.5,-37.0,5,7,False,False,False,True,True,True,True,True,True,False,True
001210.KS,금호전기,12170.0,97.9,150600000000.0,54319512298,423.4,-15.2,2,8,True,False,False,True,True,True,True,True,True,True,True
000500.KS,가온전선,212000.0,97.8,6312900000000.0,46240302996,625.5,-39.9,5,7,False,False,False,True,True,True,True,True,True,False,True
126640.KQ,화신정공,4870.0,97.7,170700000000.0,10595360492,295.9,-38.2,5,7,False,False,False,True,True,True,True,True,True,False,True
131290.KQ,티에스이,236500.0,97.6,2616000000000.0,31351658284,554.2,-19.6,5,8,True,False,False,True,True,True,True,True,True,True,True
032580.KQ,피델릭스,4655.0,97.4,154200000000.0,5503257905,447.6,-52.5,4,7,False,False,False,True,True,True,True,True,True,False,True
317400.KS,자이에스앤디,11230.0,97.3,435500000000.0,11309929599,268.2,-5.8,5,8,True,False,False,True,True,True,True,True,True,True,True
319660.KQ,피에스케이,126500.0,97.2,3664300000000.0,78598607878,543.8,-42.4,5,6,False,False,False,True,True,True,True,False,True,False,True
351320.KQ,넥사다이내믹스,3725.0,97.1,110600000000.0,1206745243,383.1,-4.2,1,8,True,True,False,True,True,True,True,True,True,True,True
402340.KS,SK스퀘어,1041000.0,97.0,137332900000000.0,1086925016220,678.0,-52.4,5,6,False,False,False,True,True,True,True,False,True,False,True
417840.KQ,저스템,15110.0,96.9,345600000000.0,11911135015,409.9,-32.1,5,7,False,False,False,True,True,True,True,True,True,False,True
017900.KS,광전자,7070.0,96.8,409700000000.0,19759434925,301.7,-68.5,5,6,False,False,False,True,True,True,False,True,True,False,True
095610.KQ,테스,146800.0,96.7,2842000000000.0,80187345528,425.2,-37.9,5,6,False,False,False,True,True,True,True,False,True,False,True
000660.KS,SK하이닉스,1647000.0,96.5,1203120900000000.0,10071060140860,570.9,-44.9,5,6,False,False,False,True,True,True,True,False,True,False,True
046970.KQ,우리로,4840.0,96.4,212100000000.0,4492462487,301.3,-70.1,5,5,False,False,False,False,True,True,False,True,True,False,True
046970.KQ,우리로,4840.0,96.4,212100000000.0,4492462487,301.3,-70.1,5,5,False,False,False,False,True,True,False,True,True,False,True
006340.KS,대원전선,12930.0,96.2,1013900000000.0,152385323813,367.6,-36.3,5,7,False,False,False,True,True,True,True,True,True,False,True
064290.KQ,인텍플러스,40150.0,96.1,520200000000.0,13206602482,329.9,-25.8,5,7,False,False,False,True,True,True,True,True,True,False,True
001820.KS,삼화콘덴서공업,109800.0,96.0,1141400000000.0,77026584436,339.2,-44.2,5,7,False,False,False,True,True,True,True,True,True,False,True
047040.KS,대우건설,16850.0,95.9,6923800000000.0,103170145227,407.5,-58.2,5,5,False,False,False,False,True,True,False,True,True,False,True
080220.KQ,제주반도체,71800.0,95.8,2473000000000.0,156767356768,425.6,-48.0,5,6,False,False,False,True,True,True,True,False,True,False,True
457600.KQ,벡트,5040.0,95.7,69100000000.0,1090020469,259.7,-11.6,1,8,True,False,False,True,True,True,True,True,True,True,True
222800.KQ,심텍,117900.0,95.5,4477200000000.0,96181434894,414.8,-28.2,5,7,False,False,False,True,True,True,True,True,True,False,True
031980.KQ,피에스케이홀딩스,144000.0,95.4,3105000000000.0,27377336294,367.5,-16.8,5,8,True,False,False,True,True,True,True,True,True,True,True
219130.KQ,타이거일렉,60400.0,95.3,381400000000.0,4456323304,294.8,-31.3,5,6,False,False,False,True,True,True,True,False,True,False,True
067290.KQ,JW신약,3265.0,95.2,183000000000.0,32348444726,162.0,-14.5,5,8,True,False,False,True,True,True,True,True,True,True,True
134580.KQ,탑코미디어,3560.0,95.1,175500000000.0,1238705689,318.8,-17.2,1,6,False,False,False,True,False,True,False,True,True,True,True
228340.KQ,동양파일,4110.0,95.0,82200000000.0,7870773110,165.2,-43.7,5,7,False,False,False,True,True,True,True,True,True,False,True
024840.KQ,KBI메탈,5230.0,94.9,226400000000.0,27815161246,222.8,-55.5,5,7,False,False,False,True,True,True,True,True,True,False,True
440110.KQ,파두,67300.0,94.8,3372500000000.0,40600552462,493.0,-48.0,5,4,False,False,False,False,True,True,False,False,True,False,True
069540.KQ,빛과전자,2715.0,94.7,306000000000.0,28551446996,358.6,-66.5,5,5,False,False,False,False,True,True,False,True,True,False,True
226340.KQ,본느,5740.0,94.5,48200000000.0,9899620935,370.5,-40.7,1,5,False,False,False,True,False,True,False,True,True,False,True
091590.KQ,남화토건,7680.0,94.4,90200000000.0,13940782842,140.0,-37.0,3,7,False,False,False,True,True,True,True,True,True,False,True
091590.KQ,남화토건,7680.0,94.4,90200000000.0,13940782842,140.0,-37.0,3,7,False,False,False,True,True,True,True,True,True,False,True
006110.KS,삼아알미늄,68700.0,94.2,1039000000000.0,8718098504,261.6,-34.3,5,6,False,False,False,True,True,True,False,True,True,False,True
003010.KS,혜인,10650.0,94.1,135400000000.0,6243691819,171.3,-19.9,1,8,True,False,False,True,True,True,True,True,True,True,True
078930.KS,GS,123900.0,94.0,11509800000000.0,50296009912,183.8,-7.0,5,8,True,False,False,True,True,True,True,True,True,True,True
420770.KQ,기가비스,101200.0,93.9,1282800000000.0,18503342980,328.8,-50.9,5,5,False,False,False,False,True,True,True,False,True,False,True
020120.KS,키다리스튜디오,7200.0,93.8,266900000000.0,2365056872,157.1,-1.9,1,8,True,False,False,True,True,True,True,True,True,True,True
089970.KQ,브이엠,52800.0,93.6,1390100000000.0,55713528666,402.9,-56.8,5,5,False,False,False,False,True,True,True,False,True,False,True
475150.KS,SK이터닉스,52000.0,93.5,1771500000000.0,314674840285,202.1,-40.7,5,6,False,False,False,True,True,True,True,False,True,False,True
222040.KQ,코스맥스엔비티,8580.0,93.4,177000000000.0,3098791614,200.0,-23.4,4,8,True,False,False,True,True,True,True,True,True,True,True
189330.KQ,씨이랩,11530.0,93.3,108200000000.0,8251313749,239.1,-39.6,4,6,False,False,False,True,True,True,True,False,True,False,True
025560.KS,미래산업,6270.0,93.2,174200000000.0,6835108324,206.8,-53.2,5,6,False,False,False,True,True,True,True,False,True,False,True
181710.KS,NHN,71500.0,93.1,2341800000000.0,12543814775,190.1,-8.6,5,8,True,False,False,True,True,True,True,True,True,True,True
353200.KS,대덕전자,99500.0,93.0,4917000000000.0,115453106984,362.8,-49.7,5,5,False,False,False,False,True,True,True,False,True,False,True
161890.KS,한국콜마,145800.0,92.9,3441600000000.0,53078511896,140.6,-12.1,3,8,True,False,False,True,True,True,True,True,True,True,True
319400.KQ,현대무벡스,22050.0,92.8,2455800000000.0,38912601324,400.0,-56.2,5,4,False,False,False,False,True,True,False,False,True,False,True
241710.KQ,코스메카코리아,134500.0,92.6,1436500000000.0,15698550250,136.8,-13.5,5,8,True,False,False,True,True,True,True,True,True,True,True
098120.KQ,마이크로컨텍솔,42500.0,92.5,353300000000.0,4503443295,174.2,-2.7,5,7,False,False,False,True,True,True,False,True,True,True,True
065170.KQ,비엘팜텍,2125.0,92.4,59300000000.0,7109247213,465.2,-73.9,5,4,False,False,False,False,True,True,False,False,True,False,True
041830.KQ,인바디,61100.0,92.3,823700000000.0,7948828573,135.0,-16.9,5,8,True,False,False,True,True,True,True,True,True,True,True
092870.KQ,엑시콘,32650.0,92.2,426100000000.0,6173401844,247.3,-21.7,5,7,False,False,False,True,True,True,False,True,True,True,True
092190.KQ,서울바이오시스,7780.0,92.1,356900000000.0,1430868249,264.4,-59.6,5,7,False,False,False,True,True,True,True,True,True,False,True
019210.KQ,와이지-원,14260.0,92.0,530400000000.0,17913682870,191.0,-50.0,5,5,False,False,False,False,True,True,True,False,True,False,True
322000.KS,HD현대에너지솔루션,138900.0,91.9,1555700000000.0,53883685534,236.3,-45.7,5,6,False,False,False,True,True,True,False,True,True,False,True
085910.KQ,네오티스,14430.0,91.8,199100000000.0,3501027464,367.0,-60.2,5,4,False,False,False,False,True,True,False,False,True,False,True
034730.KS,SK,573000.0,91.6,41544000000000.0,152943854940,219.4,-35.1,5,6,False,False,False,True,True,True,True,False,True,False,True
005930.KS,삼성전자,255500.0,91.5,1493724200000000.0,7348388216700,278.5,-31.8,5,6,False,False,False,True,True,True,True,False,True,False,True
080580.KQ,오킨스전자,19340.0,91.4,407900000000.0,4562749796,233.4,-29.7,5,6,False,False,False,True,True,True,False,True,True,False,True
198440.KQ,강동씨앤엘,1963.0,91.3,119600000000.0,8206339865,115.7,-33.0,3,7,False,False,False,True,True,True,True,True,True,False,True
198440.KQ,강동씨앤엘,1963.0,91.3,119600000000.0,8206339865,115.7,-33.0,3,7,False,False,False,True,True,True,True,True,True,False,True
010120.KS,엘에스일렉트릭,195300.0,91.1,29295000000000.0,169527985898,263.0,-41.7,5,5,False,False,False,False,True,True,True,False,True,False,True
011070.KS,LG이노텍,562000.0,91.0,13300900000000.0,192298580660,255.7,-68.6,5,5,False,False,False,False,True,True,True,False,True,False,True
052460.KQ,아이크래프트,4890.0,90.9,71400000000.0,3540187977,117.3,-43.2,2,7,False,False,False,True,True,True,True,True,True,False,True
033790.KQ,피노,10200.0,90.8,849900000000.0,7894542763,196.1,-46.7,5,6,False,False,False,True,True,True,False,True,True,False,True
085620.KS,미래에셋생명,19920.0,90.6,2692800000000.0,7338429778,192.9,-46.6,5,7,False,False,False,True,True,True,True,True,True,False,True
005090.KS,SGC에너지,56100.0,90.5,808400000000.0,8281555094,178.4,-20.7,5,7,False,False,False,True,True,True,False,True,True,True,True
170920.KQ,엘티씨,35950.0,90.4,379800000000.0,13480797727,234.7,-40.8,5,5,False,False,False,False,True,True,True,False,True,False,True
108490.KQ,로보티즈,304500.0,90.3,4466100000000.0,57991409488,301.7,-34.4,5,6,False,False,False,True,True,True,False,True,True,False,True
058610.KQ,에스피지,94200.0,90.2,2089100000000.0,52824619348,308.7,-43.2,5,5,False,False,False,False,True,True,False,True,True,False,True
252990.KQ,샘씨엔에스,13660.0,90.1,822600000000.0,8984669706,214.7,-19.5,5,8,True,False,False,True,True,True,True,True,True,True,True
119850.KQ,지엔씨에너지,44900.0,90.0,738600000000.0,35554925730,144.7,-22.6,2,8,True,False,False,True,True,True,True,True,True,True,True
010950.KS,S-Oil,157300.0,89.9,17709300000000.0,59960413280,172.1,-11.2,5,8,True,False,False,True,True,True,True,True,True,True,True
089860.KS,롯데렌탈,50900.0,89.7,1848100000000.0,5574000490,91.0,-4.1,3,8,True,False,False,True,True,True,True,True,True,True,True
417310.KS,코람코더원리츠,2370.0,89.6,95700000000.0,1641902528,3.9,-78.6,5,6,False,False,False,True,True,True,True,True,False,False,True
066570.KS,LG전자,201500.0,89.5,32821300000000.0,242189870490,179.9,-54.0,5,7,False,False,False,True,True,True,True,True,True,False,True
001450.KS,현대해상,51100.0,89.4,4356200000000.0,23647204538,95.8,-6.6,5,8,True,False,False,True,True,True,True,True,True,True,True
007810.KS,코리아써키트,51000.0,89.3,1223100000000.0,22294727547,350.1,-65.6,5,4,False,False,False,False,True,True,False,False,True,False,True
446540.KQ,메가터치,7110.0,89.2,206800000000.0,1689017305,119.1,-35.3,5,7,False,False,False,True,True,True,True,True,True,False,True
032820.KQ,우리기술,10630.0,89.1,1836700000000.0,32744593752,206.3,-64.8,5,4,False,False,False,False,True,True,False,False,True,False,True
192820.KS,코스맥스,275500.0,89.0,3126800000000.0,29337485960,95.4,-10.1,1,8,True,False,False,True,True,True,True,True,True,True,True
270520.KQ,앱튼,3005.0,88.9,69600000000.0,1365789016,311.6,-76.1,0,3,False,False,False,True,False,False,False,False,True,False,True
037460.KQ,삼지전자,30000.0,88.7,489600000000.0,2909189150,175.2,-53.5,5,5,False,False,False,False,True,True,True,False,True,False,True
010060.KS,OCI홀딩스,227500.0,88.6,4247500000000.0,71830993560,172.8,-45.0,5,4,False,False,False,False,True,True,False,False,True,False,True
007340.KS,DN오토모티브,45100.0,88.5,2638800000000.0,10644183949,109.3,-33.2,5,7,False,False,False,True,True,True,True,True,True,False,True
006360.KS,GS건설,34250.0,88.4,2931200000000.0,88065471681,92.5,-23.6,5,8,True,False,False,True,True,True,True,True,True,True,True
031330.KQ,에스에이엠티,7970.0,88.3,797000000000.0,9638805086,178.7,-60.1,5,5,False,False,False,False,True,True,True,False,True,False,True
413630.KQ,씨피시스템,4075.0,88.2,148500000000.0,23488331259,169.9,-34.2,5,5,False,False,False,True,False,True,False,True,True,False,True
095340.KQ,ISC,182000.0,88.1,3857900000000.0,35809368366,230.3,-37.8,5,5,False,False,False,False,True,True,False,True,True,False,True
093370.KS,후성,12500.0,88.0,1340700000000.0,48441048163,129.4,-46.9,5,7,False,False,False,True,True,True,True,True,True,False,True
006400.KS,삼성SDI,548000.0,87.9,44160900000000.0,227570917420,178.5,-24.2,5,7,False,False,False,True,True,True,False,True,True,True,True
290550.KQ,디케이티,16800.0,87.7,336000000000.0,6594396792,152.3,-51.9,5,4,False,False,False,False,True,True,False,False,True,False,True
281820.KS,케이씨텍,68100.0,87.6,1348300000000.0,20770095414,120.7,-45.4,5,6,False,False,False,True,True,True,True,False,True,False,True
187660.KQ,페니트리움바이오,5850.0,87.5,374200000000.0,4310935431,219.1,-72.8,5,5,False,False,False,False,True,True,False,True,True,False,True
004310.KS,현대약품,7950.0,87.4,254400000000.0,26323670491,127.1,-50.2,5,5,False,False,False,False,True,True,False,True,True,False,True
396300.KQ,세아메카닉스,5670.0,87.3,150200000000.0,8212326530,149.8,-22.8,5,7,False,False,False,True,True,True,False,True,True,True,True
024850.KQ,HLB이노베이션,16660.0,87.2,529000000000.0,2820586230,128.2,-42.7,5,6,False,False,False,True,True,True,False,True,True,False,True
356860.KQ,티엘비,37150.0,87.1,880500000000.0,18114462756,214.9,-42.6,5,6,False,False,False,True,True,True,False,True,True,False,True
030530.KQ,원익홀딩스,22500.0,87.0,1737900000000.0,22074260031,298.2,-55.5,0,3,False,False,False,False,False,False,False,True,True,False,True
121440.KQ,골프존홀딩스,7050.0,86.8,302000000000.0,2616088138,72.4,-15.6,2,8,True,False,False,True,True,True,True,True,True,True,True
008930.KS,한미사이언스,52800.0,86.7,3611100000000.0,15423752822,106.2,-8.2,1,8,True,False,False,True,True,True,True,True,True,True,True
123330.KQ,제닉,31900.0,86.6,254200000000.0,9226331338,104.9,-18.0,1,8,True,False,False,True,True,True,True,True,True,True,True
088350.KS,한화생명,5740.0,86.5,4985400000000.0,21359593360,95.9,-24.1,5,8,True,False,False,True,True,True,True,True,True,True,True
091580.KQ,상신이디피,20650.0,86.4,275200000000.0,3611743193,117.8,-34.5,5,6,False,False,False,True,True,True,False,True,True,False,True
079940.KQ,가비아,42400.0,86.3,569000000000.0,1250291328,84.7,-11.5,5,8,True,False,False,True,True,True,True,True,True,True,True
003160.KS,디아이,31250.0,86.2,884400000000.0,8482051952,148.0,-25.1,5,6,False,False,False,True,True,True,False,True,True,False,True
240810.KQ,원익IPS,114800.0,86.1,5634800000000.0,183955621752,209.0,-38.9,5,4,False,False,False,False,True,True,False,False,True,False,True
013700.KS,까뮤이앤씨,1680.0,86.0,100400000000.0,1285219352,68.5,-16.2,5,8,True,False,False,True,True,True,True,True,True,True,True
083450.KQ,GST,43000.0,85.8,792500000000.0,7298042081,135.6,-39.3,5,6,False,False,False,True,True,True,True,False,True,False,True
375500.KS,DL이앤씨,73400.0,85.7,2840100000000.0,23158728014,90.9,-31.1,5,6,False,False,False,True,True,True,False,True,True,False,True
084370.KQ,유진테크,136500.0,85.6,3128000000000.0,29949710156,206.7,-41.0,5,7,False,False,False,True,True,True,True,True,True,False,True
041960.KQ,코미팜,9710.0,85.5,717400000000.0,1992901469,85.0,-10.0,5,7,False,False,False,True,True,True,False,True,True,True,True
144960.KQ,뉴파워프라즈마,8760.0,85.4,382700000000.0,13134663326,86.0,-34.0,5,6,False,False,False,True,True,True,True,False,True,False,True
059120.KQ,아진엑스텍,7140.0,85.3,130700000000.0,8312612237,130.0,-50.8,5,5,False,False,False,False,True,True,False,True,True,False,True
377450.KQ,리파인,16960.0,85.2,293900000000.0,2127042049,101.4,-6.6,1,6,False,False,False,True,False,True,False,True,True,True,True
448900.KQ,한국피아이엠,50200.0,85.1,304900000000.0,5440223682,344.2,-71.9,5,4,False,False,False,False,True,True,False,False,True,False,True
011560.KQ,세보엠이씨,24150.0,85.0,243500000000.0,1299043699,104.0,-17.6,5,8,True,False,False,True,True,True,True,True,True,True,True
036710.KQ,심텍홀딩스,3900.0,84.8,206000000000.0,1415476382,164.6,-40.0,5,7,False,False,False,True,True,True,True,True,True,False,True
064760.KQ,티씨케이,252000.0,84.7,2817200000000.0,16938027870,148.8,-27.7,5,6,False,False,False,True,True,True,False,True,True,False,True
067310.KQ,하나마이크론,34850.0,84.6,2317200000000.0,65108431387,202.0,-40.4,5,4,False,False,False,False,True,True,False,False,True,False,True
000370.KS,한화손해보험,8420.0,84.5,982900000000.0,4378707025,66.7,-22.0,1,7,False,False,False,True,True,True,False,True,True,True,True
051160.KQ,지어소프트,10860.0,84.4,168100000000.0,1332455046,73.2,-6.7,1,8,True,False,False,True,True,True,True,True,True,True,True
076610.KQ,해성옵틱스,1209.0,84.3,71600000000.0,2188432703,149.3,-58.7,5,5,False,False,False,False,True,True,False,True,True,False,True
122350.KQ,삼기,1730.0,84.2,66300000000.0,10062756262,106.9,-26.2,2,7,False,False,False,True,True,True,True,True,True,False,True
298000.KS,효성화학,56000.0,84.1,212300000000.0,5212125327,44.0,-36.0,3,6,False,False,False,True,True,True,True,False,True,False,True
032830.KS,삼성생명,297500.0,83.9,59500000000000.0,154133069860,118.8,-42.4,5,6,False,False,False,True,True,True,True,False,True,False,True
403870.KQ,HPSP,50800.0,83.8,4180800000000.0,142402693654,105.7,-44.8,5,6,False,False,False,True,True,True,False,True,True,False,True
029460.KS,케이씨,38000.0,83.7,418800000000.0,1356107501,82.3,-11.6,5,7,False,False,False,True,True,True,False,True,True,True,True
005830.KS,DB손해보험,195700.0,83.6,12818400000000.0,37664278182,65.7,-8.6,5,8,True,False,False,True,True,True,True,True,True,True,True
073240.KS,금호타이어,7180.0,83.5,2062500000000.0,52999854284,70.1,-18.9,2,8,True,False,False,True,True,True,True,True,True,True,True
073240.KS,금호타이어,7180.0,83.5,2062500000000.0,52999854284,70.1,-18.9,2,8,True,False,False,True,True,True,True,True,True,True,True
032940.KQ,원익,10050.0,83.3,182800000000.0,8938018288,138.4,-43.5,0,4,False,False,False,True,False,False,False,True,True,False,True
053260.KQ,금강철강,6030.0,83.2,112900000000.0,3567816012,62.1,-25.8,5,7,False,False,False,True,True,True,True,True,True,False,True
014910.KS,성문전자,2135.0,83.1,46700000000.0,2158116161,105.5,-48.6,5,6,False,False,False,True,True,True,False,True,True,False,True
053610.KQ,프로텍,60000.0,82.9,540000000000.0,2184326873,128.1,-41.1,5,4,False,False,False,False,True,True,False,False,True,False,True
004770.KS,써니전자,2185.0,82.8,77600000000.0,2371470087,54.1,-15.6,2,8,True,False,False,True,True,True,True,True,True,True,True
042700.KS,한미반도체,230000.0,82.7,21921800000000.0,179342287722,182.6,-46.0,5,5,False,False,False,False,True,True,False,True,True,False,True
278470.KS,에이피알,394000.0,82.6,14750600000000.0,109068694470,93.1,-17.1,5,8,True,False,False,True,True,True,True,True,True,True,True
082920.KQ,비츠로셀,29800.0,82.5,1345200000000.0,12630625001,138.9,-56.0,5,4,False,False,False,False,True,True,False,False,True,False,True
039030.KQ,이오테크닉스,443000.0,82.4,5457600000000.0,55506762180,134.8,-28.9,5,6,False,False,False,True,True,True,False,True,True,False,True
307180.KQ,아이엘,5700.0,82.3,210400000000.0,1903668538,137.5,-45.2,5,6,False,False,False,True,True,True,False,True,True,False,True
005950.KS,이수화학,11780.0,82.2,309700000000.0,8743491345,132.8,-34.5,5,6,False,False,False,True,True,True,True,False,True,False,True
236200.KQ,슈프리마,52000.0,82.1,362700000000.0,1495000092,72.2,-20.0,5,8,True,False,False,True,True,True,True,True,True,True,True
332570.KQ,PS일렉트로닉스,7620.0,81.9,355900000000.0,30030892556,89.6,-49.2,5,6,False,False,False,True,True,True,False,True,True,False,True
028050.KS,삼성E&A,45850.0,81.8,8986600000000.0,93622777606,98.1,-31.9,5,7,False,False,False,True,True,True,True,True,True,False,True
476060.KQ,온코닉테라퓨틱스,16440.0,81.7,746500000000.0,11009203946,190.3,-43.1,0,3,False,False,False,False,False,False,False,True,True,False,True
412350.KQ,레이저쎌,5150.0,81.6,75200000000.0,2508679056,227.4,-64.8,5,5,False,False,False,False,True,True,False,True,True,False,True
003350.KS,한국화장품제조,12750.0,81.5,288900000000.0,12481199770,88.9,-18.7,1,6,False,False,False,True,False,True,False,True,True,True,True
452260.KS,한화갤러리아,2300.0,81.4,445900000000.0,2592822424,130.2,-44.2,5,5,False,False,False,False,True,True,False,True,True,False,True
017890.KQ,한국알콜,14410.0,81.3,297900000000.0,1258872235,63.0,-11.4,5,8,True,False,False,True,True,True,True,True,True,True,True
028260.KS,삼성물산,367000.0,81.2,59515500000000.0,202843153850,125.8,-35.0,5,6,False,False,False,True,True,True,True,False,True,False,True
307950.KS,현대오토에버,395000.0,81.1,10832500000000.0,40503270920,167.6,-62.9,5,4,False,False,False,False,True,True,False,False,True,False,True
382800.KQ,지앤비에스 에코,4990.0,80.9,158800000000.0,3128965533,95.7,-50.8,5,5,False,False,False,False,True,True,False,True,True,False,True
012200.KS,계양전기,3600.0,80.8,98000000000.0,3974999869,171.5,-74.8,5,4,False,False,False,False,True,True,False,False,True,False,True
019010.KQ,베뉴지,4600.0,80.7,221700000000.0,2334990141,103.1,-37.0,5,5,False,False,False,False,True,True,False,True,True,False,True
093320.KQ,케이아이엔엑스,136600.0,80.6,666600000000.0,1877591336,70.8,-16.6,5,8,True,False,False,True,True,True,True,True,True,True,True
028670.KS,팬오션,5960.0,80.5,3186000000000.0,18226961051,71.0,-9.7,5,8,True,False,False,True,True,True,True,True,True,True,True
047770.KQ,코데즈컴바인,4135.0,80.4,156500000000.0,7264912762,120.2,-30.6,5,6,False,False,False,True,True,True,False,True,True,False,True
086790.KS,하나금융지주,134300.0,80.3,36847600000000.0,111121468900,66.8,-5.8,5,8,True,False,False,True,True,True,True,True,True,True,True
180640.KS,한진칼,146000.0,80.2,9747300000000.0,14134495588,56.8,-17.0,3,8,True,False,False,True,True,True,True,True,True,True,True
298040.KS,효성중공업,2732000.0,80.0,25474700000000.0,144304226520,138.0,-42.4,5,4,False,False,False,False,True,True,False,False,True,False,True
092730.KQ,네오팜,22950.0,79.9,367800000000.0,1553908635,47.2,-11.7,2,8,True,False,False,True,True,True,True,True,True,True,True
003550.KS,LG,121100.0,79.8,18309400000000.0,36309318904,72.8,-34.9,5,7,False,False,False,True,True,True,True,True,True,False,True
138080.KQ,오이솔루션,21300.0,79.7,263600000000.0,6178603688,134.6,-63.2,5,4,False,False,False,False,True,True,False,False,True,False,True
138080.KQ,오이솔루션,21300.0,79.7,263600000000.0,6178603688,134.6,-63.2,5,4,False,False,False,False,True,True,False,False,True,False,True
004170.KS,신세계,382500.0,79.5,3612800000000.0,46618123660,137.9,-51.7,5,5,False,False,False,False,True,True,True,False,True,False,True
035890.KQ,서희건설,2325.0,79.4,482600000000.0,1139010316,43.3,-41.9,4,7,False,False,False,True,True,True,True,True,True,False,True
000720.KS,현대건설,119700.0,79.3,13329300000000.0,72030075144,121.3,-39.7,5,5,False,False,False,False,True,True,False,True,True,False,True
064850.KQ,에프앤가이드,17230.0,79.2,196600000000.0,1150477290,118.1,-53.4,5,4,False,False,False,False,True,True,False,False,True,False,True
038500.KQ,삼표시멘트,7210.0,79.0,778100000000.0,5320820998,149.5,-69.3,5,4,False,False,False,False,True,True,False,False,True,False,True
017670.KS,SK텔레콤,92500.0,78.9,19868100000000.0,132495864908,80.0,-33.7,5,7,False,False,False,True,True,True,True,True,True,False,True
090360.KQ,로보스타,76400.0,78.8,744900000000.0,12946067236,202.6,-55.5,5,5,False,False,False,False,True,True,False,True,True,False,True
122640.KQ,예스티,27150.0,78.7,587800000000.0,14679799899,78.6,-38.3,5,6,False,False,False,True,True,True,True,False,True,False,True
008060.KS,대덕,14520.0,78.6,454300000000.0,1393985691,87.1,-40.4,5,5,False,False,False,False,True,True,True,False,True,False,True
005180.KS,빙그레,90300.0,78.5,837000000000.0,5931191814,46.8,-5.9,1,7,False,False,False,True,True,True,False,True,True,True,True
280360.KS,롯데웰푸드,145500.0,78.4,1339300000000.0,3865649822,61.7,-6.1,1,8,True,False,False,True,True,True,True,True,True,True,True
018260.KS,삼성에스디에스,238000.0,78.3,18415900000000.0,65945630344,65.6,-38.7,5,7,False,False,False,True,True,True,True,True,True,False,True
194370.KS,제이에스코퍼레이션,13100.0,78.2,380100000000.0,1202920785,37.9,-18.6,5,8,True,False,False,True,True,True,True,True,True,True,True
365270.KQ,큐라클,10050.0,78.0,222700000000.0,1212401568,179.2,-51.6,5,4,False,False,False,False,True,True,False,False,True,False,True
058730.KS,다스코,3625.0,77.9,73400000000.0,31156128290,59.7,-37.5,5,6,False,False,False,True,True,True,True,False,True,False,True
058730.KS,다스코,3625.0,77.9,73400000000.0,31156128290,59.7,-37.5,5,6,False,False,False,True,True,True,True,False,True,False,True
077360.KQ,덕산하이메탈,10060.0,77.7,457100000000.0,6977807979,131.5,-52.3,5,5,False,False,False,False,True,True,False,True,True,False,True
055550.KS,신한지주,110300.0,77.6,51780400000000.0,132609532986,73.4,-4.8,5,8,True,False,False,True,True,True,True,True,True,True,True
006260.KS,LS,299500.0,77.5,9344400000000.0,53082577980,95.9,-50.4,5,4,False,False,False,False,True,True,False,False,True,False,True
003490.KS,대한항공,30200.0,77.4,11120300000000.0,79182243102,43.8,-3.2,5,8,True,False,False,True,True,True,True,True,True,True,True
368770.KQ,파이버프로,11750.0,77.3,386000000000.0,2054531078,122.5,-60.8,5,4,False,False,False,False,True,True,False,False,True,False,True
425420.KQ,티에프이,52700.0,77.1,650700000000.0,4012344053,124.3,-32.2,1,6,False,False,False,True,True,True,False,True,True,False,True
124500.KQ,아이티센글로벌,35650.0,77.0,827200000000.0,13425805960,154.8,-52.8,5,5,False,False,False,False,True,True,False,True,True,False,True
127120.KQ,제이에스링크,33600.0,76.9,1231000000000.0,5265303147,142.4,-32.7,5,4,False,False,False,False,True,True,False,False,True,False,True
126730.KQ,코칩,20000.0,76.8,175400000000.0,10425347723,114.8,-45.2,1,6,False,False,False,True,True,True,False,True,True,False,True
014990.KS,인디에프,4360.0,76.7,65500000000.0,2059028879,210.1,-37.1,0,4,False,False,False,True,False,False,False,True,True,False,True
212560.KQ,네오오토,9140.0,76.6,123300000000.0,2499521952,83.0,-43.2,5,5,False,False,False,False,True,True,True,False,True,False,True
098460.KQ,고영,27900.0,76.5,1902900000000.0,31241721531,105.4,-38.0,5,4,False,False,False,False,True,True,False,False,True,False,True
298020.KS,효성티앤씨,347000.0,76.4,1501700000000.0,6657398260,74.4,-37.7,5,5,False,False,False,False,True,True,False,True,True,False,True
199430.KQ,케이엔알시스템,19850.0,76.3,222300000000.0,3552420677,133.3,-56.2,0,3,False,False,False,False,False,False,False,True,True,False,True
234340.KQ,헥토파이낸셜,25250.0,76.1,352800000000.0,10326685734,78.1,-43.9,5,5,False,False,False,False,True,True,False,True,True,False,True
067170.KQ,오텍,2580.0,76.0,70800000000.0,3035984332,56.4,-50.4,4,7,False,False,False,True,True,True,True,True,True,False,True
062040.KS,산일전기,191700.0,75.9,5874200000000.0,52048923398,88.5,-43.8,5,6,False,False,False,True,True,True,False,True,True,False,True
000810.KS,삼성화재해상보험,663000.0,75.8,29601300000000.0,75412978020,58.2,-12.4,5,8,True,False,False,True,True,True,True,True,True,True,True
004430.KS,송원산업,11910.0,75.7,285800000000.0,2348262372,40.6,-28.8,4,7,False,False,False,True,True,True,True,True,True,False,True
265740.KQ,엔에프씨,6680.0,75.6,119300000000.0,2099383757,66.2,-32.2,1,6,False,False,False,True,True,True,False,True,True,False,True
175330.KS,JB금융지주,31000.0,75.5,5782200000000.0,12097071239,42.9,-19.5,5,7,False,False,False,True,True,True,False,True,True,True,True
251970.KQ,펌텍코리아,55300.0,75.4,685700000000.0,4573905768,76.1,-21.2,1,6,False,False,False,True,False,True,False,True,True,True,True
105560.KS,KB금융,172000.0,75.3,61006300000000.0,224930666736,62.6,-11.6,5,8,True,False,False,True,True,True,True,True,True,True,True
356680.KQ,엑스게이트,11430.0,75.1,326300000000.0,11267983477,87.4,-62.6,5,4,False,False,False,False,True,True,False,False,True,False,True
388790.KQ,라이콤,4055.0,75.0,124100000000.0,2700737138,92.2,-56.5,5,4,False,False,False,False,True,True,False,False,True,False,True
217730.KQ,강스템바이오텍,2265.0,74.9,213000000000.0,1861724517,109.7,-51.7,5,4,False,False,False,False,True,True,False,False,True,False,True
084670.KS,동양고속,23800.0,74.8,68900000000.0,1362894409,231.9,-86.2,5,3,False,False,False,False,False,True,False,False,True,False,True
282330.KS,BGF리테일,147600.0,74.7,2551100000000.0,9483274900,45.8,-5.7,5,8,True,False,False,True,True,True,True,True,True,True,True
004800.KS,효성,159000.0,74.6,2661700000000.0,4063931360,96.3,-50.0,5,5,False,False,False,False,True,True,False,True,True,False,True
049080.KQ,기가레인,7740.0,74.5,65700000000.0,10435079235,116.2,-75.2,5,4,False,False,False,False,True,True,False,False,True,False,True
033160.KQ,엠케이전자,13910.0,74.4,341700000000.0,15611400476,80.2,-62.4,5,4,False,False,False,False,True,True,False,False,True,False,True
053690.KS,한미글로벌,22800.0,74.2,249800000000.0,4742577859,65.9,-34.4,0,5,False,False,False,True,True,False,False,True,True,False,True
004710.KS,한솔테크닉스,8460.0,74.1,449400000000.0,8178638914,88.8,-48.5,5,6,False,False,False,True,True,True,False,True,True,False,True
131970.KQ,두산테스나,74300.0,74.0,1436000000000.0,23549113888,120.5,-62.3,5,4,False,False,False,False,True,True,False,False,True,False,True
257720.KQ,실리콘투,48000.0,73.9,3147700000000.0,51989071256,60.8,-14.4,1,6,False,False,False,True,False,True,False,True,True,True,True
096530.KQ,씨젠,31900.0,73.8,1666000000000.0,9625004975,47.0,-10.8,3,8,True,False,False,True,True,True,True,True,True,True,True
007070.KS,GS리테일,25400.0,73.7,2123600000000.0,4940810853,59.2,-15.2,5,7,False,False,False,True,True,True,True,False,True,True,True
162300.KQ,신스틸,2105.0,73.6,87300000000.0,2065206695,57.7,-10.8,0,5,False,False,False,True,False,False,False,True,True,True,True
005430.KS,한국공항,79000.0,73.5,250100000000.0,1282897472,45.8,-17.6,5,7,False,False,False,True,True,True,True,False,True,True,True
000210.KS,DL,53600.0,73.4,1123200000000.0,4308219066,58.1,-31.0,5,6,False,False,False,True,True,True,False,True,True,False,True
200470.KQ,에이팩트,6240.0,73.2,273500000000.0,4434990300,149.6,-52.4,5,5,False,False,False,False,True,True,False,True,True,False,True
101160.KQ,월덱스,29500.0,73.1,487100000000.0,2836473178,42.5,-16.7,5,7,False,False,False,True,True,True,False,True,True,True,True
002900.KS,TYM,7520.0,73.0,311300000000.0,1629394770,39.8,-24.0,5,7,False,False,False,True,True,True,False,True,True,True,True
125020.KQ,티씨머티리얼즈,6040.0,72.9,211600000000.0,3785334659,102.0,-42.0,4,6,False,False,False,True,True,True,False,True,True,False,True
003690.KS,코리안리,14500.0,72.8,2562500000000.0,4409317460,44.9,-7.4,5,8,True,False,False,True,True,True,True,True,True,True,True
096770.KS,SK이노베이션,138300.0,72.7,23380000000000.0,107419886938,57.7,-11.0,2,7,False,False,False,True,True,True,False,True,True,True,True
054940.KQ,엑사이엔씨,3880.0,72.6,25700000000.0,1478988865,410.5,-24.7,2,8,True,False,False,True,True,True,True,True,True,True,True
086450.KQ,동국제약,21600.0,72.5,977000000000.0,8044133612,32.8,-30.9,5,6,False,False,False,True,True,True,False,True,True,False,True
090430.KS,아모레퍼시픽,143300.0,72.4,8382000000000.0,45629735844,52.4,-15.2,2,7,False,False,False,True,True,True,False,True,True,True,True
009420.KS,한올바이오파마,54700.0,72.2,2857600000000.0,24623769339,94.7,-25.1,5,6,False,False,False,True,True,True,True,False,True,False,True
018000.KQ,유니슨,1240.0,72.1,321800000000.0,3528007075,82.1,-30.9,0,4,False,False,False,True,False,False,False,True,True,False,True
001510.KS,SK증권,2430.0,72.0,562000000000.0,13663711492,94.4,-60.7,5,5,False,False,False,False,True,True,False,True,True,False,True
072950.KQ,빛샘전자,8380.0,71.9,67500000000.0,3340884222,82.2,-67.4,5,5,False,False,False,False,True,True,False,True,True,False,True
001540.KQ,안국약품,10490.0,71.8,136800000000.0,1072938120,44.1,-23.2,5,7,False,False,False,True,True,True,True,False,True,True,True
267270.KS,HD건설기계,140000.0,71.7,6709100000000.0,36416779404,64.7,-35.6,5,5,False,False,False,False,True,True,False,True,True,False,True
007690.KS,국도화학,39200.0,71.6,363000000000.0,1028359501,34.9,-11.8,2,8,True,False,False,True,True,True,True,True,True,True,True
138360.KQ,앤로보틱스,1730.0,71.5,152200000000.0,2407189195,137.6,-65.3,5,4,False,False,False,False,True,True,False,False,True,False,True
308080.KQ,바이젠셀,6580.0,71.4,134900000000.0,1303145158,114.3,-62.1,5,4,False,False,False,False,False,True,False,True,True,False,True
045100.KQ,한양이엔지,29850.0,71.2,522400000000.0,4315146846,61.4,-24.2,5,5,False,False,False,False,True,True,False,False,True,True,True
033240.KS,자화전자,30600.0,71.1,661100000000.0,2994579239,84.3,-49.0,5,5,False,False,False,False,True,True,False,True,True,False,True
160980.KQ,싸이맥스,23250.0,71.0,254000000000.0,6080875448,96.2,-51.4,5,5,False,False,False,False,True,True,True,False,True,False,True
077500.KS,유니퀘스트,7440.0,70.9,160700000000.0,1101774259,82.6,-21.8,1,7,False,False,False,True,True,True,False,True,True,True,True
900290.KQ,GRT,3955.0,70.8,330300000000.0,2017653818,86.6,-47.2,1,5,False,False,False,False,True,True,False,True,True,False,True
138040.KS,메리츠금융지주,135500.0,70.7,22675600000000.0,33516071790,38.3,-9.5,1,8,True,False,False,True,True,True,True,True,True,True,True
460860.KS,동국제강,10510.0,70.6,521400000000.0,1757691601,35.4,-40.7,1,6,False,False,False,True,True,True,False,True,True,False,True
001800.KS,오리온홀딩스,25550.0,70.5,1537000000000.0,2119450576,39.2,-14.7,5,8,True,False,False,True,True,True,True,True,True,True,True
437730.KQ,삼현,32550.0,70.3,1032100000000.0,7671757513,183.3,-57.7,5,3,False,False,False,False,False,True,False,False,True,False,True
242040.KQ,나무기술,3030.0,70.2,104900000000.0,1783238478,131.7,-72.7,5,4,False,False,False,False,True,True,False,False,True,False,True
161390.KS,한국타이어앤테크놀로지,65400.0,70.1,8101400000000.0,23038957756,73.7,-16.6,5,7,False,False,False,True,True,True,True,False,True,True,True
033640.KQ,네패스,21550.0,70.0,496900000000.0,3772406846,100.3,-47.6,5,5,False,False,False,False,True,True,False,True,True,False,True
000150.KS,두산,1142000.0,69.9,18493400000000.0,91152266840,118.8,-54.1,5,3,False,False,False,False,True,True,False,False,True,False,False
294870.KS,IPARK현대산업개발,23300.0,69.8,1535600000000.0,4023389241,37.9,-7.0,1,6,False,False,False,True,True,True,False,True,True,True,False
439090.KQ,마녀공장,16010.0,69.7,262500000000.0,7269385508,44.8,-24.7,1,6,False,False,False,True,True,True,True,False,True,True,False
003230.KS,삼양식품,1417000.0,69.6,10674300000000.0,73479718180,44.4,-14.9,1,5,False,False,False,True,False,True,False,True,True,True,False
171090.KQ,선익시스템,67200.0,69.5,680600000000.0,3380493072,88.0,-53.3,5,4,False,False,False,False,True,True,False,True,True,False,False
234690.KQ,녹십자웰빙,10340.0,69.3,185700000000.0,3361562859,54.8,-34.9,0,4,False,False,False,True,True,False,False,True,True,False,False
340570.KQ,티앤엘,29650.0,69.2,476500000000.0,3042916984,37.6,-17.2,4,7,False,False,False,True,True,True,True,True,True,True,False
100790.KQ,미래에셋벤처투자,14980.0,69.1,795700000000.0,12006868088,153.9,-78.8,5,3,False,False,False,False,True,True,False,False,True,False,False
316140.KS,우리금융지주,33200.0,69.0,24461300000000.0,80473145094,39.8,-20.0,5,6,False,False,False,True,True,True,False,True,True,True,False
005440.KS,현대지에프홀딩스,11910.0,68.9,2184300000000.0,3819713831,66.6,-39.8,5,3,False,False,False,False,True,True,False,False,True,False,False
059090.KQ,미코,18060.0,68.8,603500000000.0,3961806457,59.8,-38.3,1,5,False,False,False,True,True,True,False,True,True,False,False
347700.KQ,스피어,19520.0,68.7,1006300000000.0,27437317249,176.9,-65.9,5,3,False,False,False,False,True,True,False,False,True,False,False
489460.KQ,바이오비쥬,11180.0,68.6,164900000000.0,1330924351,99.3,-35.5,0,3,False,False,False,True,False,False,False,True,True,False,False
483650.KS,달바글로벌,190600.0,68.5,2387400000000.0,40305196566,64.0,-32.7,5,4,False,False,False,False,True,True,True,False,True,False,False
001120.KS,LX인터내셔널,40300.0,68.3,1562000000000.0,3762115620,39.0,-30.2,5,4,False,False,False,False,True,True,False,True,True,False,False
218410.KQ,RFHIC,48300.0,68.2,1283600000000.0,16324948832,99.2,-61.9,5,3,False,False,False,False,True,True,False,False,True,False,False
079550.KS,LIG디펜스앤에어로스페이스,652000.0,68.1,14344000000000.0,105188334660,81.1,-41.7,5,3,False,False,False,False,True,True,False,False,True,False,False
267250.KS,HD현대,240500.0,68.0,18997800000000.0,32635310666,89.1,-27.8,5,4,False,False,False,False,True,True,False,True,True,False,False
306200.KS,세아제강,144700.0,67.9,410400000000.0,1081423936,29.2,-23.4,2,5,False,False,False,True,True,True,False,True,False,True,False
139130.KS,iM금융지주,18120.0,67.8,2869500000000.0,8812516592,38.9,-17.6,5,6,False,False,False,True,True,True,False,True,True,True,False
115180.KQ,큐리언트,23050.0,67.7,865200000000.0,4107068739,131.4,-63.4,5,4,False,False,False,False,True,True,False,True,True,False,False
120110.KS,코오롱인더,55800.0,67.6,1671000000000.0,10229207489,65.3,-46.8,5,4,False,False,False,False,True,True,False,True,True,False,False
125490.KQ,한라캐스트,10860.0,67.4,396400000000.0,14442209984,149.4,-57.2,0,2,False,False,False,False,False,False,False,True,True,False,False
003470.KS,유안타증권,4745.0,67.3,914300000000.0,1766285988,43.1,-43.5,5,4,False,False,False,False,True,True,False,True,True,False,False
000990.KS,DB하이텍,89900.0,67.2,3911100000000.0,52457057478,109.6,-61.0,5,3,False,False,False,False,True,True,False,False,True,False,False
103590.KS,일진전기,68300.0,67.1,3256900000000.0,22855694260,103.9,-53.8,5,4,False,False,False,False,True,True,False,True,True,False,False
166090.KQ,하나머티리얼즈,49900.0,67.0,986900000000.0,9732527038,112.8,-43.2,5,3,False,False,False,False,True,True,False,False,True,False,False
330860.KQ,네패스아크,23650.0,66.9,288200000000.0,7339923329,77.2,-62.8,5,3,False,False,False,False,True,True,False,False,True,False,False
037710.KS,광주신세계,35450.0,66.8,270400000000.0,17921283003,20.4,-40.5,5,3,False,False,False,False,True,True,True,False,False,False,False
037710.KS,광주신세계,35450.0,66.8,270400000000.0,17921283003,20.4,-40.5,5,3,False,False,False,False,True,True,True,False,False,False,False
183300.KQ,코미코,25100.0,66.6,1289200000000.0,9950502814,72.2,-54.9,5,3,False,False,False,False,True,True,False,False,True,False,False
090710.KQ,휴림로봇,6270.0,66.4,749600000000.0,13402873002,162.9,-76.4,5,3,False,False,False,False,True,True,False,False,True,False,False
051900.KS,LG생활건강,294000.0,66.3,4402800000000.0,24736196390,40.0,-12.4,1,5,False,False,False,True,False,True,False,True,True,True,False
007660.KS,이수페타시스,111100.0,66.2,8155800000000.0,85921022728,95.9,-32.4,5,3,False,False,False,False,False,True,False,True,True,False,False
388050.KQ,지투파워,9800.0,66.1,183400000000.0,11592486651,83.2,-46.9,1,4,False,False,False,False,True,True,False,True,True,False,False
060370.KQ,LS마린솔루션,30900.0,66.0,1614200000000.0,3830783674,42.7,-40.1,5,4,False,False,False,False,True,True,False,True,True,False,False
192650.KS,드림텍,6300.0,65.9,415100000000.0,2355969129,76.7,-30.9,0,3,False,False,False,True,False,False,False,True,True,False,False
012630.KS,HDC,22650.0,65.8,1353100000000.0,1430311203,42.9,-26.1,2,4,False,False,False,False,True,True,False,True,True,False,False
475830.KQ,오름테라퓨틱,55900.0,65.7,1214100000000.0,7593558459,143.6,-61.9,5,3,False,False,False,False,False,True,False,True,True,False,False
004490.KS,세방전지,64400.0,65.6,892600000000.0,3348056233,37.3,-17.1,0,4,False,False,False,True,False,False,False,True,True,True,False
294570.KQ,쿠콘,30550.0,65.4,308300000000.0,2726596614,135.0,-35.5,0,3,False,False,False,True,False,False,False,True,True,False,False
021240.KS,코웨이,99400.0,65.3,7034300000000.0,17553145138,44.5,-9.1,1,7,False,False,False,True,True,True,True,True,True,True,False
023530.KS,롯데쇼핑,107500.0,65.2,3041000000000.0,20526283480,71.5,-49.1,5,4,False,False,False,False,True,True,True,False,True,False,False
033780.KS,케이티앤지,172500.0,65.1,17907300000000.0,47905696898,33.0,-10.3,5,6,False,False,False,True,True,True,True,False,True,True,False
195870.KS,해성디에스,49900.0,65.0,848300000000.0,9070496844,130.5,-54.0,5,3,False,False,False,False,True,True,False,False,True,False,False
204620.KQ,글로벌텍스프리,5390.0,64.9,378800000000.0,4632899109,36.3,-25.4,0,3,False,False,False,True,False,False,False,True,True,False,False
046890.KQ,서울반도체,9580.0,64.8,558600000000.0,3136098778,67.2,-49.5,5,4,False,False,False,False,True,True,False,True,True,False,False
187870.KQ,디바이스,10370.0,64.7,143800000000.0,1463553008,93.3,-65.1,5,3,False,False,False,False,True,True,False,False,True,False,False
114810.KQ,한솔아이원스,13350.0,64.6,375700000000.0,3557102872,89.4,-32.9,0,3,False,False,False,False,True,False,False,True,True,False,False
128940.KS,한미약품,473500.0,64.4,6066000000000.0,59153621620,68.5,-26.8,5,5,False,False,False,True,True,True,False,True,True,False,False
079160.KS,CJ CGV,5400.0,64.3,894100000000.0,3105677529,30.1,-18.9,1,5,False,False,False,True,False,True,False,True,True,True,False
001430.KS,세아베스틸지주,42350.0,64.2,1518800000000.0,5364054472,83.7,-54.2,5,4,False,False,False,False,True,True,False,True,True,False,False
090460.KS,비에이치,21850.0,64.1,736600000000.0,16222168344,75.6,-49.7,1,4,False,False,False,False,True,True,False,True,True,False,False
049070.KQ,인탑스,17730.0,64.0,279100000000.0,1859986261,36.4,-28.9,5,3,False,False,False,False,True,True,False,False,True,False,False
036540.KQ,SFA반도체,5610.0,63.9,922600000000.0,12116206932,75.6,-51.8,5,4,False,False,False,False,True,True,False,True,True,False,False
013360.KS,일성건설,1530.0,63.8,82700000000.0,2894793579,38.5,-45.9,2,3,False,False,False,False,False,True,False,True,True,False,False
000400.KS,롯데손해보험,2050.0,63.7,636200000000.0,2127422381,30.7,-37.5,5,4,False,False,False,False,True,True,True,False,True,False,False
482630.KQ,삼양엔씨켐,12660.0,63.5,277100000000.0,2723481446,69.6,-49.4,5,3,False,False,False,False,True,True,False,False,True,False,False
078340.KQ,컴투스,32400.0,63.4,391800000000.0,3190197209,44.3,-23.2,0,5,False,False,False,True,True,False,False,True,True,True,False
032190.KQ,다우데이타,20000.0,63.3,766000000000.0,1527429318,31.8,-36.4,5,4,False,False,False,False,True,True,False,True,True,False,False
452430.KQ,사피엔반도체,35000.0,63.2,288900000000.0,1035931414,84.2,-37.5,0,4,False,False,False,True,True,False,False,True,True,False,False
001200.KS,유진증권,4355.0,63.1,421900000000.0,2136211686,40.3,-37.1,5,4,False,False,False,False,True,True,False,True,True,False,False
003380.KQ,하림지주,11020.0,63.0,1234300000000.0,5915584717,56.1,-43.8,5,4,False,False,False,False,True,True,False,True,True,False,False
000850.KS,화천기공,35650.0,62.9,78400000000.0,1443005472,21.1,-20.5,5,4,False,False,False,False,True,True,False,True,False,True,False
000850.KS,화천기공,35650.0,62.9,78400000000.0,1443005472,21.1,-20.5,5,4,False,False,False,False,True,True,False,True,False,True,False
078520.KS,에이블씨엔씨,11260.0,62.7,292900000000.0,1360722369,29.3,-32.9,1,3,False,False,False,False,True,True,False,True,False,False,False
094170.KQ,동운아나텍,29350.0,62.5,613700000000.0,3422850006,80.3,-48.0,5,3,False,False,False,False,True,True,False,False,True,False,False
073490.KQ,LIG아큐버,29600.0,62.4,225100000000.0,1930365311,61.9,-52.6,5,4,False,False,False,False,True,True,False,True,True,False,False
295310.KQ,에이치브이엠,48450.0,62.3,595900000000.0,7237770716,120.7,-66.4,5,4,False,False,False,False,True,True,False,True,True,False,False
336260.KS,두산퓨얼셀,43850.0,62.2,2871900000000.0,33927809768,140.5,-59.7,5,4,False,False,False,False,True,True,False,True,True,False,False
026940.KS,부국철강,2215.0,62.1,44300000000.0,3373485124,28.4,-52.8,1,3,False,False,False,False,True,True,False,True,False,False,False
026940.KS,부국철강,2215.0,62.1,44300000000.0,3373485124,28.4,-52.8,1,3,False,False,False,False,True,True,False,True,False,False,False
214450.KQ,파마리서치,386500.0,61.9,4015600000000.0,75123025450,51.6,-45.8,0,3,False,False,False,True,False,False,False,True,True,False,False
112610.KS,씨에스윈드,46950.0,61.8,1979900000000.0,19547888616,36.1,-40.9,1,4,False,False,False,False,True,True,False,True,True,False,False
001740.KS,SK네트웍스,6400.0,61.7,1283800000000.0,18456008593,49.7,-60.6,5,4,False,False,False,False,True,True,True,False,True,False,False
004690.KS,삼천리,136700.0,61.5,495800000000.0,1105599862,27.0,-15.6,1,5,False,False,False,True,True,True,False,True,False,True,False
355150.KQ,코스텍시스,18350.0,61.4,143100000000.0,1956249176,91.1,-71.4,5,3,False,False,False,False,True,True,False,False,True,False,False
004370.KS,농심,430000.0,61.3,2615500000000.0,12426995050,34.8,-25.7,0,3,False,False,False,True,False,False,False,True,True,False,False
001790.KS,대한제당,2910.0,61.2,251000000000.0,1219852731,35.3,-10.7,1,5,False,False,False,True,False,True,False,True,True,True,False
136490.KS,선진,10990.0,61.1,261300000000.0,1008080057,31.3,-21.2,1,6,False,False,False,True,True,True,False,True,True,True,False
393890.KQ,더블유씨피,10070.0,61.0,340800000000.0,2104449848,82.4,-52.8,5,4,False,False,False,False,True,True,False,True,True,False,False
092790.KS,넥스틸,12990.0,60.9,337800000000.0,4883425422,43.9,-43.5,1,4,False,False,False,False,True,True,False,True,True,False,False
066430.KQ,아이로보틱스,2065.0,60.8,80900000000.0,4259928470,106.1,-59.4,5,3,False,False,False,False,True,True,False,False,True,False,False
441270.KQ,파인엠텍,9350.0,60.6,394600000000.0,4378011506,75.1,-33.5,0,3,False,False,False,True,False,False,False,True,True,False,False
389500.KQ,에스비비테크,37750.0,60.5,251500000000.0,3748099063,100.1,-67.2,5,4,False,False,False,False,True,True,False,True,True,False,False
357780.KQ,솔브레인,325000.0,60.4,2528000000000.0,17283677120,62.5,-38.7,5,4,False,False,False,False,True,True,False,True,True,False,False
089030.KQ,테크윙,47100.0,60.3,1745200000000.0,50298145135,75.4,-36.4,0,3,False,False,False,False,True,False,False,True,True,False,False
271560.KS,오리온,126300.0,60.2,4992500000000.0,14878783514,27.6,-15.9,5,4,False,False,False,False,True,True,True,False,False,True,False
443060.KS,HD현대마린솔루션,210500.0,60.1,9437400000000.0,22229504718,33.2,-26.7,0,5,False,False,False,True,True,False,True,True,True,False,False
005880.KS,대한해운,2105.0,60.0,679400000000.0,5105939172,28.4,-37.8,5,3,False,False,False,False,True,True,False,True,False,False,False
285130.KS,SK케미칼,55200.0,59.9,954900000000.0,3646241268,54.0,-32.5,0,3,False,False,False,True,False,False,False,True,True,False,False
066980.KQ,한성크린텍,1562.0,59.8,84000000000.0,4027673138,45.4,-43.1,4,4,False,False,False,False,True,True,True,False,True,False,False
013580.KS,계룡건설산업,22000.0,59.6,196500000000.0,6670930223,35.0,-33.9,1,4,False,False,False,False,True,True,False,True,True,False,False
204270.KQ,제이앤티씨,19130.0,59.5,1106600000000.0,7407967033,71.7,-36.4,0,3,False,False,False,True,False,False,False,True,True,False,False
005940.KS,NH투자증권,26650.0,59.4,9839300000000.0,17600478425,42.8,-37.4,5,3,False,False,False,False,True,True,False,False,True,False,False
030190.KS,NICE평가정보,16250.0,59.3,946900000000.0,1481070844,24.9,-12.2,1,4,False,False,False,True,False,True,False,True,False,True,False
241560.KS,두산밥캣,62800.0,59.2,6019800000000.0,11059004878,21.0,-21.2,5,4,False,False,False,False,True,True,False,True,False,True,False
001440.KS,대한전선,27400.0,59.1,5370200000000.0,61495718901,85.9,-63.9,5,3,False,False,False,False,True,True,False,False,True,False,False
950200.KQ,소마젠,3440.0,59.0,66200000000.0,1577161006,44.5,-26.7,0,3,False,False,False,True,False,False,False,True,True,False,False
001060.KS,JW중외제약,27500.0,58.9,640400000000.0,1695033195,32.9,-29.9,5,4,False,False,False,False,True,True,False,True,True,False,False
058430.KS,포스코스틸리온,4660.0,58.8,279600000000.0,1658077439,30.9,-55.6,5,4,False,False,False,False,True,True,False,True,True,False,False
066970.KS,엘앤에프,121300.0,58.6,4935000000000.0,48937671182,104.9,-46.1,0,3,False,False,False,False,True,False,False,True,True,False,False
086280.KS,현대글로비스,206000.0,58.5,15450000000000.0,35995615978,32.0,-30.4,5,4,False,False,False,False,True,True,False,True,True,False,False
068270.KS,셀트리온,188100.0,58.4,43755300000000.0,113703198698,18.7,-21.3,5,4,False,False,False,False,True,True,False,True,False,True,False
033100.KQ,제룡전기,44350.0,58.3,712400000000.0,8165060843,39.2,-52.7,5,3,False,False,False,False,True,True,False,False,True,False,False
289080.KQ,SV인베스트먼트,2295.0,58.2,138000000000.0,2374169408,59.5,-54.4,1,4,False,False,False,False,True,True,False,True,True,False,False
006910.KQ,보성파워텍,6780.0,58.1,333100000000.0,8500061893,82.3,-62.7,5,3,False,False,False,False,True,True,False,False,True,False,False
140410.KQ,메지온,65000.0,58.0,1990400000000.0,8079104790,74.0,-63.9,0,3,False,False,False,False,True,False,False,True,True,False,False
006120.KS,SK디스커버리,52900.0,57.9,921200000000.0,2140092359,23.7,-22.5,0,2,False,False,False,False,False,False,False,True,False,True,False
395400.KS,SK리츠,5380.0,57.8,1619500000000.0,1223745145,13.0,-25.3,5,2,False,False,False,False,True,True,False,False,False,False,False
044490.KQ,태웅,32400.0,57.6,648200000000.0,6250580929,62.2,-47.1,1,4,False,False,False,False,True,True,False,True,True,False,False
264850.KQ,이랜시스,5630.0,57.5,170600000000.0,9295093944,59.7,-40.9,1,3,False,False,False,False,False,True,False,True,True,False,False
016380.KS,KG스틸,5590.0,57.4,559000000000.0,1483665129,15.9,-29.2,4,3,False,False,False,False,True,True,False,True,False,False,False
005850.KS,에스엘,51400.0,57.3,2387500000000.0,5454299535,57.4,-35.3,5,3,False,False,False,False,True,True,False,False,True,False,False
010130.KS,고려아연,1222000.0,57.2,25506800000000.0,29284013520,56.7,-44.1,5,4,False,False,False,False,True,True,False,True,True,False,False
018670.KS,SK가스,238500.0,57.1,2210700000000.0,3268182700,21.6,-21.0,0,4,False,False,False,True,True,False,False,True,False,True,False
002790.KS,아모레퍼시픽홀딩스,26400.0,57.0,2018500000000.0,2817824970,32.3,-26.6,1,3,False,False,False,False,False,True,False,True,True,False,False
012860.KQ,모베이스전자,2215.0,56.9,162200000000.0,1052992733,75.5,-68.7,5,3,False,False,False,False,True,True,False,False,True,False,False
204320.KS,HL만도,48500.0,56.7,2277400000000.0,29198418906,50.9,-38.7,5,3,False,False,False,False,True,True,False,False,True,False,False
006800.KS,미래에셋증권,34450.0,56.6,18707100000000.0,70465964600,97.4,-60.8,5,3,False,False,False,False,True,True,False,False,True,False,False
013030.KQ,하이록코리아,34200.0,56.5,402500000000.0,1184850926,24.1,-28.9,0,2,False,False,False,False,True,False,False,True,False,False,False
037350.KQ,성도이엔지,7130.0,56.4,108400000000.0,2113070726,55.2,-50.7,5,3,False,False,False,False,True,True,False,False,True,False,False
002380.KS,케이씨씨,482000.0,56.3,4141800000000.0,12500937910,43.5,-30.3,5,4,False,False,False,False,True,True,False,True,True,False,False
074600.KQ,원익QnC,25750.0,56.2,676900000000.0,8254159366,53.4,-43.3,5,3,False,False,False,False,True,True,False,False,True,False,False
012450.KS,한화에어로스페이스,1055000.0,56.1,54399400000000.0,213207515740,34.7,-36.3,1,4,False,False,False,False,True,True,False,True,True,False,False
484810.KQ,티엑스알로보틱스,13760.0,56.0,212600000000.0,7198098634,82.5,-48.1,0,2,False,False,False,False,False,False,False,True,True,False,False
011200.KS,HMM,21050.0,55.9,19855200000000.0,29646320825,17.5,-15.6,1,6,False,False,False,True,True,True,True,True,False,True,False
078350.KQ,한양디지텍,18760.0,55.7,286000000000.0,2888479905,114.2,-57.7,5,3,False,False,False,False,True,True,False,False,True,False,False
007610.KS,선도전기,3940.0,55.6,70900000000.0,5213254836,32.4,-76.3,4,3,False,False,False,False,True,True,False,False,True,False,False
216080.KQ,제테마,6200.0,55.5,231200000000.0,1122330881,63.2,-45.0,0,3,False,False,False,False,True,False,False,True,True,False,False
203650.KQ,드림시큐리티,2025.0,55.4,206000000000.0,2655388143,44.6,-57.9,5,3,False,False,False,False,True,True,False,False,True,False,False
237880.KQ,클리오,12370.0,55.3,223500000000.0,1770650791,40.6,-19.3,0,4,False,False,False,True,False,False,False,True,True,True,False
012750.KS,에스원,79200.0,55.2,3009500000000.0,4762048868,18.6,-23.1,1,4,False,False,False,False,True,True,False,True,False,True,False
330350.KQ,위더스제약,7350.0,55.1,97000000000.0,3767974844,24.4,-38.5,1,3,False,False,False,False,True,True,False,True,False,False,False
014620.KQ,성광벤드,30850.0,55.0,819300000000.0,4594832917,36.8,-42.1,0,3,False,False,False,False,True,False,False,True,True,False,False
142210.KQ,유니트론텍,6040.0,54.9,125300000000.0,1770091481,35.1,-33.3,1,4,False,False,False,False,True,True,False,True,True,False,False
048550.KQ,SM C&C,1091.0,54.7,105500000000.0,1290752139,40.4,-42.6,2,2,False,False,False,False,False,True,False,False,True,False,False
012210.KQ,삼미금속,8350.0,54.6,192500000000.0,1929148686,107.7,-60.0,0,3,False,False,False,False,True,False,False,True,True,False,False
229640.KS,LS에코에너지,45600.0,54.5,1396500000000.0,4962579818,42.5,-58.5,5,3,False,False,False,False,True,True,False,False,True,False,False
009240.KS,한샘,37400.0,54.4,880200000000.0,1871394853,32.2,-31.8,0,2,False,False,False,False,False,False,False,True,True,False,False
300720.KS,한일시멘트,16670.0,54.3,1226000000000.0,1555704343,31.2,-21.2,0,4,False,False,False,True,False,False,False,True,True,True,False
023160.KQ,태광,26150.0,54.2,676400000000.0,3757054822,34.7,-49.0,0,3,False,False,False,False,True,False,False,True,True,False,False
000880.KS,한화,137400.0,54.1,7327400000000.0,17909253678,36.6,-37.5,0,3,False,False,False,False,True,False,False,True,True,False,False
011780.KS,금호석유화학,125900.0,54.0,3167300000000.0,12481724540,22.5,-22.4,5,4,False,False,False,False,True,True,False,True,False,True,False
178920.KS,PI첨단소재,19030.0,53.8,558800000000.0,1181131966,27.9,-40.8,5,3,False,False,False,False,True,True,False,True,False,False,False
083650.KQ,비에이치아이,60000.0,53.7,1856700000000.0,16346304640,81.0,-47.5,1,4,False,False,False,False,True,True,False,True,True,False,False
456040.KS,OCI,79300.0,53.6,709900000000.0,4512857982,51.0,-51.4,5,3,False,False,False,False,True,True,False,False,True,False,False
023590.KS,다우기술,38300.0,53.5,1657900000000.0,1638185957,22.0,-38.5,5,3,False,False,False,False,True,True,False,True,False,False,False
140860.KQ,파크시스템스,262500.0,53.4,1838100000000.0,9592252910,28.0,-25.1,1,3,False,False,False,False,True,True,False,True,False,False,False
024110.KS,기업은행,20700.0,53.3,16506700000000.0,22439616576,10.9,-29.9,5,3,False,False,False,False,True,True,False,True,False,False,False
071050.KS,한국금융지주,188800.0,53.2,10521100000000.0,48179294564,50.3,-37.2,5,3,False,False,False,False,True,True,False,False,True,False,False
004000.KS,롯데정밀화학,45700.0,53.1,1179100000000.0,2568407405,13.0,-36.4,5,2,False,False,False,False,True,True,False,False,False,False,False
047810.KS,한국항공우주,126500.0,53.0,12330600000000.0,63000755360,41.8,-41.3,5,3,False,False,False,False,True,True,False,False,True,False,False
026960.KS,동서,25450.0,52.8,2537400000000.0,2015785724,13.9,-17.8,0,2,False,False,False,False,False,False,False,True,False,True,False
030200.KS,케이티,54300.0,52.7,13684800000000.0,20938554564,12.9,-21.8,5,4,False,False,False,False,True,True,False,True,False,True,False
005380.KS,현대자동차,383500.0,52.6,78524600000000.0,341821721980,80.0,-51.0,5,3,False,False,False,False,True,True,False,False,True,False,False
161000.KS,애경케미칼,10540.0,52.5,512800000000.0,2192513374,50.6,-47.2,0,3,False,False,False,False,True,False,False,True,True,False,False
000240.KS,한국앤컴퍼니,24550.0,52.4,2330700000000.0,2174156094,16.9,-32.6,5,2,False,False,False,False,False,True,False,True,False,False,False
419050.KQ,삼기에너지솔루션즈,1689.0,52.3,96600000000.0,12725140157,95.3,-31.5,0,3,False,False,False,True,False,False,False,True,True,False,False
012330.KS,현대모비스,422000.0,52.2,37904300000000.0,168749862620,49.1,-48.7,5,3,False,False,False,False,True,True,False,False,True,False,False
290690.KQ,소룩스,4120.0,52.1,218200000000.0,4963024145,52.6,-42.5,0,1,False,False,False,False,False,False,False,False,True,False,False
147830.KQ,제룡산업,6870.0,52.0,137400000000.0,1297061826,36.3,-55.4,5,4,False,False,False,False,True,True,False,True,True,False,False
039860.KQ,나노엔텍,4165.0,51.8,158700000000.0,1840493250,38.1,-55.6,5,4,False,False,False,False,True,True,False,True,True,False,False
089890.KQ,코세스,22200.0,51.7,368200000000.0,6345558834,116.2,-56.8,0,2,False,False,False,False,True,False,False,False,True,False,False
069080.KQ,웹젠,11200.0,51.6,346800000000.0,1301989872,17.5,-37.8,1,2,False,False,False,False,False,True,False,True,False,False,False
263800.KQ,데이타솔루션,4745.0,51.5,77000000000.0,10183650372,15.3,-45.6,0,0,False,False,False,False,False,False,False,False,False,False,False
005810.KS,풍산홀딩스,37100.0,51.4,534900000000.0,1019826386,26.0,-39.1,0,2,False,False,False,False,True,False,False,True,False,False,False
225570.KQ,넥슨게임즈,11600.0,51.3,764000000000.0,1585216687,47.6,-24.8,0,4,False,False,False,True,False,False,False,True,True,True,False
462860.KQ,더즌,3375.0,51.2,242200000000.0,5518456660,112.5,-40.3,0,3,False,False,False,True,False,False,False,True,True,False,False
064550.KQ,바이오니아,10390.0,51.1,268200000000.0,3389223901,89.9,-33.6,0,2,False,False,False,False,False,False,False,True,True,False,False
253590.KQ,네오셈,11290.0,50.9,495300000000.0,4196720574,68.5,-47.2,0,3,False,False,False,False,True,False,False,True,True,False,False
047050.KS,포스코인터내셔널,54700.0,50.8,9623000000000.0,72809283945,22.0,-40.0,5,3,False,False,False,False,True,True,False,True,False,False,False
007390.KQ,네이처셀,23950.0,50.7,1543200000000.0,9677543016,44.7,-35.2,0,5,False,False,False,True,True,False,True,True,True,False,False
006040.KS,동원산업,38100.0,50.6,1681800000000.0,1838482560,27.6,-26.0,0,2,False,False,False,True,False,False,False,True,False,False,False
214320.KS,이노션,18770.0,50.5,750800000000.0,1417191611,12.2,-17.1,5,3,False,False,False,False,True,True,False,False,False,True,False
052710.KQ,아모텍,11290.0,50.4,210900000000.0,6349267641,65.4,-62.4,5,3,False,False,False,False,True,True,False,False,True,False,False
009970.KS,영원무역홀딩스,170900.0,50.3,2213800000000.0,2557206832,42.3,-34.8,5,3,False,False,False,False,True,True,False,False,True,False,False
007820.KQ,엠엑스로보틱스,3870.0,50.2,77500000000.0,4622259841,56.4,-48.9,0,3,False,False,False,False,True,False,False,True,True,False,False
017800.KS,현대엘리베이터,74900.0,50.1,2928000000000.0,9354808604,21.2,-34.0,1,3,False,False,False,False,True,True,False,True,False,False,False
323280.KQ,태성,44850.0,49.9,1369600000000.0,12057371723,95.0,-52.3,5,4,False,False,False,False,True,True,False,True,True,False,False
081660.KS,미스토홀딩스,41400.0,49.8,2198000000000.0,6076200197,15.0,-25.8,5,3,False,False,False,False,True,True,True,False,False,False,False
045390.KQ,대아티아이,3795.0,49.7,267400000000.0,4779206078,83.8,-31.7,0,3,False,False,False,True,False,False,False,True,True,False,False
036830.KQ,솔브레인홀딩스,43100.0,49.6,883700000000.0,2304615536,67.4,-46.7,0,3,False,False,False,False,True,False,False,True,True,False,False
001260.KS,남광토건,8000.0,49.5,78700000000.0,4074639807,24.6,-40.3,0,1,False,False,False,False,True,False,False,False,False,False,False
008490.KS,서흥,21250.0,49.4,245800000000.0,1279230484,32.8,-32.2,0,2,False,False,False,True,False,False,False,False,True,False,False
243840.KQ,신흥에스이씨,5640.0,49.3,217500000000.0,1126347990,64.7,-54.1,0,3,False,False,False,False,True,False,False,True,True,False,False
001250.KS,GS글로벌,2660.0,49.2,219500000000.0,1714561126,20.9,-53.3,5,2,False,False,False,False,True,True,False,False,False,False,False
066590.KQ,스모트로닉,2450.0,49.1,94800000000.0,3500247826,37.9,-41.7,0,1,False,False,False,False,False,False,False,False,True,False,False
042520.KQ,한스바이오메드,19630.0,48.9,280000000000.0,3748596532,181.6,-66.0,0,2,False,False,False,False,True,False,False,False,True,False,False
003000.KS,부광약품,4080.0,48.8,402600000000.0,1841606503,26.1,-58.7,5,2,False,False,False,False,True,True,False,False,False,False,False
277810.KQ,레인보우로보틱스,459000.0,48.7,8904500000000.0,58477190310,81.1,-53.1,5,4,False,False,False,False,True,True,False,True,True,False,False
032640.KS,LG유플러스,14760.0,48.6,6264600000000.0,14056261473,8.5,-21.5,5,4,False,False,False,False,True,True,False,True,False,True,False
010820.KS,퍼스텍,5670.0,48.5,276500000000.0,3481179644,53.2,-69.7,5,3,False,False,False,False,True,True,False,False,True,False,False
302430.KQ,이노메트리,7230.0,48.4,71100000000.0,1571227221,79.4,-37.3,0,3,False,False,False,True,False,False,False,True,True,False,False
039830.KQ,오로라,15270.0,48.3,164300000000.0,2269707560,68.9,-42.2,0,3,False,False,False,False,True,False,True,False,True,False,False
290660.KQ,다이나믹솔루션,1777.0,48.2,76100000000.0,1641388010,48.1,-48.9,1,4,False,False,False,False,True,True,False,True,True,False,False
064400.KS,LG씨엔에스,74100.0,48.1,7179200000000.0,71748174228,37.0,-51.7,1,5,False,False,False,True,True,True,False,True,True,False,False
192080.KS,더블유게임즈,57200.0,47.9,1211100000000.0,3376173128,21.7,-25.2,4,3,False,False,False,False,True,True,True,False,False,False,False
060250.KQ,NHN KCP,15770.0,47.8,633300000000.0,7407114391,44.7,-38.2,0,3,False,False,False,False,True,False,False,True,True,False,False
196170.KQ,알테오젠,288500.0,47.7,20095500000000.0,176895285270,48.2,-34.1,0,2,False,False,False,False,False,False,False,True,True,False,False
005490.KS,POSCO홀딩스,337000.0,47.6,26704400000000.0,97487352450,30.4,-37.8,5,4,False,False,False,False,True,True,False,True,True,False,False
178320.KQ,서진시스템,33650.0,47.5,2141800000000.0,45454297174,81.9,-59.6,5,3,False,False,False,False,True,True,False,False,True,False,False
111770.KS,영원무역,75000.0,47.4,3323400000000.0,6252950834,34.6,-27.3,5,2,False,False,False,False,False,True,False,False,True,False,False
006730.KQ,서부T&D,11210.0,47.3,720500000000.0,5062619690,32.7,-45.2,1,4,False,False,False,False,True,True,False,True,True,False,False
107640.KQ,한중엔시에스,39800.0,47.2,360800000000.0,3406555520,71.6,-45.5,0,2,False,False,False,False,False,False,False,True,True,False,False
056190.KQ,SFA,23700.0,47.0,851000000000.0,2457624574,40.7,-35.1,1,4,False,False,False,False,True,True,False,True,True,False,False
003240.KS,태광산업,901000.0,46.9,1003200000000.0,1875564140,27.3,-44.9,1,3,False,False,False,False,True,True,False,True,False,False,False
009290.KS,광동제약,6340.0,46.8,315700000000.0,1064180456,23.1,-50.5,2,3,False,False,False,False,True,True,False,True,False,False,False
099440.KQ,스맥,3800.0,46.7,259300000000.0,1873245800,57.3,-54.4,0,2,False,False,False,False,False,False,False,True,True,False,False
071320.KS,지역난방공사,75600.0,46.6,875400000000.0,1126685304,25.2,-35.2,0,1,False,False,False,False,False,False,False,True,False,False,False
031210.KS,서울보증보험,43650.0,46.5,3047700000000.0,1976313277,10.1,-32.6,0,1,False,False,False,False,False,False,False,True,False,False,False
050890.KQ,쏠리드,8520.0,46.4,517600000000.0,7425612644,39.9,-59.2,5,3,False,False,False,False,True,True,False,False,True,False,False
272110.KQ,케이엔제이,24400.0,46.3,195800000000.0,2334923617,59.5,-45.3,0,2,False,False,False,False,True,False,False,False,True,False,False
009900.KS,명신산업,8630.0,46.2,452800000000.0,1389358571,60.1,-42.2,0,3,False,False,False,False,True,False,False,True,True,False,False
001550.KS,조비,11400.0,46.0,59200000000.0,1879942825,31.9,-45.6,0,3,False,False,False,False,True,False,False,True,True,False,False
034020.KS,두산에너빌리티,79200.0,45.9,50732400000000.0,210443856350,38.9,-43.1,0,3,False,False,False,False,True,False,False,True,True,False,False
001680.KS,대상,19210.0,45.8,665600000000.0,1989795074,21.0,-20.5,0,2,False,False,False,False,False,False,False,True,False,True,False
110990.KQ,디아이티,15780.0,45.7,298200000000.0,1554777300,42.5,-45.6,5,3,False,False,False,False,True,True,False,False,True,False,False
320000.KQ,한울반도체,10000.0,45.6,69100000000.0,8858163827,41.3,-65.6,0,3,False,False,False,False,True,False,True,False,True,False,False
042510.KQ,라온시큐어,9030.0,45.5,100300000000.0,1429125129,42.9,-46.8,0,2,False,False,False,False,False,False,False,True,True,False,False
102710.KQ,이엔에프테크놀로지,41950.0,45.4,599400000000.0,3930172098,26.0,-35.5,0,1,False,False,False,False,True,False,False,False,False,False,False
030000.KS,제일기획,18930.0,45.3,2177700000000.0,5919774135,6.6,-18.8,0,2,False,False,False,False,False,False,False,True,False,True,False
145020.KQ,휴젤,244000.0,45.2,3053700000000.0,12422745210,17.0,-28.7,1,2,False,False,False,False,True,True,False,False,False,False,False
069260.KS,티케이지휴켐스,16320.0,45.0,667100000000.0,1048079069,14.1,-24.3,0,2,False,False,False,False,False,False,False,True,False,True,False
005290.KQ,동진쎄미켐,40250.0,44.9,2051500000000.0,19988786306,44.0,-44.3,5,3,False,False,False,False,True,True,False,False,True,False,False
207940.KS,삼성바이오로직스,1447000.0,44.8,66983000000000.0,86810809580,17.8,-27.2,0,0,False,False,False,False,False,False,False,False,False,False,False
241790.KQ,티이엠씨씨엔에스,6160.0,44.7,61600000000.0,1056241128,53.4,-37.1,0,2,False,False,False,False,False,False,False,True,True,False,False
383220.KS,F&F,66900.0,44.6,2562700000000.0,5705893806,15.3,-24.8,4,4,False,False,False,False,True,True,True,False,False,True,False
003200.KS,일신방직,10480.0,44.5,240600000000.0,1440309231,12.7,-41.1,0,1,False,False,False,False,False,False,False,True,False,False,False
211050.KQ,인카금융서비스,10650.0,44.4,524700000000.0,1180749848,31.5,-38.5,0,2,False,False,False,False,False,False,False,True,True,False,False
036200.KQ,유니셈,8910.0,44.3,273200000000.0,2082168036,48.5,-38.1,0,3,False,False,False,False,True,False,False,True,True,False,False
000640.KS,동아쏘시오홀딩스,92600.0,44.1,623400000000.0,1605073156,24.3,-24.0,0,2,False,False,False,False,False,False,False,True,False,True,False
016360.KS,삼성증권,86800.0,44.0,7751200000000.0,48539007390,29.9,-46.7,5,2,False,False,False,False,True,True,False,False,False,False,False
053800.KQ,안랩,57700.0,43.9,642000000000.0,2316818896,13.6,-23.1,1,3,False,False,False,False,False,True,False,True,False,True,False
094820.KQ,일진파워,11330.0,43.8,170800000000.0,1347568616,25.7,-53.8,5,2,False,False,False,False,True,True,False,False,False,False,False
036570.KS,NC,222000.0,43.7,4782800000000.0,19535215290,26.1,-35.4,5,2,False,False,False,False,True,True,False,False,False,False,False
006280.KS,녹십자,127600.0,43.6,1491200000000.0,4504030536,20.5,-30.6,0,1,False,False,False,False,False,False,False,True,False,False,False
432470.KQ,케이엔에스,9860.0,43.5,86500000000.0,1846528144,66.6,-51.7,0,3,False,False,False,False,True,False,False,True,True,False,False
272210.KS,한화시스템,68800.0,43.4,12997700000000.0,40001698322,53.7,-62.6,5,3,False,False,False,False,True,True,False,False,True,False,False
354320.KQ,알멕,32300.0,43.3,206400000000.0,2110517081,70.9,-68.9,5,4,False,False,False,False,True,True,False,True,True,False,False
138930.KS,BNK금융지주,15390.0,43.1,4722300000000.0,17106565576,12.7,-33.2,5,2,False,False,False,False,True,True,False,False,False,False,False
037440.KQ,희림,4385.0,43.0,61100000000.0,3957988697,41.7,-41.2,1,4,False,False,False,False,True,True,False,True,True,False,False
396470.KQ,워트,6310.0,42.9,101700000000.0,1922947010,53.0,-42.4,0,2,False,False,False,False,False,False,False,True,True,False,False
078600.KQ,대주전자재료,84600.0,42.8,1328600000000.0,13777539632,43.6,-53.8,5,4,False,False,False,False,True,True,False,True,True,False,False
000270.KS,기아,126500.0,42.7,49387200000000.0,133101232564,26.5,-40.5,5,2,False,False,False,False,True,True,False,False,False,False,False
462870.KS,시프트업,31850.0,42.6,1870900000000.0,2358540526,15.8,-28.7,0,0,False,False,False,False,False,False,False,False,False,False,False
003670.KS,포스코퓨처엠,183600.0,42.5,16330500000000.0,54268945884,60.1,-38.7,0,3,False,False,False,False,True,False,False,True,True,False,False
069960.KS,현대백화점,96200.0,42.4,2074500000000.0,22380979426,39.3,-56.7,5,4,False,False,False,False,True,True,True,False,True,False,False
010960.KS,삼호개발,3160.0,42.3,76200000000.0,9404936387,17.0,-42.5,0,1,False,False,False,False,True,False,False,False,False,False,False
003680.KS,한성기업,4820.0,42.1,29900000000.0,12613850841,23.1,-72.2,2,1,False,False,False,False,False,True,False,False,False,False,False
009450.KS,경동나비엔,61000.0,42.0,888700000000.0,3132481254,15.1,-26.7,0,1,False,False,False,False,True,False,False,False,False,False,False
002680.KQ,한탑,2700.0,41.9,17500000000.0,1289711937,80.6,-47.6,0,2,False,False,False,False,False,False,False,True,True,False,False
006660.KS,삼성공조,12310.0,41.8,100000000000.0,15277747248,40.0,-38.4,0,2,False,False,False,False,False,False,False,True,True,False,False
052020.KQ,에스티큐브,8050.0,41.7,547300000000.0,1592020429,33.9,-64.2,1,3,False,False,False,False,True,True,False,False,True,False,False
323410.KS,카카오뱅크,21950.0,41.6,10472800000000.0,18883671516,14.9,-25.6,0,2,False,False,False,False,True,False,False,True,False,False,False
104830.KQ,원익머트리얼즈,32000.0,41.5,403500000000.0,2505580219,39.7,-43.0,5,3,False,False,False,False,True,True,False,False,True,False,False
267260.KS,HD현대일렉트릭,714000.0,41.4,25737700000000.0,126761919640,52.6,-50.1,0,2,False,False,False,False,True,False,False,False,True,False,False
082740.KS,한화엔진,45600.0,41.2,3805200000000.0,35031960781,27.4,-51.7,0,1,False,False,False,False,True,False,False,False,False,False,False
036460.KS,한국가스공사,35100.0,41.1,3240200000000.0,5463787351,12.7,-23.2,0,2,False,False,False,False,False,False,False,True,False,True,False
119830.KQ,아이텍,6080.0,41.0,161400000000.0,1317389659,41.4,-37.5,1,4,False,False,False,False,True,True,False,True,True,False,False
265520.KQ,AP시스템,18830.0,40.9,283400000000.0,1183652491,20.7,-39.5,0,1,False,False,False,False,True,False,False,False,False,False,False
457190.KS,이수스페셜티케미컬,63300.0,40.8,1912900000000.0,8249629219,47.2,-52.0,5,4,False,False,False,False,True,True,False,True,True,False,False
036810.KQ,에프에스티,25550.0,40.7,553200000000.0,3600319966,70.3,-49.9,0,3,False,False,False,False,True,False,False,True,True,False,False
060720.KQ,KH바텍,10890.0,40.6,257800000000.0,3022818730,32.0,-45.4,0,3,False,False,False,False,True,False,False,True,True,False,False
195940.KQ,HK이노엔,42050.0,40.5,1191300000000.0,5662014512,20.8,-28.2,0,1,False,False,False,False,False,False,False,True,False,False,False
007310.KS,오뚜기,334000.0,40.4,1338600000000.0,1619186210,15.0,-28.9,0,1,False,False,False,False,False,False,False,True,False,False,False
011230.KS,삼화전자공업,2575.0,40.2,49400000000.0,5995294992,28.1,-47.7,0,0,False,False,False,False,False,False,False,False,False,False,False
052690.KS,한전기술,107600.0,40.1,4112500000000.0,23086090114,39.6,-45.7,5,4,False,False,False,False,True,True,False,True,True,False,False
417010.KQ,나노팀,6460.0,40.0,130300000000.0,2764361824,94.0,-59.4,1,4,False,False,False,False,True,True,False,True,True,False,False
456010.KQ,아이씨티케이,14870.0,39.9,215600000000.0,4002549685,35.2,-62.8,0,2,False,False,False,False,True,False,False,False,True,False,False
020150.KS,롯데에너지머티리얼즈,36850.0,39.8,1929700000000.0,7603188842,70.6,-55.7,5,4,False,False,False,False,True,True,False,True,True,False,False
025860.KS,남해화학,6360.0,39.7,316000000000.0,3367798058,21.1,-50.4,0,2,False,False,False,False,True,False,False,True,False,False,False
189300.KQ,인텔리안테크,63100.0,39.6,677500000000.0,5440746643,61.8,-65.0,5,3,False,False,False,False,True,True,False,False,True,False,False
000490.KS,대동,8400.0,39.5,242100000000.0,4115016890,53.6,-38.4,0,2,False,False,False,False,False,False,False,True,True,False,False
001720.KS,신영증권,148000.0,39.4,2433100000000.0,1424556554,24.1,-45.6,5,2,False,False,False,False,True,True,False,False,False,False,False
004020.KS,현대제철,31500.0,39.2,4203500000000.0,16316272344,33.2,-37.5,0,3,False,False,False,False,True,False,False,True,True,False,False
014820.KS,동원시스템즈,21700.0,39.1,629100000000.0,1108364301,23.9,-29.3,0,1,False,False,False,False,False,False,False,True,False,False,False
029780.KS,삼성카드,46150.0,39.0,5346900000000.0,4966684980,4.8,-33.3,0,0,False,False,False,False,False,False,False,False,False,False,False
004990.KS,롯데지주,24750.0,38.9,2466700000000.0,3436791716,17.0,-37.5,0,1,False,False,False,False,False,False,False,True,False,False,False
377300.KS,카카오페이,47300.0,38.8,6398400000000.0,13278449274,29.4,-40.3,0,2,False,False,False,False,True,False,False,True,False,False,False
232680.KQ,라온로보틱스,9400.0,38.7,124600000000.0,1960736853,38.2,-60.8,5,4,False,False,False,False,True,True,False,True,True,False,False
037030.KQ,파워넷,3175.0,38.6,81000000000.0,1233830439,31.2,-69.5,5,3,False,False,False,False,True,True,False,False,True,False,False
039490.KS,키움증권,270500.0,38.5,7094800000000.0,32501017690,38.2,-47.7,5,3,False,False,False,False,True,True,False,False,True,False,False
452280.KQ,한선엔지니어링,10180.0,38.4,195900000000.0,2830418012,44.0,-72.7,5,3,False,False,False,False,True,True,False,False,True,False,False
464080.KQ,에스오에스랩,10160.0,38.2,183000000000.0,1264109945,55.1,-64.6,0,2,False,False,False,False,False,False,False,True,True,False,False
464080.KQ,에스오에스랩,10160.0,38.2,183000000000.0,1264109945,55.1,-64.6,0,2,False,False,False,False,False,False,False,True,True,False,False
004980.KS,성신양회,8400.0,38.0,205900000000.0,1642352768,23.9,-45.1,0,1,False,False,False,False,False,False,False,True,False,False,False
037070.KQ,파세코,6150.0,37.9,123000000000.0,17258172815,23.2,-38.4,0,1,False,False,False,False,True,False,False,False,False,False,False
009540.KS,HD한국조선해양,348500.0,37.8,24664400000000.0,71471261950,11.0,-29.5,0,0,False,False,False,False,False,False,False,False,False,False,False
130660.KS,한전산업,12000.0,37.7,391200000000.0,3995261460,36.2,-56.8,0,3,False,False,False,False,True,False,False,True,True,False,False
270660.KQ,에브리봇,14210.0,37.6,180300000000.0,2422541434,50.1,-55.5,0,2,False,False,False,False,False,False,False,True,True,False,False
003540.KS,대신증권,26500.0,37.5,1263200000000.0,2008690213,16.5,-48.4,0,2,False,False,False,False,True,False,False,True,False,False,False
006920.KQ,모헨즈,3390.0,37.3,37000000000.0,2035693557,26.7,-55.6,1,3,False,False,False,False,True,True,False,True,False,False,False
058470.KQ,리노공업,66600.0,37.2,5075700000000.0,53610520786,49.5,-48.4,5,3,False,False,False,False,True,True,False,False,True,False,False
049720.KQ,고려신용정보,9090.0,37.1,130000000000.0,1606483343,3.1,-23.9,0,1,False,False,False,False,False,False,False,False,False,True,False
019170.KS,신풍제약,10010.0,37.0,524700000000.0,3575681878,58.6,-37.0,0,2,False,False,False,False,False,False,False,True,True,False,False
088980.KS,맥쿼리인프라,9920.0,36.9,4750900000000.0,15480522105,6.4,-16.6,0,1,False,False,False,False,False,False,False,False,False,True,False
023410.KQ,유진기업,3190.0,36.8,246600000000.0,6727302158,8.1,-38.7,5,2,False,False,False,False,True,True,False,False,False,False,False
002070.KS,비비안,5180.0,36.7,24900000000.0,1326842064,74.1,-56.1,0,2,False,False,False,False,False,False,False,True,True,False,False
015750.KQ,성우하이텍,5970.0,36.6,477600000000.0,1564517960,22.3,-50.2,0,2,False,False,False,False,True,False,False,True,False,False,False
237690.KQ,에스티팜,101200.0,36.5,2112700000000.0,18411641808,20.3,-41.2,5,2,False,False,False,False,True,True,False,False,False,False,False
035250.KS,강원랜드,14750.0,36.3,3155600000000.0,5587990077,6.0,-24.7,0,2,False,False,False,False,False,False,False,True,False,True,False
443670.KQ,에스피소프트,4070.0,36.2,97700000000.0,3180325717,61.5,-44.2,0,2,False,False,False,False,False,False,False,True,True,False,False
041190.KQ,우리기술투자,6220.0,36.1,522500000000.0,19056838941,67.0,-52.7,0,2,False,False,False,False,False,False,False,True,True,False,False
051600.KS,한전KPS,45800.0,36.0,2061000000000.0,5215878551,10.4,-33.6,0,2,False,False,False,False,True,False,False,True,False,False,False
051600.KS,한전KPS,45800.0,36.0,2061000000000.0,5215878551,10.4,-33.6,0,2,False,False,False,False,True,False,False,True,False,False,False
099320.KQ,쎄트렉아이,70700.0,35.8,774300000000.0,4161539376,54.9,-68.4,5,3,False,False,False,False,True,True,False,False,True,False,False
049630.KQ,재영솔루텍,7140.0,35.7,166800000000.0,3073859842,100.6,-82.4,5,3,False,False,False,False,False,True,False,True,True,False,False
278280.KQ,천보,39700.0,35.6,486400000000.0,1298314098,53.3,-50.7,0,2,False,False,False,False,False,False,False,True,True,False,False
025980.KQ,아난티,5710.0,35.5,555600000000.0,17791826103,81.3,-47.5,0,2,False,False,False,False,False,False,False,True,True,False,False
097950.KS,CJ제일제당,183400.0,35.3,2760900000000.0,12834239584,6.3,-27.2,0,0,False,False,False,False,False,False,False,False,False,False,False
027360.KQ,아주IB투자,3185.0,35.2,385800000000.0,9537191023,66.5,-84.0,5,3,False,False,False,False,True,True,False,False,True,False,False
373220.KS,LG에너지솔루션,358500.0,35.1,83889000000000.0,121007404420,23.4,-32.0,0,1,False,False,False,False,False,False,False,True,False,False,False
475430.KQ,키스트론,4170.0,35.0,74400000000.0,9844592836,25.8,-46.7,0,1,False,False,False,False,True,False,False,False,False,False,False
215200.KQ,메가스터디교육,35300.0,34.9,365900000000.0,1449603734,1.7,-30.5,0,1,False,False,True,False,True,False,False,False,False,False,False
061970.KQ,LB세미콘,3865.0,34.8,270900000000.0,2897709452,34.0,-45.7,0,2,False,False,False,False,True,False,False,False,True,False,False
003720.KS,삼영,6060.0,34.7,206000000000.0,2421130457,38.8,-56.7,5,3,False,False,False,False,True,True,False,False,True,False,False
000080.KS,하이트진로,15540.0,34.6,1089900000000.0,1858693963,12.4,-20.4,0,2,False,False,False,False,False,False,False,True,False,True,False
031430.KS,신세계인터내셔날,10410.0,34.4,364200000000.0,1011226393,9.0,-39.2,5,2,False,False,False,False,True,True,False,False,False,False,False
000020.KS,동화약품,5210.0,34.3,145500000000.0,2065833760,17.1,-31.1,0,1,False,False,False,False,False,False,False,True,False,False,False
086520.KQ,에코프로,82400.0,34.2,11188000000000.0,94959811108,80.9,-56.6,5,3,False,False,False,False,True,True,False,False,True,False,False
499790.KS,GS피앤엘,42800.0,34.1,848800000000.0,4168823220,32.7,-36.1,1,4,False,False,False,False,True,True,False,True,True,False,False
950220.KQ,네오이뮨텍,2575.0,34.0,88100000000.0,2712844939,130.9,-57.6,0,3,False,False,False,True,False,False,False,True,True,False,False
126340.KQ,비나텍,59400.0,33.9,426500000000.0,7632354335,91.2,-71.0,5,3,False,False,False,False,True,True,False,False,True,False,False
117730.KQ,티로보틱스,13150.0,33.8,296600000000.0,1391604956,34.2,-57.4,0,2,False,False,False,False,False,False,False,True,True,False,False
005010.KS,휴스틸,3830.0,33.7,215200000000.0,1274370264,23.2,-47.5,0,2,False,False,False,False,True,False,False,True,False,False,False
035420.KS,NAVER,213500.0,33.6,32468300000000.0,226184915138,17.9,-29.8,0,1,False,False,False,False,False,False,False,True,False,False,False
009270.KS,신원,1163.0,33.4,133500000000.0,1048192450,29.5,-39.8,0,1,False,False,False,False,False,False,False,True,False,False,False
011930.KS,신성이엔지,16110.0,33.3,327100000000.0,3705630003,42.6,-67.6,0,2,False,False,False,False,True,False,False,False,True,False,False
003280.KS,흥아해운,1724.0,33.2,414500000000.0,22227129013,13.1,-64.0,0,2,False,False,False,False,True,False,False,True,False,False,False
003530.KS,한화투자증권,5100.0,33.1,1094200000000.0,7380065313,45.1,-50.5,0,3,False,False,False,False,True,False,False,True,True,False,False
213420.KQ,덕산네오룩스,32250.0,33.0,800800000000.0,4914775108,31.6,-43.7,0,3,False,False,False,False,True,False,False,True,True,False,False
187790.KQ,나노,3060.0,32.9,94400000000.0,1229990968,81.6,-59.5,5,3,False,False,False,False,True,True,False,False,True,False,False
054920.KQ,한컴위드,3745.0,32.8,105700000000.0,1028232827,34.0,-58.3,0,3,False,False,False,False,True,False,False,True,True,False,False
100840.KS,SNT에너지,32700.0,32.7,676300000000.0,4632541028,54.2,-51.8,0,3,False,False,False,False,True,False,False,True,True,False,False
241520.KQ,DSC인베스트먼트,7990.0,32.6,212500000000.0,1631636817,33.2,-59.4,5,3,False,False,False,False,True,True,False,False,True,False,False
064960.KS,SNT모티브,26250.0,32.4,696700000000.0,1887038373,8.9,-35.7,0,0,False,False,False,False,False,False,False,False,False,False,False
298050.KS,HS효성첨단소재,172800.0,32.3,774100000000.0,2642929782,28.0,-38.7,0,2,False,False,False,False,True,False,False,True,False,False,False
139480.KS,이마트,73500.0,32.2,2028300000000.0,9335535178,4.6,-46.1,5,2,False,False,False,False,True,True,False,False,False,False,False
174900.KQ,앱클론,21600.0,32.1,431000000000.0,4755187703,120.6,-77.5,5,3,False,False,False,False,True,True,False,False,True,False,False
111710.KQ,남화산업,3355.0,32.0,69100000000.0,4375202137,29.0,-57.1,0,0,False,False,False,False,False,False,False,False,False,False,False
111710.KQ,남화산업,3355.0,32.0,69100000000.0,4375202137,29.0,-57.1,0,0,False,False,False,False,False,False,False,False,False,False,False
036010.KQ,아비코전자,7000.0,31.8,93100000000.0,1192154261,60.6,-50.9,0,3,False,False,False,False,True,False,False,True,True,False,False
023790.KQ,동일스틸럭스,1447.0,31.7,18900000000.0,2078999692,46.0,-83.6,0,2,False,False,False,False,False,False,False,True,True,False,False
425040.KQ,티이엠씨,8380.0,31.6,183700000000.0,2467764439,33.0,-72.3,0,2,False,False,False,False,True,False,False,False,True,False,False
263750.KQ,펄어비스,34500.0,31.4,2168100000000.0,12765050414,17.1,-55.4,0,2,False,False,False,False,True,False,False,True,False,False,False
010140.KS,삼성중공업,21400.0,31.3,18832000000000.0,76428149641,16.1,-39.5,0,1,False,False,False,False,True,False,False,False,False,False,False
108860.KQ,셀바스AI,9190.0,31.2,247300000000.0,7170194293,50.7,-47.7,0,2,False,False,False,False,False,False,False,True,True,False,False
260970.KQ,에스앤디,54000.0,31.1,156200000000.0,1393179500,28.3,-60.3,0,1,False,False,False,False,False,False,False,True,False,False,False
399720.KQ,가온칩스,42100.0,31.0,499300000000.0,11134429441,20.5,-49.4,0,1,False,False,False,False,True,False,False,False,False,False,False
009830.KS,한화솔루션,30050.0,30.9,6758000000000.0,107306269251,36.6,-49.3,1,3,False,False,False,False,True,True,False,False,True,False,False
078150.KQ,HB테크놀러지,1876.0,30.8,178100000000.0,1612099733,19.1,-69.4,0,1,False,False,False,False,True,False,False,False,False,False,False
002140.KS,고려산업,2060.0,30.7,51400000000.0,5326701546,25.0,-38.0,0,1,False,False,False,False,False,False,False,True,False,False,False
103140.KS,풍산,78400.0,30.5,2197100000000.0,10501989382,42.0,-50.8,0,2,False,False,False,False,False,False,False,True,True,False,False
000100.KS,유한양행,81400.0,30.4,5992300000000.0,21806794436,25.2,-37.0,0,1,False,False,False,False,False,False,False,True,False,False,False
226950.KQ,올릭스,95900.0,30.3,2019900000000.0,36660498652,85.3,-55.8,5,3,False,False,False,False,True,True,False,False,True,False,False
046120.KQ,오르비텍,4325.0,30.2,146400000000.0,1331718725,33.5,-73.6,5,3,False,False,False,False,True,True,False,False,True,False,False
094940.KQ,푸른로보틱스,6770.0,30.1,56600000000.0,1657057925,43.6,-56.9,0,3,False,False,False,False,True,False,False,True,True,False,False
468530.KQ,프로티나,30750.0,30.0,341500000000.0,2717750428,116.5,-74.4,0,2,False,False,False,False,False,False,False,True,True,False,False
042370.KQ,비츠로테크,8110.0,29.9,212500000000.0,1204287713,24.4,-65.9,0,1,False,False,False,False,True,False,False,False,False,False,False
314130.KQ,지놈앤컴퍼니,3435.0,29.8,179600000000.0,1554315454,40.8,-66.3,5,3,False,False,False,False,True,True,False,False,True,False,False
001340.KS,PKC,5100.0,29.7,229600000000.0,1026043098,25.2,-37.8,0,1,False,False,False,False,True,False,False,False,False,False,False
048410.KQ,현대바이오,6210.0,29.5,599300000000.0,6165994339,36.0,-71.1,5,3,False,False,False,False,True,True,False,False,True,False,False
326030.KS,에스케이바이오팜,86600.0,29.4,6781900000000.0,11827369692,18.6,-39.9,0,1,False,False,False,False,False,False,False,True,False,False,False
005300.KS,롯데칠성음료,98300.0,29.3,912100000000.0,1851552634,4.7,-36.5,0,0,False,False,False,False,False,False,False,False,False,False,False
008350.KS,남선알미늄,1052.0,29.2,135800000000.0,1359341350,19.4,-69.8,0,2,False,False,False,False,True,False,False,True,False,False,False
011210.KS,현대위아,57600.0,29.1,1566400000000.0,5246186062,22.7,-48.8,5,2,False,False,False,False,True,True,False,False,False,False,False
142280.KQ,녹십자엠에스,3215.0,29.0,77000000000.0,1886050446,46.1,-51.7,0,2,False,False,False,False,False,False,False,True,True,False,False
018880.KS,한온시스템,3525.0,28.9,3617600000000.0,16801285284,27.9,-40.7,0,1,False,False,False,False,True,False,False,False,False,False,False
046940.KQ,우원개발,2900.0,28.8,52400000000.0,3712428366,17.4,-56.1,5,2,False,False,False,False,True,True,False,False,False,False,False
302440.KS,SK바이오사이언스,37900.0,28.7,2973500000000.0,3423818594,19.2,-38.2,0,1,False,False,False,False,False,False,False,True,False,False,False
053700.KQ,삼보모터스,4040.0,28.5,107900000000.0,1210158836,14.8,-59.6,1,3,False,False,False,False,True,True,False,True,False,False,False
149950.KQ,아바텍,9090.0,28.4,124200000000.0,1231427905,34.7,-53.4,0,3,False,False,False,False,True,False,False,True,True,False,False
008770.KS,호텔신라,42200.0,28.3,1656300000000.0,12176979577,6.3,-40.0,0,1,False,False,False,False,True,False,False,False,False,False,False
039200.KQ,오스코텍,36600.0,28.2,1400200000000.0,6041710790,34.1,-44.5,0,2,False,False,False,False,False,False,False,True,True,False,False
255440.KQ,야스,7170.0,28.1,93600000000.0,2671578716,96.4,-46.7,0,2,False,False,False,False,False,False,False,True,True,False,False
185750.KS,종근당,68000.0,28.0,938600000000.0,1667736674,7.9,-30.7,0,0,False,False,False,False,False,False,False,False,False,False,False
041510.KQ,에스엠,79000.0,27.9,1808700000000.0,7684032030,23.6,-48.0,0,1,False,False,False,False,False,False,False,True,False,False,False
222080.KQ,SFA넥셀,7550.0,27.8,587200000000.0,4397640388,32.7,-62.0,5,3,False,False,False,False,True,True,False,False,True,False,False
025540.KS,한국단자공업,55800.0,27.6,564400000000.0,1427986722,3.5,-40.6,5,2,False,False,False,False,True,True,False,False,False,False,False
101730.KQ,위메이드맥스,4095.0,27.5,343200000000.0,3098217193,57.5,-49.8,0,2,False,False,False,False,False,False,False,True,True,False,False
002030.KS,아세아,206500.0,27.4,425200000000.0,1090434340,30.9,-48.6,0,2,False,False,False,False,False,False,False,True,True,False,False
215600.KQ,신라젠,2365.0,27.3,327700000000.0,4581212601,32.9,-56.2,0,2,False,False,False,False,False,False,False,True,True,False,False
005360.KS,모나미,1353.0,27.2,25600000000.0,6653613382,27.0,-69.8,0,0,False,False,False,False,False,False,False,False,False,False,False
232140.KQ,와이씨,11730.0,27.1,962400000000.0,12693124738,72.0,-51.4,0,3,False,False,False,False,True,False,False,True,True,False,False
009520.KQ,포스코엠텍,12650.0,27.0,526800000000.0,2342230857,53.0,-45.2,0,2,False,False,False,False,False,False,False,True,True,False,False
005070.KS,코스모신소재,39000.0,26.9,1295400000000.0,4165265729,46.6,-41.3,0,2,False,False,False,False,False,False,False,True,True,False,False
126700.KQ,하이비젼시스템,11500.0,26.8,171800000000.0,1013431083,43.8,-46.5,0,2,False,False,False,False,False,False,False,True,True,False,False
025900.KQ,동화기업,7190.0,26.6,363500000000.0,1161805379,59.8,-44.6,0,2,False,False,False,False,False,False,False,True,True,False,False
020000.KS,한섬,15500.0,26.5,332900000000.0,2278675814,9.3,-46.1,5,2,False,False,False,False,True,True,False,False,False,False,False
458870.KQ,씨어스,21350.0,26.4,818700000000.0,8079824858,65.9,-66.7,0,1,False,False,False,False,False,False,False,False,True,False,False
383310.KQ,에코프로에이치엔,22950.0,26.3,481400000000.0,5299889125,14.7,-51.1,0,1,False,False,False,False,True,False,False,False,False,False,False
042110.KQ,에스씨디,1071.0,26.2,51800000000.0,2561415916,7.3,-35.9,0,1,False,False,False,False,True,False,False,False,False,False,False
097230.KS,HJ중공업,16110.0,26.1,1454700000000.0,7721899166,24.8,-53.1,0,0,False,False,False,False,False,False,False,False,False,False,False
013120.KQ,동원개발,2165.0,26.0,196600000000.0,3740245414,12.8,-40.4,0,0,False,False,False,False,False,False,False,False,False,False,False
121600.KQ,나노신소재,47000.0,25.9,576300000000.0,2799406487,41.6,-50.7,0,3,False,False,False,False,True,False,False,True,True,False,False
051910.KS,LG화학,282000.0,25.8,19907000000000.0,54407614590,25.9,-35.5,0,1,False,False,False,False,False,False,False,True,False,False,False
201490.KQ,미투온,2615.0,25.6,85600000000.0,1908756966,50.5,-61.5,0,2,False,False,False,False,False,False,False,True,True,False,False
030520.KQ,한글과컴퓨터,17410.0,25.5,421000000000.0,2088292783,17.6,-37.4,0,0,False,False,False,False,False,False,False,False,False,False,False
010690.KS,화신,7750.0,25.4,270600000000.0,4607629217,20.9,-53.6,0,1,False,False,False,False,True,False,False,False,False,False,False
067080.KQ,대화제약,10960.0,25.3,204000000000.0,1276480576,46.9,-56.0,0,2,False,False,False,False,False,False,False,True,True,False,False
108230.KQ,톱텍,3305.0,25.2,125700000000.0,2198899463,29.6,-37.2,0,1,False,False,False,False,False,False,False,True,False,False,False
259960.KS,크래프톤,216500.0,25.1,9904400000000.0,25577282050,8.6,-37.1,0,0,False,False,False,False,False,False,False,False,False,False,False
290650.KQ,엘앤씨바이오,47900.0,25.0,1291800000000.0,16787335183,64.3,-61.7,5,3,False,False,False,False,True,True,False,False,True,False,False
003310.KQ,대주산업,1682.0,24.9,59500000000.0,1225246836,24.1,-72.4,1,3,False,False,False,False,True,True,False,True,False,False,False
069620.KS,대웅제약,116100.0,24.8,1345200000000.0,4811916096,10.6,-41.8,0,0,False,False,False,False,False,False,False,False,False,False,False
079900.KS,전진건설로봇,41500.0,24.6,605600000000.0,3671050392,62.1,-44.2,0,3,False,False,False,False,True,False,False,True,True,False,False
006220.KS,제주은행,10070.0,24.5,380600000000.0,3707393839,25.9,-46.5,0,1,False,False,False,False,False,False,False,True,False,False,False
064260.KQ,다날,5200.0,24.4,393400000000.0,17822911404,36.7,-53.7,0,2,False,False,False,False,False,False,False,True,True,False,False
254490.KQ,미래반도체,15280.0,24.3,220600000000.0,1720299820,45.2,-68.1,0,2,False,False,False,False,True,False,False,False,True,False,False
049480.KQ,오픈베이스,1840.0,24.2,57800000000.0,1063587794,21.0,-56.1,0,0,False,False,False,False,False,False,False,False,False,False,False
014680.KS,한솔케미칼,193100.0,24.1,2084300000000.0,11709168132,21.8,-44.3,0,1,False,False,False,False,True,False,False,False,False,False,False
105840.KS,우진,12900.0,24.0,260500000000.0,2698640823,24.9,-59.3,0,1,False,False,False,False,True,False,False,False,False,False,False
095660.KQ,네오위즈,17910.0,23.9,387500000000.0,1123306942,11.2,-43.2,0,0,False,False,False,False,False,False,False,False,False,False,False
003090.KS,대웅,16860.0,23.7,980300000000.0,1050569521,9.4,-44.9,0,0,False,False,False,False,False,False,False,False,False,False,False
489790.KS,한화비전,49400.0,23.6,2494100000000.0,11942235397,59.6,-49.5,1,4,False,False,False,False,True,True,False,True,True,False,False
079370.KQ,제우스,10100.0,23.5,313300000000.0,2181152212,53.5,-51.8,0,2,False,False,False,False,False,False,False,True,True,False,False
000120.KS,CJ대한통운,73400.0,23.4,1674400000000.0,3657249014,5.8,-52.3,0,0,False,False,False,False,False,False,False,False,False,False,False
348340.KQ,뉴로메카,17240.0,23.3,403600000000.0,6502789817,44.5,-79.2,5,3,False,False,False,False,True,True,False,False,True,False,False
199800.KQ,툴젠,35600.0,23.2,320300000000.0,1033586378,22.5,-74.9,0,0,False,False,False,False,False,False,False,False,False,False,False
336370.KS,솔루스첨단소재,7450.0,23.1,523100000000.0,1061437333,39.8,-55.9,0,2,False,False,False,False,True,False,False,False,True,False,False
465770.KS,STX그린로지스,3750.0,23.0,27100000000.0,8408665282,124.7,-60.9,0,2,False,False,False,False,False,False,False,True,True,False,False
011170.KS,롯데케미칼,60000.0,22.9,2566500000000.0,7459243054,14.3,-49.8,0,2,False,False,False,False,True,False,False,True,False,False,False
299660.KQ,셀리드,2415.0,22.7,71200000000.0,4211577020,148.2,-49.3,0,2,False,False,False,False,False,False,False,True,True,False,False
333430.KQ,일승,3840.0,22.6,118000000000.0,4878008256,34.7,-63.2,0,2,False,False,False,False,False,False,False,True,True,False,False
389260.KQ,대명에너지,13150.0,22.5,235600000000.0,5836830214,24.2,-52.4,0,0,False,False,False,False,False,False,False,False,False,False,False
092200.KS,디아이씨,5810.0,22.4,225900000000.0,3482205657,53.3,-61.7,1,3,False,False,False,False,False,True,False,True,True,False,False
457370.KQ,한켐,7900.0,22.3,63700000000.0,7551077880,44.7,-53.6,0,3,False,False,False,False,True,False,False,True,True,False,False
417200.KQ,LS머트리얼즈,10960.0,22.2,741500000000.0,6845899417,26.0,-66.5,0,1,False,False,False,False,True,False,False,False,False,False,False
003620.KS,KG모빌리티,2635.0,22.1,533300000000.0,1408416414,4.4,-43.6,0,0,False,False,False,False,False,False,False,False,False,False,False
032500.KQ,케이엠더블유,14650.0,22.0,618100000000.0,3656645183,27.4,-63.4,5,2,False,False,False,False,True,True,False,False,False,False,False
011500.KS,한농화성,13290.0,21.9,207800000000.0,1007996030,43.7,-54.9,0,3,False,False,False,False,True,False,False,True,True,False,False
100090.KS,SK오션플랜트,13860.0,21.7,865900000000.0,30132712530,25.9,-56.1,0,0,False,False,False,False,False,False,False,False,False,False,False
086390.KQ,유니테스트,11330.0,21.6,239400000000.0,2367624890,87.9,-52.2,0,3,False,False,False,False,True,False,False,True,True,False,False
094480.KQ,갤럭시아머니트리,6120.0,21.5,240100000000.0,4802555786,50.9,-50.0,0,2,False,False,False,False,False,False,False,True,True,False,False
000670.KS,영풍,39300.0,21.4,723500000000.0,1158751099,26.8,-45.2,0,1,False,False,False,False,False,False,False,True,False,False,False
068760.KQ,셀트리온제약,40850.0,21.3,1813800000000.0,3414541965,10.4,-47.8,0,0,False,False,False,False,False,False,False,False,False,False,False
455900.KQ,엔젤로보틱스,20500.0,21.2,315600000000.0,2255943676,38.0,-53.4,0,2,False,False,False,False,False,False,False,True,True,False,False
388720.KQ,유일로보틱스,65000.0,21.1,765800000000.0,2200125832,20.8,-58.1,0,1,False,False,False,False,True,False,False,False,False,False,False
112290.KQ,와이씨켐,9280.0,21.0,187700000000.0,1227621313,25.4,-47.6,0,1,False,False,False,False,True,False,False,False,False,False,False
310210.KQ,보로노이,153000.0,20.8,2834100000000.0,14866691926,56.9,-59.3,0,2,False,False,False,False,True,False,False,False,True,False,False
082800.KQ,비보존 제약,3100.0,20.7,188200000000.0,1545962027,49.8,-63.4,0,2,False,False,False,False,False,False,False,True,True,False,False
022100.KS,포스코DX,21650.0,20.6,3291600000000.0,16781057634,31.1,-52.5,0,3,False,False,False,False,True,False,False,True,True,False,False
163730.KQ,핑거,9570.0,20.5,115000000000.0,1058223301,54.4,-62.7,0,3,False,False,False,False,True,False,False,True,True,False,False
460930.KQ,현대힘스,13260.0,20.4,470900000000.0,10044191407,27.7,-60.4,0,0,False,False,False,False,False,False,False,False,False,False,False
214430.KQ,아이쓰리시스템,59800.0,20.3,437000000000.0,2015681324,21.4,-56.6,0,1,False,False,False,False,True,False,False,False,False,False,False
158430.KQ,아톤,4850.0,20.2,118700000000.0,1024643833,47.0,-57.3,0,2,False,False,False,False,False,False,False,True,True,False,False
089010.KQ,켐트로닉스,21550.0,20.1,361400000000.0,1716792595,32.6,-55.9,0,1,False,False,False,False,False,False,False,False,True,False,False
000890.KS,보해양조,1406.0,20.0,38800000000.0,7558058395,14.3,-68.0,0,0,False,False,False,False,False,False,False,False,False,False,False
000890.KS,보해양조,1406.0,20.0,38800000000.0,7558058395,14.3,-68.0,0,0,False,False,False,False,False,False,False,False,False,False,False
005690.KS,파미셀,10500.0,19.7,630000000000.0,9274092006,29.0,-50.4,0,0,False,False,False,False,False,False,False,False,False,False,False
200710.KQ,에이디테크놀로지,23300.0,19.6,313700000000.0,5985331024,13.7,-62.4,5,2,False,False,False,False,True,True,False,False,False,False,False
042940.KQ,상지건설,6000.0,19.5,41000000000.0,1884913818,22.0,-63.9,0,0,False,False,False,False,False,False,False,False,False,False,False
002710.KS,TCC스틸,11180.0,19.4,293100000000.0,1013030461,77.2,-51.3,0,2,False,False,False,False,False,False,False,True,True,False,False
406820.KQ,뷰티스킨,1916.0,19.3,27100000000.0,1537182567,25.6,-90.0,0,1,False,False,False,False,False,False,False,True,False,False,False
272290.KQ,이녹스첨단소재,20450.0,19.2,407700000000.0,2434408592,22.5,-53.9,0,1,False,False,False,False,True,False,False,False,False,False,False
365340.KQ,성일하이텍,37200.0,19.1,480700000000.0,1701109235,56.3,-56.5,0,3,False,False,False,False,True,False,False,True,True,False,False
064820.KQ,케이프,7520.0,19.0,232100000000.0,1013927168,9.3,-57.0,0,1,False,False,False,False,True,False,False,False,False,False,False
253840.KQ,수젠텍,4450.0,18.8,74500000000.0,1416624879,26.1,-46.1,0,1,False,False,False,False,False,False,False,True,False,False,False
024060.KQ,흥구석유,10820.0,18.7,162300000000.0,37711052834,21.3,-70.1,0,2,False,False,False,False,True,False,False,True,False,False,False
365550.KS,ESR켄달스퀘어리츠,3085.0,18.6,759200000000.0,1428103934,5.5,-35.7,0,0,False,False,False,False,False,False,False,False,False,False,False
039130.KS,하나투어,32500.0,18.5,503400000000.0,1005740938,13.6,-39.8,0,1,False,False,False,False,False,False,False,True,False,False,False
214330.KS,금호에이치티,5910.0,18.4,61800000000.0,3562489849,32.1,-55.2,0,2,False,False,False,False,False,False,False,True,True,False,False
453450.KQ,그리드위즈,12880.0,18.3,102300000000.0,1248875368,20.4,-56.8,0,1,False,False,False,False,True,False,False,False,False,False,False
318060.KQ,그래피,18150.0,18.2,203000000000.0,1830624439,121.1,-73.7,2,4,False,False,False,False,True,True,False,True,True,False,False
004090.KS,한국석유공업,11330.0,18.1,143800000000.0,3900130212,16.9,-66.3,0,2,False,False,False,False,True,False,False,True,False,False,False
148780.KQ,비큐AI,3770.0,17.9,23700000000.0,2511920470,103.8,-63.7,0,2,False,False,False,False,False,False,False,True,True,False,False
329180.KS,HD현대중공업,436500.0,17.8,45815600000000.0,132863539850,6.1,-42.9,0,1,False,False,False,False,True,False,False,False,False,False,False
056080.KQ,유진로봇,11890.0,17.7,454600000000.0,4132945032,28.5,-76.0,0,1,False,False,False,False,True,False,False,False,False,False,False
454910.KS,두산로보틱스,68400.0,17.6,4433700000000.0,37530718178,26.2,-59.8,0,1,False,False,False,False,True,False,False,False,False,False,False
039440.KQ,에스티아이,19430.0,17.5,301300000000.0,2706394438,12.2,-55.0,0,1,False,False,False,False,True,False,False,False,False,False,False
060280.KQ,큐렉소,8130.0,17.4,335400000000.0,1860819350,16.6,-63.9,0,1,False,False,False,False,True,False,False,False,False,False,False
168360.KQ,펨트론,12740.0,17.3,285300000000.0,1520433953,46.9,-63.3,0,2,False,False,False,False,True,False,False,False,True,False,False
475560.KS,더본코리아,15430.0,17.2,228800000000.0,1067813852,27.2,-46.5,0,1,False,False,False,False,False,False,False,True,False,False,False
017510.KQ,세명전기,7150.0,17.1,109000000000.0,1870784417,40.5,-60.2,0,3,False,False,False,False,True,False,False,True,True,False,False
012690.KS,모나리자,1504.0,16.9,55000000000.0,4790816456,18.0,-44.2,0,1,False,False,False,False,False,False,False,True,False,False,False
006650.KS,대한유화,96700.0,16.8,628600000000.0,3221064454,21.9,-52.2,0,1,False,False,False,False,False,False,False,True,False,False,False
114190.KQ,강원에너지,8810.0,16.7,230100000000.0,1270737309,45.9,-56.5,0,2,False,False,False,False,False,False,False,True,True,False,False
042660.KS,한화오션,86800.0,16.6,26596700000000.0,143040451378,21.7,-43.9,0,0,False,False,False,False,False,False,False,False,False,False,False
015760.KS,한국전력공사,32150.0,16.5,20639100000000.0,62533536019,5.8,-53.7,0,0,False,False,False,False,False,False,False,False,False,False,False
015760.KS,한국전력공사,32150.0,16.5,20639100000000.0,62533536019,5.8,-53.7,0,0,False,False,False,False,False,False,False,False,False,False,False
052400.KQ,코나아이,37800.0,16.3,550500000000.0,2558878172,14.7,-47.9,0,1,False,False,False,False,True,False,False,False,False,False,False
067630.KQ,HLB생명과학,2685.0,16.2,327300000000.0,1058512677,67.0,-49.6,0,2,False,False,False,False,False,False,False,True,True,False,False
137310.KS,에스디바이오센서,6160.0,16.1,743800000000.0,1037314256,6.2,-43.6,0,0,False,False,False,False,False,False,False,False,False,False,False
248070.KS,솔루엠,12910.0,15.9,617300000000.0,1705882723,12.1,-47.0,0,1,False,False,False,False,True,False,False,False,False,False,False
005860.KQ,한일사료,2400.0,15.8,94600000000.0,4944922316,20.0,-55.1,0,2,False,False,False,False,True,False,False,True,False,False,False
218150.KQ,미래생명자원,2070.0,15.7,42300000000.0,3729508484,34.0,-51.9,0,2,False,False,False,False,False,False,False,True,True,False,False
466100.KQ,클로봇,24650.0,15.6,627600000000.0,11439049567,54.6,-70.0,0,1,False,False,False,False,False,False,False,False,True,False,False
293490.KQ,카카오게임즈,9030.0,15.5,963900000000.0,4315984253,33.2,-51.0,0,2,False,False,False,False,False,False,False,True,True,False,False
459510.KQ,나우로보틱스,14760.0,15.4,191600000000.0,1618834287,37.9,-61.4,0,2,False,False,False,False,False,False,False,True,True,False,False
206650.KQ,유바이오로직스,8790.0,15.3,323100000000.0,1235272523,26.5,-50.3,0,1,False,False,False,False,False,False,False,True,False,False,False
199820.KQ,제일일렉트릭,7260.0,15.2,161300000000.0,1507310078,34.2,-67.4,0,2,False,False,False,False,True,False,False,False,True,False,False
078590.KQ,휴림에이텍,3180.0,15.1,31800000000.0,1449619010,67.4,-78.8,0,2,False,False,False,False,False,False,False,True,True,False,False
095500.KQ,미래나노텍,6850.0,14.9,212400000000.0,2368724685,31.2,-51.6,0,1,False,False,False,False,False,False,False,False,True,False,False
018290.KQ,브이티,12410.0,14.8,433600000000.0,2777645204,20.6,-68.4,0,1,False,False,False,False,False,False,False,True,False,False,False
009470.KS,삼화전기,22800.0,14.7,150800000000.0,1774654316,28.1,-61.7,0,1,False,False,False,False,True,False,False,False,False,False,False
251270.KS,넷마블,36300.0,14.6,3018700000000.0,5890218320,6.1,-47.4,0,0,False,False,False,False,False,False,False,False,False,False,False
001040.KS,CJ,131400.0,14.5,3833900000000.0,16264784462,12.4,-44.1,0,1,False,False,False,False,True,False,False,False,False,False,False
347850.KQ,디앤디파마텍,49200.0,14.4,2255200000000.0,90558785152,51.2,-57.8,5,2,False,False,False,False,False,True,False,False,True,False,False
011790.KS,SKC,84300.0,14.3,4181100000000.0,18283232896,38.0,-54.3,0,1,False,False,False,False,False,False,False,False,True,False,False
083500.KQ,에프엔에스테크,11100.0,14.2,92200000000.0,1102421553,16.2,-54.0,0,1,False,False,False,False,True,False,False,False,False,False,False
122870.KQ,와이지엔터테인먼트,41950.0,14.0,784100000000.0,4864204725,22.3,-61.6,0,1,False,False,False,False,False,False,False,True,False,False,False
054540.KQ,삼영엠텍,6550.0,13.9,85200000000.0,1642284579,26.9,-71.3,0,0,False,False,False,False,False,False,False,False,False,False,False
361610.KS,SK아이이테크놀로지,16280.0,13.8,1331500000000.0,6471312191,37.5,-53.6,0,2,False,False,False,False,False,False,False,True,True,False,False
033500.KQ,동성화인텍,17160.0,13.7,514600000000.0,2027941481,22.1,-50.0,0,1,False,False,False,False,False,False,False,True,False,False,False
114090.KS,GKL,9580.0,13.6,592600000000.0,1628230949,6.6,-45.9,0,0,False,False,False,False,False,False,False,False,False,False,False
035720.KS,카카오,36200.0,13.5,16036600000000.0,82298974236,12.2,-48.1,0,0,False,False,False,False,False,False,False,False,False,False,False
041020.KQ,폴라리스오피스,3015.0,13.4,149800000000.0,1500024913,28.0,-50.5,0,1,False,False,False,False,False,False,False,True,False,False,False
094360.KQ,칩스앤미디어,10950.0,13.3,233800000000.0,1530686288,41.5,-48.2,0,2,False,False,False,False,False,False,False,True,True,False,False
281740.KQ,레이크머티리얼즈,11060.0,13.2,727000000000.0,4368592673,20.2,-61.5,0,1,False,False,False,False,True,False,False,False,False,False,False
014940.KQ,오리엔탈정공,4610.0,13.0,210100000000.0,1673543961,30.6,-64.5,0,1,False,False,False,False,False,False,False,False,True,False,False
005420.KS,코스모화학,10310.0,12.9,396000000000.0,1318499629,44.0,-52.4,0,2,False,False,False,False,False,False,False,True,True,False,False
025950.KQ,동신건설,10250.0,12.8,86100000000.0,3706078892,25.5,-66.1,0,0,False,False,False,False,False,False,False,False,False,False,False
445090.KQ,에이직랜드,20150.0,12.7,220200000000.0,2146122111,44.9,-42.1,0,1,False,False,False,False,False,False,False,False,True,False,False
025320.KQ,시노펙스,3855.0,12.6,355400000000.0,3993489731,28.9,-53.7,0,0,False,False,False,False,False,False,False,False,False,False,False
077970.KS,STX엔진,23550.0,12.5,945500000000.0,4871897585,25.1,-65.2,0,0,False,False,False,False,False,False,False,False,False,False,False
030960.KQ,양지사,4790.0,12.4,76500000000.0,1261721145,19.8,-51.2,0,1,False,False,False,False,False,False,False,True,False,False,False
065770.KQ,CS,1202.0,12.3,12600000000.0,1179374860,4.4,-81.1,0,1,False,False,False,False,True,False,False,False,False,False,False
317330.KQ,덕산테코피아,11910.0,12.2,243900000000.0,1133171962,51.7,-63.9,0,2,False,False,False,False,False,False,False,True,True,False,False
008730.KS,율촌화학,16260.0,12.0,403200000000.0,1047448085,45.8,-58.5,0,2,False,False,False,False,False,False,False,True,True,False,False
095700.KQ,제넥신,3020.0,11.9,137500000000.0,1257080799,41.1,-59.7,0,2,False,False,False,False,False,False,False,True,True,False,False
209640.KQ,와이제이링크,3070.0,11.8,87300000000.0,1616547049,28.5,-70.3,1,2,False,False,False,False,True,True,False,False,False,False,False
028300.KQ,HLB,33750.0,11.7,4495400000000.0,46663759641,39.8,-51.2,0,1,False,False,False,False,False,False,False,False,True,False,False
304100.KQ,솔트룩스,15390.0,11.6,193800000000.0,3269714647,54.5,-59.9,0,2,False,False,False,False,False,False,False,True,True,False,False
044340.KQ,위닉스,3335.0,11.5,59600000000.0,10346644434,7.6,-49.5,0,0,False,False,False,False,False,False,False,False,False,False,False
137400.KQ,피엔티,29450.0,11.4,697700000000.0,4328752072,28.0,-52.5,0,1,False,False,False,False,True,False,False,False,False,False,False
017960.KS,한국카본,22550.0,11.3,1165300000000.0,6789167223,21.7,-58.3,0,1,False,False,False,False,True,False,False,False,False,False,False
036620.KQ,감성코퍼레이션,3740.0,11.1,336100000000.0,1773480180,5.6,-51.4,0,0,False,False,False,False,False,False,False,False,False,False,False
003030.KS,세아제강지주,103000.0,11.0,426600000000.0,2710775742,9.3,-60.4,0,1,False,False,False,False,True,False,False,False,False,False,False
194700.KQ,노바렉스,10470.0,10.9,191100000000.0,2187536173,0.6,-51.3,0,0,False,False,True,False,False,False,False,False,False,False,False
460940.KQ,피앤에스로보틱스,5010.0,10.8,67400000000.0,1016466087,39.0,-66.1,0,2,False,False,False,False,False,False,False,True,True,False,False
463020.KQ,뉴엔AI,8420.0,10.7,75700000000.0,8044940696,54.5,-72.8,0,2,False,False,False,False,False,False,False,True,True,False,False
108320.KS,LX세미콘,36200.0,10.6,588800000000.0,3396932972,22.7,-46.2,0,0,False,False,False,False,False,False,False,False,False,False,False
109610.KQ,에스와이,1894.0,10.5,92600000000.0,1871075211,28.1,-48.4,0,0,False,False,False,False,False,False,False,False,False,False,False
090410.KQ,덕신이피씨,3950.0,10.4,36400000000.0,1069624570,40.6,-50.5,0,2,False,False,False,False,False,False,False,True,True,False,False
034940.KQ,조아제약,2835.0,10.3,17600000000.0,1838876030,14.1,-60.1,0,0,False,False,False,False,False,False,False,False,False,False,False
256840.KQ,한국비엔씨,2660.0,10.1,181900000000.0,1674986078,29.8,-57.0,0,1,False,False,False,False,False,False,False,True,False,False,False
475400.KQ,씨메스로보틱스,17920.0,10.0,211600000000.0,1278580004,33.5,-61.8,0,1,False,False,False,False,False,False,False,False,True,False,False
215100.KQ,로보로보,4155.0,9.9,84500000000.0,1195408636,32.5,-72.8,0,2,False,False,False,False,False,False,False,True,True,False,False
034220.KS,LG디스플레이,9130.0,9.8,4565000000000.0,47149497350,12.4,-49.1,0,0,False,False,False,False,False,False,False,False,False,False,False
010780.KS,아이에스동서,15740.0,9.7,475100000000.0,1838841213,9.9,-54.3,0,1,False,False,False,False,True,False,False,False,False,False,False
357880.KQ,SKAI,1758.0,9.6,95300000000.0,2241071179,24.4,-71.5,0,1,False,False,False,False,True,False,False,False,False,False,False
098070.KQ,한텍,24000.0,9.5,266900000000.0,1501542959,15.4,-61.4,0,1,False,False,False,False,True,False,False,False,False,False,False
075580.KS,세진중공업,10280.0,9.4,584400000000.0,2471717249,20.9,-62.5,0,0,False,False,False,False,False,False,False,False,False,False,False
112040.KQ,위메이드,15120.0,9.3,513300000000.0,4655376665,20.3,-56.6,0,0,False,False,False,False,False,False,False,False,False,False,False
039980.KQ,폴라리스AI,5400.0,9.1,77700000000.0,6325522131,43.6,-63.6,0,2,False,False,False,False,False,False,False,True,True,False,False
352820.KS,하이브,178500.0,9.0,7694600000000.0,52506613492,13.0,-56.0,0,0,False,False,False,False,False,False,False,False,False,False,False
372320.KQ,큐로셀,24050.0,8.9,366200000000.0,1142501628,16.5,-63.6,0,0,False,False,False,False,False,False,False,False,False,False,False
071970.KS,HD현대마린엔진,50200.0,8.8,1702900000000.0,13428960547,8.0,-57.5,0,0,False,False,False,False,False,False,False,False,False,False,False
011090.KS,에넥스,1278.0,8.7,15200000000.0,1694456093,40.7,-69.4,0,1,False,False,False,False,False,False,False,False,True,False,False
017860.KS,DS단석,11780.0,8.6,208000000000.0,1147405951,23.2,-55.5,0,1,False,False,False,False,False,False,False,True,False,False,False
456160.KQ,지투지바이오,37950.0,8.5,631100000000.0,5510889323,69.4,-69.4,0,2,False,False,False,False,False,False,False,True,True,False,False
194480.KQ,데브시스터즈,15860.0,8.4,193000000000.0,1830733451,21.1,-72.7,0,0,False,False,False,False,False,False,False,False,False,False,False
228760.KQ,지노믹트리,10660.0,8.2,265000000000.0,1236276255,6.5,-68.0,0,0,False,False,False,False,False,False,False,False,False,False,False
086900.KQ,메디톡스,69600.0,8.1,508000000000.0,2200346956,6.1,-50.7,0,0,False,False,False,False,False,False,False,False,False,False,False
376900.KQ,로킷헬스케어,25400.0,8.0,442200000000.0,11014190066,79.9,-83.5,0,1,False,False,False,False,False,False,False,False,True,False,False
382900.KQ,범한퓨얼셀,16990.0,7.9,148800000000.0,1331712408,43.9,-61.6,0,1,False,False,False,False,False,False,False,False,True,False,False
032350.KS,롯데관광개발,12530.0,7.8,999000000000.0,6784923300,23.4,-54.8,0,0,False,False,False,False,False,False,False,False,False,False,False
161580.KQ,필옵틱스,25800.0,7.7,604800000000.0,3369727588,33.1,-60.2,0,1,False,False,False,False,False,False,False,False,True,False,False
475960.KQ,토모큐브,28100.0,7.6,378700000000.0,1489626961,6.8,-58.6,0,0,False,False,True,False,False,False,False,False,False,False,False
064350.KS,현대로템,126800.0,7.5,13839200000000.0,77164609536,12.1,-55.0,0,0,False,False,False,False,False,False,False,False,False,False,False
484590.KQ,삼양컴텍,6810.0,7.4,280600000000.0,1314731932,44.6,-69.9,0,2,False,False,False,False,False,False,False,True,True,False,False
101490.KQ,에스앤에스텍,40050.0,7.2,854500000000.0,9084931136,25.5,-63.1,0,1,False,False,False,False,True,False,False,False,False,False,False
432720.KQ,퀄리타스반도체,8530.0,7.1,121000000000.0,1097162265,49.1,-73.5,0,1,False,False,False,False,False,False,False,False,True,False,False
445680.KQ,큐리옥스바이오시스템즈,47650.0,7.0,820100000000.0,5042654626,50.6,-68.1,0,2,False,False,False,False,False,False,False,True,True,False,False
214150.KQ,클래시스,31800.0,6.9,2074500000000.0,11737407241,2.6,-59.0,0,0,False,False,True,False,False,False,False,False,False,False,False
247540.KQ,에코프로비엠,106000.0,6.8,10370000000000.0,57320560117,20.0,-59.2,0,1,False,False,False,False,True,False,False,False,False,False,False
439260.KS,대한조선,46950.0,6.7,1788300000000.0,3402353348,11.5,-57.2,0,1,False,False,False,False,True,False,False,False,False,False,False
439260.KS,대한조선,46950.0,6.7,1788300000000.0,3402353348,11.5,-57.2,0,1,False,False,False,False,True,False,False,False,False,False,False
274090.KQ,켄코아에어로스페이스,9600.0,6.5,132200000000.0,1731599143,31.5,-75.8,0,2,False,False,False,False,True,False,False,False,True,False,False
065680.KQ,우주일렉트로,23600.0,6.4,218100000000.0,1014732886,25.5,-54.4,0,0,False,False,False,False,False,False,False,False,False,False,False
417860.KQ,오브젠,6870.0,6.2,32300000000.0,1190189031,18.2,-61.3,0,0,False,False,False,False,False,False,False,False,False,False,False
462350.KQ,이노스페이스,5770.0,6.1,195500000000.0,1990113831,20.0,-72.3,0,1,False,False,False,False,True,False,False,False,False,False,False
253450.KQ,스튜디오드래곤,21650.0,6.0,650800000000.0,1640158579,13.9,-57.5,0,0,False,False,False,False,False,False,False,False,False,False,False
067160.KQ,SOOP,38050.0,5.9,437400000000.0,2467271445,3.0,-52.6,0,0,False,False,False,False,False,False,False,False,False,False,False
035900.KQ,JYP Ent.,39300.0,5.8,1396400000000.0,11652485226,3.3,-55.6,0,0,False,False,False,False,False,False,False,False,False,False,False
450080.KS,에코프로머티,35850.0,5.7,2538700000000.0,14111303218,32.3,-59.6,0,1,False,False,False,False,False,False,False,False,True,False,False
230240.KQ,에치에프알,11940.0,5.6,158900000000.0,2640444132,6.1,-69.9,0,1,False,False,False,False,True,False,False,False,False,False,False
042000.KQ,카페24,16120.0,5.5,389800000000.0,1192514543,7.4,-63.3,0,0,False,False,False,False,False,False,False,False,False,False,False
381620.KQ,제닉스로보틱스,5980.0,5.4,78400000000.0,1101555553,31.1,-70.0,0,2,False,False,False,False,False,False,False,True,True,False,False
249420.KS,일동제약,15030.0,5.2,475500000000.0,4180044437,33.6,-66.6,0,2,False,False,False,False,False,False,False,True,True,False,False
035760.KQ,CJ ENM,33050.0,5.1,724800000000.0,2724528963,17.6,-59.8,0,1,False,False,False,False,False,False,False,True,False,False,False
084110.KQ,휴온스글로벌,23800.0,5.0,301300000000.0,1103790615,18.4,-69.0,0,0,False,False,False,False,False,False,False,False,False,False,False
298380.KQ,에이비엘바이오,71400.0,4.9,3997500000000.0,28760377410,19.4,-72.3,0,0,False,False,False,False,False,False,False,False,False,False,False
138610.KQ,나이벡,15160.0,4.8,172300000000.0,1334611364,35.0,-72.1,0,1,False,False,False,False,False,False,False,False,True,False,False
336570.KQ,원텍,4905.0,4.7,437900000000.0,3351036026,18.8,-57.1,0,0,False,False,False,False,False,False,False,False,False,False,False
065350.KQ,신성델타테크,30900.0,4.6,849300000000.0,5295573893,36.7,-62.8,0,2,False,False,False,False,False,False,False,True,True,False,False
008830.KQ,대동기어,6320.0,4.5,121200000000.0,2586284841,15.9,-63.6,0,1,False,False,False,False,True,False,False,False,False,False,False
085660.KQ,차바이오텍,8090.0,4.3,752200000000.0,2968140255,6.4,-66.2,0,1,False,False,False,False,True,False,False,False,False,False,False
376300.KQ,디어유,18060.0,4.2,428700000000.0,1735541401,2.6,-69.3,0,0,False,False,False,False,False,False,False,False,False,False,False
003570.KS,SNT다이내믹스,28200.0,4.1,937700000000.0,2009543404,1.1,-63.1,0,0,False,False,False,False,False,False,False,False,False,False,False
214370.KQ,케어젠,44500.0,4.0,2390300000000.0,5294686720,2.9,-71.1,0,1,False,False,True,False,True,False,False,False,False,False,False
377480.KQ,마음AI,9850.0,3.9,70000000000.0,1702190377,27.4,-62.8,0,0,False,False,False,False,False,False,False,False,False,False,False
141080.KQ,리가켐바이오,92000.0,3.8,3405800000000.0,44401508148,19.6,-59.1,0,0,False,False,False,False,False,False,False,False,False,False,False
900270.KQ,헝셩그룹,3365.0,3.7,36000000000.0,1229164018,60.2,-75.3,0,2,False,False,False,False,False,False,False,True,True,False,False
011330.KS,유니켐,4480.0,3.6,44900000000.0,1385464647,46.4,-74.4,0,2,False,False,False,False,False,False,False,True,True,False,False
047920.KQ,HLB제약,7870.0,3.5,258100000000.0,2402843695,31.2,-64.6,0,1,False,False,False,False,False,False,False,False,True,False,False
034230.KS,파라다이스,10090.0,3.3,934600000000.0,7047467906,10.2,-58.0,0,0,False,False,False,False,False,False,False,False,False,False,False
000250.KQ,삼천당제약,157000.0,3.2,3682800000000.0,34480516724,30.8,-87.3,0,2,False,False,False,False,True,False,False,False,True,False,False
087010.KQ,펩트론,157300.0,3.1,3667800000000.0,37023605966,60.5,-59.9,0,1,False,False,False,False,False,False,False,False,True,False,False
419530.KQ,SAMG엔터,18900.0,3.0,192900000000.0,2509330753,4.9,-71.4,0,0,False,False,False,False,False,False,False,False,False,False,False
287840.KQ,인투셀,18260.0,2.9,274300000000.0,1218735468,39.9,-75.6,0,1,False,False,False,False,False,False,False,False,True,False,False
358570.KQ,지아이이노베이션,8090.0,2.8,521900000000.0,3816268484,25.0,-61.5,0,0,False,False,False,False,False,False,False,False,False,False,False
328130.KQ,루닛,9000.0,2.7,670100000000.0,3709586887,7.8,-63.3,0,0,False,False,False,False,False,False,False,False,False,False,False
066910.KQ,손오공,2010.0,2.6,30900000000.0,1255508859,28.7,-66.5,0,0,False,False,False,False,False,False,False,False,False,False,False
900340.KQ,윙입푸드,1395.0,2.5,17600000000.0,1009182350,54.1,-71.0,0,2,False,False,False,False,False,False,False,True,True,False,False
160190.KQ,하이젠알앤엠,19180.0,2.3,592400000000.0,2651905402,74.4,-79.0,0,2,False,False,False,False,False,False,False,True,True,False,False
389470.KQ,인벤티지랩,26800.0,2.2,356600000000.0,1669256533,18.3,-73.6,0,0,False,False,False,False,False,False,False,False,False,False,False
051980.KQ,중앙첨단소재,1000.0,2.1,111100000000.0,1102442950,24.2,-77.0,0,1,False,False,False,False,False,False,False,True,False,False,False
389650.KQ,넥스트바이오메디컬,31050.0,2.0,257000000000.0,1334372172,3.0,-69.3,0,0,False,False,False,False,False,False,False,False,False,False,False
484870.KS,엠앤씨솔루션,16560.0,1.9,454800000000.0,2313769998,27.3,-78.4,0,0,False,False,False,False,False,False,False,False,False,False,False
348210.KQ,넥스틴,31250.0,1.8,327400000000.0,3023874040,26.0,-68.9,0,0,False,False,False,False,False,False,False,False,False,False,False
002020.KS,코오롱,25400.0,1.7,327900000000.0,2771927686,25.7,-71.2,0,1,False,False,False,False,True,False,False,False,False,False,False
900300.KQ,오가닉티코스메틱,3630.0,1.6,74700000000.0,2197599566,135.6,-85.4,0,2,False,False,False,False,False,False,False,True,True,False,False
322310.KQ,오로스테크놀로지,12330.0,1.4,115500000000.0,2097268837,13.0,-76.3,0,1,False,False,False,False,True,False,False,False,False,False,False
062970.KQ,한국첨단소재,1911.0,1.3,54500000000.0,2381412096,3.4,-81.1,0,1,False,False,False,False,True,False,False,False,False,False,False
062970.KQ,한국첨단소재,1911.0,1.3,54500000000.0,2381412096,3.4,-81.1,0,1,False,False,False,False,True,False,False,False,False,False,False
365330.KQ,에스와이스틸텍,1509.0,1.1,75700000000.0,1629768994,35.9,-68.4,0,1,False,False,False,False,False,False,False,False,True,False,False
255220.KQ,SG,1132.0,1.0,124000000000.0,2414127218,9.4,-68.8,0,0,False,False,False,False,False,False,False,False,False,False,False
082270.KQ,젬백스,10560.0,0.9,467500000000.0,2255682677,17.6,-82.7,0,0,False,False,False,False,False,False,False,False,False,False,False
397030.KQ,에이프릴바이오,17800.0,0.8,490500000000.0,7979417701,7.2,-76.8,0,1,False,False,False,False,True,False,False,False,False,False,False
348370.KQ,엔켐,20700.0,0.7,453600000000.0,6209452995,47.6,-80.3,0,1,False,False,False,False,False,False,False,False,True,False,False
210980.KS,SK디앤디,4035.0,0.6,75100000000.0,1778024743,52.9,-70.8,0,1,False,False,False,False,False,False,False,False,True,False,False
102940.KQ,코오롱생명과학,14850.0,0.4,194400000000.0,3551583905,12.4,-79.6,0,0,False,False,False,False,False,False,False,False,False,False,False
321370.KQ,센서뷰,1116.0,0.3,78800000000.0,3108139596,15.6,-95.7,0,0,False,False,False,False,False,False,False,False,False,False,False
950160.KQ,코오롱티슈진,17100.0,0.2,1453000000000.0,64453078363,49.1,-88.5,0,2,False,False,False,False,True,False,False,False,True,False,False
179900.KQ,유티아이,2365.0,0.1,51000000000.0,1791305064,40.8,-91.9,0,1,False,False,False,False,False,False,False,False,True,False,False
