ticker,name,close,rs,mcap,dvol_50d,vs_52w_low,from_52w_high,sma200_up_months,n_pass,pass_all,new_52w_high,new_52w_low,1_price_gt_150_200,2_150_gt_200,3_200ma_rising_1m,4_50_gt_150_gt_200,5_price_gt_50,6_ge_30pct_above_52wlow,7_within_25pct_of_52whigh,8_rs_ge_70
043260.KQ,성호전자,17690.0,99.0,1299000000000.0,55887019729,1632.6,-70.3,5,4,False,False,False,False,True,True,False,False,True,False,True
010170.KQ,대한광통신,13500.0,98.9,2099100000000.0,130254450391,1362.6,-57.1,5,7,False,False,False,True,True,True,True,True,True,False,True
009150.KS,삼성전기,1362000.0,98.8,101732800000000.0,1553741683500,785.6,-43.6,5,6,False,False,False,True,True,True,True,False,True,False,True
002990.KS,금호건설,15380.0,98.7,573100000000.0,127114503558,380.6,-20.6,5,8,True,False,False,True,True,True,True,True,True,True,True
002990.KS,금호건설,15380.0,98.7,573100000000.0,127114503558,380.6,-20.6,5,8,True,False,False,True,True,True,True,True,True,True,True
327260.KQ,RF머트리얼즈,34550.0,98.5,621500000000.0,10816651677,1098.0,-45.4,5,6,False,False,False,True,True,True,False,True,True,False,True
036930.KQ,주성엔지니어링,178800.0,98.4,8310800000000.0,355075822136,582.4,-36.8,5,7,False,False,False,True,True,True,True,True,True,False,True
159010.KQ,아스플로,21100.0,98.2,281400000000.0,3219428186,517.0,-13.5,5,8,True,False,False,True,True,True,True,True,True,True,True
079650.KQ,서산,4740.0,98.1,94800000000.0,37333333932,397.9,-54.0,3,7,False,False,False,True,True,True,True,True,True,False,True
079650.KQ,서산,4740.0,98.1,94800000000.0,37333333932,397.9,-54.0,3,7,False,False,False,True,True,True,True,True,True,False,True
131290.KQ,티에스이,249000.0,97.9,2754300000000.0,31210073524,588.8,-15.3,5,8,True,False,False,True,True,True,True,True,True,True,True
126640.KQ,화신정공,4550.0,97.8,159500000000.0,20466967636,269.9,-42.3,5,7,False,False,False,True,True,True,True,True,True,False,True
402340.KS,SK스퀘어,1060000.0,97.7,139839400000000.0,1414247458880,709.8,-51.6,5,6,False,False,False,True,True,True,True,False,True,False,True
319660.KQ,피에스케이,129900.0,97.6,3762800000000.0,90544042308,561.1,-40.8,5,6,False,False,False,True,True,True,True,False,True,False,True
085620.KS,미래에셋생명,29150.0,97.5,3940500000000.0,20564979660,328.7,-21.8,5,8,True,False,False,True,True,True,True,True,True,True,True
017900.KS,광전자,7640.0,97.4,442700000000.0,24931122344,334.1,-66.0,5,7,False,False,False,True,True,True,True,True,True,False,True
006340.KS,대원전선,13330.0,97.3,1045300000000.0,177216923908,382.1,-34.3,5,7,False,False,False,True,True,True,True,True,True,False,True
000660.KS,SK하이닉스,1678000.0,97.2,1225766200000000.0,11643853240240,584.9,-43.8,5,6,False,False,False,True,True,True,True,False,True,False,True
047040.KS,대우건설,17620.0,97.1,7240200000000.0,135333706477,430.7,-56.3,5,5,False,False,False,False,True,True,False,True,True,False,True
095610.KQ,테스,139000.0,97.0,2691000000000.0,83112727332,454.9,-41.2,5,6,False,False,False,True,True,True,True,False,True,False,True
000500.KS,가온전선,161500.0,96.8,4809100000000.0,49642359377,452.7,-54.2,5,6,False,False,False,True,True,True,True,False,True,False,True
317400.KS,자이에스앤디,10150.0,96.7,393600000000.0,9218664314,232.8,-8.4,5,8,True,False,False,True,True,True,True,True,True,True,True
189330.KQ,씨이랩,14900.0,96.6,139800000000.0,7789000743,338.2,-22.0,3,8,True,False,False,True,True,True,True,True,True,True,True
001820.KS,삼화콘덴서공업,104900.0,96.5,1090400000000.0,97084704322,320.4,-46.7,5,6,False,False,False,True,True,True,True,False,True,False,True
080220.KQ,제주반도체,76900.0,96.4,2648700000000.0,261101140398,474.7,-44.3,5,6,False,False,False,True,True,True,True,False,True,False,True
085910.KQ,네오티스,16640.0,96.3,229500000000.0,3863273564,438.5,-54.2,5,4,False,False,False,False,True,True,False,False,True,False,True
089970.KQ,브이엠,60100.0,96.2,1582200000000.0,61615587424,472.4,-50.8,5,6,False,False,False,True,True,True,True,False,True,False,True
032580.KQ,피델릭스,3960.0,96.1,131200000000.0,6051599252,365.9,-59.6,4,6,False,False,False,True,True,True,True,False,True,False,True
420770.KQ,기가비스,107600.0,96.0,1363900000000.0,20726750264,362.8,-47.8,5,6,False,False,False,True,True,True,True,False,True,False,True
219130.KQ,타이거일렉,63000.0,95.9,397800000000.0,5270312570,322.8,-28.3,5,6,False,False,False,True,True,True,True,False,True,False,True
001210.KS,금호전기,8580.0,95.8,106200000000.0,32140693795,269.0,-11.9,1,8,True,False,False,True,True,True,True,True,True,True,True
064290.KQ,인텍플러스,35800.0,95.7,463900000000.0,15366641041,298.7,-33.8,5,6,False,False,False,True,True,True,True,False,True,False,True
025560.KS,미래산업,7260.0,95.5,201700000000.0,7680656829,256.2,-45.8,5,6,False,False,False,True,True,True,True,False,True,False,True
046970.KQ,우리로,4340.0,95.4,190200000000.0,11609591119,259.9,-73.2,5,4,False,False,False,False,True,True,False,False,True,False,True
046970.KQ,우리로,4340.0,95.4,190200000000.0,11609591119,259.9,-73.2,5,4,False,False,False,False,True,True,False,False,True,False,True
092190.KQ,서울바이오시스,8770.0,95.2,402300000000.0,1652742692,310.8,-54.5,5,7,False,False,False,True,True,True,True,True,True,False,True
222800.KQ,심텍,116900.0,95.1,4379500000000.0,93108100876,413.8,-28.8,5,7,False,False,False,True,True,True,True,True,True,False,True
353200.KS,대덕전자,110800.0,95.0,5475400000000.0,125874801074,421.4,-44.0,5,6,False,False,False,True,True,True,True,False,True,False,True
440110.KQ,파두,64300.0,94.9,3222100000000.0,57024747256,475.1,-50.3,5,5,False,False,False,False,True,True,True,False,True,False,True
024840.KQ,KBI메탈,5300.0,94.8,228700000000.0,27862640382,227.2,-54.9,5,7,False,False,False,True,True,True,True,True,True,False,True
011070.KS,LG이노텍,602000.0,94.7,14247600000000.0,250416330720,282.0,-66.3,5,6,False,False,False,True,True,True,True,False,True,False,True
417840.KQ,저스템,12090.0,94.6,276500000000.0,11835318981,308.0,-45.7,5,6,False,False,False,True,True,True,True,False,True,False,True
078930.KS,GS,121800.0,94.5,11314700000000.0,43690084718,184.6,-1.5,5,8,True,True,False,True,True,True,True,True,True,True,True
475150.KS,SK이터닉스,55200.0,94.4,1880500000000.0,358872661806,220.7,-37.1,5,7,False,False,False,True,True,True,True,True,True,False,True
005090.KS,SGC에너지,63800.0,94.3,919300000000.0,7244665076,216.6,-9.8,5,8,True,False,False,True,True,True,True,True,True,True,True
069540.KQ,빛과전자,2730.0,94.1,307600000000.0,28861368535,361.1,-66.3,5,5,False,False,False,False,True,True,False,True,True,False,True
161890.KS,한국콜마,150000.0,94.0,3540800000000.0,47577175946,147.5,-0.6,2,8,True,True,False,True,True,True,True,True,True,True,True
005930.KS,삼성전자,257000.0,93.9,1502493600000000.0,8385137896570,280.7,-31.4,5,6,False,False,False,True,True,True,True,False,True,False,True
052460.KQ,아이크래프트,5580.0,93.8,81500000000.0,3133381706,148.0,-35.2,2,7,False,False,False,True,True,True,True,True,True,False,True
000650.KS,천일고속,150900.0,93.7,215700000000.0,1437984854,310.1,-70.9,5,3,False,False,False,False,False,True,False,False,True,False,True
031980.KQ,피에스케이홀딩스,120700.0,93.6,2602600000000.0,28410740066,299.7,-30.2,5,7,False,False,False,True,True,True,True,True,True,False,True
319400.KQ,현대무벡스,23500.0,93.5,2617300000000.0,40931957625,445.2,-53.4,5,4,False,False,False,False,True,True,False,False,True,False,True
003010.KS,혜인,10350.0,93.4,131600000000.0,5209283029,163.7,-19.8,1,7,False,False,False,True,True,True,False,True,True,True,True
181710.KS,NHN,66000.0,93.3,2161700000000.0,11801912482,167.7,-15.6,5,8,True,False,False,True,True,True,True,True,True,True,True
058610.KQ,에스피지,96500.0,93.2,2140100000000.0,50671702160,328.9,-41.8,5,5,False,False,False,False,True,True,False,True,True,False,True
222040.KQ,코스맥스엔비티,8420.0,93.1,173700000000.0,2819007511,194.4,-24.8,4,8,True,False,False,True,True,True,True,True,True,True,True
241710.KQ,코스메카코리아,139500.0,93.0,1489900000000.0,13849457172,145.6,-3.1,5,8,True,True,False,True,True,True,True,True,True,True,True
007810.KS,코리아써키트,57600.0,92.9,1381400000000.0,26695585547,411.5,-61.2,5,4,False,False,False,False,True,True,False,False,True,False,True
032820.KQ,우리기술,12300.0,92.7,2125300000000.0,41623404717,289.9,-59.3,5,5,False,False,False,False,True,True,False,True,True,False,True
019210.KQ,와이지-원,14720.0,92.6,547500000000.0,20347480196,200.4,-48.4,5,6,False,False,False,True,True,True,True,False,True,False,True
010060.KS,OCI홀딩스,275000.0,92.5,5134300000000.0,75726974290,229.7,-33.6,5,7,False,False,False,True,True,True,True,True,True,False,True
041830.KQ,인바디,60900.0,92.4,821000000000.0,7801725249,134.2,-17.1,5,8,True,False,False,True,True,True,True,True,True,True,True
034730.KS,SK,556000.0,92.3,40311500000000.0,178201902680,214.3,-37.0,5,6,False,False,False,True,True,True,True,False,True,False,True
091590.KQ,남화토건,6410.0,92.2,75300000000.0,13291627343,100.3,-47.4,2,7,False,False,False,True,True,True,True,True,True,False,True
091590.KQ,남화토건,6410.0,92.2,75300000000.0,13291627343,100.3,-47.4,2,7,False,False,False,True,True,True,True,True,True,False,True
322000.KS,HD현대에너지솔루션,135100.0,92.0,1513100000000.0,55550116786,227.1,-47.2,5,6,False,False,False,True,True,True,False,True,True,False,True
037460.KQ,삼지전자,32350.0,91.9,527900000000.0,3619421862,196.8,-49.8,5,6,False,False,False,True,True,True,True,False,True,False,True
066570.KS,LG전자,200500.0,91.8,32658400000000.0,295906410834,178.5,-54.2,5,7,False,False,False,True,True,True,True,True,True,False,True
010120.KS,엘에스일렉트릭,195400.0,91.7,29310000000000.0,202874053360,286.2,-41.7,5,6,False,False,False,True,True,True,True,False,True,False,True
079940.KQ,가비아,46000.0,91.6,617400000000.0,1201991227,106.7,-4.0,5,8,True,False,False,True,True,True,True,True,True,True,True
307950.KS,현대오토에버,456000.0,91.5,12505300000000.0,47169677670,208.9,-57.2,5,4,False,False,False,False,True,True,False,False,True,False,True
006110.KS,삼아알미늄,59900.0,91.3,905900000000.0,8280671028,215.3,-42.7,5,6,False,False,False,True,True,True,False,True,True,False,True
098120.KQ,마이크로컨텍솔,43550.0,91.2,362000000000.0,4426831219,181.0,-0.3,5,7,False,True,False,True,True,True,False,True,True,True,True
119850.KQ,지엔씨에너지,50900.0,91.1,837200000000.0,32436482755,177.4,-12.2,1,8,True,False,False,True,True,True,True,True,True,True,True
084670.KS,동양고속,24500.0,91.0,70900000000.0,2745405175,241.7,-85.8,5,3,False,False,False,False,False,True,False,False,True,False,True
226340.KQ,본느,5080.0,90.9,42600000000.0,7947065906,316.4,-47.5,1,5,False,False,False,True,False,True,False,True,True,False,True
007340.KS,DN오토모티브,48550.0,90.8,2840700000000.0,11052867972,125.3,-28.1,5,7,False,False,False,True,True,True,True,True,True,False,True
278470.KS,에이피알,440500.0,90.7,16491500000000.0,108294531390,120.4,-6.9,5,8,True,False,False,True,True,True,True,True,True,True,True
270520.KQ,앱튼,3620.0,90.6,83800000000.0,1197050875,395.9,-72.7,0,4,False,False,False,True,False,False,False,True,True,False,True
170920.KQ,엘티씨,35100.0,90.5,370800000000.0,15135277043,237.5,-42.2,5,5,False,False,False,False,True,True,True,False,True,False,True
010950.KS,S-Oil,139900.0,90.4,15750300000000.0,53136537462,142.0,-21.0,5,8,True,False,False,True,True,True,True,True,True,True,True
080580.KQ,오킨스전자,19400.0,90.3,409200000000.0,4438716946,234.5,-29.5,5,6,False,False,False,True,True,True,False,True,True,False,True
031330.KQ,에스에이엠티,8110.0,90.2,811000000000.0,13767920379,183.6,-59.3,5,5,False,False,False,False,True,True,True,False,True,False,True
084370.KQ,유진테크,138200.0,90.0,3167000000000.0,34921685096,213.4,-40.3,5,6,False,False,False,True,True,True,True,False,True,False,True
298000.KS,효성화학,60200.0,89.9,228300000000.0,9297259323,54.8,-31.2,3,6,False,False,False,True,True,True,True,False,True,False,True
001450.KS,현대해상,50800.0,89.8,4330600000000.0,22466768781,98.1,-0.4,5,8,True,True,False,True,True,True,True,True,True,True,True
240810.KQ,원익IPS,112300.0,89.7,5512100000000.0,217403071918,215.4,-40.2,5,5,False,False,False,False,True,True,True,False,True,False,True
192820.KS,코스맥스,289000.0,89.6,3280000000000.0,23315692832,105.0,0.0,1,8,True,True,False,True,True,True,True,True,True,True,True
089860.KS,롯데렌탈,47450.0,89.5,1722900000000.0,4621108138,78.0,-2.7,3,8,True,False,False,True,True,True,True,True,True,True,True
040350.KQ,크레오에스지,6200.0,89.4,123100000000.0,1350723654,162.7,-51.6,3,6,False,False,False,True,True,True,True,False,True,False,True
006360.KS,GS건설,35000.0,89.3,2995400000000.0,82532788948,96.7,-22.0,5,8,True,False,False,True,True,True,True,True,True,True,True
121440.KQ,골프존홀딩스,7500.0,89.2,321300000000.0,2584749975,83.4,-10.0,2,8,True,False,False,True,True,True,True,True,True,True,True
095340.KQ,ISC,165300.0,89.1,3503900000000.0,41687679528,200.0,-43.5,5,5,False,False,False,False,True,True,False,True,True,False,True
228340.KQ,동양파일,2880.0,89.0,57600000000.0,6075755081,85.8,-60.5,2,6,False,False,False,True,True,True,True,False,True,False,True
065170.KQ,비엘팜텍,1922.0,88.9,53700000000.0,7433057765,411.2,-76.4,5,4,False,False,False,False,True,True,False,False,True,False,True
252990.KQ,샘씨엔에스,12790.0,88.8,770200000000.0,10227455820,200.6,-24.6,5,7,False,False,False,True,True,True,True,False,True,True,True
036170.KQ,에이치엠넥스,2375.0,88.6,145700000000.0,1463223374,196.5,-76.8,5,4,False,False,False,False,True,True,False,False,True,False,True
076610.KQ,해성옵틱스,1411.0,88.5,83600000000.0,2334310155,190.9,-51.8,5,6,False,False,False,True,True,True,False,True,True,False,True
356860.KQ,티엘비,38700.0,88.4,917200000000.0,17171085410,236.5,-40.2,5,6,False,False,False,True,True,True,False,True,True,False,True
032830.KS,삼성생명,285000.0,88.3,57000000000000.0,171940824610,133.2,-44.8,5,6,False,False,False,True,True,True,True,False,True,False,True
093370.KS,후성,12460.0,88.2,1336400000000.0,73525131761,149.7,-47.1,5,6,False,False,False,True,True,True,True,False,True,False,True
417310.KS,코람코더원리츠,10960.0,88.1,442800000000.0,1484885915,105.6,-0.4,5,8,True,False,False,True,True,True,True,True,True,True,True
127120.KQ,제이에스링크,34400.0,88.0,1260300000000.0,5161810946,148.2,-31.1,5,4,False,False,False,False,True,True,False,False,True,False,True
067310.KQ,하나마이크론,37600.0,87.9,2500100000000.0,83457178588,229.5,-35.7,5,6,False,False,False,True,True,True,True,False,True,False,True
236200.KQ,슈프리마,56200.0,87.8,392000000000.0,1569181911,86.1,-13.5,5,8,True,False,False,True,True,True,True,True,True,True,True
144960.KQ,뉴파워프라즈마,9790.0,87.7,427800000000.0,12806010201,107.9,-26.3,5,7,False,False,False,True,True,True,True,True,True,False,True
093320.KQ,케이아이엔엑스,145400.0,87.6,709600000000.0,2070694966,82.7,-11.2,5,8,True,False,False,True,True,True,True,True,True,True,True
026910.KQ,광진실업,3700.0,87.5,29300000000.0,1100386573,156.6,-45.6,3,6,False,False,False,True,True,True,True,False,True,False,True
083450.KQ,GST,45050.0,87.4,830300000000.0,9308888533,148.2,-36.4,5,6,False,False,False,True,True,True,True,False,True,False,True
020120.KS,키다리스튜디오,5550.0,87.2,205700000000.0,1346354606,98.2,-2.6,0,5,False,True,False,True,False,False,False,True,True,True,True
281820.KS,케이씨텍,67500.0,87.1,1336400000000.0,22892309270,118.8,-45.9,5,6,False,False,False,True,True,True,True,False,True,False,True
365270.KQ,큐라클,10960.0,87.0,242800000000.0,1647882005,204.4,-47.2,5,5,False,False,False,False,True,True,False,True,True,False,True
123330.KQ,제닉,32200.0,86.9,256600000000.0,7617503221,106.8,-17.8,1,8,True,False,False,True,True,True,True,True,True,True,True
448900.KQ,한국피아이엠,51200.0,86.8,311000000000.0,5860426515,353.1,-71.3,5,4,False,False,False,False,True,True,False,False,True,False,True
377450.KQ,리파인,16740.0,86.7,290100000000.0,1580054372,98.8,-7.8,1,6,False,False,False,True,False,True,False,True,True,True,True
332570.KQ,PS일렉트로닉스,8640.0,86.6,403600000000.0,28169063575,131.3,-42.4,5,6,False,False,False,True,True,True,False,True,True,False,True
475830.KQ,오름테라퓨틱,70700.0,86.5,1535600000000.0,8466714961,220.6,-51.8,5,5,False,False,False,False,True,True,False,True,True,False,True
036710.KQ,심텍홀딩스,4260.0,86.4,225000000000.0,1645421073,191.2,-34.5,5,7,False,False,False,True,True,True,True,True,True,False,True
011560.KQ,세보엠이씨,22750.0,86.3,229400000000.0,1121948870,93.1,-22.4,5,8,True,False,False,True,True,True,True,True,True,True,True
006400.KS,삼성SDI,519000.0,86.2,41823900000000.0,225416094660,163.7,-28.2,5,6,False,False,False,True,True,True,False,True,True,False,True
012200.KS,계양전기,3915.0,86.1,106600000000.0,4819382842,195.2,-72.6,5,4,False,False,False,False,True,True,False,False,True,False,True
028260.KS,삼성물산,367000.0,86.0,59515500000000.0,244198679410,136.3,-35.0,5,6,False,False,False,True,True,True,True,False,True,False,True
082920.KQ,비츠로셀,31150.0,85.8,1406100000000.0,12598771057,149.7,-54.1,5,4,False,False,False,False,True,True,False,False,True,False,True
090360.KQ,로보스타,79700.0,85.7,777100000000.0,16749379370,219.4,-53.6,5,7,False,False,False,True,True,True,True,True,True,False,True
004170.KS,신세계,395000.0,85.6,3730800000000.0,51406414230,145.6,-50.1,5,5,False,False,False,False,True,True,True,False,True,False,True
017670.KS,SK텔레콤,98900.0,85.5,21242700000000.0,135599329718,92.4,-29.1,5,7,False,False,False,True,True,True,True,True,True,False,True
003350.KS,한국화장품제조,14410.0,85.4,326500000000.0,8792210443,113.5,-3.5,0,5,False,True,False,True,False,False,False,True,True,True,True
138080.KQ,오이솔루션,23250.0,85.3,287800000000.0,6694289567,170.3,-59.8,5,5,False,False,False,False,True,True,False,True,True,False,True
138080.KQ,오이솔루션,23250.0,85.3,287800000000.0,6694289567,170.3,-59.8,5,5,False,False,False,False,True,True,False,True,True,False,True
009420.KS,한올바이오파마,60700.0,85.1,3171000000000.0,25739943950,124.4,-16.8,5,8,True,False,False,True,True,True,True,True,True,True,True
108490.KQ,로보티즈,255000.0,85.0,3738600000000.0,51691352238,240.0,-45.0,5,5,False,False,False,False,True,True,False,True,True,False,True
307180.KQ,아이엘,5980.0,84.9,220800000000.0,2224744166,149.2,-42.5,5,6,False,False,False,True,True,True,False,True,True,False,True
008060.KS,대덕,15930.0,84.8,498400000000.0,1518026978,106.9,-34.6,5,7,False,False,False,True,True,True,True,True,True,False,True
242040.KQ,나무기술,3280.0,84.7,113500000000.0,3859397646,150.8,-70.5,5,4,False,False,False,False,True,True,False,False,True,False,True
446540.KQ,메가터치,7240.0,84.5,210500000000.0,1778836495,123.1,-34.1,5,7,False,False,False,True,True,True,True,True,True,False,True
042700.KS,한미반도체,217500.0,84.4,20730400000000.0,228059489822,167.2,-48.9,5,4,False,False,False,False,True,True,False,False,True,False,True
290550.KQ,디케이티,15800.0,84.3,316000000000.0,7074161729,137.2,-54.8,5,5,False,False,False,False,True,True,True,False,True,False,True
122640.KQ,예스티,29850.0,84.2,646300000000.0,25719660996,96.4,-32.2,5,7,False,False,False,True,True,True,True,True,True,False,True
028670.KS,팬오션,6380.0,84.1,3410600000000.0,16680252614,83.1,-3.3,5,8,True,False,False,True,True,True,True,True,True,True,True
124500.KQ,아이티센글로벌,40500.0,84.0,939800000000.0,12420846124,189.5,-46.4,5,5,False,False,False,False,True,True,False,True,True,False,True
368770.KQ,파이버프로,13690.0,83.9,449800000000.0,2493936917,159.3,-54.3,5,5,False,False,False,False,True,True,False,True,True,False,True
028050.KS,삼성E&A,45850.0,83.8,8986600000000.0,108621466261,98.1,-31.9,5,6,False,False,False,True,True,True,True,False,True,False,True
388790.KQ,라이콤,4075.0,83.7,124800000000.0,3814552744,93.1,-56.3,5,4,False,False,False,False,True,True,False,False,True,False,True
347700.KQ,스피어,23550.0,83.6,1214000000000.0,32688474151,234.0,-58.9,5,5,False,False,False,False,True,True,False,True,True,False,True
073240.KS,금호타이어,7000.0,83.5,2010800000000.0,50402104782,65.9,-20.9,5,8,True,False,False,True,True,True,True,True,True,True,True
073240.KS,금호타이어,7000.0,83.5,2010800000000.0,50402104782,65.9,-20.9,5,8,True,False,False,True,True,True,True,True,True,True,True
018260.KS,삼성에스디에스,227000.0,83.3,17564800000000.0,70678214758,58.0,-41.6,5,7,False,False,False,True,True,True,True,True,True,False,True
064760.KQ,티씨케이,241500.0,83.1,2699800000000.0,18388979790,138.4,-30.7,5,6,False,False,False,True,True,True,False,True,True,False,True
038500.KQ,삼표시멘트,7600.0,83.0,820200000000.0,6559697696,163.0,-67.7,5,4,False,False,False,False,True,True,False,False,True,False,True
019010.KQ,베뉴지,4500.0,82.9,216900000000.0,2278355057,100.0,-38.4,5,4,False,False,False,False,True,True,False,False,True,False,True
064850.KQ,에프앤가이드,16960.0,82.8,193500000000.0,1581836259,114.7,-54.2,5,5,False,False,False,False,True,True,True,False,True,False,True
041960.KQ,코미팜,9230.0,82.7,682000000000.0,1950161202,75.8,-14.5,5,7,False,False,False,True,True,True,False,True,True,True,True
265740.KQ,엔에프씨,7250.0,82.6,129500000000.0,1721394881,80.3,-26.4,1,6,False,False,False,True,True,True,False,True,True,False,True
251970.KQ,펌텍코리아,63000.0,82.5,781200000000.0,3925154901,100.6,-14.3,0,5,False,False,False,True,False,False,False,True,True,True,True
000810.KS,삼성화재해상보험,648000.0,82.4,28931600000000.0,81574830020,54.7,-14.4,5,8,True,False,False,True,True,True,True,True,True,True,True
375500.KS,DL이앤씨,70300.0,82.3,2720200000000.0,31293878966,82.8,-34.1,5,6,False,False,False,True,True,True,False,True,True,False,True
092730.KQ,네오팜,23700.0,82.2,379900000000.0,1330868478,52.0,-8.8,2,8,True,False,False,True,True,True,True,True,True,True,True
483650.KS,달바글로벌,233000.0,82.1,2911100000000.0,41255666974,100.5,-17.7,4,8,True,False,False,True,True,True,True,True,True,True,True
005830.KS,DB손해보험,182500.0,82.0,11953800000000.0,35312972464,54.5,-14.7,5,7,False,False,False,True,True,True,False,True,True,True,True
000720.KS,현대건설,121300.0,81.9,13507500000000.0,79771329646,124.2,-38.9,5,5,False,False,False,False,True,True,False,True,True,False,True
053610.KQ,프로텍,61700.0,81.7,555300000000.0,2701369415,139.1,-39.5,5,5,False,False,False,False,True,True,True,False,True,False,True
079550.KS,LIG디펜스앤에어로스페이스,718000.0,81.6,15796000000000.0,139168214340,99.4,-35.8,5,5,False,False,False,False,True,True,True,False,True,False,True
088350.KS,한화생명,5370.0,81.5,4664000000000.0,22341297718,83.3,-29.0,5,7,False,False,False,True,True,True,True,True,True,False,True
086790.KS,하나금융지주,130800.0,81.4,35887300000000.0,108712452356,62.5,-8.2,5,8,True,False,False,True,True,True,True,True,True,True,True
403870.KQ,HPSP,48500.0,81.3,3991600000000.0,252289377098,96.4,-47.3,5,6,False,False,False,True,True,True,False,True,True,False,True
382800.KQ,지앤비에스 에코,5300.0,81.2,168700000000.0,3066295535,107.8,-47.8,5,5,False,False,False,False,True,True,False,True,True,False,True
900290.KQ,GRT,4040.0,81.1,337400000000.0,2310126884,90.6,-46.1,1,6,False,False,False,True,True,True,False,True,True,False,True
055550.KS,신한지주,106500.0,81.0,49996500000000.0,133914155134,67.5,-6.0,5,8,True,False,False,True,True,True,True,True,True,True,True
160980.KQ,싸이맥스,25100.0,80.9,274200000000.0,6568267677,112.4,-47.5,5,5,False,False,False,False,True,True,True,False,True,False,True
092870.KQ,엑시콘,24600.0,80.8,321000000000.0,5353844833,163.1,-41.0,5,5,False,False,False,False,True,True,False,True,True,False,True
311320.KQ,지오엘리먼트,9540.0,80.7,120300000000.0,1642656309,86.7,-20.0,5,8,True,False,False,True,True,True,True,True,True,True,True
035890.KQ,서희건설,2190.0,80.6,454600000000.0,1310841627,41.6,-45.2,4,7,False,False,False,True,True,True,True,True,True,False,True
001510.KS,SK증권,2645.0,80.5,611800000000.0,13282649764,117.2,-57.3,5,5,False,False,False,False,True,True,False,True,True,False,True
029460.KS,케이씨,36000.0,80.3,396700000000.0,1275536797,72.7,-16.3,5,7,False,False,False,True,True,True,False,True,True,True,True
131970.KQ,두산테스나,79700.0,80.2,1540400000000.0,28469899920,141.1,-59.5,5,4,False,False,False,False,True,True,False,False,True,False,True
298040.KS,효성중공업,2755000.0,80.1,25689100000000.0,158478380080,156.8,-41.9,5,4,False,False,False,False,True,True,False,False,True,False,True
017890.KQ,한국알콜,13840.0,80.0,286100000000.0,1226140414,56.6,-14.9,5,8,True,False,False,True,True,True,True,True,True,True,True
001740.KS,SK네트웍스,6860.0,79.9,1376100000000.0,29395631849,60.5,-57.8,5,5,False,False,False,False,True,True,True,False,True,False,True
012330.KS,현대모비스,498000.0,79.8,45184800000000.0,189096020840,76.0,-39.4,5,6,False,False,False,True,True,True,True,False,True,False,True
001540.KQ,안국약품,10810.0,79.7,141000000000.0,1156108648,48.5,-20.8,5,7,False,False,False,True,True,True,True,False,True,True,True
005430.KS,한국공항,82100.0,79.6,260000000000.0,1350572164,51.5,-14.4,5,7,False,False,False,True,True,True,True,False,True,True,True
091580.KQ,상신이디피,18790.0,79.5,250400000000.0,2712537850,98.8,-40.4,5,6,False,False,False,True,True,True,False,True,True,False,True
067290.KQ,JW신약,1971.0,79.4,110400000000.0,35500999486,58.2,-43.1,5,6,False,False,False,True,True,True,True,False,True,False,True
008930.KS,한미사이언스,46300.0,79.3,3166500000000.0,12721857363,80.9,-19.5,1,6,False,False,False,True,False,True,False,True,True,True,True
005180.KS,빙그레,90400.0,79.2,837900000000.0,4865686714,47.0,-2.2,1,7,False,True,False,True,True,True,False,True,True,True,True
194370.KS,제이에스코퍼레이션,13400.0,79.0,388800000000.0,1295537376,41.1,-16.7,5,8,True,False,False,True,True,True,True,True,True,True,True
257720.KQ,실리콘투,51900.0,78.9,3403400000000.0,37820612101,73.9,-7.5,0,5,False,False,False,True,False,False,False,True,True,True,True
003550.KS,LG,112600.0,78.8,17024200000000.0,40836646920,60.6,-39.4,5,7,False,False,False,True,True,True,True,True,True,False,True
007070.KS,GS리테일,26600.0,78.7,2224000000000.0,5079848992,66.8,-11.2,5,8,True,False,False,True,True,True,True,True,True,True,True
010130.KS,고려아연,1427000.0,78.6,29785700000000.0,28804986720,85.1,-34.8,5,6,False,False,False,True,True,True,False,True,True,False,True
059120.KQ,아진엑스텍,6650.0,78.5,121800000000.0,7166121824,118.4,-54.1,5,5,False,False,False,False,True,True,False,True,True,False,True
105560.KS,KB금융,166400.0,78.4,59020000000000.0,225140673498,57.3,-14.4,5,7,False,False,False,True,True,True,True,False,True,True,True
437730.KQ,삼현,34150.0,78.3,1082800000000.0,8189438037,210.5,-55.6,5,4,False,False,False,False,True,True,False,False,True,False,True
212560.KQ,네오오토,9530.0,78.2,128500000000.0,2507093967,90.8,-40.8,5,5,False,False,False,False,True,True,True,False,True,False,True
005950.KS,이수화학,11860.0,78.1,311800000000.0,9753219356,134.4,-34.1,5,6,False,False,False,True,True,True,True,False,True,False,True
282330.KS,BGF리테일,145300.0,78.0,2511400000000.0,11296510640,43.6,-7.2,5,8,True,False,False,True,True,True,True,True,True,True,True
330350.KQ,위더스제약,8990.0,77.9,118700000000.0,5964382046,52.1,-24.8,1,7,False,False,False,True,True,True,False,True,True,True,True
045100.KQ,한양이엔지,30150.0,77.8,527600000000.0,4583406825,69.0,-23.5,5,6,False,False,False,False,True,True,True,False,True,True,True
126730.KQ,코칩,18730.0,77.6,164300000000.0,12292724407,101.2,-48.7,5,6,False,False,False,True,True,True,False,True,True,False,True
128940.KS,한미약품,501000.0,77.5,6418300000000.0,49179647440,81.9,-22.6,5,7,False,False,False,True,True,True,False,True,True,True,True
072950.KQ,빛샘전자,8670.0,77.4,69800000000.0,3501905364,88.5,-66.3,5,5,False,False,False,False,True,True,False,True,True,False,True
098460.KQ,고영,29450.0,77.3,2008600000000.0,38700330699,117.3,-34.6,5,5,False,False,False,False,True,True,False,True,True,False,True
217730.KQ,강스템바이오텍,2335.0,77.2,219600000000.0,1973490020,116.2,-50.2,5,4,False,False,False,False,True,True,False,False,True,False,True
001800.KS,오리온홀딩스,25500.0,77.1,1534000000000.0,2585895680,38.9,-14.9,5,8,True,False,False,True,True,True,True,True,True,True,True
198440.KQ,강동씨앤엘,1294.0,77.0,78800000000.0,10586936346,42.2,-55.8,0,5,False,False,False,True,True,False,True,False,True,False,True
198440.KQ,강동씨앤엘,1294.0,77.0,78800000000.0,10586936346,42.2,-55.8,0,5,False,False,False,True,True,False,True,False,True,False,True
051160.KQ,지어소프트,9080.0,76.8,140500000000.0,1221191328,44.8,-22.0,1,8,True,False,False,True,True,True,True,True,True,True,True
161390.KS,한국타이어앤테크놀로지,66900.0,76.7,8287200000000.0,24481479786,77.7,-14.7,5,7,False,False,False,True,True,True,True,False,True,True,True
094170.KQ,동운아나텍,31700.0,76.6,662800000000.0,3529910579,94.7,-43.8,5,5,False,False,False,False,True,True,False,True,True,False,True
340570.KQ,티앤엘,32600.0,76.5,265000000000.0,3033121686,51.3,-8.9,4,8,True,False,False,True,True,True,True,True,True,True,True
049080.KQ,기가레인,7680.0,76.4,65200000000.0,9699666738,114.5,-75.4,5,4,False,False,False,False,True,True,False,False,True,False,True
115180.KQ,큐리언트,25050.0,76.2,939700000000.0,3408539677,157.7,-60.2,5,5,False,False,False,False,True,True,False,True,True,False,True
187870.KQ,디바이스,11140.0,76.1,154400000000.0,2165912496,107.6,-62.5,5,4,False,False,False,False,True,True,False,False,True,False,True
003690.KS,코리안리,14440.0,76.0,2551900000000.0,4880530232,44.3,-6.8,5,8,True,False,False,True,True,True,True,True,True,True,True
053260.KQ,금강철강,5250.0,75.9,98300000000.0,3952085748,41.1,-35.4,5,7,False,False,False,True,True,True,True,True,True,False,True
100790.KQ,미래에셋벤처투자,16160.0,75.8,858400000000.0,20971752509,173.9,-77.1,5,4,False,False,False,False,True,True,False,False,True,False,True
200470.KQ,에이팩트,6200.0,75.7,262600000000.0,5563194265,148.0,-52.7,5,4,False,False,False,False,True,True,False,False,True,False,True
166090.KQ,하나머티리얼즈,55100.0,75.6,1089700000000.0,10796792683,135.0,-37.3,5,4,False,False,False,False,True,True,False,False,True,False,True
183300.KQ,코미코,25900.0,75.5,1330300000000.0,13596450583,82.4,-53.5,5,5,False,False,False,False,True,True,True,False,True,False,True
037710.KS,광주신세계,37000.0,75.4,282200000000.0,18660242707,27.1,-37.9,5,5,False,False,False,True,True,True,True,False,False,False,True
037710.KS,광주신세계,37000.0,75.4,282200000000.0,18660242707,27.1,-37.9,5,5,False,False,False,True,True,True,True,False,False,False,True
005380.KS,현대자동차,421000.0,75.2,86203000000000.0,419165875400,99.1,-46.2,5,4,False,False,False,False,True,True,False,False,True,False,True
051900.KS,LG생활건강,316000.0,75.1,4732300000000.0,22960993770,50.5,-5.8,1,6,False,False,False,True,False,True,False,True,True,True,True
005850.KS,에스엘,53500.0,75.0,2485000000000.0,7115440423,65.4,-32.7,5,4,False,False,False,False,True,True,False,False,True,False,True
355150.KQ,코스텍시스,20000.0,74.8,155900000000.0,2083736454,117.9,-68.8,5,4,False,False,False,False,True,True,False,False,True,False,True
030530.KQ,원익홀딩스,19700.0,74.7,1521600000000.0,15827281610,252.4,-61.1,0,3,False,False,False,False,False,False,False,True,True,False,True
356680.KQ,엑스게이트,11630.0,74.6,332000000000.0,17477762712,90.7,-61.9,4,5,False,False,False,False,True,True,True,False,True,False,True
122350.KQ,삼기,1547.0,74.5,59300000000.0,9727617496,85.0,-34.0,2,7,False,False,False,True,True,True,True,True,True,False,True
024850.KQ,HLB이노베이션,13850.0,74.4,439800000000.0,2588672708,89.7,-52.4,5,5,False,False,False,False,True,True,False,True,True,False,True
033160.KQ,엠케이전자,14310.0,74.3,346200000000.0,17824058074,85.8,-61.3,5,4,False,False,False,False,True,True,False,False,True,False,True
000370.KS,한화손해보험,7490.0,74.2,874400000000.0,3450080536,48.3,-30.6,5,6,False,False,False,True,True,True,False,True,True,False,True
039030.KQ,이오테크닉스,401500.0,74.1,4946300000000.0,60748400100,112.8,-35.6,5,5,False,False,False,False,True,True,False,True,True,False,True
059090.KQ,미코,19680.0,74.0,657600000000.0,5419326934,74.2,-32.7,5,6,False,False,False,True,True,True,False,True,True,False,True
014910.KS,성문전자,1942.0,73.9,42400000000.0,4957925036,86.9,-53.2,5,5,False,False,False,False,True,True,True,False,True,False,True
089030.KQ,테크윙,50600.0,73.8,1874900000000.0,73556891364,90.9,-31.6,0,4,False,False,False,False,True,False,False,True,True,False,True
067170.KQ,오텍,2625.0,73.7,72100000000.0,3309145517,59.1,-49.5,4,7,False,False,False,True,True,True,True,True,True,False,True
280360.KS,롯데웰푸드,135200.0,73.5,1244500000000.0,2958473262,50.2,-0.9,1,6,False,False,False,True,False,True,False,True,True,True,True
000150.KS,두산,1101000.0,73.4,17829400000000.0,104191015920,135.3,-55.8,5,5,False,False,False,False,True,True,True,False,True,False,True
138360.KQ,앤로보틱스,1744.0,73.3,153400000000.0,2581131604,139.6,-65.0,5,4,False,False,False,False,True,True,False,False,True,False,True
006260.KS,LS,294500.0,73.2,9188400000000.0,61609815080,98.2,-51.2,5,5,False,False,False,False,True,True,True,False,True,False,True
048550.KQ,SM C&C,1303.0,73.1,126000000000.0,1604016792,67.7,-31.4,2,4,False,False,False,True,False,True,False,False,True,False,True
001230.KS,동국홀딩스,2025.0,73.0,314900000000.0,1046429665,47.6,-20.4,5,7,False,False,False,True,True,True,False,True,True,True,True
452260.KS,한화갤러리아,1970.0,72.9,381900000000.0,2835542346,97.2,-52.2,5,4,False,False,False,False,True,True,False,False,True,False,True
004370.KS,농심,451000.0,72.8,2743300000000.0,11462764050,41.4,-22.1,0,5,False,False,False,True,False,False,False,True,True,True,True
174900.KQ,앱클론,28300.0,72.7,564600000000.0,5014550937,189.7,-70.5,5,5,False,False,False,False,True,True,False,True,True,False,True
006910.KQ,보성파워텍,7060.0,72.6,346900000000.0,9593213908,116.9,-61.2,5,5,False,False,False,False,True,True,False,True,True,False,True
090430.KS,아모레퍼시픽,143300.0,72.5,8382000000000.0,43449716260,52.4,-15.2,1,7,False,False,False,True,True,True,False,True,True,True,True
316140.KS,우리금융지주,32600.0,72.4,23735700000000.0,68988272393,37.3,-21.4,5,7,False,False,False,True,True,True,False,True,True,True,True
096530.KQ,씨젠,31450.0,72.3,1642500000000.0,8516704143,44.9,-7.4,3,8,True,False,False,True,True,True,True,True,True,True,True
004430.KS,송원산업,11520.0,72.1,276500000000.0,2118926249,36.0,-31.1,2,7,False,False,False,True,True,True,True,True,True,False,True
077360.KQ,덕산하이메탈,9860.0,72.0,448000000000.0,7389274948,128.8,-53.3,5,4,False,False,False,False,True,True,False,False,True,False,True
046890.KQ,서울반도체,9700.0,71.9,565600000000.0,4344145246,69.3,-48.8,5,4,False,False,False,False,True,True,False,False,True,False,True
439090.KQ,마녀공장,17780.0,71.8,291500000000.0,7165875400,60.8,-16.3,1,6,False,False,False,True,False,True,False,True,True,True,True
489460.KQ,바이오비쥬,10800.0,71.7,159300000000.0,1289983658,92.5,-41.6,0,4,False,False,False,True,False,False,False,True,True,False,True
004800.KS,효성,157600.0,71.6,2638300000000.0,4595076206,94.8,-50.4,5,4,False,False,False,False,True,True,False,False,True,False,True
195870.KS,해성디에스,53900.0,71.5,916300000000.0,11428424632,149.0,-50.3,5,4,False,False,False,False,True,True,False,False,True,False,True
175330.KS,JB금융지주,27500.0,71.4,5129400000000.0,13069747060,27.9,-28.6,5,5,False,False,False,True,True,True,False,True,False,False,True
101160.KQ,월덱스,28900.0,71.3,477200000000.0,3454368964,44.1,-18.4,5,8,True,False,False,True,True,True,True,True,True,True,True
003230.KS,삼양식품,1430000.0,71.2,10772200000000.0,70937364380,45.8,-14.1,0,5,False,False,False,True,False,False,False,True,True,True,True
000990.KS,DB하이텍,92700.0,71.1,4032900000000.0,67679595612,118.4,-59.8,5,4,False,False,False,False,True,True,False,False,True,False,True
217190.KQ,제너셈,6470.0,71.0,85100000000.0,1157909109,63.2,-33.1,0,5,False,False,False,True,True,False,False,True,True,False,True
011200.KS,HMM,22650.0,70.9,21364300000000.0,32755682112,26.5,-9.2,1,7,False,False,False,True,True,True,True,True,False,True,True
033780.KS,케이티앤지,175400.0,70.7,18208400000000.0,51026333872,35.2,-8.8,5,7,False,False,False,True,True,True,True,False,True,True,True
214450.KQ,파마리서치,414500.0,70.6,4306500000000.0,69461274510,62.5,-41.9,0,4,False,False,False,True,False,False,False,True,True,False,True
007690.KS,국도화학,38350.0,70.5,355200000000.0,1005719885,32.0,-13.7,1,8,True,False,False,True,True,True,True,True,True,True,True
078520.KS,에이블씨엔씨,12280.0,70.4,319500000000.0,1236027064,41.0,-26.9,1,6,False,False,False,True,True,True,False,True,True,False,True
204320.KS,HL만도,51400.0,70.3,2413600000000.0,56041017193,59.9,-35.0,5,5,False,False,False,False,True,True,False,True,True,False,True
037350.KQ,성도이엔지,7440.0,70.2,113200000000.0,2737555783,64.6,-48.5,5,4,False,False,False,False,True,True,False,False,True,False,True
330860.KQ,네패스아크,25600.0,70.1,311900000000.0,10763020297,91.8,-59.7,5,5,False,False,False,False,True,True,True,False,True,False,True
090710.KQ,휴림로봇,6570.0,70.0,785500000000.0,17101334015,180.8,-75.3,5,4,False,False,False,False,True,True,False,False,True,False,True
070300.KQ,엑스큐어,1785.0,69.9,63400000000.0,1042700424,55.2,-50.1,5,4,False,False,False,False,True,True,False,True,True,False,False
474610.KQ,RF시스템즈,7150.0,69.8,103100000000.0,1746854926,84.0,-59.7,5,4,False,False,False,False,True,True,False,True,True,False,False
476060.KQ,온코닉테라퓨틱스,14370.0,69.7,652500000000.0,7397042494,153.8,-50.3,0,3,False,False,False,False,True,False,False,True,True,False,False
007390.KQ,네이처셀,24850.0,69.6,1601200000000.0,10624516625,50.2,-32.7,3,4,False,False,False,True,False,True,False,True,True,False,False
003490.KS,대한항공,26300.0,69.5,9684200000000.0,80276587609,25.2,-15.7,5,5,False,False,False,True,True,True,True,False,False,True,False
083650.KQ,비에이치아이,63500.0,69.3,1965000000000.0,16995919976,91.6,-44.4,1,4,False,False,False,False,True,True,False,True,True,False,False
012750.KS,에스원,79800.0,69.2,3032300000000.0,4907092900,19.5,-22.5,0,4,False,False,False,True,True,False,False,True,False,True,False
007660.KS,이수페타시스,106900.0,69.1,7847400000000.0,95529817856,99.4,-35.0,5,3,False,False,False,False,False,True,False,True,True,False,False
033640.KQ,네패스,21050.0,69.0,485400000000.0,5836961741,99.0,-48.8,5,3,False,False,False,False,True,True,False,False,True,False,False
011090.KS,에넥스,2280.0,68.9,27000000000.0,1488990256,151.1,-45.3,0,3,False,False,False,True,False,False,False,True,True,False,False
267270.KS,HD건설기계,134800.0,68.8,6459900000000.0,40112822474,58.6,-38.0,5,4,False,False,False,False,True,True,False,True,True,False,False
077500.KS,유니퀘스트,7230.0,68.7,156200000000.0,1169942295,77.4,-24.1,0,5,False,False,False,True,True,False,False,True,True,True,False
021240.KS,코웨이,98700.0,68.6,6984700000000.0,18275157958,43.5,-10.7,1,7,False,False,False,True,True,True,True,True,True,True,False
413630.KQ,씨피시스템,3340.0,68.5,121700000000.0,22434992787,127.7,-46.0,5,3,False,False,False,False,False,True,False,True,True,False,False
298020.KS,효성티앤씨,324000.0,68.4,1402200000000.0,7051908080,62.8,-41.8,5,4,False,False,False,False,True,True,False,True,True,False,False
000850.KS,화천기공,36600.0,68.3,80500000000.0,1940832675,24.3,-18.4,5,5,False,False,False,True,True,True,False,True,False,True,False
000850.KS,화천기공,36600.0,68.3,80500000000.0,1940832675,24.3,-18.4,5,5,False,False,False,True,True,True,False,True,False,True,False
178320.KQ,서진시스템,38400.0,68.0,2444200000000.0,55122363812,108.6,-53.9,5,3,False,False,False,False,True,True,False,False,True,False,False
139130.KS,iM금융지주,17550.0,67.9,2779300000000.0,9520125006,34.5,-20.2,5,6,False,False,False,True,True,True,False,True,True,True,False
395400.KS,SK리츠,5580.0,67.8,1679700000000.0,1466271424,19.0,-22.5,5,3,False,False,False,False,True,True,False,False,False,True,False
052710.KQ,아모텍,11460.0,67.7,194600000000.0,11293905770,67.9,-61.8,5,4,False,False,False,False,True,True,True,False,True,False,False
078350.KQ,한양디지텍,22200.0,67.6,338400000000.0,3622958182,155.5,-49.9,5,4,False,False,False,False,True,True,False,True,True,False,False
290660.KQ,다이나믹솔루션,2050.0,67.5,87800000000.0,1368380976,70.8,-41.6,0,4,False,False,False,True,True,False,False,True,True,False,False
271560.KS,오리온,126700.0,67.4,5008300000000.0,16097439930,28.0,-15.6,5,4,False,False,False,False,True,True,True,False,False,True,False
005440.KS,현대지에프홀딩스,11680.0,67.3,2142100000000.0,3974176840,63.4,-41.0,5,3,False,False,False,False,True,True,False,False,True,False,False
086280.KS,현대글로비스,213500.0,67.2,16012500000000.0,40322703430,36.8,-27.9,5,4,False,False,False,False,True,True,False,True,True,False,False
096770.KS,SK이노베이션,125000.0,67.1,21131600000000.0,79213201140,42.5,-19.6,1,6,False,False,False,True,True,True,False,True,True,True,False
047770.KQ,코데즈컴바인,3240.0,67.0,122600000000.0,5919646691,72.5,-45.6,5,4,False,False,False,False,True,True,False,True,True,False,False
064400.KS,LG씨엔에스,73000.0,66.9,7072700000000.0,83436261968,34.9,-52.4,3,6,False,False,False,True,True,True,True,True,True,False,False
013580.KS,계룡건설산업,22350.0,66.8,199600000000.0,6511484527,37.1,-32.9,5,4,False,False,False,False,True,True,False,True,True,False,False
396300.KQ,세아메카닉스,4430.0,66.6,117300000000.0,6586326501,95.2,-39.6,5,5,False,False,False,True,True,True,False,True,True,False,False
294870.KS,IPARK현대산업개발,22400.0,66.5,1476300000000.0,4137617736,32.5,-10.6,1,6,False,False,False,True,True,True,False,True,True,True,False
081660.KS,미스토홀딩스,41800.0,66.4,2219200000000.0,6915525781,16.1,-25.1,5,3,False,False,False,False,True,True,True,False,False,False,False
308080.KQ,바이젠셀,5790.0,66.3,118700000000.0,1156373066,88.6,-66.6,5,2,False,False,False,False,False,True,False,False,True,False,False
005680.KS,삼영전자공업,12350.0,66.2,247000000000.0,1080071026,22.6,-31.4,5,3,False,False,False,False,True,True,True,False,False,False,False
126340.KQ,비나텍,65700.0,66.1,471800000000.0,9858682141,137.4,-67.9,5,3,False,False,False,False,True,True,False,False,True,False,False
060370.KQ,LS마린솔루션,32050.0,66.0,1674300000000.0,4722851615,48.0,-37.9,5,5,False,False,False,True,True,True,False,True,True,False,False
001430.KS,세아베스틸지주,44400.0,65.9,1592300000000.0,7049472284,92.6,-52.0,5,4,False,False,False,False,True,True,False,True,True,False,False
180640.KS,한진칼,122300.0,65.8,8165000000000.0,14384163006,31.4,-30.5,3,5,False,False,False,True,True,True,False,True,True,False,False
138040.KS,메리츠금융지주,120800.0,65.7,20215600000000.0,32642930906,23.3,-19.4,1,6,False,False,False,True,True,True,True,True,False,True,False
009240.KS,한샘,39050.0,65.6,919000000000.0,1784432003,38.0,-28.7,0,2,False,False,False,False,False,False,False,True,True,False,False
289080.KQ,SV인베스트먼트,2485.0,65.5,149400000000.0,1545275922,72.7,-50.6,5,4,False,False,False,False,True,True,False,True,True,False,False
204620.KQ,글로벌텍스프리,5150.0,65.4,362000000000.0,4426857092,30.2,-28.8,0,3,False,False,False,True,False,False,False,True,True,False,False
000400.KS,롯데손해보험,2030.0,65.2,630000000000.0,2062147088,29.4,-38.1,5,4,False,False,False,True,True,True,True,False,False,False,False
000430.KS,대원강업,4195.0,65.1,260100000000.0,1041462280,33.6,-32.3,1,5,False,False,False,True,True,True,False,True,True,False,False
079160.KS,CJ CGV,5230.0,65.0,866000000000.0,2721282482,26.0,-21.5,1,4,False,False,False,True,False,True,False,True,False,True,False
091440.KQ,한울소재과학,2905.0,64.9,100300000000.0,1033277919,62.3,-26.5,2,5,False,False,False,True,True,True,False,True,True,False,False
012450.KS,한화에어로스페이스,1102000.0,64.8,56822900000000.0,241152619640,40.7,-33.4,5,4,False,False,False,False,True,True,False,True,True,False,False
002900.KS,TYM,7050.0,64.7,291900000000.0,1616619519,31.0,-28.8,5,5,False,False,False,True,True,True,False,True,True,False,False
120110.KS,코오롱인더,55200.0,64.6,1653000000000.0,11448583831,63.6,-47.4,5,3,False,False,False,False,True,True,False,False,True,False,False
001120.KS,LX인터내셔널,38300.0,64.5,1484500000000.0,5140960162,34.6,-33.6,5,4,False,False,False,False,True,True,False,True,True,False,False
003160.KS,디아이,24900.0,64.4,704700000000.0,6409451604,99.5,-40.3,5,4,False,False,False,False,True,True,False,True,True,False,False
010820.KS,퍼스텍,6050.0,64.3,295100000000.0,6542137326,63.5,-67.7,5,3,False,False,False,False,True,True,False,False,True,False,False
003470.KS,유안타증권,4695.0,64.2,904600000000.0,2265679416,43.8,-44.1,5,4,False,False,False,False,True,True,False,True,True,False,False
006660.KS,삼성공조,13540.0,64.1,110000000000.0,15235949729,54.0,-32.3,0,3,False,False,False,True,False,False,False,True,True,False,False
001790.KS,대한제당,2845.0,64.0,245400000000.0,1312111994,32.3,-12.7,0,4,False,False,False,True,False,False,False,True,True,True,False
004310.KS,현대약품,5940.0,63.8,190100000000.0,36254180619,69.7,-62.8,5,3,False,False,False,False,True,True,False,False,True,False,False
012860.KQ,모베이스전자,2350.0,63.7,172100000000.0,1284447507,86.2,-66.8,5,3,False,False,False,False,True,True,False,False,True,False,False
058730.KS,다스코,3190.0,63.6,64600000000.0,30765002720,40.5,-45.0,2,4,False,False,False,False,True,True,True,False,True,False,False
058730.KS,다스코,3190.0,63.6,64600000000.0,30765002720,40.5,-45.0,2,4,False,False,False,False,True,True,True,False,True,False,False
237880.KQ,클리오,13320.0,63.4,240700000000.0,1606118388,51.4,-14.5,0,4,False,False,False,True,False,False,False,True,True,True,False
030190.KS,NICE평가정보,15580.0,63.3,917800000000.0,1095755710,19.8,-15.8,1,4,False,False,False,True,False,True,False,True,False,True,False
005940.KS,NH투자증권,26600.0,63.2,9820900000000.0,20151452985,45.0,-37.6,5,3,False,False,False,False,True,True,False,False,True,False,False
003380.KQ,하림지주,11160.0,63.1,1250000000000.0,6120112267,58.1,-43.1,5,4,False,False,False,False,True,True,False,True,True,False,False
008490.KS,서흥,22600.0,63.0,261500000000.0,1275231955,41.3,-30.7,0,3,False,False,False,True,False,False,False,True,True,False,False
033240.KS,자화전자,30900.0,62.9,667600000000.0,3258350970,86.1,-48.5,5,4,False,False,False,False,True,True,False,True,True,False,False
036540.KQ,SFA반도체,5810.0,62.8,955500000000.0,13444425313,81.8,-50.1,5,4,False,False,False,False,True,True,False,True,True,False,False
357780.KQ,솔브레인,334000.0,62.7,2598000000000.0,21723671830,67.0,-37.0,5,4,False,False,False,False,True,True,False,True,True,False,False
114810.KQ,한솔아이원스,13810.0,62.5,388700000000.0,3861958509,95.9,-30.6,0,3,False,False,False,False,True,False,False,True,True,False,False
111770.KS,영원무역,75600.0,62.4,3349900000000.0,6349100484,37.7,-26.7,5,3,False,False,False,False,True,True,False,False,True,False,False
000270.KS,기아,134900.0,62.3,52666700000000.0,142124121418,34.9,-36.5,5,3,False,False,False,False,True,True,False,False,True,False,False
006800.KS,미래에셋증권,35800.0,62.2,19440200000000.0,92226129714,110.9,-59.2,5,3,False,False,False,False,True,True,False,False,True,False,False
389500.KQ,에스비비테크,38550.0,62.1,256900000000.0,4284571960,107.3,-66.5,5,4,False,False,False,False,True,True,False,True,True,False,False
032190.KQ,다우데이타,20050.0,62.0,767900000000.0,1614131987,34.1,-36.2,5,4,False,False,False,False,True,True,False,True,True,False,False
066970.KS,엘앤에프,120400.0,61.9,4898400000000.0,41352204904,103.4,-46.5,0,3,False,False,False,False,True,False,False,True,True,False,False
049070.KQ,인탑스,18120.0,61.8,285300000000.0,2443086051,39.4,-27.4,5,4,False,False,False,False,True,True,False,True,True,False,False
295310.KQ,에이치브이엠,47100.0,61.7,578100000000.0,10487424170,114.6,-67.3,5,3,False,False,False,False,True,True,False,False,True,False,False
047810.KS,한국항공우주,130900.0,61.6,12759500000000.0,66445535624,53.8,-39.3,5,3,False,False,False,False,True,True,False,False,True,False,False
207940.KS,삼성바이오로직스,1585000.0,61.5,73371200000000.0,89671761460,29.1,-20.2,0,2,False,False,False,False,False,False,False,True,False,True,False
218410.KQ,RFHIC,46950.0,61.4,1247700000000.0,17422340880,104.1,-63.0,5,3,False,False,False,False,True,True,False,False,True,False,False
066430.KQ,아이로보틱스,2145.0,61.3,84000000000.0,5814240264,114.1,-57.8,5,3,False,False,False,False,True,True,False,False,True,False,False
336260.KS,두산퓨얼셀,42350.0,61.1,2773700000000.0,32377960392,132.3,-61.1,5,3,False,False,False,False,True,True,False,False,True,False,False
012630.KS,HDC,21550.0,61.0,1287400000000.0,1466848329,36.0,-29.7,2,4,False,False,False,False,True,True,False,True,True,False,False
267250.KS,HD현대,215500.0,60.9,17023000000000.0,35605810306,74.9,-35.3,5,4,False,False,False,False,True,True,False,True,True,False,False
234340.KQ,헥토파이낸셜,22400.0,60.8,312900000000.0,6478032101,58.0,-50.2,5,4,False,False,False,False,True,True,False,True,True,False,False
089890.KQ,코세스,23900.0,60.7,396400000000.0,6527863588,132.7,-53.5,0,2,False,False,False,False,True,False,False,False,True,False,False
074600.KQ,원익QnC,26900.0,60.6,707100000000.0,10373954397,60.2,-40.7,5,3,False,False,False,False,True,True,False,False,True,False,False
023530.KS,롯데쇼핑,98900.0,60.5,2797800000000.0,23373103866,57.7,-53.1,5,4,False,False,False,False,True,True,True,False,True,False,False
068270.KS,셀트리온,189600.0,60.4,44104200000000.0,119496658038,19.6,-20.7,5,4,False,False,False,False,True,True,False,True,False,True,False
005880.KS,대한해운,2150.0,60.3,693900000000.0,5363555839,31.2,-36.5,5,4,False,False,False,False,True,True,False,True,True,False,False
460860.KS,동국제강,9700.0,60.2,481200000000.0,1919558478,25.0,-45.2,1,4,False,False,False,True,True,True,False,True,False,False,False
066980.KQ,한성크린텍,1568.0,60.1,84100000000.0,4732013977,46.0,-42.9,4,5,False,False,False,True,True,True,True,False,True,False,False
062040.KS,산일전기,169300.0,60.0,5187800000000.0,53705032568,66.5,-50.4,5,4,False,False,False,False,True,True,True,False,True,False,False
192080.KS,더블유게임즈,58100.0,59.9,1230200000000.0,3983887696,23.6,-24.1,4,5,False,False,False,True,True,True,True,False,False,True,False
058430.KS,포스코스틸리온,4710.0,59.7,282600000000.0,6473572109,32.3,-55.1,5,3,False,False,False,False,True,True,False,False,True,False,False
323280.KQ,태성,49550.0,59.6,1513200000000.0,13236552101,115.4,-47.3,5,4,False,False,False,False,True,True,False,True,True,False,False
112610.KS,씨에스윈드,48050.0,59.5,2026300000000.0,25849914222,39.3,-39.5,1,4,False,False,False,False,True,True,False,True,True,False,False
456040.KS,OCI,80700.0,59.4,722500000000.0,5514816366,53.7,-50.6,5,3,False,False,False,False,True,True,False,False,True,False,False
005810.KS,풍산홀딩스,38850.0,59.3,560100000000.0,1147897223,31.9,-36.2,0,4,False,False,False,True,True,False,False,True,True,False,False
140860.KQ,파크시스템스,268000.0,59.2,1876700000000.0,10940872830,30.7,-23.5,3,6,False,False,False,True,True,True,False,True,True,True,False
241560.KS,두산밥캣,61100.0,59.1,5856800000000.0,12655214424,17.7,-23.3,5,3,False,False,False,False,True,True,False,False,False,True,False
443060.KS,HD현대마린솔루션,208000.0,59.0,9325400000000.0,27524979038,31.6,-27.5,0,5,False,False,False,True,True,False,True,True,True,False,False
263800.KQ,데이타솔루션,4985.0,58.9,80900000000.0,10050305028,21.1,-42.9,0,0,False,False,False,False,False,False,False,False,False,False,False
001060.KS,JW중외제약,27200.0,58.8,633400000000.0,1541341757,31.4,-30.7,5,4,False,False,False,False,True,True,False,True,True,False,False
425420.KQ,티에프이,44700.0,58.7,551900000000.0,3541520820,90.2,-42.5,0,3,False,False,False,False,True,False,False,True,True,False,False
388050.KQ,지투파워,9790.0,58.6,183200000000.0,9560522152,83.0,-47.0,0,3,False,False,False,False,True,False,False,True,True,False,False
001200.KS,유진증권,4350.0,58.5,421400000000.0,2336189114,40.1,-37.1,5,4,False,False,False,False,True,True,False,True,True,False,False
073490.KQ,LIG아큐버,30000.0,58.3,228100000000.0,2306179050,64.1,-52.0,5,4,False,False,False,False,True,True,False,True,True,False,False
412350.KQ,레이저쎌,4310.0,58.2,62900000000.0,2652635606,174.0,-70.6,5,3,False,False,False,False,True,True,False,False,True,False,False
306200.KS,세아제강,136600.0,58.1,387400000000.0,1180793632,22.0,-27.7,1,4,False,False,False,True,True,True,False,True,False,False,False
069960.KS,현대백화점,93100.0,58.0,2007700000000.0,25396286406,34.8,-58.1,5,4,False,False,False,False,True,True,True,False,True,False,False
482630.KQ,삼양엔씨켐,13700.0,57.9,299900000000.0,4722631243,83.5,-45.2,5,3,False,False,False,False,True,True,False,False,True,False,False
103590.KS,일진전기,66300.0,57.8,3161500000000.0,25383307286,97.9,-55.2,5,3,False,False,False,False,True,True,False,False,True,False,False
099440.KQ,스맥,4050.0,57.7,276400000000.0,1899364387,67.7,-51.4,0,2,False,False,False,False,False,False,False,True,True,False,False
214320.KS,이노션,18860.0,57.6,754400000000.0,1678722716,12.7,-16.7,5,3,False,False,False,False,True,True,False,False,False,True,False
005290.KQ,동진쎄미켐,43650.0,57.5,2224800000000.0,28310786657,56.2,-39.5,0,2,False,False,False,False,True,False,False,False,True,False,False
035420.KS,NAVER,220500.0,57.4,33532900000000.0,263569429292,21.8,-27.5,0,1,False,False,False,False,False,False,False,True,False,False,False
314130.KQ,지놈앤컴퍼니,4075.0,57.3,213100000000.0,1847584392,67.0,-60.0,5,4,False,False,False,False,True,True,False,True,True,False,False
119830.KQ,아이텍,7100.0,57.2,188400000000.0,1413906772,65.1,-27.0,0,4,False,False,False,True,True,False,False,True,True,False,False
032640.KS,LG유플러스,14910.0,57.0,6328200000000.0,15577729310,9.6,-20.7,5,4,False,False,False,False,True,True,False,True,False,True,False
024110.KS,기업은행,20250.0,56.9,16147900000000.0,25070797168,8.5,-31.5,5,2,False,False,False,False,True,True,False,False,False,False,False
030200.KS,케이티,53000.0,56.8,13357100000000.0,22080082546,10.2,-23.6,5,4,False,False,False,False,True,True,False,True,False,True,False
078340.KQ,컴투스,31250.0,56.7,377900000000.0,1394889097,39.2,-25.9,0,4,False,False,False,True,True,False,False,True,True,False,False
002790.KS,아모레퍼시픽홀딩스,26850.0,56.6,2052900000000.0,2992630356,34.6,-25.3,1,4,False,False,False,True,False,True,False,True,True,False,False
009970.KS,영원무역홀딩스,170600.0,56.5,2209900000000.0,2697704860,45.9,-34.9,5,3,False,False,False,False,True,True,False,False,True,False,False
004690.KS,삼천리,130500.0,56.4,473300000000.0,1236436336,21.3,-19.4,0,4,False,False,False,True,True,False,False,True,False,True,False
264850.KQ,이랜시스,5950.0,56.3,180300000000.0,9251651691,68.8,-37.6,1,4,False,False,False,False,True,True,False,True,True,False,False
003850.KS,보령,9040.0,56.2,775500000000.0,1005943003,22.0,-16.3,1,4,False,False,False,False,True,True,False,True,False,True,False
033100.KQ,제룡전기,47500.0,56.1,763000000000.0,9319505740,49.1,-49.4,5,4,False,False,False,False,True,True,False,True,True,False,False
007610.KS,선도전기,4015.0,56.0,72300000000.0,5813272258,35.0,-75.8,4,3,False,False,False,False,True,True,False,False,True,False,False
484810.KQ,티엑스알로보틱스,15280.0,55.9,236100000000.0,5985316871,102.7,-42.3,0,3,False,False,False,False,True,False,False,True,True,False,False
187660.KQ,페니트리움바이오,3490.0,55.8,193600000000.0,3026449688,151.1,-83.8,5,3,False,False,False,False,True,True,False,False,True,False,False
140410.KQ,메지온,64900.0,55.6,1987300000000.0,8242847394,81.0,-63.9,0,3,False,False,False,False,True,False,False,True,True,False,False
003680.KS,한성기업,5030.0,55.5,31200000000.0,12540227866,28.5,-71.0,2,1,False,False,False,False,False,True,False,False,False,False,False
016380.KS,KG스틸,5700.0,55.4,570100000000.0,1749941687,18.1,-27.8,4,4,False,False,False,True,True,True,False,True,False,False,False
002380.KS,케이씨씨,454000.0,55.3,3901200000000.0,13745907710,35.1,-34.4,5,4,False,False,False,False,True,True,False,True,True,False,False
039830.KQ,오로라,17610.0,55.2,189500000000.0,2399008829,94.8,-33.3,0,2,False,False,False,True,False,False,False,False,True,False,False
026940.KS,부국철강,2125.0,55.1,42500000000.0,8289997905,23.2,-54.7,0,2,False,False,False,False,True,False,True,False,False,False,False
026940.KS,부국철강,2125.0,55.1,42500000000.0,8289997905,23.2,-54.7,0,2,False,False,False,False,True,False,True,False,False,False,False
071050.KS,한국금융지주,191500.0,54.9,10671500000000.0,52781622908,57.2,-36.3,5,3,False,False,False,False,True,True,False,False,True,False,False
125020.KQ,티씨머티리얼즈,5590.0,54.8,195900000000.0,4036650161,87.0,-46.3,4,4,False,False,False,False,True,True,False,True,True,False,False
171090.KQ,선익시스템,64800.0,54.7,656300000000.0,3598389032,90.6,-55.0,5,4,False,False,False,False,True,True,False,True,True,False,False
066590.KQ,스모트로닉,2645.0,54.6,102300000000.0,3498327729,48.8,-37.0,0,3,False,False,False,False,True,False,False,True,True,False,False
030000.KS,제일기획,19130.0,54.5,2200700000000.0,7423245027,7.7,-17.9,0,2,False,False,False,False,False,False,False,True,False,True,False
026960.KS,동서,25950.0,54.4,2587200000000.0,2114317110,16.1,-16.2,0,2,False,False,False,False,False,False,False,True,False,True,False
214330.KS,금호에이치티,8550.0,54.2,89400000000.0,2841074834,91.1,-35.1,0,3,False,False,False,True,False,False,False,True,True,False,False
033790.KQ,피노,6090.0,54.1,507400000000.0,4199121834,76.8,-68.2,5,3,False,False,False,False,True,True,False,False,True,False,False
006730.KQ,서부T&D,10740.0,54.0,690300000000.0,5296952950,27.1,-47.5,5,3,False,False,False,False,True,True,False,True,False,False,False
204270.KQ,제이앤티씨,20250.0,53.9,1171400000000.0,9123447987,81.8,-32.7,0,3,False,False,False,True,False,False,False,True,True,False,False
102710.KQ,이엔에프테크놀로지,47000.0,53.8,671500000000.0,4706117174,41.1,-27.7,0,3,False,False,False,False,True,False,False,True,True,False,False
196170.KQ,알테오젠,305500.0,53.7,16370600000000.0,164838306978,57.0,-30.2,0,2,False,False,False,False,False,False,False,True,True,False,False
018670.KS,SK가스,236000.0,53.6,2187500000000.0,3292255730,20.3,-21.9,1,4,False,False,False,True,False,True,False,True,False,True,False
000210.KS,DL,48150.0,53.5,1009000000000.0,4447798469,42.0,-38.0,5,4,False,False,False,False,True,True,False,True,True,False,False
272210.KS,한화시스템,72700.0,53.4,13734400000000.0,50141819370,62.5,-60.5,5,3,False,False,False,False,True,True,False,False,True,False,False
203650.KQ,드림시큐리티,2065.0,53.3,210000000000.0,4178226391,47.5,-57.1,4,3,False,False,False,False,True,True,False,False,True,False,False
004000.KS,롯데정밀화학,45850.0,53.2,1182900000000.0,2681519236,14.5,-36.1,5,3,False,False,False,False,True,True,False,True,False,False,False
457370.KQ,한켐,8690.0,53.1,70100000000.0,11786380522,59.2,-49.0,0,3,False,False,False,False,True,False,False,True,True,False,False
000240.KS,한국앤컴퍼니,24050.0,53.0,2283200000000.0,3156641768,14.5,-34.0,5,1,False,False,False,False,False,True,False,False,False,False,False
950220.KQ,네오이뮨텍,2835.0,52.8,97000000000.0,2360250668,154.3,-58.5,0,3,False,False,False,True,False,False,False,True,True,False,False
104830.KQ,원익머트리얼즈,33900.0,52.7,427400000000.0,3052559437,50.2,-39.6,5,3,False,False,False,False,True,True,False,False,True,False,False
013360.KS,일성건설,1466.0,52.6,79200000000.0,3839033365,32.7,-48.2,2,2,False,False,False,False,False,True,False,False,True,False,False
036570.KS,NC,225000.0,52.5,4847400000000.0,22712506870,27.8,-34.5,5,2,False,False,False,False,True,True,False,False,False,False,False
003200.KS,일신방직,10880.0,52.4,249800000000.0,1437072485,17.0,-38.9,0,1,False,False,False,False,False,False,False,True,False,False,False
300720.KS,한일시멘트,15980.0,52.3,1175300000000.0,1528546981,25.7,-24.4,0,2,False,False,False,False,False,False,False,True,False,True,False
036200.KQ,유니셈,9340.0,52.2,286400000000.0,2518139141,55.7,-35.1,0,3,False,False,False,False,True,False,False,True,True,False,False
456010.KQ,아이씨티케이,16690.0,52.1,242000000000.0,5377773789,59.6,-58.2,0,2,False,False,False,False,True,False,False,False,True,False,False
462870.KS,시프트업,32050.0,52.0,1882700000000.0,3117661885,16.5,-28.2,0,0,False,False,False,False,False,False,False,False,False,False,False
006120.KS,SK디스커버리,51300.0,51.9,893300000000.0,2156317346,20.0,-24.9,0,2,False,False,False,False,False,False,False,True,False,True,False
086450.KQ,동국제약,18850.0,51.8,852600000000.0,6258035548,15.9,-39.7,5,3,False,False,False,False,True,True,False,True,False,False,False
023590.KS,다우기술,38450.0,51.7,1664400000000.0,1927410899,26.5,-38.3,5,3,False,False,False,False,True,True,False,True,False,False,False
001720.KS,신영증권,156000.0,51.5,2564600000000.0,1990927266,30.8,-42.6,5,3,False,False,False,False,True,True,False,False,True,False,False
001250.KS,GS글로벌,2690.0,51.4,222000000000.0,2553193206,22.3,-52.7,5,2,False,False,False,False,True,True,False,False,False,False,False
004490.KS,세방전지,57100.0,51.3,791400000000.0,2717006757,21.7,-26.5,0,1,False,False,False,False,False,False,False,True,False,False,False
277810.KQ,레인보우로보틱스,454500.0,51.2,8817200000000.0,63159467630,82.2,-53.6,5,3,False,False,False,False,True,True,False,False,True,False,False
006920.KQ,모헨즈,3220.0,51.1,35200000000.0,3256160579,20.4,-57.8,0,1,False,False,False,False,True,False,False,False,False,False,False
006040.KS,동원산업,38800.0,51.0,1712700000000.0,2007221025,30.0,-24.7,0,2,False,False,False,False,False,False,False,True,False,True,False
050890.KQ,쏠리드,9150.0,50.9,555900000000.0,8950673566,50.2,-56.2,5,3,False,False,False,False,True,True,False,False,True,False,False
226950.KQ,올릭스,100400.0,50.8,2114700000000.0,39707214914,105.5,-53.7,5,3,False,False,False,False,True,True,False,False,True,False,False
071320.KS,지역난방공사,74300.0,50.7,860300000000.0,1161180404,23.0,-36.3,0,1,False,False,False,False,False,False,False,True,False,False,False
036460.KS,한국가스공사,36800.0,50.6,3397100000000.0,5769478296,18.1,-19.5,0,2,False,False,False,False,False,False,False,True,False,True,False
049720.KQ,고려신용정보,9260.0,50.5,132400000000.0,1605506037,5.0,-22.4,0,1,False,False,False,False,False,False,False,False,False,True,False
016360.KS,삼성증권,88400.0,50.4,7894100000000.0,54787061618,35.6,-45.8,5,3,False,False,False,False,True,True,False,False,True,False,False
017800.KS,현대엘리베이터,74500.0,50.3,2912400000000.0,11497328484,20.6,-34.3,5,3,False,False,False,False,True,True,False,True,False,False,False
317240.KQ,TS트릴리온,1167.0,50.1,34000000000.0,1032218916,76.3,-62.6,1,4,False,False,False,False,True,True,False,True,True,False,False
011780.KS,금호석유화학,120200.0,50.0,3023900000000.0,11992612368,16.9,-25.9,5,2,False,False,False,False,True,True,False,False,False,False,False
003000.KS,부광약품,4150.0,49.9,409500000000.0,1603955189,28.3,-58.0,5,2,False,False,False,False,True,True,False,False,False,False,False
047050.KS,포스코인터내셔널,53900.0,49.8,9482200000000.0,28686964889,20.2,-40.9,5,3,False,False,False,False,True,True,False,True,False,False,False
058470.KQ,리노공업,67400.0,49.7,5136700000000.0,68511025434,52.8,-47.8,5,3,False,False,False,False,True,True,False,False,True,False,False
005490.KS,POSCO홀딩스,332000.0,49.6,26308200000000.0,106232508890,28.4,-38.7,5,3,False,False,False,False,True,True,False,True,False,False,False
290690.KQ,소룩스,4265.0,49.5,225900000000.0,7966608901,58.0,-40.5,0,2,False,False,False,True,False,False,False,False,True,False,False
215600.KQ,신라젠,2960.0,49.4,410100000000.0,2701202818,66.3,-45.2,0,2,False,False,False,False,False,False,False,True,True,False,False
013030.KQ,하이록코리아,32200.0,49.3,378900000000.0,1283844063,16.9,-33.1,0,2,False,False,False,False,True,False,False,True,False,False,False
003720.KS,삼영,6540.0,49.2,222400000000.0,3061852661,50.9,-53.2,5,3,False,False,False,False,True,True,False,False,True,False,False
061970.KQ,LB세미콘,4620.0,49.1,268300000000.0,2965506911,60.1,-35.1,0,3,False,False,False,False,True,False,False,True,True,False,False
001440.KS,대한전선,27500.0,49.0,5389800000000.0,83571598223,86.6,-63.8,5,3,False,False,False,False,True,True,False,False,True,False,False
142210.KQ,유니트론텍,6040.0,48.9,125300000000.0,1945879500,35.1,-33.3,0,3,False,False,False,False,True,False,False,True,True,False,False
088980.KS,맥쿼리인프라,9960.0,48.7,4770100000000.0,18556760814,6.9,-16.2,0,1,False,False,False,False,False,False,False,False,False,True,False
003240.KS,태광산업,902000.0,48.6,1004300000000.0,1921837040,27.4,-44.8,1,3,False,False,False,False,True,True,False,True,False,False,False
000640.KS,동아쏘시오홀딩스,91800.0,48.5,618000000000.0,1618821106,23.2,-24.7,0,2,False,False,False,False,False,False,False,True,False,True,False
069080.KQ,웹젠,10800.0,48.4,334400000000.0,1523773104,13.3,-40.0,0,0,False,False,False,False,False,False,False,False,False,False,False
211050.KQ,인카금융서비스,10770.0,48.3,530600000000.0,1260733651,33.0,-37.9,0,2,False,False,False,False,False,False,False,True,True,False,False
031210.KS,서울보증보험,42300.0,48.2,2953500000000.0,1873897531,6.7,-34.7,0,0,False,False,False,False,False,False,False,False,False,False,False
042520.KQ,한스바이오메드,18970.0,48.1,270500000000.0,4132674963,172.2,-67.2,0,2,False,False,False,False,True,False,False,False,True,False,False
347850.KQ,디앤디파마텍,56200.0,48.0,2576100000000.0,119451592465,75.1,-51.8,5,2,False,False,False,False,False,True,False,False,True,False,False
290650.KQ,엘앤씨바이오,52300.0,47.9,1410500000000.0,22375358641,79.7,-58.2,5,3,False,False,False,False,True,True,False,False,True,False,False
052690.KS,한전기술,108600.0,47.8,4150700000000.0,18916034534,40.9,-45.2,5,4,False,False,False,False,True,True,False,True,True,False,False
029780.KS,삼성카드,46150.0,47.7,5346900000000.0,5864530629,4.8,-33.3,0,1,False,False,False,False,True,False,False,False,False,False,False
037030.KQ,파워넷,3345.0,47.6,85300000000.0,1639399902,38.2,-67.8,5,3,False,False,False,False,True,True,False,False,True,False,False
009540.KS,HD한국조선해양,362500.0,47.5,25655300000000.0,80713232550,15.4,-26.7,0,0,False,False,False,False,False,False,False,False,False,False,False
092200.KS,디아이씨,6220.0,47.3,241900000000.0,4394470822,64.1,-58.9,1,3,False,False,False,False,False,True,False,True,True,False,False
069260.KS,티케이지휴켐스,16120.0,47.2,659000000000.0,1314158189,12.7,-25.2,0,1,False,False,False,False,False,False,False,True,False,False,False
147830.KQ,제룡산업,6900.0,47.1,138000000000.0,1521807168,36.9,-55.2,5,4,False,False,False,False,True,True,False,True,True,False,False
053800.KQ,안랩,56900.0,47.0,633100000000.0,2433930038,12.0,-24.1,0,3,False,False,False,False,True,False,False,True,False,True,False
009290.KS,광동제약,6220.0,46.9,309800000000.0,1193180997,20.8,-51.4,1,3,False,False,False,False,True,True,False,True,False,False,False
145020.KQ,휴젤,248500.0,46.8,3110000000000.0,13628381870,19.2,-31.2,0,1,False,False,False,False,True,False,False,False,False,False,False
034020.KS,두산에너빌리티,80700.0,46.7,51693300000000.0,219468329182,57.9,-42.0,0,3,False,False,False,False,True,False,False,True,True,False,False
003280.KS,흥아해운,1799.0,46.6,432500000000.0,22035275812,18.0,-62.5,5,3,False,False,False,False,True,True,False,True,False,False,False
272110.KQ,케이엔제이,25700.0,46.5,206300000000.0,2804495957,68.0,-42.4,0,2,False,False,False,False,True,False,False,False,True,False,False
323410.KS,카카오뱅크,21600.0,46.4,10305800000000.0,19572629224,13.0,-26.8,0,1,False,False,False,False,True,False,False,False,False,False,False
009450.KS,경동나비엔,64300.0,46.3,936800000000.0,3335972098,21.3,-30.9,0,1,False,False,False,False,True,False,False,False,False,False,False
138930.KS,BNK금융지주,14840.0,46.2,4605300000000.0,18481026291,8.7,-35.6,5,2,False,False,False,False,True,True,False,False,False,False,False
007310.KS,오뚜기,331500.0,46.0,1328600000000.0,1589594110,14.1,-29.5,0,1,False,False,False,False,False,False,False,True,False,False,False
011210.KS,현대위아,61400.0,45.9,1669800000000.0,6905998344,30.8,-45.5,5,3,False,False,False,False,True,True,False,False,True,False,False
195940.KQ,HK이노엔,43750.0,45.8,1239400000000.0,5875249317,25.7,-25.3,0,1,False,False,False,False,False,False,False,True,False,False,False
001260.KS,남광토건,7620.0,45.7,74900000000.0,4102768679,18.7,-43.1,0,1,False,False,False,False,True,False,False,False,False,False,False
178920.KS,PI첨단소재,18840.0,45.6,553300000000.0,1431190243,26.6,-41.4,5,2,False,False,False,False,True,True,False,False,False,False,False
082740.KS,한화엔진,47450.0,45.5,3959600000000.0,41764675140,32.5,-49.7,0,2,False,False,False,False,True,False,False,False,True,False,False
039860.KQ,나노엔텍,3835.0,45.4,146100000000.0,1631168162,27.2,-59.2,5,3,False,False,False,False,True,True,False,True,False,False,False
237690.KQ,에스티팜,106700.0,45.3,2227500000000.0,18959431660,26.9,-38.0,5,2,False,False,False,False,True,True,False,False,False,False,False
007820.KQ,엠엑스로보틱스,4090.0,45.2,81900000000.0,4510820692,65.3,-46.0,0,3,False,False,False,False,True,False,False,True,True,False,False
041190.KQ,우리기술투자,6800.0,45.1,571200000000.0,11988608346,82.6,-48.2,0,3,False,False,False,True,False,False,False,True,True,False,False
012210.KQ,삼미금속,7890.0,45.0,181900000000.0,1300772462,96.3,-62.2,0,3,False,False,False,False,True,False,False,True,True,False,False
094820.KQ,일진파워,11900.0,44.9,179400000000.0,1719255244,32.7,-51.4,5,3,False,False,False,False,True,True,False,False,True,False,False
162300.KQ,신스틸,1575.0,44.8,65300000000.0,1553408984,18.0,-33.3,0,0,False,False,False,False,False,False,False,False,False,False,False
023410.KQ,유진기업,3265.0,44.6,252400000000.0,6708978588,10.7,-37.2,5,2,False,False,False,False,True,True,False,False,False,False,False
265520.KQ,AP시스템,19470.0,44.5,293000000000.0,1320693750,24.8,-37.4,0,1,False,False,False,False,True,False,False,False,False,False,False
285130.KS,SK케미칼,50000.0,44.4,864900000000.0,2937381622,39.5,-38.9,0,2,False,False,False,False,False,False,False,True,True,False,False
044490.KQ,태웅,30800.0,44.3,616200000000.0,5972174921,54.2,-49.8,0,3,False,False,False,False,True,False,False,True,True,False,False
110990.KQ,디아이티,16470.0,44.2,311300000000.0,2005001575,48.8,-43.2,5,3,False,False,False,False,True,True,False,False,True,False,False
010960.KS,삼호개발,3080.0,44.1,74300000000.0,9332925492,14.1,-44.0,0,1,False,False,False,False,True,False,False,False,False,False,False
457190.KS,이수스페셜티케미컬,63900.0,44.0,1931000000000.0,8567368555,48.6,-51.5,5,3,False,False,False,False,True,True,False,False,True,False,False
020560.KS,아시아나항공,7100.0,43.9,1462500000000.0,1103667255,9.2,-26.7,0,0,False,False,False,False,False,False,False,False,False,False,False
036830.KQ,솔브레인홀딩스,43350.0,43.8,888800000000.0,2343774701,68.3,-46.3,0,3,False,False,False,False,True,False,False,True,True,False,False
092790.KS,넥스틸,12100.0,43.7,314600000000.0,6841191201,34.0,-47.4,0,2,False,False,False,False,True,False,False,False,True,False,False
136480.KQ,하림,2670.0,43.6,283600000000.0,1159148611,4.7,-25.1,0,1,False,False,False,False,True,False,False,False,False,False,False
468530.KQ,프로티나,34950.0,43.5,385700000000.0,2503581863,146.1,-70.9,0,2,False,False,False,False,False,False,False,True,True,False,False
078600.KQ,대주전자재료,87700.0,43.4,1377300000000.0,16212838478,48.9,-52.2,5,3,False,False,False,False,True,True,False,False,True,False,False
012030.KS,DB,1485.0,43.2,298700000000.0,1005292607,18.1,-41.7,0,1,False,False,False,False,True,False,False,False,False,False,False
006280.KS,녹십자,126300.0,43.1,1476000000000.0,5033082366,19.3,-31.3,0,1,False,False,False,False,False,False,False,True,False,False,False
043650.KQ,국순당,3615.0,43.0,64600000000.0,1928677634,16.1,-29.3,0,0,False,False,False,False,False,False,False,False,False,False,False
103140.KS,풍산,87600.0,42.9,2454900000000.0,10271695986,58.7,-45.0,0,2,False,False,False,False,False,False,False,True,True,False,False
489790.KS,한화비전,52400.0,42.8,2645600000000.0,15089797183,69.3,-46.5,0,3,False,False,False,False,True,False,False,True,True,False,False
241520.KQ,DSC인베스트먼트,8430.0,42.7,224200000000.0,2133302648,42.9,-57.2,5,3,False,False,False,False,True,True,False,False,True,False,False
005500.KS,삼진제약,18060.0,42.6,240600000000.0,1094060298,8.9,-30.3,0,0,False,False,False,False,False,False,False,False,False,False,False
383220.KS,F&F,62800.0,42.5,2405700000000.0,6381663066,8.3,-29.4,3,3,False,False,False,False,True,True,True,False,False,False,False
004710.KS,한솔테크닉스,6890.0,42.4,366000000000.0,16836143544,53.8,-58.1,5,4,False,False,False,False,True,True,True,False,True,False,False
060250.KQ,NHN KCP,15560.0,42.3,624900000000.0,6544477853,42.8,-39.0,0,3,False,False,False,False,True,False,False,True,True,False,False
027360.KQ,아주IB투자,3380.0,42.2,409500000000.0,13422980373,76.7,-83.1,5,3,False,False,False,False,True,True,False,False,True,False,False
215200.KQ,메가스터디교육,36400.0,42.1,377300000000.0,1538264808,4.3,-28.3,0,1,False,False,False,False,True,False,False,False,False,False,False
056190.KQ,SFA,24000.0,42.0,861800000000.0,2377258993,42.4,-34.2,0,3,False,False,False,False,True,False,False,True,True,False,False
035250.KS,강원랜드,14460.0,41.8,3093600000000.0,7266823507,3.9,-26.2,0,0,False,False,False,False,False,False,False,False,False,False,False
294570.KQ,쿠콘,26900.0,41.7,271500000000.0,1157664831,106.9,-43.2,0,2,False,False,False,False,False,False,False,True,True,False,False
253590.KQ,네오셈,11060.0,41.6,485200000000.0,4380741244,65.1,-48.3,0,3,False,False,False,False,True,False,False,True,True,False,False
267260.KS,HD현대일렉트릭,719000.0,41.5,25917900000000.0,141339452500,65.9,-49.7,5,3,False,False,False,False,True,True,False,False,True,False,False
039200.KQ,오스코텍,37300.0,41.4,1427000000000.0,6778166281,36.6,-43.5,0,2,False,False,False,False,False,False,False,True,True,False,False
036890.KQ,진성티이씨,12570.0,41.3,277000000000.0,1050731288,12.1,-40.4,5,2,False,False,False,False,True,True,False,False,False,False,False
017550.KS,수산세보틱스,1835.0,41.2,114500000000.0,1334240650,38.0,-54.6,0,3,False,False,False,False,True,False,False,True,True,False,False
101530.KS,해태제과식품,5690.0,41.1,165700000000.0,1627992217,6.4,-22.9,0,2,False,False,False,False,False,False,False,True,False,True,False
189300.KQ,인텔리안테크,65400.0,41.0,702200000000.0,7013870125,67.7,-63.7,5,3,False,False,False,False,True,True,False,False,True,False,False
039490.KS,키움증권,276000.0,40.9,7239000000000.0,38468786440,44.9,-46.6,5,3,False,False,False,False,True,True,False,False,True,False,False
229640.KS,LS에코에너지,44750.0,40.8,1370500000000.0,6576501154,39.8,-59.2,5,3,False,False,False,False,True,True,False,False,True,False,False
373220.KS,LG에너지솔루션,349500.0,40.7,81783000000000.0,125747459250,20.3,-33.7,0,0,False,False,False,False,False,False,False,False,False,False,False
419050.KQ,삼기에너지솔루션즈,1562.0,40.5,89300000000.0,12618109459,80.6,-40.3,0,2,False,False,False,False,False,False,False,True,True,False,False
225570.KQ,넥슨게임즈,10720.0,40.4,706000000000.0,1326422698,36.4,-30.5,0,2,False,False,False,False,False,False,False,True,True,False,False
011230.KS,삼화전자공업,2635.0,40.3,50500000000.0,9308616920,31.1,-54.8,0,1,False,False,False,False,False,False,False,False,True,False,False
318060.KQ,그래피,18200.0,40.2,203600000000.0,2046716298,121.7,-73.6,1,3,False,False,False,False,True,True,False,False,True,False,False
053690.KS,한미글로벌,17820.0,40.1,195300000000.0,2342320707,29.7,-48.7,0,2,False,False,False,False,True,False,False,True,False,False,False
031430.KS,신세계인터내셔날,10480.0,40.0,366700000000.0,1148190986,9.7,-38.8,5,2,False,False,False,False,True,True,False,False,False,False,False
009830.KS,한화솔루션,32350.0,39.9,7275300000000.0,109750313109,47.0,-45.4,5,4,False,False,False,False,True,True,False,True,True,False,False
320000.KQ,한울반도체,9320.0,39.8,64400000000.0,20872473966,31.7,-67.9,0,3,False,False,False,False,True,False,True,False,True,False,False
051600.KS,한전KPS,46250.0,39.7,2081300000000.0,5964360486,11.4,-33.0,0,2,False,False,False,False,True,False,False,True,False,False,False
051600.KS,한전KPS,46250.0,39.7,2081300000000.0,5964360486,11.4,-33.0,0,2,False,False,False,False,True,False,False,True,False,False,False
187790.KQ,나노,2990.0,39.5,92200000000.0,1478856805,77.4,-60.4,5,3,False,False,False,False,True,True,False,False,True,False,False
009900.KS,명신산업,8080.0,39.4,424000000000.0,1172862003,49.9,-45.9,0,3,False,False,False,False,True,False,False,True,True,False,False
001680.KS,대상,17880.0,39.3,619500000000.0,1565408817,12.6,-26.0,0,1,False,False,False,False,False,False,False,True,False,False,False
393890.KQ,더블유씨피,8700.0,39.1,294400000000.0,1879023416,57.6,-59.3,5,3,False,False,False,False,True,True,False,False,True,False,False
086520.KQ,에코프로,85200.0,39.0,11568100000000.0,100929402920,87.0,-55.2,5,3,False,False,False,False,True,True,False,False,True,False,False
000080.KS,하이트진로,15370.0,38.9,1078000000000.0,1954458824,11.1,-23.1,0,2,False,False,False,False,False,False,False,True,False,True,False
036810.KQ,에프에스티,27300.0,38.8,591000000000.0,3449446341,82.0,-46.5,0,3,False,False,False,False,True,False,False,True,True,False,False
015750.KQ,성우하이텍,6110.0,38.7,488800000000.0,1847907992,25.2,-49.0,0,2,False,False,False,False,True,False,False,True,False,False,False
232680.KQ,라온로보틱스,9520.0,38.6,126200000000.0,2243883088,44.0,-60.3,5,3,False,False,False,False,True,True,False,False,True,False,False
499790.KS,GS피앤엘,39600.0,38.5,785300000000.0,4780557178,22.8,-40.9,0,1,False,False,False,False,True,False,False,False,False,False,False
452280.KQ,한선엔지니어링,10430.0,38.4,200800000000.0,4190223011,50.9,-72.0,5,3,False,False,False,False,True,True,False,False,True,False,False
097950.KS,CJ제일제당,187100.0,38.3,2816600000000.0,13325358194,8.4,-26.3,0,0,False,False,False,False,False,False,False,False,False,False,False
004980.KS,성신양회,8270.0,38.2,202700000000.0,1592145383,22.0,-46.0,0,1,False,False,False,False,False,False,False,True,False,False,False
004020.KS,현대제철,30100.0,38.1,4016700000000.0,16714866807,27.3,-40.3,0,2,False,False,False,False,True,False,False,True,False,False,False
115440.KQ,우리넷,7270.0,38.0,78500000000.0,1604644221,37.4,-65.9,5,3,False,False,False,False,True,True,False,False,True,False,False
052020.KQ,에스티큐브,8420.0,37.9,572400000000.0,1898525369,40.1,-62.6,5,3,False,False,False,False,True,True,False,False,True,False,False
003540.KS,대신증권,26400.0,37.7,1258400000000.0,2521749068,16.0,-48.6,0,1,False,False,False,False,True,False,False,False,False,False,False
036010.KQ,아비코전자,6840.0,37.6,90900000000.0,2360248716,56.9,-52.0,0,2,False,False,False,False,True,False,False,False,True,False,False
014820.KS,동원시스템즈,21950.0,37.5,636400000000.0,1124069049,25.3,-29.0,0,1,False,False,False,False,False,False,False,True,False,False,False
112290.KQ,와이씨켐,10290.0,37.4,208100000000.0,1670572558,39.1,-41.9,0,2,False,False,False,False,True,False,False,False,True,False,False
396470.KQ,워트,6430.0,37.3,103700000000.0,1931853127,55.9,-41.3,0,2,False,False,False,False,False,False,False,True,True,False,False
377300.KS,카카오페이,46100.0,37.2,6236100000000.0,12146429272,26.1,-41.8,0,2,False,False,False,False,True,False,False,True,False,False,False
002140.KS,고려산업,2075.0,37.1,51700000000.0,5176973401,25.9,-37.5,0,1,False,False,False,False,False,False,False,True,False,False,False
475430.KQ,키스트론,4300.0,37.0,76700000000.0,14724857759,29.7,-45.0,0,1,False,False,False,False,True,False,False,False,False,False,False
261780.KQ,아리바이오LAB,2450.0,36.9,70900000000.0,1308720703,34.3,-63.5,0,2,False,False,False,False,True,False,False,False,True,False,False
014680.KS,한솔케미칼,205000.0,36.8,2212800000000.0,13188512650,29.3,-40.8,5,2,False,False,False,False,True,True,False,False,False,False,False
001550.KS,조비,10870.0,36.7,56400000000.0,1733469812,25.8,-48.1,0,2,False,False,False,False,True,False,False,True,False,False,False
097230.KS,HJ중공업,17010.0,36.6,1535900000000.0,10400882187,40.3,-50.5,0,1,False,False,False,False,False,False,False,False,True,False,False
069620.KS,대웅제약,122200.0,36.5,1415900000000.0,4821282236,16.4,-38.7,0,0,False,False,False,False,False,False,False,False,False,False,False
001500.KS,현대차증권,8070.0,36.3,499000000000.0,1110101932,23.0,-45.8,0,1,False,False,False,False,True,False,False,False,False,False,False
125490.KQ,한라캐스트,10970.0,36.2,400400000000.0,13800813703,151.9,-56.7,0,2,False,False,False,False,False,False,False,True,True,False,False
064960.KS,SNT모티브,26500.0,36.1,703300000000.0,1712217159,10.0,-35.0,0,0,False,False,False,False,False,False,False,False,False,False,False
310210.KQ,보로노이,168100.0,36.0,3100300000000.0,15549303916,72.4,-55.2,0,3,False,False,False,False,True,False,False,True,True,False,False
020000.KS,한섬,15670.0,35.9,336500000000.0,2536836582,10.5,-45.5,5,2,False,False,False,False,True,True,False,False,False,False,False
399720.KQ,가온칩스,45450.0,35.8,539000000000.0,11586742858,30.0,-45.4,0,2,False,False,False,False,True,False,False,False,True,False,False
099320.KQ,쎄트렉아이,71900.0,35.7,787400000000.0,5697862952,58.7,-67.9,5,3,False,False,False,False,True,True,False,False,True,False,False
000020.KS,동화약품,5170.0,35.6,144400000000.0,2074932956,16.2,-31.6,0,1,False,False,False,False,False,False,False,True,False,False,False
000880.KS,한화,118100.0,35.5,6298100000000.0,15894474022,20.5,-46.3,0,1,False,False,False,False,True,False,False,False,False,False,False
046940.KQ,우원개발,2950.0,35.4,53300000000.0,3750729572,19.4,-55.4,0,1,False,False,False,False,True,False,False,False,False,False,False
001340.KS,PKC,5070.0,35.3,228300000000.0,1745617000,24.4,-38.2,0,1,False,False,False,False,True,False,False,False,False,False,False
010690.KS,화신,8350.0,35.2,291600000000.0,11366224153,30.3,-50.1,0,2,False,False,False,False,True,False,False,False,True,False,False
037440.KQ,희림,3990.0,35.0,55600000000.0,3273157775,28.9,-46.5,0,2,False,False,False,False,True,False,False,True,False,False,False
362320.KQ,청담글로벌,4790.0,34.9,99100000000.0,1012718662,45.6,-51.7,0,2,False,False,False,False,False,False,False,True,True,False,False
417010.KQ,나노팀,6080.0,34.8,122700000000.0,1202798228,82.6,-61.8,0,3,False,False,False,False,True,False,False,True,True,False,False
302440.KS,SK바이오사이언스,37550.0,34.7,2946000000000.0,3757475947,18.1,-38.7,0,1,False,False,False,False,False,False,False,True,False,False,False
139480.KS,이마트,72800.0,34.6,2009000000000.0,10209575884,3.6,-46.6,5,2,False,False,False,False,True,True,False,False,False,False,False
454910.KS,두산로보틱스,70200.0,34.5,4550400000000.0,46150577728,29.5,-58.7,0,1,False,False,False,False,True,False,False,False,False,False,False
149950.KQ,아바텍,8900.0,34.4,121600000000.0,3409156777,31.9,-54.3,0,2,False,False,False,False,True,False,False,False,True,False,False
005300.KS,롯데칠성음료,97700.0,34.3,906500000000.0,2024635194,4.0,-36.9,0,0,False,False,False,False,False,False,False,False,False,False,False
000100.KS,유한양행,83300.0,34.2,6634600000000.0,21606065836,28.2,-35.5,0,1,False,False,False,False,False,False,False,True,False,False,False
008770.KS,호텔신라,41900.0,34.1,1644500000000.0,13729541678,5.5,-40.4,0,1,False,False,False,False,True,False,False,False,False,False,False
259960.KS,크래프톤,223000.0,34.0,10201600000000.0,27203880880,11.9,-35.2,0,0,False,False,False,False,False,False,False,False,False,False,False
053700.KQ,삼보모터스,4130.0,33.9,110300000000.0,1317282416,17.3,-58.7,1,3,False,False,False,False,True,True,False,True,False,False,False
004990.KS,롯데지주,23300.0,33.8,2322200000000.0,4591328647,10.2,-41.2,0,0,False,False,False,False,False,False,False,False,False,False,False
329180.KS,HD현대중공업,464500.0,33.6,48754500000000.0,155632307290,12.9,-39.3,0,1,False,False,False,False,True,False,False,False,False,False,False
212710.KQ,아이에스티이,8240.0,33.5,80100000000.0,1180547156,47.4,-47.1,0,2,False,False,False,False,True,False,False,False,True,False,False
130660.KS,한전산업,11770.0,33.4,383700000000.0,2233460467,33.6,-57.7,0,3,False,False,False,False,True,False,False,True,True,False,False
260970.KQ,에스앤디,56800.0,33.3,164300000000.0,1386723806,34.9,-58.2,0,2,False,False,False,False,False,False,False,True,True,False,False
025860.KS,남해화학,5960.0,33.2,296100000000.0,3147246909,13.5,-53.5,0,2,False,False,False,False,True,False,False,True,False,False,False
003670.KS,포스코퓨처엠,167800.0,33.1,14925200000000.0,49070603326,46.3,-44.0,0,2,False,False,False,False,False,False,False,True,True,False,False
200710.KQ,에이디테크놀로지,25600.0,33.0,344600000000.0,6441024227,24.9,-58.7,5,2,False,False,False,False,True,True,False,False,False,False,False
046120.KQ,오르비텍,4600.0,32.9,155700000000.0,1657673553,42.0,-72.0,5,3,False,False,False,False,True,True,False,False,True,False,False
018880.KS,한온시스템,3525.0,32.8,3617600000000.0,34292665106,27.9,-40.7,5,2,False,False,False,False,True,True,False,False,False,False,False
348340.KQ,뉴로메카,19080.0,32.7,297800000000.0,6649190023,59.9,-77.0,5,3,False,False,False,False,True,True,False,False,True,False,False
013120.KQ,동원개발,2210.0,32.6,200700000000.0,3759948154,15.2,-39.1,0,1,False,False,False,False,True,False,False,False,False,False,False
270660.KQ,에브리봇,14210.0,32.5,180300000000.0,2510481032,50.1,-55.5,0,2,False,False,False,False,False,False,False,True,True,False,False
009270.KS,신원,1105.0,32.4,126800000000.0,1006331431,23.1,-49.1,0,1,False,False,False,False,False,False,False,True,False,False,False
425040.KQ,티이엠씨,9060.0,32.2,198600000000.0,4375843409,43.8,-70.1,0,2,False,False,False,False,True,False,False,False,True,False,False
326030.KS,에스케이바이오팜,84400.0,32.1,6609600000000.0,12354686618,15.6,-41.4,0,1,False,False,False,False,False,False,False,True,False,False,False
185750.KS,종근당,67500.0,32.0,931700000000.0,1788313238,7.1,-31.2,0,0,False,False,False,False,False,False,False,False,False,False,False
004090.KS,한국석유공업,11360.0,31.9,144200000000.0,3805856490,17.2,-66.2,0,2,False,False,False,False,True,False,False,True,False,False,False
464080.KQ,에스오에스랩,10330.0,31.8,185400000000.0,1987960363,57.7,-64.0,0,3,False,False,False,False,True,False,False,True,True,False,False
464080.KQ,에스오에스랩,10330.0,31.8,185400000000.0,1987960363,57.7,-64.0,0,3,False,False,False,False,True,False,False,True,True,False,False
005010.KS,휴스틸,3755.0,31.6,211000000000.0,1895819354,20.7,-48.6,0,1,False,False,False,False,True,False,False,False,False,False,False
054920.KQ,한컴위드,4000.0,31.5,112900000000.0,1114506105,43.1,-55.5,0,3,False,False,False,False,True,False,False,True,True,False,False
466100.KQ,클로봇,27800.0,31.4,707800000000.0,11455636901,74.4,-66.2,0,1,False,False,False,False,False,False,False,False,True,False,False
117730.KQ,티로보틱스,13200.0,31.3,297800000000.0,1586001688,34.7,-57.3,0,2,False,False,False,False,True,False,False,False,True,False,False
161000.KS,애경케미칼,9800.0,31.2,476800000000.0,1656598840,40.0,-50.9,0,3,False,False,False,False,True,False,False,True,True,False,False
383310.KQ,에코프로에이치엔,23350.0,31.1,489800000000.0,6435919918,16.8,-50.2,0,1,False,False,False,False,True,False,False,False,False,False,False
060720.KQ,KH바텍,10420.0,31.0,246700000000.0,3246153923,26.3,-47.8,0,1,False,False,False,False,True,False,False,False,False,False,False
192650.KS,드림텍,5060.0,30.8,333400000000.0,2463117084,41.9,-44.5,0,2,False,False,False,False,False,False,False,True,True,False,False
168360.KQ,펨트론,13710.0,30.7,307000000000.0,1832408562,58.1,-60.5,0,2,False,False,False,False,True,False,False,False,True,False,False
458870.KQ,씨어스,21050.0,30.6,801200000000.0,9417123712,102.1,-67.2,5,3,False,False,False,False,True,True,False,False,True,False,False
091700.KQ,파트론,5570.0,30.5,278500000000.0,1031325303,12.5,-36.2,0,1,False,False,False,False,True,False,False,False,False,False,False
010140.KS,삼성중공업,20450.0,30.4,17996000000000.0,87267717102,12.3,-42.1,0,1,False,False,False,False,True,False,False,False,False,False,False
025540.KS,한국단자공업,56300.0,30.3,569500000000.0,1454573612,4.1,-40.1,5,2,False,False,False,False,True,True,False,False,False,False,False
111710.KQ,남화산업,3135.0,30.2,64500000000.0,4295822000,20.6,-59.9,0,0,False,False,False,False,False,False,False,False,False,False,False
111710.KQ,남화산업,3135.0,30.2,64500000000.0,4295822000,20.6,-59.9,0,0,False,False,False,False,False,False,False,False,False,False,False
462860.KQ,더즌,2920.0,30.0,209500000000.0,3330029238,83.9,-50.7,0,2,False,False,False,False,False,False,False,True,True,False,False
354320.KQ,알멕,30800.0,29.9,196900000000.0,3130523744,63.0,-70.4,5,3,False,False,False,False,True,True,False,False,True,False,False
056090.KQ,시지메드텍,1110.0,29.8,114600000000.0,2146334543,30.6,-68.8,5,4,False,False,False,False,True,True,False,True,True,False,False
115500.KQ,케이씨에스,8770.0,29.7,105200000000.0,1712720312,43.3,-68.1,0,2,False,False,False,False,True,False,False,False,True,False,False
005360.KS,모나미,1366.0,29.5,25800000000.0,6602708790,28.3,-69.5,0,0,False,False,False,False,False,False,False,False,False,False,False
376900.KQ,로킷헬스케어,27450.0,29.4,477900000000.0,11724620719,94.4,-82.2,5,3,False,False,False,False,True,True,False,False,True,False,False
097520.KS,엠씨넥스,19950.0,29.3,347200000000.0,1003966530,27.9,-38.6,0,1,False,False,False,False,False,False,False,True,False,False,False
095660.KQ,네오위즈,18190.0,29.2,393600000000.0,1266298326,13.0,-42.3,0,0,False,False,False,False,False,False,False,False,False,False,False
030520.KQ,한글과컴퓨터,17670.0,29.1,427300000000.0,2133835228,19.4,-36.4,0,0,False,False,False,False,False,False,False,False,False,False,False
475960.KQ,토모큐브,31250.0,29.0,421100000000.0,1627629264,24.0,-53.9,0,0,False,False,False,False,False,False,False,False,False,False,False
051910.KS,LG화학,263000.0,28.9,18565800000000.0,60389350900,17.4,-39.9,0,0,False,False,False,False,False,False,False,False,False,False,False
052900.KQ,KX하이텍,1029.0,28.8,78900000000.0,1966864030,29.4,-57.7,5,2,False,False,False,False,True,True,False,False,False,False,False
065770.KQ,CS,1532.0,28.7,16100000000.0,1160721465,27.5,-75.9,0,1,False,False,False,False,True,False,False,False,False,False,False
042110.KQ,에스씨디,1061.0,28.6,51300000000.0,2557009121,6.3,-36.5,0,1,False,False,False,False,True,False,False,False,False,False,False
020150.KS,롯데에너지머티리얼즈,31950.0,28.5,1673100000000.0,7609515851,47.9,-61.6,5,3,False,False,False,False,True,True,False,False,True,False,False
000490.KS,대동,7750.0,28.4,223400000000.0,3935272588,41.7,-43.2,0,2,False,False,False,False,False,False,False,True,True,False,False
028300.KQ,HLB,38300.0,28.3,5101500000000.0,40391778447,58.6,-44.7,0,2,False,False,False,False,True,False,False,False,True,False,False
000670.KS,영풍,40350.0,28.1,742900000000.0,1201872347,30.2,-43.7,0,2,False,False,False,False,False,False,False,True,True,False,False
036090.KQ,위지트,1466.0,28.0,62400000000.0,1269008405,49.6,-49.2,0,2,False,False,False,False,False,False,False,True,True,False,False
298050.KS,HS효성첨단소재,168100.0,27.9,753100000000.0,2473224732,24.5,-40.4,0,2,False,False,False,False,True,False,False,True,False,False,False
042370.KQ,비츠로테크,8450.0,27.8,221400000000.0,1473446828,29.6,-64.5,0,1,False,False,False,False,True,False,False,False,False,False,False
222080.KQ,SFA넥셀,7880.0,27.7,612900000000.0,5048278719,38.5,-60.4,5,3,False,False,False,False,True,True,False,False,True,False,False
048410.KQ,현대바이오,6550.0,27.6,632100000000.0,6797508831,43.5,-69.5,5,3,False,False,False,False,True,True,False,False,True,False,False
005070.KS,코스모신소재,39450.0,27.5,1310300000000.0,4506099224,48.3,-40.6,0,2,False,False,False,False,False,False,False,True,True,False,False
014990.KS,인디에프,3070.0,27.4,46100000000.0,1075354111,118.3,-62.5,0,2,False,False,False,False,False,False,False,True,True,False,False
453450.KQ,그리드위즈,14400.0,27.3,114400000000.0,1315027625,34.6,-51.7,0,3,False,False,False,False,True,False,False,True,True,False,False
049630.KQ,재영솔루텍,7130.0,27.2,166600000000.0,3054518825,100.3,-82.4,5,3,False,False,False,False,False,True,False,True,True,False,False
003530.KS,한화투자증권,5030.0,27.1,1079200000000.0,6627711885,43.1,-51.2,0,3,False,False,False,False,True,False,False,True,True,False,False
011930.KS,신성이엔지,16510.0,27.0,335300000000.0,5149479883,46.1,-66.8,0,2,False,False,False,False,True,False,False,False,True,False,False
082800.KQ,비보존 제약,2865.0,26.9,174000000000.0,1719519459,38.4,-66.2,0,2,False,False,False,False,False,False,False,True,True,False,False
078150.KQ,HB테크놀러지,1921.0,26.7,182300000000.0,2936252122,22.0,-68.7,0,1,False,False,False,False,True,False,False,False,False,False,False
014620.KQ,성광벤드,26200.0,26.6,695800000000.0,3941293698,16.2,-50.8,0,1,False,False,False,False,True,False,False,False,False,False,False
213420.KQ,덕산네오룩스,32450.0,26.5,805800000000.0,4937423904,32.4,-43.4,0,3,False,False,False,False,True,False,False,True,True,False,False
006220.KS,제주은행,9630.0,26.4,364000000000.0,7373420613,20.4,-48.9,0,0,False,False,False,False,False,False,False,False,False,False,False
071090.KS,하이스틸,3070.0,26.3,62000000000.0,1593009433,30.4,-46.0,0,2,False,False,False,False,False,False,False,True,True,False,False
023160.KQ,태광,22350.0,26.2,578100000000.0,4199862858,15.1,-56.4,0,1,False,False,False,False,True,False,False,False,False,False,False
039440.KQ,에스티아이,20350.0,26.1,315600000000.0,3224393954,17.5,-52.9,0,1,False,False,False,False,True,False,False,False,False,False,False
108860.KQ,셀바스AI,9180.0,26.0,247100000000.0,7151283682,50.5,-47.8,0,2,False,False,False,False,False,False,False,True,True,False,False
037070.KQ,파세코,5380.0,25.9,107600000000.0,17233338998,7.8,-46.1,5,2,False,False,False,False,True,True,False,False,False,False,False
000120.KS,CJ대한통운,73500.0,25.8,1676700000000.0,3874117390,5.9,-52.3,0,1,False,False,False,False,True,False,False,False,False,False,False
008350.KS,남선알미늄,1019.0,25.7,131500000000.0,1436419251,15.7,-70.8,0,1,False,False,False,False,True,False,False,False,False,False,False
255440.KQ,야스,7430.0,25.6,97000000000.0,2628550918,103.6,-44.8,0,3,False,False,False,False,True,False,False,True,True,False,False
089590.KS,제주항공,4315.0,25.5,348000000000.0,1570124993,8.3,-38.1,0,0,False,False,False,False,False,False,False,False,False,False,False
009520.KQ,포스코엠텍,12820.0,25.3,533900000000.0,2113692226,55.0,-44.5,0,3,False,False,False,False,True,False,False,True,True,False,False
452430.KQ,사피엔반도체,26650.0,25.2,220000000000.0,1133801491,40.3,-52.4,0,2,False,False,False,False,True,False,False,False,True,False,False
090460.KS,비에이치,16430.0,25.1,553900000000.0,12570736114,32.1,-62.1,0,2,False,False,False,False,True,False,False,False,True,False,False
241790.KQ,티이엠씨씨엔에스,5640.0,25.0,56400000000.0,1041748086,40.5,-42.4,0,2,False,False,False,False,False,False,False,True,True,False,False
049480.KQ,오픈베이스,1888.0,24.9,59300000000.0,1121424262,24.1,-55.0,0,0,False,False,False,False,False,False,False,False,False,False,False
005860.KQ,한일사료,2435.0,24.8,95900000000.0,4936180221,21.8,-54.4,0,2,False,False,False,False,True,False,False,True,False,False,False
455900.KQ,엔젤로보틱스,20850.0,24.7,320900000000.0,2364968631,40.3,-52.6,0,2,False,False,False,False,False,False,False,True,True,False,False
105840.KS,우진,13040.0,24.6,263400000000.0,2946633165,40.7,-58.9,0,2,False,False,False,False,True,False,False,False,True,False,False
101730.KQ,위메이드맥스,4305.0,24.5,360800000000.0,3040680460,65.6,-47.2,0,2,False,False,False,False,False,False,False,True,True,False,False
475580.KQ,에이럭스,7410.0,24.4,101000000000.0,1060147417,47.6,-52.7,0,1,False,False,False,False,False,False,False,False,True,False,False
263750.KQ,펄어비스,33150.0,24.3,2083300000000.0,13185355226,14.3,-57.2,0,1,False,False,False,False,True,False,False,False,False,False,False
388720.KQ,유일로보틱스,67300.0,24.2,792900000000.0,2754546810,25.1,-56.6,0,1,False,False,False,False,True,False,False,False,False,False,False
254490.KQ,미래반도체,15720.0,24.0,227000000000.0,2524910781,49.4,-67.1,0,2,False,False,False,False,True,False,False,False,True,False,False
024060.KQ,흥구석유,10130.0,23.9,152000000000.0,34898919253,13.6,-72.0,0,1,False,False,False,False,True,False,False,False,False,False,False
015760.KS,한국전력공사,32700.0,23.8,20992200000000.0,69831980944,7.6,-52.9,0,0,False,False,False,False,False,False,False,False,False,False,False
015760.KS,한국전력공사,32700.0,23.8,20992200000000.0,69831980944,7.6,-52.9,0,0,False,False,False,False,False,False,False,False,False,False,False
251270.KS,넷마블,37100.0,23.6,3085200000000.0,6762149158,8.5,-46.2,0,0,False,False,False,False,False,False,False,False,False,False,False
002030.KS,아세아,206000.0,23.5,424100000000.0,1149853150,30.5,-48.8,0,2,False,False,False,False,False,False,False,True,True,False,False
064260.KQ,다날,5470.0,23.4,413800000000.0,16389143175,43.8,-51.3,0,2,False,False,False,False,False,False,False,True,True,False,False
045390.KQ,대아티아이,3090.0,23.3,217800000000.0,3638863848,49.6,-47.3,0,2,False,False,False,False,False,False,False,True,True,False,False
107640.KQ,한중엔시에스,35900.0,23.2,325400000000.0,2743978556,54.7,-50.8,0,2,False,False,False,False,False,False,False,True,True,False,False
060280.KQ,큐렉소,8890.0,23.1,366800000000.0,2073696706,27.5,-60.6,0,2,False,False,False,False,True,False,False,True,False,False,False
003090.KS,대웅,16880.0,23.0,981400000000.0,1050390946,9.5,-44.8,0,0,False,False,False,False,False,False,False,False,False,False,False
019170.KS,신풍제약,9230.0,22.9,483800000000.0,1303089736,46.3,-41.9,0,2,False,False,False,False,False,False,False,True,True,False,False
052400.KQ,코나아이,39700.0,22.8,578200000000.0,2711362338,20.5,-45.2,0,1,False,False,False,False,True,False,False,False,False,False,False
003310.KQ,대주산업,1684.0,22.6,59600000000.0,1259440877,24.3,-72.3,1,3,False,False,False,False,True,True,False,True,False,False,False
199430.KQ,케이엔알시스템,14420.0,22.5,161500000000.0,2754353536,69.4,-68.2,0,2,False,False,False,False,False,False,False,True,True,False,False
460930.KQ,현대힘스,13820.0,22.4,490800000000.0,10142634882,33.1,-58.7,0,2,False,False,False,False,False,False,False,True,True,False,False
025900.KQ,동화기업,7210.0,22.3,364500000000.0,1099874329,60.2,-44.5,0,2,False,False,False,False,False,False,False,True,True,False,False
365550.KS,ESR켄달스퀘어리츠,3020.0,22.2,743200000000.0,1245510703,3.2,-37.0,0,0,False,False,False,False,False,False,False,False,False,False,False
232140.KQ,와이씨,11700.0,22.1,959900000000.0,7703175898,71.6,-51.6,0,3,False,False,False,False,True,False,False,True,True,False,False
083500.KQ,에프엔에스테크,12110.0,22.0,100600000000.0,1375754223,26.8,-49.9,0,1,False,False,False,False,True,False,False,False,False,False,False
068760.KQ,셀트리온제약,42000.0,21.9,1864900000000.0,3536845995,13.5,-46.4,0,1,False,False,False,False,False,False,False,True,False,False,False
445680.KQ,큐리옥스바이오시스템즈,54600.0,21.8,939700000000.0,5727654529,72.5,-63.4,0,2,False,False,False,False,False,False,False,True,True,False,False
248070.KS,솔루엠,13210.0,21.7,631700000000.0,2065358831,14.7,-45.7,0,1,False,False,False,False,True,False,False,False,False,False,False
089010.KQ,켐트로닉스,22800.0,21.6,382400000000.0,2362214699,40.3,-53.4,0,1,False,False,False,False,False,False,False,False,True,False,False
201490.KQ,미투온,2625.0,21.5,85900000000.0,1578772941,51.0,-61.4,0,2,False,False,False,False,False,False,False,True,True,False,False
119610.KQ,인터로조,13840.0,21.4,158000000000.0,1007282750,11.4,-40.1,0,1,False,False,False,False,True,False,False,False,False,False,False
003620.KS,KG모빌리티,2695.0,21.2,545400000000.0,1499022701,6.7,-42.3,0,0,False,False,False,False,False,False,False,False,False,False,False
039130.KS,하나투어,32150.0,21.1,498000000000.0,1106883467,12.4,-42.1,0,1,False,False,False,False,False,False,False,True,False,False,False
001040.KS,CJ,128200.0,21.0,3740500000000.0,17965842744,9.7,-45.4,0,1,False,False,False,False,True,False,False,False,False,False,False
034220.KS,LG디스플레이,9550.0,20.9,4775000000000.0,46029276484,17.6,-46.8,0,0,False,False,False,False,False,False,False,False,False,False,False
336370.KS,솔루스첨단소재,7410.0,20.8,520300000000.0,1691240346,39.0,-56.2,0,2,False,False,False,False,True,False,False,False,True,False,False
126700.KQ,하이비젼시스템,11760.0,20.7,175700000000.0,1205840029,47.0,-45.3,0,2,False,False,False,False,False,False,False,True,True,False,False
214370.KQ,케어젠,54200.0,20.6,2911400000000.0,5741186780,22.1,-64.8,0,1,False,False,False,False,True,False,False,False,False,False,False
121600.KQ,나노신소재,48200.0,20.5,591000000000.0,3049017934,45.2,-49.4,0,3,False,False,False,False,True,False,False,True,True,False,False
025980.KQ,아난티,5090.0,20.4,495300000000.0,14791242243,61.6,-53.5,0,2,False,False,False,False,False,False,False,True,True,False,False
417200.KQ,LS머트리얼즈,11270.0,20.3,762400000000.0,8676547338,29.5,-65.6,5,2,False,False,False,False,True,True,False,False,False,False,False
032500.KQ,케이엠더블유,14540.0,20.2,613500000000.0,4193916693,31.1,-63.7,5,3,False,False,False,False,True,True,False,False,True,False,False
199800.KQ,툴젠,36400.0,20.1,327500000000.0,1399516681,31.2,-74.4,0,1,False,False,False,False,False,False,False,False,True,False,False
272290.KQ,이녹스첨단소재,21200.0,20.0,422700000000.0,2866734300,26.9,-52.3,0,1,False,False,False,False,True,False,False,False,False,False,False
065450.KQ,빅텍,2890.0,19.8,85200000000.0,1298052021,15.6,-59.0,0,1,False,False,False,False,True,False,False,False,False,False,False
053080.KQ,케이엔솔,9120.0,19.7,118600000000.0,1130967029,40.5,-50.5,0,2,False,False,False,False,False,False,False,True,True,False,False
067630.KQ,HLB생명과학,2790.0,19.6,340100000000.0,1141837650,73.5,-47.7,0,2,False,False,False,False,False,False,False,True,True,False,False
002220.KS,한일철강,2865.0,19.5,76500000000.0,1122587460,23.0,-55.7,0,0,False,False,False,False,False,False,False,False,False,False,False
067080.KQ,대화제약,10570.0,19.4,196800000000.0,1259534324,41.7,-57.6,0,2,False,False,False,False,False,False,False,True,True,False,False
445090.KQ,에이직랜드,21400.0,19.3,233800000000.0,2622689410,53.8,-38.5,0,1,False,False,False,False,False,False,False,False,True,False,False
011790.KS,SKC,85900.0,19.2,4260500000000.0,31362913336,40.6,-53.4,0,1,False,False,False,False,False,False,False,False,True,False,False
206650.KQ,유바이오로직스,8950.0,19.1,328900000000.0,1677273599,28.8,-49.4,0,1,False,False,False,False,False,False,False,True,False,False,False
114090.KS,GKL,9270.0,19.0,573400000000.0,1993877961,3.1,-47.6,0,0,False,False,False,False,False,False,False,False,False,False,False
036620.KQ,감성코퍼레이션,3955.0,18.9,355400000000.0,2064321920,11.7,-48.6,0,0,False,False,False,False,False,False,False,False,False,False,False
333430.KQ,일승,3870.0,18.8,118900000000.0,4734337475,35.8,-62.9,0,2,False,False,False,False,False,False,False,True,True,False,False
011500.KS,한농화성,13150.0,18.7,205600000000.0,1079403873,42.2,-55.3,0,2,False,False,False,False,True,False,False,False,True,False,False
011170.KS,롯데케미칼,54900.0,18.5,2348400000000.0,8348592442,4.6,-54.1,0,1,False,False,False,False,True,False,False,False,False,False,False
298830.KQ,슈어소프트테크,4295.0,18.4,229600000000.0,1129261943,43.2,-60.5,0,2,False,False,False,False,False,False,False,True,True,False,False
218150.KQ,미래생명자원,2080.0,18.3,42500000000.0,3652903036,34.6,-51.6,0,2,False,False,False,False,False,False,False,True,True,False,False
357880.KQ,SKAI,1875.0,18.2,101600000000.0,3087574145,32.7,-69.6,0,2,False,False,False,False,True,False,False,False,True,False,False
163730.KQ,핑거,10240.0,18.1,123000000000.0,1071805656,65.2,-60.1,0,3,False,False,False,False,True,False,False,True,True,False,False
022100.KS,포스코DX,20900.0,18.0,3177500000000.0,7514017256,26.6,-54.2,0,1,False,False,False,False,True,False,False,False,False,False,False
079370.KQ,제우스,9920.0,17.9,307700000000.0,2463136501,50.8,-52.6,0,2,False,False,False,False,False,False,False,True,True,False,False
002680.KQ,한탑,2290.0,17.8,14800000000.0,1242117588,53.2,-55.5,0,2,False,False,False,False,False,False,False,True,True,False,False
094480.KQ,갤럭시아머니트리,6270.0,17.7,246000000000.0,3794410023,54.6,-48.8,0,2,False,False,False,False,False,False,False,True,True,False,False
035720.KS,카카오,36050.0,17.6,15969500000000.0,82423159641,11.8,-48.3,0,0,False,False,False,False,False,False,False,False,False,False,False
306620.KQ,지아이에스,1760.0,17.5,84400000000.0,1970341075,39.7,-57.5,0,2,False,False,False,False,True,False,False,False,True,False,False
228760.KQ,지노믹트리,11850.0,17.4,294600000000.0,1178966335,18.4,-64.4,0,0,False,False,False,False,False,False,False,False,False,False,False
064820.KQ,케이프,7700.0,17.3,237600000000.0,1124022025,11.9,-56.0,0,1,False,False,False,False,True,False,False,False,False,False,False
299660.KQ,셀리드,2395.0,17.1,70700000000.0,2969167182,146.1,-49.7,0,2,False,False,False,False,False,False,False,True,True,False,False
041510.KQ,에스엠,72100.0,17.0,1650700000000.0,7552465902,12.8,-53.5,0,0,False,False,False,False,False,False,False,False,False,False,False
056080.KQ,유진로봇,11990.0,16.9,458400000000.0,4737525389,29.6,-75.8,5,2,False,False,False,False,True,True,False,False,False,False,False
194700.KQ,노바렉스,11570.0,16.8,211200000000.0,2232070766,9.0,-47.4,0,0,False,False,False,False,False,False,False,False,False,False,False
459510.KQ,나우로보틱스,15400.0,16.7,199900000000.0,1664728773,43.9,-59.7,0,2,False,False,False,False,False,False,False,True,True,False,False
278280.KQ,천보,36250.0,16.6,444200000000.0,1412799668,40.0,-55.0,0,1,False,False,False,False,False,False,False,False,True,False,False
108380.KQ,대양전기공업,18460.0,16.5,176600000000.0,1159392016,31.9,-49.6,0,2,False,False,False,False,False,False,False,True,True,False,False
042660.KS,한화오션,86600.0,16.4,26535400000000.0,185482774580,21.5,-44.1,0,0,False,False,False,False,False,False,False,False,False,False,False
100090.KS,SK오션플랜트,13380.0,16.3,836000000000.0,31424649586,21.5,-57.7,0,0,False,False,False,False,False,False,False,False,False,False,False
281740.KQ,레이크머티리얼즈,11830.0,16.2,777600000000.0,4965917752,28.6,-58.8,0,1,False,False,False,False,True,False,False,False,False,False,False
025320.KQ,시노펙스,4050.0,16.1,373300000000.0,4266754909,35.5,-51.4,0,1,False,False,False,False,False,False,False,False,True,False,False
365340.KQ,성일하이텍,36000.0,16.0,465200000000.0,1871211461,51.3,-57.9,0,2,False,False,False,False,True,False,False,False,True,False,False
214430.KQ,아이쓰리시스템,61700.0,15.9,450900000000.0,2380470270,25.3,-55.3,0,1,False,False,False,False,True,False,False,False,False,False,False
441270.KQ,파인엠텍,6920.0,15.7,291200000000.0,2478237625,29.6,-50.8,0,0,False,False,False,False,False,False,False,False,False,False,False
032350.KS,롯데관광개발,13350.0,15.6,1064300000000.0,6740848182,31.5,-51.8,0,1,False,False,False,False,False,False,False,False,True,False,False
064550.KQ,바이오니아,8320.0,15.5,214700000000.0,1686897826,52.1,-46.8,0,2,False,False,False,False,False,False,False,True,True,False,False
017510.KQ,세명전기,7190.0,15.4,109600000000.0,2081674491,41.3,-60.0,0,1,False,False,False,False,False,False,False,False,True,False,False
012690.KS,모나리자,1461.0,15.3,53400000000.0,4603420172,14.6,-45.8,0,0,False,False,False,False,False,False,False,False,False,False,False
017960.KS,한국카본,23150.0,15.2,1196300000000.0,7990971914,24.9,-57.2,0,1,False,False,False,False,True,False,False,False,False,False,False
005690.KS,파미셀,10800.0,15.1,648000000000.0,9781207820,32.7,-48.9,0,1,False,False,False,False,False,False,False,False,True,False,False
054450.KQ,텔레칩스,9810.0,15.0,148600000000.0,1122952874,39.1,-49.8,0,1,False,False,False,False,False,False,False,False,True,False,False
002070.KS,비비안,4540.0,14.9,21800000000.0,1606293235,52.6,-61.5,0,2,False,False,False,False,False,False,False,True,True,False,False
094940.KQ,푸른로보틱스,6630.0,14.8,55400000000.0,1290661173,40.6,-57.8,0,3,False,False,False,False,True,False,False,True,True,False,False
417860.KQ,오브젠,6750.0,14.7,31800000000.0,1353449132,16.2,-62.0,0,0,False,False,False,False,False,False,False,False,False,False,False
064350.KS,현대로템,133600.0,14.6,14581400000000.0,88288225544,18.1,-52.6,0,1,False,False,False,False,True,False,False,False,False,False,False
108320.KS,LX세미콘,37300.0,14.5,606700000000.0,3758935568,26.4,-44.6,0,0,False,False,False,False,False,False,False,False,False,False,False
114190.KQ,강원에너지,9270.0,14.3,242200000000.0,1541289385,53.5,-54.2,0,2,False,False,False,False,False,False,False,True,True,False,False
137400.KQ,피엔티,29500.0,14.2,698900000000.0,4184808087,28.3,-52.4,0,1,False,False,False,False,True,False,False,False,False,False,False
077970.KS,STX엔진,24200.0,14.1,971600000000.0,6521116071,28.5,-64.3,0,1,False,False,False,False,True,False,False,False,False,False,False
071670.KQ,에이테크솔루션,4910.0,14.0,49100000000.0,1032080486,22.9,-65.5,0,1,False,False,False,False,True,False,False,False,False,False,False
465770.KS,STX그린로지스,3300.0,13.9,23800000000.0,6342084398,97.7,-65.6,0,2,False,False,False,False,False,False,False,True,True,False,False
033500.KQ,동성화인텍,17550.0,13.8,526300000000.0,2254598793,24.9,-48.8,0,1,False,False,False,False,False,False,False,True,False,False,False
304360.KQ,에스바이오메딕스,19170.0,13.7,237400000000.0,1116965675,37.8,-55.0,0,1,False,False,False,False,False,False,False,False,True,False,False
042940.KQ,상지건설,5920.0,13.6,40400000000.0,2686094059,20.3,-64.4,0,0,False,False,False,False,False,False,False,False,False,False,False
142280.KQ,녹십자엠에스,3035.0,13.5,72700000000.0,1254672749,38.0,-54.4,0,2,False,False,False,False,False,False,False,True,True,False,False
389260.KQ,대명에너지,13380.0,13.4,239700000000.0,7284218794,26.3,-51.5,0,0,False,False,False,False,False,False,False,False,False,False,False
115450.KQ,HLB테라퓨틱스,2000.0,13.3,177200000000.0,1025014165,49.0,-51.9,0,1,False,False,False,False,False,False,False,False,True,False,False
000890.KS,보해양조,1295.0,13.2,35800000000.0,10830957988,5.3,-70.5,0,0,False,False,False,False,False,False,False,False,False,False,False
000890.KS,보해양조,1295.0,13.2,35800000000.0,10830957988,5.3,-70.5,0,0,False,False,False,False,False,False,False,False,False,False,False
044340.KQ,위닉스,3525.0,12.9,63000000000.0,10315764860,13.7,-47.5,0,0,False,False,False,False,False,False,False,False,False,False,False
098070.KQ,한텍,24500.0,12.8,272500000000.0,1636353190,17.8,-60.6,0,1,False,False,False,False,True,False,False,False,False,False,False
474650.KQ,링크솔루션,24900.0,12.7,143200000000.0,1251438023,55.4,-73.3,0,2,False,False,False,False,True,False,False,False,True,False,False
101490.KQ,에스앤에스텍,43250.0,12.6,922700000000.0,10119331640,35.6,-60.1,0,2,False,False,False,False,True,False,False,False,True,False,False
087010.KQ,펩트론,183200.0,12.5,4271700000000.0,40962523660,86.9,-53.3,0,2,False,False,False,False,False,False,False,True,True,False,False
018290.KQ,브이티,12860.0,12.4,449400000000.0,2541801536,25.0,-67.3,0,1,False,False,False,False,False,False,False,True,False,False,False
439260.KS,대한조선,49350.0,12.3,1879700000000.0,3974874565,17.2,-55.0,0,1,False,False,False,False,True,False,False,False,False,False,False
439260.KS,대한조선,49350.0,12.3,1879700000000.0,3974874565,17.2,-55.0,0,1,False,False,False,False,True,False,False,False,False,False,False
054210.KQ,이랜텍,6850.0,12.1,173200000000.0,1068575278,20.2,-52.7,0,1,False,False,False,False,True,False,False,False,False,False,False
475400.KQ,씨메스로보틱스,18570.0,12.0,219300000000.0,1415140758,38.4,-60.4,0,1,False,False,False,False,False,False,False,False,True,False,False
005420.KS,코스모화학,10790.0,11.9,414400000000.0,1404876315,50.7,-50.2,0,2,False,False,False,False,False,False,False,True,True,False,False
484590.KQ,삼양컴텍,6410.0,11.8,264200000000.0,1855135340,36.1,-71.7,0,1,False,False,False,False,False,False,False,False,True,False,False
010780.KS,아이에스동서,16160.0,11.6,487800000000.0,1896629046,12.8,-53.1,0,1,False,False,False,False,True,False,False,False,False,False,False
230240.KQ,에치에프알,13250.0,11.5,176300000000.0,3256722193,17.8,-66.6,0,1,False,False,False,False,True,False,False,False,False,False,False
247540.KQ,에코프로비엠,112500.0,11.4,11005900000000.0,64938896040,27.4,-56.7,0,1,False,False,False,False,True,False,False,False,False,False,False
095500.KQ,미래나노텍,6970.0,11.3,216100000000.0,2914390922,33.5,-50.8,0,1,False,False,False,False,False,False,False,False,True,False,False
122870.KQ,와이지엔터테인먼트,39300.0,11.2,734600000000.0,4797713513,14.6,-64.2,0,0,False,False,False,False,False,False,False,False,False,False,False
025950.KQ,동신건설,10330.0,11.1,86800000000.0,3904947370,26.4,-65.8,0,0,False,False,False,False,False,False,False,False,False,False,False
009470.KS,삼화전기,23150.0,11.0,153100000000.0,5299850131,30.1,-61.1,0,2,False,False,False,False,True,False,False,False,True,False,False
109610.KQ,에스와이,1824.0,10.9,89200000000.0,1897277317,23.3,-50.3,0,0,False,False,False,False,False,False,False,False,False,False,False
304100.KQ,솔트룩스,16110.0,10.8,202900000000.0,3219540255,61.7,-58.0,0,2,False,False,False,False,False,False,False,True,True,False,False
041020.KQ,폴라리스오피스,3000.0,10.7,149100000000.0,1858136515,27.4,-50.7,0,1,False,False,False,False,False,False,False,True,False,False,False
158430.KQ,아톤,4665.0,10.6,114200000000.0,1041097765,41.4,-59.0,0,2,False,False,False,False,False,False,False,True,True,False,False
100840.KS,SNT에너지,28050.0,10.5,580100000000.0,3346548797,32.3,-58.7,0,3,False,False,False,False,True,False,False,True,True,False,False
394280.KQ,오픈엣지테크놀로지,9240.0,10.4,243400000000.0,1009375123,21.6,-59.3,0,1,False,False,False,False,True,False,False,False,False,False,False
079900.KS,전진건설로봇,33950.0,10.2,495400000000.0,2111231115,32.6,-54.3,0,2,False,False,False,False,True,False,False,False,True,False,False
071970.KS,HD현대마린엔진,52100.0,10.1,1767300000000.0,14814000269,12.0,-55.9,0,0,False,False,False,False,False,False,False,False,False,False,False
382900.KQ,범한퓨얼셀,16850.0,10.0,147600000000.0,1380872619,42.7,-61.9,0,1,False,False,False,False,False,False,False,False,True,False,False
030960.KQ,양지사,4550.0,9.9,72700000000.0,3161943982,13.7,-53.7,0,0,False,False,False,False,False,False,False,False,False,False,False
293490.KQ,카카오게임즈,8490.0,9.8,906300000000.0,4835452699,25.2,-54.0,0,1,False,False,False,False,False,False,False,True,False,False,False
003030.KS,세아제강지주,102000.0,9.7,422400000000.0,3181735684,8.3,-60.8,0,1,False,False,False,False,True,False,False,False,False,False,False
014940.KQ,오리엔탈정공,4780.0,9.6,217800000000.0,1916557729,35.4,-63.2,0,2,False,False,False,False,False,False,False,True,True,False,False
199820.KQ,제일일렉트릭,7340.0,9.5,163100000000.0,1718020026,35.7,-67.1,0,2,False,False,False,False,True,False,False,False,True,False,False
112040.KQ,위메이드,15550.0,9.4,527900000000.0,4513017645,23.7,-55.4,0,0,False,False,False,False,False,False,False,False,False,False,False
086390.KQ,유니테스트,10350.0,9.3,218700000000.0,2381163320,71.6,-56.3,0,2,False,False,False,False,True,False,False,False,True,False,False
006650.KS,대한유화,82000.0,9.2,533000000000.0,3233617796,3.4,-59.5,0,0,False,False,False,False,False,False,False,False,False,False,False
253840.KQ,수젠텍,4370.0,9.1,73200000000.0,1137870694,23.8,-49.6,0,1,False,False,False,False,False,False,False,True,False,False,False
067160.KQ,SOOP,38750.0,9.0,445400000000.0,2913705976,4.9,-51.9,0,0,False,False,False,False,False,False,False,False,False,False,False
039980.KQ,폴라리스AI,5840.0,8.8,84000000000.0,6135805360,55.3,-60.7,0,2,False,False,False,False,False,False,False,True,True,False,False
209640.KQ,와이제이링크,3200.0,8.7,91000000000.0,2101769303,33.9,-69.1,1,3,False,False,False,False,True,True,False,False,True,False,False
161580.KQ,필옵틱스,27400.0,8.6,642300000000.0,4628671683,41.4,-57.8,0,1,False,False,False,False,False,False,False,False,True,False,False
361610.KS,SK아이이테크놀로지,15360.0,8.5,1256200000000.0,2752679718,29.7,-56.2,0,1,False,False,False,False,False,False,False,True,False,False,False
075580.KS,세진중공업,10550.0,8.4,599800000000.0,2663943674,24.1,-61.5,0,0,False,False,False,False,False,False,False,False,False,False,False
372320.KQ,큐로셀,24100.0,8.3,367000000000.0,1613735859,16.7,-63.5,0,0,False,False,False,False,False,False,False,False,False,False,False
054540.KQ,삼영엠텍,6460.0,8.2,84000000000.0,1780439459,25.2,-71.7,0,0,False,False,False,False,False,False,False,False,False,False,False
402490.KQ,그린리소스,6600.0,8.1,111800000000.0,1329784252,36.8,-73.4,0,2,False,False,False,False,True,False,False,False,True,False,False
094360.KQ,칩스앤미디어,10430.0,8.0,222700000000.0,1621588712,34.8,-50.7,0,1,False,False,False,False,False,False,False,False,True,False,False
352820.KS,하이브,172200.0,7.9,7423000000000.0,55403059732,9.1,-57.5,0,0,False,False,False,False,False,False,False,False,False,False,False
003570.KS,SNT다이내믹스,29900.0,7.8,994300000000.0,2224291338,6.8,-60.9,0,0,False,False,False,False,False,False,False,False,False,False,False
141080.KQ,리가켐바이오,99700.0,7.7,3690800000000.0,49373850770,29.6,-55.7,0,0,False,False,False,False,False,False,False,False,False,False,False
148780.KQ,비큐AI,3355.0,7.5,21100000000.0,2433617532,81.4,-68.3,0,2,False,False,False,False,False,False,False,True,True,False,False
215100.KQ,로보로보,4130.0,7.4,84000000000.0,1268342091,31.7,-73.0,0,2,False,False,False,False,False,False,False,True,True,False,False
298380.KQ,에이비엘바이오,74600.0,7.3,4176700000000.0,33080164722,24.7,-71.0,0,0,False,False,False,False,False,False,False,False,False,False,False
460940.KQ,피앤에스로보틱스,5120.0,7.2,68900000000.0,1663350073,42.0,-65.4,0,2,False,False,False,False,False,False,False,True,True,False,False
456160.KQ,지투지바이오,37500.0,7.1,623600000000.0,6099589074,67.4,-69.8,0,2,False,False,False,False,False,False,False,True,True,False,False
085660.KQ,차바이오텍,8370.0,7.0,778200000000.0,3046372373,10.1,-65.1,0,1,False,False,False,False,True,False,False,False,False,False,False
017860.KS,DS단석,11680.0,6.9,207400000000.0,1236670476,22.2,-55.8,0,0,False,False,False,False,False,False,False,False,False,False,False
389470.KQ,인벤티지랩,29700.0,6.8,395200000000.0,2074436000,31.1,-70.8,0,1,False,False,False,False,False,False,False,False,True,False,False
078590.KQ,휴림에이텍,3280.0,6.7,32800000000.0,1356095216,72.6,-78.1,0,2,False,False,False,False,False,False,False,True,True,False,False
102120.KQ,어보브반도체,7310.0,6.6,130000000000.0,1143152634,35.1,-56.6,0,1,False,False,False,False,False,False,False,False,True,False,False
042000.KQ,카페24,16810.0,6.5,406400000000.0,1313755046,12.0,-61.8,0,0,False,False,False,False,False,False,False,False,False,False,False
406820.KQ,뷰티스킨,1912.0,6.4,27000000000.0,1543615568,25.4,-90.0,0,1,False,False,False,False,False,False,False,True,False,False,False
377480.KQ,마음AI,10250.0,6.3,72900000000.0,1872713099,32.6,-61.3,0,2,False,False,False,False,False,False,False,True,True,False,False
035760.KQ,CJ ENM,32600.0,6.1,714900000000.0,2538748601,16.0,-60.4,0,0,False,False,False,False,False,False,False,False,False,False,False
253450.KQ,스튜디오드래곤,21300.0,6.0,640200000000.0,1564191596,12.1,-58.7,0,0,False,False,False,False,False,False,False,False,False,False,False
389650.KQ,넥스트바이오메디컬,32950.0,5.9,272700000000.0,1671744417,9.3,-67.4,0,0,False,False,False,False,False,False,False,False,False,False,False
008730.KS,율촌화학,15550.0,5.8,385600000000.0,1142539140,39.5,-60.3,0,2,False,False,False,False,False,False,False,True,True,False,False
274090.KQ,켄코아에어로스페이스,10110.0,5.7,139300000000.0,3617595338,38.5,-74.5,0,2,False,False,False,False,True,False,False,False,True,False,False
194480.KQ,데브시스터즈,15580.0,5.6,189000000000.0,1649610507,18.9,-73.2,0,0,False,False,False,False,False,False,False,False,False,False,False
035900.KQ,JYP Ent.,39350.0,5.5,1398200000000.0,11954199452,3.1,-55.5,0,0,False,False,False,False,False,False,False,False,False,False,False
065680.KQ,우주일렉트로,22700.0,5.4,209800000000.0,1042798962,20.7,-56.1,0,0,False,False,False,False,False,False,False,False,False,False,False
463020.KQ,뉴엔AI,8700.0,5.3,78200000000.0,8380136745,59.6,-71.9,0,2,False,False,False,False,False,False,False,True,True,False,False
034230.KS,파라다이스,9620.0,5.2,891100000000.0,7684797267,5.0,-59.9,0,0,False,False,False,False,False,False,False,False,False,False,False
900300.KQ,오가닉티코스메틱,3925.0,5.1,80800000000.0,1630481165,154.7,-84.2,0,2,False,False,False,False,False,False,False,True,True,False,False
011330.KS,유니켐,4835.0,5.0,48400000000.0,1310347013,58.0,-74.4,0,2,False,False,False,False,False,False,False,True,True,False,False
214150.KQ,클래시스,32500.0,4.9,2120200000000.0,11920808426,3.2,-58.1,0,0,False,False,False,False,False,False,False,False,False,False,False
000250.KQ,삼천당제약,169600.0,4.7,3978400000000.0,38302526050,41.3,-86.2,0,2,False,False,False,False,True,False,False,False,True,False,False
138610.KQ,나이벡,15500.0,4.6,176200000000.0,1144181202,38.0,-71.5,0,1,False,False,False,False,False,False,False,False,True,False,False
450080.KS,에코프로머티,36050.0,4.5,2552800000000.0,15562021564,33.0,-59.4,0,1,False,False,False,False,False,False,False,False,True,False,False
092220.KS,KEC,2550.0,4.4,102400000000.0,1600691381,19.2,-75.6,0,1,False,False,False,False,True,False,False,False,False,False,False
086900.KQ,메디톡스,67800.0,4.3,494800000000.0,2271596678,3.4,-53.1,0,0,False,False,True,False,False,False,False,False,False,False,False
256840.KQ,한국비엔씨,2410.0,4.2,164800000000.0,1107984834,17.6,-61.0,0,0,False,False,False,False,False,False,False,False,False,False,False
099430.KQ,바이오플러스,3455.0,4.1,213000000000.0,1172351471,12.7,-53.0,0,0,False,False,False,False,False,False,False,False,False,False,False
432720.KQ,퀄리타스반도체,8970.0,4.0,127300000000.0,1751520104,56.8,-72.1,0,1,False,False,False,False,False,False,False,False,True,False,False
249420.KS,일동제약,14230.0,3.9,450200000000.0,2360845837,26.5,-68.4,0,0,False,False,False,False,False,False,False,False,False,False,False
462350.KQ,이노스페이스,6020.0,3.8,204000000000.0,2745704602,25.2,-71.0,0,1,False,False,False,False,True,False,False,False,False,False,False
322310.KQ,오로스테크놀로지,13940.0,3.7,130600000000.0,2659716970,27.8,-73.2,0,1,False,False,False,False,True,False,False,False,False,False,False
451760.KQ,컨텍,7150.0,3.6,118000000000.0,1201635414,24.1,-72.9,0,1,False,False,False,False,True,False,False,False,False,False,False
381620.KQ,제닉스로보틱스,6220.0,3.5,81600000000.0,1247030836,36.4,-68.8,0,2,False,False,False,False,False,False,False,True,True,False,False
419530.KQ,SAMG엔터,20200.0,3.3,206200000000.0,2906560653,4.9,-76.5,0,0,False,False,True,False,False,False,False,False,False,False,False
008970.KS,KBI동양철관,1063.0,3.2,110300000000.0,1564224386,19.4,-69.9,0,0,False,False,False,False,False,False,False,False,False,False,False
062970.KQ,한국첨단소재,2300.0,3.1,65700000000.0,2721601156,19.0,-77.2,0,1,False,False,False,False,True,False,False,False,False,False,False
062970.KQ,한국첨단소재,2300.0,3.1,65700000000.0,2721601156,19.0,-77.2,0,1,False,False,False,False,True,False,False,False,False,False,False
488280.KQ,에스투더블유,9880.0,2.9,107000000000.0,1095611169,23.3,-75.3,0,0,False,False,False,False,False,False,False,False,False,False,False
348210.KQ,넥스틴,34400.0,2.8,360400000000.0,3963030966,38.7,-65.7,0,1,False,False,False,False,False,False,False,False,True,False,False
376300.KQ,디어유,18490.0,2.7,438900000000.0,1729193676,4.6,-68.6,0,0,False,False,True,False,False,False,False,False,False,False,False
096250.KQ,와이즈넛,5860.0,2.6,69200000000.0,1075350752,17.0,-65.9,0,0,False,False,False,False,False,False,False,False,False,False,False
287840.KQ,인투셀,19130.0,2.5,287400000000.0,1432270909,46.6,-74.5,0,1,False,False,False,False,False,False,False,False,True,False,False
066910.KQ,손오공,1897.0,2.4,29200000000.0,1274329515,21.4,-68.4,0,0,False,False,False,False,False,False,False,False,False,False,False
008830.KQ,대동기어,5860.0,2.3,112400000000.0,2596175890,7.4,-66.3,0,1,False,False,False,False,True,False,False,False,False,False,False
047920.KQ,HLB제약,7630.0,2.2,250300000000.0,2503375862,27.2,-65.7,0,0,False,False,False,False,False,False,False,False,False,False,False
336570.KQ,원텍,4740.0,2.0,423200000000.0,3849972945,14.8,-64.5,0,0,False,False,False,False,False,False,False,False,False,False,False
358570.KQ,지아이이노베이션,8000.0,1.9,516100000000.0,4437126409,23.6,-61.9,0,0,False,False,False,False,False,False,False,False,False,False,False
255220.KQ,SG,1216.0,1.8,133200000000.0,2673176551,17.5,-66.5,0,0,False,False,False,False,False,False,False,False,False,False,False
065350.KQ,신성델타테크,28900.0,1.7,794300000000.0,5093575225,27.9,-65.2,0,0,False,False,False,False,False,False,False,False,False,False,False
004870.KS,티웨이홀딩스,1135.0,1.6,25700000000.0,1566326659,54.6,-67.1,0,1,False,False,False,False,False,False,False,False,True,False,False
023790.KQ,동일스틸럭스,1369.0,1.5,17900000000.0,2769805424,38.1,-84.4,0,1,False,False,False,False,False,False,False,False,True,False,False
397030.KQ,에이프릴바이오,19470.0,1.4,535600000000.0,9500160017,5.4,-74.6,0,1,False,False,True,False,True,False,False,False,False,False,False
328130.KQ,루닛,9180.0,1.3,683500000000.0,4069916619,9.9,-62.6,0,0,False,False,False,False,False,False,False,False,False,False,False
424870.KQ,이뮨온시아,2965.0,1.2,270800000000.0,1212479306,28.9,-81.6,0,0,False,False,False,False,False,False,False,False,False,False,False
002020.KS,코오롱,25500.0,1.1,329100000000.0,3119992236,26.2,-71.1,0,1,False,False,False,False,True,False,False,False,False,False,False
160190.KQ,하이젠알앤엠,18720.0,1.0,578200000000.0,2597847726,70.2,-79.5,0,1,False,False,False,False,False,False,False,False,True,False,False
365330.KQ,에스와이스틸텍,1500.0,0.9,75300000000.0,1728751220,35.1,-75.2,0,1,False,False,False,False,False,False,False,False,True,False,False
484870.KS,엠앤씨솔루션,15330.0,0.8,421000000000.0,2004657619,17.8,-80.0,0,0,False,False,False,False,False,False,False,False,False,False,False
082270.KQ,젬백스,10530.0,0.6,466200000000.0,2464401022,17.3,-82.7,0,0,False,False,False,False,False,False,False,False,False,False,False
102940.KQ,코오롱생명과학,15330.0,0.5,200700000000.0,3681880365,16.0,-78.9,0,1,False,False,False,False,True,False,False,False,False,False,False
348370.KQ,엔켐,18510.0,0.4,405600000000.0,5820232196,32.0,-82.4,0,1,False,False,False,False,False,False,False,False,True,False,False
950160.KQ,코오롱티슈진,19760.0,0.3,1679000000000.0,66202781984,72.3,-86.7,0,2,False,False,False,False,True,False,False,False,True,False,False
321370.KQ,센서뷰,1278.0,0.2,66000000000.0,3789506266,32.4,-95.0,0,2,False,False,False,False,True,False,False,False,True,False,False
179900.KQ,유티아이,2400.0,0.1,47500000000.0,2518525666,42.9,-91.8,0,1,False,False,False,False,False,False,False,False,True,False,False
