ticker,name,close,rs,mcap,dvol_50d,vs_52w_low,from_52w_high,sma200_up_months,n_pass,pass_all,new_52w_high,new_52w_low,1_price_gt_150_200,2_150_gt_200,3_200ma_rising_1m,4_50_gt_150_gt_200,5_price_gt_50,6_ge_30pct_above_52wlow,7_within_25pct_of_52whigh,8_rs_ge_70
SNDK,Sandisk Corporation - Common Stock When-Issued,1692.59,99.0,247827336903.0,21674444905,2249.8,-28.1,5,7,False,False,False,True,True,True,True,True,True,False,True
XHLD,"TEN Holdings, Inc. - Common Stock",10.84,99.0,129835482.0,19998399,1318.8,-19.5,1,8,True,False,False,True,True,True,True,True,True,True,True
AXTI,AXT Inc - Common Stock,64.7,98.9,4242586816.0,665758991,2000.6,-54.8,5,5,False,False,False,False,True,True,False,True,True,False,True
SLS,"SELLAS Life Sciences Group, Inc.  - Common Stock",13.49,98.9,2724247614.0,95144318,870.5,-15.1,5,8,True,False,False,True,True,True,True,True,True,True,True
CLYM,"Climb Bio, Inc. - Common Stock",14.95,98.8,858672012.0,19403779,870.8,-18.4,5,8,True,False,False,True,True,True,True,True,True,True,True
MRNA,"Moderna, Inc. - Common Stock",136.62,98.8,54543607155.0,2285515900,513.2,-22.7,5,8,True,False,False,True,True,True,True,True,True,True,True
ERAS,"Erasca, Inc. - Common Stock",16.03,98.7,5606685421.0,75403574,947.7,-34.0,5,6,False,False,False,True,True,True,True,False,True,False,True
FTH,"Faeth Therapeutics, Inc.  - Common Stock",39.0,98.7,1007776575.0,9033535,423.5,-7.5,5,8,True,False,False,True,True,True,True,True,True,True,True
TXG,"10x Genomics, Inc. - Common Stock",66.38,98.7,8648727732.0,155744688,494.8,-1.9,5,8,True,True,False,True,True,True,True,True,True,True,True
MU,"Micron Technology, Inc. - Common Stock",977.41,98.6,1103880159719.0,34229840404,606.5,-22.1,5,8,True,False,False,True,True,True,True,True,True,True,True
AGL,"agilon health, inc. Common Stock",92.6,98.6,1554866046.0,31231252,1138.0,-30.4,4,6,False,False,False,True,True,True,True,False,True,False,True
DMRA,"Damora Therapeutics, Inc. - Ordinary Shares",26.84,98.5,1656981330.0,12526459,960.9,-30.0,5,6,False,False,False,True,True,True,True,False,True,False,True
TWST,Twist Bioscience Corporation - Common Stock,126.85,98.5,8410303922.0,178760836,444.4,-18.4,5,8,True,False,False,True,True,True,True,True,True,True,True
ANRO,"Alto Neuroscience, Inc. Common Stock",31.68,98.5,1243189855.0,15513299,805.1,-15.5,5,8,True,False,False,True,True,True,True,True,True,True,True
ORKA,"Oruka Therapeutics, Inc. - Common Stock",91.65,98.4,6068118913.0,89624324,524.7,-20.7,5,7,False,False,False,True,True,True,True,False,True,True,True
PLSE,"Pulse Biosciences, Inc - Common Stock",54.43,98.4,3882089499.0,19582308,333.4,-7.6,5,8,True,False,False,True,True,True,True,True,True,True,True
MXL,"MaxLinear, Inc - Common Stock",69.34,98.3,6288665864.0,234329855,443.0,-46.0,5,6,False,False,False,True,True,True,True,False,True,False,True
DELL,Dell Technologies Inc. Class C Common Stock ,506.62,98.3,322115455405.0,3294128377,359.6,-10.0,5,8,True,False,False,True,True,True,True,True,True,True,True
ETON,"Eton Pharmaceuticals, Inc. - Common Stock",57.88,98.2,1654391854.0,29430010,305.6,-12.8,5,8,True,False,False,True,True,True,True,True,True,True,True
NVCT,"Nuvectis Pharma, Inc. - Common Stock",22.49,98.2,733490344.0,5227948,305.2,-23.2,5,8,True,False,False,True,True,True,True,True,True,True,True
PRAX,"Praxis Precision Medicines, Inc. - Common Stock",338.57,98.2,9452870337.0,128923519,809.0,-13.8,5,7,False,False,False,True,True,True,True,False,True,True,True
CDNA,"CareDx, Inc. - Common Stock",50.02,98.1,2587745834.0,50519759,281.3,-6.8,5,8,True,False,False,True,True,True,True,True,True,True,True
MBX,"MBX Biosciences, Inc. - Common Stock",60.94,98.1,2934876250.0,35489405,532.8,-16.1,5,7,False,False,False,True,True,True,True,False,True,True,True
HELP,Cybin Inc. - Common Stock,12.84,98.0,795875562.0,17049451,241.5,-10.5,2,6,False,False,False,True,False,True,False,True,True,True,True
QMCO,Quantum Corporation - Common Stock,23.03,98.0,907612323.0,28121378,449.6,-17.2,1,8,True,False,False,True,True,True,True,True,True,True,True
TJGC,TJGC Group Limited - ordinary shares,10.67,98.0,107767245.0,6834770,630.3,-1.3,1,8,True,True,False,True,True,True,True,True,True,True,True
DRTS,Alpha Tau Medical Ltd. - Ordinary Shares,14.44,97.9,1335384544.0,8846816,321.0,-4.8,5,8,True,False,False,True,True,True,True,True,True,True,True
PAYS,"Paysign, Inc. - Common Stock",13.34,97.9,753205161.0,7742574,333.1,-7.6,3,8,True,False,False,True,True,True,True,True,True,True,True
ATEX,Anterix Inc. - Common Stock,82.79,97.8,1623494183.0,33796796,370.9,-26.7,5,6,False,False,False,True,True,True,True,False,True,False,True
LITE,Lumentum Holdings Inc. - Common Stock,935.7,97.8,83932290000.0,3777618179,547.5,-13.8,5,8,True,False,False,True,True,True,True,True,True,True,True
ABCL,AbCellera Biologics Inc. - Common Shares,10.46,97.7,3388051833.0,65142857,281.1,-16.9,5,8,True,False,False,True,True,True,True,True,True,True,True
RVMD,"Revolution Medicines, Inc. - Common Stock",203.35,97.7,43585310600.0,361702300,411.8,-9.3,5,8,True,False,False,True,True,True,True,True,True,True,True
SYRE,"Spyre Therapeutics, Inc. - Common Stock",88.71,97.7,7821894427.0,104708718,511.6,-19.5,5,7,False,False,False,True,True,True,True,False,True,True,True
AMLX,"Amylyx Pharmaceuticals, Inc. - Common Stock",32.09,97.6,4025956301.0,74427265,196.3,-22.0,5,8,True,False,False,True,True,True,True,True,True,True,True
QTTB,Q32 Bio Inc. - Common Stock,10.72,97.6,319128676.0,23366755,534.3,-54.5,5,6,False,False,False,True,True,True,True,False,True,False,True
CHRN,ChronoScale Holdings Corporation - Common Stock,17.97,97.5,2617105012.0,5457351,417.9,-40.1,5,6,False,False,False,True,True,True,True,False,True,False,True
DFTX,"Definium Therapeutics, Inc.  - Common Shares",37.73,97.5,5069665024.0,86447686,330.1,-24.1,5,7,False,False,False,True,True,True,True,False,True,True,True
IMMX,"Immix Biopharma, Inc. - Common Stock",12.7,97.5,908549288.0,18468486,554.6,-15.9,5,8,True,False,False,True,True,True,True,True,True,True,True
BAND,Bandwidth Inc. - Class A Common Stock,51.62,97.4,1661172277.0,57313573,313.0,-34.7,5,6,False,False,False,True,True,True,True,False,True,False,True
STX,Seagate Technology Holdings PLC - Ordinary Shares (Ireland),862.33,97.4,195809867245.0,3886802749,354.1,-24.7,5,8,True,False,False,True,True,True,True,True,True,True,True
AEHR,Aehr Test Systems - Common Stock,93.81,97.3,3060124415.0,270332775,401.7,-36.4,5,7,False,False,False,True,True,True,True,True,True,False,True
RLAY,"Relay Therapeutics, Inc. - Common Stock",18.89,97.3,4139585410.0,50873439,388.7,-11.2,5,7,False,False,False,True,True,True,True,False,True,True,True
CLMT,"Calumet, Inc - Common Stock",56.44,97.2,4960976327.0,53407523,230.4,-1.0,5,8,True,True,False,True,True,True,True,True,True,True,True
OMER,Omeros Corporation - Common Stock,18.59,97.2,1345698794.0,26806977,371.8,-5.4,5,8,True,False,False,True,True,True,True,True,True,True,True
WDC,Western Digital Corporation - Common Stock,460.93,97.2,166184137318.0,3603161045,390.8,-42.4,5,6,False,False,False,True,True,True,True,False,True,False,True
BE,Bloom Energy Corporation Class A Common Stock,258.49,97.1,76132373668.0,3315274542,330.8,-26.4,5,7,False,False,False,True,True,True,True,True,True,False,True
PACS,"PACS Group, Inc. Common Stock",44.85,97.1,7101352198.0,36837720,488.4,-9.4,5,8,True,False,False,True,True,True,True,True,True,True,True
SLN,Silence Therapeutics Plc - American Depository Share,13.31,97.0,622908000.0,15226945,217.7,-24.3,5,8,True,False,False,True,True,True,True,True,True,True,True
PBF,PBF Energy Inc. Class A Common Stock,77.08,97.0,9136819473.0,197038804,200.9,-2.4,5,8,True,True,False,True,True,True,True,True,True,True,True
UMC,United Microelectronics Corporation (NEW) Common Stock,22.12,97.0,55690003670.0,289531851,229.2,-23.6,5,8,True,False,False,True,True,True,True,True,True,True,True
ELVN,"Enliven Therapeutics, Inc.  - Common Stock",56.23,96.9,4120014891.0,53154037,280.3,-9.8,5,8,True,False,False,True,True,True,True,True,True,True,True
INTC,Intel Corporation - Common Stock,100.32,96.9,530198173344.0,10525388210,317.1,-29.5,5,7,False,False,False,True,True,True,True,True,True,False,True
QURE,uniQure N.V. - Ordinary Shares,44.47,96.8,3084724342.0,58051300,409.4,-37.8,1,7,False,False,False,True,True,True,True,True,True,False,True
XNCR,"Xencor, Inc. - Common Stock",24.26,96.8,1803813411.0,26941640,194.1,-20.7,5,8,True,False,False,True,True,True,True,True,True,True,True
APPS,"Digital Turbine, Inc. - Common Stock",11.8,96.7,1427991750.0,39119470,330.7,-23.1,4,8,True,False,False,True,True,True,True,True,True,True,True
BLZE,"Backblaze, Inc. - Common Stock",12.31,96.7,761989000.0,44630321,277.5,-48.7,4,6,False,False,False,True,True,True,True,False,True,False,True
TVTX,"Travere Therapeutics, Inc. - Common Stock",67.51,96.7,6363565646.0,87865642,206.1,-1.6,5,8,True,True,False,True,True,True,True,True,True,True,True
NESR,National Energy Services Reunited Corp - Ordinary Shares,33.82,96.6,3410806320.0,61056291,255.5,-8.4,5,8,True,False,False,True,True,True,True,True,True,True,True
ECO,Okeanis Eco Tankers Corp. Common Stock,72.92,96.6,2847136243.0,30662984,162.9,-0.7,5,8,True,True,False,True,True,True,True,True,True,True,True
AMD,"Advanced Micro Devices, Inc. - Common Stock",503.6,96.5,822114431151.0,12042302932,236.1,-13.9,5,8,True,False,False,True,True,True,True,True,True,True,True
MRVL,"Marvell Technology, Inc. - Common Stock",226.96,96.5,199021224000.0,5334835756,243.2,-31.2,5,7,False,False,False,True,True,True,True,True,True,False,True
PSNL,"Personalis, Inc. - Common Stock",16.33,96.5,1744041910.0,62344490,229.6,-13.6,4,8,True,False,False,True,True,True,True,True,True,True,True
AAOI,"Applied Optoelectronics, Inc. - Common Stock",103.29,96.4,8769970591.0,1184403217,458.3,-55.8,5,4,False,False,False,False,True,True,False,False,True,False,True
AYA,Aya Gold & Silver Inc. - Common Shares,28.42,96.4,4093507895.0,20772145,230.8,-6.5,5,8,True,False,False,True,True,True,True,True,True,True,True
DOCN,"DigitalOcean Holdings, Inc. Common Stock",131.05,96.3,15408800028.0,378964554,289.0,-30.1,5,7,False,False,False,True,True,True,True,True,True,False,True
FET,"Forum Energy Technologies, Inc. Common Stock",80.96,96.3,928829711.0,13208177,222.9,-7.4,5,8,True,False,False,True,True,True,True,True,True,True,True
CGEM,"Cullinan Therapeutics, Inc. - Common Stock",21.0,96.2,1351448574.0,12935241,269.7,-9.4,5,8,True,False,False,True,True,True,True,True,True,True,True
HPE,Hewlett Packard Enterprise Company Common Stock,55.22,96.2,73302605096.0,1000577175,178.3,-14.1,5,8,True,False,False,True,True,True,True,True,True,True,True
RNG,"RingCentral, Inc. Class A Common Stock",69.04,96.2,5765265424.0,105558946,186.0,-11.4,5,8,True,False,False,True,True,True,True,True,True,True,True
CMPS,COMPASS Pathways Plc - American Depository Shares,14.22,96.1,1969140409.0,45828280,195.0,-10.4,5,8,True,False,False,True,True,True,True,True,True,True,True
LFST,"LifeStance Health Group, Inc. - Common Stock",13.0,96.1,4966722917.0,46259723,172.5,-2.0,5,8,True,True,False,True,True,True,True,True,True,True,True
KRT,Karat Packaging Inc. - Common Stock,46.77,96.0,932206591.0,5884435,126.9,-8.0,5,8,True,False,False,True,True,True,True,True,True,True,True
MNPR,Monopar Therapeutics Inc. - Common Stock,109.96,96.0,738070433.0,25791812,158.7,-11.9,5,7,False,False,False,True,True,True,True,False,True,True,True
DK,"Delek US Holdings, Inc. Common Stock",74.89,96.0,4585677511.0,97173654,189.7,-3.7,5,8,True,True,False,True,True,True,True,True,True,True,True
GTE,Gran Tierra Energy Inc. Common Stock,11.01,95.9,389538523.0,8932242,256.3,-4.4,5,8,True,False,False,True,True,True,True,True,True,True,True
VLO,Valero Energy Corporation Common Stock,385.43,95.9,110975881293.0,843939609,150.9,-2.1,5,8,True,True,False,True,True,True,True,True,True,True,True
ICHR,Ichor Holdings - Ordinary Shares,55.77,95.8,2088822351.0,70954806,296.7,-50.9,5,5,False,False,False,False,True,True,True,False,True,False,True
DINO,HF Sinclair Corporation Common Stock,107.72,95.8,19150876214.0,240994144,135.7,-2.9,5,8,True,True,False,True,True,True,True,True,True,True,True
CADL,"Candel Therapeutics, Inc. - Common Stock",11.33,95.7,866955341.0,13790032,160.5,-19.1,5,8,True,False,False,True,True,True,True,True,True,True,True
CORT,Corcept Therapeutics Incorporated - Common Stock,114.92,95.7,12422667783.0,112415961,301.0,-9.1,3,8,True,False,False,True,True,True,True,True,True,True,True
INSW,"International Seaways, Inc. Common Stock ",102.14,95.7,5059128106.0,49271779,141.7,-4.3,5,8,True,False,False,True,True,True,True,True,True,True,True
AUGO,Aura Minerals Inc. - Common Shares,86.01,95.6,7206711070.0,66554622,195.5,-22.0,4,7,False,False,False,True,True,True,False,True,True,True,True
NBTX,Nanobiotix S.A. - ADSs,37.6,95.6,1910377153.0,5825450,313.2,-34.2,5,6,False,False,False,True,True,True,True,False,True,False,True
ROIV,Roivant Sciences Ltd. - Common Shares,40.94,95.5,29571904234.0,237466952,205.6,-3.7,5,8,True,False,False,True,True,True,True,True,True,True,True
HZO,"MarineMax, Inc.  (FL) Common Stock",52.2,95.5,1152928141.0,31822108,143.7,-0.5,5,8,True,False,False,True,True,True,True,True,True,True,True
MAN,ManpowerGroup Common Stock,57.02,95.5,2651747601.0,62015155,126.7,-10.7,2,8,True,False,False,True,True,True,True,True,True,True,True
AVAH,Aveanna Healthcare Holdings Inc. - Common Stock,13.86,95.4,3024524987.0,33086631,133.7,-2.1,5,6,False,True,False,True,False,True,False,True,True,True,True
IRDM,Iridium Communications Inc - Common Stock,47.03,95.4,4983316812.0,64958827,200.5,-17.8,5,7,False,False,False,True,True,True,True,False,True,True,True
DNTH,"Dianthus Therapeutics, Inc. - Common Stock",103.28,95.3,5776902560.0,82287935,220.5,-12.4,5,7,False,False,False,True,True,True,True,False,True,True,True
URGN,UroGen Pharma Ltd. - Ordinary Shares,42.24,95.3,2064715023.0,37641796,166.3,-16.9,5,7,False,False,False,True,True,True,True,False,True,True,True
NRIX,"Nurix Therapeutics, Inc. - Common stock",25.81,95.2,2678605238.0,28799850,214.9,-8.6,5,8,True,False,False,True,True,True,True,True,True,True,True
SILC,Silicom Ltd - Ordinary Shares,40.475,95.2,232634555.0,8077959,203.4,-23.6,5,7,False,False,False,True,True,True,True,False,True,True,True
MPC,Marathon Petroleum Corporation Common Stock,392.42,95.2,110201253496.0,753642369,142.3,-3.1,5,8,True,True,False,True,True,True,True,True,True,True,True
ANAB,"AnaptysBio, Inc. - Common Stock",55.16,95.1,1633203812.0,34256953,383.7,-23.8,5,7,False,False,False,True,True,True,True,False,True,True,True
FCEL,"FuelCell Energy, Inc. - Common Stock",15.59,95.1,1246485916.0,202696043,211.8,-58.8,5,6,False,False,False,True,True,True,True,False,True,False,True
INBX,"Inhibrx Biosciences, Inc. - Common Stock",111.42,95.0,1639841677.0,31909851,325.4,-28.3,5,7,False,False,False,True,True,True,True,True,True,False,True
NEO,"NeoGenomics, Inc. - Common Stock",17.61,95.0,2262452498.0,36722015,149.1,-10.9,5,6,False,False,False,True,False,True,False,True,True,True,True
FORM,"FormFactor, Inc. - Common Stock",112.12,94.9,8758895687.0,147930707,283.8,-30.0,5,5,False,False,False,False,True,True,False,True,True,False,True
OKTA,"Okta, Inc. - Class A Common Stock",171.11,94.9,29913608990.0,497714844,173.1,-4.6,4,8,True,True,False,True,True,True,True,True,True,True,True
FRO,Frontline Plc Ordinary Shares,48.4,94.9,10774947828.0,89694246,136.4,-0.7,5,8,True,True,False,True,True,True,True,True,True,True,True
NBIS,Nebius Group N.V. - Class A Ordinary Shares,228.11,94.8,62012893778.0,4635258191,210.3,-23.9,5,8,True,False,False,True,True,True,True,True,True,True,True
TNGX,"Tango Therapeutics, Inc. - Common Stock",23.37,94.8,3940424277.0,63638755,273.9,-32.0,5,6,False,False,False,True,True,True,True,False,True,False,True
TH,Target Hospitality Corp. - Common Stock,19.12,94.7,1904799848.0,25018025,220.3,-8.3,5,8,True,False,False,True,True,True,True,True,True,True,True
MEI,"Methode Electronics, Inc. Common Stock",13.59,94.7,484416270.0,10993498,178.5,-33.3,4,6,False,False,False,True,True,True,True,False,True,False,True
MTW,"Manitowoc Company, Inc. (The) Common Stock",20.56,94.7,741434083.0,5810160,112.8,-4.4,5,8,True,False,False,True,True,True,True,True,True,True,True
COHU,"Cohu, Inc. - Common Stock",54.73,94.6,2590832438.0,56063447,193.1,-26.6,5,7,False,False,False,True,True,True,True,True,True,False,True
PARR,"Par Pacific Holdings, Inc.  Common Stock",83.59,94.6,4187827821.0,74098567,159.3,-4.0,5,8,True,False,False,True,True,True,True,True,True,True,True
ALM,Almonty Industries Inc. - Common Shares,16.57,94.5,4780126028.0,100543347,283.6,-32.1,5,5,False,False,False,False,True,True,False,True,True,False,True
SGMT,Sagimet Biosciences Inc. - Series A Common Stock,11.06,94.5,681198219.0,10215059,145.8,-3.4,2,8,True,True,False,True,True,True,True,True,True,True,True
EWTX,"Edgewise Therapeutics, Inc. - Common Stock",42.9,94.4,4659117134.0,49234726,213.5,-11.4,5,8,True,False,False,True,True,True,True,True,True,True,True
HUT,Hut 8 Corp. - Common Stock,90.6,94.4,11167307801.0,435396438,204.5,-35.7,5,6,False,False,False,True,True,True,True,False,True,False,True
KNSA,"Kiniksa Pharmaceuticals International, plc - Class A Ordinary Shares",76.48,94.4,5967276514.0,44303380,117.3,-7.8,5,8,True,False,False,True,True,True,True,True,True,True,True
MRX,Marex Group Limited - Ordinary Shares,74.09,94.3,5492501893.0,50391743,165.5,-6.3,5,8,True,False,False,True,True,True,True,True,True,True,True
LPG,Dorian LPG Ltd. Common Stock,54.41,94.3,2327805673.0,27296958,129.0,-1.6,5,8,True,False,False,True,True,True,True,True,True,True,True
CGAU,Centerra Gold Inc. Common Shares,22.6,94.2,4513453255.0,30121060,162.5,-7.8,5,8,True,False,False,True,True,True,True,True,True,True,True
UTZ,Utz Brands Inc Class A Common Stock ,14.23,94.2,2048582291.0,53254281,109.9,-0.3,2,6,False,False,False,True,False,True,False,True,True,True,True
VSTS,Vestis Corporation Common Stock,13.04,94.2,1723367769.0,18706820,227.6,-22.8,5,7,False,False,False,True,True,True,True,False,True,True,True
ARCT,Arcturus Therapeutics Holdings Inc. - Common Stock,13.98,94.1,397354505.0,10631601,154.2,-42.2,1,7,False,False,False,True,True,True,True,True,True,False,True
PUBM,"PubMatic, Inc. - Class A Common Stock",16.23,94.1,739277490.0,9767665,163.9,-12.0,3,8,True,False,False,True,True,True,True,True,True,True,True
FLXS,"Flexsteel Industries, Inc. - Common Stock",82.74,94.0,338550650.0,5051848,143.4,-6.5,5,8,True,False,False,True,True,True,True,True,True,True,True
SMTC,Semtech Corporation - Common Stock,159.13,94.0,14850906865.0,380751935,176.7,-10.3,5,8,True,False,False,True,True,True,True,True,True,True,True
CAKE,The Cheesecake Factory Incorporated - Common Stock,101.16,93.9,5033785735.0,170266919,134.9,-14.6,3,8,True,False,False,True,True,True,True,True,True,True,True
PENG,"Penguin Solutions, Inc. - Common Stock",48.62,93.9,2491420025.0,189045811,203.1,-45.9,5,6,False,False,False,True,True,True,True,False,True,False,True
TSEM,Tower Semiconductor Ltd. - Ordinary Shares,208.07,93.9,23518360170.0,407929134,222.1,-35.0,5,5,False,False,False,False,True,True,True,False,True,False,True
ATRC,"AtriCure, Inc. - Common Stock",52.96,93.8,2693878930.0,36705431,108.8,-5.0,2,6,False,False,False,True,False,True,False,True,True,True,True
GH,"Guardant Health, Inc. - Common Stock",159.03,93.8,21341216915.0,352898066,197.8,-9.9,5,7,False,False,False,True,True,True,True,False,True,True,True
CRSR,"Corsair Gaming, Inc. - Common Stock",12.57,93.7,1359784375.0,19569590,180.6,-16.1,3,8,True,False,False,True,True,True,True,True,True,True,True
NUTX,Nutex Health Inc. - Common Stock,195.2,93.7,1336724330.0,26596252,142.4,-4.3,4,6,False,False,False,True,False,True,False,True,True,True,True
VSAT,"ViaSat, Inc. - Common Stock",74.18,93.7,10218725986.0,159184679,184.2,-20.3,5,7,False,False,False,True,True,True,True,False,True,True,True
TEAM,Atlassian Corporation  - Class A Common Stock,179.57,93.6,45456137010.0,599927974,220.6,-9.6,1,6,False,False,False,True,False,True,False,True,True,True,True
TER,"Teradyne, Inc. - Common Stock",370.19,93.6,57875782243.0,1166141146,237.9,-24.1,5,8,True,False,False,True,True,True,True,True,True,True,True
FSLY,"Fastly, Inc. - Class A Common Stock",22.71,93.5,3617703000.0,126481195,211.7,-34.8,5,7,False,False,False,True,True,True,True,True,True,False,True
GHRS,GH Research PLC - Ordinary Shares,27.28,93.5,1870239707.0,7966478,130.6,-13.2,5,7,False,False,False,True,True,True,True,False,True,True,True
KYMR,"Kymera Therapeutics, Inc. - Common Stock",117.0,93.4,9728622306.0,74745098,174.0,-10.0,5,8,True,False,False,True,True,True,True,True,True,True,True
UCTT,"Ultra Clean Holdings, Inc. - Common Stock",71.13,93.4,3220555073.0,112643339,231.0,-50.7,5,5,False,False,False,False,True,True,True,False,True,False,True
HSHP,Himalaya Shipping Ltd. Common Shares,17.95,93.4,839162500.0,5155757,143.6,-4.8,5,8,True,False,False,True,True,True,True,True,True,True,True
VREX,Varex Imaging Corporation - Common Stock,18.47,93.3,777587000.0,14927992,103.2,-0.9,1,6,False,False,False,True,False,True,False,True,True,True,True
MTRN,Materion Corporation,251.67,93.3,5243223571.0,83154055,130.4,-17.4,5,8,True,False,False,True,True,True,True,True,True,True,True
PESI,"Perma-Fix Environmental Services, Inc. - Common Stock",18.25,93.2,387234906.0,7891296,127.6,-14.4,3,6,False,False,False,True,False,True,False,True,True,True,True
PTGX,"Protagonist Therapeutics, Inc. - Common Stock",145.16,93.2,9393054651.0,83179763,154.1,-9.7,5,8,True,False,False,True,True,True,True,True,True,True,True
OSCR,"Oscar Health, Inc. Class A Common Stock",32.58,93.2,10055654100.0,155286424,204.8,-2.9,4,8,True,False,False,True,True,True,True,True,True,True,True
PSX,Phillips 66 Common Stock,258.51,93.1,103150896995.0,585638578,104.0,-2.0,5,8,True,True,False,True,True,True,True,True,True,True,True
WT,"WisdomTree, Inc. Common Stock",24.26,93.1,3675683813.0,53920349,126.9,-6.4,5,8,True,False,False,True,True,True,True,True,True,True,True
REPL,"Replimune Group, Inc. - Common Stock",13.24,93.0,1247467954.0,53195991,782.7,-18.9,4,6,False,False,False,True,False,True,False,True,True,True,True
BWLP,BW LPG Limited Common Shares,25.0,93.0,3982050000.0,8628942,113.3,-1.9,5,8,True,False,False,True,True,True,True,True,True,True,True
ASST,"Strive, Inc. - Class A Common Stock",26.9,92.9,2508763133.0,107216095,283.2,-89.3,0,4,False,False,False,True,False,False,False,True,True,False,True
LQDA,Liquidia Corporation - Common Stock,67.85,92.9,6073178254.0,110370346,220.8,-27.5,5,6,False,False,False,True,True,True,True,False,True,False,True
AAMI,Acadian Asset Management Inc. Common Stock,92.05,92.9,3266866282.0,34451633,122.0,-6.6,5,8,True,False,False,True,True,True,True,True,True,True,True
LBRX,LB Pharmaceuticals Inc - Common Stock,46.25,92.8,1491986844.0,13405028,246.2,-7.8,2,8,True,False,False,True,True,True,True,True,True,True,True
CMBT,CMB.TECH NV Ordinary Shares,19.38,92.8,6123646799.0,16554285,118.4,-2.6,5,8,True,False,False,True,True,True,True,True,True,True,True
PRCH,"Porch Group, Inc. - Common Stock",16.29,92.7,2147543997.0,24709788,156.1,-16.2,1,8,True,False,False,True,True,True,True,True,True,True,True
PVLA,"Palvella Therapeutics, Inc. - Common Stock",150.39,92.7,2166880329.0,30440990,182.2,-6.8,5,8,True,False,False,True,True,True,True,True,True,True,True
VOR,Vor Biopharma Inc. - Common Stock,22.34,92.7,1321685648.0,20334822,243.7,-55.3,1,7,False,False,False,True,True,True,True,True,True,False,True
CHYM,"Chime Financial, Inc. - Class A Common Stock",32.67,92.6,12368375576.0,209684729,105.7,-8.1,2,6,False,False,False,True,False,True,False,True,True,True,True
HNGE,"Hinge Health, Inc. Class A Common Stock",88.26,92.6,7122089244.0,151876318,193.4,-7.6,4,8,True,False,False,True,True,True,True,True,True,True,True
ATI,ATI Inc. Common Stock,199.0,92.5,27097906217.0,334181737,165.3,-18.3,5,7,False,False,False,True,True,True,True,False,True,True,True
CXW,"CoreCivic, Inc. Common Stock",34.41,92.5,3402924956.0,46802019,118.6,-2.5,4,8,True,False,False,True,True,True,True,True,True,True,True
ADPT,Adaptive Biotechnologies Corporation - Common Stock,24.23,92.4,3867007252.0,54399776,101.9,-9.8,5,8,True,False,False,True,True,True,True,True,True,True,True
FTNT,"Fortinet, Inc. - Common Stock",158.85,92.4,116550413779.0,770438762,116.0,-8.6,4,7,False,False,False,True,True,True,True,False,True,True,True
HTFL,"Heartflow, Inc. - Common Stock",45.49,92.4,3955520492.0,64239102,126.0,-12.1,1,6,False,False,False,True,False,True,False,True,True,True,True
PANW,"Palo Alto Networks, Inc. - Common Stock",338.49,92.3,275869350000.0,2211462706,142.5,-15.1,4,7,False,False,False,True,True,True,True,False,True,True,True
MATX,"Matson, Inc. Common Stock",227.99,92.3,6817689389.0,62247734,162.1,-1.2,5,8,True,False,False,True,True,True,True,True,True,True,True
CRWD,"CrowdStrike Holdings, Inc. - Class A Common Stock",208.86,92.2,213859031100.0,1862975223,143.8,-10.7,4,8,True,False,False,True,True,True,True,True,True,True,True
PTEN,"Patterson-UTI Energy, Inc. - Common Stock",12.9,92.2,4919864875.0,92345180,152.9,-3.7,5,8,True,True,False,True,True,True,True,True,True,True,True
VIAV,Viavi Solutions Inc. - Common Stock,37.4,92.2,9228443567.0,184541240,220.5,-38.1,5,4,False,False,False,False,True,True,False,False,True,False,True
FTK,"Flotek Industries, Inc. Common Stock",27.42,92.1,993164163.0,14955349,147.2,-30.9,5,7,False,False,False,True,True,True,True,True,True,False,True
WTTR,"Select Water Solutions, Inc. Class A common stock",20.36,92.1,2819469760.0,32377974,142.1,-9.7,5,8,True,False,False,True,True,True,True,True,True,True,True
HYMC,Hycroft Mining Holding Corporation - Class A Common Stock,21.39,92.0,1993156157.0,40242445,303.6,-63.6,5,4,False,False,False,False,True,True,False,False,True,False,True
OBE,Obsidian Energy Ltd. Common Shares,12.74,92.0,850083762.0,8254591,134.2,-12.7,5,8,True,False,False,True,True,True,True,True,True,True,True
DSGN,"Design Therapeutics, Inc. - Common Stock",14.8,91.9,926208435.0,8686630,180.3,-14.2,5,8,True,False,False,True,True,True,True,True,True,True,True
OII,"Oceaneering International, Inc. Common Stock",50.57,91.9,5033214148.0,47138661,129.7,-6.8,5,8,True,False,False,True,True,True,True,True,True,True,True
TWLO,Twilio Inc. Class A Common Stock,231.13,91.9,35495840599.0,452579533,134.8,-10.5,5,8,True,False,False,True,True,True,True,True,True,True,True
ANF,Abercrombie & Fitch Company Common Stock,142.93,91.8,6065145505.0,194522303,118.4,-7.9,2,6,False,False,False,True,False,True,False,True,True,True,True
DHT,"DHT Holdings, Inc.",21.43,91.8,3451122281.0,57609452,97.9,-0.7,5,8,True,True,False,True,True,True,True,True,True,True,True
BVS,Bioventus Inc. - Class A Common Stock,13.06,91.7,1098239953.0,9530336,108.8,-17.8,5,7,False,False,False,True,True,True,True,False,True,True,True
KOD,Kodiak Sciences Inc - Common Stock,32.87,91.7,2065861652.0,24172026,268.9,-31.3,5,5,False,False,False,False,True,True,True,False,True,False,True
ZETA,Zeta Global Holdings Corp. Class A Common Stock,30.56,91.7,7670975769.0,217671878,112.7,-6.9,5,8,True,False,False,True,True,True,True,True,True,True,True
ARWR,"Arrowhead Pharmaceuticals, Inc. - Common Stock",82.76,91.6,11690219689.0,143004528,197.7,-13.3,5,7,False,False,False,True,True,True,True,False,True,True,True
ECPG,Encore Capital Group Inc - Common Stock,97.94,91.6,2077245306.0,34867848,145.2,-6.7,5,8,True,False,False,True,True,True,True,True,True,True,True
IMVT,"Immunovant, Inc.  - Common Stock",38.1,91.5,7869657184.0,43987530,161.3,-16.1,5,7,False,False,False,True,True,True,True,False,True,True,True
VSXY,Victorias Secret & Co. Common Stock ,73.39,91.5,5853882822.0,148861969,192.5,-28.4,5,6,False,False,False,True,True,True,True,False,True,False,True
ACMR,"ACM Research, Inc. - Class A Common Stock",72.39,91.4,5041905298.0,87924755,161.3,-43.1,5,6,False,False,False,True,True,True,True,False,True,False,True
IMNM,"Immunome, Inc. - Common Stock",24.97,91.4,2836033396.0,28711463,179.8,-16.9,5,7,False,False,False,True,True,True,True,False,True,True,True
TNK,Teekay Tankers Ltd.,98.25,91.4,3403759049.0,33739846,108.2,-0.2,5,8,True,True,False,True,True,True,True,True,True,True,True
LRCX,Lam Research Corporation - Common Stock,298.01,91.3,372906171210.0,3142163091,184.9,-32.0,5,6,False,False,False,True,True,True,True,False,True,False,True
NEXA,Nexa Resources S.A. Common Shares,13.14,91.3,1740248460.0,9894555,173.8,-22.2,5,7,False,False,False,True,True,True,True,False,True,True,True
NTRA,"Natera, Inc. - Common Stock",326.14,91.2,47011179604.0,373332974,107.2,-5.0,5,8,True,False,False,True,True,True,True,True,True,True,True
TGTX,"TG Therapeutics, Inc. - Common Stock",55.39,91.2,8478494846.0,110779964,107.0,-6.6,4,8,True,False,False,True,True,True,True,True,True,True,True
GKOS,Glaukos Corporation Common Stock,170.38,91.2,10049683186.0,129602829,132.9,-11.1,5,8,True,False,False,True,True,True,True,True,True,True,True
CUE,"Cue Biopharma, Inc. - Common Stock",28.0,91.1,203403592.0,5081561,462.2,-38.5,4,6,False,False,False,True,True,True,True,False,True,False,True
NIQ,NIQ Global Intelligence plc Ordinary Shares,17.65,91.1,5205971000.0,22989486,122.6,-10.4,1,6,False,False,False,True,False,True,False,True,True,True,True
CHEF,"The Chefs' Warehouse, Inc. - Common Stock",109.77,91.0,4478186031.0,70992486,106.3,-6.7,5,8,True,False,False,True,True,True,True,True,True,True,True
SEPN,"Septerna, Inc. - Common Stock",37.75,91.0,1762054749.0,16133876,176.2,-26.1,5,7,False,False,False,True,True,True,True,True,True,False,True
FDMT,"4D Molecular Therapeutics, Inc. - Common Stock",13.49,90.9,745244406.0,11205898,108.6,-20.3,5,8,True,False,False,True,True,True,True,True,True,True,True
NSIT,"Insight Enterprises, Inc. - Common Stock",155.87,90.9,4574605250.0,48566802,145.0,-3.6,2,8,True,False,False,True,True,True,True,True,True,True,True
CVI,CVR Energy Inc. Common Stock,48.6,90.9,4885787111.0,35918575,147.7,-3.3,1,8,True,True,False,True,True,True,True,True,True,True,True
MCS,Marcus Corporation (The) Common Stock,27.15,90.8,837093117.0,7587730,111.3,-16.3,5,8,True,False,False,True,True,True,True,True,True,True,True
NSP,"Insperity, Inc. Common Stock",49.82,90.8,1902888351.0,26075965,168.3,-10.9,2,6,False,False,False,True,False,True,False,True,True,True,True
JBIO,"Jade Biosciences, Inc. - Common Stock",19.14,90.7,1217253987.0,18202212,177.0,-31.6,5,5,False,False,False,False,True,True,True,False,True,False,True
PRE,Prenetics Global Limited - Class A Ordinary Share,23.66,90.7,400746455.0,5253953,188.5,-13.1,5,8,True,False,False,True,True,True,True,True,True,True,True
PLPC,Preformed Line Products Company - Common Stock,404.04,90.6,1975230752.0,36940095,119.6,-19.9,5,8,True,False,False,True,True,True,True,True,True,True,True
TIGO,Millicom International Cellular S.A. - Common Stock,96.47,90.6,16162663774.0,119557046,114.9,-10.0,5,8,True,False,False,True,True,True,True,True,True,True,True
UMAC,"Unusual Machines, Inc. Common Stock",23.53,90.6,1175476563.0,98440067,224.8,-32.6,5,7,False,False,False,True,True,True,True,True,True,False,True
NGNE,Neurogene Inc. - Common Stock,36.12,90.5,722811118.0,8917011,126.7,-17.3,5,7,False,False,False,True,True,True,True,False,True,True,True
GEO,Geo Group Inc (The) REIT,31.38,90.5,4130222546.0,57942316,150.8,-5.3,3,8,True,False,False,True,True,True,True,True,True,True,True
ILMN,"Illumina, Inc. - Common Stock",201.27,90.4,30391770000.0,379465568,128.7,-13.2,5,8,True,False,False,True,True,True,True,True,True,True,True
EQNR,Equinor ASA,45.11,90.4,112787226163.0,130574112,102.7,-1.0,5,8,True,True,False,True,True,True,True,True,True,True,True
OOMA,"Ooma, Inc. Common Stock",22.67,90.4,625692000.0,8636250,131.5,-13.4,5,8,True,False,False,True,True,True,True,True,True,True,True
HALO,"Halozyme Therapeutics, Inc. - Common Stock",107.0,90.3,12144286000.0,183387501,74.8,-3.7,2,8,True,False,False,True,True,True,True,True,True,True,True
NEOG,Neogen Corporation - Common Stock,11.77,90.3,2567107679.0,21764902,140.2,-8.4,5,8,True,False,False,True,True,True,True,True,True,True,True
CRL,"Charles River Laboratories International, Inc. Common Stock",273.0,90.2,13032712056.0,228392591,89.2,-10.0,5,8,True,False,False,True,True,True,True,True,True,True,True
CVE,Cenovus Energy Inc Common Stock,33.34,90.2,62512500000.0,199790001,113.3,-2.4,5,8,True,True,False,True,True,True,True,True,True,True,True
DAVE,Dave Inc.  - Class A Common Stock,358.36,90.1,4571063489.0,167533640,135.4,-21.8,5,7,False,False,False,True,True,True,True,False,True,True,True
KFRC,"Kforce, Inc. Common Stock",51.49,90.1,922134410.0,15083078,110.2,-16.5,4,7,False,False,False,True,True,True,True,False,True,True,True
MT,Arcelor Mittal NY Registry Shares NEW,75.06,90.1,57130103974.0,106150465,119.8,-5.8,5,8,True,False,False,True,True,True,True,True,True,True,True
KELYA,"Kelly Services, Inc. - Class A Common Stock",15.92,90.0,552932533.0,5209419,99.5,-10.3,2,8,True,False,False,True,True,True,True,True,True,True,True
SPHR,Sphere Entertainment Co. Class A Common Stock,141.84,90.0,5093986017.0,105348971,176.2,-21.9,5,7,False,False,False,True,True,True,True,False,True,True,True
ATRO,Astronics Corporation - Common Stock,73.49,89.9,3160736113.0,47353165,135.3,-22.2,5,7,False,False,False,True,True,True,True,False,True,True,True
VICR,Vicor Corporation - Common Stock,178.05,89.9,8209303633.0,180172652,274.4,-53.5,5,4,False,False,False,False,True,True,False,False,True,False,True
CNC,Centene Corporation Common Stock,65.4,89.9,32307273000.0,291521212,118.1,-5.7,5,7,False,False,False,True,True,True,True,False,True,True,True
IBTA,"Ibotta, Inc. Class A Common Stock",40.16,89.8,930491698.0,8076479,110.3,-0.8,3,8,True,False,False,True,True,True,True,True,True,True,True
ONTO,Onto Innovation Inc. Common Stock,268.92,89.8,13197046503.0,322812122,157.0,-30.4,5,6,False,False,False,True,True,True,True,False,True,False,True
LIND,Lindblad Expeditions Holdings Inc.  - Common Stock,25.29,89.7,1659521935.0,23590662,122.4,-27.7,5,6,False,False,False,True,True,True,True,False,True,False,True
HUM,Humana Inc. Common Stock,400.73,89.7,48119781825.0,485889610,145.7,-6.6,4,8,True,False,False,True,True,True,True,True,True,True,True
MSBI,"Midland States Bancorp, Inc. - Common Stock",33.31,89.6,691252851.0,5433334,133.9,-5.1,5,8,True,False,False,True,True,True,True,True,True,True,True
SITM,SiTime Corporation - Common Stock,602.27,89.6,18110882852.0,266782577,147.2,-33.2,5,6,False,False,False,True,True,True,True,False,True,False,True
ENVA,"Enova International, Inc. Common Stock",223.06,89.6,5553830635.0,77523717,116.5,-16.6,5,7,False,False,False,True,True,True,True,False,True,True,True
MGTX,MeiraGTx Holdings plc - Ordinary Shares,12.85,89.5,1234152499.0,9566608,94.1,-16.3,5,7,False,False,False,True,True,True,True,False,True,True,True
ERO,Ero Copper Corp. Common Shares,34.98,89.5,3647643321.0,43721566,122.0,-14.3,5,8,True,False,False,True,True,True,True,True,True,True,True
AMAT,"Applied Materials, Inc. - Common Stock",454.01,89.4,360301175096.0,4143111443,179.3,-38.6,5,6,False,False,False,True,True,True,True,False,True,False,True
BJRI,"BJ's Restaurants, Inc. - Common Stock",60.11,89.4,1278766014.0,31326004,111.2,-19.4,4,7,False,False,False,True,True,True,True,False,True,True,True
TEN,Tsakos Energy Navigation Ltd Common Shares,44.71,89.4,1347005130.0,9583755,118.1,-4.2,5,8,True,True,False,True,True,True,True,True,True,True,True
APA,APA Corporation - Common Stock,44.53,89.3,15601152740.0,205579257,106.4,-3.4,5,8,True,True,False,True,True,True,True,True,True,True,True
SVM,Silvercorp Metals Inc. Common Shares,12.12,89.3,2677440241.0,28368067,147.9,-23.1,5,7,False,False,False,True,True,True,False,True,True,True,True
SSRM,SSR Mining Inc. - Common Stock,36.21,89.2,7383556188.0,89911303,99.1,-8.2,5,8,True,False,False,True,True,True,True,True,True,True,True
VCTR,"Victory Capital Holdings, Inc. - Common Stock",111.06,89.2,6831253066.0,59949717,94.7,-10.1,5,8,True,False,False,True,True,True,True,True,True,True,True
CGON,"CG Oncology, Inc. - Common stock",72.0,89.1,6382107000.0,59431598,121.5,-11.1,5,7,False,False,False,True,True,True,True,False,True,True,True
GTLB,GitLab Inc. - Class A Common Stock,47.3,89.1,7880180000.0,197686372,152.5,-14.9,0,5,False,False,False,True,False,False,False,True,True,True,True
TBBB,BBB Foods Inc. Class A Common Shares,51.34,89.1,6050786030.0,30847652,115.6,-1.7,5,8,True,True,False,True,True,True,True,True,True,True,True
NHC,National HealthCare Corporation Common Stock,224.92,89.0,3522560963.0,23940220,99.1,-6.0,5,8,True,False,False,True,True,True,True,True,True,True,True
OPY,"Oppenheimer Holdings, Inc. Class A Common Stock (DE)",123.83,89.0,1325972259.0,14308936,94.1,-1.6,5,8,True,False,False,True,True,True,True,True,True,True,True
SLDE,"Slide Insurance Holdings, Inc. - Common Stock",24.45,88.9,2856046530.0,24689018,95.1,-2.6,4,8,True,False,False,True,True,True,True,True,True,True,True
TRMD,TORM plc - Class A Common Stock,34.6,88.9,3506895906.0,20161707,79.3,-3.7,5,8,True,False,False,True,True,True,True,True,True,True,True
SNOW,Snowflake Inc. Common Stock,329.72,88.9,116325216000.0,1555455828,178.7,-14.3,3,6,False,False,False,True,False,True,False,True,True,True,True
GCT,GigaCloud Technology Inc - Class A Ordinary Shares,51.8,88.8,1849790277.0,28368712,104.0,-7.9,5,8,True,False,False,True,True,True,True,True,True,True,True
KRYS,"Krystal Biotech, Inc. - Common Stock",345.55,88.8,10227877780.0,135087310,152.7,-9.7,5,7,False,False,False,True,True,True,True,False,True,True,True
FROG,JFrog Ltd. - Ordinary shares,88.65,88.7,10930661220.0,197011380,160.4,-16.2,5,7,False,False,False,True,True,True,True,False,True,True,True
AMN,AMN Healthcare Services Inc,33.05,88.7,1280026203.0,24408951,120.8,-11.2,4,7,False,False,False,True,True,True,True,False,True,True,True
ALNT,Allient Inc. - Common Stock,94.18,88.6,1601296486.0,24304620,125.6,-20.6,5,7,False,False,False,True,True,True,True,False,True,True,True
SMTI,Sanara MedTech Inc. - Common Stock,35.03,88.6,321856866.0,9820999,118.3,-1.9,1,8,True,False,False,True,True,True,True,True,True,True,True
CON,"Concentra Group Holdings Parent, Inc. Common Stock",34.24,88.6,4366207281.0,28958405,84.6,-4.6,5,8,True,False,False,True,True,True,True,True,True,True,True
AMPL,"Amplitude, Inc. - Class A Common Stock",12.46,88.5,1556454182.0,23534712,126.1,-15.6,1,6,False,False,False,True,False,True,False,True,True,True,True
DCTH,"Delcath Systems, Inc. - Common Stock",15.8,88.5,548240961.0,7685500,94.6,-9.3,4,8,True,False,False,True,True,True,True,True,True,True,True
AVT,"Avnet, Inc. - Common Stock",92.97,88.4,7630324858.0,101481297,110.1,-7.0,5,8,True,False,False,True,True,True,True,True,True,True,True
AVTR,"Avantor, Inc. Common Stock",14.88,88.4,10064219539.0,121897244,104.8,-6.6,1,6,False,False,False,True,False,True,False,True,True,True,True
HP,"Helmerich & Payne, Inc. Common Stock",44.56,88.4,4453279389.0,49058470,123.8,-7.5,5,8,True,False,False,True,True,True,True,True,True,True,True
DAR,Darling Ingredients Inc. Common Stock,66.37,88.3,10473379535.0,151089281,127.7,-5.2,5,8,True,False,False,True,True,True,True,True,True,True,True
MYE,"Myers Industries, Inc. Common Stock",30.19,88.3,1135689533.0,13174848,94.3,-19.4,5,7,False,False,False,True,True,True,True,False,True,True,True
OGN,Organon & Co. Common Stock ,13.63,88.2,3579366572.0,39229122,139.5,-1.1,5,8,True,False,False,True,True,True,True,True,True,True,True
SM,SM Energy Company Common Stock,38.18,88.2,9081268316.0,120399992,118.8,-2.0,5,8,True,False,False,True,True,True,True,True,True,True,True
MGNI,"Magnite, Inc. - Common Stock",23.55,88.1,3377638897.0,56807966,117.7,-10.1,2,8,True,False,False,True,True,True,True,True,True,True,True
TSAT,Telesat Corporation - Class A Common Shares and Class B Variable Voting Shares,47.14,88.1,1704488497.0,10372866,126.3,-23.4,5,8,True,False,False,True,True,True,True,True,True,True,True
COHR,Coherent Corp. Common Stock,293.17,88.1,57412139560.0,1826605658,191.3,-33.4,5,4,False,False,False,False,True,True,False,False,True,False,True
CTRN,"Citi Trends, Inc. - Common Stock",63.96,88.0,532777078.0,9939312,116.1,-17.9,5,7,False,False,False,True,True,True,True,False,True,True,True
GLW,Corning Incorporated Common Stock,163.12,88.0,140509664553.0,1853603891,124.3,-40.0,5,6,False,False,False,True,True,True,False,True,True,False,True
MLAB,"Mesa Laboratories, Inc. - Common Stock",120.91,87.9,676596521.0,17844057,105.5,-8.9,5,8,True,False,False,True,True,True,True,True,True,True,True
SAFT,"Safety Insurance Group, Inc. - Common Stock",103.32,87.9,1516787400.0,22821255,54.1,-0.5,5,8,True,False,False,True,True,True,True,True,True,True,True
HAE,Haemonetics Corporation Common Stock,101.06,87.9,4597931974.0,65745636,113.6,-7.8,3,6,False,False,False,True,False,True,False,True,True,True,True
NTAP,"NetApp, Inc. - Common Stock",183.6,87.8,36062529318.0,470287676,96.0,-12.2,5,8,True,False,False,True,True,True,True,True,True,True,True
TGT,Target Corporation Common Stock,155.73,87.8,70747630697.0,619836935,86.6,-8.8,5,8,True,False,False,True,True,True,True,True,True,True,True
AMBQ,"Ambiq Micro, Inc. Common Stock",60.66,87.7,1467033954.0,32900258,174.2,-33.8,3,6,False,False,False,True,True,True,True,False,True,False,True
EAT,"Brinker International, Inc. Common Stock",214.69,87.7,8966529997.0,220197118,114.0,-15.8,3,8,True,False,False,True,True,True,True,True,True,True,True
ROKU,"Roku, Inc. - Class A Common Stock",154.12,87.6,22874331502.0,396056114,96.3,-3.6,5,8,True,False,False,True,True,True,True,True,True,True,True
VIR,"Vir Biotechnology, Inc. - Common Stock",10.58,87.6,1790304836.0,16956977,122.7,-11.4,5,8,True,False,False,True,True,True,True,True,True,True,True
CBZ,"CBIZ, Inc. Common Stock",54.63,87.6,2964435710.0,72212831,124.9,-6.1,1,6,False,False,False,True,False,True,False,True,True,True,True
ITGR,Integer Holdings Corporation Common Stock,126.05,87.5,4284697650.0,124120442,103.3,-0.6,2,8,True,False,False,True,True,True,True,True,True,True,True
PBR,Petroleo Brasileiro S.A. Petrobras ADS,21.38,87.5,137780553226.0,342146198,87.1,-3.9,5,7,False,False,False,True,True,True,False,True,True,True,True
FIVN,"Five9, Inc. - Common Stock",30.25,87.4,2260386813.0,73431620,127.6,-14.0,2,8,True,False,False,True,True,True,True,True,True,True,True
MRAM,"Everspin Technologies, Inc. - Common Stock",15.93,87.4,387895643.0,20047706,137.8,-69.1,5,4,False,False,False,False,True,True,False,False,True,False,True
STT,State Street Corporation Common Stock,191.3,87.4,52550447645.0,336456909,82.8,-2.4,5,8,True,False,False,True,True,True,True,True,True,True,True
AXGN,"Axogen, Inc. - Common Stock",41.85,87.3,2249919319.0,50205075,174.1,-20.9,5,7,False,False,False,True,True,True,True,False,True,True,True
NET,"Cloudflare, Inc. Class A Common Stock",311.17,87.3,110801324917.0,993019514,95.9,-6.3,5,8,True,False,False,True,True,True,True,True,True,True,True
XMTR,"Xometry, Inc. - Class A Common Stock",84.85,87.2,4863905169.0,63059820,136.6,-20.0,5,7,False,False,False,True,True,True,True,False,True,True,True
ZIM,ZIM Integrated Shipping Services Ltd. Ordinary Shares,29.47,87.2,3550130309.0,42818661,139.0,-3.1,5,8,True,False,False,True,True,True,True,True,True,True,True
RIGL,"Rigel Pharmaceuticals, Inc. - Common Stock",47.28,87.1,883183970.0,13498693,89.5,-9.5,2,6,False,False,False,True,False,True,False,True,True,True,True
UFCS,"United Fire Group, Inc - Common Stock",54.76,87.1,1407629840.0,8159300,84.1,-3.5,5,8,True,False,False,True,True,True,True,True,True,True,True
ATKR,Atkore Inc. Common Stock,94.16,87.1,3180023308.0,78289885,75.2,-0.2,4,8,True,True,False,True,True,True,True,True,True,True,True
BTSG,"BrightSpring Health Services, Inc. - Common Stock",57.88,87.0,11452382269.0,219520933,123.3,-21.5,5,7,False,False,False,True,True,True,True,False,True,True,True
SENEA,Seneca Foods Corp. - Class A Common Stock,186.19,87.0,1260591389.0,18472468,87.0,-11.3,5,8,True,False,False,True,True,True,True,True,True,True,True
ZBRA,Zebra Technologies Corporation - Class A Common Stock,344.01,86.9,16275340147.0,227697613,72.8,-10.9,1,8,True,False,False,True,True,True,True,True,True,True,True
DCO,Ducommun Incorporated Common Stock,167.14,86.9,2523777062.0,46450995,97.2,-20.6,5,7,False,False,False,True,True,True,True,False,True,True,True
BLFS,"BioLife Solutions, Inc. - Common Stock",34.92,86.8,1707822104.0,34702924,95.5,-8.3,4,8,True,False,False,True,True,True,True,True,True,True,True
ARIS,Aris Mining Corporation Common Shares,19.41,86.8,4006224000.0,25179701,121.8,-16.7,5,7,False,False,False,True,True,True,False,True,True,True,True
VIRT,"Virtu Financial, Inc. Class A Common Stock",61.57,86.8,9555677976.0,78000563,95.2,-10.5,5,8,True,False,False,True,True,True,True,True,True,True,True
FA,First Advantage Corporation - Common Stock,20.42,86.7,3507210370.0,43212128,131.5,-18.8,3,7,False,False,False,True,True,True,True,False,True,True,True
DAC,Danaos Corporation Common Stock,156.89,86.7,2855943193.0,15952481,87.8,0.0,5,8,True,True,False,True,True,True,True,True,True,True,True
GRAL,"GRAIL, Inc. - Common Stock",77.56,86.6,3464313109.0,45243955,119.2,-34.7,0,4,False,False,False,True,False,False,False,True,True,False,True
EGO,Eldorado Gold Corporation Ordinary Shares,42.79,86.6,11181876938.0,95458723,75.1,-16.4,5,6,False,False,False,True,False,True,False,True,True,True,True
TRLV,Trulieve Cannabis Corp. Subordinate Voting Shares,11.32,86.6,2179839219.0,11202934,145.2,-14.8,5,8,True,False,False,True,True,True,True,True,True,True,True
RDVT,"Red Violet, Inc. - Common Stock ",73.05,86.5,1172231524.0,16398437,118.7,-5.6,4,8,True,False,False,True,True,True,True,True,True,True,True
YPF,YPF Sociedad Anonima Common Stock,56.06,86.5,22049115176.0,61247622,145.7,-2.5,5,8,True,False,False,True,True,True,True,True,True,True,True
PAYC,"Paycom Software, Inc. Common Stock",216.04,86.4,9737272569.0,156756807,105.9,-11.8,1,6,False,False,False,True,False,True,False,True,True,True,True
VSH,"Vishay Intertechnology, Inc. Common Stock",31.29,86.4,4799234135.0,188301531,165.8,-55.0,5,5,False,False,False,False,True,True,True,False,True,False,True
CYRX,"CryoPort, Inc. - Common Stock",15.27,86.3,773411757.0,9229717,100.7,-11.2,5,7,False,False,False,True,True,True,True,False,True,True,True
SBLK,Star Bulk Carriers Corp. - Common Shares,30.74,86.3,3428436811.0,40203086,83.9,-6.5,5,8,True,False,False,True,True,True,True,True,True,True,True
VG,"Venture Global, Inc. Class A common stock",15.5,86.3,38751439191.0,197551812,171.0,-12.0,2,8,True,False,False,True,True,True,True,True,True,True,True
REPX,"Riley Exploration Permian, Inc. Common Stock",43.2,86.2,957043512.0,7998008,79.4,-1.6,5,8,True,True,False,True,True,True,True,True,True,True,True
VAC,Marriott Vacations Worldwide Corporation Common Stock,101.09,86.2,3477022899.0,51974885,126.8,-23.0,4,7,False,False,False,True,True,True,True,False,True,True,True
CODI,D/B/A Compass Diversified Holdings Shares of Beneficial Interest,10.96,86.1,824586187.0,7644808,139.3,-17.3,5,8,True,False,False,True,True,True,True,True,True,True,True
LTH,"Life Time Group Holdings, Inc. Common Stock",41.48,86.1,9269201603.0,118885245,71.8,-12.2,4,7,False,False,False,True,True,True,True,False,True,True,True
PR,Permian Resources Corporation Class A Common Stock,23.7,86.1,19850101587.0,190051269,98.8,-2.1,5,8,True,True,False,True,True,True,True,True,True,True,True
ENLT,Enlight Renewable Energy Ltd. - Ordinary Shares,73.97,86.0,10314677118.0,16085894,163.9,-31.9,5,5,False,False,False,False,True,True,True,False,True,False,True
HRTG,"Heritage Insurance Holdings, Inc. Common Stock",34.53,86.0,1026660324.0,9142871,68.6,-5.4,5,6,False,False,False,True,False,True,False,True,True,True,True
CLBK,"Columbia Financial, Inc. - Common Stock",11.54,85.9,1200707792.0,67440924,85.9,-3.8,5,8,True,False,False,True,True,True,True,True,True,True,True
CBL,"CBL & Associates Properties, Inc. Common Stock",54.6,85.9,1689474532.0,14652563,94.8,-9.6,5,7,False,False,False,True,True,True,True,False,True,True,True
ARW,"Arrow Electronics, Inc. Common Stock",213.44,85.8,10865253485.0,119481309,109.7,-10.1,5,8,True,False,False,True,True,True,True,True,True,True,True
HPQ,HP Inc. Common Stock,32.73,85.8,29515618415.0,415967392,86.4,-1.3,2,8,True,True,False,True,True,True,True,True,True,True,True
LB,LandBridge Company LLC Class A Shares Representing Limited Liability Company Interests,86.38,85.8,6658637889.0,24294104,97.4,-5.8,5,8,True,False,False,True,True,True,True,True,True,True,True
DXPE,"DXP Enterprises, Inc. - Common Stock",183.135,85.7,2841732899.0,22930763,117.9,-12.0,5,8,True,False,False,True,True,True,True,True,True,True,True
TK,Teekay Corporation Ltd. Common Stock,14.1,85.7,1223577301.0,6293458,80.8,-1.9,5,8,True,False,False,True,True,True,True,True,True,True,True
CRGY,Crescent Energy Company Class A Common Stock,14.41,85.6,4761117259.0,67289775,87.6,-1.3,5,8,True,True,False,True,True,True,True,True,True,True,True
U,Unity Software Inc. Common Stock,42.07,85.6,18514541411.0,384531819,150.7,-19.3,1,6,False,False,False,True,False,True,False,True,True,True,True
WNC,Wabash National Corporation Common Stock,12.62,85.6,514103123.0,14040785,90.3,-12.8,3,7,False,False,False,True,True,True,True,False,True,True,True
CARE,"Carter Bankshares, Inc. - Common Stock",31.6,85.5,700380220.0,11750574,88.3,-12.4,5,7,False,False,False,True,True,True,True,False,True,True,True
HL,Hecla Mining Company Common Stock,20.02,85.5,13448803989.0,625539581,95.1,-41.4,5,5,False,False,False,True,False,True,False,True,True,False,True
CF,"CF Industries Holdings, Inc. Common Stock",135.11,85.4,20447294744.0,307742863,79.1,-4.8,5,8,True,False,False,True,True,True,True,True,True,True,True
ING,"ING Group, N.V. Common Stock",36.67,85.4,106432390019.0,72268570,55.1,-2.3,5,8,True,False,False,True,True,True,True,True,True,True,True
ARX,Accelerant Holdings Class A Common Shares,19.84,85.3,4309020872.0,70994895,116.1,-3.2,1,6,False,False,False,True,False,True,False,True,True,True,True
IAG,Iamgold Corporation Ordinary Shares,20.09,85.3,11471390000.0,90560025,94.1,-19.2,5,7,False,False,False,True,True,True,False,True,True,True,True
NUE,Nucor Corporation Common Stock,255.46,85.3,57957660191.0,343453556,94.5,-8.8,5,8,True,False,False,True,True,True,True,True,True,True,True
GPRK,Geopark Ltd Common Shares,11.97,85.2,776802163.0,6894277,108.2,-8.8,5,8,True,False,False,True,True,True,True,True,True,True,True
WHD,"Cactus, Inc. Class A Common Stock",68.4,85.2,5484272123.0,48060963,106.0,-7.7,5,8,True,False,False,True,True,True,True,True,True,True,True
ALKS,Alkermes plc - Ordinary Shares,46.11,85.1,7735564472.0,77244287,74.7,-17.2,5,7,False,False,False,True,True,True,True,False,True,True,True
DGII,Digi International Inc. - Common Stock,68.77,85.1,2609692419.0,27193543,103.8,-20.8,5,7,False,False,False,True,True,True,True,False,True,True,True
EZPW,"EZCORP, Inc. - Class A Non-Voting Common Stock",32.47,85.1,1995066451.0,31755381,96.8,-12.6,5,8,True,False,False,True,True,True,True,True,True,True,True
BBVA,Banco Bilbao Vizcaya Argentaria S.A. Common Stock,28.84,85.0,164646657308.0,38861929,61.1,-2.7,5,8,True,False,False,True,True,True,True,True,True,True,True
MRK,"Merck & Company, Inc. Common Stock (new)",144.71,85.0,357024407735.0,1325032920,86.5,-7.8,5,8,True,False,False,True,True,True,True,True,True,True,True
GTX,Garrett Motion Inc. - Common Stock,27.19,84.9,5070755927.0,75354118,121.7,-25.0,5,7,False,False,False,True,True,True,True,False,True,True,True
AG,First Majestic Silver Corp. Ordinary Shares (Canada),20.15,84.9,9932063617.0,186167827,122.4,-37.1,5,5,False,False,False,False,True,True,False,True,True,False,True
ARCB,ArcBest Corporation - Common Stock,134.97,84.8,3016762249.0,46111102,127.1,-23.6,5,7,False,False,False,True,True,True,True,False,True,True,True
CBLL,"CeriBell, Inc. - Common Stock",23.43,84.8,899198906.0,7956296,115.9,-7.5,5,6,False,False,False,True,False,True,False,True,True,True,True
LGND,Ligand Pharmaceuticals Incorporated - Common Stock,289.25,84.8,5766374903.0,81117924,78.7,-11.4,5,7,False,False,False,True,True,True,True,False,True,True,True
ALAB,"Astera Labs, Inc. - Common Stock",284.53,84.7,49361716641.0,1389502033,190.7,-43.0,5,6,False,False,False,True,True,True,True,False,True,False,True
SXC,"SunCoke Energy, Inc. Common Stock",10.13,84.7,859782231.0,12720571,83.5,-5.1,4,8,True,False,False,True,True,True,True,True,True,True,True
ASC,Ardmore Shipping Corporation Common Stock,18.46,84.6,753216254.0,10071576,79.0,-7.8,5,8,True,False,False,True,True,True,True,True,True,True,True
TALO,"Talos Energy, Inc. Common Stock",17.54,84.6,2928574309.0,29180801,97.7,-4.9,5,8,True,False,False,True,True,True,True,True,True,True,True
THC,Tenet Healthcare Corporation Common Stock,263.46,84.6,21213535740.0,254942060,67.2,-6.9,2,8,True,False,False,True,True,True,True,True,True,True,True
CBRL,"Cracker Barrel Old Country Store, Inc. - Common Stock",49.44,84.5,1105056182.0,46724010,99.0,-18.0,2,7,False,False,False,True,True,True,True,False,True,True,True
SNX,TD SYNNEX Corporation Common Stock,255.54,84.5,20432659486.0,169180800,79.7,-13.8,5,8,True,False,False,True,True,True,True,True,True,True,True
HBM,Hudbay Minerals Inc. Ordinary Shares (Canada),26.65,84.4,11836457854.0,114933331,105.0,-17.1,5,8,True,False,False,True,True,True,True,True,True,True,True
MFG,"Mizuho Financial Group, Inc. Sponosred ADR (Japan)",11.06,84.4,137688627248.0,36606778,81.6,-2.4,5,8,True,False,False,True,True,True,True,True,True,True,True
FTI,TechnipFMC plc Ordinary Share,75.58,84.3,29639784445.0,241871968,114.2,-6.3,5,8,True,False,False,True,True,True,True,True,True,True,True
NEM,Newmont Corporation,126.14,84.3,132912743064.0,849407770,65.9,-6.8,5,7,False,False,False,True,True,True,False,True,True,True,True
PAY,"Paymentus Holdings, Inc. Class A Common Stock",36.28,84.3,4569090393.0,40546878,80.4,-19.9,2,6,False,False,False,True,False,True,False,True,True,True,True
PDFS,"PDF Solutions, Inc. - Common Stock",47.16,84.2,1991435507.0,29077841,146.0,-34.2,5,6,False,False,False,True,True,True,True,False,True,False,True
ZBIO,"Zenas BioPharma, Inc. - Common Stock",31.1,84.2,2026996085.0,23579396,130.4,-30.3,5,5,False,False,False,True,False,True,False,True,True,False,True
PBI,Pitney Bowes Inc. Common Stock,16.97,84.1,2326420898.0,29734146,89.6,-11.0,5,7,False,False,False,True,True,True,True,False,True,True,True
SN,"SharkNinja, Inc. Ordinary Shares",162.58,84.1,22902896924.0,282904876,95.6,-16.4,3,7,False,False,False,True,True,True,True,False,True,True,True
UVE,UNIVERSAL INSURANCE HOLDINGS INC Common Stock,44.22,84.1,1230658298.0,8811751,83.3,-2.1,5,8,True,False,False,True,True,True,True,True,True,True,True
MSGS,Madison Square Garden Sports Corp. Class A Common Stock (New),392.11,84.0,9441985666.0,83294384,91.9,-10.7,5,7,False,False,False,True,True,True,True,False,True,True,True
PD,"PagerDuty, Inc. Common Stock",13.75,84.0,1081435754.0,17575383,141.2,-18.7,0,5,False,False,False,True,False,False,False,True,True,True,True
FSM,Fortuna Mining Corp. Common Shares,12.05,83.9,3669916513.0,53891538,56.7,-13.0,1,7,False,False,False,True,True,True,False,True,True,True,True
SCCO,Southern Copper Corporation Common Stock,194.14,83.9,161977157403.0,222600245,100.8,-12.1,5,8,True,False,False,True,True,True,True,True,True,True,True
QLYS,"Qualys, Inc. - Common Stock",161.57,83.8,5589514312.0,120677007,116.8,-19.8,2,5,False,False,False,True,False,True,False,False,True,True,True
TDW,Tidewater Inc. Common Stock,91.99,83.8,4577075690.0,54272683,97.2,-9.4,5,8,True,False,False,True,True,True,True,True,True,True,True
TRGP,"Targa Resources, Inc. Common Stock",291.91,83.8,62594559340.0,332047445,102.5,-5.2,5,8,True,False,False,True,True,True,True,True,True,True,True
MITK,"Mitek Systems, Inc. - Common Stock",17.1,83.7,771592595.0,13055383,100.5,-18.8,5,7,False,False,False,True,True,True,True,False,True,True,True
TTMI,"TTM Technologies, Inc. - Common Stock",122.34,83.7,12888380022.0,341590217,165.9,-45.3,5,4,False,False,False,False,True,True,False,False,True,False,True
GSAT,"Globalstar, Inc. - Common Stock",81.97,83.6,10620311078.0,70129799,179.2,-3.4,5,8,True,False,False,True,True,True,True,True,True,True,True
VRNS,"Varonis Systems, Inc. - Common Stock",45.5,83.6,5226152068.0,81280423,131.0,-28.8,1,7,False,False,False,True,True,True,True,True,True,False,True
VET,Vermilion Energy Inc. Common (Canada),13.39,83.6,2051348000.0,16096465,88.6,-9.6,5,7,False,False,False,True,True,True,False,True,True,True,True
RAPP,"Rapport Therapeutics, Inc. - Common Stock",43.46,83.5,2085136310.0,14409184,97.0,-17.9,5,7,False,False,False,True,True,True,True,False,True,True,True
STM,STMicroelectronics N.V. Common Stock,50.74,83.5,45287743803.0,570786726,140.4,-37.7,5,5,False,False,False,False,True,True,True,False,True,False,True
CBIO,"Crescent Biopharma, Inc. - Common Stock",19.46,83.4,722821072.0,5258400,123.2,-29.0,5,7,False,False,False,True,True,True,True,True,True,False,True
BXC,Bluelinx Holdings Inc. Common Stock,79.75,83.4,626852306.0,11418632,78.1,-15.0,1,6,False,False,False,True,False,True,False,True,True,True,True
NWPX,"NWPX Infrastructure, Inc. - Common Stock",103.63,83.3,998703243.0,22586577,110.4,-31.8,5,5,False,False,False,False,True,True,True,False,True,False,True
BZH,"Beazer Homes USA, Inc. Common Stock",33.25,83.3,887097465.0,21667084,86.5,-3.7,3,8,True,False,False,True,True,True,True,True,True,True,True
NX,Quanex Building Products Corporation Common Stock,21.09,83.3,966474727.0,7313044,91.0,-9.6,2,8,True,False,False,True,True,True,True,True,True,True,True
MKSI,MKS Inc. - Common Stock,261.84,83.2,17704981387.0,428073281,143.2,-41.5,5,5,False,False,False,False,True,True,True,False,True,False,True
P,"Everpure, Inc. Class A common stock",94.1,83.2,31356684319.0,267341642,65.7,-21.0,1,8,True,False,False,True,True,True,True,True,True,True,True
KARO,Karooooo Ltd. - Ordinary shares,63.855,83.1,1972691672.0,6837127,54.8,-7.2,2,8,True,False,False,True,True,True,True,True,True,True,True
SEI,"Solaris Energy Infrastructure, Inc. Class A Common Stock",64.15,83.1,4911734047.0,187120763,144.9,-25.6,5,6,False,False,False,True,True,True,False,True,True,False,True
ACHC,"Acadia Healthcare Company, Inc. - Common Stock",28.53,83.0,2656150846.0,71746133,149.6,-20.4,5,7,False,False,False,True,True,True,True,False,True,True,True
KLIC,"Kulicke and Soffa Industries, Inc. - Common Stock",82.97,83.0,4341746672.0,86922952,136.9,-38.9,5,5,False,False,False,False,True,True,True,False,True,False,True
JXN,Jackson Financial Inc. Class A Common Stock ,138.36,83.0,9370949020.0,75763055,54.3,-1.8,5,8,True,False,False,True,True,True,True,True,True,True,True
BFH,"Bread Financial Holdings, Inc. Common Stock",106.86,82.9,4105482978.0,56728833,98.5,-6.7,5,8,True,False,False,True,True,True,True,True,True,True,True
FIX,"Comfort Systems USA, Inc. Common Stock",1590.8101,82.9,55987490516.0,751669738,120.4,-23.3,5,6,False,False,False,False,True,True,True,False,True,True,True
ZD,"Ziff Davis, Inc. - Common Stock",55.29,82.8,1895739730.0,31006212,146.3,-4.8,5,8,True,False,False,True,True,True,True,True,True,True,True
SFL,SFL Corporation Ltd,12.68,82.8,1686348501.0,15510341,88.4,-2.0,5,8,True,False,False,True,True,True,True,True,True,True,True
VIA,"Via Transportation, Inc. Class A Common Stock",26.36,82.8,2148487959.0,16391533,103.6,-53.2,0,4,False,False,False,True,False,False,False,True,True,False,True
CIEN,Ciena Corporation Common Stock,334.56,82.7,47443460124.0,835731560,170.6,-47.5,5,4,False,False,False,False,True,True,False,False,True,False,True
IQV,"IQVIA Holdings, Inc. Common Stock",257.3,82.7,42351580000.0,321404067,66.5,-5.3,3,6,False,False,False,True,False,True,False,True,True,True,True
AMAL,Amalgamated Financial Corp. - Common Stock,48.52,82.6,1450755132.0,8076973,93.1,-6.0,5,8,True,False,False,True,True,True,True,True,True,True,True
QNST,"QuinStreet, Inc. - Common Stock",18.03,82.6,1029267954.0,16602152,75.2,-19.1,2,6,False,False,False,True,False,True,False,True,True,True,True
EPC,Edgewell Personal Care Company Common Stock,26.88,82.5,1238870035.0,17241746,70.9,-10.3,3,7,False,False,False,True,True,True,True,False,True,True,True
JHX,James Hardie Industries plc. Ordinary Shares,28.19,82.5,16364928937.0,192551598,71.3,-10.3,3,8,True,False,False,True,True,True,True,True,True,True,True
TNET,"TriNet Group, Inc. Common Stock",66.21,82.5,3039352703.0,24520629,97.0,-9.4,2,6,False,False,False,True,False,True,False,True,True,True,True
KALU,Kaiser Aluminum Corporation - Common Stock,158.42,82.4,2590023155.0,41660984,116.8,-20.7,5,7,False,False,False,True,True,True,True,False,True,True,True
TRVI,"Trevi Therapeutics, Inc. - Common Stock",15.91,82.4,2266790630.0,35266603,108.1,-21.3,5,7,False,False,False,True,True,True,True,False,True,True,True
AMTB,Amerant Bancorp Inc. Class A Common Stock,29.26,82.3,1146695245.0,10440689,87.3,-4.4,5,8,True,False,False,True,True,True,True,True,True,True,True
GNK,Genco Shipping & Trading Limited Ordinary Shares New (Marshall Islands),26.75,82.3,1165941684.0,12619470,72.0,-3.8,5,8,True,False,False,True,True,True,True,True,True,True,True
HSBC,"HSBC Holdings, plc. Common Stock",103.7,82.3,356037187621.0,126916490,60.4,-3.9,5,8,True,False,False,True,True,True,True,True,True,True,True
SRRK,Scholar Rock Holding Corporation - Common Stock,55.67,82.2,6779786649.0,58673157,105.7,-9.9,5,8,True,False,False,True,True,True,True,True,True,True,True
NBR,Nabors Industries Ltd.,90.6,82.2,1517041553.0,21280976,147.4,-19.8,5,7,False,False,False,True,True,True,False,True,True,True,True
EXK,Endeavour Silver Corporation Ordinary Shares (Canada),10.52,82.1,3114643797.0,73707924,83.0,-30.6,1,5,False,False,False,True,False,True,False,True,True,False,True
PEB,Pebblebrook Hotel Trust Common Shares of Beneficial Interest,18.08,82.1,2040196305.0,39099537,81.0,-9.3,5,7,False,False,False,True,True,True,True,False,True,True,True
AMCX,AMC Global Media Inc. - Class A Common Stock,12.07,82.0,497887150.0,7241813,86.6,-6.7,5,8,True,False,False,True,True,True,True,True,True,True,True
AU,AngloGold Ashanti PLC Ordinary Shares,103.88,82.0,52539310313.0,254976684,66.1,-19.6,5,7,False,False,False,True,True,True,False,True,True,True,True
KB,KB Financial Group Inc,126.55,82.0,45379276219.0,28803811,63.4,-4.9,5,8,True,False,False,True,True,True,True,True,True,True,True
ASML,ASML Holding N.V. - New York Registry Shares,1687.4301,81.9,650365330451.0,2733619083,113.3,-15.6,5,7,False,False,False,True,True,True,True,False,True,True,True
PHVS,Pharvaris N.V. - Ordinary Shares,37.51,81.9,2613188652.0,25021096,81.6,-13.3,5,8,True,False,False,True,True,True,True,True,True,True,True
FEIM,"Frequency Electronics, Inc. - Common Stock",62.06,81.8,693677512.0,20457684,138.2,-23.0,5,7,False,False,False,True,True,True,True,False,True,True,True
FLEX,Flex Ltd. - Ordinary Shares,108.01,81.8,39899215654.0,475063922,103.5,-35.3,5,6,False,False,False,True,True,True,True,False,True,False,True
SKM,"SK Telecom Co., Ltd. Common Stock",37.05,81.8,14211639000.0,78186463,88.5,-21.5,5,8,True,False,False,True,True,True,True,True,True,True,True
KOP,Koppers Holdings Inc. Common Stock,46.35,81.7,876551177.0,8552689,85.4,-12.5,5,7,False,False,False,True,True,True,True,False,True,True,True
VOYA,"Voya Financial, Inc. Common Stock",102.67,81.7,9301527152.0,95683513,59.2,-2.8,5,8,True,False,False,True,True,True,True,True,True,True,True
ATLC,Atlanticus Holdings Corporation - Common Stock,93.36,81.6,1416274748.0,15619544,96.5,-18.3,5,7,False,False,False,True,True,True,True,False,True,True,True
RCUS,"Arcus Biosciences, Inc. Common Stock",26.15,81.6,3329767782.0,33209979,134.3,-17.6,5,7,False,False,False,True,True,True,True,False,True,True,True
DIOD,Diodes Incorporated - Common Stock,91.66,81.5,4221099280.0,53119812,116.8,-27.2,5,6,False,False,False,True,True,True,True,False,True,False,True
BNY,The Bank of New York Mellon Corporation Common Stock,162.59,81.5,110317988448.0,492754229,58.4,-2.0,5,8,True,False,False,True,True,True,True,True,True,True,True
SU,Suncor Energy  Inc. Common Stock,68.93,81.5,80622569155.0,283020010,82.5,-1.9,5,8,True,False,False,True,True,True,True,True,True,True,True
IMAX,Imax Corporation Common Stock,51.35,81.4,2816142554.0,60467019,69.0,-7.6,5,8,True,False,False,True,True,True,True,True,True,True,True
PK,Park Hotels & Resorts Inc. Common Stock ,15.32,81.4,3084503216.0,59703446,55.7,-5.4,5,8,True,False,False,True,True,True,True,True,True,True,True
FTRE,Fortrea Holdings Inc. - Common Stock,17.02,81.3,1618602000.0,24597980,104.9,-20.4,5,5,False,False,False,True,False,True,False,False,True,True,True
PAGP,"Plains GP Holdings, L.P. - Class A Shares representing limited partner interests",27.89,81.3,5519546018.0,40544030,67.2,-2.8,5,8,True,False,False,True,True,True,True,True,True,True,True
WPM,Wheaton Precious Metals Corp Common Shares (Canada),150.98,81.3,68569071969.0,267493420,63.1,-8.9,5,7,False,False,False,True,True,True,False,True,True,True,True
KGS,"Kodiak Gas Services, Inc. Common Stock",62.5,81.2,6319001938.0,104611534,92.0,-19.5,5,8,True,False,False,True,True,True,True,True,True,True,True
RHI,Robert Half Inc. Common Stock,37.42,81.2,3830379604.0,88607038,71.4,-19.9,2,7,False,False,False,True,True,True,True,False,True,True,True
PRLB,"Proto Labs, Inc. Common stock",79.75,81.1,1907771286.0,15403272,76.8,-14.2,5,7,False,False,False,True,True,True,True,False,True,True,True
WKC,World Kinect Corporation Common Stock,35.35,81.1,1808209767.0,41368125,59.2,-14.2,4,7,False,False,False,True,True,True,True,False,True,True,True
DDOG,"Datadog, Inc. - Class A Common Stock",221.72,81.0,79614114321.0,1116008576,126.2,-24.3,4,7,False,False,False,True,True,True,True,False,True,True,True
MOV,Movado Group Inc. Common Stock,32.54,81.0,726040452.0,7016886,88.7,-19.7,5,7,False,False,False,True,True,True,True,False,True,True,True
MUFG,"Mitsubishi UFJ Financial Group, Inc. Common Stock",23.29,81.0,276398987327.0,68851680,59.3,-4.0,5,8,True,False,False,True,True,True,True,True,True,True,True
BWIN,"The Baldwin Insurance Group, Inc. - Class A Common Stock",29.39,80.9,4099856036.0,32651958,85.1,-9.8,2,6,False,False,False,True,False,True,False,True,True,True,True
FCX,"Freeport-McMoRan, Inc. Common Stock",71.21,80.9,102258807813.0,980243503,102.6,-11.3,5,8,True,False,False,True,True,True,True,True,True,True,True
CRVS,"Corvus Pharmaceuticals, Inc. - Common Stock",12.94,80.8,1088525015.0,13345990,129.4,-52.0,5,4,False,False,False,False,True,True,False,False,True,False,True
PCVX,"Vaxcyte, Inc. - Common Stock",58.9,80.8,8764630874.0,59811801,91.2,-9.4,5,8,True,False,False,True,True,True,True,True,True,True,True
SEZL,Sezzle Inc. - Common Stock,118.41,80.8,3987458408.0,95947909,139.2,-39.5,3,6,False,False,False,True,True,True,True,False,True,False,True
ALRS,Alerus Financial Corporation - Common Stock,32.93,80.7,820863431.0,6092173,62.1,-4.3,5,8,True,False,False,True,True,True,True,True,True,True,True
JAZZ,Jazz Pharmaceuticals plc - Ordinary Shares,240.48,80.7,15610657477.0,220809612,94.1,-9.7,5,7,False,False,False,True,True,True,True,False,True,True,True
EFXT,Enerflex Ltd Common Shares,22.33,80.6,2726557377.0,13495672,119.1,-23.4,5,6,False,False,False,False,True,True,False,True,True,True,True
RLJ,RLJ Lodging Trust Common Shares of Beneficial Interest $0.01 par value,10.94,80.6,1666992040.0,20652989,67.3,-15.1,5,7,False,False,False,True,True,True,True,False,True,True,True
CLDX,"Celldex Therapeutics, Inc. - Common Stock",38.1,80.5,2991975169.0,33257545,72.4,-15.6,5,7,False,False,False,True,True,True,True,False,True,True,True
MATV,"Mativ Holdings, Inc. Common Stock",12.33,80.5,680493908.0,5895191,74.4,-20.3,1,6,False,False,False,True,False,True,False,True,True,True,True
MSGE,Madison Square Garden Entertainment Corp. Class A Common Stock,75.75,80.5,3583371476.0,28405635,84.7,-16.2,5,7,False,False,False,True,True,True,True,False,True,True,True
AMRX,"Amneal Pharmaceuticals, Inc. - Class A Common Stock",16.87,80.4,5875753807.0,31560323,77.8,-12.4,5,7,False,False,False,True,True,True,True,False,True,True,True
ELE,Elemental Royalty Corporation - Common Stock,20.93,80.4,1345926840.0,5162711,66.4,-22.4,1,7,False,False,False,True,True,True,False,True,True,True,True
LNTH,"Lantheus Holdings, Inc. - Common Stock",100.39,80.3,6552693124.0,142787700,102.1,-10.3,5,7,False,False,False,True,True,True,True,False,True,True,True
MBIN,Merchants Bancorp - Common Stock,52.98,80.3,2433799214.0,8585901,74.4,-6.8,5,8,True,False,False,True,True,True,True,True,True,True,True
ANET,"Arista Networks, Inc. Common Stock",188.99,80.3,238358846226.0,1292426464,65.0,-12.1,5,8,True,False,False,True,True,True,True,True,True,True,True
ADEA,Adeia Inc.  - Common Stock,26.305,80.2,2900919346.0,29934701,126.6,-23.4,5,6,False,False,False,False,True,True,True,False,True,True,True
BHE,"Benchmark Electronics, Inc. Common Stock",73.98,80.2,2657356643.0,30109085,106.0,-26.3,5,6,False,False,False,True,True,True,True,False,True,False,True
MEOH,Methanex Corporation - Common Stock,62.72,80.1,4852286575.0,46022172,96.0,-6.0,5,7,False,False,False,True,True,True,False,True,True,True,True
PGC,Peapack-Gladstone Financial Corporation - Common Stock,46.04,80.1,816194910.0,8774685,86.3,-6.3,5,7,False,False,False,True,True,True,True,False,True,True,True
FIVE,"Five Below, Inc. - Common Stock",241.28,80.0,13283437565.0,249728514,75.1,-8.6,5,8,True,False,False,True,True,True,True,True,True,True,True
TECH,Bio-Techne Corp - Common Stock,72.08,80.0,11303458595.0,250923382,66.9,-0.7,3,6,False,False,False,True,False,True,False,True,True,True,True
SKE,Skeena Resources Limited Common Shares,31.24,80.0,3919454904.0,17203372,102.5,-19.4,5,7,False,False,False,True,True,True,False,True,True,True,True
KEYS,Keysight Technologies Inc. Common Stock,325.65,79.9,55440201209.0,419477416,105.1,-13.2,5,8,True,False,False,True,True,True,True,True,True,True,True
TECK,Teck Resources Ltd Ordinary Shares,65.9,79.9,32260872497.0,204518068,73.4,-9.2,5,8,True,False,False,True,True,True,True,True,True,True,True
COGT,"Cogent Biosciences, Inc. - Common Stock",34.08,79.8,5913731387.0,73419193,193.8,-22.1,5,4,False,False,False,False,False,True,False,False,True,True,True
DSGR,"Distribution Solutions Group, Inc. - Common Stock",34.75,79.8,1607375915.0,8333318,82.7,-0.9,2,8,True,False,False,True,True,True,True,True,True,True,True
GEF,Greif Inc. Class A Common Stock,83.64,79.8,3861518368.0,22088971,50.0,-7.7,5,8,True,False,False,True,True,True,True,True,True,True,True
RPRX,Royalty Pharma plc - Class A Ordinary Shares,58.75,79.7,33781320735.0,172726641,69.7,-8.7,5,7,False,False,False,True,True,True,True,False,True,True,True
SAN,"Banco Santander, S.A. Sponsored ADR (Spain)",14.63,79.7,211764984404.0,195853064,52.1,-2.8,5,8,True,False,False,True,True,True,True,True,True,True,True
CHRD,Chord Energy Corporation - Common Stock,151.82,79.6,8304230927.0,99866161,80.2,-1.4,5,8,True,True,False,True,True,True,True,True,True,True,True
ARMK,Aramark Common Stock,56.76,79.6,14963357497.0,143459063,61.8,-9.4,5,7,False,False,False,True,True,True,True,False,True,True,True
BSTZ,BlackRock Science and Technology Term Trust Common Shares of Beneficial Interest,30.78,79.5,682018007.0,5402747,48.8,-3.5,5,8,True,False,False,True,True,True,True,True,True,True,True
GOLD,"Gold.com, Inc. Common Stock",45.88,79.5,1330720679.0,21887330,108.5,-31.2,5,6,False,False,False,True,True,True,False,True,True,False,True
VEEV,Veeva Systems Inc. Class A Common Stock,260.98,79.5,42254971673.0,409430857,76.3,-15.9,0,5,False,False,False,True,False,False,False,True,True,True,True
BWMN,Bowman Consulting Group Ltd. - Common Stock,42.51,79.4,736932615.0,12653096,69.6,-7.2,1,6,False,False,False,True,False,True,False,True,True,True,True
NTNX,"Nutanix, Inc. - Class A Common Stock",65.42,79.4,17684367699.0,173634000,92.4,-20.6,0,7,False,False,False,True,True,False,True,True,True,True,True
ABNB,"Airbnb, Inc. - Class A Common Stock",167.65,79.3,100386419587.0,759888994,51.3,-13.3,5,8,True,False,False,True,True,True,True,True,True,True,True
AIP,"Arteris, Inc.  - Common Stock",22.41,79.3,1101498606.0,21090299,166.2,-55.4,5,5,False,False,False,False,True,True,True,False,True,False,True
CNH,CNH Industrial N.V. Common Shares,13.5,79.3,16709300433.0,206587191,50.0,-6.6,2,8,True,False,False,True,True,True,True,True,True,True,True
ENTG,"Entegris, Inc. - Common Stock",137.4,79.2,20994720000.0,363851483,102.1,-26.5,5,6,False,False,False,True,True,True,True,False,True,False,True
ACA,"Arcosa, Inc. Common Stock ",145.25,79.2,7132764007.0,96932138,63.1,-1.1,5,8,True,False,False,True,True,True,True,True,True,True,True
CNQ,Canadian Natural Resources Limited Common Stock,50.8,79.1,105097072000.0,333551268,71.2,-2.9,5,8,True,True,False,True,True,True,True,True,True,True,True
EE,"Excelerate Energy, Inc. Class A Common Stock",38.61,79.1,4378455274.0,12495540,66.5,-10.6,5,8,True,False,False,True,True,True,True,True,True,True,True
IESC,"IES Holdings, Inc. - Common Stock",319.52,79.0,12732460458.0,123429406,87.9,-21.7,5,7,False,False,False,True,True,True,True,False,True,True,True
NVT,nVent Electric plc Ordinary Shares ,155.17,79.0,25115496395.0,354316139,66.5,-16.0,5,7,False,False,False,True,True,True,True,False,True,True,True
OVV,Ovintiv Inc. (DE),64.0,79.0,18092800000.0,201496003,80.4,-5.2,5,8,True,False,False,True,True,True,True,True,True,True,True
FLYW,Flywire Corporation - Voting Common Stock,17.75,78.9,2159601214.0,34112218,68.2,-10.0,5,7,False,False,False,True,True,True,True,False,True,True,True
COP,ConocoPhillips Common Stock,137.04,78.9,164631288122.0,789333483,60.1,-1.3,5,8,True,True,False,True,True,True,True,True,True,True,True
PNTG,"The Pennant Group, Inc. - Common Stock",39.3,78.8,1372712608.0,10828780,76.6,-7.9,5,7,False,False,False,True,True,True,True,False,True,True,True
NVRI,Enviri Corporation Common Stock,22.21,78.8,626102543.0,8691796,99.2,-8.2,5,8,True,False,False,True,True,True,True,True,True,True,True
ASTH,Astrana Health Inc. - Common Stock,38.03,78.7,1886454039.0,20947937,110.3,-26.3,5,6,False,False,False,True,True,True,True,False,True,False,True
BCAX,Bicara Therapeutics Inc. - Common Stock,23.1,78.7,1528594775.0,15829831,124.4,-25.5,5,6,False,False,False,True,True,True,True,False,True,False,True
JBHT,"J.B. Hunt Transport Services, Inc. - Common Stock",267.83,78.7,25153238112.0,256754976,105.8,-10.7,5,7,False,False,False,True,True,True,True,False,True,True,True
BEN,"Franklin Resources, Inc. Common Stock",33.66,78.6,17101868791.0,135706651,59.5,-7.2,5,7,False,False,False,True,True,True,True,False,True,True,True
EXPD,"Expeditors International of Washington, Inc. Common Stock",189.32,78.6,24609824557.0,191029900,67.6,-1.5,5,8,True,False,False,True,True,True,True,True,True,True,True
NTRS,Northern Trust Corporation - Common Stock,187.19,78.5,34247468685.0,187867935,54.5,-4.4,5,8,True,False,False,True,True,True,True,True,True,True,True
HMY,Harmony Gold Mining Company Limited,20.19,78.5,12815960348.0,62895452,55.0,-22.5,1,6,False,False,False,True,False,True,False,True,True,True,True
S,"SentinelOne, Inc. Class A Common Stock",19.81,78.5,6894853008.0,152158431,67.7,-17.3,2,7,False,False,False,True,True,True,True,False,True,True,True
VELO,"Velo3D, Inc. - Common stock",10.44,78.4,335636792.0,20183439,263.8,-67.1,5,4,False,False,False,False,True,True,False,False,True,False,True
WBD,"Warner Bros. Discovery, Inc. - Series A Common Stock",28.2,78.4,70801833455.0,559477844,135.0,-6.0,5,6,False,False,False,True,False,True,False,True,True,True,True
PI,"Impinj, Inc. - Common Stock",171.79,78.3,5248942609.0,62793399,96.6,-30.5,0,4,False,False,False,True,False,False,False,True,True,False,True
SMBK,"SmartFinancial, Inc. Common Stock",51.55,78.3,881426283.0,5849761,56.2,-4.8,5,8,True,False,False,True,True,True,True,True,True,True,True
FISI,"Financial Institutions, Inc. - Common Stock",41.09,78.2,809734332.0,5995187,60.4,-4.4,5,8,True,False,False,True,True,True,True,True,True,True,True
SNEX,StoneX Group Inc. - Common Stock,69.77,78.2,8415429601.0,72573774,91.4,-26.3,5,6,False,False,False,True,True,True,True,False,True,False,True
OBK,"Origin Bancorp, Inc. Common Stock",54.26,78.2,1673903528.0,8914143,68.9,-2.4,5,8,True,False,False,True,True,True,True,True,True,True,True
RRBI,"Red River Bancshares, Inc. - Common Stock",103.175,78.1,679315137.0,7366027,67.5,-1.4,5,8,True,False,False,True,True,True,True,True,True,True,True
AIR,AAR Corp. Common Stock,124.47,78.1,5011017815.0,56490023,69.9,-19.2,5,7,False,False,False,True,True,True,True,False,True,True,True
FRNM,"Freenome, Inc. - Common stock",14.79,78.0,1589138379.0,9118235,48.6,-13.9,5,6,False,False,False,True,False,True,False,True,True,True,True
NTSK,"Netskope, Inc. - Class A Common Stock",15.1,78.0,6169674995.0,66160927,97.0,-46.1,0,4,False,False,False,True,False,False,False,True,True,False,True
PLXS,Plexus Corp. - Common Stock,246.94,78.0,6581469327.0,70131980,87.0,-19.6,5,7,False,False,False,True,True,True,True,False,True,True,True
DE,Deere & Company Common Stock,677.94,77.9,182789851811.0,743085451,56.6,-4.0,5,8,True,False,False,True,True,True,True,True,True,True,True
GSL,Global Ship Lease Inc New Class A Common Shares,45.54,77.9,1635716832.0,13621633,66.9,-2.1,5,8,True,False,False,True,True,True,True,True,True,True,True
LQDT,"Liquidity Services, Inc. - Common Stock",41.49,77.8,1299948831.0,8622693,91.5,-5.9,5,8,True,False,False,True,True,True,True,True,True,True,True
AGRO,Adecoagro S.A. Common Shares,12.33,77.8,1779323386.0,8525734,79.0,-22.4,5,7,False,False,False,True,True,True,False,True,True,True,True
AGM,Federal Agricultural Mortgage Corporation Common Stock,224.6,77.7,2437630966.0,23664888,64.5,-9.5,2,8,True,False,False,True,True,True,True,True,True,True,True
TSM,Taiwan Semiconductor Manufacturing Company Ltd.,428.03,77.7,2219979694059.0,5107571541,66.1,-10.6,5,8,True,False,False,True,True,True,True,True,True,True,True
UBS,UBS Group AG Registered Ordinary Shares,54.01,77.7,167616538339.0,91019145,48.8,-3.5,5,8,True,False,False,True,True,True,True,True,True,True,True
TRST,TrustCo Bank Corp NY - Common Stock,58.42,77.6,994760571.0,6950600,70.3,-0.9,5,8,True,False,False,True,True,True,True,True,True,True,True
PAG,"Penske Automotive Group, Inc. Common Stock",216.61,77.6,14223234921.0,84721160,54.6,-4.6,3,8,True,False,False,True,True,True,True,True,True,True,True
CSTL,"Castle Biosciences, Inc. - Common stock",32.32,77.5,987360066.0,11265836,82.4,-27.0,2,5,False,False,False,True,False,True,False,True,True,False,True
SPT,"Sprout Social, Inc - Class A Common Stock",10.61,77.5,642883369.0,11662666,115.7,-30.1,1,5,False,False,False,True,False,True,False,True,True,False,True
KN,Knowles Corporation Common Stock,35.41,77.5,3024379644.0,31375689,72.1,-17.5,5,7,False,False,False,True,True,True,True,False,True,True,True
KNTK,Kinetik Holdings Inc. Class A Common Stock,54.2,77.4,8800948792.0,50169206,73.0,-4.8,5,8,True,True,False,True,True,True,True,True,True,True,True
SCL,Stepan Company Common Stock,61.66,77.4,1401688416.0,8063238,47.4,-9.3,4,8,True,False,False,True,True,True,True,True,True,True,True
SCSC,"ScanSource, Inc. - Common Stock",55.53,77.3,1118530350.0,14200052,64.5,-16.8,4,8,True,False,False,True,True,True,True,True,True,True,True
E,ENI S.p.A. Common Stock,56.42,77.3,88770243866.0,20198203,65.8,-2.7,5,8,True,False,False,True,True,True,True,True,True,True,True
WASH,"Washington Trust Bancorp, Inc. - Common Stock",39.85,77.2,760111692.0,5801380,57.9,-1.7,5,8,True,False,False,True,True,True,True,True,True,True,True
GRDN,"Guardian Pharmacy Services, Inc. Class A Common Stock",43.83,77.2,2776293184.0,15356410,89.4,-6.8,5,8,True,False,False,True,True,True,True,True,True,True,True
KMX,CarMax Inc,60.52,77.2,8588459530.0,126972705,100.0,-7.3,2,8,True,False,False,True,True,True,True,True,True,True,True
KSPI,Joint Stock Company Kaspi.kz - American Depository Shares,97.15,77.1,18393746125.0,50700310,41.6,-11.6,2,8,True,False,False,True,True,True,True,True,True,True,True
STNG,Scorpio Tankers Inc. Common Shares,84.51,77.1,4374473383.0,57975890,72.7,-3.3,5,8,True,False,False,True,True,True,True,True,True,True,True
CNO,"CNO Financial Group, Inc. Common Stock",55.03,77.0,5091451046.0,40203232,44.0,-4.4,5,8,True,False,False,True,True,True,True,True,True,True,True
IVZ,Invesco Ltd Common Stock,31.93,77.0,14097087975.0,134438941,54.5,-5.1,5,8,True,False,False,True,True,True,True,True,True,True,True
TPC,Tutor Perini Corporation Common Stock,86.23,77.0,4533034959.0,62289380,48.9,-15.7,5,8,True,False,False,True,True,True,True,True,True,True,True
BNS,Bank Nova Scotia Halifax Pfd 3 Ordinary Shares,92.84,76.9,113894938502.0,213385585,47.4,-2.6,5,8,True,False,False,True,True,True,True,True,True,True,True
MD,"Pediatrix Medical Group, Inc. Common Stock",26.73,76.9,2171899934.0,20488803,70.3,-4.3,5,8,True,False,False,True,True,True,True,True,True,True,True
RBCAA,"Republic Bancorp, Inc. - Class A Common Stock",97.24,76.8,1909224843.0,10359305,52.0,-4.9,5,8,True,False,False,True,True,True,True,True,True,True,True
RELY,"Remitly Global, Inc. - Common stock",21.93,76.8,4642231304.0,79800451,81.5,-20.2,5,7,False,False,False,True,True,True,True,False,True,True,True
EXEL,"Exelixis, Inc. - Common Stock",57.43,76.7,14230102572.0,132569540,70.1,-3.8,5,8,True,False,False,True,True,True,True,True,True,True,True
ELF,"e.l.f. Beauty, Inc. Common Stock",95.76,76.7,5650605697.0,202905859,96.1,-36.6,1,5,False,False,False,True,False,True,False,True,True,False,True
PLGO,Pelagos Insurance Capital Limited Common Shares,25.17,76.7,2176705250.0,9981977,48.4,-4.4,5,8,True,False,False,True,True,True,True,True,True,True,True
CAC,Camden National Corporation - Common Stock,57.76,76.6,975973550.0,5292551,65.0,-4.7,5,8,True,False,False,True,True,True,True,True,True,True,True
ROG,Rogers Corporation Common Stock,132.68,76.6,2370770688.0,29168946,76.6,-21.5,5,8,True,False,False,True,True,True,True,True,True,True,True
INTA,"Intapp, Inc. - Common Stock",38.04,76.5,2910484070.0,24458275,100.1,-20.6,1,6,False,False,False,True,False,True,False,True,True,True,True
VTRS,Viatris Inc. - Common Stock,16.38,76.5,18813918352.0,155750302,73.7,-10.9,5,7,False,False,False,True,True,True,True,False,True,True,True
IDT,IDT Corporation Class B Common Stock,69.42,76.5,1726375852.0,11512031,51.8,-0.8,2,8,True,False,False,True,True,True,True,True,True,True,True
ORIC,"Oric Pharmaceuticals, Inc. - Common Stock",12.07,76.4,1251087558.0,17887205,66.9,-19.2,1,7,False,False,False,True,True,True,True,False,True,True,True
GRC,Gorman-Rupp Company (The) Common Stock,73.23,76.4,1934022095.0,14430158,74.1,-21.1,5,6,False,False,False,False,True,True,True,False,True,True,True
OSPN,OneSpan Inc. - Common Stock,16.49,76.3,607692333.0,6031651,63.8,-10.8,2,8,True,False,False,True,True,True,True,True,True,True,True
BOW,Bowhead Specialty Holdings Inc. Common Stock,33.62,76.3,1107543828.0,11016418,58.5,-4.1,2,8,True,False,False,True,True,True,True,True,True,True,True
ANGO,"AngioDynamics, Inc. - Common Stock",15.24,76.2,629905608.0,6650721,62.3,-6.4,5,8,True,False,False,True,True,True,True,True,True,True,True
HG,"Hamilton Insurance Group, Ltd. Class B Common Shares",34.9,76.2,2904054721.0,14182302,54.0,-6.5,5,7,False,False,False,True,True,True,True,False,True,True,True
TMP,Tompkins Financial Corporation Common Stock,98.3,76.2,1413839562.0,9773594,58.9,-4.2,5,8,True,False,False,True,True,True,True,True,True,True,True
IDYA,"IDEAYA Biosciences, Inc. - Common Stock",37.45,76.1,3613531176.0,30684516,54.5,-12.3,5,5,False,False,False,True,False,True,False,False,True,True,True
BIO,"Bio-Rad Laboratories, Inc. Class A Common Stock",368.75,76.1,9859702031.0,92777815,55.8,-6.9,5,6,False,False,False,True,False,True,False,True,True,True,True
LXP,LXP Industrial Trust Common Stock (Maryland REIT),60.82,76.0,3585780796.0,45715130,38.2,-1.3,5,8,True,False,False,True,True,True,True,True,True,True,True
RVTY,"Revvity, Inc. Common Stock",120.94,76.0,13495259337.0,175492949,48.9,-9.1,4,6,False,False,False,True,False,True,False,True,True,True,True
TD,Toronto Dominion Bank (The) Common Stock,120.14,76.0,196837015580.0,303001554,59.2,-4.2,5,7,False,False,False,True,True,True,True,False,True,True,True
DJCO,Daily Journal Corp. (S.C.) - Common Stock,647.7,75.9,892499510.0,33262000,85.8,-4.0,5,8,True,False,False,True,True,True,True,True,True,True,True
HCC,"Warrior Met Coal, Inc. Common Stock",101.65,75.9,5367332144.0,54793485,76.7,-8.8,5,8,True,False,False,True,True,True,True,True,True,True,True
OMDA,"Omada Health, Inc. - Common Stock",21.5,75.8,1316159115.0,30016312,109.1,-20.1,1,7,False,False,False,True,True,True,True,False,True,True,True
TRV,"The Travelers Companies, Inc. Common Stock",367.56,75.8,76663835086.0,653991576,45.7,-7.8,5,8,True,False,False,True,True,True,True,True,True,True,True
FCFS,"FirstCash Holdings, Inc. - Common Stock",227.38,75.7,9861879884.0,93728351,57.3,-4.8,5,8,True,False,False,True,True,True,True,True,True,True,True
MANH,"Manhattan Associates, Inc. - Common Stock",205.02,75.7,11953685359.0,155436326,72.2,-9.7,1,6,False,False,False,True,False,True,False,True,True,True,True
FBP,First BanCorp. New Common Stock,27.74,75.7,4235017754.0,36377261,44.8,-7.2,5,7,False,False,False,True,True,True,True,False,True,True,True
DRH,Diamondrock Hospitality Company - Common Stock,12.18,75.6,2492097195.0,31299030,62.8,-11.7,5,7,False,False,False,True,True,True,True,False,True,True,True
ADM,Archer-Daniels-Midland Company Common Stock,86.91,75.6,41887107359.0,299185484,56.4,-2.1,5,8,True,True,False,True,True,True,True,True,True,True,True
FTDR,"Frontdoor, Inc. - Common Stock",79.56,75.5,5481152221.0,41222542,64.1,-14.8,5,8,True,False,False,True,True,True,True,True,True,True,True
KURA,"Kura Oncology, Inc. - Common Stock",11.57,75.5,1029274362.0,20700590,57.2,-16.8,5,6,False,False,False,True,False,True,False,True,True,True,True
EMBJ,Embraer S.A. Common Stock,74.75,75.5,13506692241.0,80838652,39.6,-7.4,5,6,False,False,False,True,False,True,False,True,True,True,True
INCY,Incyte Corporation - Common Stock,123.28,75.4,24988578127.0,194228146,52.0,-7.0,5,8,True,False,False,True,True,True,True,True,True,True,True
UFPT,"UFP Technologies, Inc. - Common Stock",277.4,75.4,2148682146.0,50620650,59.6,-18.1,3,7,False,False,False,True,True,True,True,False,True,True,True
CNXN,"PC Connection, Inc. - Common Stock",82.59,75.3,2084414596.0,11443049,50.2,-6.5,4,8,True,False,False,True,True,True,True,True,True,True,True
OSBC,"Old Second Bancorp, Inc. - Common Stock",25.53,75.3,1298857029.0,10367281,53.3,-2.0,5,8,True,False,False,True,True,True,True,True,True,True,True
MLKN,"MillerKnoll, Inc. - Common Stock",20.8,75.2,1429647710.0,13896270,51.1,-15.8,2,7,False,False,False,True,True,True,True,False,True,True,True
SANM,Sanmina Corporation - Common Stock,203.31,75.2,10896878448.0,144238349,84.1,-29.6,5,7,False,False,False,True,True,True,True,True,True,False,True
SDRL,Seadrill Limited Common Shares,48.46,75.2,3030758328.0,29802115,72.5,-12.6,5,7,False,False,False,True,True,True,False,True,True,True,True
ESTC,Elastic N.V. Ordinary Shares,83.48,75.1,8764672054.0,185559839,98.5,-22.7,0,5,False,False,False,True,False,False,False,True,True,True,True
SPB,"Spectrum Brands Holdings, Inc. Common Stock",85.62,75.1,1968882930.0,30376104,71.3,-13.6,5,7,False,False,False,True,True,True,True,False,True,True,True
PDEX,"Pro-Dex, Inc. - Common Stock",59.84,75.0,191687507.0,5376374,155.0,-22.3,5,7,False,False,False,True,True,True,True,False,True,True,True
STLD,"Steel Dynamics, Inc. - Common Stock",237.08,75.0,33980223103.0,281015422,83.2,-17.9,5,7,False,False,False,True,True,True,True,False,True,True,True
GLUE,"Monte Rosa Therapeutics, Inc. - Common Stock",14.32,74.9,1221687902.0,23708070,199.0,-44.4,5,3,False,False,False,False,False,True,False,False,True,False,True
LFUS,"Littelfuse, Inc. - Common Stock",413.42,74.9,10500349985.0,130575702,77.2,-17.4,5,7,False,False,False,True,True,True,True,False,True,True,True
SEIC,SEI Investments Company - Common Stock,106.77,74.9,12814448062.0,72232804,42.2,-4.8,4,8,True,False,False,True,True,True,True,True,True,True,True
CTBI,"Community Trust Bancorp, Inc. - Common Stock",77.37,74.8,1405654601.0,8504824,54.0,-3.2,5,8,True,False,False,True,True,True,True,True,True,True,True
PSTL,"Postal Realty Trust, Inc. Class A Common Stock",23.09,74.8,698446478.0,6601702,62.0,-8.4,5,7,False,False,False,True,True,True,True,False,True,True,True
CGNX,Cognex Corporation - Common Stock,61.69,74.7,10377728813.0,130832438,78.3,-15.4,5,7,False,False,False,True,True,True,True,False,True,True,True
MTSI,"MACOM Technology Solutions Holdings, Inc. - Common Stock",272.43,74.7,20805732732.0,413541600,123.4,-35.0,5,4,False,False,False,False,True,True,False,False,True,False,True
CAT,"Caterpillar, Inc. Common Stock",805.0,74.7,370038285645.0,2415201922,91.9,-25.0,5,5,False,False,False,False,True,True,True,False,True,False,True
HQH,abrdn Healthcare Investors Shares of Beneficial Interest,21.75,74.6,1029726041.0,5066561,32.9,-12.5,5,7,False,False,False,True,True,True,True,False,True,True,True
INVX,"Innovex International, Inc. Common Stock",29.69,74.6,2076394704.0,18244113,82.1,-11.9,5,8,True,False,False,True,True,True,True,True,True,True,True
SWKS,"Skyworks Solutions, Inc. - Common Stock",84.03,74.5,12644227871.0,379053717,61.8,-7.6,1,8,True,False,False,True,True,True,True,True,True,True,True
CNK,"Cinemark Holdings Inc Cinemark Holdings, Inc. Common Stock",35.15,74.5,4074301703.0,85454825,62.7,-9.8,4,8,True,False,False,True,True,True,True,True,True,True,True
NVEC,NVE Corporation - Common Stock,97.62,74.4,472204145.0,21984089,70.6,-27.7,5,6,False,False,False,True,True,True,True,False,True,False,True
WSFS,WSFS Financial Corporation - Common Stock,79.94,74.4,4084182964.0,31279226,60.1,-3.6,5,8,True,False,False,True,True,True,True,True,True,True,True
BAP,Credicorp Ltd. Common Stock,379.44,74.4,35812426362.0,115042177,64.7,-8.2,5,7,False,False,False,True,True,True,True,False,True,True,True
RGEN,Repligen Corporation - Common Stock,164.68,74.3,8056694478.0,169508063,63.1,-12.7,3,6,False,False,False,True,False,True,False,True,True,True,True
SXT,Sensient Technologies Corporation Common Stock,131.06,74.3,5578282010.0,54403062,58.7,-5.6,5,8,True,False,False,True,True,True,True,True,True,True,True
SRCE,1st Source Corporation - Common Stock,86.69,74.2,2087653496.0,10597609,52.4,-5.2,5,8,True,False,False,True,True,True,True,True,True,True,True
W,Wayfair Inc. Class A Common Stock,97.45,74.2,13347538422.0,293773521,75.3,-18.8,3,6,False,False,False,True,False,True,False,True,True,True,True
WEX,WEX Inc. common stock,190.03,74.2,6476528538.0,118433665,51.7,-6.8,2,8,True,False,False,True,True,True,True,True,True,True,True
BRKR,Bruker Corporation - Common Stock,53.56,74.1,8160364965.0,124722849,78.0,-18.0,4,7,False,False,False,True,True,True,True,False,True,True,True
XOM,ExxonMobil Holdings Corporation Common Stock,165.23,74.1,679411213151.0,2202075889,49.7,-6.3,5,8,True,False,False,True,True,True,True,True,True,True,True
BVN,Buenaventura Mining Company Inc.,33.85,74.0,8597455448.0,33187395,73.1,-24.2,5,6,False,False,False,False,True,True,False,True,True,True,True
HNI,HNI Corporation Common Stock,46.3,74.0,3342017340.0,25325320,60.0,-12.3,1,6,False,False,False,True,False,True,False,True,True,True,True
CDE,"Coeur Mining, Inc. Common Stock",20.34,73.9,20908197859.0,601802016,50.1,-26.8,1,5,False,False,False,True,False,True,False,True,True,False,True
CVX,Chevron Corporation Common Stock,212.76,73.9,420365096256.0,1524194411,45.2,-2.1,5,8,True,True,False,True,True,True,True,True,True,True,True
SLB,SLB Limited Common Shares,56.01,73.9,83126862368.0,638109287,77.0,-7.4,5,7,False,False,False,True,True,True,False,True,True,True,True
SLAB,"Silicon Laboratories, Inc. - Common Stock",219.15,73.8,7312325673.0,67788876,89.7,-1.5,5,8,True,False,False,True,True,True,True,True,True,True,True
RAL,Ralliant Corporation Common Stock,64.68,73.8,7156195717.0,102954125,73.5,-14.2,4,7,False,False,False,True,True,True,True,False,True,True,True
ANDE,"The Andersons, Inc. - Common Stock",71.88,73.7,2442163972.0,24919704,90.7,-12.5,5,7,False,False,False,True,True,True,False,True,True,True,True
PFG,Principal Financial Group Inc - Common Stock,114.96,73.7,24613469529.0,154017962,47.6,-5.1,5,8,True,False,False,True,True,True,True,True,True,True,True
RGA,"Reinsurance Group of America, Incorporated Common Stock",247.45,73.7,16158897004.0,83292529,38.9,-4.0,5,8,True,False,False,True,True,True,True,True,True,True,True
ASYS,"Amtech Systems, Inc. - Common Stock",15.06,73.6,263672001.0,6685359,123.1,-41.4,5,4,False,False,False,False,True,True,False,False,True,False,True
WCC,"WESCO International, Inc. Common Stock",344.0,73.6,16764101776.0,220054170,69.1,-10.7,5,8,True,False,False,True,True,True,True,True,True,True,True
MFC,Manulife Financial Corporation Common Stock,43.48,73.5,72563359549.0,97339656,42.5,-4.1,5,8,True,False,False,True,True,True,True,True,True,True,True
RIO,Rio Tinto Plc Common Stock,99.39,73.5,124837674864.0,240691065,61.0,-11.7,5,8,True,False,False,True,True,True,True,True,True,True,True
QRVO,"Qorvo, Inc. - Common Stock",112.36,73.4,9912582684.0,104869580,50.0,-1.7,1,8,True,True,False,True,True,True,True,True,True,True,True
BBY,"Best Buy Co., Inc. Common Stock",88.09,73.4,18474912917.0,314725019,59.9,-3.5,3,8,True,False,False,True,True,True,True,True,True,True,True
SII,Sprott Inc. Common Shares,126.34,73.4,3259572000.0,21737837,84.6,-25.5,5,5,False,False,False,False,True,True,False,True,True,False,True
KLAC,KLA Corporation  - Common Stock,177.18,73.3,231493959012.0,2301742604,93.7,-42.4,5,5,False,False,False,False,True,True,True,False,True,False,True
MSM,"MSC Industrial Direct Company, Inc. Common Stock",119.68,73.3,6683684945.0,85432502,51.9,-8.3,5,7,False,False,False,True,True,True,True,False,True,True,True
ITIC,Investors Title Company - Common Stock,301.32,73.2,568890955.0,18343821,43.7,-2.7,5,8,True,False,False,True,True,True,True,True,True,True,True
SAIC,Science Applications International Corporation - Common Stock,128.76,73.2,5394739483.0,55559501,58.8,-9.7,3,8,True,False,False,True,True,True,True,True,True,True,True
CRBG,Corebridge Financial Inc. Common Stock,34.18,73.2,15236504802.0,130098321,54.0,-1.8,2,6,False,False,False,True,False,True,False,True,True,True,True
SBSW,D/B/A Sibanye-Stillwater Limited ADS,12.57,73.1,8895057627.0,53544291,59.7,-41.0,1,5,False,False,False,True,False,True,False,True,True,False,True
SNDA,"Sonida Senior Living, Inc. Common Stock",39.78,73.1,1911349042.0,19281969,59.4,-10.4,5,7,False,False,False,True,True,True,True,False,True,True,True
CSX,CSX Corporation - Common Stock,49.04,73.0,90845369930.0,572765121,54.2,-8.5,5,7,False,False,False,True,True,True,True,False,True,True,True
GPN,Global Payments Inc. Common Stock,88.55,73.0,23431958435.0,258012750,44.8,-7.6,1,6,False,False,False,True,False,True,False,True,True,True,True
FFIV,"F5, Inc. - Common Stock",398.48,72.9,22564799483.0,236293595,78.1,-8.4,5,7,False,False,False,True,True,True,True,False,True,True,True
IPI,"Intrepid Potash, Inc Common Stock",40.28,72.9,542034829.0,7184042,78.6,-20.0,5,7,False,False,False,True,True,True,False,True,True,True,True
SA,"Seabridge Gold, Inc. Common Shares New",30.95,72.9,3338614135.0,19735686,79.1,-22.7,5,6,False,False,False,True,False,True,False,True,True,True,True
PEBO,Peoples Bancorp Inc. - Common Stock,39.76,72.8,1429066444.0,11200944,44.6,-6.0,5,7,False,False,False,True,True,True,True,False,True,True,True
DB,Deutsche Bank AG Common Stock,40.35,72.8,75914490000.0,69468212,43.5,-3.1,2,6,False,False,False,True,False,True,False,True,True,True,True
CCSI,"Consensus Cloud Solutions, Inc. - Common Stock",36.26,72.7,664461672.0,5853804,79.5,-12.4,5,7,False,False,False,True,True,True,True,False,True,True,True
GEV,GE Vernova Inc. Common Stock,923.91,72.7,246068258822.0,2427316724,74.3,-22.7,5,6,False,False,False,False,True,True,True,False,True,True,True
IMO,Imperial Oil Limited Common Stock,130.81,72.7,63258800330.0,67261273,57.1,-6.2,5,8,True,False,False,True,True,True,True,True,True,True,True
JNJ,Johnson & Johnson Common Stock,266.35,72.6,641876491311.0,1868825138,53.7,-5.2,5,8,True,False,False,True,True,True,True,True,True,True,True
NP,Neptune Insurance Holdings Inc. Class A Common Stock,31.14,72.6,4273438423.0,19456624,110.7,-11.4,1,7,False,False,False,True,True,True,True,False,True,True,True
REGN,"Regeneron Pharmaceuticals, Inc. - Common Stock",793.26,72.5,81670073781.0,553158000,46.6,-7.7,5,6,False,False,False,True,False,True,False,True,True,True,True
TARS,"Tarsus Pharmaceuticals, Inc. - Common Stock",81.12,72.5,3559788636.0,69502693,68.3,-11.4,1,6,False,False,False,True,False,True,False,True,True,True,True
DBX,"Dropbox, Inc. - Class A Common Stock",35.05,72.4,7911110439.0,126382336,61.6,-3.6,2,8,True,False,False,True,True,True,True,True,True,True,True
CPAY,"Corpay, Inc. Common Stock",408.47,72.4,26819976404.0,193751596,61.6,-4.4,4,8,True,False,False,True,True,True,True,True,True,True,True
NPK,"National Presto Industries, Inc. Common Stock",147.97,72.4,1055923834.0,12362241,62.1,-6.4,5,8,True,False,False,True,True,True,True,True,True,True,True
AMR,"Alpha Metallurgical Resources, Inc. Common Stock",217.73,72.3,2760608468.0,54709732,62.9,-14.2,1,6,False,False,False,True,False,True,False,True,True,True,True
NTR,Nutrien Ltd. Common Shares,78.74,72.3,37949706226.0,180759757,48.5,-7.8,5,7,False,False,False,True,True,True,False,True,True,True,True
ACT,"Enact Holdings, Inc. - Common Stock",49.5,72.2,6805441715.0,16934279,42.9,-2.1,5,8,True,False,False,True,True,True,True,True,True,True,True
CSCO,"Cisco Systems, Inc. - Common Stock",107.44,72.2,423591533635.0,2267630796,62.5,-17.6,5,7,False,False,False,True,True,True,True,False,True,True,True
SLF,Sun Life Financial Inc. Common Stock,79.56,72.2,44304163806.0,67396162,39.0,-5.7,5,7,False,False,False,True,True,True,True,False,True,True,True
IBKR,"Interactive Brokers Group, Inc. - Class A Common Stock",89.42,72.1,40514250051.0,394317171,51.7,-9.4,5,7,False,False,False,True,True,True,True,False,True,True,True
AMG,"Affiliated Managers Group, Inc. Common Stock",354.53,72.1,9168122046.0,95493964,54.1,-9.8,5,7,False,False,False,True,True,True,True,False,True,True,True
FSBC,Five Star Bancorp - Common Stock,46.49,72.0,1140707185.0,8405042,51.5,-7.5,5,7,False,False,False,True,True,True,True,False,True,True,True
TENB,"Tenable Holdings, Inc. - Common Stock",32.03,72.0,3527783655.0,138964817,103.6,-26.7,3,6,False,False,False,True,True,True,True,False,True,False,True
MTCH,"Match Group, Inc. - Common Stock",41.82,71.9,9599822193.0,121838147,45.2,-3.8,2,8,True,False,False,True,True,True,True,True,True,True,True
BWA,BorgWarner Inc. Common Stock,65.69,71.9,13378842794.0,137830107,62.2,-16.7,5,8,True,False,False,True,True,True,True,True,True,True,True
PKE,Park Aerospace Corp. Common Stock,30.71,71.9,667979690.0,9121910,68.8,-23.0,5,6,False,False,False,False,True,True,True,False,True,True,True
AVNT,Avient Corporation Common Stock,41.72,71.8,3826539626.0,33208429,51.8,-10.5,5,8,True,False,False,True,True,True,True,True,True,True,True
NOV,NOV Inc. Common Stock,21.32,71.8,7600113625.0,65536102,73.5,-2.8,5,8,True,False,False,True,True,True,True,True,True,True,True
ASND,Ascendis Pharma A/S - Ordinary Share,261.23,71.7,17155831979.0,137937076,40.4,-7.4,5,8,True,False,False,True,True,True,True,True,True,True,True
LSCC,Lattice Semiconductor Corporation - Common Stock,114.14,71.7,16211335246.0,210341170,88.7,-27.3,5,5,False,False,False,False,True,True,True,False,True,False,True
FDX,FedEx Corporation Common Stock,311.8,71.7,73793841633.0,491925768,74.0,-9.7,5,7,False,False,False,True,True,True,True,False,True,True,True
ALSN,"Allison Transmission Holdings, Inc. Common Stock",127.54,71.6,10532002967.0,131642687,67.8,-7.3,5,8,True,False,False,True,True,True,True,True,True,True,True
MET,"MetLife, Inc. Common Stock",96.78,71.6,61501456995.0,323707440,43.7,-4.1,4,8,True,False,False,True,True,True,True,True,True,True,True
RGLD,"Royal Gold, Inc. - Common Stock",253.98,71.5,21519181121.0,154142358,50.4,-17.1,5,7,False,False,False,True,True,True,False,True,True,True,True
WST,"West Pharmaceutical Services, Inc. Common Stock",344.25,71.5,24226856069.0,220750352,53.8,-10.8,5,7,False,False,False,True,True,True,True,False,True,True,True
BGC,"BGC Group, Inc. - Class A Common Stock",12.22,71.4,5810200899.0,29677264,47.8,-5.2,5,8,True,False,False,True,True,True,True,True,True,True,True
GPRE,"Green Plains, Inc. - Common Stock",15.34,71.4,1075262332.0,23364231,77.3,-21.9,5,6,False,False,False,False,True,True,True,False,True,True,True
XENE,Xenon Pharmaceuticals Inc. - Common Shares,58.8,71.4,5694217402.0,58404937,65.2,-19.1,5,7,False,False,False,True,True,True,True,False,True,True,True
ASH,Ashland Inc. Common Stock,70.7,71.3,3237591259.0,47804696,52.7,-9.6,5,8,True,False,False,True,True,True,True,True,True,True,True
OFG,OFG Bancorp Common Stock,52.56,71.3,2221474365.0,13849211,47.2,-3.5,5,8,True,False,False,True,True,True,True,True,True,True,True
TTE,TotalEnergies SE Ordinary Shares,91.23,71.2,199051252379.0,135947170,59.0,-3.1,5,7,False,False,False,True,True,True,False,True,True,True,True
WLY,"John Wiley & Sons, Inc. Common Stock",47.24,71.2,2394308853.0,25755331,66.5,-17.8,4,7,False,False,False,True,True,True,True,False,True,True,True
MBWM,Mercantile Bank Corporation - Common Stock,61.3,71.1,1059627448.0,7096614,43.4,-1.7,5,8,True,False,False,True,True,True,True,True,True,True,True
FIGS,"FIGS, Inc. Class A Common Stock",12.95,71.1,2151516134.0,36679409,99.2,-25.9,5,5,False,False,False,False,True,True,False,True,True,False,True
LXFR,Luxfer Holdings PLC Ordinary Shares,17.28,71.1,462399684.0,5806000,53.5,-11.2,5,8,True,False,False,True,True,True,True,True,True,True,True
SDGR,"Schrodinger, Inc. - Common Stock",18.8,71.0,1406345806.0,18458478,71.8,-18.3,1,6,False,False,False,True,False,True,False,True,True,True,True
OXY,Occidental Petroleum Corporation Common Stock,61.16,71.0,61137821610.0,468992324,57.6,-9.3,5,8,True,False,False,True,True,True,True,True,True,True,True
BPOP,"Popular, Inc. - Common Stock",163.96,70.9,10457123024.0,80084434,50.8,-8.5,5,7,False,False,False,True,True,True,True,False,True,True,True
BMO,Bank Of Montreal Common Stock,173.69,70.9,120730570645.0,144137256,44.9,-7.2,5,7,False,False,False,True,True,True,True,False,True,True,True
BY,"Byline Bancorp, Inc. Common Stock",38.38,70.9,1734254800.0,10766048,50.1,-4.1,5,8,True,False,False,True,True,True,True,True,True,True,True
CMCO,Columbus McKinnon Corporation - Common Stock,17.22,70.8,497042282.0,10275757,43.6,-29.4,2,5,False,False,False,True,False,True,False,True,True,False,True
ELV,"Elevance Health, Inc. Common Stock",416.54,70.8,90334734057.0,489217085,51.6,-4.5,4,8,True,False,False,True,True,True,True,True,True,True,True
AXSM,"Axsome Therapeutics, Inc. - Common Stock",211.115,70.7,11058376392.0,151229357,87.0,-18.9,5,7,False,False,False,True,True,True,True,False,True,True,True
CVLG,"Covenant Logistics Group, Inc. Class A Common Stock",35.27,70.7,895074230.0,8032177,95.9,-29.3,5,6,False,False,False,True,True,True,True,False,True,False,True
FANG,"Diamondback Energy, Inc. - Common Stock",205.39,70.6,57514201863.0,375413000,52.9,-5.3,5,8,True,False,False,True,True,True,True,True,True,True,True
FNV,Franco-Nevada Corporation,260.66,70.6,50274487315.0,183496317,43.6,-8.8,5,7,False,False,False,True,True,True,False,True,True,True,True
IFF,"International Flavors & Fragrances, Inc. Common Stock",84.05,70.6,21445354390.0,138159574,42.1,-5.9,4,8,True,False,False,True,True,True,True,True,True,True,True
HOPE,"Hope Bancorp, Inc. - Common Stock",13.95,70.5,1781998612.0,13182540,42.3,-4.4,5,8,True,False,False,True,True,True,True,True,True,True,True
NKTR,Nektar Therapeutics - Common Stock,70.65,70.5,2412202526.0,50498515,111.5,-35.2,5,5,False,False,False,False,True,True,True,False,True,False,True
MTDR,Matador Resources Company Common Stock,61.62,70.4,7625734790.0,104692739,65.9,-7.8,5,7,False,False,False,True,True,True,False,True,True,True,True
THG,Hanover Insurance Group Inc,224.01,70.4,7800077706.0,66949843,34.5,-5.1,5,8,True,False,False,True,True,True,True,True,True,True,True
WAB,Westinghouse Air Brake Technologies Corporation Common Stock,280.27,70.4,47340644210.0,262767245,52.1,-8.6,5,7,False,False,False,True,True,True,True,False,True,True,True
DCOM,"Dime Commercial Bancshares, Inc. Common Stock",40.51,70.3,1788783663.0,11878752,58.1,-3.5,5,8,True,False,False,True,True,True,True,True,True,True,True
DVN,Devon Energy Corporation Common Stock,50.02,70.3,55022000000.0,486023484,58.9,-5.1,5,7,False,False,False,True,True,True,False,True,True,True,True
CCNE,CNB Financial Corporation - Common Stock,34.47,70.2,1021031906.0,5228652,51.2,-4.7,5,8,True,False,False,True,True,True,True,True,True,True,True
AIZ,"Assurant, Inc. Common Stock",280.97,70.2,13858498814.0,97312726,37.1,-7.6,5,8,True,False,False,True,True,True,True,True,True,True,True
CFR,"Cullen/Frost Bankers, Inc. Common Stock",162.66,70.1,10109121368.0,90199894,36.7,-4.8,5,8,True,False,False,True,True,True,True,True,True,True,True
ODC,Oil-Dri Corporation Of America Common Stock,86.2,70.1,1248894477.0,11584741,89.0,-19.4,5,7,False,False,False,True,True,True,True,False,True,True,True
VPG,"Vishay Precision Group, Inc. Common Stock",61.72,70.1,822136940.0,47440301,115.0,-59.3,5,5,False,False,False,False,True,True,True,False,True,False,True
FMBH,"First Mid Bancshares, Inc. - Common Stock",50.85,70.0,1352707225.0,6389023,48.9,-4.7,5,8,True,False,False,True,True,True,True,True,True,True,True
NMAX,"Newsmax, Inc. Class B Common Stock",10.98,70.0,1418183882.0,9699488,114.9,-19.3,1,6,False,False,False,True,False,True,False,True,True,True,True
C,"Citigroup, Inc. Common Stock",138.5,69.9,232324994446.0,1390674726,47.9,-6.4,5,7,False,False,False,True,True,True,True,True,True,True,False
EQH,"Equitable Holdings, Inc. Common Stock",52.6,69.9,14361649258.0,133667745,49.5,-4.6,1,5,False,False,False,True,False,True,False,True,True,True,False
NE,Noble Corporation plc A Ordinary Shares,45.74,69.9,7302035051.0,58843612,71.3,-16.8,5,6,False,False,False,True,True,True,False,True,True,True,False
DOCU,"DocuSign, Inc. - Common Stock",65.8,69.8,12298181342.0,185552089,63.8,-24.1,0,4,False,False,False,True,False,False,False,True,True,True,False
WRLD,World Acceptance Corporation - Common Stock,190.0,69.8,886004200.0,20612604,72.7,-16.5,3,6,False,False,False,True,True,True,True,False,True,True,False
ZYME,Zymeworks Inc. - Common Stock,26.435,69.7,1875807536.0,15096092,77.7,-15.7,5,7,False,False,False,True,True,True,True,True,True,True,False
CRS,Carpenter Technology Corporation Common Stock,448.25,69.7,22214627210.0,372073040,96.6,-28.4,5,4,False,False,False,False,True,True,True,False,True,False,False
THFF,First Financial Corporation  - Common Stock,77.8,69.6,925189509.0,8012742,51.9,-7.6,5,6,False,False,False,True,True,True,True,False,True,True,False
WSBC,"WesBanco, Inc. - Common Stock",40.25,69.6,3860212032.0,37348106,36.1,-6.4,5,6,False,False,False,True,True,True,True,False,True,True,False
BMY,Bristol-Myers Squibb Company Common Stock,63.75,69.6,130223059320.0,649476763,49.9,-7.1,5,7,False,False,False,True,True,True,True,True,True,True,False
TFSL,TFS Financial Corporation - Common Stock,17.08,69.5,4789962255.0,15355156,36.2,-12.4,5,6,False,False,False,True,True,True,True,False,True,True,False
BSAC,Banco Santander - Chile ADS,35.27,69.5,16616237231.0,10254446,38.3,-6.5,5,7,False,False,False,True,True,True,True,True,True,True,False
NWBI,"Northwest Bancshares, Inc. - Common Stock",15.49,69.4,2268651800.0,14915446,37.7,-4.1,5,7,False,False,False,True,True,True,True,True,True,True,False
PRSU,"Pursuit Attractions and Hospitality, Inc. Common Stock",48.12,69.4,1311951139.0,11485435,50.2,-14.9,5,6,False,False,False,True,True,True,True,False,True,True,False
RY,Royal Bank Of Canada Common Stock,205.98,69.4,285164849998.0,281282493,43.9,-5.8,5,6,False,False,False,True,True,True,True,False,True,True,False
IFS,Intercorp Financial Services Inc. Common Shares,54.67,69.3,6035442532.0,12882538,42.8,-10.9,5,6,False,False,False,True,True,True,True,False,True,True,False
TRIN,Trinity Capital Inc. Common Stock,17.82,69.3,1687439489.0,18182808,26.1,-5.7,5,6,False,False,False,True,True,True,True,True,False,True,False
BELFB,Bel Fuse Inc. - Class B Common Stock,243.0,69.2,3508786350.0,62721312,87.0,-27.5,5,4,False,False,False,False,True,True,True,False,True,False,False
NIC,Nicolet Bankshares Inc. Common Stock,170.25,69.2,3568016588.0,30521352,49.2,-5.4,5,6,False,False,False,True,True,True,True,False,True,True,False
APPN,Appian Corporation - Class A Common Stock,34.07,69.1,2440352230.0,26538049,82.9,-26.0,1,4,False,False,False,True,False,True,False,True,True,False,False
APLE,"Apple Hospitality REIT, Inc. Common Shares",15.56,69.1,3673446781.0,44800891,43.4,-10.0,5,6,False,False,False,True,True,True,True,False,True,True,False
RHP,"Ryman Hospitality Properties, Inc. (REIT)",122.35,69.1,8440113484.0,89749165,46.0,-11.0,5,6,False,False,False,True,True,True,True,False,True,True,False
EXPE,"Expedia Group, Inc. - Common Stock",276.88,69.0,31701622300.0,469214098,49.4,-19.0,5,4,False,False,False,True,False,True,False,False,True,True,False
GPC,Genuine Parts Company Common Stock,134.16,69.0,18495265133.0,194746125,47.8,-11.5,1,5,False,False,False,True,False,True,False,True,True,True,False
AAPL,Apple Inc. - Common Stock,326.57,68.9,4766021362600.0,15471308937,44.5,-5.2,5,7,False,False,False,True,True,True,True,True,True,True,False
MAMA,"Mama's Creations, Inc. - Common Stock",15.02,68.9,708154984.0,10424913,63.4,-28.5,5,4,False,False,False,False,True,True,True,False,True,False,False
PTRN,Pattern Group Inc. - Series A Common Stock,19.86,68.9,3523145908.0,42246411,122.6,-33.4,2,5,False,False,False,True,True,True,True,False,True,False,False
GSBC,"Great Southern Bancorp, Inc. - Common Stock",79.92,68.8,870928759.0,8165686,48.7,-3.6,5,7,False,False,False,True,True,True,True,True,True,True,False
NDSN,Nordson Corporation - Common Stock,307.45,68.8,17124770077.0,114274215,39.5,-9.3,5,7,False,False,False,True,True,True,True,True,True,True,False
UVSP,Univest Financial Corporation - Common Stock,42.57,68.7,1174113294.0,9854678,51.8,-6.4,5,6,False,False,False,True,True,True,True,False,True,True,False
BOX,"Box, Inc. Class A Common Stock",34.12,68.7,4681290375.0,93253272,59.9,-6.1,1,5,False,False,False,True,False,True,False,True,True,True,False
BP,BP p.l.c. Common Stock,46.08,68.6,120634232878.0,370287872,40.8,-4.5,5,7,False,False,False,True,True,True,True,True,True,True,False
CAH,"Cardinal Health, Inc. Common Stock",236.02,68.6,54892523323.0,457387564,61.8,-8.6,5,7,False,False,False,True,True,True,True,True,True,True,False
DT,"Dynatrace, Inc. Common Stock",51.42,68.6,14860489422.0,281164051,62.5,-6.2,1,5,False,False,False,True,False,True,False,True,True,True,False
BAC,Bank of America Corporation Common Stock,62.56,68.5,437466337714.0,1909609857,35.6,-4.1,5,7,False,False,False,True,True,True,True,True,True,True,False
UNF,Unifirst Corporation Common Stock,270.77,68.5,4896651523.0,52577659,83.4,-11.7,5,6,False,False,False,True,True,True,True,False,True,True,False
ALL,Allstate Corporation (The) Common Stock,251.79,68.4,63667103231.0,424829524,33.9,-9.2,5,6,False,False,False,True,True,True,True,False,True,True,False
GRMN,Garmin Ltd. Common Stock (Switzerland),272.2,68.4,52494460299.0,248617628,45.8,-13.4,5,6,False,False,False,True,True,True,True,False,True,True,False
MS,Morgan Stanley Common Stock,212.66,68.4,333996627657.0,1045197310,40.4,-8.4,5,6,False,False,False,True,True,True,True,False,True,True,False
TXN,Texas Instruments Incorporated - Common Stock,258.82,68.3,236366766091.0,1890224777,69.5,-22.5,5,6,False,False,False,True,True,True,True,False,True,True,False
BAX,Baxter International Inc. Common Stock,24.18,68.3,12500963256.0,157198146,53.7,-19.4,2,6,False,False,False,True,True,True,True,False,True,True,False
GNW,Genworth Financial Inc Common Stock,10.47,68.2,3956100357.0,28651940,33.5,-2.1,5,7,False,False,False,True,True,True,True,True,True,True,False
RS,"Reliance, Inc. Common Stock",392.4,68.2,20033807382.0,132180058,50.7,-9.4,5,6,False,False,False,True,True,True,True,False,True,True,False
SIRI,SiriusXM Holdings Inc. - Common Stock,28.875,68.1,9732806478.0,116026567,46.1,-11.6,5,6,False,False,False,True,True,True,True,False,True,True,False
TMO,Thermo Fisher Scientific Inc Common Stock,603.18,68.1,223024167969.0,1109461557,38.6,-6.8,3,5,False,False,False,True,False,True,False,True,True,True,False
UNM,Unum Group Common Stock,94.31,68.1,14929914119.0,126700445,36.6,-2.5,4,7,False,False,False,True,True,True,True,True,True,True,False
BIIB,Biogen Inc. - Common Stock,215.43,68.0,31830643789.0,219436189,59.1,-4.6,5,7,False,False,False,True,True,True,True,True,True,True,False
CM,Canadian Imperial Bank of Commerce Common Stock,114.47,68.0,103933739117.0,132664278,46.5,-8.3,5,6,False,False,False,True,True,True,True,False,True,True,False
GEN,Gen Digital Inc. - Common Stock,29.965,67.9,17936660414.0,141519821,68.5,-5.3,1,5,False,False,False,True,False,True,False,True,True,True,False
FCF,First Commonwealth Financial Corporation Common Stock,21.25,67.9,2147438406.0,16091696,41.7,-4.9,5,7,False,False,False,True,True,True,True,True,True,True,False
SWK,"Stanley Black & Decker, Inc. Common Stock",89.23,67.9,13475214876.0,165939218,44.2,-14.8,5,6,False,False,False,True,True,True,True,False,True,True,False
FLR,Fluor Corporation Common Stock,53.55,67.8,7161834138.0,126196315,36.2,-8.2,3,7,False,False,False,True,True,True,True,True,True,True,False
GRND,Grindr Inc. Common Stock,15.38,67.8,2673361243.0,25823175,58.0,-16.9,2,6,False,False,False,True,True,True,True,False,True,True,False
DLO,DLocal Limited - Class A Common Shares,14.92,67.7,4400384784.0,36380340,40.2,-11.1,2,5,False,False,False,True,False,True,False,True,True,True,False
ETSY,"Etsy, Inc. Common Stock",71.59,67.7,6570655339.0,236822095,62.7,-18.6,5,6,False,False,False,True,True,True,True,False,True,True,False
SLP,"Simulations Plus, Inc. - Common Stock",18.42,67.6,372541516.0,5708143,66.1,-12.3,4,5,False,False,False,True,False,True,False,True,True,True,False
CLH,"Clean Harbors, Inc. Common Stock",320.94,67.6,16941539373.0,138933463,59.4,-4.5,5,7,False,False,False,True,True,True,True,True,True,True,False
GHM,Graham Corporation Common Stock,85.49,67.6,1003398951.0,21524958,82.4,-32.1,5,4,False,False,False,False,True,True,True,False,True,False,False
HTO,H2O America  - Common Stock,63.03,67.5,2638234356.0,26969084,44.1,-6.1,5,7,False,False,False,True,True,True,True,True,True,True,False
PSMT,"PriceSmart, Inc. - Common Stock",169.51,67.5,5231167423.0,47510480,56.1,-15.2,5,6,False,False,False,True,True,True,True,False,True,True,False
ACAD,ACADIA Pharmaceuticals Inc. - Common Stock,27.74,67.4,4779755069.0,42946116,40.9,-10.4,2,5,False,False,False,True,False,True,False,True,True,True,False
STRO,"Sutro Biopharma, Inc. - Common Stock",17.83,67.4,295642279.0,6767508,149.4,-59.3,5,3,False,False,False,False,True,True,False,False,True,False,False
CFG,"Citizens Financial Group, Inc. Common Stock",69.63,67.4,29326539748.0,279983824,45.2,-7.6,5,6,False,False,False,True,True,True,True,False,True,True,False
CALY,Callaway Golf Company Common Stock,15.29,67.3,2729425866.0,31605277,82.2,-24.6,5,5,False,False,False,False,True,True,True,False,True,True,False
CRM,"Salesforce, Inc. Common Stock",243.0,67.3,199989000000.0,2875156420,66.1,-9.7,0,4,False,False,False,True,False,False,False,True,True,True,False
JCAP,"Jefferson Capital, Inc. - Common Stock",21.2,67.2,1217421363.0,7014586,36.8,-13.3,2,5,False,False,False,True,False,True,False,True,True,True,False
CHE,Chemed Corp,514.4,67.2,6723187938.0,82293212,40.9,-7.6,2,6,False,False,False,True,True,True,True,False,True,True,False
CECO,CECO Environmental Corp. - Common Stock,75.39,67.1,4415579484.0,62094404,76.1,-25.5,5,6,False,False,False,True,True,True,True,True,True,False,False
DGX,Quest Diagnostics Incorporated Common Stock,231.14,67.1,25511698430.0,218311657,35.0,-6.5,5,7,False,False,False,True,True,True,True,True,True,True,False
OGC,OceanaGold Corporation Common Shares,30.01,67.1,6728782870.0,13213560,55.3,-30.7,5,4,False,False,False,False,True,True,False,True,True,False,False
MIRM,"Mirum Pharmaceuticals, Inc. - common stock",100.61,67.0,6532828944.0,68080541,59.1,-22.6,5,5,False,False,False,False,True,True,True,False,True,True,False
STBA,"S&T Bancorp, Inc. - Common Stock",50.13,67.0,1767859114.0,12321187,45.8,-6.3,5,6,False,False,False,True,True,True,True,False,True,True,False
OKE,"ONEOK, Inc. Common Stock",95.72,66.9,60338984525.0,322219930,49.5,-4.1,5,7,False,False,False,True,True,True,True,True,True,True,False
PUMP,ProPetro Holding Corp. Common Stock,11.5,66.9,1412475046.0,44431605,153.9,-37.8,5,3,False,False,False,False,True,True,False,False,True,False,False
HRMY,"Harmony Biosciences Holdings, Inc. - Common Stock",41.1,66.8,2393515752.0,31108806,61.1,-5.5,2,5,False,False,False,True,False,True,False,True,True,True,False
AMP,"Ameriprise Financial, Inc. Common Stock",553.53,66.8,49760732907.0,273035147,31.1,-3.3,2,5,False,False,False,True,False,True,False,True,True,True,False
LNG,"Cheniere Energy, Inc. Common Stock",277.84,66.8,57383450459.0,494948751,49.2,-7.7,5,7,False,False,False,True,True,True,True,True,True,True,False
RUSHB,"Rush Enterprises, Inc. - Class B Common Stock",49.21,66.7,5744300868.0,6276876,54.7,-9.5,5,6,False,False,False,True,True,True,True,False,True,True,False
VRT,"Vertiv Holdings, LLC Class A Common Stock",248.13,66.7,95527115366.0,1465404354,87.0,-34.7,5,3,False,False,False,False,True,True,False,False,True,False,False
FLNG,FLEX LNG Ltd. Ordinary Shares,31.61,66.6,1709860005.0,11106465,31.7,-5.4,5,7,False,False,False,True,True,True,True,True,True,True,False
LAD,"Lithia Motors, Inc. Common Stock",366.15,66.6,8049117923.0,100845648,52.7,-16.7,2,5,False,False,False,True,False,True,False,True,True,True,False
RAMP,"LiveRamp Holdings, Inc. Common Stock",37.75,66.6,2295010571.0,35581920,73.9,-1.3,4,6,False,False,False,True,True,True,True,False,True,True,False
USB,U.S. Bancorp Common Stock,62.41,66.5,97237990745.0,444690142,38.6,-5.6,5,6,False,False,False,True,True,True,True,False,True,True,False
WELL,Welltower Inc. Common Stock,235.71,66.5,169886792400.0,681406738,43.9,-7.6,5,6,False,False,False,True,True,True,True,False,True,True,False
CSTM,Constellium SE Ordinary Shares (France),25.99,66.4,3522365651.0,44418512,91.1,-29.7,5,3,False,False,False,False,True,True,False,False,True,False,False
MGA,"Magna International, Inc. Common Stock",65.14,66.4,17291696098.0,84842472,51.1,-11.0,5,6,False,False,False,True,True,True,True,False,True,True,False
AVTX,"Avalo Therapeutics, Inc. - Common Stock",17.18,66.3,921363211.0,16780625,80.1,-29.2,5,3,False,False,False,True,False,True,False,False,True,False,False
MUR,Murphy Oil Corporation Common Stock,38.83,66.3,5567489084.0,58616056,56.6,-10.4,5,6,False,False,False,True,True,True,False,True,True,True,False
SQM,Sociedad Quimica y Minera S.A. Common Stock,72.49,66.3,20705884702.0,69700610,78.6,-26.0,5,4,False,False,False,False,True,True,False,True,True,False,False
GABC,"German American Bancorp, Inc. - Common Stock",49.7,66.2,1867666758.0,7150679,33.6,-4.8,5,7,False,False,False,True,True,True,True,True,True,True,False
MEDP,"Medpace Holdings, Inc. - Common Stock",583.16,66.2,16276960730.0,163400750,56.3,-14.0,3,5,False,False,False,True,False,True,False,True,True,True,False
SRPT,"Sarepta Therapeutics, Inc. - Common Stock",20.52,66.1,2167466471.0,58859217,39.8,-19.0,1,5,False,False,False,True,False,True,False,True,True,True,False
KNX,Knight-Swift Transportation Holdings Inc.,69.03,66.1,11235046680.0,248425718,78.7,-16.7,5,6,False,False,False,True,True,True,True,False,True,True,False
PWR,"Quanta Services, Inc. Common Stock",618.73,66.1,91157354161.0,695949444,65.7,-21.6,5,5,False,False,False,False,True,True,True,False,True,True,False
IOSP,Innospec Inc. - Common Stock,93.08,66.0,2292657855.0,14135060,42.1,-3.7,3,7,False,False,False,True,True,True,True,True,True,True,False
MPTI,"M-tron Industries, Inc. Common Stock",77.03,66.0,334809046.0,16556396,76.9,-26.5,5,5,False,False,False,True,True,True,True,False,True,False,False
CATY,Cathay General Bancorp - Common Stock,62.04,65.9,4138925393.0,27940157,39.2,-4.9,5,6,False,False,False,True,True,True,True,False,True,True,False
WBI,WaterBridge Infrastructure LLC Class A Shares Representing Limited Liability Company Interests,32.72,65.9,4039487158.0,20824206,75.5,-11.3,2,6,False,False,False,True,True,True,True,False,True,True,False
BUSE,First Busey Corporation - Common Stock,30.38,65.8,2508687923.0,22751041,38.1,-4.2,5,7,False,False,False,True,True,True,True,True,True,True,False
NTCT,"NetScout Systems, Inc. - Common Stock",37.44,65.8,2722161761.0,23602769,50.7,-17.3,5,6,False,False,False,True,True,True,True,False,True,True,False
HRB,"H&R Block, Inc. Common Stock",44.88,65.8,5532174579.0,98741149,59.4,-23.5,1,4,False,False,False,True,False,True,False,False,True,True,False
AEM,Agnico Eagle Mines Limited Common Stock,196.68,65.7,99827097087.0,523767976,46.4,-22.9,1,6,False,False,False,True,True,True,False,True,True,True,False
GM,General Motors Company Common Stock,86.12,65.7,75566126711.0,524944675,58.5,-6.2,5,5,False,False,False,True,False,True,False,True,True,True,False
ARQQ,Arqit Quantum Inc. - Ordinary Shares,20.58,65.6,495784239.0,7517447,78.6,-66.8,0,3,False,False,False,True,False,False,False,True,True,False,False
DV,"DoubleVerify Holdings, Inc. Common Stock",13.37,65.6,2072174144.0,43523839,75.0,-5.5,2,5,False,False,False,True,False,True,False,True,True,True,False
VAL,Valaris Limited Common Shares,85.71,65.6,5951343018.0,84657470,83.5,-24.9,5,5,False,False,False,False,True,True,False,True,True,True,False
ASMB,"Assembly Biosciences, Inc. - Common Stock",30.46,65.5,620183754.0,7079995,50.6,-23.3,1,5,False,False,False,True,False,True,False,True,True,True,False
WTS,"Watts Water Technologies, Inc. Class A Common Stock",350.26,65.5,11692747093.0,75021447,34.7,-11.2,5,6,False,False,False,True,True,True,True,False,True,True,False
NBTB,NBT Bancorp Inc. - Common Stock,51.62,65.4,2682178349.0,17386288,31.7,-5.3,5,7,False,False,False,True,True,True,True,True,True,True,False
LION,Lionsgate Studios Corp Common Shares,11.15,65.4,3317790432.0,31030359,89.8,-33.2,5,4,False,False,False,False,True,True,True,False,True,False,False
TECX,"Tectonic Therapeutic, Inc. - Common Stock",28.61,65.3,559307361.0,7121065,98.8,-27.6,5,4,False,False,False,False,True,True,True,False,True,False,False
TILE,"Interface, Inc. - Common Stock",33.85,65.3,1956545571.0,16803859,38.7,-16.4,5,6,False,False,False,True,True,True,True,False,True,True,False
RNR,RenaissanceRe Holdings Ltd. Common Stock,326.53,65.3,13567939621.0,97235745,41.3,-4.0,5,7,False,False,False,True,True,True,True,True,True,True,False
SNDR,"Schneider National, Inc. Common Stock",34.02,65.2,5963736584.0,27782571,69.2,-13.4,5,6,False,False,False,True,True,True,True,False,True,True,False
TKR,Timken Company (The) Common Stock,118.16,65.2,8188114496.0,118694018,67.4,-19.3,5,5,False,False,False,False,True,True,True,False,True,True,False
CTNM,"Contineum Therapeutics, Inc. - Common stock",14.66,65.1,551525795.0,6103848,70.5,-17.6,5,6,False,False,False,True,True,True,True,False,True,True,False
BCH,Banco De Chile ADS,41.86,65.1,21142875095.0,11664501,43.8,-10.5,5,7,False,False,False,True,True,True,True,True,True,True,False
LTC,"LTC Properties, Inc. Common Stock",42.5,65.1,2290986428.0,22050239,26.3,-1.5,5,6,False,True,False,True,True,True,True,True,False,True,False
RBRK,"Rubrik, Inc. Class A Common Stock",88.91,65.0,18431437138.0,286734884,110.4,-17.6,1,5,False,False,False,True,False,True,False,True,True,True,False
XYZ,"Block, Inc. Class A Common Stock,",79.07,65.0,47504860650.0,374850452,64.0,-9.0,2,6,False,False,False,True,True,True,True,False,True,True,False
HELE,Helen of Troy Limited - Common Stock,26.5,64.9,617239617.0,12629194,91.3,-13.6,4,6,False,False,False,True,True,True,True,False,True,True,False
SFST,"Southern First Bancshares, Inc. - Common Stock",63.42,64.9,600698702.0,6560743,55.1,-2.6,5,7,False,False,False,True,True,True,True,True,True,True,False
GLNG,Golar LNG Limited - Common Shares,52.69,64.8,5352738531.0,60937731,50.5,-8.8,5,7,False,False,False,True,True,True,True,True,True,True,False
RIOT,"Riot Platforms, Inc. - Common Stock",20.95,64.8,7861674688.0,396504471,82.2,-30.9,5,6,False,False,False,True,True,True,True,True,True,False,False
B,Barrick Mining Corporation Common Shares,43.46,64.8,71530136850.0,406721475,53.1,-20.5,5,5,False,False,False,True,False,True,False,True,True,True,False
UBSI,"United Bankshares, Inc. - Common Stock",47.33,64.7,6446940985.0,42741707,38.8,-4.6,5,6,False,False,False,True,True,True,True,False,True,True,False
GFF,Griffon Corporation Common Stock,95.3,64.7,4316586435.0,30646119,46.6,-12.2,5,6,False,False,False,True,True,True,True,False,True,True,False
CYTK,"Cytokinetics, Incorporated - Common Stock",73.62,64.6,10234904033.0,143253693,55.9,-16.6,5,6,False,False,False,True,True,True,True,False,True,True,False
PGY,Pagaya Technologies Ltd. - Class A Ordinary Shares,20.3,64.6,1693544613.0,54399491,95.2,-54.9,0,3,False,False,False,True,False,False,False,True,True,False,False
LNC,Lincoln National Corporation Common Stock,43.56,64.6,8339445956.0,83686531,35.4,-8.6,2,5,False,False,False,True,False,True,False,True,True,True,False
MPB,Mid Penn Bancorp - Common Stock,37.01,64.5,937656307.0,5099266,39.3,-5.5,5,7,False,False,False,True,True,True,True,True,True,True,False
XP,XP Inc. - Class A Common Stock,19.97,64.5,10350689422.0,96917305,34.9,-13.7,0,5,False,False,False,True,True,False,False,True,True,True,False
AMGN,Amgen Inc. - Common Stock,382.47,64.4,206775522952.0,1010058789,41.8,-14.4,5,6,False,False,False,True,True,True,True,False,True,True,False
NTB,Bank of N.T. Butterfield & Son Limited (The) Voting Ordinary Shares,60.05,64.4,2402000000.0,10288084,47.9,-6.4,5,6,False,False,False,True,True,True,True,False,True,True,False
AWR,American States Water Company Common Stock,87.47,64.3,3466928206.0,22287717,25.9,-4.6,5,6,False,False,False,True,True,True,True,True,False,True,False
EOG,"EOG Resources, Inc. Common Stock",147.46,64.3,77347072293.0,417681156,45.2,-4.0,5,7,False,False,False,True,True,True,True,True,True,True,False
WAT,Waters Corporation Common Stock,401.64,64.3,39460371302.0,301627525,42.0,-5.8,4,5,False,False,False,True,False,True,False,True,True,True,False
PGNY,"Progyny, Inc. - Common Stock",27.08,64.2,2077761690.0,32654548,68.2,-18.1,4,4,False,False,False,True,False,True,False,False,True,True,False
BDX,"Becton, Dickinson and Company Common Stock",176.42,64.2,48054479256.0,301431455,38.3,-8.6,5,7,False,False,False,True,True,True,True,True,True,True,False
BCS,Barclays PLC Common Stock,26.21,64.1,88072635943.0,113761482,35.9,-8.6,5,6,False,False,False,True,True,True,True,False,True,True,False
BILL,"BILL Holdings, Inc. Common Stock",47.63,64.1,4061733127.0,107473764,51.6,-16.7,0,4,False,False,False,True,False,False,False,True,True,True,False
NVGS,Navigator Holdings Ltd. Ordinary Shares (Marshall Islands),22.99,64.1,1418482333.0,8768449,63.3,-5.6,5,7,False,False,False,True,True,True,True,True,True,True,False
AZTA,"Azenta, Inc. - Common Stock",30.18,64.0,1322137301.0,21629241,89.5,-27.7,1,4,False,False,False,True,False,True,False,True,True,False,False
GILD,"Gilead Sciences, Inc. - Common Stock",144.81,64.0,179557905996.0,867588345,33.5,-7.9,5,7,False,False,False,True,True,True,True,True,True,True,False
DXCM,"DexCom, Inc. - Common Stock",84.51,63.9,31890758250.0,381989861,56.2,-8.7,2,7,False,False,False,True,True,True,True,True,True,True,False
SKWD,"Skyward Specialty Insurance Group, Inc. - Common Stock",56.3,63.9,2499522556.0,30230357,38.7,-14.3,3,6,False,False,False,True,True,True,True,False,True,True,False
BFST,"Business First Bancshares, Inc. - Common Stock",31.45,63.8,1023693820.0,6843244,39.4,-3.3,5,7,False,False,False,True,True,True,True,True,True,True,False
HST,"Host Hotels & Resorts, Inc. - Common Stock",22.14,63.8,15168654194.0,214840980,41.8,-13.9,5,6,False,False,False,True,True,True,True,False,True,True,False
KEX,Kirby Corporation Common Stock,138.59,63.8,7317552000.0,72850252,74.3,-12.1,5,6,False,False,False,True,True,True,True,False,True,True,False
APH,Amphenol Corporation Common Stock,80.25,63.7,197893844849.0,1013371205,37.6,-10.1,5,6,False,False,False,True,True,True,True,False,True,True,False
SCHW,Charles Schwab Corporation (The) Common Stock,107.33,63.7,185609602184.0,837400441,27.8,-6.3,2,4,False,False,False,True,False,True,False,True,False,True,False
CPF,Central Pacific Financial Corp New,37.75,63.6,971965558.0,5564779,37.9,-7.9,5,6,False,False,False,True,True,True,True,False,True,True,False
JPM,JP Morgan Chase & Co. Common Stock,353.56,63.6,939828311104.0,2556913119,26.7,-3.5,5,6,False,False,False,True,True,True,True,True,False,True,False
NEU,NewMarket Corp Common Stock,880.61,63.6,8098447088.0,104670500,51.8,-10.3,2,7,False,False,False,True,True,True,True,True,True,True,False
EGBN,"Eagle Bancorp, Inc. - Common Stock",27.73,63.5,845320571.0,7185754,84.5,-5.3,5,7,False,False,False,True,True,True,True,True,True,True,False
FFBC,First Financial Bancorp. - Common Stock,32.53,63.5,3414639618.0,31041108,41.1,-10.3,5,6,False,False,False,True,True,True,True,False,True,True,False
NMIH,NMI Holdings Inc - Common Stock,44.19,63.4,3323876836.0,20272529,26.8,-5.5,2,6,False,False,False,True,True,True,True,True,False,True,False
UNP,Union Pacific Corporation Common Stock,285.78,63.4,169774895818.0,788857311,35.5,-9.6,5,6,False,False,False,True,True,True,True,False,True,True,False
BG,Bunge Limited Common Shares,124.59,63.3,23936121535.0,167226179,63.9,-7.6,5,6,False,False,False,True,True,True,False,True,True,True,False
CVS,CVS Health Corporation Common Stock,95.29,63.3,121873086462.0,737722834,37.1,-13.9,5,6,False,False,False,True,True,True,True,False,True,True,False
IEX,IDEX Corporation Common Stock,221.46,63.3,16326008168.0,146334463,40.0,-9.2,5,6,False,False,False,True,True,True,True,False,True,True,False
OUST,"Ouster, Inc. - Common Stock",35.23,63.2,2540517492.0,135746244,114.8,-44.8,5,5,False,False,False,True,True,True,True,False,True,False,False
RUSHA,"Rush Enterprises, Inc. - Class A Common Stock",48.19,63.2,5625235904.0,33280883,58.3,-13.5,5,6,False,False,False,True,True,True,True,False,True,True,False
DVA,DaVita Inc. Common Stock,181.33,63.1,11568854000.0,165788333,79.5,-26.7,5,4,False,False,False,False,True,True,True,False,True,False,False
EIG,Employers Holdings Inc Common Stock,49.17,63.1,883118080.0,8663531,37.6,-6.5,4,6,False,False,False,True,True,True,True,False,True,True,False
NBN,Northeast Bank - Common Stock,131.22,63.0,1066818600.0,14903501,62.5,-7.8,5,7,False,False,False,True,True,True,True,True,True,True,False
VRTX,Vertex Pharmaceuticals Incorporated - Common Stock,514.56,63.0,130420853053.0,655451573,37.5,-8.2,4,7,False,False,False,True,True,True,True,True,True,True,False
BCAT,BlackRock Capital Allocation Term Trust Common Shares of Beneficial Interest,15.91,63.0,1720427850.0,10521397,15.9,-1.8,5,6,False,False,False,True,True,True,True,True,False,True,False
CACC,Credit Acceptance Corporation - Common Stock,605.46,62.9,6285025967.0,74662130,50.6,-9.5,4,7,False,False,False,True,True,True,True,True,True,True,False
QCRH,"QCR Holdings, Inc. - Common Stock",101.93,62.9,1669166335.0,12021030,52.9,-5.7,5,7,False,False,False,True,True,True,True,True,True,True,False
SMBC,"Southern Missouri Bancorp, Inc. - Common Stock",73.23,62.8,806674731.0,7178195,53.8,-8.3,5,6,False,False,False,True,True,True,True,False,True,True,False
KO,Coca-Cola Company (The) Common Stock,87.83,62.8,377892900013.0,1380691794,34.4,-5.0,5,7,False,False,False,True,True,True,True,True,True,True,False
MTG,MGIC Investment Corporation Common Stock,30.84,62.8,6326050066.0,50067672,24.9,-3.3,2,4,False,False,False,True,False,True,False,True,False,True,False
VECO,Veeco Instruments Inc. - Common Stock,43.9,62.7,2683591196.0,43237175,79.0,-49.3,5,4,False,False,False,False,True,True,True,False,True,False,False
DAL,"Delta Air Lines, Inc. Common Stock",78.24,62.7,51452425867.0,488411922,42.2,-18.2,5,6,False,False,False,True,True,True,True,False,True,True,False
HOOD,"Robinhood Markets, Inc. - Class A Common Stock",113.33,62.6,101892993999.0,2217086407,78.4,-26.3,0,3,False,False,False,True,False,False,False,True,True,False,False
GS,"Goldman Sachs Group, Inc. (The) Common Stock",1019.77,62.6,296927866736.0,1961321448,37.8,-11.6,5,6,False,False,False,True,True,True,True,False,True,True,False
POWL,"Powell Industries, Inc. - Common Stock",176.89,62.5,6444556246.0,146833881,92.0,-46.1,5,3,False,False,False,False,True,True,False,False,True,False,False
CCK,"Crown Holdings, Inc.",112.84,62.5,12272536061.0,110301751,26.5,-8.2,3,5,False,False,False,True,True,True,True,False,False,True,False
PRU,"Prudential Financial, Inc. Common Stock",118.48,62.5,40875600000.0,210616329,28.9,-7.2,4,3,False,False,False,True,False,True,False,False,False,True,False
HSIC,"Henry Schein, Inc. - Common Stock",87.3,62.4,9729283117.0,103977276,40.9,-5.3,5,6,False,False,False,True,True,True,True,False,True,True,False
ZION,Zions Bancorporation N.A. - Common Stock,68.29,62.4,9967154613.0,103156260,47.8,-6.9,5,6,False,False,False,True,True,True,True,False,True,True,False
IPAR,"Interparfums, Inc. - Common Stock",110.49,62.3,3538528543.0,31835849,43.1,-14.5,2,6,False,False,False,True,True,True,True,False,True,True,False
WERN,"Werner Enterprises, Inc. - Common Stock",38.59,62.3,2314518450.0,43127699,67.3,-18.7,5,6,False,False,False,True,True,True,True,False,True,True,False
XPRO,Expro Ltd Ordinary Shares,17.57,62.3,1992355122.0,15533062,51.5,-8.6,5,7,False,False,False,True,True,True,True,True,True,True,False
ABBV,AbbVie Inc. Common Stock,255.0,62.2,450614907675.0,1336893085,33.7,-4.7,5,7,False,False,False,True,True,True,True,True,True,True,False
GL,Globe Life Inc. Common Stock,170.8,62.2,13125885548.0,101494849,33.6,-10.8,5,6,False,False,False,True,True,True,True,False,True,True,False
FULT,Fulton Financial Corporation - Common Stock,23.6,62.1,4505583687.0,39863480,42.2,-6.5,5,6,False,False,False,True,True,True,True,False,True,True,False
HAFC,Hanmi Financial Corporation - Common Stock,31.89,62.1,945514742.0,7360249,39.6,-4.8,5,7,False,False,False,True,True,True,True,True,True,True,False
FRSH,Freshworks Inc. - Class A Common Stock,11.87,62.0,3097129564.0,124091674,74.8,-15.2,1,5,False,False,False,True,False,True,False,True,True,True,False
CTVA,"Corteva, Inc. Common Stock ",84.49,62.0,56371390040.0,366631846,39.6,-7.1,5,7,False,False,False,True,True,True,True,True,True,True,False
HAL,Halliburton Company Common Stock,36.07,62.0,30051012338.0,383024447,68.1,-17.3,5,5,False,False,False,False,True,True,False,True,True,True,False
LIVN,LivaNova PLC - Ordinary Shares,78.18,61.9,4307210377.0,50110048,60.1,-8.8,5,6,False,False,False,True,True,True,True,False,True,True,False
HOG,"Harley-Davidson, Inc. Common Stock",26.96,61.9,2805794789.0,57682278,57.8,-13.7,1,7,False,False,False,True,True,True,True,True,True,True,False
BMRN,BioMarin Pharmaceutical Inc. - Common Stock,65.51,61.8,12681016952.0,122058055,33.0,-7.7,3,7,False,False,False,True,True,True,True,True,True,True,False
CHCO,City Holding Company - Common Stock,143.65,61.8,2017587234.0,16556829,26.9,-3.6,5,6,False,False,False,True,True,True,True,True,False,True,False
HSTM,"HealthStream, Inc. - Common Stock",28.88,61.8,844449900.0,5520468,48.1,-7.2,2,7,False,False,False,True,True,True,True,True,True,True,False
GRPN,"Groupon, Inc. - Common Stock",18.28,61.7,743361611.0,32913417,99.3,-38.9,2,5,False,False,False,True,True,True,True,False,True,False,False
PNRG,PrimeEnergy Resources Corporation - Common Stock,214.51,61.7,339483526.0,17274367,69.7,-23.1,5,6,False,False,False,True,True,True,False,True,True,True,False
MTB,M&T Bank Corporation Common Stock,239.02,61.6,34518374943.0,253986738,36.8,-6.6,5,6,False,False,False,True,True,True,True,False,True,True,False
PNC,"PNC Financial Services Group, Inc. (The) Common Stock",242.98,61.6,96935332208.0,416801102,37.4,-6.2,5,6,False,False,False,True,True,True,True,False,True,True,False
NVDA,NVIDIA Corporation - Common Stock,218.36,61.5,5262476000000.0,27047892737,32.9,-7.7,5,7,False,False,False,True,True,True,True,True,True,True,False
ROST,"Ross Stores, Inc. - Common Stock",225.48,61.5,72030287243.0,571939337,57.2,-12.3,5,6,False,False,False,True,True,True,True,False,True,True,False
SHC,Sotera Health Company - Common Stock,18.26,61.5,5210943757.0,50258936,39.5,-8.0,5,4,False,False,False,True,False,True,False,False,True,True,False
GO,Grocery Outlet Holding Corp. - Common Stock,11.08,61.4,1097856171.0,26943274,95.9,-38.3,0,3,False,False,False,True,False,False,False,True,True,False,False
CTO,"CTO Realty Growth, Inc. Common Stock",20.83,61.4,780822007.0,7598332,38.2,-8.3,5,6,False,False,False,True,True,True,True,False,True,True,False
ADUS,Addus HomeCare Corporation - Common Stock,118.52,61.3,2213278036.0,25327300,34.8,-4.8,1,5,False,False,False,True,False,True,False,True,True,True,False
SFNC,Simmons First National Corporation - Common Stock,23.13,61.3,3342603940.0,31064160,36.1,-4.9,5,6,False,False,False,True,True,True,True,False,True,True,False
WABC,Westamerica Bancorporation - Common Stock,59.11,61.3,1366100254.0,9595913,31.6,-7.1,5,6,False,False,False,True,True,True,True,False,True,True,False
BELFA,Bel Fuse Inc. - Class A Common Stock,202.11,61.2,2918357240.0,35265771,82.6,-31.1,5,3,False,False,False,False,True,True,False,False,True,False,False
FBNC,First Bancorp - Common Stock,64.68,61.2,2676084614.0,13560957,40.7,-3.1,5,7,False,False,False,True,True,True,True,True,True,True,False
MMSI,"Merit Medical Systems, Inc. - Common Stock",86.47,61.1,5163160017.0,72669157,44.7,-8.7,1,5,False,False,False,True,False,True,False,True,True,True,False
KWR,Quaker Houghton Common Stock,155.0,61.1,2667193810.0,24086956,38.2,-15.3,5,6,False,False,False,True,True,True,True,False,True,True,False
IDCC,"InterDigital, Inc. - Common Stock",346.44,61.0,8940233065.0,69322287,39.1,-16.0,0,4,False,False,False,True,False,False,False,True,True,True,False
COMP,"Compass, Inc. Class A Common Stock",10.13,61.0,7673699856.0,137265244,59.0,-27.4,5,2,False,False,False,False,False,True,False,False,True,False,False
SOBO,South Bow Corporation Common Shares,36.39,61.0,7590394577.0,23894079,45.5,-6.7,5,6,False,False,False,True,True,True,True,False,True,True,False
BH,Biglari Holdings Inc. Class B Common Stock,364.09,60.9,847073590.0,63214698,55.0,-24.7,3,4,False,False,False,True,False,True,False,False,True,True,False
LYB,LyondellBasell Industries NV Ordinary Shares Class A (Netherlands),64.3,60.9,20771340314.0,260718954,54.6,-23.4,5,5,False,False,False,False,True,True,False,True,True,True,False
FMNB,Farmers National Banc Corp. - Common Stock,15.88,60.8,940851443.0,6097842,31.0,-3.5,5,7,False,False,False,True,True,True,True,True,True,True,False
TTEK,"Tetra Tech, Inc. - Common Stock",35.71,60.8,9143346524.0,90644167,38.4,-17.2,1,5,False,False,False,True,False,True,False,True,True,True,False
OUT,OUTFRONT Media Inc. Common Stock,28.42,60.8,5005763833.0,49760942,67.5,-18.7,5,5,False,False,False,False,True,True,True,False,True,True,False
ACIW,"ACI Worldwide, Inc. - Common Stock",51.97,60.7,5246643875.0,54543472,36.6,-14.9,2,6,False,False,False,True,True,True,True,False,True,True,False
EQIX,"Equinix, Inc. - Common Stock",1023.81,60.7,101021058844.0,584463197,42.1,-9.3,5,6,False,False,False,True,True,True,True,False,True,True,False
SIBN,"SI-BONE, Inc. - Common Stock",18.3,60.6,820179923.0,9939447,59.4,-16.4,3,5,False,False,False,True,False,True,False,True,True,True,False
ZVRA,"Zevra Therapeutics, Inc.  - Common Stock",12.06,60.6,716168399.0,14454086,68.4,-19.8,3,7,False,False,False,True,True,True,True,True,True,True,False
HIW,"Highwoods Properties, Inc. Common Stock",30.44,60.5,3357721063.0,40957609,48.9,-14.1,3,6,False,False,False,True,True,True,True,False,True,True,False
NOG,"Northern Oil and Gas, Inc. Common Stock",26.31,60.5,2803307558.0,58670840,53.1,-15.6,1,6,False,False,False,True,True,True,False,True,True,True,False
RSI,"Rush Street Interactive, Inc. Class A Common Stock",26.36,60.5,6109545717.0,71520828,70.0,-23.7,5,6,False,False,False,True,True,True,True,False,True,True,False
HURN,Huron Consulting Group Inc. - Common Stock,149.43,60.4,2377442059.0,40448886,76.0,-20.0,0,4,False,False,False,True,False,False,False,True,True,True,False
FITB,Fifth Third Bancorp Common Stock,54.43,60.4,49362162259.0,315098542,35.9,-8.5,5,6,False,False,False,True,True,True,True,False,True,True,False
HBCP,"Home Bancorp, Inc. - Common Stock",69.47,60.3,546781003.0,6421091,37.5,-6.8,5,6,False,False,False,True,True,True,True,False,True,True,False
CACI,"CACI International, Inc. Class A Common Stock",624.01,60.3,13790369524.0,158736033,43.5,-8.7,1,5,False,False,False,True,False,True,False,True,True,True,False
EPD,Enterprise Products Partners L.P. Common Stock,39.33,60.3,84932237057.0,110690882,31.1,-2.1,5,7,False,False,False,True,True,True,True,True,True,True,False
ESNT,Essent Group Ltd. Common Shares,68.34,60.2,6142159532.0,38103296,23.5,-2.9,2,4,False,False,False,True,False,True,False,True,False,True,False
MOH,Molina Healthcare Inc Common Stock,200.28,60.2,10454616000.0,216743098,65.4,-18.2,4,6,False,False,False,True,True,True,True,False,True,True,False
ASB,Associated Banc-Corp Common Stock,30.34,60.1,5729698654.0,55470920,27.2,-6.5,5,5,False,False,False,True,True,True,True,False,False,True,False
CNI,Canadian National Railway Company Common Stock,121.16,60.1,73192756000.0,186279687,33.5,-7.9,5,6,False,False,False,True,True,True,True,False,True,True,False
KMTS,"Kestra Medical Technologies, Ltd. - Common Stock",23.57,60.0,1381275562.0,8748303,35.9,-21.4,1,4,False,False,False,True,False,True,False,False,True,True,False
BBT,Beacon Financial Corporation Common stock,31.34,60.0,2626796135.0,23273037,37.4,-4.5,5,7,False,False,False,True,True,True,True,True,True,True,False
CNR,"Core Natural Resources, Inc. Common Stock",98.52,60.0,4890164040.0,46605007,37.2,-14.2,1,6,False,False,False,True,True,True,False,True,True,True,False
ADI,"Analog Devices, Inc. - Common Stock",361.25,59.9,175049274231.0,1418686060,61.7,-19.0,5,5,False,False,False,False,True,True,True,False,True,True,False
WSM,"Williams-Sonoma, Inc. Common Stock (DE)",223.74,59.9,26351912167.0,238553566,35.2,-12.2,3,6,False,False,False,True,True,True,True,False,True,True,False
BFC,Bank First Corporation - Common Stock,155.24,59.8,1720929631.0,12892195,30.4,-2.4,5,7,False,False,False,True,True,True,True,True,True,True,False
RDNT,"RadNet, Inc. - Common Stock",74.28,59.8,5845632250.0,50936355,46.2,-13.5,0,4,False,False,False,True,False,False,False,True,True,True,False
HASI,"HA Sustainable Infrastructure Capital, Inc. Common Stock",37.61,59.8,4832726662.0,37368037,37.9,-14.8,5,5,False,False,False,False,True,True,True,False,True,True,False
COLD,"Americold Realty Trust, Inc. Common Stock",14.12,59.7,4030985380.0,56661700,39.8,-16.4,3,6,False,False,False,True,True,True,True,False,True,True,False
PAAS,Pan American Silver Corp. Common Stock,50.65,59.7,21000401700.0,217103907,53.1,-27.6,5,4,False,False,False,False,True,True,False,True,True,False,False
CENX,Century Aluminum Company - Common Stock,44.36,59.6,4391342566.0,89194873,102.0,-37.0,5,3,False,False,False,False,True,True,False,False,True,False,False
KFY,Korn Ferry Common Stock,78.14,59.6,4263228617.0,32764546,32.6,-10.7,2,6,False,False,False,True,True,True,True,False,True,True,False
ICLR,ICON plc - Ordinary Shares,165.69,59.5,12686440079.0,119149298,148.9,-18.7,0,3,False,False,False,True,False,False,False,False,True,True,False
JANX,"Janux Therapeutics, Inc. - Common Stock",17.68,59.5,1080898147.0,14151912,45.9,-50.0,0,3,False,False,False,True,False,False,False,True,True,False,False
PM,Philip Morris International Inc Common Stock,189.77,59.5,295778072319.0,882235057,33.5,-8.7,4,7,False,False,False,True,True,True,True,True,True,True,False
UMBF,UMB Financial Corporation - Common Stock,139.37,59.4,10585155681.0,81825292,34.8,-9.1,5,6,False,False,False,True,True,True,True,False,True,True,False
CURB,Curbline Properties Corp. Common Stock,29.4,59.4,3382117935.0,41758409,34.1,-8.6,5,6,False,False,False,True,True,True,True,False,True,True,False
CNOB,"ConnectOne Bancorp, Inc. - Common Stock",31.59,59.3,1715191054.0,13086761,36.2,-7.5,5,6,False,False,False,True,True,True,True,False,True,True,False
CNMD,CONMED Corporation Common Stock,46.22,59.3,1384346683.0,24086396,47.0,-14.6,1,5,False,False,False,True,False,True,False,True,True,True,False
PRAA,"PRA Group, Inc. - Common Stock",18.77,59.2,706653073.0,6851439,83.1,-16.8,5,7,False,False,False,True,True,True,True,True,True,True,False
AHR,"American Healthcare REIT, Inc. Common Stock",54.06,59.2,12605991912.0,153663793,35.2,-7.9,5,6,False,False,False,True,True,True,True,False,True,True,False
LLY,Eli Lilly and Company Common Stock,1123.0,59.2,1057143983995.0,3067110690,57.7,-13.1,5,6,False,False,False,True,True,True,True,False,True,True,False
MCHB,Mechanics Bancorp - Class A Common Stock,15.43,59.1,3399415101.0,9235669,20.4,-11.2,5,5,False,False,False,True,True,True,True,False,False,True,False
WK,Workiva Inc. Class A Common Stock,71.33,59.1,3881528089.0,52400931,64.6,-26.5,0,3,False,False,False,True,False,False,False,True,True,False,False
HWC,Hancock Whitney Corporation - Common Stock,74.4,59.0,5968595515.0,60701759,37.7,-7.2,5,6,False,False,False,True,True,True,True,False,True,True,False
EG,"Everest Group, Ltd. Common Stock",371.03,59.0,14226304596.0,125489531,22.7,-7.5,5,5,False,False,False,True,True,True,True,False,False,True,False
KGC,Kinross Gold Corporation Common Stock,28.93,59.0,34545313000.0,216703086,31.9,-26.0,1,3,False,False,False,False,False,True,False,True,True,False,False
DOC,"Healthpeak Properties, Inc. Common Stock",20.37,58.9,14045670286.0,115675398,29.7,-11.2,4,5,False,False,False,True,True,True,True,False,False,True,False
LH,Labcorp Holdings Inc. Common Stock,306.96,58.9,24894456000.0,213284360,25.5,-10.2,2,5,False,False,False,True,True,True,True,False,False,True,False
EBC,"Eastern Bankshares, Inc. - Common Stock",21.665,58.8,4950702774.0,52412902,30.4,-8.9,5,6,False,False,False,True,True,True,True,False,True,True,False
XHR,"Xenia Hotels & Resorts, Inc. Common Stock",17.6,58.8,1623526696.0,13607685,49.8,-20.2,5,6,False,False,False,True,True,True,True,False,True,True,False
FRHC,Freedom Holding Corp. - Common Stock,162.73,58.7,10380166888.0,22249934,50.7,-8.1,1,7,False,False,False,True,True,True,True,True,True,True,False
ADX,Adams Diversified Equity Fund Inc.,25.51,58.7,,7382169,22.0,-4.0,5,5,False,False,False,True,True,True,True,False,False,True,False
ETN,"Eaton Corporation, PLC Ordinary Shares",409.15,58.7,158913860000.0,859878790,31.2,-14.4,5,6,False,False,False,True,True,True,True,False,True,True,False
HBNC,"Horizon Bancorp, Inc. - Common Stock",19.76,58.6,1014567695.0,11187234,32.0,-6.1,5,6,False,False,False,True,True,True,True,False,True,True,False
SOLV,Solventum Corporation Common Stock,87.65,58.6,14920109847.0,91671669,40.5,-6.9,4,5,False,False,False,True,False,True,False,True,True,True,False
ICUI,"ICU Medical, Inc. - Common Stock",157.26,58.5,3932606796.0,48450546,39.8,-18.5,4,4,False,False,False,True,False,True,False,False,True,True,False
PLMR,"Palomar Holdings, Inc. - Common stock",132.92,58.5,3498146424.0,34585217,31.9,-10.0,3,4,False,False,False,True,False,True,False,False,True,True,False
TRMK,Trustmark Corporation - Common Stock,47.45,58.5,2755448879.0,17722010,30.6,-3.2,5,7,False,False,False,True,True,True,True,True,True,True,False
ESQ,"Esquire Financial Holdings, Inc. - Common Stock",119.13,58.4,1442018973.0,17860302,29.3,-11.6,5,5,False,False,False,True,True,True,True,False,False,True,False
JCI,Johnson Controls International plc Ordinary Share,142.81,58.4,86505939331.0,490048609,36.7,-9.1,5,6,False,False,False,True,True,True,True,False,True,True,False
VLY,Valley National Bancorp - Common Stock,13.85,58.3,7653582380.0,91048614,43.7,-8.9,5,6,False,False,False,True,True,True,True,False,True,True,False
VTR,"Ventas, Inc. Common Stock",90.44,58.3,46390868708.0,307741920,35.9,-11.0,5,6,False,False,False,True,True,True,True,False,True,True,False
NBBK,"NB Bancorp, Inc. - Common Stock",22.865,58.2,1001909774.0,6993524,35.8,-2.6,5,7,False,False,False,True,True,True,True,True,True,True,False
NCNO,"nCino, Inc. - Common Stock",21.43,58.2,2265926209.0,48506204,55.3,-32.9,0,3,False,False,False,True,False,False,False,True,True,False,False
SPNT,SiriusPoint Ltd. Common Shares,24.36,58.2,2829779790.0,15767030,41.9,-8.0,5,7,False,False,False,True,True,True,True,True,True,True,False
MSFT,Microsoft Corporation - Common Stock,492.44,58.1,3656635621588.0,13743870890,41.0,-11.1,0,4,False,False,False,True,False,False,False,True,True,True,False
MCY,Mercury General Corporation Common Stock,102.65,58.1,5685642562.0,29837215,38.2,-9.2,5,6,False,False,False,True,True,True,True,False,True,True,False
CROX,"Crocs, Inc. - Common Stock",108.83,58.0,5217862512.0,127057955,48.7,-23.0,4,5,False,False,False,False,True,True,True,False,True,True,False
CVBF,CVB Financial Corporation - Common Stock,22.39,58.0,3940582570.0,28094858,24.7,-4.4,5,5,False,False,False,True,True,True,True,False,False,True,False
BTU,Peabody Energy Corporation Common Stock ,29.03,58.0,3538757000.0,57860172,59.5,-29.4,0,3,False,False,False,True,False,False,False,True,True,False,False
CNS,Cohen & Steers Inc Common Stock,76.66,57.9,3941974720.0,20416778,31.3,-11.4,3,6,False,False,False,True,True,True,True,False,True,True,False
GWW,"W.W. Grainger, Inc. Common Stock",1271.49,57.9,59888376744.0,343396156,40.3,-10.5,5,6,False,False,False,True,True,True,True,False,True,True,False
HCSG,"Healthcare Services Group, Inc. - Common Stock",21.84,57.8,1498927292.0,16011350,44.3,-15.2,5,6,False,False,False,True,True,True,True,False,True,True,False
BMA,Banco Macro S.A.  ADR (representing Ten Class B Common Shares),78.83,57.8,5040313735.0,23603643,105.8,-25.7,5,2,False,False,False,False,False,True,False,False,True,False,False
DNOW,DNOW Inc. Common Stock,15.47,57.7,2796757734.0,35193675,41.5,-10.4,1,5,False,False,False,True,False,True,False,True,True,True,False
PDS,Precision Drilling Corporation Common Stock,89.26,57.7,1137748841.0,8805018,67.1,-14.0,5,6,False,False,False,True,True,True,False,True,True,True,False
UHAL,U-Haul Holding Company Common Stock,63.34,57.7,12312883973.0,11553440,51.0,-17.1,3,6,False,False,False,True,True,True,True,False,True,True,False
ESTA,Establishment Labs Holdings Inc. - Common Shares,71.39,57.6,2127556998.0,40863688,95.4,-26.8,5,4,False,False,False,False,True,True,True,False,True,False,False
PRGO,Perrigo Company plc Ordinary Shares,13.59,57.6,1885874040.0,34740263,47.2,-40.0,0,3,False,False,False,True,False,False,False,True,True,False,False
EVER,"EverQuote, Inc. - Class A Common Stock",23.49,57.5,827781751.0,16265325,69.2,-18.2,2,4,False,False,False,True,False,True,False,False,True,True,False
JBL,Jabil Inc. Common Stock,302.8,57.5,31729530549.0,333130033,59.7,-29.4,5,4,False,False,False,False,True,True,True,False,True,False,False
RTX,RTX Corporation Common Stock,198.12,57.5,267017843489.0,952244059,30.6,-12.7,5,6,False,False,False,True,True,True,True,False,True,True,False
PRK,Park National Corporation Common Stock,187.76,57.4,3391726869.0,20058095,26.0,-12.7,5,5,False,False,False,True,True,True,True,False,False,True,False
USFD,US Foods Holding Corp. Common Stock,96.06,57.4,20780729251.0,230105409,37.5,-13.8,5,6,False,False,False,True,True,True,True,False,True,True,False
EWBC,"East West Bancorp, Inc. - Common Stock",129.37,57.3,17725223811.0,97562592,39.6,-5.9,5,6,False,False,False,True,True,True,True,False,True,True,False
SWBI,"Smith & Wesson Brands, Inc. - Common Stock",13.29,57.3,595919347.0,7652974,63.3,-24.3,5,5,False,False,False,False,True,True,True,False,True,True,False
AGIO,"Agios Pharmaceuticals, Inc. - Common Stock",33.64,57.2,2008371310.0,37664737,51.3,-26.9,0,4,False,False,False,True,True,False,True,False,True,False,False
GCMG,GCM Grosvenor Inc. - Class A Common Stock,12.78,57.2,2591683038.0,6442090,37.4,-14.0,2,6,False,False,False,True,True,True,True,False,True,True,False
ENS,EnerSys Common Stock,179.02,57.2,6456396400.0,95651414,72.5,-26.7,5,3,False,False,False,False,True,True,False,False,True,False,False
CWBC,Community West Bancshares - Common Stock,26.29,57.1,713276041.0,6409248,32.8,-6.7,5,7,False,False,False,True,True,True,True,True,True,True,False
CDP,COPT Defense Properties Common Shares of Beneficial Interest,35.46,57.1,4021534841.0,30621449,31.0,-8.8,5,6,False,False,False,True,True,True,True,False,True,True,False
AIT,"Applied Industrial Technologies, Inc. Common Stock",318.58,57.0,11691521544.0,93599019,33.7,-15.0,5,6,False,False,False,True,True,True,True,False,True,True,False
CARS,Cars.com Inc. Common Stock ,11.41,57.0,610808267.0,7336522,54.2,-17.6,2,4,False,False,False,True,False,True,False,False,True,True,False
PRG,"PROG Holdings, Inc. Common Stock",37.15,57.0,1479745166.0,22019213,44.0,-22.2,5,6,False,False,False,True,True,True,True,False,True,True,False
HIPO,Hippo Holdings Inc. Common Stock,32.06,56.9,846043555.0,5430628,33.1,-17.8,0,4,False,False,False,True,False,False,False,True,True,True,False
VZ,Verizon Communications Inc. Common Stock,49.97,56.9,207614116844.0,1117299218,30.2,-3.3,5,6,False,False,False,True,True,True,False,True,True,True,False
AMKR,"Amkor Technology, Inc. - Common Stock",49.53,56.8,12305850938.0,286387642,101.3,-48.8,5,3,False,False,False,False,True,True,False,False,True,False,False
V,Visa Inc.,367.21,56.8,656114386172.0,2564797245,24.9,-4.8,2,4,False,False,False,True,False,True,False,True,False,True,False
DAN,Dana Incorporated Common Stock ,30.67,56.7,3299376745.0,40597260,72.9,-22.5,5,5,False,False,False,False,True,True,False,True,True,True,False
NPO,Enpro Inc. Common Stock,293.88,56.7,6220758092.0,64839963,45.5,-24.7,5,5,False,False,False,False,True,True,True,False,True,True,False
R,"Ryder System, Inc. Common Stock",241.6,56.7,9264603309.0,80076537,53.2,-15.0,5,6,False,False,False,True,True,True,True,False,True,True,False
CART,Maplebear Inc. - Common Stock,47.24,56.6,10936063165.0,193169234,44.3,-10.3,3,6,False,False,False,True,True,True,True,False,True,True,False
WDAY,"Workday, Inc. - Class A Common Stock",185.09,56.6,44606690000.0,774812539,67.7,-25.9,0,3,False,False,False,True,False,False,False,True,True,False,False
HCI,"HCI Group, Inc. Common Stock",186.59,56.5,2320968194.0,28081709,28.9,-11.4,0,3,False,False,False,True,False,False,False,True,False,True,False
MHK,"Mohawk Industries, Inc. Common Stock",124.24,56.5,8415787135.0,113448961,33.6,-11.4,1,4,False,False,False,True,False,True,False,False,True,True,False
REX,REX American Resources Corporation,42.13,56.5,1397689713.0,7357137,40.3,-21.0,5,5,False,False,False,False,True,True,True,False,True,True,False
BLX,"Bladex, Inc. Class E Common Stock",55.63,56.4,2091627864.0,9471517,44.8,-12.0,5,6,False,False,False,True,True,True,True,False,True,True,False
INSP,"Inspire Medical Systems, Inc. Common Stock",68.12,56.4,1969374745.0,42356248,75.1,-53.7,0,3,False,False,False,True,False,False,False,True,True,False,False
GSHD,"Goosehead Insurance, Inc. - Class A Common Stock",56.44,56.3,2004517678.0,28925810,67.6,-33.1,0,2,False,False,False,True,False,False,False,False,True,False,False
MAC,Macerich Company (The) Common Stock,22.61,56.3,6411277469.0,77975669,41.0,-15.3,5,6,False,False,False,True,True,True,True,False,True,True,False
JLL,Jones Lang LaSalle Incorporated Common Stock,342.16,56.2,15741995658.0,120122278,31.7,-13.1,5,4,False,False,False,True,False,True,False,False,True,True,False
NXG,NXG NextGen Infrastructure Income Fund Common Shares of Beneficial Interest,55.87,56.2,145357761.0,6754523,20.0,-15.1,5,5,False,False,False,True,True,True,True,False,False,True,False
TFII,TFI International Inc. Common Shares,131.13,56.2,10777578765.0,41909418,62.6,-21.8,5,5,False,False,False,False,True,True,True,False,True,True,False
FHI,"Federated Hermes, Inc. Common Stock",60.99,56.1,4553530538.0,34356528,30.7,-9.2,5,6,False,False,False,True,True,True,True,False,True,True,False
NVST,Envista Holdings Corporation Common Stock,25.87,56.1,4155180132.0,72339299,37.8,-15.0,5,5,False,False,False,False,True,True,True,False,True,True,False
AEIS,"Advanced Energy Industries, Inc. - Common Stock",273.74,56.0,10963407993.0,187529819,76.9,-31.1,5,3,False,False,False,False,True,True,False,False,True,False,False
SMCI,"Super Micro Computer, Inc. - Common Stock",37.38,56.0,24557366054.0,1538773409,91.9,-36.4,0,3,False,False,False,True,False,False,False,True,True,False,False
PBA,Pembina Pipeline Corp. Ordinary Shares (Canada),48.34,56.0,28112368700.0,44713552,33.5,-6.3,5,6,False,False,False,True,True,True,True,False,True,True,False
CAI,"Caris Life Sciences, Inc. - Common Stock",24.04,55.9,6793588271.0,97636149,69.4,-31.7,0,3,False,False,False,True,False,False,False,True,True,False,False
ABM,ABM Industries Incorporated Common Stock,49.07,55.9,2876218029.0,20081379,32.8,-4.3,2,5,False,True,False,True,False,True,False,True,True,True,False
BRUN,Boost Run Inc. - Class A Common Stock,16.46,55.8,1308363279.0,42907672,60.0,-60.8,5,4,False,False,False,False,True,True,True,False,True,False,False
UNH,UnitedHealth Group Incorporated Common Stock (DE),388.28,55.8,348518127193.0,2021534645,51.7,-15.9,5,6,False,False,False,True,True,True,True,False,True,True,False
AVBP,"ArriVent BioPharma, Inc. - Common Stock",28.7,55.7,1415131822.0,14223086,68.8,-19.9,5,6,False,False,False,True,True,True,True,False,True,True,False
LXU,"LSB Industries, Inc. Common Stock",11.63,55.7,837330972.0,8453421,50.8,-32.5,5,4,False,False,False,False,True,True,False,True,True,False,False
SIG,Signet Jewelers Limited Common Shares,97.71,55.7,3842913097.0,71546281,36.4,-11.3,0,4,False,False,False,True,False,False,False,True,True,True,False
PAM,Pampa Energia S.A.,88.45,55.6,4824135087.0,13627538,61.0,-6.4,0,4,False,False,False,True,False,False,False,True,True,True,False
SLG,SL Green Realty Corp Common Stock,51.63,55.6,3657980698.0,49574056,48.5,-22.1,1,6,False,False,False,True,True,True,True,False,True,True,False
IART,Integra LifeSciences Holdings Corporation - Common Stock,15.54,55.5,1208584743.0,14344231,78.6,-24.2,4,6,False,False,False,True,True,True,True,False,True,True,False
UNFI,"United Natural Foods, Inc. Common Stock",44.11,55.5,2669499265.0,25404075,57.7,-22.6,5,5,False,False,False,False,True,True,True,False,True,True,False
VIK,Viking Holdings Ltd Ordinary Shares,84.01,55.5,37450485136.0,281135368,49.0,-23.7,5,5,False,False,False,False,True,True,True,False,True,True,False
ONB,Old National Bancorp - Common Stock,25.6,55.4,9793792000.0,105974224,32.0,-6.4,5,6,False,False,False,True,True,True,True,False,True,True,False
BALL,Ball Corporation Common Stock,59.74,55.4,15813378547.0,114539610,33.3,-12.5,5,5,False,False,False,False,True,True,True,False,True,True,False
BHVN,Biohaven Ltd. Common Shares ,12.79,55.3,1931849959.0,40253235,71.0,-31.1,1,5,False,False,False,True,True,True,True,False,True,False,False
PFS,"Provident Financial Services, Inc Common Stock",23.32,55.3,3041455452.0,21348669,31.8,-8.5,5,6,False,False,False,True,True,True,True,False,True,True,False
MKTX,"MarketAxess Holdings, Inc. - Common Stock",163.09,55.2,5739608593.0,166665752,50.0,-16.8,0,4,False,False,False,True,False,False,False,True,True,True,False
THRM,Gentherm Inc - Common Stock,38.33,55.2,1176934801.0,15735744,42.0,-20.7,2,4,False,False,False,True,False,True,False,False,True,True,False
FMX,Fomento Economico Mexicano S.A.B. de C.V. Common Stock,117.57,55.2,40053920193.0,57150264,36.3,-16.9,5,6,False,False,False,True,True,True,True,False,True,True,False
BHRB,Burke & Herbert Financial Services Corp. - Common Stock,71.5,55.1,1443372860.0,8849809,24.5,-4.8,5,5,False,False,False,True,True,True,True,False,False,True,False
PCAR,PACCAR Inc. - Common Stock,122.57,55.1,64516552289.0,401393991,32.9,-12.0,5,6,False,False,False,True,True,True,True,False,True,True,False
XPEL,"XPEL, Inc. - Common Stock",48.06,55.0,1325050149.0,10275744,52.6,-14.0,5,5,False,False,False,True,False,True,False,True,True,True,False
BUD,Anheuser-Busch Inbev SA Sponsored ADR (Belgium),77.65,55.0,153136131643.0,170742033,34.4,-10.3,5,5,False,False,False,False,True,True,True,False,True,True,False
MDGL,"Madrigal Pharmaceuticals, Inc. - Common Stock",533.12,54.9,12317271653.0,161628609,35.4,-13.3,5,5,False,False,False,True,False,True,False,True,True,True,False
OPLN,"OPENLANE, Inc. Common Stock",34.77,54.9,4244369206.0,42793186,43.0,-19.0,5,6,False,False,False,True,True,True,True,False,True,True,False
SSB,SouthState Bank Corporation Common Stock,105.84,54.9,10263784679.0,85206585,25.3,-5.7,2,6,False,False,False,True,True,True,True,True,False,True,False
OMF,"OneMain Holdings, Inc. Common Stock",62.06,54.8,7139473566.0,60980499,35.6,-13.7,5,5,False,False,False,True,False,True,False,True,True,True,False
RJF,"Raymond James Financial, Inc. Common Stock",173.53,54.8,33380527710.0,200416810,25.0,-5.0,2,3,False,False,False,True,False,True,False,False,False,True,False
ETD,Ethan Allen Interiors Inc. Common Stock,21.85,54.7,550674691.0,12720642,19.5,-27.4,1,3,False,False,False,True,False,True,False,True,False,False,False
HXL,Hexcel Corporation Common Stock,89.82,54.7,6792498459.0,93531902,49.1,-19.6,5,5,False,False,False,False,True,True,True,False,True,True,False
SHO,"Sunstone Hotel Investors, Inc. Sunstone Hotel Investors, Inc. Common Shares",10.97,54.7,2039805033.0,26790989,26.2,-9.1,5,5,False,False,False,True,True,True,True,False,False,True,False
CSWC,Capital Southwest Corporation - Common Stock,24.1,54.6,1497591497.0,15602221,24.4,-6.4,5,5,False,False,False,True,True,True,True,False,False,True,False
PCTY,Paylocity Holding Corporation - Common Stock,142.86,54.6,7579717734.0,99460243,53.6,-17.2,1,5,False,False,False,True,False,True,False,True,True,True,False
EHC,Encompass Health Corporation Common Stock,121.04,54.5,11941005599.0,106976320,30.5,-5.4,1,7,False,False,False,True,True,True,True,True,True,True,False
RF,Regions Financial Corporation Common Stock,29.95,54.5,25515288705.0,262036904,31.9,-7.8,5,6,False,False,False,True,True,True,True,False,True,True,False
SPSC,"SPS Commerce, Inc. - Common Stock",77.23,54.4,2780293438.0,38721844,57.5,-32.8,0,3,False,False,False,True,False,False,False,True,True,False,False
SYBT,"Stock Yards Bancorp, Inc. - Common Stock",78.95,54.4,2452711465.0,13486004,28.4,-11.5,2,5,False,False,False,True,True,True,True,False,False,True,False
SJM,The J.M. Smucker Company Common Stock,121.07,54.4,12933082766.0,168818741,37.2,-10.9,3,7,False,False,False,True,True,True,True,True,True,True,False
HTB,"HomeTrust Bancshares, Inc. Common Stock",48.76,54.3,813959457.0,8590473,27.3,-7.1,5,6,False,False,False,True,True,True,True,True,False,True,False
PSO,"Pearson, Plc Common Stock",15.6,54.3,9386830331.0,12279926,29.8,-12.1,5,5,False,False,False,True,True,True,True,False,False,True,False
ITRN,Ituran Location and Control Ltd. - Ordinary Shares,51.75,54.2,1029492765.0,7802944,52.7,-24.2,5,4,False,False,False,False,True,True,False,False,True,True,False
AXTA,Axalta Coating Systems Ltd. Common Shares,34.02,54.2,7280960298.0,55864231,36.4,-11.9,4,4,False,False,False,True,False,True,False,False,True,True,False
ST,Sensata Technologies Holding plc Ordinary Shares,42.19,54.2,6140158018.0,69324685,49.8,-21.7,5,5,False,False,False,False,True,True,True,False,True,True,False
TRNS,"Transcat, Inc. - Common Stock",82.36,54.1,773219894.0,11204767,64.0,-17.6,3,5,False,False,False,False,True,True,True,False,True,True,False
HTGC,"Hercules Capital, Inc. Common Stock",17.39,54.1,3254781960.0,26335326,26.9,-11.4,1,4,False,False,False,True,False,True,False,True,False,True,False
AME,"AMETEK, Inc.",234.24,54.0,53702153795.0,293885911,30.7,-10.3,5,6,False,False,False,True,True,True,True,False,True,True,False
MUSA,Murphy USA Inc. Common Stock,525.78,54.0,9664018846.0,160684397,50.3,-17.3,5,6,False,False,False,True,True,True,True,False,True,True,False
STRL,"Sterling Infrastructure, Inc. - Common Stock",484.86,53.9,14831148837.0,403863091,72.2,-51.8,5,3,False,False,False,False,True,True,False,False,True,False,False
STVN,Stevanato Group S.p.A. Ordinary Shares,20.95,53.9,5719427389.0,7752069,62.5,-25.2,0,3,False,False,False,True,False,False,False,True,True,False,False
WTRG,"Essential Utilities, Inc. Common Stock",41.8,53.9,11861945689.0,82957637,15.8,-1.7,5,6,False,True,False,True,True,True,True,True,False,True,False
ADP,"Automatic Data Processing, Inc. - Common Stock",267.33,53.8,106200247482.0,590778412,42.1,-10.7,1,5,False,False,False,True,False,True,False,True,True,True,False
BOKF,BOK Financial Corporation - Common Stock,135.21,53.8,8216288087.0,33885468,31.6,-7.9,5,6,False,False,False,True,True,True,True,False,True,True,False
COKE,"Coca-Cola Consolidated, Inc. - Common Stock",188.8,53.7,12567338707.0,92698023,70.7,-14.0,5,6,False,False,False,True,True,True,False,True,True,True,False
AM,Antero Midstream Corporation Common Stock,22.27,53.7,10570989980.0,49394157,31.3,-6.6,5,7,False,False,False,True,True,True,True,True,True,True,False
PATH,"UiPath, Inc. Class A Common Stock",13.87,53.7,7228425523.0,1030713657,50.8,-30.1,1,3,False,False,False,True,False,True,False,False,True,False,False
BANR,Banner Corporation - Common Stock,70.82,53.6,2594807407.0,25023242,24.1,-5.4,5,6,False,False,False,True,True,True,True,True,False,True,False
CAMT,Camtek Ltd. - Ordinary Shares,144.25,53.6,6714636560.0,70803438,78.9,-33.2,5,3,False,False,False,False,True,True,False,False,True,False,False
IBCP,Independent Bank Corporation - Common Stock,37.15,53.5,824703809.0,7048116,24.5,-5.3,5,6,False,False,False,True,True,True,True,True,False,True,False
AGCO,AGCO Corporation Common Stock,121.93,53.5,8538968717.0,112160887,24.1,-15.2,5,5,False,False,False,True,True,True,False,True,False,True,False
ESLT,Elbit Systems Ltd. - Ordinary Shares,723.91,53.4,33668281688.0,61729862,59.8,-28.8,5,3,False,False,False,False,True,True,False,False,True,False,False
AUB,Atlantic Union Bankshares Corporation Common Stock,39.62,53.4,5658326180.0,43358435,28.3,-9.2,5,5,False,False,False,True,True,True,True,False,False,True,False
EQBK,"Equity Bancshares, Inc. Class A Common Stock",49.9,53.4,1027565251.0,5991836,29.3,-4.5,5,5,False,False,False,True,True,True,True,False,False,True,False
A,"Agilent Technologies, Inc. Common Stock",143.12,53.3,40349657584.0,308111707,32.1,-12.6,4,5,False,False,False,True,False,True,False,True,True,True,False
OSK,Oshkosh Corporation (Holding Company)Common Stock,147.77,53.3,9123282710.0,106804607,26.5,-18.1,3,4,False,False,False,False,True,True,True,False,False,True,False
AGYS,"Agilysys, Inc. - Common Stock",105.47,53.2,2974864460.0,29915648,71.5,-27.4,0,2,False,False,False,True,False,False,False,False,True,False,False
PLTR,Palantir Technologies Inc. - Class A Common Stock,165.86,53.2,398404590193.0,5997838827,55.9,-20.1,0,4,False,False,False,True,False,False,False,True,True,True,False
SBRA,"Sabra Health Care REIT, Inc. - Common Stock",20.83,53.2,5321289207.0,55340233,21.3,-8.5,5,6,False,False,False,True,True,True,True,True,False,True,False
RPD,"Rapid7, Inc. - Common Stock",10.5,53.1,707706720.0,27870698,111.3,-49.9,0,2,False,False,False,True,False,False,False,False,True,False,False
NATL,NCR Atleos Corporation Common Stock,46.25,53.1,3417733198.0,28708448,38.8,-4.6,5,6,False,False,False,True,True,True,True,False,True,True,False
PRM,"Perimeter Solutions, SA Common Stock",30.54,53.0,4998998628.0,45301664,55.0,-20.0,5,6,False,False,False,True,True,True,True,False,True,True,False
SBH,"Sally Beauty Holdings, Inc. (Name to be changed from Sally Holdings, Inc.) Common Stock",15.8,53.0,1479232214.0,20430223,36.9,-11.8,1,5,False,False,False,True,False,True,False,True,True,True,False
CTS,CTS Corporation Common Stock,56.3,52.9,1607713779.0,12456576,56.3,-19.1,5,5,False,False,False,False,True,True,True,False,True,True,False
PFE,"Pfizer, Inc. Common Stock",27.65,52.9,157595974736.0,1001241557,17.3,-5.3,5,6,False,False,False,True,True,True,True,True,False,True,False
QSR,Restaurant Brands International Inc. Common Shares,76.49,52.9,34765385226.0,198535015,24.5,-6.7,5,6,False,False,False,True,True,True,True,True,False,True,False
CXT,"Crane NXT, Co. Common Stock",50.37,52.8,2899362882.0,29524848,41.1,-27.0,0,2,False,False,False,True,False,False,False,False,True,False,False
INGM,Ingram Micro Holding Corporation Common Stock,26.37,52.8,6082554408.0,33570622,38.6,-16.8,5,5,False,False,False,False,True,True,True,False,True,True,False
NWSA,News Corporation - Class A Common Stock,29.38,52.7,15896126504.0,108467014,32.3,-7.2,2,7,False,False,False,True,True,True,True,True,True,True,False
AZZ,AZZ Inc.,136.52,52.7,4102630917.0,38429392,46.8,-15.8,5,5,False,False,False,False,True,True,True,False,True,True,False
MUX,McEwen Inc. Common Stock,19.55,52.7,1199559965.0,18189070,49.9,-34.2,1,4,False,False,False,False,True,True,False,True,True,False,False
FRPT,"Freshpet, Inc. - Common Stock",65.17,52.6,3131944683.0,84334764,40.3,-24.2,2,5,False,False,False,True,False,True,False,True,True,True,False
HTLD,"Heartland Express, Inc. - Common Stock",12.19,52.6,942684528.0,9020319,74.1,-26.7,5,4,False,False,False,False,True,True,True,False,True,False,False
BATRK,"Atlanta Braves Holdings, Inc. - Series C Common Stock",49.46,52.5,3173744186.0,25488445,31.0,-9.2,5,6,False,False,False,True,True,True,True,False,True,True,False
HMC,"Honda Motor Company, Ltd. Common Stock",31.62,52.5,41027797859.0,33157178,36.0,-8.2,1,5,False,False,False,True,False,True,False,True,True,True,False
ALRM,"Alarm.com Holdings, Inc. - Common Stock",55.17,52.4,2708307879.0,21507816,33.0,-5.1,2,5,False,False,False,True,False,True,False,True,True,True,False
SIGI,"Selective Insurance Group, Inc. - Common Stock",90.56,52.4,5394579417.0,42504564,24.4,-9.8,4,5,False,False,False,True,True,True,True,False,False,True,False
DBRG,"DigitalBridge Group, Inc.",15.92,52.4,2984924874.0,54332517,78.1,-0.4,5,7,False,False,False,True,True,True,True,True,True,True,False
MDB,"MongoDB, Inc. - Class A Common Stock",373.87,52.3,30117599210.0,632462137,73.3,-21.0,5,4,False,False,False,True,False,True,False,False,True,True,False
FAF,First American Corporation (New) Common Stock,71.18,52.3,7267478000.0,53755695,26.7,-10.9,5,5,False,False,False,True,True,True,True,False,False,True,False
DNLI,Denali Therapeutics Inc. - Common Stock,21.4,52.2,3420734424.0,34993665,70.1,-21.6,5,5,False,False,False,False,True,True,True,False,True,True,False
EBAY,eBay Inc. - Common Stock,105.03,52.2,46738350000.0,444897424,34.6,-12.0,5,6,False,False,False,True,True,True,True,False,True,True,False
MSA,MSA Safety Incorporated Common Stock,181.27,52.2,6993086447.0,48399121,20.0,-13.2,2,5,False,False,False,True,True,True,True,False,False,True,False
CMPR,Cimpress plc - Ordinary Shares,84.07,52.1,2047060447.0,18045081,49.2,-21.1,5,5,False,False,False,False,True,True,True,False,True,True,False
NVCR,NovoCure Limited - Ordinary Shares,15.35,52.1,1787443644.0,25798903,56.3,-28.4,4,5,False,False,False,True,True,True,True,False,True,False,False
ICFI,"ICF International, Inc. - Common Stock",85.75,52.0,1537830553.0,18489749,45.8,-15.5,1,5,False,False,False,True,False,True,False,True,True,True,False
CUBI,"Customers Bancorp, Inc Common Stock",78.86,52.0,2664190389.0,21739686,32.9,-6.5,5,6,False,False,False,True,True,True,True,False,True,True,False
MCRI,"Monarch Casino & Resort, Inc. - Common Stock",119.61,51.9,2143712737.0,17689499,35.7,-12.0,5,6,False,False,False,True,True,True,True,False,True,True,False
TCBK,TriCo Bancshares - Common Stock,53.67,51.9,1715649032.0,21468925,32.7,-13.0,5,6,False,False,False,True,True,True,True,False,True,True,False
SGHC,Super Group (SGHC) Limited Ordinary Shares,13.64,51.9,6930167388.0,34767234,61.2,-14.0,5,6,False,False,False,True,True,True,True,False,True,True,False
PRGS,Progress Software Corporation - Common Stock,40.61,51.8,1665535575.0,24046383,70.5,-14.3,1,4,False,False,False,True,False,True,False,False,True,True,False
SPFI,"South Plains Financial, Inc. - Common Stock",44.64,51.8,840977647.0,6001018,26.3,-4.9,5,6,False,False,False,True,True,True,True,True,False,True,False
INDB,Independent Bank Corp. - Common Stock,82.8,51.7,3922161397.0,28075371,30.7,-5.4,5,6,False,False,False,True,True,True,True,False,True,True,False
MCK,McKesson Corporation Common Stock,880.86,51.7,102699787152.0,825037063,28.1,-11.8,5,6,False,False,False,True,True,True,True,True,False,True,False
RDW,Redwire Corporation Common Stock,10.87,51.7,2717419660.0,166825602,123.2,-59.2,4,4,False,False,False,False,True,True,False,True,True,False,False
CBSH,"Commerce Bancshares, Inc. - Common Stock",58.29,51.6,8360661656.0,61058093,24.0,-4.3,2,5,False,False,False,True,True,True,True,False,False,True,False
PLUS,ePlus inc. - Common Stock,88.01,51.6,2296217688.0,19976549,27.1,-10.3,5,3,False,False,False,True,False,True,False,False,False,True,False
KYIV,Kyivstar Group Ltd. - Common Shares,13.87,51.5,3215948465.0,6837237,49.3,-16.2,5,4,False,False,False,True,False,True,False,False,True,True,False
PKG,Packaging Corporation of America Common Stock,232.41,51.5,20707335671.0,149362751,21.4,-10.6,5,5,False,False,False,True,True,True,True,False,False,True,False
AMCR,Amcor plc Ordinary Shares,43.0,51.4,19880864670.0,163128841,18.6,-15.6,3,5,False,False,False,True,True,True,True,False,False,True,False
TTC,Toro Company (The) Common Stock,92.72,51.4,8777188408.0,63073646,37.1,-11.9,5,5,False,False,False,False,True,True,True,False,True,True,False
WMB,"Williams Companies, Inc. (The) Common Stock",72.82,51.4,89071055311.0,501136564,29.6,-9.1,5,4,False,False,False,False,True,True,True,False,False,True,False
MNST,Monster Beverage Corporation - Common Stock,43.09,51.3,126623437408.0,507402519,37.9,-14.1,5,6,False,False,False,True,True,True,True,False,True,True,False
NWE,"NorthWestern Energy Group, Inc.  - Common Stock",70.01,51.3,4306864679.0,26026782,26.1,-6.9,5,5,False,False,False,True,True,True,True,False,False,True,False
HFWA,Heritage Financial Corporation - Common Stock,28.41,51.2,1162411003.0,11205132,33.3,-9.1,5,6,False,False,False,True,True,True,True,False,True,True,False
LAUR,"Laureate Education, Inc. - Common Stock",35.775,51.2,4927983354.0,38060783,43.2,-12.6,5,6,False,False,False,True,True,True,True,False,True,True,False
DASH,"DoorDash, Inc. - Common Stock",201.03,51.1,87105884275.0,837567744,40.3,-29.6,0,2,False,False,False,True,False,False,False,False,True,False,False
LPLA,LPL Financial Holdings Inc. - Common Stock,347.26,51.1,27344047625.0,226698850,33.5,-13.2,2,5,False,False,False,True,False,True,False,True,True,True,False
APD,"Air Products and Chemicals, Inc. Common Stock",293.65,51.1,65391605885.0,323541269,28.2,-6.7,5,5,False,False,False,True,True,True,True,False,False,True,False
FSUN,FirstSun Capital Bancorp - Common Stock,40.13,51.0,1869414836.0,10939399,34.0,-5.2,1,5,False,False,False,True,False,True,False,True,True,True,False
UCB,"United Community Banks, Inc. Common Stock",35.15,51.0,4238228930.0,29670988,22.7,-5.5,5,5,False,False,False,True,True,True,True,False,False,True,False
CVLT,"Commvault Systems, Inc. - Common Stock",131.55,50.9,5452032394.0,83104680,83.3,-33.6,0,2,False,False,False,True,False,False,False,False,True,False,False
MSEX,Middlesex Water Company - Common Stock,57.18,50.9,1077496832.0,8966470,29.5,-8.0,4,6,False,False,False,True,True,True,True,True,False,True,False
TYRA,"Tyra Biosciences, Inc. - Common Stock",23.54,50.9,1404795144.0,20625843,101.1,-42.1,5,3,False,False,False,False,True,True,False,False,True,False,False
NSC,Norfolk Southern Corporation Common Stock,323.3,50.8,72615886991.0,383194166,20.5,-9.8,5,5,False,False,False,True,True,True,True,False,False,True,False
PAGS,PagSeguro Digital Ltd. Class A Common Shares,10.13,50.8,2944565192.0,26268778,20.3,-17.8,0,3,False,False,False,True,False,False,False,True,False,True,False
RACE,Ferrari N.V. Common Shares,408.64,50.7,95599094374.0,173214224,30.8,-19.0,1,7,False,False,False,True,True,True,True,True,True,True,False
WFC,Wells Fargo & Company Common Stock,89.45,50.7,270496740605.0,1218030357,22.9,-8.5,3,4,False,False,False,True,False,True,False,True,False,True,False
SBCF,Seacoast Banking Corporation of Florida - Common Stock,33.86,50.6,3278419974.0,31109399,18.5,-6.6,5,3,False,False,False,True,False,True,False,False,False,True,False
BNL,"Broadstone Net Lease, Inc. Common Stock",20.53,50.6,3939562695.0,44194568,19.7,-11.1,5,5,False,False,False,True,True,True,True,False,False,True,False
MSI,"Motorola Solutions, Inc. Common Stock",463.88,50.6,76769258377.0,420098080,29.1,-6.3,1,6,False,False,False,True,True,True,True,True,False,True,False
PAYX,"Paychex, Inc. - Common Stock",115.18,50.5,41001830880.0,321764111,34.8,-15.3,1,4,False,False,False,True,False,True,False,False,True,True,False
TOWN,Towne Bank - Common Stock,37.09,50.5,2767556770.0,22385009,16.2,-5.0,3,5,False,False,False,True,True,True,True,False,False,True,False
FIBK,"First Interstate BancSystem, Inc. - Common Stock",36.88,50.4,3514833906.0,40923601,26.7,-9.2,5,5,False,False,False,True,True,True,True,False,False,True,False
BLCO,Bausch + Lomb Corporation Common Shares,17.55,50.4,6268250067.0,7022822,27.5,-7.2,5,4,False,False,False,True,False,True,False,True,False,True,False
PRI,"Primerica, Inc. Common Stock",289.04,50.4,8895885244.0,53611650,25.6,-11.7,5,5,False,False,False,True,True,True,True,False,False,True,False
GOOD,Gladstone Commercial Corporation - Real Estate Investment Trust,12.78,50.3,618647863.0,5193653,23.7,-3.8,4,6,False,False,False,True,True,True,True,True,False,True,False
TFPM,Triple Flag Precious Metals Corp. Common Shares,32.96,50.3,6809664940.0,17789878,23.9,-21.0,1,3,False,False,False,False,False,True,False,True,False,True,False
VNOM,"Viper Energy, Inc.  - Class A Common Stock",44.84,50.2,16106299002.0,65817174,27.7,-12.3,5,5,False,False,False,True,True,True,False,True,False,True,False
RRC,Range Resources Corporation Common Stock,41.88,50.2,9786498088.0,104429062,28.2,-13.3,5,5,False,False,False,True,True,True,False,True,False,True,False
BKR,Baker Hughes Company - Common Stock,59.4,50.1,58964839817.0,482830176,35.2,-15.6,5,4,False,False,False,False,True,True,False,False,True,True,False
ATEN,"A10 Networks, Inc. Common Stock",24.39,50.1,1770934022.0,38313424,47.6,-36.6,5,4,False,False,False,False,True,True,True,False,True,False,False
HESM,Hess Midstream LP Class A Representing Limited Partner Interests,40.2,50.1,5159705416.0,44892551,27.1,-3.0,5,6,False,False,False,True,True,True,True,True,False,True,False
HAS,"Hasbro, Inc. - Common Stock",90.16,50.0,12716569145.0,172169406,29.7,-15.7,5,4,False,False,False,False,True,True,False,True,False,True,False
RYTM,"Rhythm Pharmaceuticals, Inc. - Common Stock",102.2,50.0,7036682780.0,67357004,37.2,-16.4,3,4,False,False,False,True,False,True,False,False,True,True,False
BBIO,"BridgeBio Pharma, Inc. - Common Stock",72.5,49.9,14172841865.0,214970522,48.6,-22.4,5,3,False,False,False,False,False,True,False,False,True,True,False
HMN,Horace Mann Educators Corporation Common Stock,49.53,49.9,2006017205.0,12733424,20.0,-10.9,5,5,False,False,False,True,True,True,True,False,False,True,False
LOB,"Live Oak Bancshares, Inc. Common Stock",39.16,49.9,1812466559.0,8964164,33.4,-12.1,5,6,False,False,False,True,True,True,True,False,True,True,False
NOVT,Novanta Inc. - Common Shares,143.91,49.8,5442355281.0,63934606,46.4,-18.4,4,6,False,False,False,True,True,True,True,False,True,True,False
NU,Nu Holdings Ltd. Class A Ordinary Shares,15.02,49.8,72932217953.0,1194296656,34.1,-20.9,0,4,False,False,False,True,False,False,False,True,True,True,False
CWT,California Water Service Group Common Stock,48.86,49.7,3021458475.0,24621753,18.3,-9.2,3,5,False,False,False,True,True,True,True,False,False,True,False
F,Ford Motor Company Common Stock,13.88,49.7,54364401043.0,679351652,24.9,-21.9,5,5,False,False,False,True,True,True,True,False,False,True,False
SHOO,"Steven Madden, Ltd. - Common Stock",41.56,49.6,3041240068.0,43622037,38.6,-16.4,5,4,False,False,False,True,False,True,False,False,True,True,False
TBPH,"Theravance Biopharma, Inc. - Ordinary Shares",17.02,49.6,883657193.0,9664993,30.1,-19.1,5,4,False,False,False,False,False,True,False,True,True,True,False
ITT,ITT Inc. Common Stock ,196.23,49.6,17542962000.0,169214776,17.5,-14.8,5,4,False,False,False,False,True,True,True,False,False,True,False
CB,Chubb Limited  Common Stock,338.67,49.5,130658838248.0,629302549,27.7,-7.4,5,5,False,False,False,True,True,True,True,False,False,True,False
EMR,Emerson Electric Company Common Stock,148.37,49.5,82760786000.0,386512404,21.0,-10.8,5,5,False,False,False,True,True,True,True,False,False,True,False
IRM,Iron Mountain Incorporated (Delaware)Common Stock REIT,112.9,49.4,33610647475.0,223508473,45.2,-16.2,5,5,False,False,False,False,True,True,True,False,True,True,False
MANU,Manchester United Ltd. Class A Ordinary Shares,20.02,49.4,3452025757.0,6482389,37.2,-18.1,4,6,False,False,False,True,True,True,True,False,True,True,False
UTL,UNITIL Corporation Common Stock,53.13,49.4,968914490.0,6098850,18.3,-7.2,5,5,False,False,False,True,True,True,True,False,False,True,False
TXRH,"Texas Roadhouse, Inc. - Common Stock",181.05,49.3,11884289652.0,160808097,17.7,-16.3,3,5,False,False,False,True,True,True,True,False,False,True,False
DFIN,"Donnelley Financial Solutions, Inc. Common Stock ",48.37,49.3,1189194976.0,11686968,34.0,-14.0,1,5,False,False,False,True,False,True,False,True,True,True,False
EFSC,Enterprise Financial Services Corporation - Common Stock,63.92,49.2,2313425878.0,13839558,24.9,-7.0,5,5,False,False,False,True,True,True,True,False,False,True,False
EPR,EPR Properties Common Stock,59.33,49.2,4545207342.0,44482989,23.3,-8.7,4,5,False,False,False,True,True,True,True,False,False,True,False
LAMR,Lamar Advertising Company - Class A Common Stock,147.7,49.1,14998888327.0,90421408,29.1,-11.2,5,5,False,False,False,True,True,True,True,False,False,True,False
PYPL,"PayPal Holdings, Inc. - Common Stock",53.31,49.1,45604619193.0,824556115,38.6,-32.7,0,2,False,False,False,True,False,False,False,False,True,False,False
EDU,"New Oriental Education & Technology Group, Inc. Sponsored ADR representing 10 Ordinary Share (Cayman Islands)",54.58,49.1,8686174871.0,44808385,23.3,-16.0,1,4,False,False,False,True,False,True,False,True,False,True,False
SMMT,Summit Therapeutics Inc.  - Common Stock,17.0,49.0,13561743234.0,70682187,40.8,-41.8,0,3,False,False,False,True,False,False,False,True,True,False,False
RHLD,Resolute Holdings Management Common Stock ,128.31,49.0,1003332234.0,21229555,101.4,-45.7,5,2,False,False,False,False,False,True,False,False,True,False,False
AUPH,Aurinia Pharmaceuticals Inc - Common Shares,16.11,48.9,2143454316.0,18565947,55.8,-16.3,5,7,False,False,False,True,True,True,True,True,True,True,False
COLB,"Columbia Banking System, Inc. - Common Stock",30.04,48.9,8498384131.0,91465778,26.1,-10.8,5,5,False,False,False,True,True,True,True,False,False,True,False
USPH,"U.S. Physical Therapy, Inc. Common Stock",77.71,48.9,1159642862.0,16227289,33.5,-16.9,1,5,False,False,False,True,False,True,False,True,True,True,False
AVO,"Mission Produce, Inc. - Common Stock",13.24,48.8,1160862069.0,11007266,31.5,-14.7,2,6,False,False,False,True,True,True,False,True,True,True,False
ZM,"Zoom Communications, Inc. - Class A Common Stock",95.46,48.8,27853673052.0,306919316,35.0,-16.8,5,6,False,False,False,True,True,True,True,False,True,True,False
BLKB,"Blackbaud, Inc. - Common Stock",44.22,48.7,2007150089.0,22380311,72.9,-37.5,0,3,False,False,False,True,False,False,False,True,True,False,False
NWS,News Corporation - Class B Common Stock,32.78,48.7,17735705474.0,37923759,28.6,-8.3,2,6,False,False,False,True,True,True,True,True,False,True,False
FAST,Fastenal Company - Common Stock,49.01,48.6,56238856053.0,370505410,25.8,-7.4,2,6,False,False,False,True,True,True,True,True,False,True,False
DEA,"Easterly Government Properties, Inc. Common Stock",23.91,48.6,1131459862.0,8589709,16.3,-7.9,5,5,False,False,False,True,True,True,True,False,False,True,False
URI,"United Rentals, Inc. Common Stock",989.08,48.6,61562801020.0,490008656,41.0,-16.1,5,6,False,False,False,True,True,True,True,False,True,True,False
AMZN,"Amazon.com, Inc. - Common Stock",251.89,48.5,2716964525651.0,10353822513,28.5,-12.3,5,5,False,False,False,True,True,True,True,False,False,True,False
QTWO,"Q2 Holdings, Inc. Common Stock",60.33,48.5,3761858749.0,46901030,47.9,-29.2,0,3,False,False,False,True,False,False,False,True,True,False,False
ECAT,BlackRock ESG Capital Allocation Term Trust Common Shares of Beneficial Interest,15.04,48.4,1626350400.0,7516180,12.6,-10.7,5,5,False,False,False,True,True,True,True,False,False,True,False
MA,Mastercard Incorporated Common Stock,565.37,48.4,495269739778.0,1637716375,21.7,-6.0,1,4,False,False,False,True,False,True,False,True,False,True,False
SFBS,"ServisFirst Bancshares, Inc. Common Stock",42.34,48.4,4629668147.0,22552261,26.0,-8.0,2,5,False,False,False,True,True,True,True,False,False,True,False
GCO,Genesco Inc. Common Stock,33.31,48.3,369973271.0,7239471,51.9,-23.6,5,6,False,False,False,True,True,True,True,False,True,True,False
OC,Owens Corning Inc Common Stock New,127.49,48.3,10077916596.0,135102404,30.7,-20.3,2,6,False,False,False,True,True,True,True,False,True,True,False
FIGR,"Figure Technology Solutions, Inc. - Class A Common Stock",36.57,48.2,8205498779.0,128215671,51.7,-53.1,0,2,False,False,False,False,False,False,False,True,True,False,False
AFG,"American Financial Group, Inc. Common Stock",141.65,48.2,11745825659.0,53137752,15.1,-5.6,5,5,False,False,False,True,True,True,True,False,False,True,False
BMNR,"BitMine Immersion Technologies, Inc. Common Stock",24.2,48.1,14598078735.0,743122108,89.1,-63.1,0,3,False,False,False,True,False,False,False,True,True,False,False
CP,Canadian Pacific Kansas City Limited Common Shares,88.84,48.1,79268724609.0,220902775,29.8,-8.3,5,5,False,False,False,True,True,True,True,False,False,True,False
KEY,KeyCorp Common Stock,21.73,48.1,23188703478.0,230487662,31.9,-9.7,5,6,False,False,False,True,True,True,True,False,True,True,False
WFRD,Weatherford International plc - Ordinary shares,89.92,48.0,6430368392.0,102083620,47.8,-20.5,5,5,False,False,False,False,True,True,False,True,True,True,False
HTH,Hilltop Holdings Inc.,38.9,48.0,2228441621.0,9074118,26.4,-3.7,5,6,False,False,False,True,True,True,True,True,False,True,False
VSEC,VSE Corporation - Common Stock,192.64,47.9,5406436206.0,84484568,24.5,-22.3,5,4,False,False,False,False,True,True,True,False,False,True,False
WTW,Willis Towers Watson Public Limited Company - Ordinary Shares,315.41,47.9,29292737649.0,169881489,31.1,-10.6,1,4,False,False,False,True,False,True,False,False,True,True,False
APAM,Artisan Partners Asset Management Inc. Class A Common Stock,39.7,47.9,3218584959.0,34433314,16.9,-16.4,1,3,False,False,False,True,False,True,False,False,False,True,False
AR,Antero Resources Corporation Common Stock,39.17,47.8,12042385630.0,145429039,34.6,-14.4,4,6,False,False,False,True,True,True,False,True,True,True,False
BRC,Brady Corporation Common Stock,85.91,47.8,4029111475.0,17389926,21.7,-13.5,5,4,False,False,False,False,True,True,True,False,False,True,False
ECG,"Everus Construction Group, Inc. Common Stock",115.23,47.7,5884085822.0,73375187,50.5,-32.8,5,3,False,False,False,False,True,True,False,False,True,False,False
PH,Parker-Hannifin Corporation Common Stock,934.34,47.7,117771192185.0,610966132,30.6,-15.1,5,5,False,False,False,False,True,True,True,False,True,True,False
CCEP,Coca-Cola Europacific Partners plc - Ordinary Shares,102.88,47.6,46705712707.0,194050006,21.5,-9.5,3,5,False,False,False,True,True,True,True,False,False,True,False
MTUS,Metallus Inc. Common Shares,19.19,47.6,795411760.0,7555034,35.2,-15.0,5,6,False,False,False,True,True,True,True,False,True,True,False
UGI,UGI Corporation Common Stock,38.0,47.6,8150808746.0,67495288,20.2,-8.1,3,4,False,False,False,True,False,True,False,True,False,True,False
CZR,"Caesars Entertainment, Inc. - Common Stock",29.65,47.5,6040309030.0,105885910,66.0,-4.0,4,6,False,False,False,True,True,True,True,False,True,True,False
IIPR,"Innovative Industrial Properties, Inc. Common Stock",55.6,47.5,1532967004.0,18664418,24.7,-15.0,5,5,False,False,False,True,True,True,True,False,False,True,False
BKD,Brookdale Senior Living Inc. Common Stock,12.2,47.4,2913570474.0,67698206,67.4,-28.6,5,3,False,False,False,False,True,True,False,False,True,False,False
TOST,"Toast, Inc. Class A Common Stock",31.94,47.4,18461320000.0,312041615,43.5,-24.2,0,3,False,False,False,True,False,False,False,False,True,True,False
KDP,Keurig Dr Pepper Inc. - Common Stock,31.46,47.3,42811587155.0,366561425,26.4,-7.0,3,6,False,False,False,True,True,True,True,True,False,True,False
AES,The AES Corporation Common Stock,14.8,47.3,10558891724.0,113849606,20.0,-16.1,5,6,False,False,False,True,True,True,True,True,False,True,False
HOMB,"Home BancShares, Inc. Common Stock",29.77,47.3,5955477485.0,48574579,16.7,-6.1,2,5,False,False,False,True,True,True,True,False,False,True,False
FCNCA,"First Citizens BancShares, Inc. - Class A Common Stock",2165.4299,47.2,24454460842.0,147761123,33.4,-5.7,4,5,False,False,False,True,False,True,False,True,True,True,False
AROC,"Archrock, Inc. Common Stock",32.36,47.2,5673943667.0,60583967,41.4,-23.4,5,4,False,False,False,False,True,True,False,False,True,True,False
CSW,"CSW Industrials, Inc. Common Stock",291.7,47.1,4752810158.0,44793323,26.6,-17.9,4,3,False,False,False,True,False,True,False,False,False,True,False
ESI,Element Solutions Inc. Common Stock,34.17,47.1,8326918531.0,207579299,49.5,-30.6,5,3,False,False,False,False,True,True,False,False,True,False,False
RXO,"RXO, Inc. Common Stock",19.51,47.1,3217708757.0,40845476,87.1,-34.7,5,4,False,False,False,False,True,True,True,False,True,False,False
SBUX,Starbucks Corporation - Common Stock,99.22,47.0,113110800000.0,707709849,27.2,-10.2,5,4,False,False,False,False,True,True,True,False,False,True,False
CMG,"Chipotle Mexican Grill, Inc. Common Stock",36.13,47.0,45719552340.0,581809310,28.9,-15.6,1,4,False,False,False,True,False,True,False,True,False,True,False
AESI,Atlas Energy Solutions Inc. Common Stock,13.87,46.9,1733797865.0,41797216,81.5,-31.1,5,4,False,False,False,False,True,True,False,True,True,False,False
MCB,Metropolitan Bank Holding Corp. Common Stock,90.65,46.9,1123858576.0,12539632,40.2,-11.2,5,6,False,False,False,True,True,True,True,False,True,True,False
VRSN,"VeriSign, Inc. - Common Stock",288.85,46.8,26083155000.0,213419396,38.3,-7.6,2,7,False,False,False,True,True,True,True,True,True,True,False
CPA,"Copa Holdings, S.A. Class A Common Stock",128.56,46.8,5288772374.0,37921958,19.7,-19.9,5,4,False,False,False,False,True,True,True,False,False,True,False
SPG,"Simon Property Group, Inc. Common Stock",204.67,46.8,66221288575.0,312740971,18.9,-14.2,5,5,False,False,False,True,True,True,True,False,False,True,False
IOT,Samsara Inc. Class A Common Stock,38.44,46.7,22510664234.0,233469284,64.4,-19.0,1,5,False,False,False,True,False,True,False,True,True,True,False
VMI,"Valmont Industries, Inc. Common Stock",477.03,46.7,9208996412.0,95542080,32.0,-18.6,5,5,False,False,False,False,True,True,True,False,True,True,False
CAAP,Corporacion America Airports SA Common Shares,24.78,46.6,4094130438.0,5019660,42.7,-18.8,5,4,False,False,False,False,False,True,False,True,True,True,False
DLR,"Digital Realty Trust, Inc. Common Stock",185.37,46.6,68593605945.0,502926332,26.8,-10.9,5,4,False,False,False,False,True,True,True,False,False,True,False
ESE,ESCO Technologies Inc. Common Stock,267.26,46.6,6924056356.0,60484625,38.0,-26.2,5,4,False,False,False,False,True,True,True,False,True,False,False
JKHY,"Jack Henry & Associates, Inc. - Common Stock",161.42,46.5,11317577183.0,160213100,33.4,-16.5,2,5,False,False,False,True,False,True,False,True,True,True,False
TNDM,"Tandem Diabetes Care, Inc. - Common Stock",18.31,46.5,1273986125.0,35016020,59.8,-38.2,5,2,False,False,False,False,False,True,False,False,True,False,False
BBAR,Banco BBVA Argentina S.A. ADS,15.34,46.4,3132990871.0,11412268,97.7,-31.7,4,2,False,False,False,False,False,True,False,False,True,False,False
SF,Stifel Financial Corporation Common Stock,79.69,46.4,12033328182.0,88990543,17.5,-11.3,2,3,False,False,False,True,False,True,False,False,False,True,False
BKH,Black Hills Corporation Common Stock,72.28,46.3,5511577031.0,56432892,24.4,-8.1,5,5,False,False,False,True,True,True,True,False,False,True,False
CUZ,Cousins Properties Incorporated Common Stock,27.94,46.3,4598981501.0,44535120,32.9,-15.2,4,6,False,False,False,True,True,True,True,False,True,True,False
EQX,Equinox Gold Corp. Common Shares,12.2,46.3,14243009828.0,146174503,43.8,-35.7,1,3,False,False,False,False,False,True,False,True,True,False,False
AWK,"American Water Works Company, Inc. Common Stock",139.84,46.2,27790261822.0,299951413,16.0,-4.0,1,6,False,False,False,True,True,True,True,True,False,True,False
FNB,F.N.B. Corporation Common Stock,18.26,46.2,6445797749.0,89331793,26.3,-6.8,5,5,False,False,False,True,True,True,True,False,False,True,False
DLTR,"Dollar Tree, Inc. - Common Stock",118.66,46.1,22264211279.0,320239960,40.1,-16.7,3,4,False,False,False,True,False,True,False,False,True,True,False
CNA,CNA Financial Corporation Common Stock,47.48,46.1,12848132061.0,22291507,14.3,-14.8,5,5,False,False,False,True,True,True,True,False,False,True,False
TFC,Truist Financial Corporation Common Stock,50.33,46.1,61484446042.0,351049181,23.4,-10.4,5,5,False,False,False,True,True,True,True,False,False,True,False
TROW,"T. Rowe Price Group, Inc. - Common Stock",107.55,46.0,22942119668.0,196390829,26.2,-11.8,5,5,False,False,False,True,True,True,True,False,False,True,False
MGY,Magnolia Oil & Gas Corporation Class A Common Stock,27.7,46.0,6564029998.0,121728420,31.5,-15.4,5,6,False,False,False,True,True,True,False,True,True,True,False
VRDN,"Viridian Therapeutics, Inc.  - Common Stock",22.29,45.9,2525284676.0,35401784,69.1,-35.0,0,2,False,False,False,False,False,False,False,True,True,False,False
FRT,Federal Realty Investment Trust Common Stock,114.84,45.9,9978348034.0,96625895,27.6,-10.4,5,5,False,False,False,True,True,True,True,False,False,True,False
DLX,Deluxe Corporation Common Stock,23.64,45.8,1084042696.0,10244144,33.1,-26.3,5,3,False,False,False,False,True,True,False,False,True,False,False
MAX,"MediaAlpha, Inc. Class A Common Stock",11.74,45.8,719239102.0,11095329,65.6,-20.1,2,4,False,False,False,True,False,True,False,False,True,True,False
NGVT,Ingevity Corporation Common Stock ,67.13,45.8,2307789904.0,16902883,46.4,-15.3,5,5,False,False,False,False,True,True,True,False,True,True,False
NXE,Nexgen Energy Ltd. Common Shares,10.21,45.7,6845867291.0,47676545,39.3,-26.9,5,4,False,False,False,False,True,True,False,True,True,False,False
PJT,PJT Partners Inc. Class A Common Stock,171.74,45.7,7043333730.0,73119169,34.5,-12.2,1,5,False,False,False,True,False,True,False,True,True,True,False
FDUS,Fidus Investment Corporation - Closed End Fund,19.49,45.6,739730554.0,7694808,15.5,-9.9,2,5,False,False,False,True,True,True,True,False,False,True,False
GOOGL,Alphabet Inc. - Class A Common Stock,332.6,45.6,4067698000000.0,9325824987,41.0,-18.6,5,5,False,False,False,False,True,True,True,False,True,True,False
CMP,Compass Minerals Intl Inc Common Stock,25.07,45.6,1052460511.0,11871300,52.9,-27.3,5,4,False,False,False,False,True,True,True,False,True,False,False
IRON,"Disc Medicine, Inc. - Common Stock",74.14,45.5,2846445454.0,35043762,85.3,-25.5,0,2,False,False,False,True,False,False,False,False,True,False,False
GTY,Getty Realty Corporation Common Stock,32.47,45.5,2010954737.0,16609672,27.9,-11.8,5,4,False,False,False,False,True,True,True,False,False,True,False
MOS,Mosaic Company (The) Common Stock,25.4,45.4,8074549408.0,181222751,28.3,-31.3,0,2,False,False,False,True,False,False,False,True,False,False,False
PNFP,"Pinnacle Financial Partners, Inc. Common stock",99.14,45.4,14981307130.0,110138092,22.3,-10.1,4,5,False,False,False,True,True,True,True,False,False,True,False
OCSL,Oaktree Specialty Lending Corporation - Closed End Fund,12.58,45.3,1108115879.0,6344538,18.3,-12.1,2,4,False,False,False,True,False,True,False,True,False,True,False
ALX,"Alexander's, Inc. Common Stock",253.3,45.3,1293676557.0,9003381,25.8,-12.5,5,5,False,False,False,True,True,True,True,False,False,True,False
EGP,"EastGroup Properties, Inc. Common Stock",196.7,45.3,10577211454.0,91268663,20.6,-13.2,5,4,False,False,False,False,True,True,True,False,False,True,False
SLM,SLM Corporation - Common Stock,25.58,45.2,4807683186.0,62695996,44.0,-17.6,0,3,False,False,False,True,False,False,False,False,True,True,False
EL,"Estee Lauder Companies, Inc. (The) Common Stock",96.47,45.2,34902707758.0,274833342,45.7,-20.7,1,5,False,False,False,True,False,True,False,True,True,True,False
GOOG,Alphabet Inc. - Class C Capital Stock,330.39,45.1,4040669700000.0,6198503842,39.7,-18.3,5,5,False,False,False,False,True,True,True,False,True,True,False
HIFS,Hingham Institution for Savings - Common Stock,308.39,45.1,662236686.0,13267921,24.1,-8.8,5,4,False,False,False,True,False,True,False,True,False,True,False
J,Jacobs Solutions Inc. Common Stock,140.53,45.1,16447436004.0,121549728,33.0,-16.6,0,4,False,False,False,True,False,False,False,True,True,True,False
DXYZ,Destiny Tech100 Inc. Common Stock,32.05,45.0,,33074477,62.6,-56.0,1,4,False,False,False,False,True,True,False,True,True,False,False
HRI,Herc Holdings Inc. Common Stock ,142.04,45.0,4748602306.0,74805597,60.6,-24.6,4,4,False,False,False,True,False,True,False,False,True,True,False
RDN,Radian Group Inc. Common Stock,36.22,44.9,4791953738.0,40692171,15.0,-11.8,5,5,False,False,False,True,True,True,True,False,False,True,False
VVX,"V2X, Inc. Common Stock",72.56,44.9,2274419176.0,51603455,42.6,-22.8,5,5,False,False,False,False,True,True,True,False,True,True,False
ASO,"Academy Sports and Outdoors, Inc. - Common Stock",54.215,44.8,3362325984.0,76385003,31.3,-13.2,1,5,False,False,False,True,False,True,False,True,True,True,False
NLY,Annaly Capital Management Inc. Common Stock,22.0,44.8,16581717724.0,157443493,10.0,-10.3,5,5,False,False,False,True,True,True,True,False,False,True,False
SW,Smurfit WestRock plc Ordinary Shares,42.21,44.8,22140111947.0,223976148,29.0,-19.8,2,4,False,False,False,False,True,True,True,False,False,True,False
ABCB,Ameris Bancorp Common Stock,84.62,44.7,5678614564.0,34903462,23.0,-9.2,5,5,False,False,False,True,True,True,True,False,False,True,False
TEX,Terex Corporation Common Stock,59.64,44.7,6816852000.0,76628874,43.0,-20.1,5,5,False,False,False,False,True,True,True,False,True,True,False
EME,"EMCOR Group, Inc. Common Stock",748.33,44.6,33008762215.0,319261689,32.5,-21.4,5,4,False,False,False,False,True,True,False,False,True,True,False
LBRT,Liberty Energy Inc. Class A common stock,20.76,44.6,3387853796.0,88580906,107.8,-39.8,5,3,False,False,False,False,True,True,False,False,True,False,False
MNTN,"MNTN, Inc. Class A Common Stock",11.67,44.6,872952912.0,11614663,52.2,-44.1,0,3,False,False,False,True,False,False,False,True,True,False,False
ACLS,"Axcelis Technologies, Inc. - Common Stock",113.3,44.5,3498872704.0,54282474,53.9,-41.5,5,4,False,False,False,False,True,True,True,False,True,False,False
ROK,"Rockwell Automation, Inc. Common Stock",421.37,44.5,46887505576.0,346482840,26.6,-15.3,5,4,False,False,False,False,True,True,True,False,False,True,False
DNP,"DNP Select Income Fund, Inc. Common Stock",10.61,44.4,,6786982,9.5,-4.9,5,5,False,False,False,True,True,True,True,False,False,True,False
ETR,Entergy Corporation Common Stock,105.73,44.4,49336948284.0,273145601,21.7,-10.7,5,4,False,False,False,False,True,True,True,False,False,True,False
HQY,"HealthEquity, Inc. - Common Stock",94.55,44.3,7820731237.0,79059780,29.9,-12.1,2,3,False,False,False,True,False,True,False,False,False,True,False
VCEL,Vericel Corporation - Common Stock,37.87,44.3,1939194472.0,21610957,30.8,-23.2,3,5,False,False,False,False,True,True,True,False,True,True,False
FHN,First Horizon Corporation Common Stock,24.76,44.3,11730722432.0,128113181,25.1,-6.8,5,5,False,False,False,True,True,True,True,False,False,True,False
QCOM,QUALCOMM Incorporated - Common Stock,176.88,44.2,185765375946.0,2042914534,45.0,-31.9,0,5,False,False,False,True,True,False,True,True,True,False,False
LEA,Lear Corporation Common Stock,127.84,44.2,6305677830.0,79550380,33.1,-15.0,5,5,False,False,False,False,True,True,True,False,True,True,False
FOXF,Fox Factory Holding Corp. - Common Stock,19.62,44.1,824648240.0,10194523,50.0,-32.3,1,6,False,False,False,True,True,True,True,True,True,False,False
CVSA,Covista Inc. Common Shares,123.63,44.1,4208219317.0,45322059,42.2,-20.9,1,6,False,False,False,True,True,True,True,False,True,True,False
UPS,"United Parcel Service, Inc. Common Stock",99.97,44.1,85052634753.0,504230808,21.9,-18.3,5,4,False,False,False,False,True,True,True,False,False,True,False
GE,GE Aerospace Common Stock,324.15,44.0,336325888589.0,1310376070,20.5,-16.6,5,4,False,False,False,False,True,True,True,False,False,True,False
NJR,NewJersey Resources Corporation Common Stock,53.34,44.0,5412300240.0,33519529,22.7,-12.4,5,4,False,False,False,False,True,True,True,False,False,True,False
EXPO,"Exponent, Inc. - Common Stock",67.33,43.9,3201277836.0,30503063,29.7,-17.8,1,4,False,False,False,True,False,True,False,True,False,True,False
SXI,Standex International Corporation Common Stock,266.87,43.9,3277554565.0,44483983,34.3,-26.7,5,4,False,False,False,False,True,True,True,False,True,False,False
FRME,First Merchants Corporation - Common Stock,41.1,43.8,2581138485.0,17755748,18.6,-9.3,5,5,False,False,False,True,True,True,True,False,False,True,False
RDWR,Radware Ltd. - Ordinary Shares,28.0,43.8,1184595160.0,6749914,29.2,-14.6,4,5,False,False,False,True,True,True,True,False,False,True,False
AX,"Axos Financial, Inc. Common Stock",93.72,43.8,5317189392.0,31316603,25.1,-11.4,3,5,False,False,False,True,True,True,True,False,False,True,False
COF,Capital One Financial Corporation Common Stock,207.11,43.7,127058844384.0,774119990,18.9,-20.2,1,3,False,False,False,True,False,True,False,False,False,True,False
TYG,Tortoise Energy Infrastructure Corporation Common Stock,43.93,43.7,523992779.0,5866425,8.9,-14.2,5,4,False,False,False,False,True,True,False,True,False,True,False
CLPT,ClearPoint Neuro Inc. - Common Stock,13.48,43.6,411196980.0,8601850,63.0,-55.2,0,2,False,False,False,True,False,False,False,False,True,False,False
LSTR,"Landstar System, Inc. - Common Stock",173.7,43.6,5894843873.0,83808893,45.6,-24.0,5,5,False,False,False,False,True,True,True,False,True,True,False
D,"Dominion Energy, Inc. Common Stock",65.05,43.5,57213162982.0,286473312,16.5,-10.9,5,5,False,False,False,True,True,True,True,False,False,True,False
MO,"Altria Group, Inc.",68.79,43.5,114861684670.0,586465429,25.8,-10.7,5,5,False,False,False,True,True,True,True,False,False,True,False
TGS,Transportadora de Gas del Sur SA TGS Common Stock,30.74,43.5,4627974997.0,6346368,55.7,-15.4,0,4,False,False,False,True,False,False,False,True,True,True,False
SCHL,Scholastic Corporation - Common Stock,35.27,43.4,668887226.0,13890326,55.4,-26.6,5,4,False,False,False,False,True,True,True,False,True,False,False
VKTX,"Viking Therapeutics, Inc. - Common Stock",32.13,43.4,3748058866.0,69570656,39.9,-25.5,0,1,False,False,False,False,False,False,False,False,True,False,False
MPWR,"Monolithic Power Systems, Inc. - Common Stock",1186.08,43.3,58287529440.0,1036413548,42.9,-30.8,5,3,False,False,False,False,True,True,False,False,True,False,False
CBT,Cabot Corporation Common Stock,78.79,43.3,4068007042.0,35714991,35.1,-16.7,5,5,False,False,False,False,True,True,True,False,True,True,False
EVTC,"Evertec, Inc. Common Stock",29.15,43.3,1741786599.0,12248398,33.7,-16.2,1,4,False,False,False,True,False,True,False,False,True,True,False
INMD,InMode Ltd.  - Ordinary Shares,14.77,43.2,848991002.0,8123115,16.1,-11.8,2,3,False,False,False,True,False,True,False,False,False,True,False
TFX,Teleflex Incorporated Common Stock,132.0,43.2,5593156404.0,74666659,31.8,-9.0,5,6,False,False,False,True,True,True,True,False,True,True,False
CTRE,"CareTrust REIT, Inc. Common Stock",38.82,43.1,9172901985.0,88974289,18.4,-11.0,5,4,False,False,False,False,True,True,True,False,False,True,False
OMC,Omnicom Group Inc. Common Stock,79.45,43.1,21796787078.0,234917176,19.8,-11.3,5,5,False,False,False,True,True,True,True,False,False,True,False
EVRG,"Evergy, Inc. - Common Stock",81.36,43.0,18758945114.0,169892288,14.6,-8.2,5,4,False,False,False,False,True,True,True,False,False,True,False
CBOE,"Cboe Global Markets, Inc. Common Stock",287.49,43.0,32146772438.0,305759984,26.6,-22.5,5,4,False,False,False,False,True,True,False,True,False,True,False
OHI,"Omega Healthcare Investors, Inc. Common Stock",46.95,43.0,14226460350.0,87067606,19.6,-10.4,5,5,False,False,False,True,True,True,True,False,False,True,False
MDLZ,"Mondelez International, Inc. - Class A Common Stock",62.47,42.9,79730964321.0,516947775,22.0,-6.3,3,6,False,False,False,True,True,True,True,True,False,True,False
XPO,"XPO, Inc. Common Stock",182.34,42.9,21349546028.0,190183510,50.1,-21.4,5,4,False,False,False,False,True,True,False,False,True,True,False
WIX,Wix.com Ltd. - Ordinary Shares,75.52,42.8,3160475071.0,105218444,88.0,-60.4,0,3,False,False,False,True,False,False,False,True,True,False,False
BOH,Bank of Hawaii Corporation Common Stock,75.82,42.8,2991129025.0,29685873,27.7,-12.2,5,4,False,False,False,False,True,True,True,False,False,True,False
SNA,Snap-On Incorporated Common Stock,374.83,42.8,19388877889.0,130309358,16.8,-11.4,5,4,False,False,False,False,True,True,True,False,False,True,False
ORI,Old Republic International Corporation Common Stock,40.84,42.7,9860120534.0,52683851,11.4,-12.7,5,3,False,False,False,True,False,True,False,False,False,True,False
UMH,"UMH Properties, Inc. Common Stock",15.54,42.7,1326892224.0,9622355,11.6,-7.3,3,5,False,False,False,True,True,True,True,False,False,True,False
DG,Dollar General Corporation Common Stock,122.99,42.6,27133659002.0,297868752,29.3,-22.3,3,2,False,False,False,False,False,True,False,False,False,True,False
SYF,Synchrony Financial Common Stock,75.44,42.6,28068021421.0,268012252,19.6,-15.0,5,3,False,False,False,True,False,True,False,False,False,True,False
AVPT,"AvePoint, Inc. - Class A Common Stock",12.78,42.5,2703806144.0,25731421,44.7,-23.8,0,3,False,False,False,True,False,False,False,False,True,True,False
MYRG,"MYR Group, Inc. - Common Stock",284.47,42.5,4428984548.0,101266000,65.9,-43.5,5,3,False,False,False,False,True,True,False,False,True,False,False
VOYG,"Voyager Technologies, Inc. Class A Common Stock",32.97,42.5,2043076981.0,50639663,89.4,-37.1,1,5,False,False,False,True,True,True,True,False,True,False,False
PPTA,Perpetua Resources Corp. - Common Shares,23.67,42.4,2961017657.0,25075739,44.0,-36.7,1,3,False,False,False,False,False,True,False,True,True,False,False
VTOL,"Bristow Group, Inc. Common Stock",42.75,42.4,1267195500.0,9904735,22.0,-15.1,5,3,False,False,False,False,True,True,False,False,False,True,False
CLS,"Celestica, Inc. Common Stock",325.22,42.3,37391553859.0,832340604,43.3,-31.4,0,2,False,False,False,False,True,False,False,False,True,False,False
FLS,Flowserve Corporation Common Stock,72.83,42.3,9257623767.0,130192774,49.5,-21.2,5,4,False,False,False,False,True,True,False,False,True,True,False
GTES,Gates Industrial Corporation Ltd. Common Shares,25.63,42.3,6488264487.0,50347544,22.7,-15.5,5,4,False,False,False,False,True,True,True,False,False,True,False
CARG,"CarGurus, Inc. - Class A Common Stock",33.3,42.2,2966146817.0,35415714,26.2,-19.2,1,2,False,False,False,False,False,True,False,False,False,True,False
VCYT,"Veracyte, Inc. - Common Stock",42.03,42.2,3378822424.0,60756056,42.7,-31.0,5,2,False,False,False,False,False,True,False,False,True,False,False
WTFC,Wintrust Financial Corporation - Common Stock,150.75,42.1,10170494525.0,92335699,26.0,-9.8,5,5,False,False,False,True,True,True,True,False,False,True,False
SYY,Sysco Corporation Common Stock,82.31,42.1,39434393077.0,260871374,20.7,-10.4,3,5,False,False,False,True,True,True,True,False,False,True,False
CTAS,Cintas Corporation - Common Stock,198.44,42.0,79409647685.0,426866987,23.1,-9.5,2,3,False,False,False,True,False,True,False,False,False,True,False
RLI,RLI Corp. Common Stock (DE),60.44,42.0,5546758307.0,47065936,27.9,-10.2,2,3,False,False,False,True,False,True,False,False,False,True,False
TRNO,Terreno Realty Corporation Common Stock,65.02,42.0,7085249556.0,52807058,16.3,-17.6,5,4,False,False,False,False,True,True,True,False,False,True,False
AGNC,AGNC Investment Corp. - Common Stock,10.19,41.9,12080055945.0,199910548,5.8,-16.4,5,4,False,False,False,False,True,True,True,False,False,True,False
CINF,Cincinnati Financial Corporation - Common Stock,169.59,41.9,26028341652.0,120771557,13.1,-12.9,5,5,False,False,False,True,True,True,True,False,False,True,False
URBN,"Urban Outfitters, Inc. - Common Stock",75.6,41.8,6474012275.0,85541076,27.0,-11.5,3,4,False,False,False,True,False,True,False,True,False,True,False
KMI,"Kinder Morgan, Inc. Common Stock",30.95,41.8,68919524655.0,321274524,20.9,-11.1,5,3,False,False,False,False,True,True,False,False,False,True,False
PLOW,"Douglas Dynamics, Inc. Common Stock",40.52,41.8,935081904.0,11988244,42.1,-26.3,5,3,False,False,False,False,True,True,False,False,True,False,False
WLFC,Willis Lease Finance Corporation - Common Stock,56.19,41.7,1188087597.0,17634170,47.9,-31.1,5,3,False,False,False,False,True,True,False,False,True,False,False
SKY,"Champion Homes, Inc. Common Stock",81.75,41.7,4437400955.0,54100166,28.4,-17.6,5,2,False,False,False,False,False,True,False,False,False,True,False
GD,General Dynamics Corporation Common Stock,354.25,41.6,95844886329.0,391385783,15.5,-11.4,5,4,False,False,False,False,True,True,True,False,False,True,False
LYV,"Live Nation Entertainment, Inc. Common Stock",170.08,41.6,40076606909.0,352862443,35.7,-10.1,5,6,False,False,False,True,True,True,True,False,True,True,False
AAT,"American Assets Trust, Inc. Common Stock",21.38,41.5,1312822074.0,9546140,20.7,-17.7,5,5,False,False,False,True,True,True,True,False,False,True,False
FR,"First Industrial Realty Trust, Inc. Common Stock",60.78,41.5,8057783658.0,66430488,21.0,-13.0,5,4,False,False,False,False,True,True,True,False,False,True,False
RNST,Renasant Corporation Common Stock,40.53,41.5,3704622966.0,25234375,22.7,-9.0,5,5,False,False,False,True,True,True,True,False,False,True,False
MDT,Medtronic plc. Ordinary Shares,91.62,41.4,117194613482.0,663503740,25.0,-13.8,1,4,False,False,False,True,False,True,False,True,False,True,False
NWN,Northwest Natural Holding Company Common Stock,49.06,41.4,2065108974.0,10758950,19.3,-12.4,5,3,False,False,False,False,True,True,False,False,False,True,False
TCBI,"Texas Capital Bancshares, Inc. - Common Stock",98.9,41.3,4299615094.0,45644448,31.1,-9.2,5,5,False,False,False,False,True,True,True,False,True,True,False
DRI,"Darden Restaurants, Inc. Common Stock",207.53,41.3,23674600907.0,245979473,22.8,-9.7,3,5,False,False,False,True,True,True,True,False,False,True,False
HLF,Herbalife Ltd. Common Shares,12.28,41.3,1286985506.0,19744381,62.4,-39.8,5,2,False,False,False,False,False,True,False,False,True,False,False
AMPH,"Amphastar Pharmaceuticals, Inc. - Common Stock",23.54,41.2,1001343202.0,8875028,41.4,-20.3,0,4,False,False,False,True,False,False,False,True,True,True,False
CDW,CDW Corporation - Common Stock,142.6,41.2,17827484948.0,260953552,46.8,-16.9,0,4,False,False,False,True,False,False,False,True,True,True,False
FWONK,Liberty Media Corporation - Series C Liberty Formula One Common Stock,95.44,41.1,23927617808.0,193610303,19.1,-12.7,1,3,False,False,False,True,False,True,False,False,False,True,False
HIG,"The Hartford Insurance Group, Inc. Common Stock",136.8,41.1,37055289874.0,210668049,13.7,-6.3,5,5,False,False,False,True,True,True,True,False,False,True,False
AKAM,"Akamai Technologies, Inc. - Common Stock",107.13,41.0,15396360322.0,401140577,51.3,-35.2,5,3,False,False,False,False,True,True,False,False,True,False,False
CRVL,CorVel Corp. - Common Stock,67.69,41.0,3419466691.0,11235325,51.0,-24.0,0,4,False,False,False,True,False,False,False,True,True,True,False
DDS,"Dillard's, Inc. Common Stock",624.33,41.0,9751691843.0,88944924,24.1,-15.9,1,4,False,False,False,True,False,True,False,True,False,True,False
HLIT,Harmonic Inc. - Common Stock,11.64,40.9,1269533420.0,19351605,37.4,-34.2,5,4,False,False,False,False,True,True,True,False,True,False,False
PB,"Prosperity Bancshares, Inc. Common Stock",71.49,40.9,8591437359.0,76298070,17.1,-7.4,4,5,False,False,False,True,True,True,True,False,False,True,False
AFRM,"Affirm Holdings, Inc. - Class A Common Stock",67.99,40.8,22941271195.0,326963311,61.5,-26.5,2,3,False,False,False,True,False,True,False,False,True,False,False
UAL,"United Airlines Holdings, Inc. - Common Stock",106.49,40.8,34564925880.0,448169849,25.8,-23.3,5,2,False,False,False,False,False,True,False,False,False,True,False
AER,AerCap Holdings N.V. Ordinary Shares,140.43,40.8,21686614028.0,155451750,18.1,-11.6,5,4,False,False,False,False,True,True,True,False,False,True,False
WGS,GeneDx Holdings Corp. - Class A Common Stock,83.96,40.7,2503900542.0,49380779,160.7,-50.9,0,2,False,False,False,False,False,False,False,True,True,False,False
CNX,CNX Resources Corporation Common Stock,36.67,40.7,5425093169.0,53641487,27.2,-15.9,5,3,False,False,False,False,False,True,False,True,False,True,False
CLSK,"CleanSpark, Inc. - Common Stock",12.8,40.6,3287258534.0,275402617,60.0,-45.8,0,4,False,False,False,True,True,False,True,False,True,False,False
CHT,"Chunghwa Telecom Co., Ltd.",44.53,40.6,34543909443.0,7934816,13.4,-4.2,3,6,False,False,False,True,True,True,True,True,False,True,False
FWONA,Liberty Media Corporation - Series A Liberty Formula One Common Stock,86.99,40.5,21809131110.0,14057262,18.0,-12.6,1,3,False,False,False,True,False,True,False,False,False,True,False
AYI,Acuity Inc. Common Stock,316.25,40.5,9467116739.0,90312256,23.0,-16.8,0,1,False,False,False,False,False,False,False,False,False,True,False
DEC,Diversified Energy Company Common Stock,14.94,40.5,1146738988.0,12197951,21.2,-21.0,2,5,False,False,False,True,True,True,False,True,False,True,False
AGX,"Argan, Inc. Common Stock",396.33,40.4,5560447280.0,180086064,80.9,-50.8,5,3,False,False,False,False,True,True,False,False,True,False,False
NTST,NetSTREIT Corp. Common Stock,19.73,40.4,2003147401.0,32298250,15.9,-12.2,5,4,False,False,False,False,True,True,True,False,False,True,False
DOW,Dow Inc. Common Stock ,29.64,40.3,21410178674.0,282927756,43.5,-30.7,5,3,False,False,False,False,True,True,False,False,True,False,False
HLIO,"Helios Technologies, Inc. Common Stock",68.06,40.3,2242616271.0,24108920,44.8,-28.4,5,4,False,False,False,False,True,True,True,False,True,False,False
KRG,Kite Realty Group Trust Common Stock,25.95,40.3,5199002911.0,67958584,21.7,-13.3,5,4,False,False,False,False,True,True,True,False,False,True,False
APEI,"American Public Education, Inc. - Common Stock",44.86,40.2,821007219.0,15296365,48.5,-27.2,5,3,False,False,False,False,True,True,False,False,True,False,False
SWX,"Southwest Gas Holdings, Inc. Common Stock (DE)",86.9,40.2,6295544626.0,41459891,13.2,-8.0,5,4,False,False,False,False,True,True,True,False,False,True,False
BLBD,Blue Bird Corporation - Common Stock,62.05,40.1,1965498220.0,37040281,34.5,-25.6,5,4,False,False,False,False,True,True,True,False,True,False,False
CMI,Cummins Inc. Common Stock,550.03,40.1,75719597785.0,592487817,38.9,-25.4,5,4,False,False,False,False,True,True,True,False,True,False,False
ACGL,Arch Capital Group Ltd. - Common Stock,96.2,40.0,32826241921.0,209594535,16.7,-10.2,5,4,False,False,False,False,True,True,True,False,False,True,False
CEVA,"CEVA, Inc. - Common Stock",27.96,40.0,787187853.0,26789650,64.3,-45.8,5,4,False,False,False,False,True,True,True,False,True,False,False
ED,"Consolidated Edison, Inc. Common Stock",106.73,40.0,39471810000.0,238830196,12.4,-8.2,5,4,False,False,False,False,True,True,True,False,False,True,False
NBIX,"Neurocrine Biosciences, Inc. - Common Stock",156.57,39.9,15915212269.0,201108841,28.2,-15.9,5,5,False,False,False,True,True,True,True,False,False,True,False
SCI,Service Corporation International Common Stock,79.73,39.9,10892670662.0,80565088,16.5,-12.4,2,4,False,False,False,False,True,True,True,False,False,True,False
CNNE,"Cannae Holdings, Inc. Common Stock",15.18,39.8,658420766.0,6879124,45.1,-23.6,0,4,False,False,False,True,False,False,False,True,True,True,False
ITW,Illinois Tool Works Inc. Common Stock,265.2,39.8,75528960000.0,350719014,11.0,-12.5,3,4,False,False,False,False,True,True,True,False,False,True,False
SON,Sonoco Products Company Common Stock,48.43,39.8,4788516395.0,61534601,25.3,-20.2,5,4,False,False,False,False,True,True,True,False,False,True,False
JOE,St. Joe Company (The) Common Stock,63.9,39.7,3637855819.0,13943647,37.8,-13.1,5,4,False,False,False,False,True,True,False,False,True,True,False
MLI,"Mueller Industries, Inc. Common Stock",60.16,39.7,13306272302.0,86719115,26.3,-15.4,5,4,False,False,False,False,True,True,True,False,False,True,False
ELAN,Elanco Animal Health Incorporated Common Stock,22.86,39.6,11421355034.0,149493238,25.5,-18.3,5,4,False,False,False,False,True,True,True,False,False,True,False
SAH,"Sonic Automotive, Inc. Common Stock",76.52,39.6,2419164649.0,23800661,41.4,-32.7,4,5,False,False,False,True,True,True,True,False,True,False,False
ALLE,Allegion plc Ordinary Shares,151.27,39.5,12863514618.0,205528058,21.0,-17.4,0,2,False,False,False,True,False,False,False,False,False,True,False
ALLY,Ally Financial Inc. Common Stock,42.17,39.5,12828101054.0,131512110,17.4,-10.8,5,2,False,False,False,False,False,True,False,False,False,True,False
COR,"Cencora, Inc. Common Stock",320.95,39.5,61245978607.0,441072496,31.1,-15.0,0,4,False,False,False,True,False,False,False,True,True,True,False
EFC,Ellington Financial Inc. Common Stock ,13.04,39.4,1680691513.0,14785928,15.6,-7.6,5,5,False,False,False,True,True,True,True,False,False,True,False
L,Loews Corporation Common Stock,109.08,39.4,22298975698.0,83187618,14.5,-9.9,5,4,False,False,False,False,True,True,True,False,False,True,False
BLK,"BlackRock, Inc. Common Stock",1062.4,39.3,164533100762.0,729768894,15.8,-12.9,1,3,False,False,False,True,False,True,False,False,False,True,False
NBHC,National Bank Holdings Corporation Common Stock,41.57,39.3,1851508969.0,16474909,18.6,-12.1,5,5,False,False,False,True,True,True,True,False,False,True,False
PCRX,"Pacira BioSciences, Inc. - Common Stock",25.16,39.2,1002925052.0,14827504,33.8,-9.0,2,6,False,False,False,True,True,True,True,False,True,True,False
SAIL,"SailPoint, Inc. - Common Stock",17.64,39.2,10005108067.0,63271365,71.3,-26.5,0,3,False,False,False,True,False,False,False,True,True,False,False
AJG,Arthur J. Gallagher & Co. Common Stock,243.31,39.2,62360353000.0,367078537,27.6,-22.4,1,3,False,False,False,True,False,True,False,False,False,True,False
MIAX,"Miami International Holdings, Inc. Common Stock",42.54,39.1,4221282401.0,58153711,20.1,-25.6,0,0,False,False,False,False,False,False,False,False,False,False,False
UTF,"Cohen & Steers Infrastructure Fund, Inc Common Stock",25.92,39.1,,6719635,10.7,-7.8,5,4,False,False,False,False,True,True,True,False,False,True,False
BCPC,Balchem Corporation - Common Stock,166.67,39.0,5313109760.0,31978171,19.8,-9.4,5,4,False,False,False,False,True,True,True,False,False,True,False
GATX,GATX Corporation Common Stock,176.86,39.0,6243158000.0,36545108,17.6,-14.0,5,3,False,False,False,False,True,True,False,False,False,True,False
MMM,3M Company Common Stock,162.86,39.0,83990552833.0,532467815,16.9,-11.9,4,3,False,False,False,True,False,True,False,False,False,True,False
GLBE,Global-E Online Ltd. - ordinary shares,36.5,38.9,6116242512.0,53525543,36.0,-17.0,2,4,False,False,False,True,False,True,False,False,True,True,False
CLF,Cleveland-Cliffs Inc. Common Stock,11.83,38.9,6749488756.0,218533975,53.0,-29.2,1,4,False,False,False,True,False,True,False,True,True,False,False
SSNC,"SS&C Technologies Holdings, Inc. - Common Stock",78.92,38.8,18518972284.0,133133168,28.5,-12.6,0,3,False,False,False,True,False,False,False,True,False,True,False
OR,OR Royalties Inc. Common Shares,35.84,38.8,6719851766.0,34170152,30.1,-25.4,1,3,False,False,False,False,False,True,False,True,True,False,False
MRTN,"Marten Transport, Ltd. - Common Stock",13.92,38.7,1136730432.0,9328864,48.9,-24.7,5,5,False,False,False,False,True,True,True,False,True,True,False
NDAQ,"Nasdaq, Inc. - Common Stock",92.01,38.7,51431507998.0,312040904,20.2,-9.6,2,3,False,False,False,True,False,True,False,False,False,True,False
CCJ,Cameco Corporation Common Stock,97.42,38.7,42429622717.0,303937344,25.7,-28.0,5,3,False,False,False,False,True,True,False,True,False,False,False
ARCC,Ares Capital Corporation - Closed End Fund,19.68,38.6,14130689590.0,83185487,13.1,-12.5,2,4,False,False,False,True,False,True,False,True,False,True,False
DYN,"Dyne Therapeutics, Inc. - Common Stock",18.42,38.6,3439869259.0,61445453,54.5,-32.5,5,4,False,False,False,False,True,True,True,False,True,False,False
OCFC,OceanFirst Financial Corp. - Common Stock,18.74,38.5,1811131404.0,17669529,9.9,-9.1,5,5,False,False,False,True,True,True,True,False,False,True,False
DD,"DuPont de Nemours, Inc. Common Stock",127.32,38.5,17193671577.0,196887210,37.7,-19.4,5,4,False,False,False,False,True,True,False,False,True,True,False
MTD,"Mettler-Toledo International, Inc. Common Stock",1280.58,38.5,25658416724.0,233031993,25.2,-16.0,0,1,False,False,False,False,False,False,False,False,False,True,False
CBU,"Community Financial System, Inc. Common Stock",62.7,38.4,3299017244.0,15009077,17.3,-11.8,5,4,False,False,False,False,True,True,True,False,False,True,False
CPK,Chesapeake Utilities Corporation Common Stock,129.59,38.4,3123955503.0,24701525,9.0,-8.0,5,5,False,False,False,True,True,True,True,False,False,True,False
APPF,"AppFolio, Inc. - Class A Common Stock",205.76,38.3,7287400274.0,75249710,44.3,-28.0,0,3,False,False,False,True,False,False,False,True,True,False,False
CR,Crane Company Common Stock,197.53,38.3,11417304321.0,92233909,23.8,-14.3,3,5,False,False,False,True,True,True,True,False,False,True,False
NVTS,Navitas Semiconductor Corporation - Common Stock,11.15,38.2,2911192391.0,177166473,98.0,-67.4,5,3,False,False,False,False,True,True,False,False,True,False,False
IVT,InvenTrust Properties Corp. Common Stock,32.03,38.2,2497649145.0,20815329,19.5,-13.9,5,4,False,False,False,False,True,True,True,False,False,True,False
WWW,"Wolverine World Wide, Inc. Common Stock",19.29,38.2,1583059679.0,15314312,43.2,-39.7,1,4,False,False,False,True,False,True,False,True,True,False,False
DCI,"Donaldson Company, Inc. Common Stock",88.18,38.1,10221036918.0,61318212,11.0,-21.9,5,2,False,False,False,False,False,True,False,False,False,True,False
DLB,Dolby Laboratories Common Stock,62.62,38.1,5865539943.0,53901866,29.8,-14.2,0,3,False,False,False,True,False,False,False,True,False,True,False
WAFD,"WaFd, Inc. - Common Stock",34.1,38.0,2523237616.0,23302715,29.6,-13.6,5,4,False,False,False,False,True,True,True,False,False,True,False
EMN,Eastman Chemical Company Common Stock,68.38,38.0,7821128048.0,75826111,21.9,-18.1,4,3,False,False,False,False,True,True,False,False,False,True,False
LMT,Lockheed Martin Corporation Common Stock,530.12,38.0,122346793980.0,622881135,21.2,-23.4,5,3,False,False,False,False,True,True,False,False,False,True,False
INDV,"Indivior Pharmaceuticals, Inc.  - Common Stock",34.51,37.9,4073228759.0,76807880,55.3,-19.4,5,5,False,False,False,False,True,True,True,False,True,True,False
SYNA,Synaptics Incorporated - Common Stock,93.47,37.9,3655329981.0,86528277,60.4,-37.3,5,4,False,False,False,False,True,True,True,False,True,False,False
ALKT,"Alkami Technology, Inc. - Common Stock",19.06,37.8,2038314139.0,26493939,36.3,-29.1,0,3,False,False,False,True,False,False,False,True,True,False,False
PLAB,"Photronics, Inc. - Common Stock",28.38,37.8,1673389749.0,37007624,41.5,-49.3,5,3,False,False,False,False,True,True,False,False,True,False,False
RIVN,"Rivian Automotive, Inc. - Class A Common Stock",16.05,37.7,23238163112.0,489279230,29.5,-29.3,5,1,False,False,False,False,False,True,False,False,False,False,False
WWD,"Woodward, Inc. - Common Stock",332.76,37.7,19648087063.0,225973659,42.6,-26.2,5,3,False,False,False,False,True,True,False,False,True,False,False
CL,Colgate-Palmolive Company Common Stock,87.9,37.7,70071491669.0,399682850,17.9,-11.5,4,4,False,False,False,False,True,True,True,False,False,True,False
DX,"Dynex Capital, Inc. Common Stock",12.56,37.6,3116976478.0,68187845,6.2,-15.9,5,4,False,False,False,False,True,True,True,False,False,True,False
OGE,OGE Energy Corp Common Stock,46.59,37.6,9624622161.0,65888729,11.7,-7.9,5,4,False,False,False,False,True,True,True,False,False,True,False
AFL,AFLAC Incorporated Common Stock,114.47,37.5,57388767322.0,245450271,8.6,-12.1,5,4,False,False,False,False,True,True,True,False,False,True,False
BCC,"Boise Cascade, L.L.C. Common Stock",75.05,37.5,2618595893.0,27351011,15.5,-18.4,2,2,False,False,False,False,False,True,False,False,False,True,False
PLD,"Prologis, Inc. Common Stock",134.41,37.5,127430895160.0,586699789,21.5,-12.4,5,4,False,False,False,False,True,True,True,False,False,True,False
INSM,Insmed Incorporated - Common Stock,127.28,37.4,27795597702.0,296913089,40.8,-40.2,0,2,False,False,False,False,False,False,False,True,True,False,False
VRTS,"Virtus Investment Partners, Inc. Common Stock",151.82,37.4,1005456796.0,20740337,24.8,-25.4,1,2,False,False,False,True,False,True,False,False,False,False,False
MELI,"MercadoLibre, Inc. - Common Stock",1906.24,37.3,96640271844.0,781309059,27.5,-25.2,0,2,False,False,False,True,False,False,False,True,False,False,False
OTTR,Otter Tail Corporation - Common Stock,87.93,37.3,3691792049.0,20512963,18.6,-7.5,5,4,False,False,False,False,True,True,True,False,False,True,False
BBNX,"Beta Bionics, Inc. - Common Stock",16.59,37.2,746378924.0,19323170,88.5,-49.3,0,1,False,False,False,False,False,False,False,False,True,False,False
ENR,"Energizer Holdings, Inc. Common Stock",20.04,37.2,1372412085.0,21625594,27.2,-33.8,0,3,False,False,False,True,True,False,True,False,False,False,False
KIM,Kimco Realty Corporation (HC) Common Stock,23.29,37.2,15622684497.0,108075846,17.9,-12.6,5,4,False,False,False,False,True,True,True,False,False,True,False
CIFR,Cipher Digital Inc. - Common Stock,15.94,37.1,6615589709.0,602801606,72.3,-47.1,0,3,False,False,False,False,True,False,True,False,True,False,False
WRB,W.R. Berkley Corporation Common Stock,70.05,37.1,26004488406.0,137318137,11.4,-11.3,0,2,False,False,False,True,False,False,False,False,False,True,False
CRC,California Resources Corporation Common Stock,56.25,37.0,4996118981.0,42375126,30.1,-21.9,5,5,False,False,False,False,True,True,False,True,True,True,False
HWM,Howmet Aerospace Inc. Common Stock,227.91,37.0,90890826846.0,711209314,26.9,-26.5,5,3,False,False,False,False,True,True,True,False,False,False,False
TRP,TC Energy Corporation Common Stock,61.91,37.0,61910000000.0,149717180,25.7,-13.4,5,4,False,False,False,False,True,True,True,False,False,True,False
ESS,"Essex Property Trust, Inc. Common Stock",271.37,36.9,17440526291.0,136564221,13.8,-10.5,4,5,False,False,False,True,True,True,True,False,False,True,False
KSS,Kohl's Corporation Common Stock,16.79,36.9,1903590512.0,71744874,47.5,-33.4,5,2,False,False,False,False,False,True,False,False,True,False,False
ECL,Ecolab Inc. Common Stock,271.6,36.8,76137248575.0,360565809,11.7,-12.2,3,4,False,False,False,False,True,True,True,False,False,True,False
TREX,"Trex Company, Inc. Common Stock",43.67,36.8,4448452847.0,86164989,46.7,-30.1,1,5,False,False,False,True,True,True,True,False,True,False,False
PECO,"Phillips Edison & Company, Inc. - Common Stock",38.72,36.7,4983264000.0,33745440,17.4,-12.7,5,4,False,False,False,False,True,True,True,False,False,True,False
TT,Trane Technologies plc,439.83,36.7,96772793940.0,501725639,26.4,-13.1,5,4,False,False,False,False,True,True,True,False,False,True,False
WTM,"White Mountains Insurance Group, Ltd. Common Stock",2075.99,36.7,4954808929.0,42986323,26.0,-11.0,5,3,False,False,False,False,True,True,False,False,False,True,False
KHC,The Kraft Heinz Company - Common Stock,24.39,36.6,28922241458.0,382871826,15.9,-13.2,2,5,False,False,False,True,True,True,True,False,False,True,False
TFIN,"Triumph Financial, Inc. Common Stock",66.92,36.6,1599022416.0,18320160,44.1,-19.9,5,5,False,False,False,False,True,True,True,False,True,True,False
KNSL,"Kinsale Capital Group, Inc. Common Stock",362.7,36.5,8261734748.0,92640734,26.3,-25.2,0,2,False,False,False,True,False,False,False,True,False,False,False
PGR,Progressive Corporation (The) Common Stock,216.19,36.5,125686762956.0,553474274,14.3,-13.4,1,3,False,False,False,True,False,True,False,False,False,True,False
T,AT&T Inc.,25.55,36.5,175078453358.0,1334127909,28.5,-14.2,1,5,False,False,False,True,True,True,False,True,False,True,False
AVY,Avery Dennison Corporation Common Stock,168.77,36.4,12790764725.0,156403214,10.7,-15.4,2,2,False,False,False,False,False,True,False,False,False,True,False
ZGN,Ermenegildo Zegna N.V. Ordinary Shares,11.63,36.4,3120469142.0,15093773,34.6,-27.1,5,4,False,False,False,False,True,True,True,False,True,False,False
EXLS,"ExlService Holdings, Inc. - Common Stock",34.62,36.3,5248824715.0,76285442,39.3,-21.9,0,4,False,False,False,True,False,False,False,True,True,True,False
M,Macy's Inc Common Stock,20.5,36.3,5392278057.0,121641312,24.9,-22.9,5,2,False,False,False,False,False,True,False,False,False,True,False
ARR,"ARMOUR Residential REIT, Inc.",15.83,36.2,2645151810.0,62019603,13.2,-18.0,5,4,False,False,False,False,True,True,True,False,False,True,False
BKU,"BankUnited, Inc. Common Stock",45.17,36.2,3217560687.0,38559156,28.7,-13.3,5,4,False,False,False,False,True,True,True,False,False,True,False
WOR,"Worthington Enterprises, Inc. Common Shares",57.61,36.2,2818672026.0,14598104,28.0,-12.3,2,6,False,False,False,True,True,True,True,True,False,True,False
CGBD,"Carlyle Secured Lending, Inc. - Closed End Fund",11.38,36.1,782996132.0,6234546,14.4,-18.2,1,4,False,False,False,True,False,True,False,True,False,True,False
MTX,Minerals Technologies Inc. Common Stock,69.42,36.1,2160958658.0,15853211,28.7,-17.7,5,3,False,False,False,False,True,True,False,False,False,True,False
STEP,StepStone Group Inc. - Class A Common Stock,49.34,36.0,5954186799.0,58662592,27.0,-36.6,0,1,False,False,False,False,False,False,False,True,False,False,False
DTM,"DT Midstream, Inc. Common Stock ",129.51,36.0,13212000985.0,118922892,24.2,-15.3,5,3,False,False,False,False,True,True,False,False,False,True,False
QGEN,Qiagen N.V. Common Shares,42.13,36.0,8681929344.0,122347153,29.5,-27.1,0,1,False,False,False,False,False,False,False,True,False,False,False
DHR,Danaher Corporation Common Stock,200.53,35.9,140969793409.0,923953447,24.6,-17.4,0,1,False,False,False,False,False,False,False,False,False,True,False
SKT,Tanger Inc. Common Stock,36.47,35.9,4189636729.0,33978940,17.2,-14.2,5,4,False,False,False,False,True,True,True,False,False,True,False
AEP,"American Electric Power Company, Inc. - Common Stock",123.47,35.8,67216741051.0,497472187,16.8,-12.2,5,3,False,False,False,False,True,True,False,False,False,True,False
EW,Edwards Lifesciences Corporation Common Stock,86.77,35.8,50014228000.0,346068995,20.0,-9.9,5,5,False,False,False,True,True,True,True,False,False,True,False
FTS,Fortis Inc. Common Shares,54.48,35.7,27833832000.0,42113571,11.9,-8.3,5,4,False,False,False,False,True,True,True,False,False,True,False
NNN,"NNN REIT, Inc. Common Stock",43.85,35.7,8416191890.0,64559616,12.7,-12.3,5,4,False,False,False,False,True,True,True,False,False,True,False
PNW,Pinnacle West Capital Corporation Common Stock,96.59,35.7,11706440832.0,112245520,13.2,-13.1,5,4,False,False,False,False,True,True,True,False,False,True,False
RYZ,Ryerson Holding Corporation Common Stock,25.21,35.6,1308365042.0,12365498,30.4,-21.2,5,5,False,False,False,False,True,True,True,False,True,True,False
TDY,Teledyne Technologies Incorporated Common Stock,596.5,35.6,27651158945.0,217402946,23.5,-14.5,5,4,False,False,False,False,True,True,True,False,False,True,False
FLGT,"Fulgent Genetics, Inc. - Common Stock",20.12,35.5,553607695.0,5435250,49.5,-35.2,0,2,False,False,False,False,False,False,False,True,True,False,False
SAP,SAP  SE ADS,205.95,35.5,253010446580.0,535204584,42.1,-26.8,0,3,False,False,False,True,False,False,False,True,True,False,False
FFIN,"First Financial Bankshares, Inc. - Common Stock",33.06,35.4,4738407381.0,24170929,17.6,-9.5,2,5,False,False,False,True,True,True,True,False,False,True,False
ON,ON Semiconductor Corporation - Common Stock,70.17,35.4,27318487074.0,774756308,57.5,-48.0,5,3,False,False,False,False,True,True,False,False,True,False,False
ALV,"Autoliv, Inc. Common Stock",121.17,35.4,8874153584.0,78372470,22.2,-8.3,2,4,False,False,False,True,False,True,False,True,False,True,False
AD,"Array Digital Infrastructure, Inc. Common Shares",38.05,35.3,3291325000.0,7428722,12.9,-37.4,5,4,False,False,False,True,True,True,False,True,False,False,False
SMP,"Standard Motor Products, Inc. Common Stock",38.46,35.3,859207669.0,5841500,12.2,-16.4,5,6,False,False,False,True,True,True,True,True,False,True,False
FBK,FB Financial Corporation Common Stock,54.94,35.2,2745798902.0,20933189,11.6,-12.3,5,2,False,False,False,False,False,True,False,False,False,True,False
GHC,Graham Holdings Company Common Stock,1136.8,35.2,4814266150.0,31776182,22.3,-9.9,5,5,False,False,False,True,True,True,True,False,False,True,False
MGM,MGM Resorts International Common Stock,40.73,35.2,10521501614.0,102623803,39.5,-21.1,5,5,False,False,False,False,True,True,True,False,True,True,False
CME,CME Group Inc. - Class A Common Stock,274.07,35.1,98549888610.0,605329832,25.5,-16.7,1,4,False,False,False,False,True,True,False,True,False,True,False
NTLA,"Intellia Therapeutics, Inc. - Common Stock",11.93,35.1,1671711447.0,48236775,50.1,-57.8,0,2,False,False,False,False,True,False,False,False,True,False,False
STRA,"Strategic Education, Inc. - Common Stock",81.03,35.0,1799478506.0,22816821,16.3,-9.7,2,3,False,False,False,True,False,True,False,False,False,True,False
ICE,Intercontinental Exchange Inc. Common Stock,155.81,35.0,87470875019.0,583911063,27.9,-11.8,1,4,False,False,False,True,False,True,False,True,False,True,False
ES,Eversource Energy (D/B/A) Common Stock,68.99,34.9,25986791278.0,153219883,9.7,-9.9,5,4,False,False,False,False,True,True,True,False,False,True,False
HR,Healthcare Realty Trust Incorporated Common Stock,18.88,34.9,6470549069.0,70934161,15.8,-14.3,5,4,False,False,False,False,True,True,True,False,False,True,False
WFG,West Fraser Timber Co. Ltd Common stock,67.43,34.9,5280026717.0,14595068,17.6,-12.4,2,5,False,False,False,True,True,True,True,False,False,True,False
FOXA,Fox Corporation - Class A Common Stock,65.18,34.8,27352796712.0,324231809,34.8,-14.7,1,5,False,False,False,True,False,True,False,True,True,True,False
YOU,"Clear Secure, Inc. Class A Common Stock",42.74,34.8,5782212625.0,74805107,45.2,-38.1,5,4,False,False,False,False,True,True,True,False,True,False,False
DIS,Walt Disney Company (The) Common Stock,105.82,34.7,182718007970.0,982014077,14.8,-9.9,0,3,False,False,False,True,False,False,False,True,False,True,False
LUV,Southwest Airlines Company Common Stock,38.69,34.7,18927465297.0,221910264,32.2,-29.8,5,4,False,False,False,False,True,True,True,False,True,False,False
MRP,"Millrose Properties, Inc. Class A Common Stock",29.59,34.7,4913358160.0,32870780,12.5,-16.5,1,6,False,False,False,True,True,True,True,True,False,True,False
MAR,Marriott International - Class A Common Stock,329.07,34.6,85810362392.0,563449812,28.2,-19.9,5,4,False,False,False,False,True,True,True,False,False,True,False
VLTO,Veralto Corp Common Stock ,93.45,34.6,22782487997.0,156279672,16.8,-14.9,0,2,False,False,False,True,False,False,False,False,False,True,False
IDA,"IDACORP, Inc. Common Stock",135.45,34.5,7834704724.0,72548552,10.8,-12.6,5,4,False,False,False,False,True,True,True,False,False,True,False
POR,Portland General Electric Co Common Stock,48.56,34.5,5711031854.0,50809588,16.2,-11.1,5,3,False,False,False,False,True,True,False,False,False,True,False
IREN,IREN Limited - Ordinary Shares,43.64,34.4,17196719399.0,1814959003,50.8,-43.2,0,2,False,False,False,False,False,False,False,True,True,False,False
FLOC,Flowco Holdings Inc. Class A Common Stock,20.29,34.4,1833266996.0,11443081,44.6,-28.2,5,3,False,False,False,False,True,True,False,False,True,False,False
NEE,"NextEra Energy, Inc. Common Stock",82.44,34.4,171968043550.0,915902874,18.8,-16.5,5,3,False,False,False,False,True,True,False,False,False,True,False
FSK,FS KKR Capital Corp. Common Stock,11.89,34.3,3285685929.0,25068238,22.3,-33.9,0,2,False,False,False,True,False,False,False,True,False,False,False
PEN,"Penumbra, Inc. Common Stock",317.78,34.3,12517170523.0,102553296,43.6,-12.3,5,4,False,False,False,False,True,True,False,False,True,True,False
ITRI,"Itron, Inc. - Common Stock",93.55,34.2,4096250743.0,74452493,20.3,-34.1,0,1,False,False,False,True,False,False,False,False,False,False,False
USLM,"United States Lime & Minerals, Inc. - Common Stock",115.89,34.2,3324694388.0,17418912,20.4,-18.1,0,2,False,False,False,False,False,False,False,True,False,True,False
AN,"AutoNation, Inc. Common Stock",207.22,34.2,6850860219.0,85814003,17.3,-12.1,1,4,False,False,False,True,False,True,False,True,False,True,False
FE,FirstEnergy Corp. Common Stock,46.25,34.1,26762096855.0,204604938,7.9,-11.6,5,3,False,False,False,False,True,True,False,False,False,True,False
TRU,TransUnion Common Stock,76.95,34.1,14743620000.0,172890568,21.4,-19.4,1,3,False,False,False,True,False,True,False,False,False,True,False
SKYW,"SkyWest, Inc. - Common Stock",95.78,34.0,3718976969.0,37429089,23.0,-18.6,2,2,False,False,False,False,False,True,False,False,False,True,False
REXR,"Rexford Industrial Realty, Inc. Common Stock",37.0,34.0,8250560588.0,93645322,15.1,-16.6,0,3,False,False,False,True,False,False,False,True,False,True,False
BRZE,"Braze, Inc. - Class A Common Stock",24.265,33.9,2974398823.0,72180374,59.0,-35.0,1,2,False,False,False,False,False,True,False,False,True,False,False
AIN,Albany International Corporation Common Stock,59.9,33.9,1701160000.0,17762416,45.6,-22.2,3,5,False,False,False,False,True,True,True,False,True,True,False
IBN,ICICI Bank Limited Common Stock,28.85,33.9,103284623822.0,184091574,15.0,-12.7,0,2,False,False,False,True,False,False,False,False,False,True,False
KVUE,Kenvue Inc. Common Stock,17.79,33.8,34170559978.0,398252222,26.9,-11.6,2,4,False,False,False,False,True,True,True,False,False,True,False
NVO,Novo Nordisk A/S Common Stock,44.01,33.8,194873222185.0,533852536,25.3,-31.4,0,0,False,False,False,False,False,False,False,False,False,False,False
AMBA,"Ambarella, Inc. - Ordinary Shares",67.87,33.7,2995847702.0,135079440,40.5,-29.8,0,1,False,False,False,False,False,False,False,False,True,False,False
OZK,Bank OZK - Common Stock,48.77,33.7,5517649158.0,58745506,15.1,-8.7,3,5,False,False,False,True,True,True,True,False,False,True,False
RSG,"Republic Services, Inc. Common Stock",221.08,33.7,67697565176.0,308819830,12.6,-5.3,1,6,False,False,False,True,True,True,True,True,False,True,False
ENSG,"The Ensign Group, Inc. - Common Stock",172.79,33.6,10070621771.0,69796226,22.0,-20.7,0,2,False,False,False,False,True,False,False,False,False,True,False
REG,Regency Centers Corporation - Common Stock,75.31,33.6,13790808395.0,100009760,12.6,-10.0,5,4,False,False,False,False,True,True,True,False,False,True,False
MAIN,Main Street Capital Corporation Common Stock,55.8,33.5,5217772124.0,31756684,14.0,-17.1,1,4,False,False,False,True,False,True,False,True,False,True,False
SR,Spire Inc. Common Stock,81.47,33.5,4815920386.0,38903453,8.9,-14.5,0,2,False,False,False,False,True,False,False,False,False,True,False
BXP,"BXP, Inc. Common Stock",63.72,33.4,10173634348.0,90360973,28.2,-19.7,0,2,False,False,False,True,False,False,False,False,False,True,False
DEO,Diageo plc Common Stock,86.31,33.4,48044456839.0,98209072,19.1,-17.7,0,2,False,False,False,True,False,False,False,False,False,True,False
TPL,Texas Pacific Land Corporation Common Stock,366.1,33.4,25251631446.0,131542800,36.0,-33.1,5,3,False,False,False,False,True,True,False,False,True,False,False
WULF,TeraWulf Inc. - Common Stock,16.14,33.3,8053354447.0,611948670,60.8,-45.9,5,3,False,False,False,False,True,True,False,False,True,False,False
HLT,Hilton Worldwide Holdings Inc. Common Stock ,306.24,33.3,68923878038.0,624666153,20.8,-14.5,5,4,False,False,False,False,True,True,True,False,False,True,False
HBAN,Huntington Bancshares Incorporated - Common Stock,16.73,33.2,33801540039.0,402844560,12.4,-14.0,3,2,False,False,False,False,False,True,False,False,False,True,False
BANC,"Banc of California, Inc. Common Stock",18.4,33.2,2906289734.0,56442739,20.0,-16.1,5,2,False,False,False,False,False,True,False,False,False,True,False
TXNM,"TXNM Energy, Inc. Common Stock",57.86,33.2,6371876300.0,66849885,4.0,-2.8,5,5,False,False,False,True,True,True,False,True,False,True,False
SBGI,"Sinclair, Inc. - Class A Common Stock",13.82,33.1,999435589.0,7114413,10.9,-22.7,5,2,False,False,False,False,False,True,False,False,False,True,False
BRX,Brixmor Property Group Inc. Common Stock,28.79,33.1,8834853978.0,69495799,16.7,-12.4,5,4,False,False,False,False,True,True,True,False,False,True,False
AEE,Ameren Corporation Common Stock,104.95,33.0,29054699192.0,162990947,8.7,-11.3,5,4,False,False,False,False,True,True,True,False,False,True,False
NOMD,Nomad Foods Limited Ordinary Shares,11.09,33.0,1575734760.0,18696578,23.4,-22.6,1,3,False,False,False,True,False,True,False,False,False,True,False
CENTA,Central Garden & Pet Company - Class A Common Stock Nonvoting,34.31,32.9,2147552037.0,11153440,32.1,-15.9,3,5,False,False,False,False,True,True,True,False,True,True,False
BCO,Brinks Company (The) Common Stock,109.29,32.9,4501615100.0,55835167,20.0,-19.9,0,1,False,False,False,False,False,False,False,False,False,True,False
JEF,Jefferies Financial Group Inc. Common Stock,53.93,32.9,10448543272.0,95734761,51.8,-24.1,1,4,False,False,False,True,False,True,False,False,True,True,False
ROCK,"Gibraltar Industries, Inc. - Common Stock",44.52,32.8,1321526738.0,13814085,32.7,-40.7,0,1,False,False,False,False,False,False,False,False,True,False,False
APO,"Apollo Global Management, Inc. (New) Common Stock",127.91,32.8,75536375468.0,465057888,28.5,-16.6,1,4,False,False,False,True,False,True,False,True,False,True,False
FELE,"Franklin Electric Co., Inc. - Common Stock",97.14,32.7,4294701613.0,26430319,8.5,-16.1,5,4,False,False,False,False,True,True,True,False,False,True,False
FOX,Fox Corporation - Class B Common Stock,58.06,32.7,24364887651.0,64596211,31.7,-14.8,1,5,False,False,False,True,False,True,False,True,True,True,False
LLYVK,"Liberty Live Holdings, Inc. - Series C Liberty Live Group Common Stock",96.85,32.7,8910720666.0,30439315,25.9,-11.8,5,4,False,False,False,False,True,True,True,False,False,True,False
TRS,TriMas Corporation - Common Stock,38.22,32.6,1371099426.0,16025383,25.6,-15.9,5,4,False,False,False,False,True,True,True,False,False,True,False
OGS,"ONE Gas, Inc. Common Stock",78.16,32.6,4912846063.0,40087069,5.0,-13.9,5,3,False,False,False,False,True,True,False,False,False,True,False
DUOL,"Duolingo, Inc. - Class A Common Stock",145.16,32.5,6791494808.0,163823057,65.2,-58.9,0,3,False,False,False,True,False,False,False,True,True,False,False
LKFN,Lakeland Financial Corporation - Common Stock,60.51,32.5,1504147898.0,10161526,11.3,-9.5,2,5,False,False,False,True,True,True,True,False,False,True,False
CEG,Constellation Energy Corporation - Common Stock When-Issued,285.97,32.4,101321281173.0,757410382,25.1,-30.7,0,1,False,False,False,False,False,False,False,True,False,False,False
CUBE,CubeSmart Common Shares,39.08,32.4,8799340847.0,86026857,11.4,-9.7,4,4,False,False,False,False,True,True,True,False,False,True,False
NOW,"ServiceNow, Inc. Common Stock",131.17,32.4,135629780000.0,2401423919,61.5,-32.6,0,3,False,False,False,True,False,False,False,True,True,False,False
UTHR,United Therapeutics Corporation - Common Stock,503.86,32.3,21610904071.0,251145937,27.6,-17.3,5,3,False,False,False,False,True,True,False,False,False,True,False
NPKI,NPK International Inc. Common Stock,13.19,32.3,1119961502.0,11342072,27.4,-20.1,5,3,False,False,False,False,True,True,False,False,False,True,False
BZ,KANZHUN LIMITED - American Depository Shares,16.41,32.2,7594641586.0,82880470,30.5,-35.0,0,3,False,False,False,True,False,False,False,True,True,False,False
ROP,"Roper Technologies, Inc. - Common Stock",388.58,32.2,38430901619.0,296695167,27.0,-25.5,0,2,False,False,False,True,False,False,False,True,False,False,False
TPG,TPG Inc. - Class A Common Stock,46.93,32.2,17735727688.0,122834597,27.0,-33.3,0,0,False,False,False,False,False,False,False,False,False,False,False
MHO,"M/I Homes, Inc. Common Stock",139.1,32.1,3516869612.0,31940279,19.1,-15.0,2,4,False,False,False,False,True,True,True,False,False,True,False
PHIN,PHINIA Inc. Common Stock,66.01,32.1,2418480189.0,24469160,30.0,-24.1,5,4,False,False,False,False,True,True,True,False,False,True,False
ALB,Albemarle Corporation Common Stock,122.11,32.0,14409597510.0,282905344,71.4,-44.7,5,3,False,False,False,False,True,True,False,False,True,False,False
NFG,National Fuel Gas Company Common Stock,82.33,32.0,7825063001.0,48290415,9.5,-15.2,1,4,False,False,False,False,True,True,False,True,False,True,False
EXTR,"Extreme Networks, Inc. - Common Stock",21.18,31.9,2763792031.0,45318840,57.1,-37.2,5,4,False,False,False,False,True,True,True,False,True,False,False
META,"Meta Platforms, Inc. - Class A Common Stock",644.38,31.9,1641562061266.0,11127262843,23.9,-18.5,0,3,False,False,False,True,False,False,False,True,False,True,False
BXSL,Blackstone Secured Lending Fund Common Shares of Beneficial Interest,24.26,31.9,,36597381,8.0,-16.3,1,4,False,False,False,True,False,True,False,True,False,True,False
IMKTA,"Ingles Markets, Incorporated - Class A Common Stock",82.02,31.8,1557918720.0,10141507,23.1,-14.2,5,3,False,False,False,False,True,True,False,False,False,True,False
UTG,Reaves Utility Income Fund Common Shares of Beneficial Interest,37.81,31.8,,10671668,5.6,-13.9,5,3,False,False,False,False,True,True,False,False,False,True,False
FDS,FactSet Research Systems Inc. Common Stock,262.93,31.7,9351248221.0,251624241,42.1,-29.2,1,3,False,False,False,True,False,True,False,False,True,False,False
KT,KT Corporation Common Stock,19.6,31.7,9450926470.0,27045227,14.4,-20.3,1,4,False,False,False,False,True,True,False,True,False,True,False
AMH,American Homes 4 Rent Common Shares of Beneficial Interest,31.56,31.6,11335719033.0,68374739,15.9,-10.0,2,5,False,False,False,True,True,True,True,False,False,True,False
FCPT,"Four Corners Property Trust, Inc. Common Stock",24.1,31.6,2645129385.0,18059212,5.8,-10.3,4,4,False,False,False,False,True,True,True,False,False,True,False
TM,Toyota Motor Corporation Common Stock,192.48,31.6,250877122559.0,74572373,15.9,-22.7,0,2,False,False,False,False,False,False,False,True,False,True,False
LLYVA,"Liberty Live Holdings, Inc. - Series A Liberty Live Group Common Stock",93.38,31.5,8591462011.0,15612587,25.5,-12.0,5,4,False,False,False,False,True,True,True,False,False,True,False
WPC,W. P. Carey Inc. REIT,69.55,31.5,15844663934.0,93619048,10.3,-9.9,5,4,False,False,False,False,True,True,True,False,False,True,False
LECO,"Lincoln Electric Holdings, Inc. - Common Shares",251.06,31.4,13684215352.0,112467224,16.1,-19.0,5,4,False,False,False,False,True,True,True,False,False,True,False
STOK,"Stoke Therapeutics, Inc. - Common Stock",29.34,31.4,1893199940.0,24847498,44.4,-27.1,5,3,False,False,False,False,True,True,False,False,True,False,False
MRSH,Marsh Common Stock,177.29,31.4,84604785704.0,427934013,13.2,-14.7,1,3,False,False,False,True,False,True,False,False,False,True,False
JBSS,"John B. Sanfilippo & Son, Inc. - Common Stock",70.84,31.3,828366194.0,10982348,19.9,-23.1,5,4,False,False,False,False,True,True,True,False,False,True,False
MDU,"MDU Resources Group, Inc. Common Stock (Holding Company)",19.24,31.3,4047123533.0,30085218,22.1,-16.3,5,3,False,False,False,False,True,True,False,False,False,True,False
IBOC,International Bancshares Corporation - Common Stock,71.04,31.2,4418085155.0,22440588,12.4,-9.5,5,4,False,False,False,False,True,True,True,False,False,True,False
ULTA,"Ulta Beauty, Inc. - Common Stock",535.63,31.2,22902184192.0,321583214,20.7,-25.1,1,2,False,False,False,False,False,True,False,True,False,False,False
ARQT,"Arcutis Biotherapeutics, Inc. - Common stock",23.38,31.1,2938678048.0,42592538,41.1,-26.4,5,2,False,False,False,False,False,True,False,False,True,False,False
CRSP,CRISPR Therapeutics AG - Common Shares,52.26,31.1,5053158046.0,83125716,18.4,-33.4,0,0,False,False,False,False,False,False,False,False,False,False,False
MAS,Masco Corporation Common Stock,67.64,31.1,13337757765.0,175604774,16.3,-19.1,5,4,False,False,False,False,True,True,True,False,False,True,False
MLYS,"Mineralys Therapeutics, Inc. - Common Stock",29.3,31.0,2590321731.0,24446485,31.4,-38.5,0,2,False,False,False,False,False,False,False,True,True,False,False
ATR,"AptarGroup, Inc. Common Stock",123.05,31.0,7823657923.0,57821705,19.2,-16.2,2,4,False,False,False,False,True,True,True,False,False,True,False
OCUL,"Ocular Therapeutix, Inc. - Common Stock",10.62,30.9,2332320518.0,23545858,70.5,-35.4,0,3,False,False,False,True,False,False,False,True,True,False,False
GFL,"GFL Environmental Inc. Subordinate voting shares, no par value",41.63,30.9,18695215345.0,103574081,24.9,-13.8,0,3,False,False,False,True,False,False,False,True,False,True,False
MC,Moelis & Company Class A Common Stock,64.25,30.9,5028787619.0,56543323,25.8,-17.9,2,2,False,False,False,False,False,True,False,False,False,True,False
CMRE,Costamare Inc. Common Stock $0.0001 par value,15.11,30.8,1822096148.0,5510562,39.4,-16.3,5,5,False,False,False,False,True,True,False,True,True,True,False
FSS,Federal Signal Corporation Common Stock,113.46,30.8,6925781184.0,55228312,12.1,-15.6,2,4,False,False,False,False,True,True,True,False,False,True,False
SNDX,"Syndax Pharmaceuticals, Inc. - Common Stock",18.82,30.7,1680571159.0,31657377,44.9,-26.5,5,3,False,False,False,False,True,True,False,False,True,False,False
EFOR,"Everforth, Inc. Common Stock",30.39,30.7,1245990000.0,22810746,79.8,-44.7,0,2,False,False,False,False,False,False,False,True,True,False,False
CHD,"Church & Dwight Company, Inc. Common Stock",93.94,30.6,22282935024.0,176266222,15.5,-11.4,4,4,False,False,False,False,True,True,True,False,False,True,False
CI,The Cigna Group Common Stock,280.91,30.6,74227794922.0,473204260,17.3,-11.0,1,5,False,False,False,True,True,True,True,False,False,True,False
GBCI,"Glacier Bancorp, Inc. Common Stock",45.93,30.6,5980635001.0,52299437,15.1,-15.8,5,4,False,False,False,False,True,True,True,False,False,True,False
AAUC,Allied Gold Corporation Common Shares,22.48,30.5,3132540635.0,14953922,54.0,-30.2,5,4,False,False,False,False,True,True,False,True,True,False,False
HOV,"Hovnanian Enterprises, Inc. Class A Common Stock",113.29,30.5,675195938.0,17676799,23.8,-30.1,2,3,False,False,False,False,True,True,True,False,False,False,False
AXS,Axis Capital Holdings Limited Common Stock,98.89,30.4,7215639088.0,70661273,12.3,-17.6,5,2,False,False,False,False,False,True,False,False,False,True,False
EMA,Emera Incorporated Common Shares,49.48,30.4,15200256000.0,25532381,8.1,-10.8,5,4,False,False,False,False,True,True,True,False,False,True,False
MCO,Moody's Corporation Common Stock,467.36,30.4,80946752000.0,379967402,16.2,-14.5,2,2,False,False,False,False,False,True,False,False,False,True,False
PRDO,Perdoceo Education Corporation - Common Stock,32.84,30.3,2055030486.0,22754235,23.2,-14.7,1,4,False,False,False,False,True,True,False,True,False,True,False
O,Realty Income Corporation Common Stock,59.57,30.3,56366208226.0,332442844,6.6,-12.3,5,4,False,False,False,False,True,True,True,False,False,True,False
APOG,"Apogee Enterprises, Inc. - Common Stock",37.53,30.2,783187074.0,8075752,22.0,-26.2,1,3,False,False,False,False,True,True,True,False,False,False,False
PSA,Public Storage Common Stock,294.6,30.2,51737986076.0,313576031,14.8,-12.2,5,4,False,False,False,False,True,True,True,False,False,True,False
ALGM,"Allegro MicroSystems, Inc. - Common Stock",35.27,30.1,6574400162.0,107159255,57.4,-50.9,5,4,False,False,False,False,True,True,True,False,True,False,False
ALG,"Alamo Group, Inc. Common Stock",167.28,30.1,2035959025.0,24398151,14.8,-23.9,0,2,False,False,False,False,False,False,False,True,False,True,False
WMK,"Weis Markets, Inc. Common Stock",71.18,30.1,1761320414.0,11735185,18.7,-15.0,4,4,False,False,False,False,True,True,True,False,False,True,False
FHB,"First Hawaiian, Inc. - Common Stock",25.67,30.0,3123541875.0,62472178,13.4,-16.1,5,4,False,False,False,False,True,True,True,False,False,True,False
UHS,"Universal Health Services, Inc. Common Stock",172.72,30.0,10179514871.0,134258110,23.3,-29.9,0,1,False,False,False,False,False,False,False,True,False,False,False
MGRC,McGrath RentCorp - Common Stock,109.86,29.9,2683403337.0,17221223,15.7,-13.1,2,4,False,False,False,False,True,True,True,False,False,True,False
SGML,Sigma Lithium Corporation - common shares,10.07,29.9,1133562912.0,18906689,118.2,-58.9,5,3,False,False,False,False,True,True,False,False,True,False,False
EQT,EQT Corporation Common Stock,54.96,29.9,34378359360.0,356188657,14.6,-19.5,0,3,False,False,False,False,True,False,False,True,False,True,False
VERA,"Vera Therapeutics, Inc. - Class A Common Stock",33.6,29.8,2421328056.0,77897960,47.9,-40.1,5,2,False,False,False,False,False,True,False,False,True,False,False
INVH,Invitation Homes Inc. Common Stock,27.56,29.8,16277576109.0,115892696,13.6,-10.8,3,4,False,False,False,False,True,True,True,False,False,True,False
GBDC,"Golub Capital BDC, Inc. - Closed End Fund",12.7,29.7,3297575180.0,14158152,7.9,-14.5,2,3,False,False,False,True,False,True,False,False,False,True,False
VNO,Vornado Realty Trust Common Stock,34.37,29.7,6417584650.0,57225621,39.9,-20.8,2,4,False,False,False,True,False,True,False,False,True,True,False
DAKT,"Daktronics, Inc. - Common Stock",18.95,29.6,911355718.0,11340149,10.9,-33.0,1,2,False,False,False,False,True,True,False,False,False,False,False
OSW,OneSpaWorld Holdings Limited - Common Shares,21.92,29.6,2224851767.0,23741866,15.0,-25.1,5,3,False,False,False,False,True,True,True,False,False,False,False
PRMB,Primo Brands Corporation Class A Common Stock,20.56,29.6,7449999165.0,91772307,43.2,-21.6,3,5,False,False,False,False,True,True,True,False,True,True,False
ALGT,Allegiant Travel Company - Common Stock,76.07,29.5,2079583023.0,46991213,33.2,-38.5,5,4,False,False,False,False,True,True,True,False,True,False,False
AGI,Alamos Gold Inc. Class A Common Shares,35.67,29.5,14980166210.0,138476837,31.9,-35.6,1,4,False,False,False,False,True,True,False,True,True,False,False
SHOP,Shopify Inc. - Class A Subordinate Voting Shares,126.6,29.4,164049675765.0,1227357140,34.7,-30.5,0,1,False,False,False,False,False,False,False,False,True,False,False
AXP,American Express Company Common Stock,320.71,29.4,216578616541.0,917566125,10.2,-17.2,0,1,False,False,False,False,False,False,False,False,False,True,False
ZBH,"Zimmer Biomet Holdings, Inc. Common Stock",92.44,29.4,17631791971.0,204310694,16.8,-13.5,1,5,False,False,False,True,True,True,True,False,False,True,False
CCS,"Century Communities, Inc. Common Stock",59.56,29.3,1693463524.0,17921700,26.0,-21.6,2,2,False,False,False,False,False,True,False,False,False,True,False
FLG,"Flagstar Bank, N.A. Common Stock",13.27,29.3,5508281934.0,58139904,25.5,-14.1,5,4,False,False,False,False,True,True,True,False,False,True,False
PUK,Prudential Public Limited Company Common Stock,26.77,29.2,33398193748.0,28136196,8.8,-21.3,0,1,False,False,False,False,False,False,False,False,False,True,False
STAG,"Stag Industrial, Inc. Common Stock",36.87,29.2,7108843090.0,63094963,7.2,-13.5,0,3,False,False,False,False,True,False,True,False,False,True,False
AVGO,Broadcom Inc. - Common Stock,360.83,29.1,1716677662844.0,8372468230,24.4,-27.1,5,3,False,False,False,False,True,True,True,False,False,False,False
DORM,"Dorman Products, Inc. - Common Stock",126.63,29.1,3757823507.0,35699326,28.6,-23.5,0,2,False,False,False,True,False,False,False,False,False,True,False
XEL,Xcel Energy Inc. - Common Stock,75.41,29.1,47103673015.0,391192959,5.7,-10.5,0,2,False,False,False,False,True,False,False,False,False,True,False
AKR,Acadia Realty Trust Common Stock,19.92,29.0,2735667822.0,29593024,7.0,-13.5,5,4,False,False,False,False,True,True,True,False,False,True,False
CMC,Commercial Metals Company Common Stock,66.62,29.0,7369793198.0,75436688,25.5,-21.5,5,2,False,False,False,False,False,True,False,False,False,True,False
EXE,Expand Energy Corporation - Common Stock,96.87,28.9,22425772040.0,293812055,14.0,-23.5,0,2,False,False,False,False,False,False,False,True,False,True,False
TEM,"Tempus AI, Inc. - Class A Common Stock",58.74,28.9,10664608545.0,361036852,44.1,-43.7,0,3,False,False,False,True,False,False,False,True,True,False,False
RQI,Cohen & Steers Quality Income Realty Fund Inc Common Shares,11.73,28.9,1575343786.0,8362344,3.8,-13.6,5,3,False,False,False,False,True,True,False,False,False,True,False
JACK,Jack In The Box Inc. - Common Stock,14.66,28.8,281168978.0,14214331,64.3,-38.6,1,2,False,False,False,False,False,True,False,False,True,False,False
WAL,Western Alliance Bancorporation Common Stock (DE),79.28,28.8,8649516498.0,81223749,20.4,-18.5,2,2,False,False,False,False,False,True,False,False,False,True,False
HPP,"Hudson Pacific Properties, Inc. Common Stock",11.88,28.7,644712643.0,10236118,125.9,-43.6,0,4,False,False,False,True,True,False,True,False,True,False,False
KMT,Kennametal Inc. Common Stock,29.13,28.7,2220260111.0,43258192,43.1,-33.5,5,3,False,False,False,False,True,True,False,False,True,False,False
HAPN,"Happen, Inc. - Common Stock",16.7,28.6,1927304649.0,28336980,28.0,-22.9,5,2,False,False,False,False,False,True,False,False,False,True,False
AIG,"American International Group, Inc. New Common Stock",75.03,28.6,39232674470.0,267031682,5.3,-14.0,0,1,False,False,False,False,False,False,False,False,False,True,False
HUBB,Hubbell Inc Common Stock,452.41,28.6,23901983446.0,256504787,12.0,-20.0,5,3,False,False,False,False,True,True,False,False,False,True,False
LIN,Linde plc - Ordinary Shares,461.62,28.5,212797662844.0,1030485353,19.0,-15.8,5,4,False,False,False,False,True,True,True,False,False,True,False
STC,Stewart Information Services Corporation Common Stock,66.56,28.5,2031557565.0,15129504,16.5,-15.3,0,1,False,False,False,False,False,False,False,False,False,True,False
LNT,Alliant Energy Corporation - Common Stock,67.25,28.4,17436896008.0,169168464,6.3,-14.7,5,4,False,False,False,False,True,True,True,False,False,True,False
MGEE,MGE Energy Inc. - Common Stock,76.44,28.4,2888209877.0,14108688,5.9,-13.1,0,1,False,False,False,False,False,False,False,False,False,True,False
BAM,Brookfield Asset Management Inc Class A Limited Voting Shares,47.24,28.4,75453476730.0,120036884,11.9,-24.5,1,2,False,False,False,False,False,True,False,False,False,True,False
CASH,"Pathward Financial, Inc. - Common Stock",79.18,28.3,1644834803.0,17573596,20.2,-21.8,5,3,False,False,False,False,True,True,False,False,False,True,False
TCMD,"Tactile Systems Technology, Inc. - Common Stock",22.32,28.3,505599024.0,7764217,69.9,-40.9,5,2,False,False,False,False,False,True,False,False,True,False,False
AAL,"American Airlines Group, Inc. - Common Stock",12.85,28.2,8506313870.0,1320525196,27.4,-31.6,5,1,False,False,False,False,False,True,False,False,False,False,False
MCHP,Microchip Technology Incorporated - Common Stock,71.58,28.2,38868562102.0,780383935,47.5,-32.4,5,3,False,False,False,False,True,True,False,False,True,False,False
DUK,Duke Energy Corporation (Holding Company) Common Stock,119.37,28.1,93073050778.0,501541154,4.8,-11.2,5,3,False,False,False,False,True,True,False,False,False,True,False
FTV,Fortive Corporation Common Stock ,54.51,28.1,16462949505.0,151499146,15.2,-15.6,5,4,False,False,False,False,True,True,True,False,False,True,False
HEI,Heico Corporation Common Stock,312.49,28.1,43672791488.0,162508452,22.0,-17.1,3,2,False,False,False,False,False,True,False,False,False,True,False
ABT,Abbott Laboratories Common Stock,103.36,28.0,178852417475.0,1027236813,26.1,-24.8,0,1,False,False,False,False,False,False,False,False,False,True,False
BDC,Belden Inc Common Stock,115.16,28.0,4500244476.0,54354078,17.5,-28.0,1,2,False,False,False,False,True,True,False,False,False,False,False
CVNA,Carvana Co. Class A Common Stock,70.28,27.9,77340593756.0,621282356,29.0,-27.8,1,2,False,False,False,False,False,True,False,True,False,False,False
HCA,"HCA Healthcare, Inc. Common Stock",421.21,27.9,91192596815.0,598425059,19.0,-24.3,0,2,False,False,False,False,False,False,False,True,False,True,False
SHW,Sherwin-Williams Company (The) Common Stock,317.44,27.9,77061147453.0,626622727,9.5,-16.0,2,2,False,False,False,False,False,True,False,False,False,True,False
UPBD,"Upbound Group, Inc. - Common Stock",18.2,27.8,1061049171.0,18708630,15.0,-35.1,1,3,False,False,False,False,True,True,True,False,False,False,False
PPG,"PPG Industries, Inc. Common Stock",105.05,27.8,23352615000.0,194832851,12.5,-21.3,4,4,False,False,False,False,True,True,True,False,False,True,False
ARES,Ares Management Corporation Class A Common Stock,130.63,27.7,43144114424.0,277880358,36.4,-30.1,0,1,False,False,False,False,False,False,False,False,True,False,False
WRBY,Warby Parker Inc. Class A Common Stock,24.3,27.7,3003675712.0,66195191,62.4,-21.6,5,5,False,False,False,False,True,True,True,False,True,True,False
BX,Blackstone Inc. Common Stock,125.41,27.6,94135895547.0,562872542,23.3,-34.0,0,0,False,False,False,False,False,False,False,False,False,False,False
H,Hyatt Hotels Corporation Class A Common Stock,161.39,27.6,15203196385.0,138289552,20.3,-22.0,5,4,False,False,False,False,True,True,True,False,False,True,False
LW,"Lamb Weston Holdings, Inc. Common Stock ",47.32,27.6,6505601441.0,80492997,25.8,-29.4,0,1,False,False,False,True,False,False,False,False,False,False,False
CHH,"Choice Hotels International, Inc. Common Stock",98.23,27.5,4437976391.0,59515107,16.9,-20.7,2,4,False,False,False,False,True,True,True,False,False,True,False
DXC,DXC Technology Company Common Stock ,11.04,27.5,1763956727.0,36188307,39.7,-29.6,0,2,False,False,False,False,False,False,False,True,True,False,False
CSR,D/B/A Centerspace Common Stock,57.69,27.4,968854571.0,10126484,10.9,-17.1,0,2,False,False,False,False,False,False,False,True,False,True,False
CX,"Cemex, S.A.B. de C.V. Sponsored ADR",10.66,27.4,16159665786.0,74018754,22.1,-22.0,5,3,False,False,False,False,True,True,False,False,False,True,False
ZS,"Zscaler, Inc. - Common Stock",163.48,27.3,26656182029.0,433483197,42.6,-51.5,0,2,False,False,False,False,False,False,False,True,True,False,False
DSL,DoubleLine Income Solutions Fund Common Shares of Beneficial Interests,10.45,27.3,1065866853.0,5839432,0.3,-17.5,1,4,False,False,True,False,True,True,True,False,False,True,False
NVS,Novartis AG Common Stock,137.48,27.3,262332692829.0,295614294,13.1,-19.3,5,4,False,False,False,False,True,True,True,False,False,True,False
CRCL,"Circle Internet Group, Inc. Class A Common Stock",90.32,27.2,22930069572.0,1040317445,81.0,-43.4,0,4,False,False,False,True,True,False,False,True,True,False,False
UE,Urban Edge Properties Common Shares of Beneficial Interest,20.7,27.2,2613260446.0,17680807,12.1,-14.1,5,4,False,False,False,False,True,True,True,False,False,True,False
IIIN,"Insteel Industries, Inc. Common Stock",30.45,27.1,589458621.0,6760935,25.1,-23.7,1,2,False,False,False,False,False,True,False,False,False,True,False
MTN,"Vail Resorts, Inc. Common Stock",133.33,27.1,4751018022.0,91215153,12.5,-18.4,2,2,False,False,False,False,False,True,False,False,False,True,False
PDO,PIMCO Dynamic Income Opportunities Fund Common Shares of Beneficial Interest,12.48,27.1,1815694920.0,9101383,1.0,-12.4,5,2,False,False,False,False,False,True,False,False,False,True,False
GRBK,"Green Brick Partners, Inc. Common Stock",67.5,27.0,2903221980.0,19804640,11.7,-18.9,5,4,False,False,False,False,True,True,True,False,False,True,False
TR,"Tootsie Roll Industries, Inc. Common Stock",38.36,27.0,2879748417.0,6287061,14.7,-14.9,1,3,False,False,False,False,True,True,False,False,False,True,False
CRAI,"CRA International,Inc. - Common Stock",163.46,26.9,1026015536.0,23528637,23.7,-28.1,0,0,False,False,False,False,False,False,False,False,False,False,False
GDDY,GoDaddy Inc. Class A Common Stock,96.37,26.9,12205039234.0,178004754,34.6,-36.0,0,3,False,False,False,True,False,False,False,True,True,False,False
ODFL,"Old Dominion Freight Line, Inc. - Common Stock",180.55,26.8,37438238102.0,349117529,43.3,-28.4,5,4,False,False,False,False,True,True,True,False,True,False,False
EXR,Extra Space Storage Inc Common Stock,136.45,26.8,28827731189.0,157529483,8.5,-14.1,4,4,False,False,False,False,True,True,True,False,False,True,False
TEL,TE Connectivity plc Ordinary Shares,204.63,26.8,59243091846.0,471654405,7.5,-19.0,0,1,False,False,False,False,False,False,False,False,False,True,False
CELC,Celcuity Inc. - Common Stock,85.49,26.7,4183188815.0,112668835,92.5,-43.4,5,3,False,False,False,False,True,True,False,False,True,False,False
PAHC,Phibro Animal Health Corporation - Class A Common Stock,36.58,26.7,1485206638.0,8349531,29.5,-39.1,0,2,False,False,False,False,True,False,False,True,False,False,False
EEFT,"Euronet Worldwide, Inc. - Common Stock",70.73,26.6,2645556274.0,49288158,13.2,-22.8,0,1,False,False,False,False,False,False,False,False,False,True,False
GPOR,Gulfport Energy Corporation Common Shares,176.3,26.6,3117665576.0,52649426,18.2,-21.9,0,2,False,False,False,False,False,False,False,True,False,True,False
OBDC,Blue Owl Capital Corporation Common Stock,11.06,26.6,5454156813.0,41328728,5.1,-22.7,1,2,False,False,False,False,False,True,False,False,False,True,False
NNI,"Nelnet, Inc. Common Stock",125.78,26.5,4500337712.0,16172206,7.9,-12.9,0,1,False,False,False,False,False,False,False,False,False,True,False
PPL,PPL Corporation Common Stock,34.21,26.5,25744559011.0,275547984,3.1,-14.7,0,2,False,False,False,False,True,False,False,False,False,True,False
EXC,Exelon Corporation - Common Stock,43.39,26.4,44789499628.0,364076981,1.9,-14.3,0,2,False,False,False,False,True,False,False,False,False,True,False
ZWS,Zurn Elkay Water Solutions Corporation Common Stock,45.52,26.4,7550133695.0,43686205,5.7,-17.2,5,4,False,False,False,False,True,True,True,False,False,True,False
ATO,Atmos Energy Corporation Common Stock,164.81,26.3,27851003420.0,171388710,2.9,-14.4,0,2,False,False,False,False,True,False,False,False,False,True,False
SMA,"SmartStop Self Storage REIT, Inc. Common Stock",32.05,26.3,1774573341.0,23846786,9.0,-19.4,1,5,False,False,False,True,True,True,True,False,False,True,False
SMG,Scotts Miracle-Gro Company (The) Common Stock,56.16,26.3,3269650588.0,61444854,8.0,-25.5,3,3,False,False,False,False,True,True,True,False,False,False,False
PTCT,"PTC Therapeutics, Inc. - Common Stock",67.37,26.2,5622754231.0,95665341,17.2,-25.9,0,0,False,False,False,False,False,False,False,False,False,False,False
LNN,Lindsay Corporation Common Stock,117.31,26.2,1192911899.0,16870191,20.6,-20.7,1,3,False,False,False,False,False,True,False,True,False,True,False
COLM,Columbia Sportswear Company - Common Stock,56.42,26.1,2888320005.0,38024448,18.9,-18.3,4,3,False,False,False,False,True,True,False,False,False,True,False
LUNR,"Intuitive Machines, Inc. - Class A Common Stock",14.62,26.1,3346869874.0,148340928,87.9,-68.7,5,3,False,False,False,False,True,True,False,False,True,False,False
KRC,Kilroy Realty Corporation Common Stock,34.85,26.1,4053368232.0,45989972,27.4,-22.6,0,2,False,False,False,True,False,False,False,False,False,True,False
HLNE,Hamilton Lane Incorporated - Class A Common Stock,95.79,26.0,5279048014.0,63120543,33.3,-38.5,0,2,False,False,False,False,False,False,False,True,True,False,False
SPIR,"Spire Global, Inc. Class A Common Stock",11.28,26.0,458220345.0,9305514,70.9,-56.5,5,3,False,False,False,False,True,True,False,False,True,False,False
POWI,"Power Integrations, Inc. - Common Stock",49.69,25.9,2776344178.0,44883422,61.0,-45.5,5,3,False,False,False,False,True,True,False,False,True,False,False
PTY,Pimco Corporate & Income Opportunity Fund,11.6,25.9,,13523214,0.2,-21.0,0,1,False,False,False,False,False,False,False,False,False,True,False
GOLF,Acushnet Holdings Corp. Common Stock,85.27,25.8,4980198102.0,34393971,16.7,-28.7,5,3,False,False,False,False,True,True,True,False,False,False,False
PL,Planet Labs PBC Class A Common Stock,16.69,25.8,6072622936.0,183384675,94.2,-67.8,5,3,False,False,False,False,True,True,False,False,True,False,False
RCI,"Rogers Communication, Inc. Common Stock",36.09,25.8,19496694193.0,43239795,15.0,-12.3,0,3,False,False,False,True,False,False,False,True,False,True,False
BLSH,Bullish Ordinary Shares,33.88,25.7,5408644601.0,40535732,64.9,-54.8,0,2,False,False,False,False,False,False,False,True,True,False,False
RMD,ResMed Inc. Common Stock,219.58,25.7,31674921351.0,314432082,21.8,-22.9,0,2,False,False,False,False,False,False,False,True,False,True,False
CRWV,"CoreWeave, Inc. - Class A Common Stock",89.12,25.6,49152941970.0,2401738657,47.2,-41.8,0,3,False,False,False,False,True,False,False,True,True,False,False
ADC,Agree Realty Corporation Common Stock,71.49,25.6,8891876872.0,102313529,2.8,-12.9,5,4,False,False,False,False,True,True,True,False,False,True,False
BCE,"BCE, Inc. Common Stock",23.25,25.6,21681225245.0,80450366,11.4,-12.3,1,4,False,False,False,False,True,True,False,True,False,True,False
WMG,Warner Music Group Corp. - Class A Common Stock,27.84,25.5,14563375969.0,56278775,19.3,-21.4,0,2,False,False,False,False,False,False,False,True,False,True,False
PFGC,Performance Food Group Company Common Stock,94.35,25.5,14863241569.0,176893166,16.7,-19.7,3,4,False,False,False,False,True,True,True,False,False,True,False
PIPR,Piper Sandler Companies Common Stock,76.11,25.4,5378715848.0,42260385,10.8,-19.9,0,2,False,False,False,False,False,False,False,True,False,True,False
YUM,"Yum! Brands, Inc.",143.89,25.4,39267737121.0,389597285,4.8,-15.4,5,3,False,False,False,False,True,True,False,False,False,True,False
CWST,"Casella Waste Systems, Inc. - Class A Common Stock",89.94,25.3,5723785737.0,52118730,21.5,-16.7,2,2,False,False,False,False,False,True,False,False,False,True,False
CNP,"CenterPoint Energy, Inc (Holding Co) Common Stock",39.12,25.3,25769137667.0,260440021,5.1,-13.6,5,3,False,False,False,False,True,True,False,False,False,True,False
DTE,DTE Energy Company Common Stock,134.34,25.3,27954551189.0,182339414,6.4,-13.7,5,3,False,False,False,False,True,True,False,False,False,True,False
MSDL,Morgan Stanley Direct Lending Fund Common Stock,14.64,25.2,,6932729,7.2,-18.4,0,1,False,False,False,False,False,False,False,False,False,True,False
NYT,New York Times Company (The) Common Stock,66.57,25.2,10684675523.0,135089713,23.0,-23.6,5,3,False,False,False,False,True,True,False,False,False,True,False
BANF,BancFirst Corporation - Common Stock,110.84,25.1,3724084896.0,14641827,9.2,-18.2,1,4,False,False,False,False,True,True,True,False,False,True,False
BC,Brunswick Corporation Common Stock,69.88,25.1,4528044269.0,54351357,19.3,-22.6,5,4,False,False,False,False,True,True,True,False,False,True,False
CE,Celanese Corporation Common Stock,45.72,25.1,5017720897.0,80273394,30.1,-35.3,5,4,False,False,False,False,True,True,False,True,True,False,False
CSL,Carlisle Companies Incorporated Common Stock,329.74,25.0,13095338215.0,195556096,12.4,-23.8,2,3,False,False,False,False,True,True,False,False,False,True,False
NEA,Nuveen AMT-Free Quality Municipal Income Fund Common Shares of Beneficial Interest Par Value $.01,10.8,25.0,,10052775,0.4,-9.2,5,4,False,False,False,False,True,True,True,False,False,True,False
GFS,GlobalFoundries Inc. - Ordinary Share,45.96,24.9,25572937086.0,210128218,45.5,-50.3,5,3,False,False,False,False,True,True,False,False,True,False,False
RBC,RBC Bearings Incorporated Common Stock,478.06,24.9,15135018665.0,130036287,31.2,-28.4,5,3,False,False,False,False,True,True,False,False,True,False,False
JJSF,J & J Snack Foods Corp. - Common Stock,82.56,24.8,1542353556.0,18176355,19.9,-23.9,1,2,False,False,False,False,False,True,False,False,False,True,False
PG,Procter & Gamble Company (The) Common Stock,142.97,24.8,332324194588.0,1286259226,3.9,-14.5,0,2,False,False,False,False,True,False,False,False,False,True,False
WM,"Waste Management, Inc. Common Stock",214.77,24.8,85846830068.0,445395827,10.6,-13.4,3,4,False,False,False,False,True,True,True,False,False,True,False
LYFT,"Lyft, Inc. - Class A Common Stock",15.02,24.7,5685674540.0,181199580,20.5,-41.2,0,0,False,False,False,False,False,False,False,False,False,False,False
AA,Alcoa Corporation Common Stock ,48.3,24.7,12746826194.0,256437792,57.3,-42.8,5,3,False,False,False,False,True,True,False,False,True,False,False
CMCSA,Comcast Corporation - Class A Common Stock,25.17,24.6,89319182542.0,701733239,18.3,-23.4,1,3,False,False,False,False,False,True,False,True,False,True,False
SO,Southern Company (The) Common Stock,87.75,24.6,100944350267.0,489518247,4.7,-13.0,5,3,False,False,False,False,True,True,False,False,False,True,False
WEC,"WEC Energy Group, Inc. Common Stock",105.35,24.6,34328232499.0,239121983,2.3,-12.1,0,2,False,False,False,False,True,False,False,False,False,True,False
BKV,BKV Corporation Common Stock,24.96,24.5,2731568237.0,33751825,24.3,-23.9,5,3,False,False,False,False,True,True,False,False,False,True,False
CAG,"ConAgra Brands, Inc. Common Stock",14.7,24.5,7056994029.0,188156238,17.3,-27.7,0,0,False,False,False,False,False,False,False,False,False,False,False
ABG,Asbury Automotive Group Inc Common Stock,208.81,24.4,3748539789.0,51667965,21.4,-19.3,0,1,False,False,False,False,False,False,False,False,False,True,False
KAI,Kadant Inc Common Stock,286.23,24.4,3380123559.0,39611206,16.9,-19.2,2,3,False,False,False,False,True,True,False,False,False,True,False
AWI,Armstrong World Industries Inc Common Stock,162.73,24.3,6877429675.0,77362211,8.3,-21.0,0,1,False,False,False,False,False,False,False,False,False,True,False
TNL,Travel   Leisure Co. Common  Stock,65.36,24.3,4000308604.0,53094161,12.6,-19.3,5,4,False,False,False,False,True,True,True,False,False,True,False
VTS,"Vitesse Energy, Inc. Common Stock",18.64,24.3,784824469.0,7856443,24.3,-28.2,0,2,False,False,False,True,False,False,False,True,False,False,False
DMC,Del Monte Corporation Ordinary Shares,31.96,24.2,1506793127.0,10984033,20.7,-26.7,0,1,False,False,False,False,False,False,False,True,False,False,False
EPAC,Enerpac Tool Group Corp. Common Stock,35.4,24.2,1810272668.0,16170653,9.4,-21.3,0,1,False,False,False,False,False,False,False,False,False,True,False
TTWO,"Take-Two Interactive Software, Inc. - Common Stock",216.96,24.1,40567276913.0,537182568,15.6,-18.4,0,1,False,False,False,False,False,False,False,False,False,True,False
ELS,"Equity Lifestyle Properties, Inc. Common Stock",60.3,24.1,11702096526.0,94111455,2.7,-12.6,5,4,False,False,False,False,True,True,True,False,False,True,False
JBS,JBS N.V. Class A Common Shares,12.62,24.1,13515126340.0,69808043,9.8,-32.3,2,2,False,False,False,False,True,True,False,False,False,False,False
PENN,"PENN Entertainment, Inc. - Common Stock",17.11,24.0,2293879372.0,51535617,46.9,-23.5,3,5,False,False,False,False,True,True,True,False,True,True,False
RL,Ralph Lauren Corporation Common Stock,336.67,24.0,20059552404.0,232495636,12.2,-20.1,5,4,False,False,False,False,True,True,True,False,False,True,False
CBRE,CBRE Group Inc Common Stock Class A,137.99,23.9,39958495371.0,231768936,13.4,-20.8,0,1,False,False,False,False,False,False,False,False,False,True,False
CTGO,Contango Silver & Gold Inc. Common Stock,18.88,23.9,631360246.0,6687642,30.2,-45.1,0,2,False,False,False,False,False,False,False,True,True,False,False
FERG,Ferguson Enterprises Inc. Common Stock,220.97,23.8,42747246875.0,618868304,6.4,-18.7,0,2,False,False,False,False,True,False,False,False,False,True,False
PCOR,"Procore Technologies, Inc. Common Stock",53.21,23.8,8085543535.0,172431556,39.9,-35.4,0,2,False,False,False,False,False,False,False,True,True,False,False
UEC,Uranium Energy Corp. Common Stock,11.02,23.8,5453493473.0,86685308,23.7,-45.8,0,1,False,False,False,False,False,False,False,True,False,False,False
PPLI,People Incorporated - Common Stock,37.54,23.7,2795375745.0,39833618,27.0,-22.3,5,4,False,False,False,False,True,True,True,False,False,True,False
AVA,Avista Corporation Common Stock,37.13,23.7,3109742578.0,24066231,4.6,-14.6,0,2,False,False,False,False,True,False,False,False,False,True,False
SRE,DBA Sempra Common Stock,84.0,23.6,54927629232.0,316205211,5.5,-16.9,0,2,False,False,False,False,True,False,False,False,False,True,False
TDC,Teradata Corporation Common Stock,27.36,23.6,2544480000.0,81436500,34.6,-34.5,5,2,False,False,False,False,False,True,False,False,True,False,False
MORN,"Morningstar, Inc. - Common Stock",193.15,23.5,7245746239.0,69288176,36.5,-26.1,0,3,False,False,False,True,False,False,False,True,True,False,False
ODD,ODDITY Tech Ltd. - Class A Ordinary Shares,16.01,23.5,907073527.0,16403195,73.1,-75.1,0,2,False,False,False,False,False,False,False,True,True,False,False
MSCI,MSCI Inc. Common Stock,547.6,23.5,39810520000.0,364343984,9.3,-15.1,5,4,False,False,False,False,True,True,True,False,False,True,False
BBSI,"Barrett Business Services, Inc. - Common Stock",32.86,23.4,796368015.0,8318158,29.7,-30.8,0,0,False,False,False,False,False,False,False,False,False,False,False
RYN,Rayonier Inc. REIT Common Stock,20.28,23.4,6034664661.0,61002733,4.1,-25.1,0,0,False,False,False,False,False,False,False,False,False,False,False
BKNG,Booking Holdings Inc. - Common Stock,174.33,23.3,130988162565.0,1165309813,16.1,-22.5,1,2,False,False,False,False,False,True,False,False,False,True,False
MARA,"MARA Holdings, Inc. - Common Stock",11.43,23.3,4415400965.0,541035324,71.6,-51.3,0,5,False,False,False,True,True,False,True,True,True,False,False
WCN,"Waste Connections, Inc. Common Shares",159.44,23.3,40693078464.0,195580432,8.5,-11.3,0,1,False,False,False,False,False,False,False,False,False,True,False
LGIH,"LGI Homes, Inc. - Common Stock",48.7,23.2,1132190846.0,16940179,45.2,-26.5,2,4,False,False,False,False,True,True,True,False,True,False,False
KKR,KKR & Co. Inc. Common Stock,100.87,23.2,90544503073.0,436618422,22.0,-33.7,0,0,False,False,False,False,False,False,False,False,False,False,False
CPT,Camden Property Trust Common Stock,102.5,23.1,10305283375.0,102714502,6.2,-14.4,4,4,False,False,False,False,True,True,True,False,False,True,False
SLGN,Silgan Holdings Inc. Common Stock,38.57,23.1,4076155511.0,54308043,8.1,-22.2,2,4,False,False,False,False,True,True,True,False,False,True,False
BA,Boeing Company (The) Common Stock,204.8,23.0,161867780096.0,1191588526,15.9,-19.5,2,3,False,False,False,False,True,True,False,False,False,True,False
DIN,"Dine Brands Global, Inc. Common Stock",28.23,23.0,357367805.0,8835779,23.5,-28.9,5,1,False,False,False,False,False,True,False,False,False,False,False
TAC,TransAlta Corporation Ordinary Shares,12.18,23.0,3848880000.0,22201545,7.0,-31.9,0,0,False,False,False,False,False,False,False,False,False,False,False
SEDG,"SolarEdge Technologies, Inc. - Common Stock",36.75,22.9,2261071239.0,121141456,30.3,-54.8,0,2,False,False,False,False,True,False,False,False,True,False,False
BTI,"British American Tobacco  Industries, p.l.c. Common Stock ADR",54.86,22.9,118515898827.0,256402367,10.0,-18.5,5,3,False,False,False,False,True,True,False,False,False,True,False
ADUR,Aduro Clean Technologies Inc. - Common Stock,12.97,22.8,463090582.0,7061754,44.1,-28.7,1,4,False,False,False,False,True,True,True,False,True,False,False
BJ,"BJ's Wholesale Club Holdings, Inc. Common Stock",89.65,22.8,11324112138.0,161273926,7.7,-15.2,2,3,False,False,False,False,True,True,False,False,False,True,False
TSLX,"Sixth Street Specialty Lending, Inc. Common Stock",17.78,22.8,1695201011.0,8319719,10.8,-28.2,0,0,False,False,False,False,False,False,False,False,False,False,False
ECVT,Ecovyst Inc. Common Stock,10.07,22.7,1102346768.0,14630825,35.9,-33.2,5,3,False,False,False,False,True,True,False,False,True,False,False
EPRT,"Essential Properties Realty Trust, Inc. Common Stock",29.1,22.7,6293544416.0,47441514,0.5,-16.2,5,3,False,False,False,False,True,True,False,False,False,True,False
CTSH,Cognizant Technology Solutions Corporation - Class A Common Stock,58.32,22.6,26269906269.0,436907125,57.3,-33.0,0,2,False,False,False,False,False,False,False,True,True,False,False
PII,Polaris Inc. Common Stock,57.94,22.6,3296990181.0,54226427,22.9,-25.7,5,1,False,False,False,False,False,True,False,False,False,False,False
CVCO,"Cavco Industries, Inc. - Common Stock",523.35,22.5,4024248537.0,60436862,18.0,-26.6,5,1,False,False,False,False,False,True,False,False,False,False,False
REYN,Reynolds Consumer Products Inc. - Common Stock,21.57,22.5,4546761482.0,33163933,5.5,-21.0,5,2,False,False,False,False,False,True,False,False,False,True,False
GGG,Graco Inc. Common Stock,75.97,22.5,12303632009.0,144559527,4.8,-20.6,0,1,False,False,False,False,False,False,False,False,False,True,False
IP,International Paper Company Common Stock,34.29,22.4,18158951700.0,186566429,17.2,-31.8,1,1,False,False,False,False,False,True,False,False,False,False,False
NAD,Nuveen Quality Municipal Income Fund Common Stock,10.94,22.4,,7547442,0.5,-11.1,5,4,False,False,True,False,True,True,True,False,False,True,False
DOO,BRP Inc. - Common Subordinate Voting Shares,60.66,22.3,4315977319.0,15988880,24.2,-25.9,1,1,False,False,False,False,False,True,False,False,False,False,False
DOLE,Dole plc Ordinary Shares,13.57,22.3,1281806011.0,13874759,8.4,-18.1,5,2,False,False,False,False,False,True,False,False,False,True,False
LEVI,Levi Strauss & Co Class A Common Stock,20.12,22.3,7743193307.0,59385928,13.5,-21.7,5,4,False,False,False,False,True,True,True,False,False,True,False
NVG,Nuveen AMT-Free Municipal Credit Income Fund ,11.58,22.2,,6449191,0.7,-14.8,5,3,False,False,True,False,True,True,False,False,False,True,False
RYAN,"Ryan Specialty Holdings, Inc. Class A Common Stock",38.67,22.2,9892357736.0,79264839,32.1,-34.7,0,1,False,False,False,False,False,False,False,False,True,False,False
OWL,Blue Owl Capital Inc. Class A Common Stock,10.43,22.1,16261331886.0,207875399,31.2,-45.9,0,1,False,False,False,False,False,False,False,False,True,False,False
UDR,"UDR, Inc. Common Stock",35.14,22.1,11289224761.0,120149020,6.7,-16.3,3,4,False,False,False,False,True,True,True,False,False,True,False
FWRD,Forward Air Corporation - Common Stock,16.42,22.0,554681754.0,10321325,108.9,-47.3,0,2,False,False,False,False,False,False,False,True,True,False,False
SONO,"Sonos, Inc. - Common Stock",14.63,22.0,1730640913.0,27539189,17.6,-26.2,0,0,False,False,False,False,False,False,False,False,False,False,False
IR,Ingersoll Rand Inc. Common Stock,73.09,22.0,28358878266.0,312708309,7.4,-27.6,2,1,False,False,False,False,False,True,False,False,False,False,False
GVA,Granite Construction Incorporated Common Stock,115.25,21.9,5043859778.0,94385132,18.5,-28.9,5,2,False,False,False,False,True,True,False,False,False,False,False
NI,NiSource Inc Common Stock,41.42,21.9,19863379342.0,232565772,5.4,-15.8,0,2,False,False,False,False,True,False,False,False,False,True,False
KMB,Kimberly-Clark Corporation - Common Stock,98.48,21.8,32752383662.0,404977326,6.6,-24.7,1,4,False,False,False,False,True,True,True,False,False,True,False
NXPI,NXP Semiconductors N.V. - Common Stock,226.465,21.8,57106359665.0,943330590,23.8,-33.4,5,2,False,False,False,False,True,True,False,False,False,False,False
STAA,STAAR Surgical Company - Common Stock,23.42,21.8,1174372105.0,23261017,50.2,-34.7,0,3,False,False,False,False,True,False,True,False,True,False,False
LINE,"Lineage, Inc. - Common Stock",37.39,21.7,8514077349.0,38175474,19.3,-18.3,4,4,False,False,False,False,True,True,True,False,False,True,False
SSD,"Simpson Manufacturing Company, Inc. Common Stock",172.43,21.7,7066988717.0,50161909,10.3,-19.2,5,4,False,False,False,False,True,True,True,False,False,True,False
CHRW,"C.H. Robinson Worldwide, Inc. - Common Stock",152.42,21.6,17810468744.0,302107705,23.3,-27.5,5,2,False,False,False,False,True,True,False,False,False,False,False
BRO,"Brown & Brown, Inc. Common Stock",66.33,21.6,22194704980.0,157348345,23.3,-31.3,0,0,False,False,False,False,False,False,False,False,False,False,False
MAGN,Magnera Corporation Common Stock,11.56,21.5,413848000.0,5497258,47.8,-25.5,3,2,False,False,False,False,False,True,False,False,True,False,False
NAC,Nuveen California Quality Municipal Income Fund,10.87,21.5,,5472751,0.4,-11.3,5,4,False,False,True,False,True,True,True,False,False,True,False
NZF,Nuveen Municipal Credit Income Fund ,11.5,21.5,,7040821,0.3,-11.7,5,3,False,False,True,False,True,True,False,False,False,True,False
KE,"Kimball Electronics, Inc. - Common Stock",24.86,21.4,595819496.0,5105123,18.3,-25.1,0,1,False,False,False,False,False,False,False,True,False,False,False
MMYT,MakeMyTrip Limited - Ordinary Shares,49.08,21.4,4616399131.0,41557865,50.2,-52.5,0,1,False,False,False,False,False,False,False,False,True,False,False
PEP,"PepsiCo, Inc. - Common Stock",136.65,21.3,186512431401.0,1091927256,2.2,-20.3,0,2,False,False,False,False,True,False,False,False,False,True,False
HSY,The Hershey Company Common Stock,174.34,21.3,35029379041.0,271868214,8.0,-27.2,1,2,False,False,False,False,True,True,False,False,False,False,False
TRN,"Trinity Industries, Inc. Common Stock",28.36,21.3,2259426623.0,21964069,14.5,-26.0,5,2,False,False,False,False,True,True,False,False,False,False,False
APG,APi Group Corporation Common Stock,37.38,21.2,16154151902.0,118980539,11.9,-25.2,5,2,False,False,False,False,True,True,False,False,False,False,False
SPGI,S&P Global Inc. Common Stock,410.42,21.2,120991816000.0,866047394,13.7,-21.4,0,1,False,False,False,False,False,False,False,False,False,True,False
MOD,Modine Manufacturing Company Common Stock,179.26,21.1,9520984036.0,293317297,61.2,-44.5,5,3,False,False,False,False,True,True,False,False,True,False,False
TOL,"Toll Brothers, Inc. Common Stock",132.48,21.1,12207634560.0,131777620,7.6,-21.3,5,4,False,False,False,False,True,True,True,False,False,True,False
CMS,CMS Energy Corporation Common Stock,67.68,21.0,21222900564.0,248576655,0.7,-15.8,0,2,False,False,False,False,True,False,False,False,False,True,False
ENB,Enbridge Inc Common Stock,48.22,21.0,105293090690.0,256552236,7.1,-17.5,5,3,False,False,False,False,True,True,False,False,False,True,False
GMED,"Globus Medical, Inc. Class A Common Stock",73.56,21.0,9876306394.0,119663321,35.8,-27.5,5,2,False,False,False,False,False,True,False,False,True,False,False
MRCY,Mercury Systems Inc - Common Stock,80.43,20.9,4836749177.0,69363161,23.7,-37.4,5,3,False,False,False,False,True,True,True,False,False,False,False
SOLS,Solstice Advanced Materials Inc. - Common Stock,61.56,20.9,9778644036.0,229318326,52.3,-32.2,1,4,False,False,False,False,True,True,False,True,True,False,False
APLD,Applied Digital Corporation - Common Stock,25.78,20.8,7514073707.0,507222948,67.2,-49.2,0,2,False,False,False,False,True,False,False,False,True,False,False
HROW,"Harrow, Inc. - Common Stock",36.58,20.8,1371305553.0,22122428,28.2,-33.3,1,1,False,False,False,False,False,True,False,False,False,False,False
SPOT,Spotify Technology S.A. Ordinary Shares,521.73,20.8,107389004312.0,883814967,28.8,-30.0,0,2,False,False,False,True,False,False,False,True,False,False,False
GNTX,Gentex Corporation - Common Stock,22.68,20.7,4778297947.0,58705614,10.7,-22.8,1,4,False,False,False,False,True,True,True,False,False,True,False
WS,"Worthington Steel, Inc. Common Shares",33.75,20.7,1719448391.0,8572298,24.0,-31.4,5,2,False,False,False,False,True,True,False,False,False,False,False
CWEN,"Clearway Energy, Inc. Class C Common Stock",31.59,20.6,5178034099.0,37724347,14.2,-24.3,5,3,False,False,False,False,True,True,False,False,False,True,False
DOV,Dover Corporation Common Stock,187.37,20.6,25235033758.0,240583506,17.9,-21.1,5,3,False,False,False,False,True,True,False,False,False,True,False
INVA,"Innoviva, Inc. - Common Stock",20.62,20.5,1489701901.0,15301473,24.8,-18.0,5,3,False,False,False,False,True,True,False,False,False,True,False
NCI,Neo-Concept International Group Holdings Limited - Class A Ordinary Shares,12.69,20.5,30002739.0,7801291,395.7,-88.5,1,4,False,False,False,False,True,True,False,True,True,False,False
LOAR,Loar Holdings Inc. Common Stock,64.76,20.5,6067265382.0,46279401,21.8,-22.4,0,1,False,False,False,False,False,False,False,False,False,True,False
ARE,"Alexandria Real Estate Equities, Inc. Common Stock",49.56,20.4,8635709569.0,91809030,25.8,-43.8,0,1,False,False,False,True,False,False,False,False,False,False,False
WY,Weyerhaeuser Company Common Stock,21.99,20.4,15848984640.0,123178070,3.9,-20.8,2,3,False,False,False,False,True,True,False,False,False,True,False
FIZZ,National Beverage Corp. - Common Stock,30.91,20.3,2893648985.0,14368008,3.0,-24.0,1,3,False,False,False,False,True,True,False,False,False,True,False
KBR,"KBR, Inc. Common Stock",36.45,20.3,4595169670.0,54015988,21.7,-30.2,0,0,False,False,False,False,False,False,False,False,False,False,False
PHM,"PulteGroup, Inc. Common Stock",116.41,20.3,21821350181.0,196765034,7.3,-19.4,2,4,False,False,False,False,True,True,True,False,False,True,False
IT,"Gartner, Inc. Common Stock",170.62,20.2,10774478285.0,225107268,37.3,-35.8,0,2,False,False,False,False,False,False,False,True,True,False,False
TKO,"TKO Group Holdings, Inc. Class A Common Stock",189.64,20.2,35893108373.0,210538651,7.7,-16.4,1,3,False,False,False,False,False,True,False,True,False,True,False
TSN,"Tyson Foods, Inc. Common Stock",52.46,20.1,18455507320.0,179018045,3.8,-24.5,5,3,False,False,False,False,True,True,False,False,False,True,False
YETI,"YETI Holdings, Inc. Common Stock",39.47,20.1,2880867778.0,68717738,24.7,-26.9,5,1,False,False,False,False,False,True,False,False,False,False,False
MAZE,"Maze Therapeutics, Inc. - Common Stock",24.82,20.0,1378730350.0,12751023,58.1,-53.7,0,1,False,False,False,False,False,False,False,False,True,False,False
BR,"Broadridge Financial Solutions, Inc. Common Stock",168.24,20.0,19183027296.0,189819546,25.7,-34.2,0,1,False,False,False,False,False,False,False,True,False,False,False
INGR,Ingredion Incorporated Common Stock,101.13,20.0,6377660196.0,66593990,7.1,-20.7,0,1,False,False,False,False,False,False,False,False,False,True,False
CRDO,Credo Technology Group Holding Ltd - Ordinary Shares,160.31,19.9,30130571975.0,1360730354,85.4,-48.1,5,4,False,False,False,False,True,True,True,False,True,False,False
VST,Vistra Corp. Common Stock,147.05,19.9,49355155425.0,651251181,10.8,-33.1,0,0,False,False,False,False,False,False,False,False,False,False,False
STRT,STRATTEC SECURITY CORPORATION - Common Stock,71.08,19.8,283254724.0,7347203,24.7,-23.6,5,4,False,False,False,False,True,True,True,False,False,True,False
TW,Tradeweb Markets Inc. - Class A Common Stock,102.47,19.8,23980876007.0,149541671,12.1,-19.8,0,2,False,False,False,False,True,False,False,False,False,True,False
COST,Costco Wholesale Corporation - Common Stock,902.38,19.7,400186403154.0,1906718021,6.9,-17.7,5,3,False,False,False,False,True,True,False,False,False,True,False
NVMI,Nova Ltd. - Ordinary Shares,366.03,19.7,11633521241.0,222419972,37.4,-40.6,5,3,False,False,False,False,True,True,False,False,True,False,False
CHCT,Community Healthcare Trust Incorporated Common Stock,14.63,19.7,419205708.0,5162112,10.6,-23.7,5,3,False,False,False,False,True,True,False,False,False,True,False
ERIE,Erie Indemnity Company - Class A Common Stock,240.4,19.6,11103851947.0,73187431,17.5,-29.6,0,0,False,False,False,False,False,False,False,False,False,False,False
WDFC,WD-40 Company - Common Stock,199.04,19.6,2671334948.0,33638561,13.5,-33.4,3,3,False,False,False,False,True,True,True,False,False,False,False
IMXI,"International Money Express, Inc. - Common Stock",14.07,19.5,425077592.0,7159869,26.2,-11.8,0,2,False,False,False,False,False,False,False,True,False,True,False
ARLO,"Arlo Technologies, Inc. Common Stock",13.0,19.5,1398972952.0,17680832,17.6,-34.8,0,0,False,False,False,False,False,False,False,False,False,False,False
STE,STERIS plc (Ireland) Ordinary Shares,212.45,19.5,20713898370.0,155412900,8.9,-21.2,0,1,False,False,False,False,False,False,False,False,False,True,False
ALGN,"Align Technology, Inc. - Common Stock",150.72,19.4,10707126493.0,155185323,23.5,-24.8,4,3,False,False,False,False,True,True,False,False,False,True,False
TDS,"Telephone and Data Systems, Inc. Common Shares",37.44,19.4,4309344000.0,40140487,18.8,-23.8,0,2,False,False,False,False,False,False,False,True,False,True,False
BTDR,Bitdeer Technologies Group - Ordinary Shares,11.53,19.3,3133649285.0,135212466,66.7,-58.5,0,2,False,False,False,False,False,False,False,True,True,False,False
RPM,RPM International Inc. Common Stock,99.31,19.3,12685999626.0,134913258,6.9,-22.7,1,2,False,False,False,False,False,True,False,False,False,True,False
BEAM,Beam Therapeutics Inc. - Common Stock,24.37,19.2,2517120396.0,59644895,24.5,-36.3,5,3,False,False,False,False,True,True,True,False,False,False,False
LOGI,Logitech International S.A. - Registered Shares,99.77,19.2,14285899884.0,101131750,19.7,-23.1,0,1,False,False,False,False,False,False,False,False,False,True,False
SBAC,SBA Communications Corporation - Class A Common Stock,181.42,19.2,19246504916.0,181478682,11.7,-19.2,0,2,False,False,False,False,True,False,False,False,False,True,False
HON,Honeywell International Inc. - Common Stock,202.18,19.1,64078931222.0,753202446,3.2,-22.3,5,3,False,False,False,False,True,True,False,False,False,True,False
LOPE,"Grand Canyon Education, Inc. - Common Stock",151.22,19.1,3941554895.0,49077218,12.6,-32.2,0,1,False,False,False,False,False,False,False,True,False,False,False
OLMA,"Olema Pharmaceuticals, Inc. - Common Stock",10.69,19.0,935349419.0,11491558,60.8,-70.5,5,2,False,False,False,False,False,True,False,False,True,False,False
PRKS,United Parks & Resorts Inc. Common Stock,37.91,19.0,1718889024.0,27578497,31.8,-32.0,1,4,False,False,False,False,True,True,True,False,True,False,False
PVH,PVH Corp. Common Stock,69.35,19.0,3199658719.0,74837723,16.4,-31.2,0,2,False,False,False,False,True,False,True,False,False,False,False
SAIA,"Saia, Inc. - Common Stock",346.0,18.9,9229428900.0,172025632,38.8,-30.1,5,3,False,False,False,False,True,True,False,False,True,False,False
MAA,"Mid-America Apartment Communities, Inc. Common Stock",124.48,18.9,14442413207.0,130280265,3.5,-14.6,2,2,False,False,False,False,False,True,False,False,False,True,False
WYFI,"WhiteFiber, Inc. - Ordinary Shares",18.53,18.8,719855627.0,70761133,76.3,-60.5,0,3,False,False,False,False,True,False,True,False,True,False,False
AMT,American Tower Corporation (REIT) Common Stock,172.98,18.8,80601769103.0,453026050,8.1,-13.1,0,3,False,False,False,False,True,False,False,True,False,True,False
TSLA,"Tesla, Inc.  - Common Stock",363.56,18.7,1435897450563.0,14016105097,22.3,-27.1,0,1,False,False,False,False,False,False,False,True,False,False,False
PHG,Koninklijke Philips N.V. NY Registry Shares,24.6,18.7,24178965760.0,26609318,3.1,-26.4,0,0,False,False,False,False,False,False,False,False,False,False,False
YUMC,"Yum China Holdings, Inc. Common Stock",42.29,18.7,14482554571.0,71667284,5.3,-27.6,2,1,False,False,False,False,False,True,False,False,False,False,False
GIS,"General Mills, Inc. Common Stock",35.96,18.6,19225275813.0,358216672,13.3,-29.9,0,0,False,False,False,False,False,False,False,False,False,False,False
LAZ,"Lazard, Inc. Common Stock",41.87,18.6,4080255450.0,65224670,8.3,-28.7,0,0,False,False,False,False,False,False,False,False,False,False,False
VC,Visteon Corporation - Common Stock,100.56,18.5,2684492340.0,46299516,20.4,-22.0,0,3,False,False,False,False,True,False,True,False,False,True,False
MKL,Markel Group Inc. Common Stock,1781.71,18.5,22075312068.0,123365196,3.6,-19.3,0,1,False,False,False,False,False,False,False,False,False,True,False
NHI,"National Health Investors, Inc. Common Stock",70.21,18.5,3448043571.0,28103252,3.3,-23.2,0,2,False,False,False,False,True,False,False,False,False,True,False
XRAY,DENTSPLY SIRONA Inc. - Common Stock,10.5,18.4,2093215698.0,55790242,11.6,-28.9,0,2,False,False,False,False,True,False,True,False,False,False,False
CAL,"Caleres, Inc. Common Stock",11.88,18.4,399046159.0,6441216,35.0,-26.4,1,2,False,False,False,False,False,True,False,False,True,False,False
WAY,Waystar Holding Corp. - Common Stock,23.06,18.3,4421718473.0,61457975,33.6,-43.7,0,1,False,False,False,False,False,False,False,False,True,False,False
VNT,Vontier Corporation Common Stock ,31.26,18.3,4226352000.0,46884324,14.7,-35.1,0,0,False,False,False,False,False,False,False,False,False,False,False
IE,Ivanhoe Electric Inc. Common Stock,10.35,18.2,1651759181.0,20175891,31.8,-52.0,0,2,False,False,False,False,False,False,False,True,True,False,False
MWA,MUELLER WATER PRODUCTS Common Stock,23.69,18.2,3698617336.0,26666496,4.2,-23.6,2,3,False,False,False,False,True,True,False,False,False,True,False
PEG,Public Service Enterprise Group Incorporated Common Stock,72.48,18.2,36125483774.0,219490282,0.6,-17.3,0,2,False,False,False,False,True,False,False,False,False,True,False
SEB,Seaboard Corporation Common Stock,4297.6201,18.1,4116234650.0,55412892,36.9,-28.2,5,3,False,False,False,False,True,True,False,False,True,False,False
WOLF,"Wolfspeed, Inc. Common Stock New",25.17,18.1,1333894117.0,114805138,212.7,-68.9,1,3,False,False,False,False,True,True,False,False,True,False,False
TRI,Thomson Reuters Corp - Common Shares,95.71,18.0,41461572000.0,199340326,25.5,-45.1,0,0,False,False,False,False,False,False,False,False,False,False,False
ALH,Alliance Laundry Holdings Inc. Common Stock,21.14,18.0,4202401489.0,27875398,13.4,-25.1,0,2,False,False,False,False,True,False,True,False,False,False,False
RCL,Royal Caribbean Cruises Ltd. Common Stock,259.01,18.0,69272764277.0,596146336,11.6,-27.3,1,3,False,False,False,False,True,True,True,False,False,False,False
RRR,"Red Rock Resorts, Inc. - Class A Common Stock",54.69,17.9,5743335376.0,45870268,8.3,-20.7,3,2,False,False,False,False,False,True,False,False,False,True,False
GAP,"Gap, Inc. (The) Common Stock",20.91,17.9,7345058565.0,153313114,15.5,-28.8,0,1,False,False,False,False,False,False,False,True,False,False,False
GLIBK,Liberty Capital Corporation - Series C GCI Group Common Stock,25.71,17.8,1025957396.0,10833376,33.2,-37.6,0,2,False,False,False,False,False,False,False,True,True,False,False
CARR,Carrier Global Corporation Common Stock ,56.64,17.8,46689771228.0,384236399,12.7,-26.2,3,3,False,False,False,False,True,True,True,False,False,False,False
IDR,"Idaho Strategic Resources, Inc. Common Stock",30.59,17.7,484122540.0,6890143,17.6,-44.1,0,0,False,False,False,False,False,False,False,False,False,False,False
IRT,"Independence Realty Trust, Inc. Common Stock",15.23,17.7,3590389755.0,46389955,4.3,-15.1,2,2,False,False,False,False,False,True,False,False,False,True,False
UBER,"Uber Technologies, Inc. Common Stock",72.56,17.7,148208162380.0,1306857448,10.9,-28.9,0,0,False,False,False,False,False,False,False,False,False,False,False
CRK,"Comstock Resources, Inc. Common Stock",15.19,17.6,4460096124.0,35143487,25.3,-45.9,0,1,False,False,False,False,False,False,False,True,False,False,False
TLK,"PT Telekomunikasi Indonesia, Tbk",14.99,17.6,14849426268.0,9927495,13.3,-36.3,0,1,False,False,False,False,False,False,False,True,False,False,False
HII,"Huntington Ingalls Industries, Inc. Common Stock",281.67,17.5,11099093119.0,138160043,6.8,-38.8,0,0,False,False,False,False,False,False,False,False,False,False,False
LCII,LCI Industries,93.4,17.5,2270694754.0,37116228,10.8,-41.5,2,1,False,False,False,False,False,True,False,False,False,False,False
WMS,"Advanced Drainage Systems, Inc. Common Stock",127.16,17.5,9588543289.0,94553320,0.6,-29.1,0,0,False,False,True,False,False,False,False,False,False,False,False
NSSC,"NAPCO Security Technologies, Inc. - Common Stock",35.51,17.4,1270137198.0,14127742,4.7,-31.4,0,0,False,False,False,False,False,False,False,False,False,False,False
OTF,Blue Owl Technology Finance Corp. Common Stock,10.69,17.4,4898001808.0,27815298,9.6,-32.4,0,0,False,False,False,False,False,False,False,False,False,False,False
FCN,"FTI Consulting, Inc. Common Stock",150.31,17.3,4150295838.0,59068364,9.2,-20.6,0,1,False,False,False,False,False,False,False,False,False,True,False
PDI,PIMCO Dynamic Income Fund Common Stock,15.06,17.3,3660935400.0,49193710,1.2,-25.2,0,0,False,False,False,False,False,False,False,False,False,False,False
MQ,"Marqeta, Inc. - Class A Common Stock",16.155,17.2,1681716663.0,16601840,9.2,-33.0,0,0,False,False,False,False,False,False,False,False,False,False,False
WMT,Walmart Inc. - Common Stock,105.73,17.2,838834990061.0,2681992772,6.9,-21.8,5,3,False,False,False,False,True,True,False,False,False,True,False
G,Genpact Limited Common Stock,34.41,17.2,5782063945.0,77939420,28.2,-29.3,0,1,False,False,False,False,False,False,False,True,False,False,False
ATMU,Atmus Filtration Technologies Inc. Common Stock,45.41,17.1,3705252881.0,31657019,6.6,-31.7,5,2,False,False,False,False,True,True,False,False,False,False,False
CWK,Cushman & Wakefield Ltd. Common Shares,12.68,17.1,2976169817.0,25937102,9.6,-27.1,0,0,False,False,False,False,False,False,False,False,False,False,False
BKSY,BlackSky Technology Inc. Class A Common Stock,20.75,17.0,849190555.0,26578878,67.2,-60.8,1,3,False,False,False,False,True,True,False,False,True,False,False
MEC,"Mayville Engineering Company, Inc. Common Stock",18.9,17.0,481956256.0,14586064,54.3,-51.2,5,4,False,False,False,False,True,True,True,False,True,False,False
UUUU,Energy Fuels Inc Ordinary Shares (Canada),13.63,17.0,3405687210.0,91438034,27.5,-51.1,0,1,False,False,False,False,False,False,False,True,False,False,False
DOX,Amdocs Limited - Ordinary Shares,60.26,16.9,6505039220.0,69381963,21.1,-29.7,0,1,False,False,False,False,False,False,False,True,False,False,False
BAH,Booz Allen Hamilton Holding Corporation Common Stock,75.68,16.9,9103166757.0,141514515,27.2,-30.6,0,1,False,False,False,False,False,False,False,True,False,False,False
AXON,"Axon Enterprise, Inc. - Common Stock",478.85,16.8,38900536173.0,511039834,41.2,-39.6,0,1,False,False,False,False,False,False,False,False,True,False,False
OPCH,"Option Care Health, Inc. - Common Stock",23.63,16.8,3539425292.0,49333661,31.2,-35.8,0,2,False,False,False,False,False,False,False,True,True,False,False
CORZ,"Core Scientific, Inc. - Common Stock",17.37,16.7,5581683460.0,247917717,30.1,-43.0,0,2,False,False,False,False,True,False,False,False,True,False,False
UFPI,"UFP Industries, Inc. - Common Stock",80.2,16.7,4423951578.0,36232109,3.0,-32.0,0,0,False,False,False,False,False,False,False,False,False,False,False
STWD,"STARWOOD PROPERTY TRUST, INC. Starwood Property Trust Inc.",15.62,16.7,5782038999.0,66857914,1.0,-25.0,0,0,False,False,True,False,False,False,False,False,False,False,False
PAR,PAR Technology Corporation Common Stock,17.62,16.6,728810915.0,16015243,52.0,-63.2,0,1,False,False,False,False,False,False,False,False,True,False,False
TPR,"Tapestry, Inc. Common Stock",115.87,16.6,23103513730.0,402360133,24.6,-29.7,5,2,False,False,False,False,True,True,False,False,False,False,False
CASY,"Caseys General Stores, Inc. - Common Stock",627.64,16.5,23197679216.0,327395976,26.2,-32.4,5,3,False,False,False,False,True,True,True,False,False,False,False
BYD,Boyd Gaming Corporation Common Stock,76.45,16.5,5554506400.0,76616180,2.2,-16.4,3,2,False,False,False,False,False,True,False,False,False,True,False
EIX,Edison International Common Stock,56.75,16.5,21838193308.0,292250226,9.1,-30.5,5,3,False,False,False,False,True,True,True,False,False,False,False
RKLB,Rocket Lab Corporation - Common Stock,61.96,16.4,37080565428.0,1371684647,64.9,-59.0,5,3,False,False,False,False,True,True,False,False,True,False,False
AGO,Assured Guaranty Ltd. Common Stock,73.07,16.4,3213560729.0,27670954,1.3,-20.9,0,1,False,False,False,False,False,False,False,False,False,True,False
GLXY,Galaxy Digital Inc. - Class A common stock,24.13,16.3,9432153742.0,144384383,46.9,-47.5,0,2,False,False,False,False,False,False,False,True,True,False,False
DBD,Diebold Nixdorf Incorporated Common stock,65.27,16.3,2215693799.0,20857422,19.8,-29.1,5,2,False,False,False,False,True,True,False,False,False,False,False
ECHO,EchoStar Corporation - Common stock,91.85,16.2,26681571530.0,374952621,39.7,-37.6,5,4,False,False,False,False,True,True,False,True,True,False,False
MIDD,The Middleby Corporation - Common Stock,105.72,16.2,4780906736.0,74459102,18.6,-28.8,4,3,False,False,False,False,True,True,True,False,False,False,False
AON,Aon plc Class A Ordinary Shares (Ireland),307.77,16.2,65285844822.0,443317922,1.4,-19.5,2,2,False,False,False,False,False,True,False,False,False,True,False
GIII,"G-III Apparel Group, LTD. - Common Stock",27.67,16.1,1186392976.0,18083534,12.4,-26.3,5,3,False,False,False,False,True,True,True,False,False,False,False
IRMD,iRadimed Corporation - Common Stock,81.87,16.1,1046870953.0,11081067,20.7,-24.1,5,2,False,False,False,False,False,True,False,False,False,True,False
GRRR,Gorilla Technology Group Inc. - Ordinary shares,13.76,16.0,381942842.0,16618948,52.2,-41.4,0,3,False,False,False,False,True,False,True,False,True,False,False
KTB,"Kontoor Brands, Inc. Common Stock ",66.16,16.0,3615883499.0,58920264,17.7,-25.6,5,3,False,False,False,False,True,True,True,False,False,False,False
SUI,"Sun Communities, Inc. Common Stock",114.93,16.0,13998583988.0,219810403,0.3,-16.6,0,2,False,False,True,False,True,False,False,False,False,True,False
LBTYA,Liberty Global Ltd. - Class A Common Shares,10.62,15.9,3622349951.0,23558073,12.6,-21.4,0,3,False,False,False,False,True,False,False,True,False,True,False
PWP,Perella Weinberg Partners - Class A Common Stock,15.17,15.9,1476212815.0,17377363,7.5,-41.5,0,0,False,False,False,False,False,False,False,False,False,False,False
GBX,"Greenbrier Companies, Inc. (The) Common Stock",42.66,15.8,1319887005.0,21257555,11.6,-27.9,5,2,False,False,False,False,True,True,False,False,False,False,False
WGO,"Winnebago Industries, Inc. Common Stock",28.19,15.8,796900094.0,16704360,5.2,-43.8,0,0,False,False,False,False,False,False,False,False,False,False,False
LBTYK,Liberty Global Ltd. - Class C Common Shares,10.4,15.7,3547310686.0,13139833,11.8,-20.7,0,3,False,False,False,False,True,False,False,True,False,True,False
ALC,Alcon Inc. Ordinary Shares,66.55,15.7,33255035000.0,135294799,7.6,-24.1,0,1,False,False,False,False,False,False,False,False,False,True,False
GWRE,"Guidewire Software, Inc. Common Stock",140.09,15.7,11663384033.0,218967424,36.9,-45.9,0,1,False,False,False,False,False,False,False,False,True,False,False
GLPI,"Gaming and Leisure Properties, Inc. - Common Stock",40.98,15.6,11921903362.0,137837923,0.4,-18.0,5,3,False,False,True,False,True,True,False,False,False,True,False
TNC,Tennant Company Common Stock,69.0,15.6,1176401907.0,15320874,14.7,-24.9,0,3,False,False,False,False,True,False,True,False,False,True,False
FSLR,"First Solar, Inc. - Common Stock",207.17,15.5,22264515980.0,479009096,13.2,-35.5,0,0,False,False,False,False,False,False,False,False,False,False,False
MTZ,"MasTec, Inc. Common Stock",232.2,15.5,18646808926.0,421346897,31.7,-47.4,5,3,False,False,False,False,True,True,False,False,True,False,False
NMRK,"Newmark Group, Inc. - Class A Common Stock",14.17,15.4,2568009645.0,20765921,6.1,-28.6,0,0,False,False,False,False,False,False,False,False,False,False,False
DEI,"Douglas Emmett, Inc. Common Stock",10.67,15.4,1787067799.0,20972829,18.0,-37.2,0,2,False,False,False,False,True,False,True,False,False,False,False
RRX,Regal Rexnord Corporation Common Stock,156.52,15.4,10422959023.0,228812482,22.3,-36.8,5,2,False,False,False,False,True,True,False,False,False,False,False
EPAM,"EPAM Systems, Inc. Common Stock",114.52,15.3,5907741064.0,150410087,56.7,-48.5,0,2,False,False,False,False,False,False,False,True,True,False,False
MKC,"McCormick & Company, Incorporated Common Stock",51.1,15.3,13738314307.0,155936428,14.0,-29.4,0,0,False,False,False,False,False,False,False,False,False,False,False
LYTS,LSI Industries Inc. - Common Stock,19.59,15.2,729949572.0,7560163,13.8,-28.4,5,3,False,False,False,False,True,True,True,False,False,False,False
SGRY,"Surgery Partners, Inc. - Common Stock",14.12,15.2,1848565831.0,30292927,23.8,-39.8,0,0,False,False,False,False,False,False,False,False,False,False,False
SARO,"StandardAero, Inc. Common Stock",23.65,15.2,7826244543.0,91073847,0.6,-31.4,0,0,False,False,True,False,False,False,False,False,False,False,False
TLN,Talen Energy Corporation - Common Stock,311.54,15.1,14927208249.0,262461520,8.0,-31.0,0,0,False,False,False,False,False,False,False,False,False,False,False
CC,Chemours Company (The) Common Stock,15.07,15.1,2268019855.0,39797708,44.3,-47.4,5,3,False,False,False,False,True,True,False,False,True,False,False
CRI,"Carter's, Inc. Common Stock",30.19,15.0,1108310675.0,41504972,11.2,-32.1,5,3,False,False,False,False,True,True,True,False,False,False,False
GIB,CGI Inc. Common Stock,69.06,15.0,16014211592.0,31499902,15.8,-28.0,0,0,False,False,False,False,False,False,False,False,False,False,False
CRTO,Criteo S.A. - Ordinary Shares,17.37,14.9,851087600.0,9794762,11.5,-31.3,0,0,False,False,False,False,False,False,False,False,False,False,False
TATT,TAT Technologies Ltd. - Ordinary Shares,37.85,14.9,491411735.0,6541913,20.1,-41.3,0,0,False,False,False,False,False,False,False,False,False,False,False
NOC,Northrop Grumman Corporation Common Stock,518.95,14.9,73723607343.0,442788300,8.3,-33.0,0,0,False,False,False,False,False,False,False,False,False,False,False
TXT,Textron Inc. Common Stock,79.2,14.8,13621363826.0,139387276,1.4,-22.0,5,3,False,False,True,False,True,True,False,False,False,True,False
TYL,"Tyler Technologies, Inc. Common Stock",335.48,14.8,13738668882.0,288798171,23.9,-39.9,0,1,False,False,False,False,False,False,False,True,False,False,False
AOS,A.O. Smith Corporation Common Stock,56.71,14.7,7707375175.0,94152984,4.7,-30.7,0,0,False,False,False,False,False,False,False,False,False,False,False
VMC,Vulcan Materials Company (Holding Company) Common Stock,250.6,14.7,32472431993.0,278677657,1.8,-24.3,0,1,False,False,True,False,False,False,False,False,False,True,False
WH,"Wyndham Hotels & Resorts, Inc. Common Stock ",68.62,14.7,5092367192.0,96848791,0.3,-24.1,1,3,False,False,True,False,True,True,False,False,False,True,False
PSKY,Paramount Skydance Corporation - Class B Common Stock,10.38,14.6,11645797186.0,103318972,36.2,-50.2,0,2,False,False,False,False,False,False,False,True,True,False,False
RVLV,"Revolve Group, Inc. Class A Common Stock",20.48,14.6,1455829402.0,19971644,18.0,-35.4,2,1,False,False,False,False,False,True,False,False,False,False,False
GEHC,GE HealthCare Technologies Inc. - Common Stock,64.24,14.5,29016324828.0,280585082,9.3,-28.4,0,0,False,False,False,False,False,False,False,False,False,False,False
TRMB,Trimble Inc. - Common Stock,56.84,14.5,13253942560.0,181134955,18.6,-32.7,0,1,False,False,False,False,False,False,False,True,False,False,False
LGN,Legence Corp. - Class A Common stock,53.55,14.4,5787441954.0,80068398,98.6,-50.1,2,3,False,False,False,False,True,True,False,False,True,False,False
SLRC,SLR Investment Corp. - Closed End Fund,12.32,14.4,672113091.0,5218764,1.6,-26.4,0,0,False,False,False,False,False,False,False,False,False,False,False
AZN,AstraZeneca PLC Ordinary Shares,159.64,14.4,247557877727.0,585230882,9.5,-24.9,0,2,False,False,False,False,True,False,False,False,False,True,False
ASTS,"AST SpaceMobile, Inc. - Class A Common Stock",59.91,14.3,23315024566.0,834360589,62.2,-55.2,0,1,False,False,False,False,False,False,False,False,True,False,False
GXO,"GXO Logistics, Inc. Common Stock ",45.43,14.3,5210120424.0,69791608,1.0,-32.0,0,0,False,False,False,False,False,False,False,False,False,False,False
CIM,Chimera Investment Corporation Common Stock,11.18,14.2,935898125.0,8978712,0.1,-23.5,5,3,False,False,True,False,True,True,False,False,False,True,False
DHI,"D.R. Horton, Inc. Common Stock",135.57,14.2,37919100767.0,335493080,2.9,-25.3,1,1,False,False,False,False,False,True,False,False,False,False,False
GNRC,Generac Holdlings Inc. Common Stock,181.67,14.2,10719685603.0,219918924,34.8,-38.7,5,3,False,False,False,False,True,True,False,False,True,False,False
ADBE,Adobe Inc. - Common Stock,248.83,14.1,98909925000.0,1277816089,30.9,-32.9,0,1,False,False,False,False,False,False,False,False,True,False,False
MBUU,"Malibu Boats, Inc. - Common Stock",25.06,14.1,493112537.0,6282665,5.1,-28.5,0,0,False,False,False,False,False,False,False,False,False,False,False
HD,"Home Depot, Inc. (The) Common Stock",305.69,14.0,304983741772.0,1267417911,5.7,-28.4,0,0,False,False,False,False,False,False,False,False,False,False,False
SPXC,"SPX Technologies, Inc. Common Stock",186.95,14.0,9363551527.0,102343836,4.1,-25.5,0,1,False,False,False,False,True,False,False,False,False,False,False
AOSL,Alpha and Omega Semiconductor Limited - Common Shares,24.81,13.9,750732117.0,18856662,45.9,-54.3,5,3,False,False,False,False,True,True,False,False,True,False,False
DRVN,Driven Brands Holdings Inc. - Common Stock,12.3,13.9,2029251737.0,12384432,25.5,-33.9,0,0,False,False,False,False,False,False,False,False,False,False,False
LEU,Centrus Energy Corp. Class A Common Stock,165.87,13.9,3309580556.0,122804186,16.7,-64.3,0,0,False,False,False,False,False,False,False,False,False,False,False
ORLY,"O'Reilly Automotive, Inc. - Common Stock",85.51,13.8,69174237324.0,592910443,3.5,-21.3,0,1,False,False,False,False,False,False,False,False,False,True,False
FOUR,"Shift4 Payments, Inc. Class A Common Stock",43.03,13.8,3397653964.0,76512913,24.5,-51.4,0,0,False,False,False,False,False,False,False,False,False,False,False
COCO,"The Vita Coco Company, Inc. - Common Stock",51.1,13.7,2999273518.0,70301748,35.8,-40.5,5,4,False,False,False,False,True,True,True,False,True,False,False
CYD,China Yuchai International Limited Common Stock,35.9,13.7,1346907760.0,5509456,25.3,-41.6,5,2,False,False,False,False,True,True,False,False,False,False,False
UI,Ubiquiti Inc. Common Stock,536.84,13.7,32494056056.0,75693538,7.3,-51.2,0,1,False,False,False,False,True,False,False,False,False,False,False
CAE,CAE Inc - Common Shares,23.68,13.6,7613325069.0,17876937,4.0,-30.8,0,0,False,False,False,False,False,False,False,False,False,False,False
ENPH,"Enphase Energy, Inc. - Common Stock",36.86,13.6,4870851725.0,176460942,43.0,-50.0,4,3,False,False,False,False,True,True,False,False,True,False,False
OTEX,Open Text Corporation - Common Shares,22.61,13.5,5666128788.0,37832128,14.3,-43.3,0,0,False,False,False,False,False,False,False,False,False,False,False
TDG,Transdigm Group Incorporated Common Stock,1126.88,13.5,62290010492.0,467488967,0.6,-23.0,0,1,False,False,True,False,False,False,False,False,False,True,False
FER,Ferrovial N.V. - Ordinary Shares,55.5,13.4,39929905236.0,89286884,0.4,-25.8,0,1,False,False,True,False,True,False,False,False,False,False,False
NXST,"Nexstar Media Group, Inc. - Common Stock",169.97,13.4,5236486921.0,63305073,10.0,-33.2,0,0,False,False,False,False,False,False,False,False,False,False,False
TAP,Molson Coors Beverage Company Class B Common Stock,38.44,13.4,7167289185.0,118826068,1.8,-29.9,0,0,False,False,True,False,False,False,False,False,False,False,False
HUBG,"Hub Group, Inc. - Class A Common Stock",35.67,13.3,2181345702.0,44249256,8.4,-33.0,5,1,False,False,False,False,False,True,False,False,False,False,False
XYL,Xylem Inc. Common Stock New,106.55,13.3,24878019819.0,233929689,1.2,-30.9,0,0,False,False,False,False,False,False,False,False,False,False,False
PRVA,"Privia Health Group, Inc. - Common Stock",20.37,13.2,2601945797.0,28111430,4.3,-29.3,0,0,False,False,False,False,False,False,False,False,False,False,False
FNF,"Fidelity National Financial, Inc. Common Stock",43.95,13.2,11787074747.0,82232097,2.7,-25.2,0,0,False,False,False,False,False,False,False,False,False,False,False
HRL,Hormel Foods Corporation Common Stock,20.84,13.2,11469310672.0,104078994,5.8,-21.7,2,2,False,False,False,False,False,True,False,False,False,True,False
HNRG,Hallador Energy Company - Common Stock,15.6,13.1,735436369.0,11736800,14.3,-36.8,0,0,False,False,False,False,False,False,False,False,False,False,False
HLI,"Houlihan Lokey, Inc. Class A Common Stock",135.97,13.1,9502467405.0,119857440,20.5,-35.8,0,1,False,False,False,False,False,False,False,True,False,False,False
SUPN,"Supernus Pharmaceuticals, Inc. - Common Stock",41.69,13.0,2423315172.0,37921067,1.4,-30.1,0,0,False,False,True,False,False,False,False,False,False,False,False
MTH,Meritage Homes Corporation Common Stock,61.95,13.0,4037535061.0,55708985,6.8,-27.4,3,1,False,False,False,False,False,True,False,False,False,False,False
FTAI,FTAI Aviation Ltd. - Common Stock,180.09,12.9,18496520018.0,306873544,20.5,-44.3,5,2,False,False,False,False,True,True,False,False,False,False,False
ACN,Accenture plc Class A Ordinary Shares (Ireland),177.91,12.9,118756741461.0,1066182740,50.6,-38.9,0,2,False,False,False,False,False,False,False,True,True,False,False
ADNT,Adient plc Ordinary Shares ,18.86,12.9,1454048138.0,18444998,6.7,-31.0,0,1,False,False,False,False,True,False,False,False,False,False,False
USAR,"USA Rare Earth, Inc. - Common Stock",16.04,12.8,6016228135.0,210535380,40.1,-63.5,1,3,False,False,False,False,True,True,False,False,True,False,False
AI,"C3.ai, Inc. Class A Common Stock",10.47,12.8,1676112827.0,49395585,36.4,-48.2,0,2,False,False,False,False,False,False,False,True,True,False,False
CHDN,"Churchill Downs, Incorporated - Common Stock",82.75,12.7,5767695108.0,83233243,4.2,-30.1,0,0,False,False,False,False,False,False,False,False,False,False,False
FSV,FirstService Corporation - Common Shares,136.01,12.7,5939525418.0,28331657,13.9,-35.1,0,0,False,False,False,False,False,False,False,False,False,False,False
EVR,Evercore Inc. Class A Common Stock,283.62,12.7,10907394996.0,154889263,6.7,-27.0,0,0,False,False,False,False,False,False,False,False,False,False,False
LRN,"Stride, Inc. Common Stock",81.45,12.6,3385049375.0,73841065,34.4,-51.2,0,2,False,False,False,False,True,False,False,False,True,False,False
NVR,"NVR, Inc. Common Stock",6088.2798,12.6,16224413841.0,208253660,10.7,-28.9,0,0,False,False,False,False,False,False,False,False,False,False,False
DSGX,The Descartes Systems Group Inc. - Common Stock,71.32,12.5,6111469782.0,41277293,14.0,-34.0,0,0,False,False,False,False,False,False,False,False,False,False,False
KMPR,Kemper Corporation,27.02,12.5,1592103621.0,24714282,19.1,-50.0,0,0,False,False,False,False,False,False,False,False,False,False,False
BBWI,"Bath & Body Works, Inc.",17.45,12.4,3518710712.0,113664302,22.2,-38.5,0,0,False,False,False,False,False,False,False,False,False,False,False
MP,MP Materials Corp. Common Stock,51.32,12.4,9140173496.0,305864632,35.7,-48.8,0,2,False,False,False,False,False,False,False,True,True,False,False
VICI,VICI Properties Inc. Common Stock,24.73,12.4,27229648108.0,248966204,0.3,-25.9,0,1,False,False,True,False,True,False,False,False,False,False,False
PAX,Patria Investments Limited - Class A Common Shares,10.75,12.3,1744582251.0,11888980,1.9,-39.6,0,0,False,False,False,False,False,False,False,False,False,False,False
EFX,"Equifax, Inc. Common Stock",168.04,12.3,19742161924.0,259147880,11.5,-38.2,0,0,False,False,False,False,False,False,False,False,False,False,False
CDRE,"Cadre Holdings, Inc. Common Stock",28.77,12.2,1231952517.0,10823665,11.8,-41.0,0,0,False,False,False,False,False,False,False,False,False,False,False
FMC,FMC Corporation Common Stock,12.08,12.2,1512740215.0,40246048,21.4,-68.8,0,1,False,False,False,False,False,False,False,True,False,False,False
GME,GameStop Corporation Common Stock,20.39,12.2,9148814730.0,120127052,14.6,-27.4,0,2,False,False,False,False,True,False,False,True,False,False,False
TMUS,"T-Mobile US, Inc. - Common Stock",177.16,12.1,190034502959.0,826886537,6.9,-27.5,0,0,False,False,False,False,False,False,False,False,False,False,False
PAC,"Grupo Aeroportuario Del Pacifico, S.A. B. de C.V. Grupo Aeroportuario Del Pacifico, S.A. de C.V. (each representing 10 Series B shares)",204.56,12.1,12171692299.0,28935217,1.6,-31.9,0,0,False,False,False,False,False,False,False,False,False,False,False
SOFI,"SoFi Technologies, Inc.  - Common Stock",17.21,12.0,22227925276.0,1114628730,15.7,-47.4,0,0,False,False,False,False,False,False,False,False,False,False,False
IBM,International Business Machines Corporation Common Stock,234.02,12.0,220478289948.0,2057278575,17.5,-29.6,0,0,False,False,False,False,False,False,False,False,False,False,False
SFD,"Smithfield Foods, Inc. - Common Stock",20.59,11.9,8107671404.0,35436208,1.1,-30.9,5,2,False,False,False,False,True,True,False,False,False,False,False
CLB,Core Laboratories Inc. Common Stock,12.53,11.9,574933311.0,9175296,28.0,-38.5,0,1,False,False,False,False,False,False,False,True,False,False,False
UVV,Universal Corporation Common Stock,45.33,11.9,1128683320.0,13853318,4.5,-23.7,0,1,False,False,False,False,False,False,False,False,False,True,False
CG,The Carlyle Group Inc. - Common Stock,43.07,11.8,15347253610.0,159797483,8.8,-38.3,0,0,False,False,False,False,False,False,False,False,False,False,False
FBIN,"Fortune Brands Innovations, Inc. Common Stock",39.74,11.8,4743822496.0,115137933,22.9,-38.7,0,0,False,False,False,False,False,False,False,False,False,False,False
CAR,"Avis Budget Group, Inc. - Common Stock",126.74,11.7,4477186062.0,64046164,47.4,-85.0,0,2,False,False,False,False,True,False,False,False,True,False,False
FUL,H. B. Fuller Company Common Stock,51.65,11.7,2778119778.0,38627622,6.0,-24.7,1,2,False,False,False,False,False,True,False,False,False,True,False
TRUP,"Trupanion, Inc. - Common Stock",25.0,11.6,1096815275.0,12902794,18.1,-46.8,0,0,False,False,False,False,False,False,False,False,False,False,False
OTIS,Otis Worldwide Corporation Common Stock ,67.89,11.6,25843641425.0,254468555,0.4,-28.2,0,0,False,False,True,False,False,False,False,False,False,False,False
PCG,Pacific Gas & Electric Co. Common Stock,14.03,11.6,37601950259.0,545293562,11.4,-26.8,5,2,False,False,False,False,True,True,False,False,False,False,False
ROAD,"Construction Partners, Inc. - Common Stock",96.12,11.5,5514842227.0,100964354,2.9,-36.3,0,1,False,False,False,False,True,False,False,False,False,False,False
STZ,"Constellation Brands, Inc. Common Stock",123.81,11.5,21144077914.0,269727872,3.0,-26.6,1,1,False,False,False,False,False,True,False,False,False,False,False
DRS,"Leonardo DRS, Inc. - Common Stock",36.31,11.4,9690830910.0,39489915,12.0,-28.2,4,2,False,False,False,False,True,True,False,False,False,False,False
ALK,"Alaska Air Group, Inc. Common Stock",40.11,11.4,4476401143.0,121803935,21.4,-39.1,1,1,False,False,False,False,False,True,False,False,False,False,False
KR,Kroger Company (The) Common Stock,56.95,11.4,34890262710.0,387586070,5.2,-25.6,0,1,False,False,False,False,True,False,False,False,False,False,False
HHH,Howard Hughes Holdings Inc. Common Stock,61.63,11.3,3680607449.0,27633900,1.0,-32.3,0,0,False,False,False,False,False,False,False,False,False,False,False
SHAK,"Shake Shack, Inc. Class A Common Stock",61.7,11.3,2640694475.0,107109421,19.6,-42.6,0,0,False,False,False,False,False,False,False,False,False,False,False
BIPC,Brookfield Infrastructure Corporation Brookfield Infrastructure Corporation,36.64,11.2,4507291474.0,40402619,7.2,-29.2,0,0,False,False,False,False,False,False,False,False,False,False,False
HAYW,"Hayward Holdings, Inc. Common Stock",12.88,11.2,2732100216.0,38620657,0.4,-27.4,0,0,False,False,True,False,False,False,False,False,False,False,False
ROOT,"Root, Inc. - Common Stock",52.79,11.1,817888773.0,13687600,29.0,-49.5,0,0,False,False,False,False,False,False,False,False,False,False,False
TMDX,"TransMedics Group, Inc. - Common Stock",85.04,11.1,2948774331.0,66782804,41.5,-45.5,0,2,False,False,False,False,False,False,False,True,True,False,False
DOCS,"Doximity, Inc. Class A Common Stock",24.71,11.1,4404458166.0,117540081,44.1,-67.7,0,2,False,False,False,False,False,False,False,True,True,False,False
STNE,StoneCo Ltd. - Class A Common Share,10.3,11.0,2541161070.0,51450500,13.4,-48.4,0,0,False,False,False,False,False,False,False,False,False,False,False
BN,Brookfield Corporation Class A Limited Voting Shares,38.05,11.0,93251024753.0,170441855,0.5,-23.2,0,1,False,False,True,False,False,False,False,False,False,True,False
BV,"BrightView Holdings, Inc. Common Stock",11.0,10.9,1018600000.0,13205669,5.6,-26.7,0,0,False,False,False,False,False,False,False,False,False,False,False
EXP,Eagle Materials Inc Common Stock,183.77,10.9,5637204475.0,88368997,6.8,-25.2,0,0,False,False,False,False,False,False,False,False,False,False,False
ULS,UL Solutions Inc. Class A Common Stock,71.1,10.9,14354960100.0,69491459,9.8,-33.9,0,1,False,False,False,False,True,False,False,False,False,False,False
SYM,Symbotic Inc. - Class A Common Stock,41.1,10.8,24857350199.0,68120314,9.1,-53.2,0,0,False,False,False,False,False,False,False,False,False,False,False
LZB,La-Z-Boy Incorporated Common Stock,30.86,10.8,1236028513.0,20644952,6.3,-31.3,3,1,False,False,False,False,False,True,False,False,False,False,False
WLDN,"Willdan Group, Inc. - Common Stock",81.93,10.7,1247965216.0,20731215,26.7,-40.2,0,1,False,False,False,False,False,False,False,True,False,False,False
LDOS,"Leidos Holdings, Inc. Common Stock",129.55,10.7,16257515676.0,177204215,31.0,-37.0,0,2,False,False,False,False,False,False,False,True,True,False,False
NXT,Nextpower Inc. - Class A Common Stock,81.35,10.6,12343196452.0,251557630,26.5,-50.1,0,1,False,False,False,False,True,False,False,False,False,False,False
IBP,"Installed Building Products, Inc. Common Stock",201.72,10.6,5361551584.0,81505255,4.5,-42.2,0,0,False,False,False,False,False,False,False,False,False,False,False
RKT,"Rocket Companies, Inc. Class A Common Stock",13.19,10.6,37349363533.0,376014510,8.4,-45.9,0,0,False,False,False,False,False,False,False,False,False,False,False
DPZ,Domino's Pizza Inc - Common Stock,317.3,10.5,10496834516.0,296315967,12.5,-30.9,0,0,False,False,False,False,False,False,False,False,False,False,False
HIMS,"Hims & Hers Health, Inc. Class A Common Stock",27.44,10.5,6402120053.0,417588660,99.7,-58.0,0,1,False,False,False,False,False,False,False,False,True,False,False
ASTE,"Astec Industries, Inc. - Common Stock",41.72,10.4,960618311.0,11146544,3.1,-36.5,0,1,False,False,False,False,True,False,False,False,False,False,False
JBTM,JBT Marel Corporation Common Stock,112.4,10.4,5830954231.0,70296941,2.0,-34.0,0,0,False,False,True,False,False,False,False,False,False,False,False
SGI,Somnigroup International Inc. Common Stock,66.11,10.4,15221112851.0,206738984,9.5,-32.9,0,0,False,False,False,False,False,False,False,False,False,False,False
MH,"McGraw Hill, Inc. Common Stock",12.11,10.3,2316749738.0,7594432,35.4,-32.7,1,3,False,False,False,False,False,True,False,True,True,False,False
MLM,"Martin Marietta Materials, Inc. Common Stock",502.47,10.3,30181282122.0,339522775,2.2,-29.3,0,0,False,False,True,False,False,False,False,False,False,False,False
CRUS,"Cirrus Logic, Inc. - Common Stock",116.48,10.2,5837693505.0,98922627,9.6,-35.4,0,1,False,False,False,False,True,False,False,False,False,False,False
PPC,Pilgrim's Pride Corporation - Common Stock,29.93,10.2,7126588123.0,45642614,15.6,-33.3,0,1,False,False,False,False,False,False,False,True,False,False,False
ANIP,"ANI Pharmaceuticals, Inc. - Common Stock",71.46,10.1,1640685012.0,26658913,2.1,-28.2,0,0,False,False,False,False,False,False,False,False,False,False,False
CALM,"Cal-Maine Foods, Inc. - Common Stock",73.71,10.1,3458170620.0,78322310,2.5,-34.0,0,0,False,False,False,False,False,False,False,False,False,False,False
GIL,"Gildan Activewear, Inc. Class A Sub. Vot. Common Stock",48.93,10.1,9061437123.0,66239134,5.1,-33.6,0,0,False,False,False,False,False,False,False,False,False,False,False
LKQ,LKQ Corporation - Common Stock,23.63,10.0,5978439292.0,78740745,11.6,-36.4,0,0,False,False,False,False,False,False,False,False,False,False,False
SAM,"Boston Beer Company, Inc. (The) Common Stock",169.52,10.0,1744645763.0,45162347,6.8,-35.9,0,0,False,False,False,False,False,False,False,False,False,False,False
BHF,"Brighthouse Financial, Inc. - Common Stock",50.84,9.9,2923887863.0,47850047,14.2,-23.9,0,1,False,False,False,False,False,False,False,False,False,True,False
KEP,Korea Electric Power Corporation Common Stock,11.89,9.9,15265905751.0,13078131,6.5,-49.2,0,0,False,False,False,False,False,False,False,False,False,False,False
LMND,"Lemonade, Inc. Common Stock",49.61,9.9,3839646070.0,77162107,7.5,-50.3,0,0,False,False,False,False,False,False,False,False,False,False,False
COIN,"Coinbase Global, Inc. - Class A Common Stock",172.28,9.8,45453825094.0,1399073871,23.8,-57.2,0,1,False,False,False,False,False,False,False,True,False,False,False
OMCL,"Omnicell, Inc. - Common Stock",32.25,9.8,1471080009.0,28245600,11.0,-41.4,5,1,False,False,False,False,False,True,False,False,False,False,False
CHKP,Check Point Software Technologies Ltd. - Ordinary Shares,130.51,9.7,13325153743.0,149776227,16.3,-38.0,0,0,False,False,False,False,False,False,False,False,False,False,False
CLX,Clorox Company (The) Common Stock,88.77,9.7,10735045314.0,265564967,4.8,-31.1,0,0,False,False,False,False,False,False,False,False,False,False,False
CLFD,"Clearfield, Inc. - Common Stock",28.28,9.6,384154247.0,5907483,19.0,-46.4,0,1,False,False,False,False,True,False,False,False,False,False,False
AMRC,"Ameresco, Inc. Class A Common Stock",22.79,9.6,1209378949.0,15975677,24.0,-49.3,0,0,False,False,False,False,False,False,False,False,False,False,False
WLK,Westlake Corporation Common Stock,71.62,9.6,9152788768.0,75331798,27.1,-42.3,1,2,False,False,False,False,True,True,False,False,False,False,False
CPRT,"Copart, Inc. - Common Stock",30.75,9.5,28468703072.0,329996841,14.7,-37.3,0,1,False,False,False,False,False,False,False,True,False,False,False
VRSK,"Verisk Analytics, Inc. - Common Stock",175.86,9.5,22889236270.0,292203324,12.8,-34.4,0,0,False,False,False,False,False,False,False,False,False,False,False
SHEN,Shenandoah Telecommunications Co - Common Stock,11.98,9.4,639308866.0,5902268,23.9,-31.0,1,2,False,False,False,False,True,True,False,False,False,False,False
ORA,"Ormat Technologies, Inc. Common Stock",96.65,9.4,5943679348.0,88716382,7.0,-34.0,0,0,False,False,False,False,False,False,False,False,False,False,False
VVV,Valvoline Inc. Common Stock,30.21,9.4,3854385688.0,73553159,6.0,-26.9,2,3,False,False,False,False,True,True,True,False,False,False,False
NTGR,"NETGEAR, Inc. - Common Stock",20.98,9.3,570215861.0,7889907,10.4,-43.1,0,0,False,False,False,False,False,False,False,False,False,False,False
MCD,McDonald's Corporation Common Stock,253.05,9.3,179068689420.0,1203656550,0.2,-26.0,0,0,False,False,True,False,False,False,False,False,False,False,False
LASR,"nLIGHT, Inc. - Common Stock",39.29,9.2,2266647840.0,75088110,44.3,-54.8,5,3,False,False,False,False,True,True,False,False,True,False,False
BWXT,"BWX Technologies, Inc. Common Stock",152.49,9.2,13971435730.0,161176363,3.2,-36.9,0,1,False,False,False,False,True,False,False,False,False,False,False
MSTR,Strategy Inc - Class A Common Stock,128.56,9.1,49396062549.0,2380391040,57.1,-64.8,0,2,False,False,False,False,False,False,False,True,True,False,False
HGV,Hilton Grand Vacations Inc. Common Stock ,39.2,9.1,3046786484.0,49313815,6.6,-29.2,5,2,False,False,False,False,True,True,False,False,False,False,False
WSO,"Watsco, Inc. Common Stock",310.9,9.1,12825307115.0,160436378,5.1,-32.3,0,1,False,False,False,False,True,False,False,False,False,False,False
RDDT,"Reddit, Inc. Class A Common Stock",155.34,9.0,29886873863.0,1026233190,30.2,-45.1,0,1,False,False,False,False,False,False,False,False,True,False,False
RDY,Dr. Reddy's Laboratories Ltd Common Stock,11.71,9.0,9773833119.0,34073662,3.1,-25.3,0,0,False,False,False,False,False,False,False,False,False,False,False
CNXC,Concentrix Corporation - Common Stock,27.0,8.9,1647495450.0,35177498,41.2,-53.3,0,2,False,False,False,False,False,False,False,True,True,False,False
FWRG,"First Watch Restaurant Group, Inc. - Common Stock",11.19,8.9,690562148.0,13177649,12.2,-40.6,0,0,False,False,False,False,False,False,False,False,False,False,False
FG,"F&G Annuities & Life, Inc. Common Stock",23.57,8.9,3086142876.0,16307985,14.6,-33.3,0,0,False,False,False,False,False,False,False,False,False,False,False
LMAT,"LeMaitre Vascular, Inc. - Common Stock",78.8,8.8,1802097452.0,31766820,0.7,-33.2,0,1,False,False,False,False,True,False,False,False,False,False,False
KBH,KB Home Common Stock,47.75,8.8,2927539512.0,52225335,8.4,-30.2,0,0,False,False,False,False,False,False,False,False,False,False,False
AEVA,"Aeva Technologies, Inc. - Common Stock",14.97,8.7,1043495197.0,33911922,69.5,-52.2,4,4,False,False,False,False,True,True,True,False,True,False,False
AORT,"Artivion, Inc. Common Stock",24.65,8.7,1201840848.0,16949293,28.7,-48.9,0,0,False,False,False,False,False,False,False,False,False,False,False
PEGA,Pegasystems Inc. - Common Stock,35.72,8.6,5872544635.0,86165296,42.3,-47.5,0,2,False,False,False,False,False,False,False,True,True,False,False
BMI,"Badger Meter, Inc. Common Stock",125.01,8.6,3623645743.0,55851678,11.5,-38.7,0,0,False,False,False,False,False,False,False,False,False,False,False
CCL,Carnival Corporation Ltd. Common Shares,22.47,8.6,30776015704.0,487597709,0.9,-34.0,0,0,False,False,True,False,False,False,False,False,False,False,False
TBBK,"The Bancorp, Inc. - Common Stock",50.3,8.5,2051576493.0,28004900,3.9,-38.4,0,0,False,False,False,False,False,False,False,False,False,False,False
TNXP,Tonix Pharmaceuticals Holding Corp. - Common Stock,12.28,8.5,210614575.0,5755555,30.6,-61.1,0,2,False,False,False,False,False,False,False,True,True,False,False
OSIS,"OSI Systems, Inc. - Common Stock",201.25,8.4,3208321060.0,51208457,7.9,-35.4,0,0,False,False,False,False,False,False,False,False,False,False,False
GPGI,"GPGI, Inc. Class A Common Stock",12.9,8.4,3739582058.0,21069530,15.0,-51.8,0,0,False,False,False,False,False,False,False,False,False,False,False
HUBS,"HubSpot, Inc. Common Stock",223.55,8.4,11147589234.0,380186018,31.8,-57.5,0,1,False,False,False,False,False,False,False,False,True,False,False
CPB,The Campbell's Company - Common Stock,20.94,8.3,6244438728.0,153668980,7.1,-38.7,0,0,False,False,False,False,False,False,False,False,False,False,False
LOW,"Lowe's Companies, Inc. Common Stock",196.59,8.3,110297609595.0,632013363,0.8,-32.9,0,0,False,False,True,False,False,False,False,False,False,False,False
RH,RH Common Stock,134.02,8.2,2533107865.0,120933314,26.1,-46.1,0,0,False,False,False,False,False,False,False,False,False,False,False
SNN,"Smith & Nephew SNATS, Inc. Common Stock",27.62,8.2,11564730538.0,53188040,0.2,-28.4,0,0,False,False,True,False,False,False,False,False,False,False,False
BEPC,Brookfield Renewable Corporation Brookfield Renewable Corporation Class A Subordinate Voting Shares,30.85,8.1,11626940319.0,58192024,0.0,-31.7,0,0,False,False,True,False,False,False,False,False,False,False,False
LPX,Louisiana-Pacific Corporation Common Stock,65.72,8.1,4595366505.0,84944117,0.6,-34.5,0,0,False,False,True,False,False,False,False,False,False,False,False
SLVM,Sylvamo Corporation Common Stock,35.03,8.1,1392801312.0,10127965,2.3,-38.3,0,0,False,False,False,False,False,False,False,False,False,False,False
CSIQ,Canadian Solar Inc. - Common Shares,13.03,8.0,883651914.0,29823956,23.4,-62.3,0,0,False,False,False,False,False,False,False,False,False,False,False
IRTC,"iRhythm Holdings, Inc.  - Common Stock",112.88,8.0,3720863779.0,72930580,11.9,-46.8,0,0,False,False,False,False,False,False,False,False,False,False,False
ASR,"Grupo Aeroportuario del Sureste, S.A. de C.V. Common Stock",251.16,7.9,7534800000.0,16146560,0.6,-34.2,0,0,False,False,False,False,False,False,False,False,False,False,False
THO,"Thor Industries, Inc. Common Stock",72.01,7.9,3748651430.0,45365475,3.3,-41.4,0,0,False,False,False,False,False,False,False,False,False,False,False
MAT,"Mattel, Inc. - Common Stock",13.81,7.8,3945517000.0,60139228,8.5,-38.6,0,0,False,False,False,False,False,False,False,False,False,False,False
MNDY,monday.com Ltd. - Ordinary Shares,85.17,7.8,3654384420.0,123049170,48.1,-61.4,0,1,False,False,False,False,False,False,False,False,True,False,False
LHX,"L3Harris Technologies, Inc. Common Stock",248.37,7.8,46250124176.0,421779535,0.8,-34.5,0,1,False,False,True,False,True,False,False,False,False,False,False
INOD,Innodata Inc. - Common Stock,53.11,7.7,1826062595.0,75782377,55.2,-57.6,0,2,False,False,False,False,True,False,False,False,True,False,False
PBH,Prestige Consumer Healthcare Inc. Common Stock,47.34,7.7,2242709871.0,25414046,11.1,-33.4,0,0,False,False,False,False,False,False,False,False,False,False,False
BKE,"Buckle, Inc. (The) Common Stock",40.29,7.6,2075663685.0,19772928,0.3,-34.7,0,0,False,False,True,False,False,False,False,False,False,False,False
DY,"Dycom Industries, Inc. Common Stock",295.93,7.6,8925532005.0,204041716,18.0,-47.8,5,2,False,False,False,False,True,True,False,False,False,False,False
ONT,"Onterris, Inc. Common Stock",18.16,7.6,637732420.0,11690635,43.2,-41.7,0,1,False,False,False,False,False,False,False,False,True,False,False
IDXX,"IDEXX Laboratories, Inc. - Common Stock",506.53,7.5,39904998687.0,331235312,0.3,-34.2,0,0,False,False,True,False,False,False,False,False,False,False,False
SNPS,"Synopsys, Inc. - Common Stock",397.17,7.5,76112326692.0,732172666,8.5,-26.4,0,0,False,False,False,False,False,False,False,False,False,False,False
BRSL,"Brightstar Lottery PLC Trading under the Legal Name to begin at the market open on July 21, 2025. Ordinary Shares",10.66,7.4,1966770000.0,19726029,7.7,-42.6,0,0,False,False,False,False,False,False,False,False,False,False,False
REZI,"Resideo Technologies, Inc. Common Stock ",18.83,7.4,2859286128.0,56851977,1.8,-40.3,0,0,False,False,True,False,False,False,False,False,False,False,False
WSC,WillScot Holdings Corporation - Class A Common Stock,18.685,7.3,3385553050.0,61063202,25.3,-37.2,3,3,False,False,False,False,True,True,True,False,False,False,False
CCI,Crown Castle Inc. Common Stock,73.87,7.3,31428393279.0,270288865,6.0,-26.5,0,0,False,False,False,False,False,False,False,False,False,False,False
STN,Stantec Inc Common Stock,70.04,7.3,7872475198.0,27926834,5.7,-38.8,0,0,False,False,False,False,False,False,False,False,False,False,False
RMBS,"Rambus, Inc. - Common Stock",85.35,7.2,9257197816.0,237569348,13.8,-51.0,0,1,False,False,False,False,True,False,False,False,False,False,False
KD,"Kyndryl Holdings, Inc. Common Stock",12.68,7.2,2761935575.0,51467395,25.5,-62.6,0,0,False,False,False,False,False,False,False,False,False,False,False
ADSK,"Autodesk, Inc. - Common Stock",211.61,7.1,44226490000.0,491013738,14.1,-35.2,0,0,False,False,False,False,False,False,False,False,False,False,False
CNM,"Core & Main, Inc. Class A Common Stock",40.85,7.1,7905293430.0,95771380,1.1,-31.5,0,0,False,False,True,False,False,False,False,False,False,False,False
CRH,CRH PLC Ordinary Shares,87.66,7.1,58674294609.0,421455524,0.9,-33.4,0,0,False,False,True,False,False,False,False,False,False,False,False
TSCO,Tractor Supply Company - Common Stock,33.52,7.0,17465265392.0,338171457,18.2,-44.9,0,1,False,False,False,False,False,False,False,True,False,False,False
POST,"Post Holdings, Inc. Common Stock",80.28,7.0,3528852305.0,80892490,6.5,-31.5,0,0,False,False,False,False,False,False,False,False,False,False,False
CDNS,"Cadence Design Systems, Inc. - Common Stock",284.95,6.9,78473235350.0,754277207,8.4,-31.6,0,2,False,False,False,False,True,False,True,False,False,False,False
PTC,PTC Inc. - Common Stock,128.715,6.9,13966383385.0,199431950,18.6,-38.3,0,0,False,False,False,False,False,False,False,False,False,False,False
FN,Fabrinet Ordinary Shares,403.95,6.8,14475493313.0,418747096,16.1,-46.1,5,2,False,False,False,False,True,True,False,False,False,False,False
HE,"Hawaiian Electric Industries, Inc. Common Stock",10.47,6.8,1808462202.0,24208366,1.8,-39.8,0,1,False,False,True,False,True,False,False,False,False,False,False
MIR,"Mirion Technologies, Inc. Class A Common Stock",15.84,6.8,3944756328.0,61075714,12.3,-47.7,0,0,False,False,False,False,False,False,False,False,False,False,False
IPGP,IPG Photonics Corporation - Common Stock,78.33,6.7,3331730440.0,40504973,12.9,-49.7,0,1,False,False,False,False,True,False,False,False,False,False,False
NN,NextNav Inc. - Common stock,14.83,6.7,2503450965.0,40844889,36.4,-39.3,1,3,False,False,False,False,True,True,False,False,True,False,False
LINC,Lincoln Educational Services Corporation - Common Stock,24.38,6.6,773369658.0,30584021,41.0,-56.7,5,3,False,False,False,False,True,True,False,False,True,False,False
AZO,"AutoZone, Inc. Common Stock",2881.47,6.6,47041020672.0,685860134,0.2,-34.3,0,0,False,False,True,False,False,False,False,False,False,False,False
KVYO,"Klaviyo, Inc. Series A Common Stock",16.13,6.6,4592653559.0,104058583,28.7,-55.5,0,0,False,False,False,False,False,False,False,False,False,False,False
MNRO,"Monro, Inc.  - Common Stock",12.57,6.5,392989234.0,13920294,13.7,-47.4,0,0,False,False,False,False,False,False,False,False,False,False,False
TJX,"TJX Companies, Inc. (The) Common Stock",126.42,6.5,139058720792.0,913330486,0.7,-25.6,0,1,False,False,True,False,True,False,False,False,False,False,False
HWKN,"Hawkins, Inc. - Common Stock",122.63,6.4,2559915598.0,21664915,5.7,-34.1,0,1,False,False,False,False,True,False,False,False,False,False,False
MATW,Matthews International Corporation - Class A Common Stock,20.04,6.4,625511987.0,13193508,0.2,-35.2,0,0,False,False,True,False,False,False,False,False,False,False,False
NFLX,"Netflix, Inc. - Common Stock",76.01,6.3,316501054773.0,2801393170,16.8,-40.0,0,1,False,False,False,False,False,False,False,True,False,False,False
CHWY,"Chewy, Inc. Class A Common Stock",21.08,6.3,8630662284.0,173225117,21.1,-48.0,0,0,False,False,False,False,False,False,False,False,False,False,False
NRG,"NRG Energy, Inc. Common Stock",111.65,6.3,23470000427.0,343650045,3.1,-41.2,0,0,False,False,False,False,False,False,False,False,False,False,False
BSY,"Bentley Systems, Incorporated - Class B Common Stock",31.0,6.2,9364879559.0,86774347,10.4,-45.9,0,0,False,False,False,False,False,False,False,False,False,False,False
KLAR,Klarna Group plc Ordinary Shares,13.8,6.2,9737894086.0,99167215,14.4,-70.9,0,0,False,False,False,False,False,False,False,False,False,False,False
POOL,Pool Corporation - Common Stock,175.76,6.1,6387249693.0,142277069,1.8,-47.7,0,0,False,False,False,False,False,False,False,False,False,False,False
FIG,"Figma, Inc. Class A Common Stock",22.14,6.1,11800838455.0,502516883,33.4,-69.0,0,1,False,False,False,False,False,False,False,False,True,False,False
NXRT,"NexPoint Residential Trust, Inc. Common Stock",22.6,6.1,577425774.0,7775247,2.1,-34.3,0,0,False,False,False,False,False,False,False,False,False,False,False
SFM,"Sprouts Farmers Market, Inc. - Common Stock",72.2,6.0,6732478525.0,153870421,11.5,-48.3,0,2,False,False,False,False,True,False,True,False,False,False,False
TPB,"Turning Point Brands, Inc. Common Stock",71.95,6.0,1442519938.0,25890235,9.3,-51.0,0,0,False,False,False,False,False,False,False,False,False,False,False
AAON,"AAON, Inc. - Common Stock",76.52,5.9,6309352456.0,105577063,4.5,-49.1,0,1,False,False,False,False,True,False,False,False,False,False,False
PHR,"Phreesia, Inc. Common Stock",10.17,5.9,631261500.0,8673608,30.9,-62.3,0,1,False,False,False,False,False,False,False,False,True,False,False
WYNN,"Wynn Resorts, Limited - Common Stock",88.42,5.8,9104951442.0,150084300,0.2,-34.4,0,0,False,False,True,False,False,False,False,False,False,False,False
BOOT,"Boot Barn Holdings, Inc. Common Stock",140.68,5.8,4260471854.0,100254488,5.6,-33.1,0,0,False,False,False,False,False,False,False,False,False,False,False
FND,"Floor & Decor Holdings, Inc. Common Stock",46.87,5.8,4991184660.0,131371858,9.9,-49.3,0,0,False,False,False,False,False,False,False,False,False,False,False
BBUC,Brookfield Business Corporation Class A Subordinate Voting Shares,26.38,5.7,5484402000.0,9928708,1.5,-31.0,0,0,False,False,True,False,False,False,False,False,False,False,False
SYK,Stryker Corporation Common Stock,270.01,5.7,103568558150.0,815080908,0.1,-31.3,0,0,False,False,True,False,False,False,False,False,False,False,False
AMTM,"Amentum Holdings, Inc. Common Stock",19.56,5.6,4782545438.0,45090276,1.8,-48.7,0,0,False,False,True,False,False,False,False,False,False,False,False
BURL,"Burlington Stores, Inc. Common Stock",238.04,5.6,14952529018.0,326256348,0.5,-37.1,5,3,False,False,True,False,True,True,True,False,False,False,False
TGLS,Tecnoglass Holdings Inc. Common Stock,38.31,5.6,1699608439.0,10788539,2.6,-48.2,0,0,False,False,False,False,False,False,False,False,False,False,False
AEO,"American Eagle Outfitters, Inc. Common Stock",14.53,5.5,2434840528.0,89617135,3.3,-48.9,0,0,False,False,False,False,False,False,False,False,False,False,False
MMS,"Maximus, Inc. Common Stock",56.53,5.5,2959784342.0,34597863,7.2,-43.5,0,0,False,False,False,False,False,False,False,False,False,False,False
OLED,Universal Display Corporation - Common Stock,81.16,5.4,3730668329.0,61473610,6.2,-47.1,0,0,False,False,False,False,False,False,False,False,False,False,False
OXM,"Oxford Industries, Inc. Common Stock",30.95,5.4,463577580.0,14190202,9.8,-40.0,2,2,False,False,False,False,True,True,False,False,False,False,False
AMSC,American Superconductor Corporation - Common Stock,28.66,5.3,1388351818.0,22840275,15.2,-59.3,0,1,False,False,False,False,True,False,False,False,False,False,False
ETOR,eToro Group Ltd. - Class A Common Shares,30.02,5.3,2418000917.0,34959195,21.3,-35.1,0,0,False,False,False,False,False,False,False,False,False,False,False
FIS,"Fidelity National Information Services, Inc. Common Stock",38.52,5.3,19864991923.0,251950925,2.9,-44.3,0,0,False,False,False,False,False,False,False,False,False,False,False
EYE,"National Vision Holdings, Inc. - Common Stock",17.13,5.2,1354457332.0,39693704,16.1,-42.9,0,0,False,False,False,False,False,False,False,False,False,False,False
YELP,Yelp Inc. Common Stock,20.95,5.2,1136822860.0,26875591,6.9,-39.3,0,0,False,False,False,False,False,False,False,False,False,False,False
PSIX,"Power Solutions International, Inc. - Common Stock",40.29,5.1,929306981.0,15779865,59.4,-66.3,0,2,False,False,False,False,False,False,False,True,True,False,False
GPI,"Group 1 Automotive, Inc. Common Stock",281.84,5.1,3360159894.0,60575434,12.9,-42.3,0,0,False,False,False,False,False,False,False,False,False,False,False
SITE,"SiteOne Landscape Supply, Inc. Common Stock",94.78,5.1,4137657864.0,81104045,5.2,-43.8,0,0,False,False,False,False,False,False,False,False,False,False,False
QBTS,D-Wave Quantum Inc. - Common Stock,16.66,5.0,6151935524.0,330458472,30.7,-64.4,0,1,False,False,False,False,False,False,False,False,True,False,False
AS,"Amer Sports, Inc. Ordinary Shares",27.41,5.0,15285663078.0,188689218,0.7,-35.9,0,0,False,False,True,False,False,False,False,False,False,False,False
VERX,"Vertex, Inc. - Class A Common Stock",12.27,4.9,1990414615.0,25738855,20.2,-53.8,0,0,False,False,False,False,False,False,False,False,False,False,False
LVS,Las Vegas Sands Corp. Common Stock,42.6,4.9,27592070438.0,230361577,1.2,-39.5,0,0,False,False,True,False,False,False,False,False,False,False,False
RGTI,"Rigetti Computing, Inc.  - Common stock",15.16,4.8,5059934205.0,320735179,21.0,-73.9,0,0,False,False,False,False,False,False,False,False,False,False,False
CSV,"Carriage Services, Inc. Common Stock",32.19,4.8,511251108.0,5429614,0.6,-38.2,0,0,False,False,True,False,False,False,False,False,False,False,False
GLOB,Globant S.A. Common Shares,36.7,4.8,1584689705.0,61997418,33.2,-49.1,0,2,False,False,False,False,False,False,False,True,True,False,False
BL,"BlackLine, Inc. - Common Stock",28.75,4.7,1671101513.0,31417258,16.4,-51.7,0,0,False,False,False,False,False,False,False,False,False,False,False
PINS,"Pinterest, Inc. Class A Common Stock",18.78,4.7,10635358647.0,256635743,35.7,-49.3,0,1,False,False,False,False,False,False,False,False,True,False,False
HDB,HDFC Bank Limited Common Stock,21.84,4.6,112063721428.0,223451795,0.3,-41.7,0,0,False,False,True,False,False,False,False,False,False,False,False
IONQ,"IonQ, Inc. Common Stock",36.84,4.6,14036125248.0,784156877,42.3,-56.5,0,1,False,False,False,False,False,False,False,False,True,False,False
VFC,V.F. Corporation Common Stock,12.62,4.6,4961358273.0,106612111,1.3,-43.3,0,0,False,False,True,False,False,False,False,False,False,False,False
ISRG,"Intuitive Surgical, Inc. - Common Stock",360.46,4.5,127342601577.0,1171752019,9.7,-40.3,0,0,False,False,False,False,False,False,False,False,False,False,False
AAP,Advance Auto Parts Inc.,43.31,4.5,2615924000.0,99251589,14.3,-33.6,0,1,False,False,False,False,True,False,False,False,False,False,False
CHTR,"Charter Communications, Inc. - Class A Common Stock",140.56,4.4,16105012276.0,402722432,26.0,-50.8,0,0,False,False,False,False,False,False,False,False,False,False,False
INTU,Intuit Inc. - Common Stock,312.77,4.4,85554167490.0,1291281352,23.7,-55.6,0,0,False,False,False,False,False,False,False,False,False,False,False
CIGI,Colliers International Group Inc.  - Subordinate Voting Shares,91.19,4.3,4660157437.0,22462162,3.2,-46.8,0,0,False,False,False,False,False,False,False,False,False,False,False
PATK,"Patrick Industries, Inc. - Common Stock",74.86,4.3,2404373243.0,48690335,1.5,-49.6,0,0,False,False,True,False,False,False,False,False,False,False,False
REAX,"The Real Brokerage, Inc. - Common Shares",18.53,4.3,406177600.0,15154475,19.5,-64.7,0,0,False,False,False,False,False,False,False,False,False,False,False
CTRI,"Centuri Holdings, Inc. Common Stock",20.25,4.2,2044501823.0,41865740,6.4,-52.9,5,2,False,False,False,False,True,True,False,False,False,False,False
RBA,"RB Global, Inc. Common Stock",80.54,4.2,15052926000.0,152220994,1.0,-32.6,0,0,False,False,True,False,False,False,False,False,False,False,False
FLY,Firefly Aerospace Inc. - Common Stock,20.9,4.1,3498757081.0,71406570,30.6,-66.4,1,3,False,False,False,False,True,True,False,False,True,False,False
KRUS,"Kura Sushi USA, Inc. - Class A Common Stock",41.13,4.1,499722755.0,11601802,0.3,-50.6,0,0,False,False,True,False,False,False,False,False,False,False,False
AMRZ,Amrize Ltd Ordinary Shares,40.44,4.1,22117673043.0,168520760,1.8,-38.7,0,0,False,False,True,False,False,False,False,False,False,False,False
CAVA,"CAVA Group, Inc. Common Stock",54.0,4.0,6307534692.0,217237101,24.4,-45.3,3,2,False,False,False,False,True,True,False,False,False,False,False
CPS,Cooper-Standard Holdings Inc. Common Stock,23.7,4.0,421130230.0,5188382,1.9,-50.6,0,0,False,False,True,False,False,False,False,False,False,False,False
COO,"The Cooper Companies, Inc.  - Common Stock",54.17,3.9,10564809227.0,169836162,6.2,-39.7,3,1,False,False,True,False,False,True,False,False,False,False,False
ORCL,Oracle Corporation Common Stock,152.94,3.9,440539234740.0,4453207509,33.6,-55.8,0,2,False,False,False,False,False,False,False,True,True,False,False
CLBT,Cellebrite DI Ltd. - Ordinary Shares,11.325,3.8,2846437505.0,37229099,18.2,-43.3,0,0,False,False,False,False,False,False,False,False,False,False,False
IONS,"Ionis Pharmaceuticals, Inc. - Common Stock",55.65,3.8,9248157519.0,202117156,11.3,-35.8,0,0,False,False,False,False,False,False,False,False,False,False,False
OLN,Olin Corporation Common Stock,17.31,3.8,1973036902.0,59932041,3.5,-43.2,0,1,False,False,False,False,True,False,False,False,False,False,False
LEN,Lennar Corporation Class A Common Stock,77.9,3.7,18765731562.0,210244436,1.7,-44.6,0,0,False,False,True,False,False,False,False,False,False,False,False
SMR,NuScale Power Corporation Class A Common Stock,10.21,3.7,4387474607.0,282986620,41.6,-82.2,0,2,False,False,False,False,False,False,False,True,True,False,False
FISV,"Fiserv, Inc. - Common Stock",48.93,3.6,26019345659.0,386919154,4.0,-64.2,0,0,False,False,False,False,False,False,False,False,False,False,False
KNF,Knife Riv Holding Co. Common Stock,57.18,3.6,3245732356.0,48654222,0.3,-40.6,0,1,False,False,True,False,True,False,False,False,False,False,False
LIF,"Life360, Inc. - Common Stock",41.56,3.5,3386324136.0,38964793,12.3,-63.1,0,0,False,False,False,False,False,False,False,False,False,False,False
MZTI,The Marzetti Company - Common Stock,101.47,3.5,2769217770.0,36522160,1.0,-45.3,0,0,False,False,True,False,False,False,False,False,False,False,False
BXMT,"Blackstone Mortgage Trust, Inc. Common Stock",13.48,3.5,2271967607.0,31193877,0.3,-34.8,0,0,False,False,True,False,False,False,False,False,False,False,False
DKNG,DraftKings Inc. - Class A Common Stock,23.71,3.4,11770925478.0,277348666,15.9,-48.8,0,0,False,False,False,False,False,False,False,False,False,False,False
PSN,Parsons Corporation Common Stock,45.88,3.4,4900231477.0,68596505,26.5,-48.7,0,0,False,False,False,False,False,False,False,False,False,False,False
OLLI,"Ollie's Bargain Outlet Holdings, Inc. - Common Stock",71.92,3.3,4272220824.0,132643687,19.3,-48.3,0,0,False,False,False,False,False,False,False,False,False,False,False
CPNG,"Coupang, Inc. Class A Common Stock",14.67,3.3,26369496668.0,299050278,1.5,-56.9,0,0,False,False,True,False,False,False,False,False,False,False,False
RBLX,Roblox Corporation Class A Common Stock,44.88,3.3,32061192232.0,493296654,32.5,-68.4,0,2,False,False,False,False,False,False,False,True,True,False,False
CALX,"Calix, Inc Common Stock",34.93,3.2,2199332136.0,41957748,2.9,-51.0,0,0,False,False,True,False,False,False,False,False,False,False,False
DECK,Deckers Outdoor Corporation Common Stock,79.88,3.2,10896768453.0,232253525,1.2,-34.7,1,2,False,False,False,False,True,True,False,False,False,False,False
WINA,Winmark Corporation - Common Stock,310.05,3.1,1113751998.0,17192869,1.3,-41.2,0,0,False,False,False,False,False,False,False,False,False,False,False
ENOV,Enovis Corporation Common Stock,18.41,3.1,1061695385.0,31604355,1.0,-46.3,0,0,False,False,True,False,False,False,False,False,False,False,False
BROS,Dutch Bros Inc. Class A Common Stock,43.44,3.0,7588173743.0,206268475,0.3,-41.3,0,0,False,False,True,False,False,False,False,False,False,False,False
NCLH,Norwegian Cruise Line Holdings Ltd. Ordinary Shares,14.57,3.0,6690366916.0,265982012,0.8,-46.4,0,0,False,False,True,False,False,False,False,False,False,False,False
PFSI,"PennyMac Financial Services, Inc. Common Stock",69.81,3.0,3626739241.0,43467610,1.0,-56.5,0,0,False,False,True,False,False,False,False,False,False,False,False
ACM,AECOM Common Stock,62.89,2.9,8093718168.0,135850318,4.2,-53.6,0,0,False,False,False,False,False,False,False,False,False,False,False
WD,"Walker & Dunlop, Inc Common Stock",40.33,2.9,1384357296.0,16802655,3.4,-55.2,0,0,False,False,False,False,False,False,False,False,False,False,False
ACI,"Albertsons Companies, Inc. Class A Common Stock",11.7,2.8,5678310491.0,103188567,7.7,-41.5,0,0,False,False,False,False,False,False,False,False,False,False,False
FUBO,FuboTV Inc. Class A Common Stock,11.41,2.8,1245935431.0,14266910,43.5,-79.9,0,2,False,False,False,False,False,False,False,True,True,False,False
LII,"Lennox International, Inc. Common Stock",372.62,2.8,12877998719.0,235278202,1.9,-36.6,0,0,False,False,True,False,False,False,False,False,False,False,False
AMSF,"AMERISAFE, Inc. - Common Stock",24.66,2.7,457099190.0,9581329,2.0,-46.1,0,0,False,False,True,False,False,False,False,False,False,False,False
NAMS,NewAmsterdam Pharma Company N.V. - Ordinary Shares,21.86,2.7,2613082514.0,32165831,0.3,-48.2,0,0,False,False,True,False,False,False,False,False,False,False,False
BIRK,Birkenstock Holding plc Ordinary Shares,30.69,2.6,5067723201.0,87268320,1.5,-39.5,0,0,False,False,True,False,False,False,False,False,False,False,False
FUN,Six Flags Entertainment Corporation Common Stock New,13.67,2.6,1398663985.0,37006962,9.3,-50.1,0,1,False,False,False,False,True,False,False,False,False,False,False
AVAV,"AeroVironment, Inc. - Common Stock",147.065,2.5,7474227875.0,268848266,8.8,-64.8,0,0,False,False,False,False,False,False,False,False,False,False,False
KTOS,"Kratos Defense & Security Solutions, Inc. - Common Stock",46.98,2.5,8819147942.0,198331205,9.0,-64.9,0,0,False,False,False,False,False,False,False,False,False,False,False
ESAB,ESAB Corporation Common Stock,69.27,2.5,4306364199.0,59489292,1.5,-49.6,0,0,False,False,True,False,False,False,False,False,False,False,False
FICO,Fair Isaac Corporation Common Stock,960.67,2.4,20748200015.0,381769519,10.4,-51.9,0,0,False,False,False,False,False,False,False,False,False,False,False
PLNT,"Planet Fitness, Inc. Common Stock",49.98,2.4,3759343911.0,98980847,35.0,-56.3,0,1,False,False,False,False,False,False,False,False,True,False,False
ALMU,"Aeluma, Inc. - Common Stock",13.24,2.3,242362635.0,7656086,29.3,-58.4,0,1,False,False,False,False,True,False,False,False,False,False,False
ALNY,"Alnylam Pharmaceuticals, Inc. - Common Stock",247.51,2.3,33119094796.0,487886098,25.1,-50.1,0,0,False,False,False,False,False,False,False,False,False,False,False
ZTS,Zoetis Inc. Class A Common Stock,72.86,2.3,30107471642.0,440151465,2.6,-52.1,0,0,False,False,False,False,False,False,False,False,False,False,False
CELH,"Celsius Holdings, Inc. - Common Stock",26.63,2.2,6738323302.0,293845642,13.0,-60.1,0,0,False,False,False,False,False,False,False,False,False,False,False
DFH,"Dream Finders Homes, Inc. Class A Common Stock",12.02,2.2,1088232118.0,9265795,2.2,-61.3,0,0,False,False,True,False,False,False,False,False,False,False,False
ATS,ATS Corporation Common Shares,19.03,2.1,1846052363.0,5223078,3.4,-46.9,0,1,False,False,False,False,True,False,False,False,False,False,False
JBGS,JBG SMITH Properties Common Shares ,11.26,2.1,840203724.0,9660360,4.5,-53.7,0,0,False,False,False,False,False,False,False,False,False,False,False
METC,"Ramaco Resources, Inc. - Class A Common Stock",11.45,2.0,725795337.0,23295379,33.8,-80.2,0,1,False,False,False,False,False,False,False,False,True,False,False
SHOE,"Shoe Station Group, Inc. - Common Stock",12.28,2.0,333418062.0,12037413,20.4,-49.3,0,0,False,False,True,False,False,False,False,False,False,False,False
UPST,"Upstart Holdings, Inc. - Common stock",25.1,2.0,2442557455.0,124332840,4.7,-64.8,0,0,False,False,False,False,False,False,False,False,False,False,False
FLUT,Flutter Entertainment plc Ordinary Shares,98.68,1.9,17286872330.0,284462373,10.0,-66.3,0,0,False,False,False,False,False,False,False,False,False,False,False
NKE,"Nike, Inc. Common Stock",36.62,1.9,54325722504.0,1018342726,0.2,-52.4,0,0,False,False,True,False,False,False,False,False,False,False,False
ALHC,"Alignment Healthcare, Inc. - Common Stock",12.76,1.8,2646872501.0,82838631,0.9,-49.2,0,0,False,False,False,False,False,False,False,False,False,False,False
IIIV,"i3 Verticals, Inc. - Common Stock",15.52,1.8,408517580.0,7602489,3.0,-54.3,0,0,False,False,True,False,False,False,False,False,False,False,False
ZG,"Zillow Group, Inc. - Class A Common Stock",31.88,1.8,7169013534.0,38945322,9.8,-64.7,0,0,False,False,False,False,False,False,False,False,False,False,False
FXHO,UTime Limited - Class A Ordinary Shares,13.41,1.7,352365599.0,5070243,167.1,-99.8,0,2,False,False,False,False,False,False,False,True,True,False,False
QXO,"QXO, Inc. Common Stock",12.29,1.7,12750760814.0,296113669,0.4,-55.5,0,0,False,False,True,False,False,False,False,False,False,False,False
MLTX,MoonLake Immunotherapeutics - Class A Ordinary Shares,13.18,1.6,1121706108.0,21017823,121.5,-79.0,1,3,False,False,False,False,True,True,False,False,True,False,False
QDEL,QuidelOrtho Corporation - Common Stock,12.15,1.6,833191438.0,20583950,22.5,-65.9,0,0,False,False,False,False,False,False,False,False,False,False,False
LULU,lululemon athletica inc. - Common Stock,96.88,1.5,10229952920.0,491381838,1.3,-57.1,0,0,False,False,True,False,False,False,False,False,False,False,False
Z,"Zillow Group, Inc. - Class C Capital Stock",31.25,1.5,7027342313.0,122935838,6.9,-66.7,0,0,False,False,False,False,False,False,False,False,False,False,False
BBW,"Build-A-Bear Workshop, Inc. Common Stock",28.18,1.5,353305144.0,18619321,2.5,-62.8,0,0,False,False,False,False,False,False,False,False,False,False,False
PNR,Pentair plc. Ordinary Share,56.73,1.4,9056260904.0,230135429,0.9,-50.2,0,0,False,False,True,False,False,False,False,False,False,False,False
PRIM,Primoris Services Corporation Common Stock,72.97,1.4,3928144901.0,102598479,12.3,-64.5,0,0,False,False,False,False,False,False,False,False,False,False,False
NNE,Nano Nuclear Energy Inc. - common stock,17.36,1.3,932199815.0,35102796,18.0,-71.5,0,0,False,False,False,False,False,False,False,False,False,False,False
ONON,On Holding AG Class A Ordinary Shares,26.85,1.3,16202124230.0,218411938,0.9,-47.4,0,0,False,False,True,False,False,False,False,False,False,False,False
WHR,Whirlpool Corporation Common Stock,35.89,1.3,2340005676.0,92695825,1.6,-62.3,0,0,False,False,True,False,False,False,False,False,False,False,False
TTAN,"ServiceTitan, Inc. - Class A Common Stock",56.01,1.2,5403167247.0,141119001,3.4,-53.2,0,0,False,False,False,False,False,False,False,False,False,False,False
ROL,"Rollins, Inc. Common Stock",34.56,1.2,16628385162.0,206227828,0.6,-47.7,0,0,False,False,False,False,False,False,False,False,False,False,False
SMPL,The Simply Good Foods Company - Common Stock,10.24,1.1,905835981.0,26369845,3.7,-63.4,0,0,False,False,False,False,False,False,False,False,False,False,False
BSX,Boston Scientific Corporation Common Stock,43.1,1.1,62461792571.0,913325107,2.1,-60.1,0,0,False,False,False,False,False,False,False,False,False,False,False
PRCT,PROCEPT BioRobotics Corporation - Common Stock,20.07,1.0,1149482336.0,29330483,20.4,-50.0,0,0,False,False,False,False,False,False,False,False,False,False,False
APTV,Aptiv PLC Ordinary Shares,45.69,1.0,9486766893.0,200678194,4.2,-48.6,0,0,False,False,True,False,False,False,False,False,False,False,False
UTI,Universal Technical Institute Inc Common Stock,20.6,1.0,1134961759.0,43753729,1.3,-59.9,0,1,False,False,False,False,True,False,False,False,False,False,False
PODD,Insulet Corporation - Common Stock,134.68,0.9,9340623521.0,246585684,6.6,-62.0,0,0,False,False,False,False,False,False,False,False,False,False,False
BLDR,"Builders FirstSource, Inc. Common Stock",58.97,0.9,6344963069.0,154402700,1.4,-60.4,0,0,False,False,True,False,False,False,False,False,False,False,False
CSGP,"CoStar Group, Inc. - Common Stock",29.49,0.8,11949276870.0,214333358,13.9,-67.5,0,0,False,False,False,False,False,False,False,False,False,False,False
SRAD,Sportradar Group AG - Class A Ordinary Shares,12.7,0.8,3959318523.0,32514343,10.0,-59.9,0,0,False,False,False,False,False,False,False,False,False,False,False
DKS,Dick's Sporting Goods Inc Common Stock,133.14,0.8,11839681666.0,453705391,10.6,-45.5,0,0,False,False,False,False,False,False,False,False,False,False,False
COLL,"Collegium Pharmaceutical, Inc. - Common Stock",22.92,0.7,746174650.0,19532102,0.9,-54.9,0,0,False,False,True,False,False,False,False,False,False,False,False
CPRI,Capri Holdings Limited Ordinary Shares,12.88,0.7,1463832840.0,60570278,3.9,-54.4,0,0,False,False,True,False,False,False,False,False,False,False,False
TREE,"LendingTree, Inc. - Common Stock",26.89,0.6,377523795.0,13102516,1.9,-65.2,0,0,False,False,True,False,False,False,False,False,False,False,False
OKLO,Oklo Inc. Class A common stock,39.88,0.6,7418383882.0,405644027,8.9,-79.4,0,0,False,False,False,False,False,False,False,False,False,False,False
APP,Applovin Corporation - Class A Common Stock,314.49,0.5,105244392990.0,2299066038,5.7,-57.8,0,0,False,False,False,False,False,False,False,False,False,False,False
LMB,"Limbach Holdings, Inc. - Common Stock",48.31,0.5,576096412.0,18965128,18.6,-58.0,0,0,False,False,False,False,False,False,False,False,False,False,False
ALIT,"Alight, Inc. Class A Common Stock",12.05,0.5,324616071.0,10590261,25.8,-84.1,0,0,False,False,False,False,False,False,False,False,False,False,False
PZZA,"Papa John's International, Inc. - Common Stock",21.46,0.4,706499403.0,35405757,0.3,-61.5,0,0,False,False,True,False,False,False,False,False,False,False,False
KRMN,Karman Holdings Inc. Common Stock,34.39,0.4,4557834218.0,157184092,0.5,-70.9,0,0,False,False,True,False,False,False,False,False,False,False,False
CCB,Coastal Financial Corporation - Common Stock,48.05,0.3,734508012.0,13108997,31.2,-60.0,0,1,False,False,False,False,False,False,False,False,True,False,False
RARE,Ultragenyx Pharmaceutical Inc. - Common Stock,14.4,0.3,1419679771.0,68954611,4.3,-63.9,0,0,False,False,False,False,False,False,False,False,False,False,False
WING,Wingstop Inc. - Common Stock,110.52,0.3,3010846184.0,158313834,4.8,-63.5,0,0,False,False,False,False,False,False,False,False,False,False,False
BETR,Better Home & Finance Holding Company - Class A Common Stock,13.21,0.2,250971229.0,9683033,18.9,-86.0,0,0,False,False,False,False,False,False,False,False,False,False,False
TTD,"The Trade Desk, Inc. - Class A Common Stock",13.97,0.2,6564226310.0,334572278,8.9,-75.2,0,0,False,False,False,False,False,False,False,False,False,False,False
BYND,"Beyond Meat, Inc. - Common stock",10.45,0.1,179676945.0,20367675,0.5,-95.5,0,0,False,False,True,False,False,False,False,False,False,False,False
CABO,"Cable One, Inc. Common Stock",21.47,0.1,121819170.0,8273683,3.7,-88.1,0,0,False,False,True,False,False,False,False,False,False,False,False
SDOT,Sadot Group Inc. - Common Stock,12.62,0.0,18359929.0,58847779,379.8,-95.2,0,1,False,False,False,False,False,False,False,False,True,False,False
