ticker,name,close,rs,mcap,dvol_50d,vs_52w_low,from_52w_high,sma200_up_months,n_pass,pass_all,new_52w_high,new_52w_low,1_price_gt_150_200,2_150_gt_200,3_200ma_rising_1m,4_50_gt_150_gt_200,5_price_gt_50,6_ge_30pct_above_52wlow,7_within_25pct_of_52whigh,8_rs_ge_70
BYND,"Beyond Meat, Inc. - Common stock",13.86,99.0,238308369.0,22386660,2672.0,-25.1,2,7,False,False,False,True,True,True,True,True,True,False,True
DFNS,T3 Defense Inc. - Common Stock,12.19,99.0,20281795.0,110950526,28923.8,-86.6,1,6,False,False,False,True,True,True,True,False,True,False,True
REAX,"The Real Brokerage, Inc. - Common Shares",21.09,98.9,462292800.0,12469715,1260.6,-24.3,1,6,False,False,False,True,False,True,False,True,True,True,True
SNDK,Sandisk Corporation - Common Stock When-Issued,1484.98,98.9,217429288105.0,22716083607,2958.0,-36.9,5,6,False,False,False,True,True,True,True,False,True,False,True
AXTI,AXT Inc - Common Stock,58.63,98.8,3844557420.0,716020652,2032.0,-59.0,5,4,False,False,False,False,True,True,False,False,True,False,True
QTTB,Q32 Bio Inc. - Common Stock,15.03,98.8,447435074.0,23180673,827.8,-36.2,5,7,False,False,False,True,True,True,True,True,True,False,True
SLS,"SELLAS Life Sciences Group, Inc.  - Common Stock",13.21,98.8,2667702816.0,113362440,850.4,-16.8,5,8,True,False,False,True,True,True,True,True,True,True,True
ERAS,"Erasca, Inc. - Common Stock",18.03,98.7,6306209491.0,83077058,1255.6,-25.7,5,6,False,False,False,True,True,True,True,False,True,False,True
MRNA,"Moderna, Inc. - Common Stock",137.99,98.7,55090560323.0,2065071442,519.3,-21.9,5,8,True,False,False,True,True,True,True,True,True,True,True
CLYM,"Climb Bio, Inc. - Common Stock",14.57,98.6,836846235.0,18450374,846.1,-20.5,5,8,True,False,False,True,True,True,True,True,True,True,True
TWST,Twist Bioscience Corporation - Common Stock,141.38,98.6,9373659980.0,187617537,506.8,-9.0,5,8,True,False,False,True,True,True,True,True,True,True,True
MU,"Micron Technology, Inc. - Common Stock",932.86,98.5,1053565694842.0,41945452610,716.5,-25.7,5,6,False,False,False,True,True,True,True,False,True,False,True
AGL,"agilon health, inc. Common Stock",92.54,98.5,1553858573.0,35829589,1137.2,-30.4,4,6,False,False,False,True,True,True,True,False,True,False,True
ANRO,"Alto Neuroscience, Inc. Common Stock",35.13,98.5,1378575114.0,16630058,930.2,-6.3,5,8,True,False,False,True,True,True,True,True,True,True,True
IMMX,"Immix Biopharma, Inc. - Common Stock",13.94,98.4,997258037.0,20452802,618.6,-7.7,5,8,True,False,False,True,True,True,True,True,True,True,True
NVCT,"Nuvectis Pharma, Inc. - Common Stock",23.73,98.4,773931786.0,8161614,327.6,-18.9,5,8,True,False,False,True,True,True,True,True,True,True,True
ORKA,"Oruka Therapeutics, Inc. - Common Stock",91.145,98.3,6034683015.0,113503090,523.9,-21.1,5,7,False,False,False,True,True,True,True,False,True,True,True
QMCO,Quantum Corporation - Common Stock,22.26,98.3,877266622.0,26712870,431.3,-19.9,3,8,True,False,False,True,True,True,True,True,True,True,True
TXG,"10x Genomics, Inc. - Common Stock",61.54,98.3,8018118479.0,154494928,451.4,-8.1,5,8,True,False,False,True,True,True,True,True,True,True,True
ATEX,Anterix Inc. - Common Stock,92.33,98.2,1810571541.0,38947423,425.2,-18.3,5,7,False,False,False,True,True,True,True,False,True,True,True
ETON,"Eton Pharmaceuticals, Inc. - Common Stock",59.78,98.2,1708699810.0,27713735,318.9,-9.9,5,8,True,False,False,True,True,True,True,True,True,True,True
CDNA,"CareDx, Inc. - Common Stock",49.79,98.1,2575846963.0,46478225,302.5,-7.2,4,8,True,False,False,True,True,True,True,True,True,True,True
DMRA,"Damora Therapeutics, Inc. - Ordinary Shares",29.0,98.1,1790330051.0,16970222,1083.7,-24.3,5,7,False,False,False,True,True,True,True,False,True,True,True
LITE,Lumentum Holdings Inc. - Common Stock,895.0,98.1,80281500000.0,3992514400,616.0,-17.6,5,8,True,False,False,True,True,True,True,True,True,True,True
AMLX,"Amylyx Pharmaceuticals, Inc. - Common Stock",34.74,98.0,4358420751.0,72066119,279.9,-15.6,5,8,True,False,False,True,True,True,True,True,True,True,True
DFTX,"Definium Therapeutics, Inc.  - Common Shares",40.98,98.0,5506357611.0,134248481,371.0,-17.5,5,7,False,False,False,True,True,True,True,False,True,True,True
CHRN,ChronoScale Holdings Corporation - Common Stock,18.74,97.9,2729245850.0,6494079,440.1,-37.5,5,6,False,False,False,True,True,True,True,False,True,False,True
SYRE,"Spyre Therapeutics, Inc. - Common Stock",90.36,97.9,7967381134.0,127294009,523.0,-18.0,5,7,False,False,False,True,True,True,True,False,True,True,True
DRTS,Alpha Tau Medical Ltd. - Ordinary Shares,14.64,97.8,1353880175.0,8484846,360.4,-3.0,5,8,True,False,False,True,True,True,True,True,True,True,True
PLSE,"Pulse Biosciences, Inc - Common Stock",47.57,97.8,3392816415.0,14149534,278.7,-6.5,5,8,True,False,False,True,True,True,True,True,True,True,True
RVMD,"Revolution Medicines, Inc. - Common Stock",207.88,97.8,44556254574.0,450838457,453.5,-7.3,5,8,True,False,False,True,True,True,True,True,True,True,True
ABCL,AbCellera Biologics Inc. - Common Shares,11.35,97.7,3344453788.0,70214072,313.5,-9.8,5,8,True,False,False,True,True,True,True,True,True,True,True
MXL,"MaxLinear, Inc - Common Stock",61.73,97.7,5598490680.0,284753600,383.4,-51.9,5,6,False,False,False,True,True,True,True,False,True,False,True
FTH,"Faeth Therapeutics, Inc.  - Common Stock",33.84,97.6,874439982.0,7612255,354.2,-10.7,5,8,True,False,False,True,True,True,True,True,True,True,True
MBX,"MBX Biosciences, Inc. - Common Stock",63.0,97.6,3034086048.0,41462412,554.2,-13.3,5,8,True,False,False,True,True,True,True,True,True,True,True
DELL,Dell Technologies Inc. Class C Common Stock ,456.24,97.6,295692789814.0,2801484529,313.9,-11.2,5,8,True,False,False,True,True,True,True,True,True,True,True
BLZE,"Backblaze, Inc. - Common Stock",14.33,97.5,887027000.0,61574765,339.4,-40.3,4,6,False,False,False,True,True,True,True,False,True,False,True
PRAX,"Praxis Precision Medicines, Inc. - Common Stock",344.75,97.5,9625415863.0,157469064,827.0,-12.2,5,8,True,False,False,True,True,True,True,True,True,True,True
PAYS,"Paysign, Inc. - Common Stock",12.89,97.4,727797191.0,7106096,318.5,-10.7,3,8,True,False,False,True,True,True,True,True,True,True,True
STX,Seagate Technology Holdings PLC - Ordinary Shares (Ireland),829.76,97.4,188060555256.0,4437442691,406.4,-27.5,5,6,False,False,False,True,True,True,True,False,True,False,True
AAOI,"Applied Optoelectronics, Inc. - Common Stock",106.23,97.3,9019595080.0,1397973336,474.2,-54.5,5,5,False,False,False,False,True,True,True,False,True,False,True
RLAY,"Relay Therapeutics, Inc. - Common Stock",18.77,97.3,4113288414.0,60516536,433.2,-11.8,5,7,False,False,False,True,True,True,True,False,True,True,True
WDC,Western Digital Corporation - Common Stock,459.45,97.3,165650536721.0,4687247447,489.8,-42.6,5,6,False,False,False,True,True,True,True,False,True,False,True
BAND,Bandwidth Inc. - Class A Common Stock,49.0,97.2,1576858612.0,63484731,292.0,-38.0,5,6,False,False,False,True,True,True,True,False,True,False,True
CRNX,"Crinetics Pharmaceuticals, Inc. - Common Stock",84.84,97.2,8998574028.0,378152767,180.5,-0.1,5,8,True,False,False,True,True,True,True,True,True,True,True
OMER,Omeros Corporation - Common Stock,18.61,97.1,1347146561.0,27231939,372.3,-5.3,5,8,True,False,False,True,True,True,True,True,True,True,True
QURE,uniQure N.V. - Ordinary Shares,48.72,97.1,3379531593.0,73016815,458.1,-31.9,0,6,False,False,False,True,True,False,True,True,True,False,True
SDOT,Sadot Group Inc. - Common Stock,14.51,97.1,21109554.0,90032426,451.7,-94.4,0,2,False,False,False,False,False,False,False,False,True,False,True
SLN,Silence Therapeutics Plc - American Depository Share,13.42,97.0,628056000.0,14907406,220.3,-23.6,5,8,True,False,False,True,True,True,True,True,True,True,True
XNCR,"Xencor, Inc. - Common Stock",26.06,97.0,1937649526.0,24444068,232.8,-14.9,5,6,False,False,False,True,False,True,False,True,True,True,True
AEHR,Aehr Test Systems - Common Stock,80.81,96.9,2636058565.0,243800149,332.1,-45.2,5,6,False,False,False,True,True,True,True,False,True,False,True
DNTH,"Dianthus Therapeutics, Inc. - Common Stock",105.84,96.9,5920094568.0,101223412,364.0,-10.2,5,8,True,False,False,True,True,True,True,True,True,True,True
FCEL,"FuelCell Energy, Inc. - Common Stock",17.76,96.9,1419986521.0,255387166,366.1,-53.1,5,6,False,False,False,True,True,True,True,False,True,False,True
CADL,"Candel Therapeutics, Inc. - Common Stock",13.07,96.8,1000097645.0,16367530,200.5,-6.6,5,8,True,False,False,True,True,True,True,True,True,True,True
VSXY,Victorias Secret & Co. Common Stock ,87.85,96.8,6983347602.0,143480590,300.9,-14.3,5,8,True,False,False,True,True,True,True,True,True,True,True
APGE,"Apogee Therapeutics, Inc. - Common Stock",134.97,96.7,10215573593.0,416463163,281.4,-0.0,5,8,True,False,False,True,True,True,True,True,True,True,True
TVTX,"Travere Therapeutics, Inc. - Common Stock",65.67,96.7,6190125255.0,101184269,280.3,-3.2,5,8,True,False,False,True,True,True,True,True,True,True,True
ALMS,Alumis Inc. - Common Stock,22.38,96.6,2896760649.0,33729890,495.2,-28.6,5,5,False,False,False,False,True,True,True,False,True,False,True
HELP,Cybin Inc. - Common Stock,12.18,96.6,754966070.0,16313742,223.9,-15.1,2,6,False,False,False,True,False,True,False,True,True,True,True
PBF,PBF Energy Inc. Class A Common Stock,71.28,96.6,8449305813.0,183963699,178.2,-5.8,5,8,True,False,False,True,True,True,True,True,True,True,True
NESR,National Energy Services Reunited Corp - Ordinary Shares,34.44,96.5,3473334408.0,69057041,290.9,-6.8,5,8,True,False,False,True,True,True,True,True,True,True,True
FET,"Forum Energy Technologies, Inc. Common Stock",80.61,96.5,906563840.0,12507854,221.5,-7.8,5,8,True,False,False,True,True,True,True,True,True,True,True
ELVN,"Enliven Therapeutics, Inc.  - Common Stock",57.86,96.4,4239446231.0,66168038,291.3,-7.2,5,8,True,False,False,True,True,True,True,True,True,True,True
MRVL,"Marvell Technology, Inc. - Common Stock",216.62,96.4,189708522550.0,7804264389,252.6,-34.3,5,6,False,False,False,True,True,True,True,False,True,False,True
MEI,"Methode Electronics, Inc. Common Stock",18.21,96.4,645941587.0,12906330,273.2,-10.6,4,8,True,False,False,True,True,True,True,True,True,True,True
APPS,"Digital Turbine, Inc. - Common Stock",11.09,96.3,1342070213.0,44952028,304.7,-27.7,3,7,False,False,False,True,True,True,True,True,True,False,True
MAN,ManpowerGroup Common Stock,62.39,96.3,2901482512.0,64593841,148.1,-2.3,2,8,True,True,False,True,True,True,True,True,True,True,True
INBX,"Inhibrx Biosciences, Inc. - Common Stock",123.41,96.2,1816306421.0,28339658,371.2,-20.5,5,8,True,False,False,True,True,True,True,True,True,True,True
KRT,Karat Packaging Inc. - Common Stock,49.11,96.2,978846818.0,6064574,138.3,-3.3,5,8,True,False,False,True,True,True,True,True,True,True,True
REPL,"Replimune Group, Inc. - Common Stock",15.5,96.2,1460404327.0,56233395,933.3,-4.0,3,6,False,False,False,True,False,True,False,True,True,True,True
ALM,Almonty Industries Inc. - Common Shares,18.04,96.1,5197486432.0,97901397,353.3,-26.1,5,6,False,False,False,True,True,True,False,True,True,False,True
HYMC,Hycroft Mining Holding Corporation - Class A Common Stock,23.825,96.1,2220053550.0,45937955,476.9,-59.4,5,5,False,False,False,False,True,True,False,True,True,False,True
MNPR,Monopar Therapeutics Inc. - Common Stock,111.89,96.0,751024925.0,26078278,241.4,-10.4,5,6,False,False,False,True,False,True,False,True,True,True,True
PSNL,"Personalis, Inc. - Common Stock",17.07,96.0,1823073815.0,63880375,266.9,-9.6,5,8,True,False,False,True,True,True,True,True,True,True,True
CLMT,"Calumet, Inc - Common Stock",47.75,95.9,4197140674.0,48173002,198.4,-7.3,5,8,True,False,False,True,True,True,True,True,True,True,True
NBTX,Nanobiotix S.A. - ADSs,41.23,95.9,2094809841.0,5560379,413.4,-27.8,5,7,False,False,False,True,True,True,True,True,True,False,True
RNG,"RingCentral, Inc. Class A Common Stock",69.38,95.9,5793657520.0,99657845,187.4,-1.5,5,8,True,True,False,True,True,True,True,True,True,True,True
TNGX,"Tango Therapeutics, Inc. - Common Stock",23.34,95.8,3935365966.0,90438781,273.4,-32.1,5,6,False,False,False,True,True,True,True,False,True,False,True
DK,"Delek US Holdings, Inc. Common Stock",72.25,95.8,4424024572.0,82482139,179.5,-1.5,5,8,True,True,False,True,True,True,True,True,True,True,True
ANAB,"AnaptysBio, Inc. - Common Stock",56.28,95.7,1666365311.0,35639416,393.5,-22.2,5,7,False,False,False,True,True,True,True,False,True,True,True
SILC,Silicom Ltd - Ordinary Shares,42.2,95.7,242549184.0,8414390,216.3,-20.3,5,7,False,False,False,True,True,True,True,False,True,True,True
HPE,Hewlett Packard Enterprise Company Common Stock,52.31,95.7,69269086184.0,892292838,163.7,-18.6,5,8,True,False,False,True,True,True,True,True,True,True,True
CMPS,COMPASS Pathways Plc - American Depository Shares,13.73,95.6,1901286766.0,47330038,212.0,-10.8,5,8,True,False,False,True,True,True,True,True,True,True,True
INTC,Intel Corporation - Common Stock,89.47,95.6,472855169149.0,11941940976,277.8,-37.1,5,6,False,False,False,True,True,True,True,False,True,False,True
AYA,Aya Gold & Silver Inc. - Common Shares,27.97,95.5,4028691619.0,17886108,225.6,-7.5,5,8,True,False,False,True,True,True,True,True,True,True,True
CORT,Corcept Therapeutics Incorporated - Common Stock,113.88,95.5,12310245450.0,112939380,297.3,-9.9,3,6,False,False,False,True,False,True,False,True,True,True,True
ECO,Okeanis Eco Tankers Corp. Common Stock,66.86,95.5,2610525633.0,30486120,153.4,-1.4,5,8,True,True,False,True,True,True,True,True,True,True,True
NBIS,Nebius Group N.V. - Class A Ordinary Shares,209.18,95.4,56866674501.0,4906619715,230.7,-30.2,5,6,False,False,False,True,True,True,True,False,True,False,True
UMC,United Microelectronics Corporation (NEW) Common Stock,19.79,95.4,49823922814.0,344423860,201.7,-31.7,5,6,False,False,False,True,True,True,True,False,True,False,True
CAKE,The Cheesecake Factory Incorporated - Common Stock,112.07,95.3,5576674252.0,161155148,160.2,-5.4,3,8,True,False,False,True,True,True,True,True,True,True,True
LBRX,LB Pharmaceuticals Inc - Common Stock,47.73,95.3,1539730423.0,13913728,257.3,-4.8,1,8,True,False,False,True,True,True,True,True,True,True,True
ICHR,Ichor Holdings - Ordinary Shares,55.445,95.2,2076649727.0,87615774,294.3,-51.2,5,5,False,False,False,False,True,True,True,False,True,False,True
NEO,"NeoGenomics, Inc. - Common Stock",18.05,95.2,2318981692.0,42100443,159.7,-8.7,5,6,False,False,False,True,False,True,False,True,True,True,True
DOCN,"DigitalOcean Holdings, Inc. Common Stock",111.21,95.2,13076021756.0,447083293,260.0,-40.7,5,5,False,False,False,False,True,True,True,False,True,False,True
ARWR,"Arrowhead Pharmaceuticals, Inc. - Common Stock",84.91,95.1,11993916793.0,176592000,292.9,-11.1,5,8,True,False,False,True,True,True,True,True,True,True,True
AXGN,"Axogen, Inc. - Common Stock",51.47,95.1,2767105074.0,53493970,237.7,-2.7,5,8,True,False,False,True,True,True,True,True,True,True,True
AMD,"Advanced Micro Devices, Inc. - Common Stock",465.58,95.0,760047730054.0,13539928684,212.0,-20.4,5,7,False,False,False,True,True,True,True,False,True,True,True
KOD,Kodiak Sciences Inc - Common Stock,37.72,95.0,2370681518.0,27179503,355.0,-21.2,5,7,False,False,False,True,True,True,True,False,True,True,True
BE,Bloom Energy Corporation Class A Common Stock,210.77,95.0,62077528716.0,3636224925,331.3,-40.0,5,5,False,False,False,False,True,True,True,False,True,False,True
KNSA,"Kiniksa Pharmaceuticals International, plc - Class A Ordinary Shares",78.08,94.9,6092114935.0,53893908,134.8,-5.9,5,8,True,False,False,True,True,True,True,True,True,True,True
RAPP,"Rapport Therapeutics, Inc. - Common Stock",48.77,94.9,2339901008.0,15708717,245.6,-7.9,5,8,True,False,False,True,True,True,True,True,True,True,True
PANW,"Palo Alto Networks, Inc. - Common Stock",371.59,94.8,302845850000.0,2205632743,166.2,-6.8,4,8,True,False,False,True,True,True,True,True,True,True,True
TH,Target Hospitality Corp. - Common Stock,18.55,94.8,1848014497.0,22531662,210.7,-11.0,5,8,True,False,False,True,True,True,True,True,True,True,True
LFST,"LifeStance Health Group, Inc. - Common Stock",12.31,94.7,4703104547.0,45210718,158.1,-5.1,5,8,True,False,False,True,True,True,True,True,True,True,True
TSEM,Tower Semiconductor Ltd. - Ordinary Shares,208.01,94.7,23511578310.0,447065897,267.9,-35.0,5,6,False,False,False,True,True,True,True,False,True,False,True
VLO,Valero Energy Corporation Common Stock,352.36,94.7,101454120158.0,835849714,135.7,-0.2,5,8,True,False,False,True,True,True,True,True,True,True,True
URGN,UroGen Pharma Ltd. - Ordinary Shares,43.62,94.6,2132170202.0,36358147,175.0,-14.2,5,8,True,False,False,True,True,True,True,True,True,True,True
MPC,Marathon Petroleum Corporation Common Stock,368.83,94.6,103576597337.0,723912524,127.8,-0.1,5,8,True,True,False,True,True,True,True,True,True,True,True
LQDA,Liquidia Corporation - Common Stock,67.69,94.5,6058856832.0,140947649,220.0,-27.7,5,6,False,False,False,True,True,True,True,False,True,False,True
NRIX,"Nurix Therapeutics, Inc. - Common stock",26.21,94.5,2720117911.0,35242842,219.8,-7.2,5,8,True,False,False,True,True,True,True,True,True,True,True
DINO,HF Sinclair Corporation Common Stock,99.71,94.5,17726827584.0,228705879,118.1,-0.4,5,8,True,True,False,True,True,True,True,True,True,True,True
OKTA,"Okta, Inc. - Class A Common Stock",166.23,94.4,28891998284.0,477438643,165.3,-4.9,3,8,True,False,False,True,True,True,True,True,True,True,True
PUBM,"PubMatic, Inc. - Class A Common Stock",16.82,94.4,766152026.0,9606971,173.5,-8.8,3,8,True,False,False,True,True,True,True,True,True,True,True
ARCT,Arcturus Therapeutics Holdings Inc. - Common Stock,15.19,94.3,431746418.0,8569098,176.2,-37.2,0,6,False,False,False,True,True,False,True,True,True,False,True
DSGN,"Design Therapeutics, Inc. - Common Stock",15.11,94.3,945608747.0,9758208,196.6,-12.4,5,8,True,False,False,True,True,True,True,True,True,True,True
PENG,"Penguin Solutions, Inc. - Common Stock",49.51,94.3,2537026027.0,219343310,208.7,-44.9,5,6,False,False,False,True,True,True,True,False,True,False,True
FSLY,"Fastly, Inc. - Class A Common Stock",23.04,94.2,3670272000.0,125433366,226.6,-33.8,5,7,False,False,False,True,True,True,True,True,True,False,True
KYMR,"Kymera Therapeutics, Inc. - Common Stock",118.15,94.2,9824245517.0,100171028,196.6,-9.2,5,8,True,False,False,True,True,True,True,True,True,True,True
CGAU,Centerra Gold Inc. Common Shares,23.44,94.1,4681209924.0,29878734,203.2,-4.4,5,8,True,True,False,True,True,True,True,True,True,True,True
HZO,"MarineMax, Inc.  (FL) Common Stock",52.18,94.1,1152486406.0,26039557,143.6,-0.5,5,8,True,False,False,True,True,True,True,True,True,True,True
FTNT,"Fortinet, Inc. - Common Stock",166.0,94.0,121796466398.0,854272824,125.7,-4.5,4,8,True,False,False,True,True,True,True,True,True,True,True
CXW,"CoreCivic, Inc. Common Stock",33.81,94.0,3343588863.0,45398718,114.8,-3.0,4,8,True,False,False,True,True,True,True,True,True,True,True
PARR,"Par Pacific Holdings, Inc.  Common Stock",78.85,94.0,3950355589.0,71572784,144.6,-9.4,5,8,True,False,False,True,True,True,True,True,True,True,True
AVAH,Aveanna Healthcare Holdings Inc. - Common Stock,13.32,93.9,2906686351.0,30500064,124.6,-4.9,2,6,False,False,False,True,False,True,False,True,True,True,True
INSW,"International Seaways, Inc. Common Stock ",98.81,93.9,4894188840.0,50558207,133.8,-3.5,5,8,True,False,False,True,True,True,True,True,True,True,True
CGEM,"Cullinan Therapeutics, Inc. - Common Stock",21.7,93.8,1396496860.0,15013454,282.0,-6.4,5,8,True,False,False,True,True,True,True,True,True,True,True
EWTX,"Edgewise Therapeutics, Inc. - Common Stock",42.76,93.8,4643912556.0,52316285,212.5,-11.7,5,8,True,False,False,True,True,True,True,True,True,True,True
MRX,Marex Group Limited - Ordinary Shares,72.84,93.8,5399835847.0,52520580,161.0,-3.4,5,8,True,False,False,True,True,True,True,True,True,True,True
GEO,Geo Group Inc (The) REIT,32.28,93.7,4248680172.0,60203185,158.0,-2.6,3,8,True,False,False,True,True,True,True,True,True,True,True
TWLO,Twilio Inc. Class A Common Stock,237.78,93.7,36517115812.0,467106748,141.5,-8.0,5,8,True,False,False,True,True,True,True,True,True,True,True
AUGO,Aura Minerals Inc. - Common Shares,84.53,93.6,7082703020.0,68559565,199.2,-23.4,3,7,False,False,False,True,True,True,False,True,True,True,True
GKOS,Glaukos Corporation Common Stock,179.87,93.6,10609440748.0,132157965,145.9,-6.1,5,8,True,False,False,True,True,True,True,True,True,True,True
MCS,Marcus Corporation (The) Common Stock,29.02,93.6,894749254.0,8439003,125.8,-10.5,5,8,True,False,False,True,True,True,True,True,True,True,True
KFRC,"Kforce, Inc. Common Stock",58.1,93.5,1040512900.0,13813830,137.2,-5.8,4,8,True,False,False,True,True,True,True,True,True,True,True
OSCR,"Oscar Health, Inc. Class A Common Stock",30.47,93.5,9404413150.0,167181100,185.0,-9.2,4,8,True,False,False,True,True,True,True,True,True,True,True
ANF,Abercrombie & Fitch Company Common Stock,148.42,93.4,6594554398.0,172565542,126.8,-4.0,2,6,False,False,False,True,False,True,False,True,True,True,True
ATI,ATI Inc. Common Stock,210.76,93.4,28699269921.0,322397013,183.1,-13.5,5,8,True,False,False,True,True,True,True,True,True,True,True
CUE,"Cue Biopharma, Inc. - Common Stock",27.88,93.3,202531862.0,5024909,459.8,-38.7,3,6,False,False,False,True,True,True,True,False,True,False,True
FROG,JFrog Ltd. - Ordinary shares,98.74,93.3,12174771448.0,243820585,190.0,-6.6,5,8,True,True,False,True,True,True,True,True,True,True,True
IRDM,Iridium Communications Inc - Common Stock,46.6,93.3,4937753848.0,96582315,197.8,-18.5,5,7,False,False,False,True,True,True,True,False,True,True,True
CRWD,"CrowdStrike Holdings, Inc. - Class A Common Stock",218.4,93.2,222387826752.0,1887654520,154.9,-4.7,4,8,True,False,False,True,True,True,True,True,True,True,True
LIND,Lindblad Expeditions Holdings Inc.  - Common Stock,29.59,93.2,1941686598.0,27128830,160.2,-15.5,5,8,True,False,False,True,True,True,True,True,True,True,True
AAMI,Acadian Asset Management Inc. Common Stock,95.76,93.1,3398534657.0,39278607,130.9,-2.6,5,8,True,False,False,True,True,True,True,True,True,True,True
HNGE,"Hinge Health, Inc. Class A Common Stock",87.35,93.1,7048657325.0,163414692,190.4,-8.6,4,8,True,False,False,True,True,True,True,True,True,True,True
NIQ,NIQ Global Intelligence plc Ordinary Shares,19.2,93.1,5663152589.0,21863222,142.1,-2.0,1,6,False,True,False,True,False,True,False,True,True,True,True
TEAM,Atlassian Corporation  - Class A Common Stock,190.415,93.0,48201427458.0,558047069,240.0,-2.3,0,5,False,True,False,True,False,False,False,True,True,True,True
UMAC,"Unusual Machines, Inc. Common Stock",23.98,93.0,1197956990.0,106118452,231.0,-31.3,5,7,False,False,False,True,True,True,True,True,True,False,True
BVS,Bioventus Inc. - Class A Common Stock,13.84,92.9,1163831619.0,9438217,121.3,-12.9,5,8,True,False,False,True,True,True,True,True,True,True,True
UCTT,"Ultra Clean Holdings, Inc. - Common Stock",69.48,92.9,3145847975.0,134785583,223.3,-51.8,5,5,False,False,False,False,True,True,True,False,True,False,True
PACS,"PACS Group, Inc. Common Stock",42.75,92.9,6768847413.0,39592225,470.0,-13.6,5,7,False,False,False,True,True,True,True,False,True,True,True
PTGX,"Protagonist Therapeutics, Inc. - Common Stock",144.33,92.8,9339346774.0,93349025,164.8,-10.2,5,8,True,False,False,True,True,True,True,True,True,True,True
CIEN,Ciena Corporation Common Stock,378.44,92.8,53569287802.0,979246100,320.5,-40.6,5,4,False,False,False,False,True,True,False,False,True,False,True
IMVT,"Immunovant, Inc.  - Common Stock",41.2,92.7,8509970498.0,49946998,184.7,-9.3,5,8,True,False,False,True,True,True,True,True,True,True,True
SEPN,"Septerna, Inc. - Common Stock",38.91,92.7,1816200008.0,18118688,232.6,-23.9,5,8,True,False,False,True,True,True,True,True,True,True,True
NUTX,Nutex Health Inc. - Common Stock,189.25,92.6,1295978890.0,25094633,145.1,-7.2,4,6,False,False,False,True,False,True,False,True,True,True,True
NSP,"Insperity, Inc. Common Stock",53.54,92.6,2044974756.0,29140467,188.3,-6.4,2,6,False,False,False,True,False,True,False,True,True,True,True
SN,"SharkNinja, Inc. Ordinary Shares",191.23,92.6,26938866889.0,267097593,130.1,-1.7,3,8,True,True,False,True,True,True,True,True,True,True,True
CHEF,"The Chefs' Warehouse, Inc. - Common Stock",115.0,92.5,4691549545.0,64886712,116.2,-2.0,4,8,True,False,False,True,True,True,True,True,True,True,True
MTW,"Manitowoc Company, Inc. (The) Common Stock",19.59,92.5,706453973.0,5458437,102.8,-8.2,3,8,True,False,False,True,True,True,True,True,True,True,True
PRCH,"Porch Group, Inc. - Common Stock",17.4,92.4,2293877566.0,26616268,173.6,-10.5,1,8,True,False,False,True,True,True,True,True,True,True,True
VREX,Varex Imaging Corporation - Common Stock,18.5,92.4,778850000.0,13766018,103.5,-0.7,1,6,False,False,False,True,False,True,False,True,True,True,True
CRL,"Charles River Laboratories International, Inc. Common Stock",291.5,92.4,13915881188.0,229308370,102.1,-3.9,5,8,True,False,False,True,True,True,True,True,True,True,True
PTEN,"Patterson-UTI Energy, Inc. - Common Stock",12.43,92.3,4740613984.0,92475978,143.7,-5.0,5,8,True,False,False,True,True,True,True,True,True,True,True
ENVA,"Enova International, Inc. Common Stock",232.72,92.3,5794348899.0,87207828,125.9,-13.0,5,7,False,False,False,True,True,True,True,False,True,True,True
AMPL,"Amplitude, Inc. - Class A Common Stock",14.3,92.2,1786299744.0,22198873,159.5,-3.1,1,6,False,True,False,True,False,True,False,True,True,True,True
SPHR,Sphere Entertainment Co. Class A Common Stock,141.68,92.2,5088239840.0,113499826,228.1,-22.0,5,7,False,False,False,True,True,True,True,False,True,True,True
DAVE,Dave Inc.  - Class A Common Stock,378.55,92.1,4828597175.0,182713392,148.7,-17.4,4,8,True,False,False,True,True,True,True,True,True,True,True
GH,"Guardant Health, Inc. - Common Stock",161.5,92.1,21672681455.0,418283505,202.4,-8.5,5,8,True,False,False,True,True,True,True,True,True,True,True
MYE,"Myers Industries, Inc. Common Stock",32.8,92.1,1233872696.0,15822432,111.1,-12.4,5,8,True,False,False,True,True,True,True,True,True,True,True
ECPG,Encore Capital Group Inc - Common Stock,98.94,92.0,2098454672.0,33766858,147.7,-5.8,5,8,True,False,False,True,True,True,True,True,True,True,True
FRO,Frontline Plc Ordinary Shares,44.19,92.0,9837705465.0,97316177,117.6,-2.4,5,8,True,True,False,True,True,True,True,True,True,True,True
TER,"Teradyne, Inc. - Common Stock",354.97,91.9,55496276028.0,1591630502,224.0,-27.2,5,6,False,False,False,True,True,True,True,False,True,False,True
OII,"Oceaneering International, Inc. Common Stock",50.59,91.9,5035204741.0,52118119,129.7,-6.7,5,8,True,False,False,True,True,True,True,True,True,True,True
VSTS,Vestis Corporation Common Stock,12.48,91.9,1649358110.0,19665212,213.6,-26.2,5,6,False,False,False,True,True,True,True,False,True,False,True
TGTX,"TG Therapeutics, Inc. - Common Stock",53.93,91.8,8255014028.0,129505588,101.5,-9.1,4,8,True,False,False,True,True,True,True,True,True,True,True
VCTR,"Victory Capital Holdings, Inc. - Common Stock",118.31,91.8,7277197463.0,55950664,107.5,-4.2,5,8,True,True,False,True,True,True,True,True,True,True,True
QLYS,"Qualys, Inc. - Common Stock",187.05,91.7,6470994937.0,121193428,151.0,-7.2,2,6,False,False,False,True,False,True,False,True,True,True,True
CMBT,CMB.TECH NV Ordinary Shares,18.35,91.7,5798189822.0,15957208,129.7,-2.6,5,8,True,True,False,True,True,True,True,True,True,True,True
PSX,Phillips 66 Common Stock,244.01,91.7,97365093713.0,564081776,92.5,-1.2,5,8,True,False,False,True,True,True,True,True,True,True,True
GHRS,GH Research PLC - Ordinary Shares,27.94,91.6,1915487442.0,8375691,136.2,-11.1,5,8,True,False,False,True,True,True,True,True,True,True,True
RHI,Robert Half Inc. Common Stock,45.31,91.6,4638014427.0,89520278,107.6,-3.0,2,8,True,False,False,True,True,True,True,True,True,True,True
DCTH,"Delcath Systems, Inc. - Common Stock",16.34,91.5,566978310.0,8034306,101.2,-6.2,3,8,True,False,False,True,True,True,True,True,True,True,True
OOMA,"Ooma, Inc. Common Stock",22.91,91.5,630025000.0,8185316,133.9,-12.5,5,8,True,False,False,True,True,True,True,True,True,True,True
FDMT,"4D Molecular Therapeutics, Inc. - Common Stock",14.67,91.4,810432575.0,12571388,145.7,-13.3,5,8,True,False,False,True,True,True,True,True,True,True,True
KELYA,"Kelly Services, Inc. - Class A Common Stock",17.28,91.4,600167975.0,5553955,116.5,-2.6,2,8,True,False,False,True,True,True,True,True,True,True,True
LRCX,Lam Research Corporation - Common Stock,301.9,91.4,377773809900.0,3831982470,220.8,-31.2,5,6,False,False,False,True,True,True,True,False,True,False,True
MGTX,MeiraGTx Holdings plc - Ordinary Shares,13.82,91.3,1327314205.0,11500105,108.8,-10.0,5,8,True,False,False,True,True,True,True,True,True,True,True
VIAV,Viavi Solutions Inc. - Common Stock,36.54,91.3,9016238715.0,275387036,229.5,-39.5,5,5,False,False,False,False,True,True,True,False,True,False,True
BJRI,"BJ's Restaurants, Inc. - Common Stock",65.12,91.2,1385347577.0,34510839,128.8,-12.7,4,8,True,False,False,True,True,True,True,True,True,True,True
CGON,"CG Oncology, Inc. - Common stock",74.34,91.2,6589525478.0,72392253,183.5,-8.2,5,8,True,False,False,True,True,True,True,True,True,True,True
UTZ,Utz Brands Inc Class A Common Stock ,14.2,91.2,2044263425.0,51976549,109.4,-0.5,1,6,False,False,False,True,False,True,False,True,True,True,True
ADPT,Adaptive Biotechnologies Corporation - Common Stock,25.19,91.1,4020219260.0,60592073,109.9,-6.3,5,8,True,False,False,True,True,True,True,True,True,True,True
ILMN,"Illumina, Inc. - Common Stock",215.59,91.1,32554090000.0,383662946,145.0,-7.0,5,8,True,False,False,True,True,True,True,True,True,True,True
IMNM,"Immunome, Inc. - Common Stock",27.57,91.0,3131335232.0,32956618,218.2,-8.3,5,8,True,False,False,True,True,True,True,True,True,True,True
ROIV,Roivant Sciences Ltd. - Common Shares,34.71,91.0,25071831851.0,202790247,192.9,-8.6,5,7,False,False,False,True,True,True,True,False,True,True,True
WT,"WisdomTree, Inc. Common Stock",24.43,91.0,3701440872.0,55602263,128.5,-5.6,5,8,True,True,False,True,True,True,True,True,True,True,True
FORM,"FormFactor, Inc. - Common Stock",101.695,90.9,7944487129.0,192319599,265.7,-36.5,5,5,False,False,False,False,True,True,True,False,True,False,True
MATX,"Matson, Inc. Common Stock",224.31,90.9,6707644664.0,64395757,157.9,-2.8,5,8,True,False,False,True,True,True,True,True,True,True,True
AMAT,"Applied Materials, Inc. - Common Stock",461.67,90.8,366380131510.0,5338393449,198.9,-37.6,5,6,False,False,False,True,True,True,True,False,True,False,True
CHYM,"Chime Financial, Inc. - Class A Common Stock",33.2,90.8,12569025685.0,197140449,109.1,-2.8,1,6,False,True,False,True,False,True,False,True,True,True,True
HTFL,"Heartflow, Inc. - Common Stock",47.78,90.7,4154644298.0,68134314,137.4,-6.7,1,6,False,False,False,True,False,True,False,True,True,True,True
PESI,"Perma-Fix Environmental Services, Inc. - Common Stock",18.12,90.7,384476520.0,8172224,125.9,-15.0,2,8,True,False,False,True,True,True,True,True,True,True,True
ERO,Ero Copper Corp. Common Shares,38.83,90.7,4049113497.0,40049902,179.2,-4.9,5,8,True,False,False,True,True,True,True,True,True,True,True
CBRL,"Cracker Barrel Old Country Store, Inc. - Common Stock",55.66,90.6,1244082264.0,49298434,124.0,-10.7,2,8,True,False,False,True,True,True,True,True,True,True,True
TRLV,Trulieve Cannabis Corp. Subordinate Voting Shares,11.82,90.6,2276121870.0,11083032,156.1,-11.0,5,8,True,False,False,True,True,True,True,True,True,True,True
ACMR,"ACM Research, Inc. - Class A Common Stock",74.42,90.5,5183293166.0,117402783,185.1,-41.5,5,6,False,False,False,True,True,True,True,False,True,False,True
VOR,Vor Biopharma Inc. - Common Stock,22.65,90.5,1340025959.0,23782302,248.5,-54.7,0,6,False,False,False,True,True,False,True,True,True,False,True
WTTR,"Select Water Solutions, Inc. Class A common stock",19.28,90.5,2669910460.0,36451663,135.6,-14.5,5,7,False,False,False,True,True,True,True,False,True,True,True
MSBI,"Midland States Bancorp, Inc. - Common Stock",33.0,90.4,684819696.0,6114553,131.7,-6.0,5,8,True,False,False,True,True,True,True,True,True,True,True
PLPC,Preformed Line Products Company - Common Stock,404.05,90.4,1975279639.0,39497299,119.6,-19.9,5,8,True,False,False,True,True,True,True,True,True,True,True
XMTR,"Xometry, Inc. - Class A Common Stock",94.11,90.3,5394721455.0,69337024,162.4,-11.3,5,8,True,False,False,True,True,True,True,True,True,True,True
HAE,Haemonetics Corporation Common Stock,103.96,90.3,4729873422.0,66142952,119.7,-5.1,3,6,False,False,False,True,False,True,False,True,True,True,True
VAC,Marriott Vacations Worldwide Corporation Common Stock,110.09,90.3,3786580779.0,50699771,146.9,-16.2,3,8,True,False,False,True,True,True,True,True,True,True,True
NTRA,"Natera, Inc. - Common Stock",326.26,90.2,47028476904.0,413267098,107.2,-4.9,5,8,True,False,False,True,True,True,True,True,True,True,True
PVLA,"Palvella Therapeutics, Inc. - Common Stock",149.97,90.2,2160828798.0,35203804,201.1,-7.1,5,8,True,False,False,True,True,True,True,True,True,True,True
AMN,AMN Healthcare Services Inc,34.62,90.1,1340832288.0,26629224,131.3,-7.0,4,8,True,False,False,True,True,True,True,True,True,True,True
PAYC,"Paycom Software, Inc. Common Stock",238.53,90.1,10750933280.0,156688371,127.4,-1.6,1,6,False,True,False,True,False,True,False,True,True,True,True
DGII,Digi International Inc. - Common Stock,75.77,90.0,2875329280.0,29797395,126.8,-12.7,5,8,True,False,False,True,True,True,True,True,True,True,True
VICR,Vicor Corporation - Common Stock,187.75,90.0,8656538933.0,230041832,294.8,-50.9,5,5,False,False,False,False,True,True,True,False,True,False,True
ONTO,Onto Innovation Inc. Common Stock,270.79,90.0,13288815345.0,382302061,168.1,-29.9,5,6,False,False,False,True,True,True,True,False,True,False,True
ATRO,Astronics Corporation - Common Stock,75.71,89.9,3256216235.0,54252938,166.6,-19.8,5,7,False,False,False,True,True,True,True,False,True,True,True
NSIT,"Insight Enterprises, Inc. - Common Stock",155.65,89.9,4568148503.0,54145704,144.7,-1.8,2,8,True,True,False,True,True,True,True,True,True,True,True
COHU,"Cohu, Inc. - Common Stock",48.0,89.8,2272244784.0,64849006,157.1,-35.7,5,6,False,False,False,True,True,True,True,False,True,False,True
EAT,"Brinker International, Inc. Common Stock",230.19,89.8,9613887652.0,214814365,129.5,-9.7,2,8,True,False,False,True,True,True,True,True,True,True,True
VIRT,"Virtu Financial, Inc. Class A Common Stock",66.39,89.8,10303743071.0,85104080,110.4,-3.4,5,8,True,True,False,True,True,True,True,True,True,True,True
HUT,Hut 8 Corp. - Common Stock,79.42,89.7,9789266949.0,465270764,228.2,-43.6,5,5,False,False,False,False,True,True,True,False,True,False,True
LPG,Dorian LPG Ltd. Common Stock,49.78,89.7,2129721860.0,28319949,109.5,-4.5,5,8,True,False,False,True,True,True,True,True,True,True,True
FIVN,"Five9, Inc. - Common Stock",34.05,89.6,2544336231.0,75122374,156.2,-3.2,1,8,True,True,False,True,True,True,True,True,True,True,True
NGNE,Neurogene Inc. - Common Stock,36.58,89.6,732016354.0,9067704,129.6,-16.2,5,8,True,False,False,True,True,True,True,True,True,True,True
FTRE,Fortrea Holdings Inc. - Common Stock,18.81,89.5,1788831000.0,26988628,126.5,-12.1,5,6,False,False,False,True,False,True,False,True,True,True,True
MTRN,Materion Corporation,237.74,89.5,4953009782.0,98465972,120.7,-21.9,5,7,False,False,False,True,True,True,True,False,True,True,True
PATH,"UiPath, Inc. Class A Common Stock",18.15,89.5,9403882828.0,952572903,97.3,-8.5,0,5,False,False,False,True,False,False,False,True,True,True,True
ALAB,"Astera Labs, Inc. - Common Stock",289.47,89.4,50218733055.0,1742708852,195.7,-42.0,5,6,False,False,False,True,True,True,True,False,True,False,True
RELY,"Remitly Global, Inc. - Common stock",26.55,89.4,5620211634.0,79213194,119.8,-2.2,4,8,True,False,False,True,True,True,True,True,True,True,True
ZD,"Ziff Davis, Inc. - Common Stock",55.82,89.3,1913911951.0,33943288,148.6,-3.9,5,8,True,False,False,True,True,True,True,True,True,True,True
RCUS,"Arcus Biosciences, Inc. Common Stock",29.21,89.3,3719407913.0,38426332,181.0,-8.0,5,8,True,False,False,True,True,True,True,True,True,True,True
TGT,Target Corporation Common Stock,163.18,89.3,74114905656.0,660316376,95.6,-4.4,5,8,True,False,False,True,True,True,True,True,True,True,True
BWLP,BW LPG Limited Common Shares,23.94,89.2,3813211080.0,7552747,104.3,-6.0,5,8,True,False,False,True,True,True,True,True,True,True,True
ZETA,Zeta Global Holdings Corp. Class A Common Stock,30.54,89.2,7665955497.0,206601352,112.6,-1.0,5,8,True,True,False,True,True,True,True,True,True,True,True
APPN,Appian Corporation - Class A Common Stock,42.51,89.1,3044889148.0,24545556,128.2,-7.7,1,6,False,False,False,True,False,True,False,True,True,True,True
JBIO,"Jade Biosciences, Inc. - Common Stock",20.84,89.1,1325369545.0,21251627,201.6,-25.6,5,6,False,False,False,True,True,True,True,False,True,False,True
NEXA,Nexa Resources S.A. Common Shares,13.35,89.1,1768060650.0,9752100,178.6,-21.0,5,7,False,False,False,True,True,True,True,False,True,True,True
CTRN,"Citi Trends, Inc. - Common Stock",67.25,89.0,560182278.0,12112855,127.2,-13.7,5,8,True,False,False,True,True,True,True,True,True,True,True
INTA,"Intapp, Inc. - Common Stock",43.47,89.0,3325939604.0,24397955,128.7,-9.3,1,6,False,False,False,True,False,True,False,True,True,True,True
ESTC,Elastic N.V. Ordinary Shares,99.91,88.9,10385807653.0,162269816,137.6,-7.5,0,5,False,True,False,True,False,False,False,True,True,True,True
FTK,"Flotek Industries, Inc. Common Stock",23.93,88.9,866754866.0,14464218,118.5,-39.7,5,6,False,False,False,True,True,True,True,False,True,False,True
ATRC,"AtriCure, Inc. - Common Stock",48.54,88.8,2469049911.0,33829348,91.4,-2.9,1,6,False,True,False,True,False,True,False,True,True,True,True
NEOG,Neogen Corporation - Common Stock,11.66,88.8,2543116018.0,21248869,138.0,-9.3,5,8,True,False,False,True,True,True,True,True,True,True,True
DCO,Ducommun Incorporated Common Stock,176.3,88.8,2662091038.0,51508249,108.0,-16.2,5,7,False,False,False,True,True,True,True,False,True,True,True
SGMT,Sagimet Biosciences Inc. - Series A Common Stock,10.55,88.7,649786727.0,11038722,134.4,-5.4,2,8,True,False,False,True,True,True,True,True,True,True,True
EPC,Edgewell Personal Care Company Common Stock,29.05,88.7,1338882981.0,21935492,84.7,-3.0,2,8,True,False,False,True,True,True,True,True,True,True,True
GCT,GigaCloud Technology Inc - Class A Ordinary Shares,52.95,88.6,1890857049.0,27462107,110.5,-5.9,5,8,True,False,False,True,True,True,True,True,True,True,True
SENEA,Seneca Foods Corp. - Class A Common Stock,199.84,88.6,1353008127.0,19364274,100.7,-1.0,5,8,True,True,False,True,True,True,True,True,True,True,True
COHR,Coherent Corp. Common Stock,279.2,88.6,54676363083.0,1985033532,224.9,-36.5,5,5,False,False,False,False,True,True,True,False,True,False,True
HALO,"Halozyme Therapeutics, Inc. - Common Stock",105.35,88.5,11957014300.0,184334719,72.1,-3.9,2,8,True,False,False,True,True,True,True,True,True,True,True
MGNI,"Magnite, Inc. - Common Stock",23.7,88.5,3399152521.0,57732941,119.0,-11.1,1,8,True,False,False,True,True,True,True,True,True,True,True
APA,APA Corporation - Common Stock,42.54,88.4,14903953235.0,209064467,97.2,-6.8,5,8,True,False,False,True,True,True,True,True,True,True,True
KRYS,"Krystal Biotech, Inc. - Common Stock",351.46,88.4,10402806901.0,150780191,157.0,-8.1,5,8,True,False,False,True,True,True,True,True,True,True,True
SVM,Silvercorp Metals Inc. Common Shares,12.77,88.4,2821032333.0,32074319,178.8,-19.0,5,7,False,False,False,True,True,True,False,True,True,True,True
HUM,Humana Inc. Common Stock,385.54,88.3,46295761946.0,531749614,136.4,-10.1,4,8,True,False,False,True,True,True,True,True,True,True,True
WNC,Wabash National Corporation Common Stock,13.33,88.3,543026516.0,15020865,101.1,-6.9,2,8,True,False,False,True,True,True,True,True,True,True,True
MRAM,"Everspin Technologies, Inc. - Common Stock",16.55,88.2,402992649.0,27127751,166.9,-67.9,5,5,False,False,False,False,True,True,True,False,True,False,True
NBR,Nabors Industries Ltd.,91.71,88.2,1463813299.0,22221628,164.3,-18.8,5,7,False,False,False,True,True,True,False,True,True,True,True
GSAT,"Globalstar, Inc. - Common Stock",81.76,88.1,10593102766.0,87828707,195.8,-3.6,5,8,True,False,False,True,True,True,True,True,True,True,True
TIGO,Millicom International Cellular S.A. - Common Stock,93.38,88.1,15644962612.0,135356562,108.1,-12.8,5,7,False,False,False,True,True,True,True,False,True,True,True
CNC,Centene Corporation Common Stock,64.75,88.1,31986176250.0,303827348,129.3,-6.6,4,7,False,False,False,True,True,True,True,False,True,True,True
ALNT,Allient Inc. - Common Stock,92.86,88.0,1578853171.0,27064790,122.4,-21.7,5,7,False,False,False,True,True,True,True,False,True,True,True
OPY,"Oppenheimer Holdings, Inc. Class A Common Stock (DE)",119.01,88.0,1274359675.0,14156316,86.5,-3.8,5,8,True,True,False,True,True,True,True,True,True,True,True
CRSR,"Corsair Gaming, Inc. - Common Stock",12.0,87.9,1298123508.0,20860389,167.9,-19.9,3,8,True,False,False,True,True,True,True,True,True,True,True
CYRX,"CryoPort, Inc. - Common Stock",16.09,87.9,814944019.0,10395973,111.4,-6.5,5,8,True,False,False,True,True,True,True,True,True,True,True
SNOW,Snowflake Inc. Common Stock,328.0,87.9,113684800000.0,1451839881,177.3,-4.1,3,6,False,False,False,True,False,True,False,True,True,True,True
NTAP,"NetApp, Inc. - Common Stock",187.02,87.8,36699732240.0,466797267,99.6,-10.5,4,8,True,False,False,True,True,True,True,True,True,True,True
CVE,Cenovus Energy Inc Common Stock,31.58,87.8,59212500000.0,206104114,102.0,-5.4,5,8,True,False,False,True,True,True,True,True,True,True,True
BTSG,"BrightSpring Health Services, Inc. - Common Stock",59.13,87.7,11699712570.0,247820361,158.7,-19.8,5,7,False,False,False,True,True,True,True,False,True,True,True
CRDO,Credo Technology Group Holding Ltd - Ordinary Shares,232.75,87.7,43741793512.0,1562666201,169.1,-24.6,5,7,False,False,False,True,True,True,True,False,True,True,True
NHC,National HealthCare Corporation Common Stock,222.7,87.7,3487792667.0,28723909,100.4,-6.9,5,8,True,False,False,True,True,True,True,True,True,True,True
SMTI,Sanara MedTech Inc. - Common Stock,34.57,87.6,317630370.0,8290358,115.4,-3.8,1,8,True,False,False,True,True,True,True,True,True,True,True
STT,State Street Corporation Common Stock,193.33,87.6,53108092227.0,384914659,84.8,-1.3,5,8,True,False,False,True,True,True,True,True,True,True,True
MITK,"Mitek Systems, Inc. - Common Stock",18.85,87.5,850556750.0,16337527,121.0,-10.5,5,8,True,False,False,True,True,True,True,True,True,True,True
HBM,Hudbay Minerals Inc. Ordinary Shares (Canada),29.29,87.5,13009000020.0,120526809,153.4,-8.9,5,8,True,False,False,True,True,True,True,True,True,True,True
ENLT,Enlight Renewable Energy Ltd. - Ordinary Shares,77.54,87.4,10812492412.0,19183825,187.0,-28.6,5,5,False,False,False,False,True,True,True,False,True,False,True
EQNR,Equinor ASA,41.39,87.4,103486217932.0,127817161,85.9,-4.8,5,8,True,False,False,True,True,True,True,True,True,True,True
SM,SM Energy Company Common Stock,36.62,87.4,8710215970.0,117370255,109.9,-4.3,5,8,True,False,False,True,True,True,True,True,True,True,True
DXPE,"DXP Enterprises, Inc. - Common Stock",185.92,87.3,2884948156.0,26914805,121.2,-10.6,5,8,True,False,False,True,True,True,True,True,True,True,True
FIGS,"FIGS, Inc. Class A Common Stock",15.42,87.3,2561882532.0,36828386,137.4,-11.8,5,7,False,False,False,True,True,True,False,True,True,True,True
AMCX,AMC Global Media Inc. - Class A Common Stock,12.66,87.2,522224633.0,7032731,95.7,-2.1,5,8,True,False,False,True,True,True,True,True,True,True,True
CBL,"CBL & Associates Properties, Inc. Common Stock",55.04,87.2,1703089345.0,15994817,96.3,-8.9,5,7,False,False,False,True,True,True,True,False,True,True,True
LTH,"Life Time Group Holdings, Inc. Common Stock",43.51,87.2,9722829357.0,130149520,80.2,-7.9,4,8,True,False,False,True,True,True,True,True,True,True,True
NWPX,"NWPX Infrastructure, Inc. - Common Stock",112.03,87.1,1079655740.0,26156096,127.5,-26.3,5,6,False,False,False,True,True,True,True,False,True,False,True
MT,Arcelor Mittal NY Registry Shares NEW,74.39,87.1,56620149675.0,105674899,133.0,-2.0,5,8,True,False,False,True,True,True,True,True,True,True,True
MLAB,"Mesa Laboratories, Inc. - Common Stock",129.09,87.0,722370729.0,18145720,119.4,-0.4,4,8,True,True,False,True,True,True,True,True,True,True,True
TRVI,"Trevi Therapeutics, Inc. - Common Stock",16.79,87.0,2392169370.0,42288671,142.3,-17.0,5,7,False,False,False,True,True,True,True,False,True,True,True
ARCB,ArcBest Corporation - Common Stock,136.54,86.9,3051853875.0,54964016,129.7,-22.7,5,7,False,False,False,True,True,True,True,False,True,True,True
SEZL,Sezzle Inc. - Common Stock,124.12,86.9,4179742738.0,106319962,150.7,-36.6,3,6,False,False,False,True,True,True,True,False,True,False,True
TEN,Tsakos Energy Navigation Ltd Common Shares,42.52,86.9,1281025680.0,9373453,107.4,-7.3,5,8,True,False,False,True,True,True,True,True,True,True,True
ROKU,"Roku, Inc. - Class A Common Stock",157.675,86.8,23401960937.0,518855416,100.8,-1.4,5,8,True,False,False,True,True,True,True,True,True,True,True
TBBB,BBB Foods Inc. Class A Common Shares,48.99,86.8,5773821730.0,30107651,105.8,-5.1,5,8,True,False,False,True,True,True,True,True,True,True,True
DDOG,"Datadog, Inc. - Class A Common Stock",236.98,86.7,85093599188.0,1161957994,141.8,-19.0,4,7,False,False,False,True,True,True,True,False,True,True,True
CON,"Concentra Group Holdings Parent, Inc. Common Stock",34.26,86.7,4368757635.0,30994568,84.7,-4.6,5,8,True,False,False,True,True,True,True,True,True,True,True
DHT,"DHT Holdings, Inc.",19.66,86.7,3166078583.0,62686575,81.5,-4.7,5,8,True,False,False,True,True,True,True,True,True,True,True
OBE,Obsidian Energy Ltd. Common Shares,11.38,86.6,759336987.0,7824364,109.2,-22.0,5,7,False,False,False,True,True,True,False,True,True,True,True
U,Unity Software Inc. Common Stock,43.31,86.6,19060251688.0,351484076,158.1,-17.0,1,6,False,False,False,True,False,True,False,True,True,True,True
EXPE,"Expedia Group, Inc. - Common Stock",329.44,86.5,37719526331.0,454060695,77.7,-3.7,5,6,False,False,False,True,False,True,False,True,True,True,True
SSRM,SSR Mining Inc. - Common Stock,37.29,86.5,7603778244.0,95963483,105.8,-5.4,5,8,True,False,False,True,True,True,True,True,True,True,True
OGN,Organon & Co. Common Stock ,13.76,86.5,3613505798.0,36432555,141.8,-0.1,4,8,True,True,False,True,True,True,True,True,True,True,True
ABNB,"Airbnb, Inc. - Class A Common Stock",189.43,86.4,113427971741.0,723242399,71.0,-2.1,4,8,True,False,False,True,True,True,True,True,True,True,True
QNST,"QuinStreet, Inc. - Common Stock",19.18,86.4,1094917325.0,15628345,86.4,-14.0,2,6,False,False,False,True,False,True,False,True,True,True,True
GSHD,"Goosehead Insurance, Inc. - Class A Common Stock",71.26,86.3,2530863390.0,30651847,111.6,-18.5,0,5,False,False,False,True,False,False,False,True,True,True,True
TENB,"Tenable Holdings, Inc. - Common Stock",37.67,86.3,4148973160.0,138035035,139.5,-13.7,2,8,True,False,False,True,True,True,True,True,True,True,True
CBLL,"CeriBell, Inc. - Common Stock",23.73,86.2,910712337.0,8286241,118.7,-6.3,5,6,False,False,False,True,False,True,False,True,True,True,True
SMTC,Semtech Corporation - Common Stock,131.17,86.2,12241522362.0,490567579,137.7,-26.0,5,6,False,False,False,True,True,True,True,False,True,False,True
VSAT,"ViaSat, Inc. - Common Stock",67.37,86.2,9280608920.0,180142393,158.1,-27.6,5,6,False,False,False,True,True,True,True,False,True,False,True
SITM,SiTime Corporation - Common Stock,557.86,86.1,16775428143.0,338766520,151.2,-38.1,5,6,False,False,False,True,True,True,True,False,True,False,True
HP,"Helmerich & Payne, Inc. Common Stock",42.55,86.1,4252402110.0,47350426,118.4,-5.4,5,8,True,False,False,True,True,True,True,True,True,True,True
DYN,"Dyne Therapeutics, Inc. - Common Stock",25.07,86.0,4681733025.0,55751223,110.3,-8.2,5,8,True,False,False,True,True,True,True,True,True,True,True
SAFT,"Safety Insurance Group, Inc. - Common Stock",103.64,86.0,1521485154.0,22573893,54.6,-0.2,4,8,True,True,False,True,True,True,True,True,True,True,True
ZBIO,"Zenas BioPharma, Inc. - Common Stock",31.27,86.0,2038076128.0,26461107,131.6,-29.9,5,5,False,False,False,True,False,True,False,True,True,False,True
CLBK,"Columbia Financial, Inc. - Common Stock",11.56,85.9,1202788742.0,63333907,86.2,-3.7,5,8,True,False,False,True,True,True,True,True,True,True,True
FA,First Advantage Corporation - Common Stock,21.04,85.9,3613697659.0,43750445,138.5,-16.3,2,8,True,False,False,True,True,True,True,True,True,True,True
CRVS,"Corvus Pharmaceuticals, Inc. - Common Stock",14.16,85.8,1191152567.0,14941144,168.2,-47.5,5,4,False,False,False,False,True,True,False,False,True,False,True
KARO,Karooooo Ltd. - Ordinary shares,67.2,85.8,2076029760.0,7037238,62.9,-2.3,2,8,True,True,False,True,True,True,True,True,True,True,True
WLY,"John Wiley & Sons, Inc. Common Stock",53.71,85.8,2726512419.0,26305095,89.3,-6.5,4,8,True,False,False,True,True,True,True,True,True,True,True
BLMN,"Bloomin' Brands, Inc. - Common Stock",10.58,85.7,905869302.0,20374556,103.9,-16.2,3,8,True,False,False,True,True,True,True,True,True,True,True
FCUV,Focus Universal Inc. - Common Stock,10.44,85.7,7336658.0,37134321,483.2,-95.0,0,3,False,False,False,False,False,False,False,True,True,False,True
AMRX,"Amneal Pharmaceuticals, Inc. - Class A Common Stock",17.54,85.6,6109112138.0,34667600,89.2,-8.9,5,7,False,False,False,True,True,True,True,False,True,True,True
VIR,"Vir Biotechnology, Inc. - Common Stock",10.83,85.6,1832608825.0,18388514,128.0,-7.1,5,8,True,False,False,True,True,True,True,True,True,True,True
BLFS,"BioLife Solutions, Inc. - Common Stock",36.38,85.5,1779225892.0,37084159,103.7,-4.5,4,8,True,False,False,True,True,True,True,True,True,True,True
FLEX,Flex Ltd. - Ordinary Shares,110.5,85.5,40819029069.0,819546893,113.5,-33.8,5,6,False,False,False,True,True,True,True,False,True,False,True
NET,"Cloudflare, Inc. Class A Common Stock",299.84,85.5,106766941746.0,976564113,88.8,-9.7,5,8,True,False,False,True,True,True,True,True,True,True,True
ASML,ASML Holding N.V. - New York Registry Shares,1696.16,85.4,653730026666.0,3093684935,136.8,-15.2,5,7,False,False,False,True,True,True,True,False,True,True,True
VIA,"Via Transportation, Inc. Class A Common Stock",28.57,85.4,2328615363.0,19367101,120.6,-49.3,0,4,False,False,False,True,False,False,False,True,True,False,True
CARE,"Carter Bankshares, Inc. - Common Stock",31.47,85.3,697498909.0,13748768,87.5,-12.7,5,7,False,False,False,True,True,True,True,False,True,True,True
SXC,"SunCoke Energy, Inc. Common Stock",10.16,85.3,862328476.0,13607796,84.1,-1.9,3,8,True,True,False,True,True,True,True,True,True,True,True
TNET,"TriNet Group, Inc. Common Stock",70.27,85.3,3225725939.0,23427035,109.1,-3.8,1,6,False,False,False,True,False,True,False,True,True,True,True
AMBQ,"Ambiq Micro, Inc. Common Stock",57.34,85.2,1386741294.0,43846161,159.2,-37.4,3,6,False,False,False,True,True,True,True,False,True,False,True
ARIS,Aris Mining Corporation Common Shares,20.27,85.2,4183728000.0,25244672,152.4,-13.0,5,7,False,False,False,True,True,True,False,True,True,True,True
ITGR,Integer Holdings Corporation Common Stock,125.33,85.1,4260223376.0,115378004,102.1,-0.6,1,8,True,False,False,True,True,True,True,True,True,True,True
SKM,"SK Telecom Co., Ltd. Common Stock",39.34,85.1,15090037200.0,80823520,100.1,-16.6,5,8,True,False,False,True,True,True,True,True,True,True,True
VSH,"Vishay Intertechnology, Inc. Common Stock",30.56,85.1,4687267344.0,252941508,159.6,-56.0,5,5,False,False,False,False,True,True,True,False,True,False,True
EZPW,"EZCORP, Inc. - Class A Non-Voting Common Stock",33.0,85.0,2027631441.0,35406109,102.3,-11.1,5,8,True,False,False,True,True,True,True,True,True,True,True
AVTR,"Avantor, Inc. Common Stock",14.58,85.0,9861311887.0,115917640,100.7,-8.5,1,6,False,False,False,True,False,True,False,True,True,True,True
FTI,TechnipFMC plc Ordinary Share,75.84,84.9,29741747186.0,267474140,114.9,-5.8,5,8,True,False,False,True,True,True,True,True,True,True,True
PEB,Pebblebrook Hotel Trust Common Shares of Beneficial Interest,18.49,84.9,2086461819.0,42945543,85.1,-7.2,5,7,False,False,False,True,True,True,True,False,True,True,True
CBZ,"CBIZ, Inc. Common Stock",54.51,84.8,2957924044.0,66871926,124.4,-17.2,1,6,False,False,False,True,False,True,False,True,True,True,True
EGO,Eldorado Gold Corporation Ordinary Shares,45.48,84.8,,93755305,91.0,-11.1,5,7,False,False,False,True,True,True,False,True,True,True,True
ELF,"e.l.f. Beauty, Inc. Common Stock",104.1,84.8,6142732384.0,212877636,113.2,-31.1,0,4,False,False,False,True,False,False,False,True,True,False,True
PK,Park Hotels & Resorts Inc. Common Stock ,15.83,84.7,3187185764.0,69447758,60.9,-2.3,5,8,True,False,False,True,True,True,True,True,True,True,True
TNK,Teekay Tankers Ltd.,88.7,84.7,3072910205.0,31625922,88.0,-6.1,5,8,True,False,False,True,True,True,True,True,True,True,True
ASYS,"Amtech Systems, Inc. - Common Stock",15.06,84.6,263672001.0,8041664,167.5,-41.4,5,5,False,False,False,False,True,True,True,False,True,False,True
BFH,"Bread Financial Holdings, Inc. Common Stock",105.74,84.6,4062453398.0,62470360,96.4,-7.7,5,8,True,False,False,True,True,True,True,True,True,True,True
FCX,"Freeport-McMoRan, Inc. Common Stock",76.45,84.6,109783539633.0,991253092,117.5,-4.7,5,8,True,False,False,True,True,True,True,True,True,True,True
PDFS,"PDF Solutions, Inc. - Common Stock",44.81,84.5,1892201549.0,34391844,136.7,-37.5,5,6,False,False,False,True,True,True,True,False,True,False,True
VELO,"Velo3D, Inc. - Common stock",11.87,84.5,381610031.0,35219944,313.6,-62.6,5,4,False,False,False,False,True,True,False,False,True,False,True
RDVT,"Red Violet, Inc. - Common Stock ",73.3,84.4,1176243268.0,15735556,119.5,-2.0,3,6,False,True,False,True,False,True,False,True,True,True,True
DAR,Darling Ingredients Inc. Common Stock,64.32,84.4,10149883557.0,152018993,120.7,-8.1,5,8,True,False,False,True,True,True,True,True,True,True,True
SCCO,Southern Copper Corporation Common Stock,209.8,84.4,175042791919.0,225091472,131.6,-5.4,5,8,True,False,False,True,True,True,True,True,True,True,True
ALKS,Alkermes plc - Ordinary Shares,47.41,84.3,7953656726.0,101597716,88.4,-14.8,5,7,False,False,False,True,True,True,True,False,True,True,True
MOV,Movado Group Inc. Common Stock,34.48,84.3,769326208.0,8085223,105.9,-14.9,5,7,False,False,False,True,True,True,True,False,True,True,True
UFCS,"United Fire Group, Inc - Common Stock",53.98,84.2,1387579597.0,8387988,81.5,-3.3,5,8,True,False,False,True,True,True,True,True,True,True,True
ETSY,"Etsy, Inc. Common Stock",83.59,84.2,7672036315.0,237805304,90.0,-5.0,4,8,True,False,False,True,True,True,True,True,True,True,True
STRO,"Sutro Biopharma, Inc. - Common Stock",20.45,84.1,339084947.0,9453855,186.0,-53.4,5,4,False,False,False,False,True,True,False,False,True,False,True
ZBRA,Zebra Technologies Corporation - Class A Common Stock,356.45,84.1,16863884757.0,238806924,79.1,-7.7,1,8,True,False,False,True,True,True,True,True,True,True,True
WHD,"Cactus, Inc. Class A Common Stock",69.65,84.1,5584496394.0,50019347,109.8,-6.0,5,8,True,False,False,True,True,True,True,True,True,True,True
MSGE,Madison Square Garden Entertainment Corp. Class A Common Stock,78.3,84.0,3703999822.0,34330114,99.2,-13.4,5,8,True,False,False,True,True,True,True,True,True,True,True
TECK,Teck Resources Ltd Ordinary Shares,69.34,84.0,33944899832.0,198450833,118.9,-3.6,5,8,True,False,False,True,True,True,True,True,True,True,True
BRZE,"Braze, Inc. - Class A Common Stock",34.53,83.9,4232680459.0,63916061,126.3,-7.5,1,6,False,False,False,True,False,True,False,True,True,True,True
HRTG,"Heritage Insurance Holdings, Inc. Common Stock",33.86,83.9,1006739606.0,10304764,65.3,-7.2,5,6,False,False,False,True,False,True,False,True,True,True,True
RLJ,RLJ Lodging Trust Common Shares of Beneficial Interest $0.01 par value,11.46,83.9,1746227493.0,22286241,75.2,-11.1,5,7,False,False,False,True,True,True,True,False,True,True,True
ANGO,"AngioDynamics, Inc. - Common Stock",15.85,83.8,655118366.0,6793839,68.8,-2.7,5,6,False,False,False,True,False,True,False,True,True,True,True
HL,Hecla Mining Company Common Stock,20.38,83.8,13690640624.0,645261664,154.1,-40.4,5,5,False,False,False,True,False,True,False,True,True,False,True
CLDX,"Celldex Therapeutics, Inc. - Common Stock",39.12,83.7,3072075292.0,40712676,80.2,-13.3,5,8,True,False,False,True,True,True,True,True,True,True,True
ODC,Oil-Dri Corporation Of America Common Stock,91.69,83.7,1328435436.0,12438419,101.0,-14.3,5,7,False,False,False,True,True,True,True,False,True,True,True
MRK,"Merck & Company, Inc. Common Stock (new)",148.35,83.6,366004912497.0,1403018807,91.2,-5.5,5,8,True,False,False,True,True,True,True,True,True,True,True
PBI,Pitney Bowes Inc. Common Stock,17.21,83.6,2359322549.0,36665272,92.3,-9.8,5,7,False,False,False,True,True,True,True,False,True,True,True
VG,"Venture Global, Inc. Class A common stock",14.18,83.6,35451316627.0,186432036,147.9,-19.5,1,8,True,False,False,True,True,True,True,True,True,True,True
TDW,Tidewater Inc. Common Stock,92.62,83.5,4608422115.0,55663969,98.5,-5.0,5,8,True,False,False,True,True,True,True,True,True,True,True
TRGP,"Targa Resources, Inc. Common Stock",287.82,83.5,61717536464.0,355071192,99.7,-6.5,5,8,True,False,False,True,True,True,True,True,True,True,True
LGND,Ligand Pharmaceuticals Incorporated - Common Stock,280.49,83.4,5591738968.0,116446644,77.1,-14.1,5,7,False,False,False,True,True,True,True,False,True,True,True
DAC,Danaos Corporation Common Stock,150.68,83.4,2742899613.0,15225130,80.3,-1.5,5,8,True,False,False,True,True,True,True,True,True,True,True
SNX,TD SYNNEX Corporation Common Stock,253.97,83.4,20307124245.0,208942412,78.6,-14.3,5,7,False,False,False,True,True,True,True,False,True,True,True
NKTR,Nektar Therapeutics - Common Stock,72.52,83.3,2476049925.0,61918067,160.2,-33.5,5,7,False,False,False,True,True,True,True,True,True,False,True
MSGS,Madison Square Garden Sports Corp. Class A Common Stock (New),389.34,83.3,9375284229.0,89566198,100.8,-11.3,5,7,False,False,False,True,True,True,True,False,True,True,True
AVT,"Avnet, Inc. - Common Stock",88.63,83.2,7274128129.0,109557304,100.3,-11.4,5,7,False,False,False,True,True,True,True,False,True,True,True
SBLK,Star Bulk Carriers Corp. - Common Shares,30.48,83.2,3399438972.0,38875491,82.3,-2.5,5,8,True,False,False,True,True,True,True,True,True,True,True
PR,Permian Resources Corporation Class A Common Stock,22.7,83.2,19012544558.0,204939504,90.4,-5.8,5,8,True,False,False,True,True,True,True,True,True,True,True
STM,STMicroelectronics N.V. Common Stock,49.38,83.1,44073882322.0,645413560,133.9,-39.4,5,5,False,False,False,False,True,True,True,False,True,False,True
VOYA,"Voya Financial, Inc. Common Stock",102.55,83.1,9290655590.0,99891276,59.0,-1.3,5,8,True,False,False,True,True,True,True,True,True,True,True
ADEA,Adeia Inc.  - Common Stock,25.72,83.0,2836405458.0,38871070,121.5,-25.1,5,5,False,False,False,False,True,True,True,False,True,False,True
ANET,"Arista Networks, Inc. Common Stock",195.38,83.0,246418071726.0,1408921882,70.6,-9.1,5,8,True,False,False,True,True,True,True,True,True,True,True
AMAL,Amalgamated Financial Corp. - Common Stock,48.69,82.9,1455838157.0,8142558,93.8,-5.6,5,8,True,False,False,True,True,True,True,True,True,True,True
CTNM,"Contineum Therapeutics, Inc. - Common stock",17.05,82.9,641440301.0,7133669,98.3,-2.6,5,8,True,False,False,True,True,True,True,True,True,True,True
SKE,Skeena Resources Limited Common Shares,33.24,82.9,4170380314.0,22435533,115.4,-14.3,5,7,False,False,False,True,True,True,False,True,True,True,True
SLDE,"Slide Insurance Holdings, Inc. - Common Stock",23.48,82.8,2742739162.0,23983833,87.4,-1.1,3,8,True,True,False,True,True,True,True,True,True,True,True
CVI,CVR Energy Inc. Common Stock,41.76,82.8,4198157814.0,33386942,112.8,-1.0,0,7,False,True,False,True,True,False,True,True,True,True,True
MANH,"Manhattan Associates, Inc. - Common Stock",223.28,82.7,13018334148.0,151476209,87.5,-1.7,1,6,False,False,False,True,False,True,False,True,True,True,True
TTMI,"TTM Technologies, Inc. - Common Stock",118.65,82.7,12499642714.0,445782928,177.9,-47.0,5,5,False,False,False,False,True,True,True,False,True,False,True
LB,LandBridge Company LLC Class A Shares Representing Limited Liability Company Interests,86.94,82.7,6701805719.0,27024262,98.7,-5.2,4,8,True,False,False,True,True,True,True,True,True,True,True
NVEC,NVE Corporation - Common Stock,100.89,82.6,488021678.0,24651388,76.4,-25.3,5,6,False,False,False,True,True,True,True,False,True,False,True
OVV,Ovintiv Inc. (DE),64.59,82.6,18259593000.0,204673447,82.1,-4.2,5,8,True,False,False,True,True,True,True,True,True,True,True
OMDA,"Omada Health, Inc. - Common Stock",23.69,82.5,1450223694.0,29721186,130.4,-12.0,0,7,False,False,False,True,True,False,True,True,True,True,True
BBVA,Banco Bilbao Vizcaya Argentaria S.A. Common Stock,29.0,82.5,165560092300.0,40644657,63.2,-1.1,5,8,True,False,False,True,True,True,True,True,True,True,True
HRB,"H&R Block, Inc. Common Stock",52.48,82.5,6468995587.0,98323113,86.4,-10.6,1,6,False,False,False,True,False,True,False,True,True,True,True
MDB,"MongoDB, Inc. - Class A Common Stock",446.62,82.4,35922507237.0,549275921,107.1,-5.6,5,6,False,False,False,True,False,True,False,True,True,True,True
KMX,CarMax Inc,62.11,82.4,8814098173.0,146950887,105.3,-4.9,2,8,True,False,False,True,True,True,True,True,True,True,True
AIR,AAR Corp. Common Stock,133.19,82.3,5362074900.0,65925611,82.3,-13.5,5,7,False,False,False,True,True,True,True,False,True,True,True
TBN,Tamboran Resources Corporation Common stock,37.15,82.3,1294915706.0,5001619,90.0,-28.8,5,7,False,False,False,True,True,True,True,True,True,False,True
GRAL,"GRAIL, Inc. - Common Stock",80.0,82.2,3573298720.0,46010495,159.6,-32.7,0,4,False,False,False,True,False,False,False,True,True,False,True
LNTH,"Lantheus Holdings, Inc. - Common Stock",100.77,82.2,6577496624.0,148884491,102.9,-9.9,4,7,False,False,False,True,True,True,True,False,True,True,True
UFPT,"UFP Technologies, Inc. - Common Stock",300.05,82.2,2324124290.0,52913083,72.6,-11.4,3,8,True,False,False,True,True,True,True,True,True,True,True
IMAX,Imax Corporation Common Stock,50.38,82.1,2762945703.0,62174719,79.0,-9.3,5,8,True,False,False,True,True,True,True,True,True,True,True
NVRI,Enviri Corporation Common Stock,22.28,82.1,628075851.0,9264319,106.1,-7.9,5,8,True,False,False,True,True,True,True,True,True,True,True
IQV,"IQVIA Holdings, Inc. Common Stock",261.75,82.0,43084050000.0,320400504,69.4,-1.3,2,6,False,False,False,True,False,True,False,True,True,True,True
TALO,"Talos Energy, Inc. Common Stock",16.67,82.0,2783314352.0,29601525,87.9,-9.6,5,8,True,False,False,True,True,True,True,True,True,True,True
THC,Tenet Healthcare Corporation Common Stock,266.8,82.0,21482469200.0,259890376,69.3,-5.7,2,8,True,False,False,True,True,True,True,True,True,True,True
FEIM,"Frequency Electronics, Inc. - Common Stock",60.46,81.9,662389119.0,21037878,132.1,-25.0,5,7,False,False,False,True,True,True,True,False,True,True,True
JHX,James Hardie Industries plc. Ordinary Shares,29.93,81.9,17375038066.0,182379121,81.8,-4.6,3,8,True,False,False,True,True,True,True,True,True,True,True
KLIC,"Kulicke and Soffa Industries, Inc. - Common Stock",81.03,81.8,4240228188.0,117948119,131.4,-40.3,5,5,False,False,False,False,True,True,True,False,True,False,True
MBIN,Merchants Bancorp - Common Stock,53.41,81.8,2453552586.0,9384256,75.9,-6.1,5,8,True,False,False,True,True,True,True,True,True,True,True
S,"SentinelOne, Inc. Class A Common Stock",21.54,81.8,7383992193.0,141243993,82.4,-10.1,2,8,True,False,False,True,True,True,True,True,True,True,True
ALRS,Alerus Financial Corporation - Common Stock,33.12,81.7,824795243.0,7578946,63.1,-3.7,5,8,True,False,False,True,True,True,True,True,True,True,True
TECX,"Tectonic Therapeutic, Inc. - Common Stock",35.62,81.7,696348417.0,6749753,147.5,-9.9,5,8,True,False,False,True,True,True,True,True,True,True,True
RPD,"Rapid7, Inc. - Common Stock",13.29,81.6,895754506.0,27256419,167.4,-37.5,0,4,False,False,False,True,False,False,False,True,True,False,True
AMTB,Amerant Bancorp Inc. Class A Common Stock,28.84,81.6,1130235505.0,10949554,84.6,-5.8,5,8,True,False,False,True,True,True,True,True,True,True,True
PAGP,"Plains GP Holdings, L.P. - Class A Shares representing limited partner interests",27.97,81.5,5535378348.0,36665079,67.7,-1.1,5,8,True,False,False,True,True,True,True,True,True,True,True
AU,AngloGold Ashanti PLC Ordinary Shares,113.19,81.5,57248022087.0,296254698,108.0,-12.4,5,7,False,False,False,True,True,True,False,True,True,True,True
IAG,Iamgold Corporation Ordinary Shares,20.59,81.5,11756890000.0,94230943,132.4,-17.2,5,7,False,False,False,True,True,True,False,True,True,True,True
ATLC,Atlanticus Holdings Corporation - Common Stock,91.08,81.4,1381687061.0,17495975,91.7,-20.3,5,7,False,False,False,True,True,True,True,False,True,True,True
RPRX,Royalty Pharma plc - Class A Ordinary Shares,60.85,81.4,34988823263.0,173011538,78.5,-2.6,5,8,True,False,False,True,True,True,True,True,True,True,True
TRMD,TORM plc - Class A Common Stock,32.62,81.3,3305472902.0,20742605,69.0,-7.7,5,8,True,False,False,True,True,True,True,True,True,True,True
BNY,The Bank of New York Mellon Corporation Common Stock,162.5,81.3,110256923075.0,541436603,58.3,-1.9,5,8,True,False,False,True,True,True,True,True,True,True,True
WKC,World Kinect Corporation Common Stock,35.45,81.3,1813324929.0,44342966,59.6,-14.0,4,7,False,False,False,True,True,True,True,False,True,True,True
CODI,D/B/A Compass Diversified Holdings Shares of Beneficial Interest,11.45,81.2,861451811.0,8178286,150.0,-13.6,5,8,True,False,False,True,True,True,True,True,True,True,True
VEEV,Veeva Systems Inc. Class A Common Stock,276.69,81.2,45155447750.0,432056359,86.9,-10.9,0,5,False,False,False,True,False,False,False,True,True,True,True
MKSI,MKS Inc. - Common Stock,255.76,81.1,17293866634.0,504145213,162.3,-42.9,5,5,False,False,False,False,True,True,True,False,True,False,True
ATKR,Atkore Inc. Common Stock,93.6,81.1,3161110680.0,71514672,74.1,-0.6,4,8,True,False,False,True,True,True,True,True,True,True,True
BCAX,Bicara Therapeutics Inc. - Common Stock,23.43,81.0,1550431844.0,20856156,127.6,-24.4,5,7,False,False,False,True,True,True,True,False,True,True,True
WBD,"Warner Bros. Discovery, Inc. - Series A Common Stock",28.77,81.0,72232934344.0,589040511,155.7,-4.1,5,7,False,False,False,True,True,True,False,True,True,True,True
ZIM,ZIM Integrated Shipping Services Ltd. Ordinary Shares,27.44,81.0,3305584516.0,39671826,122.5,-8.4,5,8,True,False,False,True,True,True,True,True,True,True,True
FRSH,Freshworks Inc. - Class A Common Stock,13.86,80.9,3616361900.0,169095758,104.1,-0.9,1,6,False,True,False,True,False,True,False,True,True,True,True
HCC,"Warrior Met Coal, Inc. Common Stock",107.07,80.9,5653519455.0,60392024,95.9,-3.7,5,7,False,False,False,True,True,True,False,True,True,True,True
FTDR,"Frontdoor, Inc. - Common Stock",82.89,80.8,5710566963.0,46430813,71.0,-11.3,4,8,True,False,False,True,True,True,True,True,True,True,True
HBT,"HBT Financial, Inc. - Common Stock",35.79,80.8,1301525253.0,5783539,60.1,-4.6,5,8,True,False,False,True,True,True,True,True,True,True,True
BHVN,Biohaven Ltd. Common Shares ,15.41,80.8,2327584665.0,44294033,106.0,-17.0,0,7,False,False,False,True,True,False,True,True,True,True,True
ADV,Advantage Solutions Inc.  - Class A Common Stock,34.505,80.7,442431046.0,5282380,182.2,-32.7,0,5,False,False,False,True,True,False,True,False,True,False,True
ARW,"Arrow Electronics, Inc. Common Stock",203.92,80.7,10380633858.0,127127488,100.3,-14.1,5,7,False,False,False,True,True,True,True,False,True,True,True
SPT,"Sprout Social, Inc - Class A Common Stock",11.49,80.6,696204516.0,11404700,133.5,-28.3,0,4,False,False,False,True,False,False,False,True,True,False,True
MFG,"Mizuho Financial Group, Inc. Sponosred ADR (Japan)",10.64,80.6,132459945201.0,37067579,74.7,-3.8,5,8,True,False,False,True,True,True,True,True,True,True,True
UVE,UNIVERSAL INSURANCE HOLDINGS INC Common Stock,43.43,80.6,1208672318.0,9644017,80.3,-3.8,5,8,True,False,False,True,True,True,True,True,True,True,True
TSAT,Telesat Corporation - Class A Common Shares and Class B Variable Voting Shares,42.82,80.5,1548285903.0,11208119,115.9,-30.4,5,6,False,False,False,True,True,True,True,False,True,False,True
NUE,Nucor Corporation Common Stock,250.5,80.5,56832356838.0,393124934,90.8,-10.6,5,8,True,False,False,True,True,True,True,True,True,True,True
ASTH,Astrana Health Inc. - Common Stock,37.96,80.4,1882981733.0,26061986,110.0,-26.4,5,6,False,False,False,True,True,True,True,False,True,False,True
RGEN,Repligen Corporation - Common Stock,176.27,80.4,9947906914.0,173002138,74.5,-6.6,3,6,False,False,False,True,False,True,False,True,True,True,True
MAMA,"Mama's Creations, Inc. - Common Stock",16.38,80.3,761625627.0,11914085,107.5,-22.0,5,7,False,False,False,True,True,True,True,False,True,True,True
SRRK,Scholar Rock Holding Corporation - Common Stock,57.8,80.3,7039189300.0,73592925,113.5,-6.4,5,8,True,False,False,True,True,True,True,True,True,True,True
IBTA,"Ibotta, Inc. Class A Common Stock",37.06,80.3,858665895.0,7698551,94.0,-8.5,3,8,True,False,False,True,True,True,True,True,True,True,True
CRS,Carpenter Technology Corporation Common Stock,476.43,80.2,23611187599.0,418826009,109.0,-23.9,5,7,False,False,False,True,True,True,True,False,True,True,True
JXN,Jackson Financial Inc. Class A Common Stock ,134.16,80.2,9086488295.0,74729162,49.6,-2.8,5,8,True,False,False,True,True,True,True,True,True,True,True
IDYA,"IDEAYA Biosciences, Inc. - Common Stock",40.11,80.1,3870193203.0,37389298,72.7,-6.0,5,6,False,False,False,True,False,True,False,True,True,True,True
GOLD,"Gold.com, Inc. Common Stock",45.55,80.1,1321149236.0,17689159,107.0,-31.7,5,6,False,False,False,True,True,True,False,True,True,False,True
PKE,Park Aerospace Corp. Common Stock,32.42,80.1,705174261.0,11296991,78.2,-18.7,5,7,False,False,False,True,True,True,True,False,True,True,True
PTRN,Pattern Group Inc. - Series A Common Stock,21.17,80.0,3755538714.0,50107196,137.3,-29.0,1,6,False,False,False,True,True,True,True,False,True,False,True
KOP,Koppers Holdings Inc. Common Stock,46.56,80.0,880522606.0,8787105,86.2,-12.2,5,7,False,False,False,True,True,True,True,False,True,True,True
ACHC,"Acadia Healthcare Company, Inc. - Common Stock",28.55,79.9,2658012851.0,85388186,149.8,-20.3,5,7,False,False,False,True,True,True,True,False,True,True,True
BZH,"Beazer Homes USA, Inc. Common Stock",33.22,79.9,886297076.0,20276265,86.3,-3.8,3,8,True,False,False,True,True,True,True,True,True,True,True
KNTK,Kinetik Holdings Inc. Class A Common Stock,53.81,79.9,8737620931.0,54807277,71.8,-4.1,5,8,True,False,False,True,True,True,True,True,True,True,True
PGC,Peapack-Gladstone Financial Corporation - Common Stock,45.11,79.8,799707915.0,9744863,82.6,-8.2,5,7,False,False,False,True,True,True,True,False,True,True,True
AMG,"Affiliated Managers Group, Inc. Common Stock",370.87,79.8,9590673352.0,100118983,66.0,-5.6,5,8,True,False,False,True,True,True,True,True,True,True,True
JAZZ,Jazz Pharmaceuticals plc - Ordinary Shares,244.54,79.7,15874210660.0,227139027,97.4,-8.2,5,7,False,False,False,True,True,True,True,False,True,True,True
GLW,Corning Incorporated Common Stock,148.98,79.7,128329633552.0,2500658782,125.2,-45.2,5,5,False,False,False,False,True,True,True,False,True,False,True
FLYW,Flywire Corporation - Voting Common Stock,18.79,79.6,2286135594.0,38072148,78.1,-4.8,5,8,True,False,False,True,True,True,True,True,True,True,True
KSPI,Joint Stock Company Kaspi.kz - American Depository Shares,106.29,79.6,20124253995.0,44372985,55.0,-3.3,2,8,True,False,False,True,True,True,True,True,True,True,True
GRC,Gorman-Rupp Company (The) Common Stock,76.22,79.6,2012988721.0,16120649,82.1,-17.8,5,7,False,False,False,True,True,True,True,False,True,True,True
CHRD,Chord Energy Corporation - Common Stock,146.0,79.5,7985889312.0,105486105,73.3,-4.6,5,8,True,False,False,True,True,True,True,True,True,True,True
BSTZ,BlackRock Science and Technology Term Trust Common Shares of Beneficial Interest,31.29,79.5,693318501.0,6472842,51.2,-1.9,5,8,True,False,False,True,True,True,True,True,True,True,True
CCSI,"Consensus Cloud Solutions, Inc. - Common Stock",38.0,79.4,696347036.0,5939732,88.1,-8.2,5,8,True,False,False,True,True,True,True,True,True,True,True
TILE,"Interface, Inc. - Common Stock",38.58,79.4,2229941747.0,17517710,58.1,-4.7,5,8,True,False,False,True,True,True,True,True,True,True,True
CF,"CF Industries Holdings, Inc. Common Stock",125.79,79.4,19036823373.0,291483782,66.8,-11.4,5,8,True,False,False,True,True,True,True,True,True,True,True
CSTL,"Castle Biosciences, Inc. - Common stock",33.5,79.3,1023408485.0,11821206,89.0,-24.3,2,6,False,False,False,True,False,True,False,True,True,True,True
MUFG,"Mitsubishi UFJ Financial Group, Inc. Common Stock",22.9,79.3,271770580068.0,67984495,56.6,-1.5,5,8,True,False,False,True,True,True,True,True,True,True,True
MLKN,"MillerKnoll, Inc. - Common Stock",23.13,79.2,1575690495.0,16431239,68.0,-6.4,2,8,True,False,False,True,True,True,True,True,True,True,True
AMR,"Alpha Metallurgical Resources, Inc. Common Stock",226.23,79.2,2868380350.0,50939929,69.3,-10.9,1,6,False,False,False,True,False,True,False,True,True,True,True
KB,KB Financial Group Inc,124.16,79.2,44522251564.0,32242526,62.7,-1.2,5,8,True,False,False,True,True,True,True,True,True,True,True
KALU,Kaiser Aluminum Corporation - Common Stock,156.38,79.1,2556671007.0,48861507,114.0,-21.8,5,7,False,False,False,True,True,True,True,False,True,True,True
EXPD,"Expeditors International of Washington, Inc. Common Stock",190.97,79.1,24824309083.0,198955849,69.1,-0.7,5,8,True,True,False,True,True,True,True,True,True,True,True
AVTX,"Avalo Therapeutics, Inc. - Common Stock",19.59,79.0,1050611485.0,23401387,126.5,-19.3,5,6,False,False,False,True,False,True,False,True,True,True,True
NPK,"National Presto Industries, Inc. Common Stock",152.62,79.0,1089106546.0,12951227,67.2,-3.5,5,7,False,False,False,True,True,True,False,True,True,True,True
GTX,Garrett Motion Inc. - Common Stock,26.66,78.9,4971914417.0,79975438,117.4,-26.5,5,6,False,False,False,True,True,True,True,False,True,False,True
KURA,"Kura Oncology, Inc. - Common Stock",12.66,78.9,1126241437.0,20438184,72.1,-8.9,5,6,False,False,False,True,False,True,False,True,True,True,True
BEN,"Franklin Resources, Inc. Common Stock",34.65,78.9,17604864932.0,144830652,64.1,-4.5,5,8,True,False,False,True,True,True,True,True,True,True,True
GTLB,GitLab Inc. - Class A Common Stock,44.87,78.8,7578543000.0,151400684,139.6,-14.3,0,5,False,False,False,True,False,False,False,True,True,True,True
IBKR,"Interactive Brokers Group, Inc. - Class A Common Stock",95.84,78.8,43423011909.0,417224241,62.6,-2.9,5,8,True,False,False,True,True,True,True,True,True,True,True
NTNX,"Nutanix, Inc. - Class A Common Stock",69.16,78.7,18695366402.0,187747951,103.4,-16.1,0,5,False,False,False,True,False,False,False,True,True,True,True
SCSC,"ScanSource, Inc. - Common Stock",56.55,78.7,1139076019.0,13823996,67.5,-15.3,4,8,True,False,False,True,True,True,True,True,True,True,True
UNF,Unifirst Corporation Common Stock,281.88,78.7,5097566685.0,49054111,90.9,-8.1,5,7,False,False,False,True,True,True,True,False,True,True,True
ARMK,Aramark Common Stock,58.18,78.6,15337705060.0,148615440,65.9,-7.1,5,8,True,False,False,True,True,True,True,True,True,True,True
ASH,Ashland Inc. Common Stock,74.37,78.6,3405652927.0,57127346,60.6,-5.0,5,8,True,False,False,True,True,True,True,True,True,True,True
HNI,HNI Corporation Common Stock,49.13,78.5,3546291834.0,27780104,69.8,-6.9,1,6,False,False,False,True,False,True,False,True,True,True,True
NEM,Newmont Corporation,127.98,78.5,134851536843.0,838546381,77.2,-5.4,5,7,False,False,False,True,True,True,False,True,True,True,True
FRNM,"Freenome, Inc. - Common stock",14.79,78.4,1589138379.0,7215420,48.6,-2.0,5,6,False,True,False,True,False,True,False,True,True,True,True
CRGY,Crescent Energy Company Class A Common Stock,13.54,78.4,4473666044.0,66297981,76.3,-5.2,5,7,False,False,False,True,True,True,False,True,True,True,True
HSBC,"HSBC Holdings, plc. Common Stock",103.53,78.4,355802872871.0,126354416,62.9,-4.1,5,8,True,False,False,True,True,True,True,True,True,True,True
SEIC,SEI Investments Company - Common Stock,111.63,78.3,13397741287.0,71422894,48.7,-0.5,4,8,True,True,False,True,True,True,True,True,True,True,True
UBS,UBS Group AG Registered Ordinary Shares,54.9,78.3,170378595719.0,88702630,51.3,-0.5,5,8,True,False,False,True,True,True,True,True,True,True,True
DRH,Diamondrock Hospitality Company - Common Stock,12.7,78.2,2598492149.0,32838583,69.8,-7.9,5,8,True,False,False,True,True,True,True,True,True,True,True
VRNS,"Varonis Systems, Inc. - Common Stock",43.92,78.2,5044672501.0,86325836,122.9,-31.3,0,4,False,False,False,True,False,False,False,True,True,False,True
AG,First Majestic Silver Corp. Ordinary Shares (Canada),20.76,78.2,10232736511.0,187784465,134.0,-35.2,5,6,False,False,False,True,True,True,False,True,True,False,True
RBRK,"Rubrik, Inc. Class A Common Stock",93.05,78.1,19152348066.0,291645216,120.2,-13.8,1,6,False,False,False,True,False,True,False,True,True,True,True
W,Wayfair Inc. Class A Common Stock,103.76,78.1,14211806943.0,312804716,86.6,-13.5,5,6,False,False,False,True,False,True,False,True,True,True,True
CNK,"Cinemark Holdings Inc Cinemark Holdings, Inc. Common Stock",35.99,78.0,4171667661.0,83500005,66.6,-7.7,3,8,True,False,False,True,True,True,True,True,True,True,True
ING,"ING Group, N.V. Common Stock",35.24,78.0,102281904125.0,90268718,49.1,-2.8,5,8,True,False,False,True,True,True,True,True,True,True,True
PAG,"Penske Automotive Group, Inc. Common Stock",217.01,78.0,14249500070.0,83998872,54.9,-4.4,2,8,True,False,False,True,True,True,True,True,True,True,True
SAN,"Banco Santander, S.A. Sponsored ADR (Spain)",14.67,77.9,215492317094.0,193588548,57.6,-2.2,5,8,True,False,False,True,True,True,True,True,True,True,True
VET,Vermilion Energy Inc. Common (Canada),12.46,77.9,1908872000.0,15162018,75.5,-15.9,5,7,False,False,False,True,True,True,False,True,True,True,True
SPB,"Spectrum Brands Holdings, Inc. Common Stock",88.68,77.8,2039249453.0,32250721,77.4,-10.5,5,8,True,False,False,True,True,True,True,True,True,True,True
TPC,Tutor Perini Corporation Common Stock,88.84,77.8,4670240354.0,67361861,56.9,-13.2,5,8,True,False,False,True,True,True,True,True,True,True,True
BWIN,"The Baldwin Insurance Group, Inc. - Class A Common Stock",30.68,77.7,4279808887.0,40087793,93.2,-5.9,1,6,False,False,False,True,False,True,False,True,True,True,True
CSX,CSX Corporation - Common Stock,51.28,77.7,94994913744.0,594233992,61.3,-4.3,5,8,True,False,False,True,True,True,True,True,True,True,True
LQDT,"Liquidity Services, Inc. - Common Stock",41.48,77.7,1299635515.0,8951371,91.4,-5.9,5,8,True,False,False,True,True,True,True,True,True,True,True
COGT,"Cogent Biosciences, Inc. - Common Stock",34.67,77.6,6016111126.0,93875140,198.9,-20.7,5,4,False,False,False,False,False,True,False,False,True,True,True
REPX,"Riley Exploration Permian, Inc. Common Stock",38.28,77.6,848046890.0,7372347,59.0,-7.8,5,8,True,False,False,True,True,True,True,True,True,True,True
AMGN,Amgen Inc. - Common Stock,432.42,77.5,233780091602.0,997698171,60.3,-3.3,5,8,True,False,False,True,True,True,True,True,True,True,True
ORIC,"Oric Pharmaceuticals, Inc. - Common Stock",13.24,77.5,1372361165.0,18562327,83.1,-11.3,1,8,True,False,False,True,True,True,True,True,True,True,True
INVX,"Innovex International, Inc. Common Stock",30.11,77.5,2105767751.0,16799318,84.8,-10.7,5,8,True,False,False,True,True,True,True,True,True,True,True
BAX,Baxter International Inc. Common Stock,26.13,77.4,13509105454.0,161591175,66.1,-12.9,1,8,True,False,False,True,True,True,True,True,True,True,True
BXC,Bluelinx Holdings Inc. Common Stock,79.42,77.4,624258434.0,11651903,77.4,-15.3,1,6,False,False,False,True,False,True,False,True,True,True,True
CNO,"CNO Financial Group, Inc. Common Stock",55.37,77.3,5122908312.0,41419727,44.9,-3.9,5,8,True,False,False,True,True,True,True,True,True,True,True
PAY,"Paymentus Holdings, Inc. Class A Common Stock",35.99,77.3,4532567896.0,43030914,79.0,-20.6,1,6,False,False,False,True,False,True,False,True,True,True,True
PRLB,"Proto Labs, Inc. Common stock",79.74,77.3,1907532067.0,17488028,76.8,-14.3,5,7,False,False,False,True,True,True,True,False,True,True,True
SFL,SFL Corporation Ltd,12.37,77.2,1645120738.0,16767434,83.8,-4.4,5,8,True,False,False,True,True,True,True,True,True,True,True
SMBK,"SmartFinancial, Inc. Common Stock",50.82,77.2,868944398.0,6167429,54.0,-6.1,5,8,True,False,False,True,True,True,True,True,True,True,True
FISI,"Financial Institutions, Inc. - Common Stock",40.96,77.1,807172506.0,7286344,59.9,-4.7,5,8,True,False,False,True,True,True,True,True,True,True,True
TD,Toronto Dominion Bank (The) Common Stock,121.25,77.1,200355925000.0,309057001,66.7,-3.4,5,8,True,False,False,True,True,True,True,True,True,True,True
DBX,"Dropbox, Inc. - Class A Common Stock",35.7,77.0,8057821475.0,123498707,64.6,-1.8,1,6,False,True,False,True,False,True,False,True,True,True,True
GEF,Greif Inc. Class A Common Stock,84.08,77.0,3881832430.0,20865725,50.8,-7.2,5,8,True,False,False,True,True,True,True,True,True,True,True
TK,Teekay Corporation Ltd. Common Stock,13.05,77.0,1132459843.0,6602385,67.3,-9.2,5,8,True,False,False,True,True,True,True,True,True,True,True
HG,"Hamilton Insurance Group, Ltd. Class B Common Shares",35.35,76.9,2941499553.0,15681864,56.0,-5.3,5,8,True,False,False,True,True,True,True,True,True,True,True
IVZ,Invesco Ltd Common Stock,32.86,76.9,14507682771.0,146431043,59.0,-2.3,5,8,True,False,False,True,True,True,True,True,True,True,True
WASH,"Washington Trust Bancorp, Inc. - Common Stock",39.47,76.8,752863450.0,6308057,56.4,-2.5,5,8,True,False,False,True,True,True,True,True,True,True,True
KEYS,Keysight Technologies Inc. Common Stock,319.97,76.8,54681390899.0,493364548,101.5,-14.7,5,7,False,False,False,True,True,True,True,False,True,True,True
SLG,SL Green Realty Corp Common Stock,57.54,76.8,4076703649.0,54889262,65.5,-13.2,1,8,True,False,False,True,True,True,True,True,True,True,True
KLAC,KLA Corporation  - Common Stock,175.54,76.7,229351222288.0,2744348461,110.9,-42.9,5,5,False,False,False,False,True,True,True,False,True,False,True
GSL,Global Ship Lease Inc New Class A Common Shares,44.52,76.7,1599080223.0,13508079,63.2,-2.0,5,8,True,False,False,True,True,True,True,True,True,True,True
NTRS,Northern Trust Corporation - Common Stock,186.79,76.6,34174286424.0,196435318,54.2,-4.6,5,8,True,False,False,True,True,True,True,True,True,True,True
SLB,SLB Limited Common Shares,57.33,76.6,85085931433.0,659628298,81.2,-2.5,5,7,False,False,False,True,True,True,False,True,True,True,True
WEX,WEX Inc. common stock,197.32,76.6,6724983483.0,118163551,57.5,-3.3,1,8,True,False,False,True,True,True,True,True,True,True,True
DASH,"DoorDash, Inc. - Common Stock",236.74,76.5,102578953605.0,882344435,65.2,-17.1,0,5,False,False,False,True,False,False,False,True,True,True,True
RIGL,"Rigel Pharmaceuticals, Inc. - Common Stock",46.48,76.5,868240079.0,14926177,86.3,-11.0,2,6,False,False,False,True,False,True,False,True,True,True,True
XENE,Xenon Pharmaceuticals Inc. - Common Shares,59.99,76.4,5809457516.0,75536572,68.5,-17.4,5,7,False,False,False,True,True,True,True,False,True,True,True
ACA,"Arcosa, Inc. Common Stock ",145.28,76.4,7134237212.0,126340271,63.2,-1.1,5,8,True,False,False,True,True,True,True,True,True,True,True
BBNX,"Beta Bionics, Inc. - Common Stock",19.72,76.3,887196647.0,19465386,124.1,-39.7,0,4,False,False,False,True,False,False,False,True,True,False,True
ELE,Elemental Royalty Corporation - Common Stock,21.52,76.3,1383867444.0,6933295,71.1,-20.2,1,7,False,False,False,True,True,True,False,True,True,True,True
GNK,Genco Shipping & Trading Limited Ordinary Shares New (Marshall Islands),25.88,76.3,1128021337.0,10801645,66.4,-6.8,5,8,True,False,False,True,True,True,True,True,True,True,True
DIOD,Diodes Incorporated - Common Stock,88.0,76.2,4052550040.0,65115389,108.1,-30.2,5,5,False,False,False,False,True,True,True,False,True,False,True
USFD,US Foods Holding Corp. Common Stock,107.27,76.2,23205796656.0,251071726,53.5,-3.7,5,8,True,False,False,True,True,True,True,True,True,True,True
PLXS,Plexus Corp. - Common Stock,240.87,76.1,6419691086.0,82926922,82.4,-21.6,5,7,False,False,False,True,True,True,True,False,True,True,True
APLE,"Apple Hospitality REIT, Inc. Common Shares",16.55,76.1,3907168652.0,48115692,52.5,-4.2,5,8,True,False,False,True,True,True,True,True,True,True,True
PD,"PagerDuty, Inc. Common Stock",13.83,76.1,1066605074.0,16978419,142.6,-20.0,0,5,False,False,False,True,False,False,False,True,True,True,True
P,"Everpure, Inc. Class A common stock",93.4,76.0,31046620649.0,271236566,64.5,-21.6,1,8,True,False,False,True,True,True,True,True,True,True,True
SII,Sprott Inc. Common Shares,132.95,76.0,3430110000.0,22960897,106.0,-21.6,5,7,False,False,False,True,True,True,False,True,True,True,True
PHVS,Pharvaris N.V. - Ordinary Shares,35.32,75.9,2460619120.0,19396369,71.0,-7.4,5,8,True,False,False,True,True,True,True,True,True,True,True
FIX,"Comfort Systems USA, Inc. Common Stock",1518.73,75.9,53450683282.0,872680319,126.6,-26.8,5,5,False,False,False,False,True,True,True,False,True,False,True
PRSU,"Pursuit Attractions and Hospitality, Inc. Common Stock",49.77,75.8,1356936994.0,14199280,55.4,-11.9,5,7,False,False,False,True,True,True,True,False,True,True,True
PSTL,"Postal Realty Trust, Inc. Class A Common Stock",23.77,75.8,719015711.0,7801547,66.8,-5.7,5,8,True,False,False,True,True,True,True,True,True,True,True
RVTY,"Revvity, Inc. Common Stock",128.8,75.8,14372328449.0,174321584,58.6,-1.0,3,8,True,True,False,True,True,True,True,True,True,True,True
BPOP,"Popular, Inc. - Common Stock",169.75,75.7,10826400545.0,83706470,56.1,-5.3,5,7,False,False,False,True,True,True,True,False,True,True,True
MAX,"MediaAlpha, Inc. Class A Common Stock",12.85,75.7,787242117.0,11657835,81.2,-12.6,2,5,False,False,False,True,False,True,False,False,True,True,True
INCY,Incyte Corporation - Common Stock,124.37,75.6,25209518670.0,207130318,53.4,-6.2,5,8,True,False,False,True,True,True,True,True,True,True,True
PCVX,"Vaxcyte, Inc. - Common Stock",59.835,75.6,8903763809.0,74459916,97.3,-7.9,5,8,True,False,False,True,True,True,True,True,True,True,True
BNS,Bank Nova Scotia Halifax Pfd 3 Ordinary Shares,92.39,75.6,113342884190.0,230964606,49.8,-2.7,5,8,True,False,False,True,True,True,True,True,True,True,True
TRST,TrustCo Bank Corp NY - Common Stock,57.13,75.5,972794786.0,6946193,66.5,-3.1,5,8,True,False,False,True,True,True,True,True,True,True,True
MD,"Pediatrix Medical Group, Inc. Common Stock",26.61,75.5,2162149541.0,21446478,69.5,-4.8,5,8,True,False,False,True,True,True,True,True,True,True,True
PDEX,"Pro-Dex, Inc. - Common Stock",62.555,75.4,199723039.0,5278431,166.5,-10.5,5,8,True,False,False,True,True,True,True,True,True,True,True
TECH,Bio-Techne Corp - Common Stock,72.35,75.4,11345799519.0,371705737,67.5,-0.4,3,6,False,False,False,True,False,True,False,True,True,True,True
ZYME,Zymeworks Inc. - Common Stock,28.27,75.4,2006017743.0,15197185,107.9,-7.7,5,6,False,False,False,True,False,True,False,True,True,True,True
HPQ,HP Inc. Common Stock,30.52,75.3,27911232499.0,409743506,73.8,-5.2,1,6,False,False,False,True,False,True,False,True,True,True,True
HQH,abrdn Healthcare Investors Shares of Beneficial Interest,22.67,75.3,1073282268.0,5450727,39.1,-8.8,5,8,True,False,False,True,True,True,True,True,True,True,True
MEOH,Methanex Corporation - Common Stock,57.67,75.2,4461597047.0,47876440,80.2,-13.6,5,7,False,False,False,True,True,True,False,True,True,True,True
PGY,Pagaya Technologies Ltd. - Class A Ordinary Shares,21.98,75.2,1833700029.0,60099431,111.3,-51.1,0,4,False,False,False,True,False,False,False,True,True,False,True
CNQ,Canadian Natural Resources Limited Common Stock,48.99,75.1,101352471600.0,340577385,65.1,-4.8,5,8,True,False,False,True,True,True,True,True,True,True,True
SWK,"Stanley Black & Decker, Inc. Common Stock",97.8,75.1,14769427490.0,171058919,58.0,-6.6,5,8,True,False,False,True,True,True,True,True,True,True,True
TMP,Tompkins Financial Corporation Common Stock,97.8,75.1,1406648109.0,10095273,58.0,-4.7,5,8,True,False,False,True,True,True,True,True,True,True,True
FBP,First BanCorp. New Common Stock,28.01,75.0,4276238187.0,40638903,46.2,-6.3,5,8,True,False,False,True,True,True,True,True,True,True,True
NP,Neptune Insurance Holdings Inc. Class A Common Stock,33.87,75.0,4648084758.0,24540620,129.2,-3.6,1,8,True,False,False,True,True,True,True,True,True,True,True
RBCAA,"Republic Bancorp, Inc. - Class A Common Stock",94.9,74.9,1863280930.0,10631808,48.4,-7.2,5,8,True,False,False,True,True,True,True,True,True,True,True
SRCE,1st Source Corporation - Common Stock,86.41,74.9,2080910585.0,11939855,51.9,-5.5,5,8,True,False,False,True,True,True,True,True,True,True,True
SJM,The J.M. Smucker Company Common Stock,132.34,74.9,14136980038.0,170538445,50.0,-2.6,3,8,True,False,False,True,True,True,True,True,True,True,True
ENTG,"Entegris, Inc. - Common Stock",134.92,74.8,20615776000.0,437479241,98.5,-27.8,5,5,False,False,False,False,True,True,True,False,True,False,True
OSPN,OneSpan Inc. - Common Stock,16.54,74.8,609534941.0,6372723,64.3,-10.5,1,8,True,False,False,True,True,True,True,True,True,True,True
SLAB,"Silicon Laboratories, Inc. - Common Stock",218.54,74.7,7291971949.0,78502875,89.2,-1.1,5,8,True,False,False,True,True,True,True,True,True,True,True
OBK,"Origin Bancorp, Inc. Common Stock",53.25,74.7,1642745354.0,9403063,65.8,-4.2,5,8,True,False,False,True,True,True,True,True,True,True,True
TRV,"The Travelers Companies, Inc. Common Stock",369.9,74.7,77151900638.0,716889774,46.6,-7.2,5,8,True,False,False,True,True,True,True,True,True,True,True
KFY,Korn Ferry Common Stock,86.28,74.6,4431007155.0,38546145,46.4,-1.4,2,8,True,True,False,True,True,True,True,True,True,True,True
SU,Suncor Energy  Inc. Common Stock,65.43,74.6,76528865513.0,262456235,73.2,-6.9,5,8,True,False,False,True,True,True,True,True,True,True,True
AIP,"Arteris, Inc.  - Common Stock",22.01,74.5,1081837765.0,27438454,161.4,-56.2,5,5,False,False,False,False,True,True,True,False,True,False,True
FDX,FedEx Corporation Common Stock,330.88,74.5,78309513533.0,576941541,85.5,-4.2,5,8,True,False,False,True,True,True,True,True,True,True,True
FFIV,"F5, Inc. - Common Stock",394.24,74.4,22324700232.0,257216977,76.2,-9.4,5,7,False,False,False,True,True,True,True,False,True,True,True
HELE,Helen of Troy Limited - Common Stock,28.62,74.4,666618786.0,13344018,106.6,-6.7,4,8,True,False,False,True,True,True,True,True,True,True,True
GIC,Global Industrial Company Common Stock,39.6,74.4,1509090304.0,5111405,50.0,-2.7,1,8,True,False,False,True,True,True,True,True,True,True,True
XHR,"Xenia Hotels & Resorts, Inc. Common Stock",19.46,74.3,1795103949.0,15402901,65.6,-11.8,5,7,False,False,False,True,True,True,True,False,True,True,True
YPF,YPF Sociedad Anonima Common Stock,50.2,74.3,19744302209.0,61440881,120.0,-12.7,5,8,True,False,False,True,True,True,True,True,True,True,True
OSBC,"Old Second Bancorp, Inc. - Common Stock",25.24,74.2,1284103072.0,10501356,51.6,-3.1,5,8,True,False,False,True,True,True,True,True,True,True,True
AGM,Federal Agricultural Mortgage Corporation Common Stock,221.43,74.2,2403226290.0,25756613,62.1,-10.8,2,8,True,False,False,True,True,True,True,True,True,True,True
AVNT,Avient Corporation Common Stock,44.67,74.2,4097112299.0,36362337,62.6,-4.2,5,8,True,False,False,True,True,True,True,True,True,True,True
COP,ConocoPhillips Common Stock,130.35,74.1,156594340388.0,829340177,52.3,-4.1,5,8,True,False,False,True,True,True,True,True,True,True,True
TRIN,Trinity Capital Inc. Common Stock,18.56,74.1,1757512733.0,18543218,31.4,-1.8,5,8,True,True,False,True,True,True,True,True,True,True,True
AGYS,"Agilysys, Inc. - Common Stock",117.88,74.0,3324898289.0,35261126,91.7,-18.8,0,5,False,False,False,True,False,False,False,True,True,True,True
EVER,"EverQuote, Inc. - Class A Common Stock",25.66,74.0,904252011.0,17519169,84.9,-10.7,2,6,False,False,False,True,False,True,False,True,True,True,True
FIVE,"Five Below, Inc. - Common Stock",241.89,74.0,13375392453.0,227623763,75.6,-8.3,5,7,False,False,False,True,True,True,False,True,True,True,True
HLX,"Helix Energy Solutions Group, Inc. Common Stock",10.14,73.9,1494458013.0,14311011,68.2,-5.7,5,8,True,False,False,True,True,True,True,True,True,True,True
RHP,"Ryman Hospitality Properties, Inc. (REIT)",129.33,73.9,8921617302.0,98315972,54.3,-5.9,5,8,True,False,False,True,True,True,True,True,True,True,True
LPTH,"LightPath Technologies, Inc. - Class A Common Stock",11.23,73.8,705125041.0,38556654,138.4,-40.7,5,5,False,False,False,False,True,True,True,False,True,False,True
BIO,"Bio-Rad Laboratories, Inc. Class A Common Stock",387.7,73.8,10366390448.0,98076304,63.8,-2.2,5,6,False,False,False,True,False,True,False,True,True,True,True
ASST,"Strive, Inc. - Class A Common Stock",21.74,73.7,1949717616.0,72981214,209.7,-91.4,0,4,False,False,False,True,False,False,False,True,True,False,True
DXCM,"DexCom, Inc. - Common Stock",90.82,73.7,34271904677.0,396094367,67.8,-1.9,2,8,True,False,False,True,True,True,True,True,True,True,True
TSM,Taiwan Semiconductor Manufacturing Company Ltd.,417.52,73.7,2165469527518.0,5706917670,85.0,-12.8,5,7,False,False,False,True,True,True,True,False,True,True,True
CTBI,"Community Trust Bancorp, Inc. - Common Stock",76.66,73.6,1392755354.0,9385494,52.6,-4.1,5,8,True,False,False,True,True,True,True,True,True,True,True
LXP,LXP Industrial Trust Common Stock (Maryland REIT),60.69,73.6,3578116352.0,42818061,37.9,-1.5,5,8,True,False,False,True,True,True,True,True,True,True,True
CAC,Camden National Corporation - Common Stock,56.66,73.5,957386796.0,5911083,61.9,-6.5,5,8,True,False,False,True,True,True,True,True,True,True,True
SAIC,Science Applications International Corporation - Common Stock,125.96,73.5,5325188121.0,56945432,55.4,-3.7,2,8,True,True,False,True,True,True,True,True,True,True,True
EE,"Excelerate Energy, Inc. Class A Common Stock",38.56,73.5,4372785169.0,13396315,68.7,-10.7,5,8,True,False,False,True,True,True,True,True,True,True,True
PLGO,Pelagos Insurance Capital Limited Common Shares,24.52,73.4,2120493155.0,10761037,44.6,-6.9,5,7,False,False,False,True,True,True,True,False,True,True,True
WPM,Wheaton Precious Metals Corp Common Shares (Canada),153.33,73.4,69636347893.0,265615058,65.6,-7.5,5,7,False,False,False,True,True,True,False,True,True,True,True
VTRS,Viatris Inc. - Common Stock,16.34,73.3,18767974718.0,165158372,73.3,-11.1,5,7,False,False,False,True,True,True,True,False,True,True,True
VPG,"Vishay Precision Group, Inc. Common Stock",62.55,73.3,833192897.0,57784135,127.1,-58.8,5,5,False,False,False,False,True,True,True,False,True,False,True
SDGR,"Schrodinger, Inc. - Common Stock",19.7,73.2,1473670872.0,20333548,80.0,-14.4,0,5,False,False,False,True,False,False,False,True,True,True,True
JNJ,Johnson & Johnson Common Stock,268.04,73.2,645949219940.0,2033237581,54.6,-3.0,5,8,True,False,False,True,True,True,True,True,True,True,True
RIO,Rio Tinto Plc Common Stock,103.3,73.2,129748785727.0,253969421,68.2,-8.2,5,7,False,False,False,True,True,True,False,True,True,True,True
JBHT,"J.B. Hunt Transport Services, Inc. - Common Stock",261.03,73.1,24514616527.0,265379473,100.6,-12.9,5,7,False,False,False,True,True,True,True,False,True,True,True
VECO,Veeco Instruments Inc. - Common Stock,44.295,73.1,2707737404.0,62627387,90.0,-48.9,5,5,False,False,False,False,True,True,True,False,True,False,True
RRBI,"Red River Bancshares, Inc. - Common Stock",100.77,73.0,663480362.0,8099420,63.6,-3.4,5,8,True,False,False,True,True,True,True,True,True,True,True
THFF,First Financial Corporation  - Common Stock,79.24,73.0,942313839.0,8734773,54.7,-5.9,5,8,True,False,False,True,True,True,True,True,True,True,True
IDT,IDT Corporation Class B Common Stock,68.99,73.0,1715682368.0,12869643,50.9,-1.3,2,8,True,True,False,True,True,True,True,True,True,True,True
CSCO,"Cisco Systems, Inc. - Common Stock",109.93,72.9,433281912723.0,2618951788,66.2,-15.7,5,7,False,False,False,True,True,True,True,False,True,True,True
SXT,Sensient Technologies Corporation Common Stock,135.12,72.9,5751087022.0,60898488,63.6,-2.7,4,8,True,False,False,True,True,True,True,True,True,True,True
LAUR,"Laureate Education, Inc. - Common Stock",38.8,72.8,5344675168.0,42074784,55.3,-5.2,5,8,True,False,False,True,True,True,True,True,True,True,True
BAP,Credicorp Ltd. Common Stock,368.4,72.8,34770445583.0,119017096,59.9,-10.9,5,7,False,False,False,True,True,True,True,False,True,True,True
PBR,Petroleo Brasileiro S.A. Petrobras ADS,18.53,72.8,119414109040.0,287576325,62.1,-16.7,5,7,False,False,False,True,True,True,False,True,True,True,True
OSS,"One Stop Systems, Inc. - Common Stock",10.41,72.7,259626753.0,15116285,149.6,-50.1,5,5,False,False,False,False,True,True,True,False,True,False,True
BOX,"Box, Inc. Class A Common Stock",34.98,72.7,4799283040.0,88426699,63.9,-3.2,1,6,False,True,False,True,False,True,False,True,True,True,True
BELFB,Bel Fuse Inc. - Class B Common Stock,248.69,72.6,3590946821.0,76935831,91.4,-25.8,5,5,False,False,False,False,True,True,True,False,True,False,True
ALL,Allstate Corporation (The) Common Stock,260.58,72.6,65889724611.0,452126842,38.5,-6.0,5,8,True,False,False,True,True,True,True,True,True,True,True
RUSHB,"Rush Enterprises, Inc. - Class B Common Stock",76.9,72.5,5984379301.0,7170518,61.2,-5.7,5,8,True,False,False,True,True,True,True,True,True,True,True
BMY,Bristol-Myers Squibb Company Common Stock,66.58,72.5,136003941796.0,728048953,56.6,-3.0,5,8,True,False,False,True,True,True,True,True,True,True,True
GRMN,Garmin Ltd. Common Stock (Switzerland),285.19,72.5,54999614742.0,262736677,52.8,-9.3,5,8,True,False,False,True,True,True,True,True,True,True,True
DGX,Quest Diagnostics Incorporated Common Stock,242.76,72.4,26794236874.0,213712581,41.8,-1.8,5,8,True,False,False,True,True,True,True,True,True,True,True
SCL,Stepan Company Common Stock,62.65,72.4,1424193631.0,8756482,49.8,-7.9,3,8,True,False,False,True,True,True,True,True,True,True,True
DJCO,Daily Journal Corp. (S.C.) - Common Stock,623.68,72.3,859401103.0,30314256,78.9,-7.6,5,8,True,False,False,True,True,True,True,True,True,True,True
SNEX,StoneX Group Inc. - Common Stock,68.64,72.3,8279132690.0,93954803,88.3,-27.5,5,6,False,False,False,True,True,True,True,False,True,False,True
THG,Hanover Insurance Group Inc,227.67,72.3,7927519715.0,71988529,36.7,-3.6,5,8,True,False,False,True,True,True,True,True,True,True,True
NVCR,NovoCure Limited - Ordinary Shares,17.82,72.2,2075064869.0,28062708,81.5,-16.9,4,8,True,False,False,True,True,True,True,True,True,True,True
WK,Workiva Inc. Class A Common Stock,79.15,72.2,4307065025.0,51890956,82.6,-18.5,0,5,False,False,False,True,False,False,False,True,True,True,True
BHE,"Benchmark Electronics, Inc. Common Stock",71.31,72.1,2561450422.0,38374553,98.6,-29.0,5,5,False,False,False,False,True,True,True,False,True,False,True
NMAX,"Newsmax, Inc. Class B Common Stock",10.71,72.1,1383310508.0,9963775,109.6,-32.3,0,4,False,False,False,True,False,False,False,True,True,False,True
UNP,Union Pacific Corporation Common Stock,307.41,72.1,182624748840.0,814684487,45.8,-2.7,5,8,True,False,False,True,True,True,True,True,True,True,True
CROX,"Crocs, Inc. - Common Stock",122.23,72.0,5860326517.0,134963681,67.0,-13.5,4,7,False,False,False,True,True,True,True,False,True,True,True
DT,"Dynatrace, Inc. Common Stock",53.67,72.0,15510744210.0,284682241,69.7,-1.7,1,6,False,True,False,True,False,True,False,True,True,True,True
ICUI,"ICU Medical, Inc. - Common Stock",175.1,71.9,4378732354.0,50899665,55.6,-9.2,3,6,False,False,False,True,False,True,False,True,True,True,True
LNG,"Cheniere Energy, Inc. Common Stock",282.33,71.9,58310788828.0,478633091,51.6,-6.2,5,8,True,False,False,True,True,True,True,True,True,True,True
PEBO,Peoples Bancorp Inc. - Common Stock,39.66,71.8,1425472213.0,11958600,44.3,-6.2,5,8,True,False,False,True,True,True,True,True,True,True,True
SKWD,"Skyward Specialty Insurance Group, Inc. - Common Stock",58.29,71.8,2587871577.0,35160920,43.6,-11.3,2,7,False,False,False,True,True,True,True,False,True,True,True
WAB,Westinghouse Air Brake Technologies Corporation Common Stock,292.23,71.8,49360817988.0,274169506,58.6,-4.7,5,8,True,False,False,True,True,True,True,True,True,True,True
SPSC,"SPS Commerce, Inc. - Common Stock",84.92,71.7,3057134776.0,44063137,73.2,-26.1,0,4,False,False,False,True,False,False,False,True,True,False,True
FSM,Fortuna Mining Corp. Common Shares,12.26,71.7,3733873565.0,51812022,65.9,-11.5,1,7,False,False,False,True,True,True,False,True,True,True,True
BGC,"BGC Group, Inc. - Class A Common Stock",12.12,71.6,5762654247.0,35834179,46.6,-6.0,5,8,True,False,False,True,True,True,True,True,True,True,True
MEDP,"Medpace Holdings, Inc. - Common Stock",600.65,71.6,16765135576.0,176601713,61.0,-11.4,2,6,False,False,False,True,False,True,False,True,True,True,True
UNIT,Uniti Group Inc. - Common Stock,10.02,71.6,2432105853.0,24899785,89.1,-22.6,5,6,False,False,False,False,True,True,True,False,True,True,True
STLD,"Steel Dynamics, Inc. - Common Stock",234.665,71.5,33634085771.0,313855114,85.0,-18.7,5,7,False,False,False,True,True,True,True,False,True,True,True
NE,Noble Corporation plc A Ordinary Shares,45.76,71.5,7305227896.0,66586567,71.4,-16.8,5,7,False,False,False,True,True,True,False,True,True,True,True
IPAR,"Interparfums, Inc. - Common Stock",117.78,71.4,3771996486.0,35472486,52.5,-8.9,2,8,True,False,False,True,True,True,True,True,True,True,True
INGM,Ingram Micro Holding Corporation Common Stock,28.7,71.4,6619996645.0,30934192,52.9,-9.4,5,8,True,False,False,True,True,True,True,True,True,True,True
JLL,Jones Lang LaSalle Incorporated Common Stock,378.01,71.4,17391371811.0,124589856,45.5,-4.0,2,6,False,False,False,True,False,True,False,True,True,True,True
CART,Maplebear Inc. - Common Stock,50.54,71.3,11700013386.0,202858032,54.4,-2.9,2,6,False,False,False,True,False,True,False,True,True,True,True
DCOM,"Dime Commercial Bancshares, Inc. Common Stock",40.47,71.3,1787017400.0,13246490,57.9,-3.6,5,8,True,False,False,True,True,True,True,True,True,True,True
BY,"Byline Bancorp, Inc. Common Stock",38.3,71.2,1730639886.0,11364936,49.8,-4.3,5,8,True,False,False,True,True,True,True,True,True,True,True
IFS,Intercorp Financial Services Inc. Common Shares,54.65,71.2,6033234578.0,14465164,42.7,-11.0,5,7,False,False,False,True,True,True,True,False,True,True,True
GCMG,GCM Grosvenor Inc. - Class A Common Stock,13.72,71.1,2782307612.0,7039730,47.5,-7.7,2,8,True,False,False,True,True,True,True,True,True,True,True
ITIC,Investors Title Company - Common Stock,299.34,71.1,565152723.0,17638466,42.7,-3.3,5,6,False,True,False,True,False,True,False,True,True,True,True
NTCT,"NetScout Systems, Inc. - Common Stock",39.06,71.1,2839947607.0,25201286,60.9,-13.7,5,7,False,False,False,True,True,True,True,False,True,True,True
SHBI,"Shore Bancshares, Inc. - Common Stock",23.14,71.0,772234467.0,5072444,55.0,-7.0,5,7,False,False,False,True,True,True,True,False,True,True,True
UHAL,U-Haul Holding Company Common Stock,68.59,71.0,13333449822.0,12929841,63.5,-10.3,3,7,False,False,False,True,True,True,True,False,True,True,True
BRKR,Bruker Corporation - Common Stock,57.08,70.9,8696669757.0,129295834,100.1,-12.6,4,7,False,False,False,True,True,True,True,False,True,True,True
HURN,Huron Consulting Group Inc. - Common Stock,159.84,70.9,2543065908.0,42584476,88.3,-14.4,0,5,False,False,False,True,False,False,False,True,True,True,True
NOV,NOV Inc. Common Stock,20.99,70.9,7482475844.0,75793264,70.8,-3.1,5,8,True,False,False,True,True,True,True,True,True,True,True
CNXN,"PC Connection, Inc. - Common Stock",79.67,70.8,2010719347.0,12570148,44.9,-9.8,4,8,True,False,False,True,True,True,True,True,True,True,True
MET,"MetLife, Inc. Common Stock",96.51,70.8,61329878225.0,341246442,43.3,-4.4,4,8,True,False,False,True,True,True,True,True,True,True,True
FRHC,Freedom Holding Corp. - Common Stock,174.85,70.7,11153273400.0,23309865,61.9,-3.9,1,8,True,False,False,True,True,True,True,True,True,True,True
ASC,Ardmore Shipping Corporation Common Stock,17.36,70.7,708333379.0,10705349,68.4,-13.3,5,8,True,False,False,True,True,True,True,True,True,True,True
PNRG,PrimeEnergy Resources Corporation - Common Stock,209.7,70.6,331871220.0,15278823,65.9,-24.8,5,7,False,False,False,True,True,True,False,True,True,True,True
BMO,Bank Of Montreal Common Stock,171.86,70.6,119811579960.0,145742317,45.1,-8.2,5,7,False,False,False,True,True,True,True,False,True,True,True
MSM,"MSC Industrial Direct Company, Inc. Common Stock",119.2,70.6,6656878722.0,89887671,51.3,-8.6,5,7,False,False,False,True,True,True,True,False,True,True,True
CLPT,ClearPoint Neuro Inc. - Common Stock,15.55,70.5,474340730.0,10544023,88.0,-48.3,0,3,False,False,False,True,False,False,False,False,True,False,True
BVN,Buenaventura Mining Company Inc.,35.12,70.5,8920018769.0,35185632,89.5,-21.4,5,7,False,False,False,True,True,True,False,True,True,True,True
ALOY,REalloys Inc. - Common Stock,10.4,70.4,717471477.0,36056200,82.8,-61.3,5,4,False,False,False,False,True,True,False,False,True,False,True
NDSN,Nordson Corporation - Common Stock,324.59,70.4,18079457210.0,122504614,47.5,-4.3,5,8,True,False,False,True,True,True,True,True,True,True,True
LION,Lionsgate Studios Corp Common Shares,11.4,70.4,3392180352.0,35915342,94.0,-31.7,5,5,False,False,False,False,True,True,True,False,True,False,True
BWMN,Bowman Consulting Group Ltd. - Common Stock,42.58,70.3,738146101.0,11856745,69.8,-7.1,0,5,False,False,False,True,False,False,False,True,True,True,True
CNR,"Core Natural Resources, Inc. Common Stock",100.96,70.3,5011276507.0,51126440,43.5,-12.1,5,7,False,False,False,True,True,True,False,True,True,True,True
COKE,"Coca-Cola Consolidated, Inc. - Common Stock",198.49,70.2,13212346716.0,97562929,79.5,-9.6,5,8,True,False,False,True,True,True,True,True,True,True,True
DNLI,Denali Therapeutics Inc. - Common Stock,24.0,70.2,3836337672.0,39472111,90.8,-12.1,5,7,False,False,False,True,True,True,True,False,True,True,True
LH,Labcorp Holdings Inc. Common Stock,335.11,70.2,27177421000.0,209418224,37.0,-2.0,2,8,True,False,False,True,True,True,True,True,True,True,True
TTAN,"ServiceTitan, Inc. - Class A Common Stock",99.87,70.1,9527356215.0,118871401,84.4,-16.8,0,5,False,False,False,True,False,False,False,True,True,True,True
BDX,"Becton, Dickinson and Company Common Stock",189.52,70.1,51622746336.0,356286933,48.5,-1.8,2,8,True,False,False,True,True,True,True,True,True,True,True
AVBP,"ArriVent BioPharma, Inc. - Common Stock",30.17,70.0,1487614184.0,17236914,77.5,-15.8,5,7,False,False,False,True,True,True,True,False,True,True,True
KN,Knowles Corporation Common Stock,34.23,70.0,2923595459.0,39262275,66.4,-20.3,5,7,False,False,False,True,True,True,True,False,True,True,True
CAT,"Caterpillar, Inc. Common Stock",800.25,69.9,367854829922.0,2977742830,94.9,-25.5,5,4,False,False,False,False,True,True,True,False,True,False,False
RGA,"Reinsurance Group of America, Incorporated Common Stock",245.54,69.9,16034170824.0,83995295,37.8,-2.2,5,7,False,False,False,True,True,True,True,True,True,True,False
SLF,Sun Life Financial Inc. Common Stock,78.76,69.9,43858671963.0,65084577,37.6,-6.7,5,6,False,False,False,True,True,True,True,False,True,True,False
KGS,"Kodiak Gas Services, Inc. Common Stock",57.67,69.8,5830669468.0,122738085,77.2,-25.8,5,4,False,False,False,False,True,True,True,False,True,False,False
NIC,Nicolet Bankshares Inc. Common Stock,171.74,69.8,3599243283.0,44952056,50.5,-4.6,5,7,False,False,False,True,True,True,True,True,True,True,False
ARX,Accelerant Holdings Class A Common Shares,19.73,69.7,4285130131.0,73700291,114.9,-30.5,1,4,False,False,False,True,False,True,False,True,True,False,False
CVLG,"Covenant Logistics Group, Inc. Class A Common Stock",34.98,69.7,887714674.0,8048170,94.3,-29.9,5,5,False,False,False,True,True,True,True,False,True,False,False
SDRL,Seadrill Limited Common Shares,47.6,69.7,2976972687.0,35184139,69.4,-14.2,5,6,False,False,False,True,True,True,False,True,True,True,False
NEU,NewMarket Corp Common Stock,914.69,69.6,8411860604.0,102087722,57.7,-6.8,1,7,False,False,False,True,True,True,True,True,True,True,False
RY,Royal Bank Of Canada Common Stock,204.23,69.6,283834215324.0,323679148,42.7,-6.6,5,6,False,False,False,True,True,True,True,False,True,True,False
CSTM,Constellium SE Ordinary Shares (France),26.98,69.5,3656538101.0,50486559,98.7,-27.1,5,4,False,False,False,False,True,True,True,False,True,False,False
E,ENI S.p.A. Common Stock,52.81,69.5,83090332835.0,22226372,55.2,-8.9,5,7,False,False,False,True,True,True,True,True,True,True,False
MFC,Manulife Financial Corporation Common Stock,42.76,69.5,71361758379.0,94580101,41.6,-5.7,5,7,False,False,False,True,True,True,True,True,True,True,False
IMO,Imperial Oil Limited Common Stock,130.51,69.4,63113722430.0,62823630,56.7,-6.4,5,7,False,False,False,True,True,True,True,True,True,True,False
OKE,"ONEOK, Inc. Common Stock",94.76,69.4,59733829645.0,339042355,48.0,-3.2,5,7,False,False,False,True,True,True,True,True,True,True,False
LSCC,Lattice Semiconductor Corporation - Common Stock,114.4,69.3,16248263117.0,245211497,89.1,-27.1,5,4,False,False,False,False,True,True,True,False,True,False,False
CM,Canadian Imperial Bank of Commerce Common Stock,114.33,69.3,104589939303.0,157566153,52.4,-8.4,5,6,False,False,False,True,True,True,True,False,True,True,False
BIIB,Biogen Inc. - Common Stock,218.5,69.2,32284248563.0,241633136,66.1,-2.0,5,7,False,False,False,True,True,True,True,True,True,True,False
MS,Morgan Stanley Common Stock,214.77,69.2,337310522533.0,1169183594,47.4,-7.5,5,6,False,False,False,True,True,True,True,False,True,True,False
OFG,OFG Bancorp Common Stock,52.43,69.2,2215979850.0,17155163,46.8,-3.7,5,7,False,False,False,True,True,True,True,True,True,True,False
MTSI,"MACOM Technology Solutions Holdings, Inc. - Common Stock",265.27,69.1,20258916866.0,497524043,117.5,-36.7,5,4,False,False,False,False,True,True,True,False,True,False,False
UNM,Unum Group Common Stock,93.05,69.1,14730447554.0,134132724,35.4,-1.6,4,7,False,False,False,True,True,True,True,True,True,True,False
PCTY,Paylocity Holding Corporation - Common Stock,157.93,69.0,8379286167.0,100236285,69.8,-13.2,1,5,False,False,False,True,False,True,False,True,True,True,False
WSFS,WSFS Financial Corporation - Common Stock,78.3,69.0,4000394372.0,35592749,56.9,-5.6,5,6,False,False,False,True,True,True,True,False,True,True,False
DBRG,"DigitalBridge Group, Inc.",15.93,69.0,2986799826.0,55954476,78.2,-0.3,5,7,False,False,False,True,True,True,True,True,True,True,False
PAYX,"Paychex, Inc. - Common Stock",127.04,68.9,45185950534.0,349456299,48.7,-9.0,1,5,False,False,False,True,False,True,False,True,True,True,False
VRTX,Vertex Pharmaceuticals Incorporated - Common Stock,541.69,68.9,137297247922.0,776977439,44.8,-2.5,3,7,False,False,False,True,True,True,True,True,True,True,False
ACAD,ACADIA Pharmaceuticals Inc. - Common Stock,29.11,68.8,5015813629.0,46876653,47.8,-6.0,2,5,False,False,False,True,False,True,False,True,True,True,False
BAC,Bank of America Corporation Common Stock,62.32,68.8,435788078107.0,1969667749,35.1,-4.5,5,7,False,False,False,True,True,True,True,True,True,True,False
CPAY,"Corpay, Inc. Common Stock",407.88,68.8,26781237240.0,228377370,61.3,-4.2,3,7,False,False,False,True,True,True,True,True,True,True,False
QUIK,QuickLogic Corporation - Common Stock,10.81,68.7,198014780.0,5580387,125.2,-55.6,5,4,False,False,False,False,True,True,True,False,True,False,False
AIZ,"Assurant, Inc. Common Stock",285.65,68.7,14089334044.0,105322383,39.3,-6.0,5,7,False,False,False,True,True,True,True,True,True,True,False
HOPE,"Hope Bancorp, Inc. - Common Stock",13.92,68.6,1778166357.0,15345165,42.0,-4.6,5,7,False,False,False,True,True,True,True,True,True,True,False
TFSL,TFS Financial Corporation - Common Stock,17.53,68.6,4916161495.0,16144241,39.8,-10.1,5,6,False,False,False,True,True,True,True,False,True,True,False
CNS,Cohen & Steers Inc Common Stock,82.73,68.5,4254103425.0,23018353,41.7,-4.4,3,7,False,False,False,True,True,True,True,True,True,True,False
CVSA,Covista Inc. Common Shares,134.47,68.5,4577200125.0,46745243,54.6,-13.9,0,6,False,False,False,True,True,False,True,True,True,True,False
LAD,"Lithia Motors, Inc. Common Stock",370.36,68.5,8141666842.0,107033516,54.5,-15.7,2,5,False,False,False,True,False,True,False,True,True,True,False
CFR,"Cullen/Frost Bankers, Inc. Common Stock",161.69,68.4,10048837047.0,93540976,35.9,-5.3,5,7,False,False,False,True,True,True,True,True,True,True,False
PDS,Precision Drilling Corporation Common Stock,90.15,68.4,1149093189.0,8828685,68.8,-13.2,5,6,False,False,False,True,True,True,False,True,True,True,False
HIW,"Highwoods Properties, Inc. Common Stock",31.15,68.3,3436038473.0,51555544,52.3,-12.1,3,6,False,False,False,True,True,True,True,False,True,True,False
SOBO,South Bow Corporation Common Shares,37.43,68.3,7807322589.0,25468382,49.6,-3.9,5,7,False,False,False,True,True,True,True,True,True,True,False
VRT,"Vertiv Holdings, LLC Class A Common Stock",257.08,68.3,98972759515.0,1708841738,116.6,-32.3,5,4,False,False,False,False,True,True,True,False,True,False,False
FMBH,"First Mid Bancshares, Inc. - Common Stock",50.34,68.2,1339140250.0,7530138,47.4,-5.7,5,7,False,False,False,True,True,True,True,True,True,True,False
CRM,"Salesforce, Inc. Common Stock",256.0,68.2,209664000000.0,2792321370,75.0,-4.9,0,4,False,False,False,True,False,False,False,True,True,True,False
PFG,Principal Financial Group Inc - Common Stock,111.41,68.1,23853398054.0,157450987,43.0,-4.5,5,6,False,False,False,True,True,True,True,False,True,True,False
PL,Planet Labs PBC Class A Common Stock,19.98,68.1,7120922469.0,216526089,219.4,-61.4,5,3,False,False,False,False,True,True,False,False,True,False,False
ACT,"Enact Holdings, Inc. - Common Stock",49.07,68.0,6746323736.0,16899276,41.7,-2.9,5,7,False,False,False,True,True,True,True,True,True,True,False
DV,"DoubleVerify Holdings, Inc. Common Stock",13.38,68.0,2073724013.0,48073741,75.1,-18.6,1,5,False,False,False,True,False,True,False,True,True,True,False
SNDR,"Schneider National, Inc. Common Stock",34.44,68.0,6037362962.0,30522896,71.3,-12.3,5,6,False,False,False,True,True,True,True,False,True,True,False
ALSN,"Allison Transmission Holdings, Inc. Common Stock",126.32,67.9,10431257760.0,137392579,66.2,-8.2,5,7,False,False,False,True,True,True,True,True,True,True,False
LXFR,Luxfer Holdings PLC Ordinary Shares,17.17,67.9,459456168.0,5384954,52.5,-11.7,5,6,False,False,False,True,True,True,True,False,True,True,False
CFG,"Citizens Financial Group, Inc. Common Stock",69.71,67.8,29360233891.0,292117055,45.4,-7.5,5,6,False,False,False,True,True,True,True,False,True,True,False
EXK,Endeavour Silver Corporation Ordinary Shares (Canada),10.76,67.8,3185700310.0,66488250,87.1,-29.0,5,5,False,False,False,True,True,True,False,True,True,False,False
RXO,"RXO, Inc. Common Stock",21.91,67.8,3613531464.0,44101607,110.2,-26.7,5,5,False,False,False,True,True,True,True,False,True,False,False
BOW,Bowhead Specialty Holdings Inc. Common Stock,33.6,67.7,1106884968.0,10385832,58.4,-4.2,2,7,False,False,False,True,True,True,True,True,True,True,False
HOG,"Harley-Davidson, Inc. Common Stock",28.1,67.7,2924437447.0,68590254,64.4,-10.1,1,7,False,False,False,True,True,True,True,True,True,True,False
GSBC,"Great Southern Bancorp, Inc. - Common Stock",78.87,67.6,859486377.0,8482464,46.7,-4.9,5,6,False,False,False,True,True,True,True,False,True,True,False
WSBC,"WesBanco, Inc. - Common Stock",40.42,67.6,3876516033.0,51712500,36.7,-6.0,5,7,False,False,False,True,True,True,True,True,True,True,False
WTS,"Watts Water Technologies, Inc. Class A Common Stock",366.34,67.6,12229546537.0,114059319,40.9,-7.1,5,7,False,False,False,True,True,True,True,True,True,True,False
HTO,H2O America  - Common Stock,63.55,67.5,2659999894.0,28139026,45.3,-5.3,5,7,False,False,False,True,True,True,True,True,True,True,False
RBB,RBB Bancorp - Common Stock,26.275,67.5,444466954.0,5000440,57.0,-7.0,5,6,False,False,False,True,True,True,True,False,True,True,False
CAH,"Cardinal Health, Inc. Common Stock",234.55,67.4,54550637002.0,499701465,60.8,-9.2,5,7,False,False,False,True,True,True,True,True,True,True,False
GPC,Genuine Parts Company Common Stock,137.51,67.4,18957095323.0,209860456,51.5,-9.3,1,5,False,False,False,True,False,True,False,True,True,True,False
MPTI,"M-tron Industries, Inc. Common Stock",76.98,67.3,334591722.0,18940368,77.1,-26.6,5,5,False,False,False,True,True,True,True,False,True,False,False
USB,U.S. Bancorp Common Stock,62.47,67.3,97331473832.0,497153794,38.8,-5.5,5,6,False,False,False,True,True,True,True,False,True,True,False
ZGN,Ermenegildo Zegna N.V. Ordinary Shares,13.73,67.3,3683924447.0,15598488,66.8,-13.9,5,6,False,False,False,True,True,True,True,False,True,True,False
EDU,"New Oriental Education & Technology Group, Inc. Sponsored ADR representing 10 Ordinary Share (Cayman Islands)",58.83,67.2,9362544296.0,39683794,32.9,-9.5,0,4,False,False,False,True,False,False,False,True,True,True,False
GRND,Grindr Inc. Common Stock,15.59,67.2,2709863575.0,26479698,60.2,-15.7,2,6,False,False,False,True,True,True,True,False,True,True,False
RGLD,"Royal Gold, Inc. - Common Stock",262.85,67.1,22270717212.0,158819616,55.6,-14.2,5,6,False,False,False,True,True,True,False,True,True,True,False
NVT,nVent Electric plc Ordinary Shares ,148.48,67.1,24032666783.0,344435040,70.4,-19.6,5,6,False,False,False,True,True,True,True,False,True,True,False
WELL,Welltower Inc. Common Stock,238.07,67.1,171587750485.0,730242823,45.4,-6.7,5,7,False,False,False,True,True,True,True,True,True,True,False
PNTG,"The Pennant Group, Inc. - Common Stock",37.08,67.0,1295170064.0,11555090,66.6,-13.1,5,6,False,False,False,True,True,True,True,False,True,True,False
MOH,Molina Healthcare Inc Common Stock,200.0,67.0,10440000000.0,242454322,65.2,-18.3,4,6,False,False,False,True,True,True,True,False,True,True,False
APPF,"AppFolio, Inc. - Class A Common Stock",234.49,66.9,8304930454.0,75030571,64.5,-18.8,0,4,False,False,False,True,False,False,False,True,True,True,False
SIBN,"SI-BONE, Inc. - Common Stock",19.21,66.9,860964826.0,10345746,67.3,-12.2,2,5,False,False,False,True,False,True,False,True,True,True,False
WDAY,"Workday, Inc. - Class A Common Stock",204.72,66.9,50565840000.0,792499256,85.5,-18.1,0,4,False,False,False,True,False,False,False,True,True,True,False
FSBC,Five Star Bancorp - Common Stock,45.62,66.8,1119360331.0,8827294,48.7,-9.2,5,6,False,False,False,True,True,True,True,False,True,True,False
CALY,Callaway Golf Company Common Stock,15.69,66.8,2800830074.0,36459105,87.0,-22.6,5,5,False,False,False,False,True,True,True,False,True,True,False
ADP,"Automatic Data Processing, Inc. - Common Stock",287.48,66.7,114205091633.0,646069038,52.8,-5.8,1,5,False,False,False,True,False,True,False,True,True,True,False
RAL,Ralliant Corporation Common Stock,61.71,66.7,6827594894.0,109346402,65.6,-18.2,4,6,False,False,False,True,True,True,True,False,True,True,False
BBIO,"BridgeBio Pharma, Inc. - Common Stock",76.6,66.6,14974340508.0,261474031,57.0,-18.0,5,6,False,False,False,True,True,True,True,False,True,True,False
CCNE,CNB Financial Corporation - Common Stock,34.01,66.6,1007406299.0,5873641,49.2,-6.0,5,6,False,False,False,True,True,True,True,False,True,True,False
BSAC,Banco Santander - Chile ADS,35.14,66.6,16554992239.0,10519565,48.8,-6.8,5,7,False,False,False,True,True,True,True,True,True,True,False
POWL,"Powell Industries, Inc. - Common Stock",182.71,66.5,6656593768.0,182725914,117.9,-44.3,5,4,False,False,False,False,True,True,True,False,True,False,False
RSI,"Rush Street Interactive, Inc. Class A Common Stock",26.41,66.5,6121134385.0,84117704,70.3,-23.5,5,6,False,False,False,True,True,True,True,False,True,True,False
FRPT,"Freshpet, Inc. - Common Stock",70.82,66.4,3403472801.0,87509396,52.5,-17.7,2,6,False,False,False,True,True,True,False,True,True,True,False
CHE,Chemed Corp,523.38,66.4,6840556188.0,90103849,43.3,-6.0,2,7,False,False,False,True,True,True,True,True,True,True,False
RNR,RenaissanceRe Holdings Ltd. Common Stock,330.74,66.4,13742873091.0,103621892,43.1,-1.6,5,7,False,False,False,True,True,True,True,True,True,True,False
DB,Deutsche Bank AG Common Stock,40.36,66.3,75933304000.0,71941956,43.5,-0.8,2,5,False,True,False,True,False,True,False,True,True,True,False
PSO,"Pearson, Plc Common Stock",16.73,66.3,10636481253.0,12145331,39.2,-5.7,4,7,False,False,False,True,True,True,True,True,True,True,False
MMSI,"Merit Medical Systems, Inc. - Common Stock",90.49,66.2,5403195906.0,74317176,51.5,-4.5,1,5,False,False,False,True,False,True,False,True,True,True,False
BILL,"BILL Holdings, Inc. Common Stock",50.31,66.2,4290274902.0,108186441,60.2,-12.1,0,4,False,False,False,True,False,False,False,True,True,True,False
C,"Citigroup, Inc. Common Stock",132.9,66.2,222931348461.0,1606683642,43.0,-10.2,5,6,False,False,False,True,True,True,True,False,True,True,False
ACIW,"ACI Worldwide, Inc. - Common Stock",53.83,66.1,5434420623.0,58446588,41.5,-11.9,2,5,False,False,False,True,False,True,False,True,True,True,False
SCHW,Charles Schwab Corporation (The) Common Stock,110.16,66.1,190503622254.0,919875888,31.2,-3.8,2,5,False,False,False,True,False,True,False,True,True,True,False
EXEL,"Exelixis, Inc. - Common Stock",54.45,66.0,13491713129.0,144538633,61.3,-5.4,5,6,False,False,False,True,True,True,True,False,True,True,False
TNDM,"Tandem Diabetes Care, Inc. - Common Stock",21.43,66.0,1491071691.0,36183853,87.0,-27.7,5,4,False,False,False,True,False,True,False,True,True,False,False
BELFA,Bel Fuse Inc. - Class A Common Stock,207.35,65.9,2994019958.0,44009913,87.4,-29.4,5,4,False,False,False,False,True,True,True,False,True,False,False
CDE,"Coeur Mining, Inc. Common Stock",21.13,65.9,21720266508.0,688644136,69.6,-23.9,1,6,False,False,False,True,True,True,False,True,True,True,False
MAC,Macerich Company (The) Common Stock,23.75,65.9,6734535156.0,85734907,48.2,-11.0,5,6,False,False,False,True,True,True,True,False,True,True,False
PLTR,Palantir Technologies Inc. - Class A Common Stock,186.29,65.8,447478542789.0,6170272735,75.1,-10.2,0,4,False,False,False,True,False,False,False,True,True,True,False
TKR,Timken Company (The) Common Stock,120.82,65.8,8372444088.0,126265316,71.2,-17.5,5,6,False,False,False,True,True,True,True,False,True,True,False
LFUS,"Littelfuse, Inc. - Common Stock",405.415,65.7,10297033015.0,145976343,73.7,-19.0,5,6,False,False,False,True,True,True,True,False,True,True,False
OUST,"Ouster, Inc. - Common Stock",34.62,65.7,2496528968.0,175653265,111.1,-45.7,5,5,False,False,False,True,True,True,True,False,True,False,False
RUSHA,"Rush Enterprises, Inc. - Class A Common Stock",76.27,65.7,5935352527.0,38592725,67.0,-8.8,5,6,False,False,False,True,True,True,True,False,True,True,False
AZTA,"Azenta, Inc. - Common Stock",32.95,65.6,1443486549.0,20165955,106.8,-21.0,1,5,False,False,False,True,False,True,False,True,True,True,False
AMP,"Ameriprise Financial, Inc. Common Stock",559.32,65.6,50281237023.0,305496019,32.4,-2.3,2,7,False,False,False,True,True,True,True,True,True,True,False
ROG,Rogers Corporation Common Stock,125.52,65.5,2242833409.0,35494612,67.0,-25.7,5,4,False,False,False,False,True,True,True,False,True,False,False
STNG,Scorpio Tankers Inc. Common Shares,78.03,65.5,4039050504.0,62548848,59.5,-10.7,5,7,False,False,False,True,True,True,True,True,True,True,False
NWBI,"Northwest Bancshares, Inc. - Common Stock",15.34,65.4,2246682931.0,17070871,36.4,-5.1,5,7,False,False,False,True,True,True,True,True,True,True,False
ATEN,"A10 Networks, Inc. Common Stock",25.7,65.4,1866051840.0,44088952,55.6,-33.2,5,4,False,False,False,False,True,True,True,False,True,False,False
VAL,Valaris Limited Common Shares,86.29,65.4,5991615786.0,80122517,84.8,-24.4,5,5,False,False,False,False,True,True,False,True,True,True,False
FCFS,"FirstCash Holdings, Inc. - Common Stock",219.21,65.3,9507532278.0,101632261,51.6,-8.3,5,7,False,False,False,True,True,True,True,True,True,True,False
RAMP,"LiveRamp Holdings, Inc. Common Stock",37.74,65.3,2294402621.0,37173634,73.8,-1.3,3,7,False,False,False,True,True,True,True,True,True,True,False
DSGR,"Distribution Solutions Group, Inc. - Common Stock",34.79,65.2,1609226131.0,7394027,82.9,-0.8,2,7,False,False,False,True,True,True,True,True,True,True,False
CVEO,Civeo Corporation (Canada) Common Shares,33.12,65.2,342356770.0,5518884,67.7,-9.3,5,6,False,False,False,True,True,True,True,False,True,True,False
MANU,Manchester United Ltd. Class A Ordinary Shares,22.1,65.2,3810677784.0,6436221,51.5,-9.6,4,6,False,False,False,True,True,True,True,False,True,True,False
MTCH,"Match Group, Inc. - Common Stock",41.58,65.1,9544729956.0,130137830,44.3,-2.1,2,7,False,False,False,True,True,True,True,True,True,True,False
IFF,"International Flavors & Fragrances, Inc. Common Stock",87.95,65.1,22440439246.0,144027975,48.7,-1.5,4,7,False,False,False,True,True,True,True,True,True,True,False
CVX,Chevron Corporation Common Stock,201.86,65.0,398829189370.0,1577203142,37.8,-6.0,5,7,False,False,False,True,True,True,True,True,True,True,False
TMO,Thermo Fisher Scientific Inc Common Stock,622.18,65.0,230049366403.0,1148897091,42.9,-3.8,2,5,False,False,False,True,False,True,False,True,True,True,False
XPRO,Expro Ltd Ordinary Shares,17.61,65.0,1996890934.0,17595668,51.8,-8.4,5,6,False,False,False,True,True,True,False,True,True,True,False
PRAA,"PRA Group, Inc. - Common Stock",19.14,64.9,720582835.0,9818483,86.7,-15.1,2,7,False,False,False,True,True,True,True,True,True,True,False
IEX,IDEX Corporation Common Stock,230.28,64.9,16976217651.0,159719568,45.6,-5.5,5,7,False,False,False,True,True,True,True,True,True,True,False
BH,Biglari Holdings Inc. Class B Common Stock,376.97,64.8,877039554.0,53382131,60.5,-22.0,3,4,False,False,False,True,False,True,False,False,True,True,False
XOM,ExxonMobil Holdings Corporation Common Stock,156.71,64.8,644377723252.0,2301477318,44.6,-11.2,5,6,False,False,False,True,True,True,False,True,True,True,False
MBWM,Mercantile Bank Corporation - Common Stock,60.21,64.7,1040785785.0,7577661,40.8,-3.5,5,7,False,False,False,True,True,True,True,True,True,True,False
WTW,Willis Towers Watson Public Limited Company - Ordinary Shares,343.75,64.7,31924728344.0,179317950,42.9,-2.6,1,5,False,False,False,True,False,True,False,True,True,True,False
FNV,Franco-Nevada Corporation,266.16,64.7,51335293270.0,177050860,46.6,-6.8,1,6,False,False,False,True,True,True,False,True,True,True,False
LPLA,LPL Financial Holdings Inc. - Common Stock,370.69,64.6,29188979480.0,254240228,42.5,-7.4,1,5,False,False,False,True,False,True,False,True,True,True,False
WSM,"Williams-Sonoma, Inc. Common Stock (DE)",235.09,64.6,27681050780.0,247484872,42.0,-7.8,5,7,False,False,False,True,True,True,True,True,True,True,False
BUSE,First Busey Corporation - Common Stock,30.29,64.5,2501255997.0,24766537,37.7,-4.4,5,7,False,False,False,True,True,True,True,True,True,True,False
CSWC,Capital Southwest Corporation - Common Stock,25.47,64.5,1623301592.0,15897848,31.5,-1.0,5,7,False,True,False,True,True,True,True,True,True,True,False
IOT,Samsara Inc. Class A Common Stock,41.16,64.5,23984346975.0,195740060,76.0,-13.3,1,5,False,False,False,True,False,True,False,True,True,True,False
EMBJ,Embraer S.A. Common Stock,72.54,64.4,13107363949.0,79185388,35.4,-10.2,5,5,False,False,False,True,False,True,False,True,True,True,False
FHI,"Federated Hermes, Inc. Common Stock",64.41,64.4,4808868699.0,35057506,38.0,-4.2,5,7,False,False,False,True,True,True,True,True,True,True,False
AWR,American States Water Company Common Stock,89.88,64.3,3562450065.0,25974653,29.4,-2.0,5,6,False,False,False,True,True,True,True,True,False,True,False
CDP,COPT Defense Properties Common Shares of Beneficial Interest,36.59,64.3,4149688658.0,34971462,35.2,-5.9,5,6,False,False,False,True,True,True,True,False,True,True,False
GWRE,"Guidewire Software, Inc. Common Stock",205.85,64.3,17138322529.0,207185257,101.2,-24.5,0,4,False,False,False,True,False,False,False,True,True,True,False
ICLR,ICON plc - Ordinary Shares,170.02,64.2,13017976597.0,133379537,155.4,-16.6,0,4,False,False,False,True,False,False,False,True,True,True,False
EFXT,Enerflex Ltd Common Shares,20.0,64.2,2442057660.0,13040444,104.5,-31.4,5,3,False,False,False,False,True,True,False,False,True,False,False
DLO,DLocal Limited - Class A Common Shares,15.03,64.1,4432827299.0,38709709,41.3,-10.4,2,5,False,False,False,True,False,True,False,True,True,True,False
SON,Sonoco Products Company Common Stock,56.47,64.1,5583471419.0,62924734,46.1,-6.9,5,7,False,False,False,True,True,True,True,True,True,True,False
COMP,"Compass, Inc. Class A Common Stock",10.97,64.0,8310018501.0,150641864,72.2,-21.4,5,4,False,False,False,True,False,True,False,False,True,True,False
GFF,Griffon Corporation Common Stock,98.98,64.0,4483270990.0,33811032,52.3,-8.8,5,7,False,False,False,True,True,True,True,True,True,True,False
JPM,JP Morgan Chase & Co. Common Stock,357.62,64.0,950620547056.0,2828300155,28.1,-2.4,5,6,False,False,False,True,True,True,True,True,False,True,False
PSMT,"PriceSmart, Inc. - Common Stock",169.34,63.9,5225921134.0,55927838,58.5,-15.3,5,6,False,False,False,True,True,True,True,False,True,True,False
UVSP,Univest Financial Corporation - Common Stock,41.57,63.9,1146532526.0,10958872,48.3,-8.6,5,6,False,False,False,True,True,True,True,False,True,True,False
GEN,Gen Digital Inc. - Common Stock,31.02,63.8,18568169733.0,149217416,74.5,-0.9,1,5,False,True,False,True,False,True,False,True,True,True,False
BCH,Banco De Chile ADS,41.63,63.8,21026705452.0,11853204,47.1,-11.0,5,7,False,False,False,True,True,True,True,True,True,True,False
RS,"Reliance, Inc. Common Stock",387.59,63.8,19788234972.0,147054878,48.9,-10.5,5,6,False,False,False,True,True,True,True,False,True,True,False
CAI,"Caris Life Sciences, Inc. - Common Stock",25.63,63.7,7242914617.0,89833804,80.6,-34.6,0,3,False,False,False,True,False,False,False,True,True,False,False
GABC,"German American Bancorp, Inc. - Common Stock",49.92,63.7,1875934095.0,8550306,34.2,-4.4,5,7,False,False,False,True,True,True,True,True,True,True,False
CYTK,"Cytokinetics, Incorporated - Common Stock",72.09,63.6,10022198204.0,166249345,104.7,-18.4,5,6,False,False,False,True,True,True,True,False,True,True,False
SLP,"Simulations Plus, Inc. - Common Stock",18.39,63.6,371934771.0,7474388,65.8,-12.5,4,5,False,False,False,True,False,True,False,True,True,True,False
GHM,Graham Corporation Common Stock,86.08,63.6,1010323801.0,25755023,84.8,-31.6,5,4,False,False,False,False,True,True,True,False,True,False,False
LIVN,LivaNova PLC - Ordinary Shares,80.32,63.5,4425110482.0,55573110,64.5,-6.3,5,6,False,False,False,True,True,True,True,False,True,True,False
ALX,"Alexander's, Inc. Common Stock",270.19,63.5,1379938685.0,8988732,34.2,-6.6,5,7,False,False,False,True,True,True,True,True,True,True,False
CENX,Century Aluminum Company - Common Stock,46.59,63.4,4612097614.0,102386224,122.8,-33.8,5,4,False,False,False,False,True,True,False,True,True,False,False
RTX,RTX Corporation Common Stock,211.71,63.4,285333876666.0,999571241,40.6,-6.7,5,7,False,False,False,True,True,True,True,True,True,True,False
EGBN,"Eagle Bancorp, Inc. - Common Stock",27.57,63.3,840443136.0,8314781,83.4,-5.9,5,6,False,False,False,True,True,True,True,False,True,True,False
B,Barrick Mining Corporation Common Shares,45.65,63.3,75134623727.0,409772753,74.6,-16.5,5,5,False,False,False,True,False,True,False,True,True,True,False
WST,"West Pharmaceutical Services, Inc. Common Stock",337.47,63.3,23749708402.0,253579932,50.8,-12.6,5,6,False,False,False,True,True,True,True,False,True,True,False
IART,Integra LifeSciences Holdings Corporation - Common Stock,16.89,63.2,1313577626.0,15924068,94.1,-17.6,4,6,False,False,False,True,True,True,True,False,True,True,False
WRLD,World Acceptance Corporation - Common Stock,188.35,63.2,878309953.0,22078059,71.2,-17.3,3,6,False,False,False,True,True,True,True,False,True,True,False
HRMY,"Harmony Biosciences Holdings, Inc. - Common Stock",39.21,63.1,2283448970.0,29236836,53.6,-4.1,2,5,False,False,False,True,False,True,False,True,True,True,False
GEV,GE Vernova Inc. Common Stock,911.93,63.1,242877582521.0,2734449299,72.0,-23.7,5,5,False,False,False,False,True,True,True,False,True,True,False
KO,Coca-Cola Company (The) Common Stock,89.66,63.1,385766565127.0,1481780586,37.2,-3.1,5,7,False,False,False,True,True,True,True,True,True,True,False
PRK,Park National Corporation Common Stock,198.12,63.0,3578871577.0,21609995,32.9,-7.9,5,7,False,False,False,True,True,True,True,True,True,True,False
UNH,UnitedHealth Group Incorporated Common Stock (DE),392.95,63.0,352709895129.0,2167019466,53.5,-14.9,5,6,False,False,False,True,True,True,True,False,True,True,False
ADM,Archer-Daniels-Midland Company Common Stock,81.54,62.9,39298984398.0,298006859,46.7,-7.8,5,7,False,False,False,True,True,True,True,True,True,True,False
DNOW,DNOW Inc. Common Stock,15.93,62.9,2879919244.0,39290179,45.7,-7.7,1,5,False,False,False,True,False,True,False,True,True,True,False
REGN,"Regeneron Pharmaceuticals, Inc. - Common Stock",794.19,62.8,81765821920.0,591109041,46.8,-6.2,5,5,False,False,False,True,False,True,False,True,True,True,False
STBA,"S&T Bancorp, Inc. - Common Stock",49.79,62.8,1755868847.0,13461222,44.8,-6.9,5,6,False,False,False,True,True,True,True,False,True,True,False
GL,Globe Life Inc. Common Stock,172.79,62.8,13278815947.0,116636878,35.2,-9.8,5,6,False,False,False,True,True,True,True,False,True,True,False
SMBC,"Southern Missouri Bancorp, Inc. - Common Stock",73.98,62.7,814936455.0,8173989,55.4,-7.4,5,6,False,False,False,True,True,True,True,False,True,True,False
CCK,"Crown Holdings, Inc.",118.44,62.7,12881594923.0,120514199,32.8,-3.6,3,7,False,False,False,True,True,True,True,True,True,True,False
FANG,"Diamondback Energy, Inc. - Common Stock",197.67,62.6,55352413858.0,387933014,47.2,-8.9,5,7,False,False,False,True,True,True,True,True,True,True,False
HAL,Halliburton Company Common Stock,36.18,62.6,30142656678.0,400128394,69.1,-17.0,5,5,False,False,False,False,True,True,False,True,True,True,False
SOLV,Solventum Corporation Common Stock,91.12,62.6,15510786186.0,99685771,46.1,-1.7,3,5,False,False,False,True,False,True,False,True,True,True,False
GLBE,Global-E Online Ltd. - ordinary shares,39.95,62.5,6694353106.0,55556555,48.8,-9.2,2,5,False,False,False,True,False,True,False,True,True,True,False
CNI,Canadian National Railway Company Common Stock,126.01,62.5,76122641000.0,180891724,38.9,-4.2,5,7,False,False,False,True,True,True,True,True,True,True,False
IOSP,Innospec Inc. - Common Stock,95.38,62.4,2349309263.0,15611637,45.6,-1.3,2,7,False,True,False,True,True,True,True,True,True,True,False
BCS,Barclays PLC Common Stock,26.86,62.4,93379408747.0,116758945,39.2,-6.4,5,6,False,False,False,True,True,True,True,False,True,True,False
CNMD,CONMED Corporation Common Stock,49.98,62.4,1496963375.0,25838933,59.0,-11.8,1,5,False,False,False,True,False,True,False,True,True,True,False
UMBF,UMB Financial Corporation - Common Stock,144.585,62.3,10981235088.0,93932067,39.9,-5.7,5,6,False,False,False,True,True,True,True,False,True,True,False
GPN,Global Payments Inc. Common Stock,91.82,62.3,24297260570.0,269206930,50.1,-4.2,1,5,False,False,False,True,False,True,False,True,True,True,False
NTB,Bank of N.T. Butterfield & Son Limited (The) Voting Ordinary Shares,59.3,62.2,2372000000.0,11683502,46.1,-7.6,5,6,False,False,False,True,True,True,True,False,True,True,False
SA,"Seabridge Gold, Inc. Common Shares New",32.39,62.2,3493948686.0,19952686,96.9,-19.1,5,6,False,False,False,True,True,True,False,True,True,True,False
EBC,"Eastern Bankshares, Inc. - Common Stock",22.29,62.1,5093522494.0,71321778,34.2,-6.2,5,6,False,False,False,True,True,True,True,False,True,True,False
DVN,Devon Energy Corporation Common Stock,47.35,62.1,52085000000.0,512780933,50.5,-10.2,5,6,False,False,False,True,True,True,False,True,True,True,False
PRU,"Prudential Financial, Inc. Common Stock",119.79,62.1,41327550000.0,214807319,30.4,-6.2,4,5,False,False,False,True,False,True,False,True,True,True,False
RHLD,Resolute Holdings Management Common Stock ,135.55,62.0,1059946102.0,22182595,116.7,-42.6,5,3,False,False,False,False,False,True,False,True,True,False,False
SXI,Standex International Corporation Common Stock,298.44,62.0,3616933135.0,54912580,51.5,-18.0,5,6,False,False,False,True,True,True,True,False,True,True,False
GS,"Goldman Sachs Group, Inc. (The) Common Stock",1033.99,61.9,301068324158.0,2141860915,43.4,-10.4,5,6,False,False,False,True,True,True,True,False,True,True,False
GWW,"W.W. Grainger, Inc. Common Stock",1306.3,61.9,61527960535.0,405299532,44.1,-8.0,5,6,False,False,False,True,True,True,True,False,True,True,False
OXY,Occidental Petroleum Corporation Common Stock,59.1,61.9,59078568626.0,479801869,52.3,-12.4,5,7,False,False,False,True,True,True,True,True,True,True,False
UBSI,"United Bankshares, Inc. - Common Stock",47.6,61.8,6483718380.0,47187114,39.6,-4.1,5,7,False,False,False,True,True,True,True,True,True,True,False
MUSA,Murphy USA Inc. Common Stock,503.19,61.8,9248806807.0,168824362,43.8,-20.9,5,5,False,False,False,False,True,True,True,False,True,True,False
FFBC,First Financial Bancorp. - Common Stock,32.82,61.7,3445080611.0,34398809,42.3,-9.5,5,6,False,False,False,True,True,True,True,False,True,True,False
FULT,Fulton Financial Corporation - Common Stock,23.675,61.7,4519902279.0,45185598,42.6,-6.2,5,6,False,False,False,True,True,True,True,False,True,True,False
RJF,"Raymond James Financial, Inc. Common Stock",179.36,61.7,34501996485.0,217966836,29.2,-1.8,1,4,False,False,False,True,False,True,False,True,False,True,False
CATY,Cathay General Bancorp - Common Stock,61.87,61.6,4127584043.0,30586911,38.8,-5.2,5,6,False,False,False,True,True,True,True,False,True,True,False
SIRI,SiriusXM Holdings Inc. - Common Stock,28.54,61.6,9619889069.0,121700935,44.4,-12.6,5,6,False,False,False,True,True,True,True,False,True,True,False
SWBI,"Smith & Wesson Brands, Inc. - Common Stock",12.78,61.5,573051110.0,10009983,59.6,-27.2,5,4,False,False,False,False,True,True,True,False,True,False,False
WIX,Wix.com Ltd. - Ordinary Shares,87.62,61.5,3666854154.0,92234876,118.2,-54.1,0,3,False,False,False,True,False,False,False,True,True,False,False
HSTM,"HealthStream, Inc. - Common Stock",29.38,61.4,859069878.0,5629029,50.7,-5.6,1,7,False,False,False,True,True,True,True,True,True,True,False
EOG,"EOG Resources, Inc. Common Stock",143.35,61.4,75191257380.0,458291977,41.1,-6.7,5,7,False,False,False,True,True,True,True,True,True,True,False
NSC,Norfolk Southern Corporation Common Stock,348.68,61.4,78316447498.0,387003654,30.0,-2.8,5,6,False,False,False,True,True,True,True,True,False,True,False
CGNX,Cognex Corporation - Common Stock,60.46,61.3,10170813487.0,148514079,74.7,-17.0,5,6,False,False,False,True,True,True,True,False,True,True,False
LNC,Lincoln National Corporation Common Stock,43.29,61.3,8287755175.0,82684976,34.5,-9.2,2,5,False,False,False,True,False,True,False,True,True,True,False
CASY,"Caseys General Stores, Inc. - Common Stock",755.47,61.2,27956102380.0,333306735,54.2,-18.6,5,5,False,False,False,False,True,True,True,False,True,True,False
NMIH,NMI Holdings Inc - Common Stock,44.81,61.2,3370511903.0,22374043,28.6,-4.1,2,6,False,False,False,True,True,True,True,True,False,True,False
AXTA,Axalta Coating Systems Ltd. Common Shares,37.02,61.2,7923020289.0,58989493,48.5,-4.1,3,7,False,False,False,True,True,True,True,True,True,True,False
HST,"Host Hotels & Resorts, Inc. - Common Stock",22.28,61.1,15264571610.0,230202731,42.7,-13.3,5,6,False,False,False,True,True,True,True,False,True,True,False
EIG,Employers Holdings Inc Common Stock,49.17,61.1,883118080.0,11102129,37.6,-6.5,3,6,False,False,False,True,True,True,True,False,True,True,False
CTO,"CTO Realty Growth, Inc. Common Stock",21.57,61.0,808561243.0,8366098,43.1,-5.0,5,6,False,False,False,True,True,True,True,False,True,True,False
MGA,"Magna International, Inc. Common Stock",65.86,61.0,17482823228.0,86237776,52.8,-10.1,5,6,False,False,False,True,True,True,True,False,True,True,False
OMC,Omnicom Group Inc. Common Stock,88.28,61.0,24219261967.0,287247207,33.1,-1.4,2,7,False,False,False,True,True,True,True,True,True,True,False
NWSA,News Corporation - Class A Common Stock,30.97,60.9,16756400199.0,129233278,39.5,-2.2,1,7,False,False,False,True,True,True,True,True,True,True,False
ROST,"Ross Stores, Inc. - Common Stock",228.55,60.9,73314514920.0,666087799,59.4,-11.1,5,6,False,False,False,True,True,True,True,False,True,True,False
MPB,Mid Penn Bancorp - Common Stock,36.67,60.8,929042334.0,6204525,38.1,-6.3,5,7,False,False,False,True,True,True,True,True,True,True,False
SW,Smurfit WestRock plc Ordinary Shares,48.29,60.8,25329211227.0,250480070,47.5,-8.3,2,7,False,False,False,True,True,True,True,True,True,True,False
SHC,Sotera Health Company - Common Stock,19.27,60.7,5499172300.0,52403317,47.2,-2.9,5,5,False,False,False,True,False,True,False,True,True,True,False
CLH,"Clean Harbors, Inc. Common Stock",310.71,60.7,16401525826.0,143164998,54.3,-7.5,5,7,False,False,False,True,True,True,True,True,True,True,False
HXL,Hexcel Corporation Common Stock,94.87,60.7,7174396891.0,103783925,57.4,-15.1,5,6,False,False,False,True,True,True,True,False,True,True,False
NCNO,"nCino, Inc. - Common Stock",22.99,60.6,2430874640.0,53826008,66.6,-31.2,0,3,False,False,False,True,False,False,False,True,True,False,False
LLY,Eli Lilly and Company Common Stock,1174.61,60.6,1105727422120.0,3358133428,65.0,-9.1,5,6,False,False,False,True,True,True,True,False,True,True,False
BCAT,BlackRock Capital Allocation Term Trust Common Shares of Beneficial Interest,16.0,60.5,1730160000.0,10731916,16.5,-1.2,5,6,False,False,False,True,True,True,True,True,False,True,False
CPF,Central Pacific Financial Corp New,37.83,60.5,974025353.0,6267020,38.2,-7.7,5,6,False,False,False,True,True,True,True,False,True,True,False
DIN,"Dine Brands Global, Inc. Common Stock",33.6,60.5,425347440.0,9704485,50.1,-15.3,5,4,False,False,False,True,False,True,False,False,True,True,False
SCHL,Scholastic Corporation - Common Stock,38.96,60.4,738867205.0,15509142,71.7,-19.0,5,5,False,False,False,False,True,True,True,False,True,True,False
FLR,Fluor Corporation Common Stock,53.27,60.4,7124386639.0,132068643,35.4,-8.0,3,7,False,False,False,True,True,True,True,True,True,True,False
BTU,Peabody Energy Corporation Common Stock ,28.92,60.3,3525348000.0,59112439,75.7,-29.7,0,3,False,False,False,True,False,False,False,True,True,False,False
DOC,"Healthpeak Properties, Inc. Common Stock",20.96,60.3,14452491370.0,128124206,33.5,-8.7,5,6,False,False,False,True,True,True,True,False,True,True,False
FCF,First Commonwealth Financial Corporation Common Stock,20.85,60.3,2107016036.0,16311531,39.0,-6.7,5,7,False,False,False,True,True,True,True,True,True,True,False
HSIC,"Henry Schein, Inc. - Common Stock",89.52,60.2,9976694440.0,110352505,44.5,-2.9,5,7,False,False,False,True,True,True,True,True,True,True,False
DE,Deere & Company Common Stock,630.33,60.2,170149657100.0,721193176,45.6,-6.5,5,7,False,False,False,True,True,True,True,True,True,True,False
NBTB,NBT Bancorp Inc. - Common Stock,51.55,60.1,2678541145.0,18794446,31.5,-5.4,5,7,False,False,False,True,True,True,True,True,True,True,False
SHOP,Shopify Inc. - Class A Subordinate Voting Shares,152.9,60.1,198129505723.0,1209253326,62.7,-16.1,0,4,False,False,False,True,False,False,False,True,True,True,False
SHOO,"Steven Madden, Ltd. - Common Stock",44.24,60.0,3237354683.0,47424612,55.0,-11.0,5,4,False,False,False,True,False,True,False,False,True,True,False
ZVRA,"Zevra Therapeutics, Inc.  - Common Stock",11.565,60.0,686773427.0,15885199,61.5,-23.1,3,6,False,False,False,True,True,True,True,False,True,True,False
FDS,FactSet Research Systems Inc. Common Stock,308.98,60.0,10989041476.0,247326369,67.0,-19.0,1,5,False,False,False,True,False,True,False,True,True,True,False
AFRM,"Affirm Holdings, Inc. - Class A Common Stock",77.76,59.9,26041712414.0,317510675,84.7,-22.2,1,5,False,False,False,True,False,True,False,True,True,True,False
ENS,EnerSys Common Stock,185.46,59.9,6688656443.0,110044184,88.4,-24.1,5,5,False,False,False,False,True,True,True,False,True,True,False
ZION,Zions Bancorporation N.A. - Common Stock,67.78,59.8,9892718402.0,109909349,46.7,-7.6,5,6,False,False,False,True,True,True,True,False,True,True,False
KNX,Knight-Swift Transportation Holdings Inc.,67.24,59.8,10943713440.0,264948447,74.1,-18.9,5,6,False,False,False,True,True,True,True,False,True,True,False
MTG,MGIC Investment Corporation Common Stock,30.99,59.8,6356818792.0,52239094,25.5,-2.8,2,4,False,False,False,True,False,True,False,True,False,True,False
ORRF,"Orrstown Financial Services, Inc. - Common Stock",41.96,59.7,825337507.0,5664858,31.7,-4.2,5,7,False,False,False,True,True,True,True,True,True,True,False
MATV,"Mativ Holdings, Inc. Common Stock",12.13,59.7,669455889.0,5864699,71.6,-21.6,1,5,False,False,False,True,False,True,False,True,True,True,False
FMX,Fomento Economico Mexicano S.A.B. de C.V. Common Stock,120.12,59.6,40922657936.0,62648078,44.1,-15.1,5,6,False,False,False,True,True,True,True,False,True,True,False
M,Macy's Inc Common Stock,22.01,59.6,5789465368.0,123061116,68.1,-17.2,5,4,False,False,False,True,False,True,False,False,True,True,False
SRZN,"Surrozen, Inc. - Common Stock",22.42,59.5,263514770.0,5223826,102.9,-35.9,5,3,False,False,False,False,True,True,False,False,True,False,False
BWA,BorgWarner Inc. Common Stock,64.09,59.5,13052976628.0,155574121,58.2,-18.7,5,6,False,False,False,True,True,True,True,False,True,True,False
XYZ,"Block, Inc. Class A Common Stock,",83.57,59.5,50208438150.0,405211785,73.3,-3.9,2,7,False,False,False,True,True,True,True,True,True,True,False
KMTS,"Kestra Medical Technologies, Ltd. - Common Stock",25.64,59.4,1502584022.0,9644562,66.3,-14.5,5,5,False,False,False,True,False,True,False,True,True,True,False
FLNG,FLEX LNG Ltd. Ordinary Shares,31.48,59.4,1702827996.0,11200755,31.2,-5.7,5,7,False,False,False,True,True,True,True,True,True,True,False
CCEP,Coca-Cola Europacific Partners plc - Ordinary Shares,109.1,59.3,49529483440.0,201881257,28.9,-4.0,3,6,False,False,False,True,True,True,True,True,False,True,False
NWS,News Corporation - Class B Common Stock,34.85,59.3,18855684434.0,46547379,36.7,-2.5,1,7,False,False,False,True,True,True,True,True,True,True,False
UNFI,"United Natural Foods, Inc. Common Stock",45.8,59.3,2771776612.0,27147807,68.3,-19.7,5,5,False,False,False,False,True,True,True,False,True,True,False
ABBV,AbbVie Inc. Common Stock,255.48,59.2,451463123972.0,1721610212,33.9,-4.5,5,7,False,False,False,True,True,True,True,True,True,True,False
HWM,Howmet Aerospace Inc. Common Stock,264.85,59.2,105622550525.0,726605810,55.1,-14.6,5,6,False,False,False,True,True,True,True,False,True,True,False
CNOB,"ConnectOne Bancorp, Inc. - Common Stock",31.73,59.1,1722792407.0,14786095,36.8,-7.1,5,6,False,False,False,True,True,True,True,False,True,True,False
TTE,TotalEnergies SE Ordinary Shares,86.35,59.1,188403766775.0,138731240,50.5,-8.3,5,6,False,False,False,True,True,True,False,True,True,True,False
WAT,Waters Corporation Common Stock,414.69,59.1,40742509151.0,335838700,46.7,-2.7,4,5,False,False,False,True,False,True,False,True,True,True,False
AXSM,"Axsome Therapeutics, Inc. - Common Stock",199.02,59.0,10424830398.0,208350380,76.3,-23.5,5,5,False,False,False,False,True,True,True,False,True,True,False
NBN,Northeast Bank - Common Stock,129.23,59.0,1050639900.0,16358035,60.0,-9.2,5,6,False,False,False,True,True,True,True,False,True,True,False
GO,Grocery Outlet Holding Corp. - Common Stock,12.17,58.9,1205858268.0,26535973,115.2,-35.2,0,3,False,False,False,True,False,False,False,True,True,False,False
PNC,"PNC Financial Services Group, Inc. (The) Common Stock",242.22,58.9,96632135021.0,469474418,36.9,-6.5,5,6,False,False,False,True,True,True,True,False,True,True,False
CHCO,City Holding Company - Common Stock,143.46,58.8,2014918654.0,18700166,26.7,-3.7,5,6,False,False,False,True,True,True,True,True,False,True,False
R,"Ryder System, Inc. Common Stock",245.86,58.8,9427960966.0,90266744,55.9,-13.5,5,6,False,False,False,True,True,True,True,False,True,True,False
SGHC,Super Group (SGHC) Limited Ordinary Shares,13.82,58.8,7021621210.0,37396379,63.4,-12.9,5,6,False,False,False,True,True,True,True,False,True,True,False
SFST,"Southern First Bancshares, Inc. - Common Stock",62.26,58.7,589711466.0,7953535,52.2,-4.3,5,7,False,False,False,True,True,True,True,True,True,True,False
SPNT,SiriusPoint Ltd. Common Shares,24.18,58.7,2808870087.0,18004752,40.8,-8.7,5,7,False,False,False,True,True,True,True,True,True,True,False
HBCP,"Home Bancorp, Inc. - Common Stock",69.44,58.6,546544880.0,7372395,37.4,-6.8,5,6,False,False,False,True,True,True,True,False,True,True,False
QCRH,"QCR Holdings, Inc. - Common Stock",100.63,58.6,1647878037.0,13024005,51.0,-6.9,5,7,False,False,False,True,True,True,True,True,True,True,False
WERN,"Werner Enterprises, Inc. - Common Stock",38.42,58.6,2304322334.0,47371094,66.6,-19.1,5,6,False,False,False,True,True,True,True,False,True,True,False
CECO,CECO Environmental Corp. - Common Stock,69.67,58.5,4080560056.0,68215561,62.9,-31.2,5,4,False,False,False,False,True,True,True,False,True,False,False
HWC,Hancock Whitney Corporation - Common Stock,75.07,58.5,6022344964.0,66346162,38.9,-6.3,5,6,False,False,False,True,True,True,True,False,True,True,False
GPRE,"Green Plains, Inc. - Common Stock",14.66,58.4,1027597508.0,23166937,69.5,-25.4,5,4,False,False,False,False,True,True,True,False,True,False,False
OUT,OUTFRONT Media Inc. Common Stock,29.6,58.4,5213603430.0,57699312,74.4,-15.3,5,5,False,False,False,False,True,True,True,False,True,True,False
SQM,Sociedad Quimica y Minera S.A. Common Stock,78.63,58.4,22459700843.0,70373954,93.8,-19.8,5,6,False,False,False,True,True,True,False,True,True,True,False
GM,General Motors Company Common Stock,86.27,58.3,75697744442.0,567532014,58.8,-6.1,5,7,False,False,False,True,True,True,True,True,True,True,False
TTC,Toro Company (The) Common Stock,99.03,58.3,9430580752.0,60076201,46.4,-5.9,5,7,False,False,False,True,True,True,True,True,True,True,False
CCS,"Century Communities, Inc. Common Stock",69.16,58.2,1966419364.0,19766455,46.3,-9.0,2,7,False,False,False,True,True,True,True,True,True,True,False
FITB,Fifth Third Bancorp Common Stock,54.54,58.2,49461920441.0,349019818,36.2,-8.3,5,6,False,False,False,True,True,True,True,False,True,True,False
TXN,Texas Instruments Incorporated - Common Stock,258.64,58.1,236202381507.0,2363833761,69.3,-22.6,5,6,False,False,False,True,True,True,True,False,True,True,False
TFII,TFI International Inc. Common Shares,133.31,58.1,10956753033.0,45247612,65.3,-20.5,5,6,False,False,False,True,True,True,True,False,True,True,False
TOST,"Toast, Inc. Class A Common Stock",35.15,58.1,20316700000.0,361002166,57.9,-23.0,0,4,False,False,False,True,False,False,False,True,True,True,False
SBUX,Starbucks Corporation - Common Stock,107.85,58.0,122949000000.0,752669828,38.3,-2.4,5,7,False,False,False,True,True,True,True,True,True,True,False
BALL,Ball Corporation Common Stock,63.77,58.0,16880133076.0,136384968,42.2,-6.6,5,7,False,False,False,True,True,True,True,True,True,True,False
HCSG,"Healthcare Services Group, Inc. - Common Stock",22.44,57.9,1540106613.0,17900173,48.3,-12.9,5,6,False,False,False,True,True,True,True,False,True,True,False
A,"Agilent Technologies, Inc. Common Stock",153.84,57.9,43449330265.0,308384618,42.0,-6.1,3,5,False,False,False,True,False,True,False,True,True,True,False
AHR,"American Healthcare REIT, Inc. Common Stock",55.53,57.9,12948774156.0,190507856,38.8,-5.4,5,7,False,False,False,True,True,True,True,True,True,True,False
AJG,Arthur J. Gallagher & Co. Common Stock,267.56,57.8,68575628000.0,384758149,40.3,-14.7,0,4,False,False,False,True,False,False,False,True,True,True,False
J,Jacobs Solutions Inc. Common Stock,151.98,57.8,17787528100.0,134035727,43.8,-9.8,0,4,False,False,False,True,False,False,False,True,True,True,False
AVPT,"AvePoint, Inc. - Class A Common Stock",14.0,57.7,2961915964.0,27762576,58.5,-16.5,0,4,False,False,False,True,False,False,False,True,True,True,False
EPD,Enterprise Products Partners L.P. Common Stock,39.02,57.7,84262799134.0,115097802,30.0,-2.9,5,7,False,False,False,True,True,True,True,True,True,True,False
QTWO,"Q2 Holdings, Inc. Common Stock",65.13,57.7,4061161285.0,48941908,59.7,-23.5,1,5,False,False,False,True,False,True,False,True,True,True,False
ASMB,"Assembly Biosciences, Inc. - Common Stock",34.07,57.6,693685506.0,7193787,68.4,-14.2,2,5,False,False,False,True,False,True,False,True,True,True,False
VTR,"Ventas, Inc. Common Stock",91.81,57.6,47093605220.0,328606118,38.3,-9.6,5,6,False,False,False,True,True,True,True,False,True,True,False
HASI,"HA Sustainable Infrastructure Capital, Inc. Common Stock",40.0,57.5,5139831600.0,36226781,46.6,-9.4,5,7,False,False,False,True,True,True,True,True,True,True,False
SHO,"Sunstone Hotel Investors, Inc. Sunstone Hotel Investors, Inc. Common Shares",11.33,57.5,2106744852.0,31585533,30.4,-6.1,5,6,False,False,False,True,True,True,True,False,True,True,False
ALRM,"Alarm.com Holdings, Inc. - Common Stock",57.47,57.4,2821215403.0,24523417,38.5,-3.2,1,5,False,False,False,True,False,True,False,True,True,True,False
PRGS,Progress Software Corporation - Common Stock,44.76,57.4,1835739284.0,26435190,87.9,-5.5,0,4,False,False,False,True,False,False,False,True,True,True,False
ASB,Associated Banc-Corp Common Stock,30.92,57.4,5839231456.0,59602442,29.6,-4.7,5,5,False,False,False,True,True,True,True,False,False,True,False
CACC,Credit Acceptance Corporation - Common Stock,594.89,57.3,6175303236.0,91566519,48.0,-11.1,4,6,False,False,False,True,True,True,True,False,True,True,False
AEM,Agnico Eagle Mines Limited Common Stock,206.25,57.3,104684455838.0,519391337,53.5,-19.2,1,6,False,False,False,True,True,True,False,True,True,True,False
KWR,Quaker Houghton Common Stock,165.91,57.2,2854929839.0,25894013,47.9,-9.3,5,7,False,False,False,True,True,True,True,True,True,True,False
PH,Parker-Hannifin Corporation Common Stock,995.02,57.2,125419752604.0,624817283,39.1,-9.5,5,7,False,False,False,True,True,True,True,True,True,True,False
WCC,"WESCO International, Inc. Common Stock",336.42,57.2,16394706743.0,227524753,65.4,-12.7,5,6,False,False,False,True,True,True,True,False,True,True,False
CRBG,Corebridge Financial Inc. Common Stock,32.61,57.1,14536641942.0,134974437,47.0,-7.4,1,5,False,False,False,True,False,True,False,True,True,True,False
DVA,DaVita Inc. Common Stock,180.68,57.1,11527384000.0,181702491,78.9,-27.0,5,5,False,False,False,True,True,True,True,False,True,False,False
EG,"Everest Group, Ltd. Common Stock",377.61,57.0,14478599786.0,134345745,24.9,-5.8,2,6,False,False,False,True,True,True,True,True,False,True,False
MSI,"Motorola Solutions, Inc. Common Stock",486.0,57.0,80429980968.0,435816278,35.2,-1.5,1,7,False,False,False,True,True,True,True,True,True,True,False
AAPL,Apple Inc. - Common Stock,319.7,56.9,4665759346000.0,17273467695,41.5,-7.2,5,7,False,False,False,True,True,True,True,True,True,True,False
EQIX,"Equinix, Inc. - Common Stock",1044.41,56.9,103053695575.0,637558975,44.9,-7.5,5,6,False,False,False,True,True,True,True,False,True,True,False
GLUE,"Monte Rosa Therapeutics, Inc. - Common Stock",13.38,56.9,1141493305.0,30030592,190.9,-48.1,5,4,False,False,False,False,True,True,True,False,True,False,False
BFST,"Business First Bancshares, Inc. - Common Stock",31.21,56.8,1015881848.0,7993374,38.3,-4.0,5,7,False,False,False,True,True,True,True,True,True,True,False
SRPT,"Sarepta Therapeutics, Inc. - Common Stock",20.86,56.8,2203379658.0,61342537,42.1,-17.6,0,4,False,False,False,True,False,False,False,True,True,True,False
EWBC,"East West Bancorp, Inc. - Common Stock",129.44,56.7,17734814641.0,111167197,39.7,-5.8,5,6,False,False,False,True,True,True,True,False,True,True,False
APH,Amphenol Corporation Common Stock,157.74,56.7,194490810507.0,1129888859,49.6,-11.6,5,6,False,False,False,True,True,True,True,False,True,True,False
CBAN,"Colony Bankcorp, Inc. Common Stock",21.34,56.7,452855393.0,5806418,35.1,-5.0,5,7,False,False,False,True,True,True,True,True,True,True,False
NVST,Envista Holdings Corporation Common Stock,27.13,56.6,4357558445.0,75093884,44.5,-10.8,5,7,False,False,False,True,True,True,True,True,True,True,False
TCBX,"Third Coast Bancshares, Inc. Common Stock",45.13,56.6,751638796.0,5266188,26.3,-2.6,5,6,False,False,False,True,True,True,True,True,False,True,False
VLY,Valley National Bancorp - Common Stock,13.92,56.5,7692264746.0,97294991,44.4,-8.4,5,6,False,False,False,True,True,True,True,False,True,True,False
MTDR,Matador Resources Company Common Stock,56.39,56.5,6978500240.0,106196809,51.8,-15.6,5,6,False,False,False,True,True,True,False,True,True,True,False
PBA,Pembina Pipeline Corp. Ordinary Shares (Canada),48.01,56.5,27920455550.0,47739274,32.6,-6.9,5,6,False,False,False,True,True,True,True,False,True,True,False
CURB,Curbline Properties Corp. Common Stock,29.99,56.4,3449990370.0,44955933,36.8,-6.7,5,6,False,False,False,True,True,True,True,False,True,True,False
MTB,M&T Bank Corporation Common Stock,237.29,56.4,34268534810.0,264534386,35.8,-7.3,5,6,False,False,False,True,True,True,True,False,True,True,False
ISTR,Investar Holding Corporation - Common Stock,30.29,56.3,417306118.0,5585706,41.3,-4.7,5,7,False,False,False,True,True,True,True,True,True,True,False
DAL,"Delta Air Lines, Inc. Common Stock",80.07,56.3,52655876012.0,557667427,45.5,-16.3,5,6,False,False,False,True,True,True,True,False,True,True,False
AM,Antero Midstream Corporation Common Stock,22.29,56.2,10580483460.0,53513865,31.4,-6.5,5,7,False,False,False,True,True,True,True,True,True,True,False
CVS,CVS Health Corporation Common Stock,93.06,56.2,119020982539.0,798374387,33.9,-15.9,5,6,False,False,False,True,True,True,True,False,True,True,False
EQH,"Equitable Holdings, Inc. Common Stock",50.2,56.2,13706364881.0,142127406,42.6,-9.0,1,5,False,False,False,True,False,True,False,True,True,True,False
CUZ,Cousins Properties Incorporated Common Stock,29.44,56.1,4845884588.0,47162569,40.0,-10.7,3,6,False,False,False,True,True,True,True,False,True,True,False
V,Visa Inc.,381.6,56.1,681825793860.0,2882415646,29.8,-1.0,2,4,False,False,False,True,False,True,False,True,False,True,False
ICFI,"ICF International, Inc. - Common Stock",90.22,56.0,1617995014.0,19900770,53.4,-11.1,1,5,False,False,False,True,False,True,False,True,True,True,False
IDCC,"InterDigital, Inc. - Common Stock",335.15,56.0,8648883246.0,82144767,34.5,-18.8,0,4,False,False,False,True,False,False,False,True,True,True,False
CACI,"CACI International, Inc. Class A Common Stock",628.2,56.0,13882930400.0,156860853,44.5,-8.1,1,5,False,False,False,True,False,True,False,True,True,True,False
LYFT,"Lyft, Inc. - Class A Common Stock",17.7,55.9,6700162407.0,188072662,42.1,-30.7,0,3,False,False,False,True,False,False,False,True,True,False,False
VSEC,VSE Corporation - Common Stock,215.82,55.9,6056982257.0,98515798,39.5,-12.9,5,7,False,False,False,True,True,True,True,True,True,True,False
MCHB,Mechanics Bancorp - Class A Common Stock,15.89,55.8,3500758649.0,9534409,26.9,-8.6,5,5,False,False,False,True,True,True,True,False,False,True,False
LYV,"Live Nation Entertainment, Inc. Common Stock",181.65,55.8,42802890669.0,401977665,44.9,-4.0,5,7,False,False,False,True,True,True,True,True,True,True,False
WBI,WaterBridge Infrastructure LLC Class A Shares Representing Limited Liability Company Interests,31.44,55.8,3881463211.0,38303884,68.7,-14.8,1,6,False,False,False,True,True,True,True,False,True,True,False
HMN,Horace Mann Educators Corporation Common Stock,51.35,55.7,2079729123.0,13819161,24.4,-7.6,5,5,False,False,False,True,True,True,True,False,False,True,False
NPO,Enpro Inc. Common Stock,298.96,55.7,6328289912.0,87804508,48.0,-23.4,5,6,False,False,False,True,True,True,True,False,True,True,False
AMKR,"Amkor Technology, Inc. - Common Stock",47.88,55.6,11895904359.0,334970036,104.9,-50.5,5,4,False,False,False,False,True,True,True,False,True,False,False
OC,Owens Corning Inc Common Stock New,143.13,55.6,11314237998.0,155350570,46.8,-10.5,2,6,False,False,False,True,True,True,True,False,True,True,False
MCRI,"Monarch Casino & Resort, Inc. - Common Stock",122.57,55.5,2196763399.0,19992885,39.1,-9.8,5,6,False,False,False,True,True,True,True,False,True,True,False
MNTN,"MNTN, Inc. Class A Common Stock",13.23,55.5,989645846.0,13381239,72.5,-39.0,0,3,False,False,False,True,False,False,False,True,True,False,False
MUR,Murphy Oil Corporation Common Stock,35.63,55.5,5108669484.0,64199288,46.6,-17.8,5,5,False,False,False,False,True,True,False,True,True,True,False
BFC,Bank First Corporation - Common Stock,152.81,55.4,1693991606.0,13744971,28.3,-4.0,5,6,False,False,False,True,True,True,True,True,False,True,False
VIK,Viking Holdings Ltd Ordinary Shares,88.5,55.4,39452064452.0,277364760,57.0,-19.6,5,6,False,False,False,True,True,True,True,False,True,True,False
TTEK,"Tetra Tech, Inc. - Common Stock",36.54,55.3,9355863399.0,100959472,41.6,-15.3,1,5,False,False,False,True,False,True,False,True,True,True,False
PFS,"Provident Financial Services, Inc Common Stock",23.51,55.3,3066235749.0,23953749,32.9,-7.8,5,6,False,False,False,True,True,True,True,False,True,True,False
TEX,Terex Corporation Common Stock,63.73,55.3,7284339000.0,91885841,52.8,-14.7,5,6,False,False,False,True,True,True,True,False,True,True,False
PCAR,PACCAR Inc. - Common Stock,125.34,55.2,65974583209.0,423947236,35.9,-10.0,5,6,False,False,False,True,True,True,True,False,True,True,False
ADX,Adams Diversified Equity Fund Inc.,25.96,55.2,,7384655,24.2,-2.3,5,6,False,False,False,True,True,True,True,True,False,True,False
BLKB,"Blackbaud, Inc. - Common Stock",48.62,55.1,2206866516.0,27109788,90.1,-31.2,0,3,False,False,False,True,False,False,False,True,True,False,False
FMNB,Farmers National Banc Corp. - Common Stock,15.68,55.1,929001929.0,7107297,29.4,-4.7,5,6,False,False,False,True,True,True,True,True,False,True,False
RLI,RLI Corp. Common Stock (DE),64.31,55.1,5901919701.0,51442295,36.1,-6.1,2,5,False,False,False,True,False,True,False,True,True,True,False
ASND,Ascendis Pharma A/S - Ordinary Share,247.91,55.0,16281063836.0,168269105,33.2,-12.1,5,6,False,False,False,True,True,True,True,False,True,True,False
NTR,Nutrien Ltd. Common Shares,73.51,55.0,35429043748.0,178382906,38.6,-13.9,5,6,False,False,False,True,True,True,False,True,True,True,False
FBNC,First Bancorp - Common Stock,63.99,54.9,2647536402.0,16413924,39.2,-4.2,5,7,False,False,False,True,True,True,True,True,True,True,False
CSW,"CSW Industrials, Inc. Common Stock",318.5,54.9,5189475610.0,46347127,38.2,-10.4,3,5,False,False,False,True,False,True,False,True,True,True,False
JCAP,"Jefferson Capital, Inc. - Common Stock",21.09,54.8,1211104554.0,7896782,36.1,-13.7,2,5,False,False,False,True,False,True,False,True,True,True,False
BBT,Beacon Financial Corporation Common stock,31.39,54.8,2630986940.0,26344004,37.6,-4.4,5,7,False,False,False,True,True,True,True,True,True,True,False
ELV,"Elevance Health, Inc. Common Stock",394.43,54.8,85539754055.0,533249351,43.5,-9.6,4,6,False,False,False,True,True,True,True,False,True,True,False
BBY,"Best Buy Co., Inc. Common Stock",82.44,54.7,17375641867.0,307612200,49.6,-9.7,3,6,False,False,False,True,True,True,True,False,True,True,False
CP,Canadian Pacific Kansas City Limited Common Shares,94.12,54.7,83979877986.0,235022288,37.6,-2.9,5,7,False,False,False,True,True,True,True,True,True,True,False
ACLS,"Axcelis Technologies, Inc. - Common Stock",115.57,54.6,3568973684.0,70481253,57.0,-40.4,5,4,False,False,False,False,True,True,True,False,True,False,False
ESNT,Essent Group Ltd. Common Shares,68.9,54.6,6192490368.0,46055632,24.5,-2.1,2,4,False,False,False,True,False,True,False,True,False,True,False
TFIN,"Triumph Financial, Inc. Common Stock",71.86,54.6,1717061429.0,19559575,54.8,-14.0,5,6,False,False,False,True,True,True,True,False,True,True,False
HTLD,"Heartland Express, Inc. - Common Stock",12.18,54.5,941911202.0,9674159,74.0,-26.8,5,4,False,False,False,False,True,True,True,False,True,False,False
AIT,"Applied Industrial Technologies, Inc. Common Stock",322.22,54.5,11825105380.0,97108724,35.2,-14.0,5,6,False,False,False,True,True,True,True,False,True,True,False
CVLT,"Commvault Systems, Inc. - Common Stock",136.4,54.4,5653038530.0,96439645,90.1,-31.2,0,2,False,False,False,True,False,False,False,False,True,False,False
GLNG,Golar LNG Limited - Common Shares,50.29,54.4,5108924288.0,62801223,43.6,-13.0,5,7,False,False,False,True,True,True,True,True,True,True,False
BEAM,Beam Therapeutics Inc. - Common Stock,29.32,54.3,3028394338.0,67119127,83.0,-23.4,5,6,False,False,False,True,True,True,True,False,True,True,False
BOKF,BOK Financial Corporation - Common Stock,137.48,54.3,8354228875.0,35320593,33.8,-6.4,5,6,False,False,False,True,True,True,True,False,True,True,False
GSBD,"Goldman Sachs BDC, Inc. Common Stock",10.13,54.3,1140324649.0,8896751,21.2,-12.1,1,6,False,False,False,True,True,True,True,True,False,True,False
PRG,"PROG Holdings, Inc. Common Stock",39.1,54.2,1557416850.0,25378773,51.6,-18.1,5,6,False,False,False,True,True,True,True,False,True,True,False
VNO,Vornado Realty Trust Common Stock,38.2,54.2,7132724284.0,60755267,55.5,-11.9,1,4,False,False,False,True,False,True,False,False,True,True,False
LYB,LyondellBasell Industries NV Ordinary Shares Class A (Netherlands),63.67,54.1,20567826404.0,283522685,53.1,-24.1,5,6,False,False,False,True,True,True,False,True,True,True,False
NXG,NXG NextGen Infrastructure Income Fund Common Shares of Beneficial Interest,56.29,54.1,146450481.0,7041222,22.9,-14.4,5,5,False,False,False,True,True,True,True,False,False,True,False
PUMP,ProPetro Holding Corp. Common Stock,10.98,54.1,1348606609.0,48832743,142.9,-40.6,5,3,False,False,False,False,True,True,False,False,True,False,False
TRNS,"Transcat, Inc. - Common Stock",85.85,54.0,803539946.0,12948540,70.9,-14.2,3,6,False,False,False,True,True,True,True,False,True,True,False
NVGS,Navigator Holdings Ltd. Ordinary Shares (Marshall Islands),22.06,54.0,1361101360.0,10134591,56.7,-9.4,5,7,False,False,False,True,True,True,True,True,True,True,False
TPG,TPG Inc. - Class A Common Stock,53.97,53.9,20396275801.0,123781079,46.1,-23.3,0,4,False,False,False,True,False,False,False,True,True,True,False
SBH,"Sally Beauty Holdings, Inc. (Name to be changed from Sally Holdings, Inc.) Common Stock",16.55,53.9,1549448933.0,22132313,43.4,-7.6,1,5,False,False,False,True,False,True,False,True,True,True,False
VVX,"V2X, Inc. Common Stock",77.69,53.9,2435220863.0,55349045,52.7,-17.3,5,6,False,False,False,True,True,True,True,False,True,True,False
PJT,PJT Partners Inc. Class A Common Stock,182.8,53.8,7496922125.0,78028316,43.1,-6.6,1,5,False,False,False,True,False,True,False,True,True,True,False
SPIR,"Spire Global, Inc. Class A Common Stock",13.17,53.8,534996626.0,13302597,99.5,-49.2,5,3,False,False,False,False,True,True,False,False,True,False,False
PRM,"Perimeter Solutions, SA Common Stock",30.62,53.7,5012093582.0,57119117,55.4,-19.8,5,6,False,False,False,True,True,True,True,False,True,True,False
SNDA,"Sonida Senior Living, Inc. Common Stock",37.46,53.7,1799877705.0,24469375,50.1,-15.6,5,6,False,False,False,True,True,True,True,False,True,True,False
AEIS,"Advanced Energy Industries, Inc. - Common Stock",272.82,53.6,10926561586.0,250406434,89.3,-31.4,5,3,False,False,False,False,True,True,False,False,True,False,False
HTGC,"Hercules Capital, Inc. Common Stock",17.48,53.6,3271626720.0,25813135,27.6,-10.9,1,4,False,False,False,True,False,True,False,True,False,True,False
JBL,Jabil Inc. Common Stock,301.45,53.6,31588067979.0,416067693,59.0,-29.7,5,4,False,False,False,False,True,True,True,False,True,False,False
CARG,"CarGurus, Inc. - Class A Common Stock",36.56,53.5,3256526356.0,38583605,38.5,-11.3,1,5,False,False,False,True,False,True,False,True,True,True,False
CMPR,Cimpress plc - Ordinary Shares,89.28,53.5,2173921217.0,19029448,58.5,-16.2,5,6,False,False,False,True,True,True,True,False,True,True,False
XPEL,"XPEL, Inc. - Common Stock",49.76,53.4,1371920420.0,11447921,58.0,-11.0,5,5,False,False,False,True,False,True,False,True,True,True,False
GRDN,"Guardian Pharmacy Services, Inc. Class A Common Stock",37.06,53.4,2347465786.0,16157496,60.2,-21.2,5,5,False,False,False,False,True,True,True,False,True,True,False
OGC,OceanaGold Corporation Common Shares,30.07,53.4,6742235952.0,13080420,72.9,-30.6,5,4,False,False,False,False,True,True,False,True,True,False,False
ANDE,"The Andersons, Inc. - Common Stock",64.56,53.3,2193462799.0,24141028,71.3,-21.4,5,5,False,False,False,False,True,True,True,False,True,True,False
NOG,"Northern Oil and Gas, Inc. Common Stock",25.73,53.3,2741509063.0,63783851,49.8,-17.5,1,6,False,False,False,True,True,True,False,True,True,True,False
NVDA,NVIDIA Corporation - Common Stock,217.55,53.2,5242955000000.0,27971255143,32.6,-8.0,5,7,False,False,False,True,True,True,True,True,True,True,False
ENR,"Energizer Holdings, Inc. Common Stock",22.27,53.2,1525130596.0,22748082,41.4,-26.5,0,5,False,False,False,True,True,False,True,True,True,False,False
MCY,Mercury General Corporation Common Stock,102.97,53.2,5703366922.0,32145638,38.6,-8.9,5,6,False,False,False,True,True,True,True,False,True,True,False
EXLS,"ExlService Holdings, Inc. - Common Stock",38.4,53.1,5821919962.0,83193113,54.5,-14.8,0,4,False,False,False,True,False,False,False,True,True,True,False
HAFC,Hanmi Financial Corporation - Common Stock,31.14,53.1,923277801.0,8232184,36.3,-7.0,5,6,False,False,False,True,True,True,True,False,True,True,False
HBNC,"Horizon Bancorp, Inc. - Common Stock",19.56,53.0,1004298792.0,14104249,30.7,-7.0,5,6,False,False,False,True,True,True,True,False,True,True,False
VCEL,Vericel Corporation - Common Stock,40.95,53.0,2096910843.0,25718281,41.5,-17.0,3,6,False,False,False,True,True,True,True,False,True,True,False
MSFT,Microsoft Corporation - Common Stock,513.53,52.9,3813240375993.0,16188661443,47.1,-7.3,0,4,False,False,False,True,False,False,False,True,True,True,False
AUB,Atlantic Union Bankshares Corporation Common Stock,40.66,52.9,5806853671.0,46667018,31.7,-6.8,5,6,False,False,False,True,True,True,True,False,True,True,False
KEX,Kirby Corporation Common Stock,139.06,52.9,7342368000.0,78925986,74.9,-11.8,5,7,False,False,False,True,True,True,True,True,True,True,False
RDNT,"RadNet, Inc. - Common Stock",74.61,52.8,5871602345.0,54690255,46.8,-13.1,0,4,False,False,False,True,False,False,False,True,True,True,False
BNL,"Broadstone Net Lease, Inc. Common Stock",21.09,52.8,4047022758.0,46507265,22.9,-8.7,5,5,False,False,False,True,True,True,True,False,False,True,False
BRUN,Boost Run Inc. - Class A Common Stock,17.05,52.7,1355260869.0,46932277,66.2,-59.4,5,4,False,False,False,False,True,True,True,False,True,False,False
IRON,"Disc Medicine, Inc. - Common Stock",80.03,52.7,3072579305.0,41393554,100.1,-19.6,0,4,False,False,False,True,False,False,False,True,True,True,False
HCI,"HCI Group, Inc. Common Stock",186.29,52.7,2317236533.0,31226896,28.7,-11.5,0,3,False,False,False,True,False,False,False,True,False,True,False
AXON,"Axon Enterprise, Inc. - Common Stock",600.73,52.6,48801752313.0,537559786,77.2,-24.4,0,4,False,False,False,True,False,False,False,True,True,True,False
CBIO,"Crescent Biopharma, Inc. - Common Stock",17.75,52.6,659304935.0,5689795,103.6,-35.2,5,6,False,False,False,True,True,True,True,True,True,False,False
BHRB,Burke & Herbert Financial Services Corp. - Common Stock,71.71,52.5,1447612136.0,10882102,24.9,-4.5,5,6,False,False,False,True,True,True,True,True,False,True,False
NTSK,"Netskope, Inc. - Class A Common Stock",15.09,52.5,6095207863.0,64465766,96.9,-46.1,0,3,False,False,False,True,False,False,False,True,True,False,False
HIPO,Hippo Holdings Inc. Common Stock,33.18,52.5,875599662.0,5605635,37.8,-14.9,0,4,False,False,False,True,False,False,False,True,True,True,False
CENTA,Central Garden & Pet Company - Class A Common Stock Nonvoting,37.81,52.4,2366626130.0,13158522,45.6,-7.3,3,6,False,False,False,True,True,True,True,False,True,True,False
SYBT,"Stock Yards Bancorp, Inc. - Common Stock",79.84,52.4,2480360777.0,15668448,29.8,-10.5,2,5,False,False,False,True,True,True,True,False,False,True,False
CZR,"Caesars Entertainment, Inc. - Common Stock",29.73,52.3,6056606660.0,119820426,66.5,-3.7,3,6,False,False,False,True,True,True,True,False,True,True,False
PM,Philip Morris International Inc Common Stock,191.89,52.3,299082332810.0,946253318,35.0,-7.6,4,7,False,False,False,True,True,True,True,True,True,True,False
GOOGL,Alphabet Inc. - Class A Common Stock,346.59,52.2,4238795700000.0,10780864508,68.1,-15.2,5,6,False,False,False,True,True,True,True,False,True,True,False
SFNC,Simmons First National Corporation - Common Stock,22.69,52.2,3279017872.0,33202977,33.5,-6.7,5,6,False,False,False,True,True,True,True,False,True,True,False
PWR,"Quanta Services, Inc. Common Stock",602.7,52.2,88795657803.0,850078829,66.0,-23.6,5,5,False,False,False,False,True,True,True,False,True,True,False
APEI,"American Public Education, Inc. - Common Stock",46.01,52.1,842053993.0,16837671,58.4,-25.3,5,3,False,False,False,False,True,True,False,False,True,False,False
URBN,"Urban Outfitters, Inc. - Common Stock",81.09,52.1,6944148880.0,89011566,36.2,-5.1,2,5,False,False,False,True,False,True,False,True,True,True,False
WABC,Westamerica Bancorporation - Common Stock,58.07,52.0,1342064655.0,11070483,29.2,-8.7,5,5,False,False,False,True,True,True,True,False,False,True,False
FLS,Flowserve Corporation Common Stock,80.33,52.0,10210969617.0,138556778,64.9,-13.1,5,6,False,False,False,True,True,True,False,True,True,True,False
KGC,Kinross Gold Corporation Common Stock,31.27,52.0,37339507000.0,220875696,55.8,-20.0,1,6,False,False,False,True,True,True,False,True,True,True,False
COLD,"Americold Realty Trust, Inc. Common Stock",15.01,51.9,4285063071.0,60263065,48.6,-11.1,3,6,False,False,False,True,True,True,True,False,True,True,False
LW,"Lamb Weston Holdings, Inc. Common Stock ",54.98,51.9,7558705985.0,82285800,46.1,-18.0,0,4,False,False,False,True,False,False,False,True,True,True,False
MA,Mastercard Incorporated Common Stock,595.3,51.8,521488717282.0,1818780229,28.2,-1.1,1,4,False,False,False,True,False,True,False,True,False,True,False
URI,"United Rentals, Inc. Common Stock",1030.25,51.8,64125324292.0,523053909,46.8,-12.6,5,6,False,False,False,True,True,True,True,False,True,True,False
OPLN,"OPENLANE, Inc. Common Stock",35.09,51.7,4283431563.0,49009954,44.3,-18.2,5,6,False,False,False,True,True,True,True,False,True,True,False
RF,Regions Financial Corporation Common Stock,30.33,51.7,25839021917.0,287444664,33.6,-6.6,5,6,False,False,False,True,True,True,True,False,True,True,False
SKY,"Champion Homes, Inc. Common Stock",90.22,51.7,4897153689.0,62503348,41.7,-9.0,5,5,False,False,False,True,False,True,False,True,True,True,False
IPI,"Intrepid Potash, Inc Common Stock",37.6,51.6,505970942.0,7231701,66.7,-25.3,5,5,False,False,False,True,True,True,False,True,True,False,False
WMB,"Williams Companies, Inc. (The) Common Stock",73.73,51.6,90184137711.0,527639042,31.4,-7.9,5,7,False,False,False,True,True,True,True,True,True,True,False
CWBC,Community West Bancshares - Common Stock,25.82,51.5,700524434.0,9215460,30.5,-8.3,5,6,False,False,False,True,True,True,True,False,True,True,False
IRM,Iron Mountain Incorporated (Delaware)Common Stock REIT,117.4,51.5,34950310129.0,229862328,51.0,-12.8,5,6,False,False,False,True,True,True,True,False,True,True,False
OMF,"OneMain Holdings, Inc. Common Stock",62.84,51.5,7229205912.0,63890458,37.3,-12.6,5,5,False,False,False,True,False,True,False,True,True,True,False
PLMR,"Palomar Holdings, Inc. - Common stock",131.63,51.4,3464196613.0,38122814,30.6,-10.8,2,4,False,False,False,True,False,True,False,False,True,True,False
VZ,Verizon Communications Inc. Common Stock,50.1,51.4,208154237620.0,1242156937,30.5,-3.1,5,6,False,False,False,True,True,True,False,True,True,True,False
FAF,First American Corporation (New) Common Stock,74.47,51.3,7603387000.0,59009282,32.5,-6.8,5,7,False,False,False,True,True,True,True,True,True,True,False
HMY,Harmony Gold Mining Company Limited,20.23,51.3,12841351057.0,60146012,60.8,-22.4,1,5,False,False,False,True,False,True,False,True,True,True,False
HPP,"Hudson Pacific Properties, Inc. Common Stock",13.14,51.3,713091257.0,11340636,149.8,-39.4,0,2,False,False,False,True,False,False,False,False,True,False,False
ADI,"Analog Devices, Inc. - Common Stock",361.78,51.2,175306093928.0,1719042446,61.9,-18.9,5,5,False,False,False,False,True,True,True,False,True,True,False
EXTR,"Extreme Networks, Inc. - Common Stock",22.58,51.2,2946478945.0,55667685,67.5,-33.1,4,5,False,False,False,True,True,True,True,False,True,False,False
BKNG,Booking Holdings Inc. - Common Stock,205.63,51.1,154506372215.0,1260159528,37.0,-9.3,1,5,False,False,False,True,False,True,False,True,True,True,False
SANM,Sanmina Corporation - Common Stock,194.01,51.1,10398423038.0,240424848,75.7,-32.8,5,5,False,False,False,True,True,True,True,False,True,False,False
DOCU,"DocuSign, Inc. - Common Stock",64.0,51.0,12220454912.0,179296777,59.4,-26.1,0,3,False,False,False,True,False,False,False,True,True,False,False
AGRO,Adecoagro S.A. Common Shares,10.74,51.0,1549872925.0,8146735,55.9,-32.4,5,4,False,False,False,False,True,True,False,True,True,False,False
SPG,"Simon Property Group, Inc. Common Stock",214.56,51.0,69421213058.0,388316886,24.6,-10.0,5,5,False,False,False,True,True,True,True,False,False,True,False
ONB,Old National Bancorp - Common Stock,25.85,50.9,9889434500.0,113596389,33.3,-5.5,5,6,False,False,False,True,True,True,True,False,True,True,False
EQBK,"Equity Bancshares, Inc. Class A Common Stock",49.62,50.9,1021799354.0,6892286,28.5,-5.1,5,5,False,False,False,True,True,True,True,False,False,True,False
COCO,"The Vita Coco Company, Inc. - Common Stock",61.71,50.8,3622018959.0,76382910,80.1,-28.1,5,4,False,False,False,False,True,True,True,False,True,False,False
GILD,"Gilead Sciences, Inc. - Common Stock",145.68,50.8,180636666980.0,939523050,34.3,-7.4,5,6,False,False,False,True,True,True,False,True,True,True,False
NBBK,"NB Bancorp, Inc. - Common Stock",22.46,50.8,984163285.0,7259501,33.4,-4.3,5,7,False,False,False,True,True,True,True,True,True,True,False
OSW,OneSpaWorld Holdings Limited - Common Shares,25.26,50.7,2563857465.0,25444233,32.5,-13.6,5,6,False,False,False,True,True,True,True,False,True,True,False
TFX,Teleflex Incorporated Common Stock,139.67,50.7,5918152689.0,70353139,39.4,-3.7,5,7,False,False,False,True,True,True,True,True,True,True,False
THRM,Gentherm Inc - Common Stock,39.545,50.6,1214241761.0,16830207,46.5,-18.2,3,5,False,False,False,True,False,True,False,True,True,True,False
CARS,Cars.com Inc. Common Stock ,11.94,50.6,639180605.0,7910781,61.4,-14.5,1,5,False,False,False,True,False,True,False,True,True,True,False
PKG,Packaging Corporation of America Common Stock,240.39,50.6,21418340097.0,151380049,25.5,-7.5,5,5,False,False,False,True,True,True,True,False,False,True,False
LSTR,"Landstar System, Inc. - Common Stock",180.03,50.5,6109664608.0,94541611,50.9,-21.2,5,6,False,False,False,True,True,True,True,False,True,True,False
APD,"Air Products and Chemicals, Inc. Common Stock",308.09,50.5,68607184938.0,368275075,34.5,-2.2,2,7,False,False,False,True,True,True,True,True,True,True,False
AMCR,Amcor plc Ordinary Shares,46.67,50.4,21577673352.0,164865160,28.7,-8.4,2,6,False,False,False,True,True,True,True,True,False,True,False
BP,BP p.l.c. Common Stock,42.15,50.4,110345766402.0,379375490,28.8,-12.7,5,5,False,False,False,True,True,True,False,True,False,True,False
GOOG,Alphabet Inc. - Class C Capital Stock,342.88,50.3,4193422400000.0,7178375933,65.7,-15.2,5,6,False,False,False,True,True,True,True,False,True,True,False
MIRM,"Mirum Pharmaceuticals, Inc. - common stock",97.46,50.3,6328292504.0,88913028,54.1,-25.0,5,4,False,False,False,False,True,True,True,False,True,False,False
VRTS,"Virtus Investment Partners, Inc. Common Stock",168.52,50.3,1116055719.0,21499810,38.6,-17.2,1,5,False,False,False,True,False,True,False,True,True,True,False
CVBF,CVB Financial Corporation - Common Stock,22.19,50.2,3905383083.0,33151875,23.6,-5.2,5,5,False,False,False,True,True,True,True,False,False,True,False
SBCF,Seacoast Banking Corporation of Florida - Common Stock,34.37,50.2,3327799602.0,35995201,20.3,-5.2,5,6,False,False,False,True,True,True,True,True,False,True,False
HFWA,Heritage Financial Corporation - Common Stock,28.67,50.1,1173049048.0,11392818,34.5,-8.3,5,6,False,False,False,True,True,True,True,False,True,True,False
SIGI,"Selective Insurance Group, Inc. - Common Stock",92.46,50.1,5507760743.0,52694117,27.0,-7.9,4,5,False,False,False,True,True,True,True,False,False,True,False
QSR,Restaurant Brands International Inc. Common Shares,78.26,50.1,35569865966.0,201862738,27.6,-4.5,5,6,False,False,False,True,True,True,True,True,False,True,False
FAST,Fastenal Company - Common Stock,49.78,50.0,57122429184.0,386467760,27.7,-5.9,1,6,False,False,False,True,True,True,True,True,False,True,False
MCK,McKesson Corporation Common Stock,893.39,50.0,104160664401.0,886454920,31.9,-10.6,5,6,False,False,False,True,True,True,False,True,True,True,False
MSEX,Middlesex Water Company - Common Stock,58.49,49.9,1102182402.0,9835169,32.4,-5.9,3,7,False,False,False,True,True,True,True,True,True,True,False
APAM,Artisan Partners Asset Management Inc. Class A Common Stock,43.47,49.9,3524228921.0,34199770,28.0,-8.6,1,4,False,False,False,True,False,True,False,True,False,True,False
CNA,CNA Financial Corporation Common Stock,49.31,49.9,13343331760.0,25093669,18.7,-11.5,2,5,False,False,False,True,True,True,True,False,False,True,False
BX,Blackstone Inc. Common Stock,142.39,49.8,106881509982.0,610036676,40.0,-25.1,0,3,False,False,False,True,False,False,False,True,True,False,False
HIMS,"Hims & Hers Health, Inc. Class A Common Stock",28.84,49.8,6728758831.0,477111566,109.9,-55.8,0,2,False,False,False,True,False,False,False,False,True,False,False
ROP,"Roper Technologies, Inc. - Common Stock",426.2,49.7,42151552499.0,352872288,39.3,-19.9,0,4,False,False,False,True,False,False,False,True,True,True,False
ZM,"Zoom Communications, Inc. - Class A Common Stock",98.43,49.7,28720270674.0,325544563,39.2,-14.2,5,7,False,False,False,True,True,True,True,True,True,True,False
UTHR,United Therapeutics Corporation - Common Stock,515.46,49.6,22108436098.0,271969373,70.6,-15.4,5,4,False,False,False,False,True,True,False,False,True,True,False
AX,"Axos Financial, Inc. Common Stock",97.85,49.6,5551504290.0,36125293,30.7,-7.5,2,6,False,False,False,True,True,True,True,False,True,True,False
NLY,Annaly Capital Management Inc. Common Stock,23.04,49.6,17365580744.0,169226728,15.2,-6.0,5,6,False,False,False,True,True,True,True,True,False,True,False
AUPH,Aurinia Pharmaceuticals Inc - Common Shares,16.29,49.5,2167403527.0,24640146,57.5,-15.4,5,5,False,False,False,True,False,True,False,True,True,True,False
BATRK,"Atlanta Braves Holdings, Inc. - Series C Common Stock",50.55,49.5,3243687193.0,30802714,33.9,-7.2,5,6,False,False,False,True,True,True,True,False,True,True,False
TCBK,TriCo Bancshares - Common Stock,53.81,49.4,1720124360.0,21863561,33.1,-12.8,5,6,False,False,False,True,True,True,True,False,True,True,False
CWT,California Water Service Group Common Stock,50.48,49.4,3121637818.0,25473375,22.3,-6.2,2,6,False,False,False,True,True,True,True,True,False,True,False
HRI,Herc Holdings Inc. Common Stock ,150.6,49.4,5034775466.0,78524115,70.3,-20.0,4,4,False,False,False,True,False,True,False,False,True,True,False
FCNCA,"First Citizens BancShares, Inc. - Class A Common Stock",2194.0701,49.3,24777895798.0,155758513,35.1,-4.5,3,7,False,False,False,True,True,True,True,True,True,True,False
TXRH,"Texas Roadhouse, Inc. - Common Stock",198.99,49.3,13061887865.0,181171404,29.4,-8.0,3,6,False,False,False,True,True,True,True,True,False,True,False
BKR,Baker Hughes Company - Common Stock,62.41,49.2,61952788771.0,508820520,42.1,-11.4,5,6,False,False,False,True,True,True,False,True,True,True,False
RYTM,"Rhythm Pharmaceuticals, Inc. - Common Stock",107.17,49.2,7378877628.0,82173344,43.9,-12.3,2,4,False,False,False,True,False,True,False,False,True,True,False
STOK,"Stoke Therapeutics, Inc. - Common Stock",31.62,49.1,2040319772.0,29550668,68.2,-21.4,5,5,False,False,False,False,True,True,False,True,True,True,False
ASAN,"Asana, Inc. Class A Common Stock",10.19,49.1,2348895137.0,41480910,89.4,-35.1,0,3,False,False,False,True,False,False,False,True,True,False,False
MUX,McEwen Inc. Common Stock,20.42,49.1,1252941918.0,21694027,88.2,-31.2,5,4,False,False,False,False,True,True,False,True,True,False,False
BLX,"Bladex, Inc. Class E Common Stock",54.54,49.0,2050645042.0,11071882,42.0,-13.7,5,6,False,False,False,True,True,True,True,False,True,True,False
CTVA,"Corteva, Inc. Common Stock ",83.9,49.0,55977744400.0,365076162,38.6,-7.8,5,7,False,False,False,True,True,True,True,True,True,True,False
SLM,SLM Corporation - Common Stock,26.41,48.9,4963679161.0,68271050,48.6,-17.5,1,5,False,False,False,True,False,True,False,True,True,True,False
ABM,ABM Industries Incorporated Common Stock,47.2,48.9,2765019566.0,21650236,27.7,-5.8,2,6,False,False,False,True,True,True,True,True,False,True,False
PAAS,Pan American Silver Corp. Common Stock,52.87,48.9,21920853660.0,219376900,62.9,-24.5,5,6,False,False,False,True,True,True,False,True,True,True,False
LTC,"LTC Properties, Inc. Common Stock",40.62,48.8,2189643969.0,22797749,20.7,-5.5,5,6,False,False,False,True,True,True,True,True,False,True,False
SSB,SouthState Bank Corporation Common Stock,105.98,48.8,10277361113.0,89334975,25.4,-5.5,2,6,False,False,False,True,True,True,True,True,False,True,False
AGNC,AGNC Investment Corp. - Common Stock,10.9,48.7,12921747772.0,191556072,13.3,-10.6,5,6,False,False,False,True,True,True,True,True,False,True,False
PGNY,"Progyny, Inc. - Common Stock",26.0,48.7,1994896748.0,34823147,61.5,-21.4,3,4,False,False,False,True,False,True,False,False,True,True,False
ARDT,"Ardent Health, Inc. Common Stock",10.96,48.7,1545863141.0,5041692,42.2,-29.2,0,5,False,False,False,True,True,False,True,True,True,False,False
BUD,Anheuser-Busch Inbev SA Sponsored ADR (Belgium),80.13,48.6,158027021617.0,171731720,38.7,-7.5,5,6,False,False,False,True,True,True,True,False,True,True,False
RACE,Ferrari N.V. Common Shares,420.54,48.6,98383034328.0,186631870,34.6,-16.6,1,5,False,False,False,True,False,True,False,True,True,True,False
JKHY,"Jack Henry & Associates, Inc. - Common Stock",169.73,48.5,12059448889.0,182823513,40.2,-12.2,1,5,False,False,False,True,False,True,False,True,True,True,False
OSK,Oshkosh Corporation (Holding Company)Common Stock,153.96,48.5,9505451756.0,113120402,31.8,-14.7,2,7,False,False,False,True,True,True,True,True,True,True,False
ADUS,Addus HomeCare Corporation - Common Stock,115.55,48.4,2157815365.0,26696923,31.4,-7.1,1,5,False,False,False,True,False,True,False,True,True,True,False
FOXF,Fox Factory Holding Corp. - Common Stock,20.56,48.4,864157381.0,11279831,57.2,-31.4,0,5,False,False,False,True,True,False,True,True,True,False,False
SVV,"Savers Value Village, Inc. Common Stock",10.57,48.4,1630487347.0,14666064,53.1,-23.9,0,6,False,False,False,True,True,False,True,True,True,True,False
BANR,Banner Corporation - Common Stock,70.5,48.3,2395936085.0,25691160,23.6,-5.8,5,6,False,False,False,True,True,True,True,True,False,True,False
RVT,"Royce Small-Cap Trust, Inc. Common Stock",18.6,48.3,2007994899.0,5555948,24.2,-2.7,5,6,False,False,False,True,True,True,True,True,False,True,False
CB,Chubb Limited  Common Stock,339.92,48.2,131141088071.0,636435978,28.1,-7.1,5,5,False,False,False,True,True,True,True,False,False,True,False
PRGO,Perrigo Company plc Ordinary Shares,14.48,48.2,2009378668.0,38164826,56.9,-39.6,0,3,False,False,False,True,False,False,False,True,True,False,False
UMH,"UMH Properties, Inc. Common Stock",16.48,48.2,1407154688.0,10198796,18.3,-1.7,3,6,False,False,False,True,True,True,True,True,False,True,False
ESTA,Establishment Labs Holdings Inc. - Common Shares,70.64,48.1,2105205580.0,52631989,93.4,-27.6,5,4,False,False,False,False,True,True,True,False,True,False,False
WGS,GeneDx Holdings Corp. - Class A Common Stock,86.335,48.1,2574729077.0,53563851,168.0,-49.5,0,3,False,False,False,True,False,False,False,True,True,False,False
FOXA,Fox Corporation - Class A Common Stock,68.42,48.0,28712463195.0,364765990,41.5,-10.4,1,5,False,False,False,True,False,True,False,True,True,True,False
LECO,"Lincoln Electric Holdings, Inc. - Common Shares",284.895,48.0,15528417641.0,114699265,31.8,-8.1,5,7,False,False,False,True,True,True,True,True,True,True,False
EMR,Emerson Electric Company Common Stock,155.18,48.0,86559404000.0,412609177,26.5,-6.7,3,6,False,False,False,True,True,True,True,True,False,True,False
GD,General Dynamics Corporation Common Stock,379.32,47.9,102627755207.0,421920566,23.6,-5.2,5,6,False,False,False,True,True,True,True,True,False,True,False
MSA,MSA Safety Incorporated Common Stock,190.34,47.9,7342991528.0,52677571,26.0,-8.9,2,6,False,False,False,True,True,True,True,True,False,True,False
FSUN,FirstSun Capital Bancorp - Common Stock,40.07,47.8,1866619798.0,12110646,33.8,-5.4,1,7,False,False,False,True,True,True,True,True,True,True,False
PI,"Impinj, Inc. - Common Stock",170.06,47.8,5196083475.0,62856323,94.7,-31.2,0,3,False,False,False,True,False,False,False,True,True,False,False
FIBK,"First Interstate BancSystem, Inc. - Common Stock",37.04,47.7,3530082643.0,42972793,27.3,-8.8,5,5,False,False,False,True,True,True,True,False,False,True,False
VRSN,"VeriSign, Inc. - Common Stock",291.93,47.7,26361279000.0,226542948,39.8,-6.6,1,7,False,False,False,True,True,True,True,True,True,True,False
BXP,"BXP, Inc. Common Stock",69.32,47.7,11067739062.0,95895823,39.4,-12.6,1,5,False,False,False,True,False,True,False,True,True,True,False
KDP,Keurig Dr Pepper Inc. - Common Stock,32.18,47.6,43791381903.0,432894479,29.3,-4.8,2,6,False,False,False,True,True,True,True,True,False,True,False
EIX,Edison International Common Stock,70.17,47.6,27002396906.0,221021456,34.9,-14.0,5,5,False,False,False,False,True,True,True,False,True,True,False
GIII,"G-III Apparel Group, LTD. - Common Stock",33.46,47.5,1411696573.0,17189132,36.0,-10.9,5,6,False,False,False,True,True,True,True,False,True,True,False
OCSL,Oaktree Specialty Lending Corporation - Closed End Fund,13.02,47.5,1146873509.0,6656866,22.5,-9.0,2,4,False,False,False,True,False,True,False,True,False,True,False
TROW,"T. Rowe Price Group, Inc. - Common Stock",111.24,47.5,23729255154.0,225072360,30.5,-8.8,5,6,False,False,False,True,True,True,True,False,True,True,False
TOWN,Towne Bank - Common Stock,37.43,47.4,2792926662.0,24984075,17.3,-4.1,2,6,False,False,False,True,True,True,True,True,False,True,False
MHK,"Mohawk Industries, Inc. Common Stock",129.89,47.4,8798507654.0,108295728,39.7,-9.3,1,7,False,False,False,True,True,True,True,True,True,True,False
AZZ,AZZ Inc.,138.34,47.3,4157324648.0,44292865,48.8,-14.7,5,5,False,False,False,False,True,True,True,False,True,True,False
BRC,Brady Corporation Common Stock,93.25,47.3,4393267668.0,18100113,32.1,-6.1,5,7,False,False,False,True,True,True,True,True,True,True,False
JCI,Johnson Controls International plc Ordinary Share,139.59,47.3,84555451797.0,566109333,34.5,-11.1,5,5,False,False,False,False,True,True,True,False,True,True,False
ESE,ESCO Technologies Inc. Common Stock,276.96,47.2,7175359756.0,76443923,43.0,-23.5,5,5,False,False,False,False,True,True,True,False,True,True,False
IIPR,"Innovative Industrial Properties, Inc. Common Stock",56.31,47.2,1552542662.0,20425552,26.3,-13.9,5,5,False,False,False,True,True,True,True,False,False,True,False
DLTR,"Dollar Tree, Inc. - Common Stock",128.26,47.1,24648312657.0,371357392,51.4,-9.9,3,5,False,False,False,True,False,True,False,True,True,True,False
TRMK,Trustmark Corporation - Common Stock,46.27,47.1,2686925598.0,19712481,27.4,-5.6,5,5,False,False,False,True,True,True,True,False,False,True,False
AME,"AMETEK, Inc.",236.25,47.0,54162968895.0,296081223,31.8,-9.5,5,6,False,False,False,True,True,True,True,False,True,True,False
DEA,"Easterly Government Properties, Inc. Common Stock",24.63,47.0,1165531427.0,9734583,19.8,-5.1,5,6,False,False,False,True,True,True,True,True,False,True,False
MCB,Metropolitan Bank Holding Corp. Common Stock,91.79,47.0,1137992043.0,14068999,42.0,-10.0,5,6,False,False,False,True,True,True,True,False,True,True,False
AMZN,"Amazon.com, Inc. - Common Stock",266.43,46.9,2873797524988.0,12582697404,35.9,-7.2,5,7,False,False,False,True,True,True,True,True,True,True,False
GOOD,Gladstone Commercial Corporation - Real Estate Investment Trust,13.01,46.9,629781588.0,5757020,25.9,-3.4,4,6,False,False,False,True,True,True,True,True,False,True,False
HAS,"Hasbro, Inc. - Common Stock",94.23,46.8,13290620125.0,183216639,35.6,-11.9,5,6,False,False,False,True,True,True,False,True,True,True,False
MPWR,"Monolithic Power Systems, Inc. - Common Stock",1256.26,46.8,61736385180.0,1280567564,56.8,-26.7,5,4,False,False,False,False,True,True,True,False,True,False,False
KEY,KeyCorp Common Stock,21.91,46.8,23380786618.0,235487913,33.0,-9.0,5,6,False,False,False,True,True,True,True,False,True,True,False
BMRN,BioMarin Pharmaceutical Inc. - Common Stock,64.665,46.7,12517447126.0,123827015,31.3,-8.9,2,7,False,False,False,True,True,True,True,True,True,True,False
PFE,"Pfizer, Inc. Common Stock",27.96,46.7,159362873548.0,1116413379,18.6,-2.7,5,5,False,False,False,True,True,True,False,True,False,True,False
AR,Antero Resources Corporation Common Stock,38.45,46.6,11821029550.0,155953496,32.1,-16.0,4,6,False,False,False,True,True,True,False,True,True,True,False
REX,REX American Resources Corporation,41.35,46.6,1361974639.0,8169673,37.7,-22.5,5,5,False,False,False,False,True,True,True,False,True,True,False
GE,GE Aerospace Common Stock,342.58,46.5,355448165704.0,1507317154,27.8,-11.9,5,5,False,False,False,True,True,True,True,False,False,True,False
LMT,Lockheed Martin Corporation Common Stock,563.85,46.5,130131366079.0,674497802,29.0,-18.5,5,4,False,False,False,False,True,True,False,True,False,True,False
NGVT,Ingevity Corporation Common Stock ,69.43,46.5,2386859124.0,19838335,51.4,-12.4,5,5,False,False,False,False,True,True,True,False,True,True,False
CMCO,Columbus McKinnon Corporation - Common Stock,18.0,46.4,519556392.0,10622603,50.1,-26.2,1,4,False,False,False,True,False,True,False,True,True,False,False
SNA,Snap-On Incorporated Common Stock,391.86,46.4,20269790811.0,144162408,22.8,-7.4,5,5,False,False,False,True,True,True,True,False,False,True,False
LGIH,"LGI Homes, Inc. - Common Stock",57.5,46.3,1336775640.0,19709653,71.4,-17.3,2,6,False,False,False,True,True,True,True,False,True,True,False
SAIL,"SailPoint, Inc. - Common Stock",19.83,46.3,11247238831.0,61796169,92.5,-17.4,0,4,False,False,False,True,False,False,False,True,True,True,False
BLK,"BlackRock, Inc. Common Stock",1164.48,46.3,180342154720.0,814620542,26.9,-4.5,1,4,False,False,False,True,False,True,False,True,False,True,False
CDW,CDW Corporation - Common Stock,147.69,46.2,18463823646.0,268621725,52.1,-13.9,0,4,False,False,False,True,False,False,False,True,True,True,False
HESM,Hess Midstream LP Class A Representing Limited Partner Interests,39.56,46.2,5077560852.0,42852286,25.1,-5.0,2,6,False,False,False,True,True,True,True,True,False,True,False
MDGL,"Madrigal Pharmaceuticals, Inc. - Common Stock",533.76,46.1,12332058294.0,198015747,35.6,-13.2,5,5,False,False,False,True,False,True,False,True,True,True,False
EL,"Estee Lauder Companies, Inc. (The) Common Stock",103.39,46.1,37406353842.0,274673287,56.1,-15.0,0,4,False,False,False,True,False,False,False,True,True,True,False
PRI,"Primerica, Inc. Common Stock",290.39,46.1,8937434667.0,58768599,26.2,-11.3,4,5,False,False,False,True,True,True,True,False,False,True,False
AAUC,Allied Gold Corporation Common Shares,23.36,46.0,3255166780.0,15887639,69.5,-27.5,5,4,False,False,False,False,True,True,False,True,True,False,False
PCOR,"Procore Technologies, Inc. Common Stock",63.72,46.0,9682594137.0,177889736,67.6,-22.6,0,4,False,False,False,True,False,False,False,True,True,True,False
EBAY,eBay Inc. - Common Stock,105.62,45.9,47000900000.0,428105299,35.4,-11.5,5,6,False,False,False,True,True,True,True,False,True,True,False
FIGR,"Figure Technology Solutions, Inc. - Class A Common Stock",36.05,45.9,8088822286.0,127620709,49.5,-53.8,0,2,False,False,False,False,False,False,False,True,True,False,False
FOX,Fox Corporation - Class B Common Stock,61.32,45.8,25732947137.0,81528189,39.1,-10.1,1,5,False,False,False,True,False,True,False,True,True,True,False
ODFL,"Old Dominion Freight Line, Inc. - Common Stock",198.63,45.8,41187245828.0,359622730,57.6,-21.2,5,5,False,False,False,False,True,True,True,False,True,True,False
SF,Stifel Financial Corporation Common Stock,81.29,45.8,12274930957.0,96874015,19.9,-9.5,2,4,False,False,False,True,False,True,False,True,False,True,False
IBCP,Independent Bank Corporation - Common Stock,36.86,45.7,818266014.0,7516833,23.6,-6.1,5,6,False,False,False,True,True,True,True,True,False,True,False
NX,Quanex Building Products Corporation Common Stock,19.42,45.7,891921080.0,6384946,75.9,-15.5,2,7,False,False,False,True,True,True,True,True,True,True,False
ESLT,Elbit Systems Ltd. - Ordinary Shares,708.68,45.6,32959950638.0,66818666,56.4,-30.3,5,3,False,False,False,False,True,True,False,False,True,False,False
LAMR,Lamar Advertising Company - Class A Common Stock,150.38,45.6,15271041480.0,103451587,31.4,-9.6,5,6,False,False,False,True,True,True,True,False,True,True,False
SSNC,"SS&C Technologies Holdings, Inc. - Common Stock",83.42,45.6,19574919766.0,132613194,35.9,-7.6,0,4,False,False,False,True,False,False,False,True,True,True,False
CBSH,"Commerce Bancshares, Inc. - Common Stock",58.04,45.5,8324803611.0,65864489,23.5,-4.7,2,5,False,False,False,True,True,True,True,False,False,True,False
WAFD,"WaFd, Inc. - Common Stock",36.09,45.5,2670488139.0,22028314,37.2,-8.6,5,6,False,False,False,True,True,True,True,False,True,True,False
TARS,"Tarsus Pharmaceuticals, Inc. - Common Stock",71.76,45.4,3149043793.0,66220056,48.9,-15.8,0,4,False,False,False,True,False,False,False,True,True,True,False
MMM,3M Company Common Stock,174.34,45.4,89911046180.0,574624437,25.1,-5.7,3,4,False,False,False,True,False,True,False,True,False,True,False
NATL,NCR Atleos Corporation Common Stock,46.26,45.4,3418472167.0,31553483,38.9,-4.6,5,7,False,False,False,True,True,True,True,True,True,True,False
LLYVK,"Liberty Live Holdings, Inc. - Series C Liberty Live Group Common Stock",103.55,45.3,9527156685.0,34669802,34.6,-5.6,5,6,False,False,False,True,True,True,True,False,True,True,False
JOE,St. Joe Company (The) Common Stock,67.32,45.3,3832557961.0,16134179,45.2,-8.5,5,6,False,False,False,True,True,True,False,True,True,True,False
AESI,Atlas Energy Solutions Inc. Common Stock,12.85,45.2,1606294345.0,42241272,68.1,-36.2,4,3,False,False,False,False,True,True,False,False,True,False,False
GTY,Getty Realty Corporation Common Stock,32.87,45.2,2035727816.0,18008669,29.5,-10.8,5,5,False,False,False,True,True,True,True,False,False,True,False
AAT,"American Assets Trust, Inc. Common Stock",22.43,45.1,1377296498.0,10160197,26.6,-13.6,5,5,False,False,False,True,True,True,True,False,False,True,False
AFG,"American Financial Group, Inc. Common Stock",143.62,45.1,11909180947.0,60807682,16.7,-4.3,5,6,False,False,False,True,True,True,True,True,False,True,False
LOB,"Live Oak Bancshares, Inc. Common Stock",40.13,45.1,1857361671.0,10685630,36.7,-9.9,5,6,False,False,False,True,True,True,True,False,True,True,False
TBBK,"The Bancorp, Inc. - Common Stock",65.7,45.0,2679693351.0,26948618,30.9,-19.5,0,3,False,False,False,True,False,False,False,False,True,True,False
MHO,"M/I Homes, Inc. Common Stock",151.4,45.0,3827850893.0,36900341,29.6,-7.5,2,6,False,False,False,True,True,True,True,True,False,True,False
BCPC,Balchem Corporation - Common Stock,178.44,44.9,5688314067.0,37312282,28.2,-3.0,5,6,False,False,False,True,True,True,True,True,False,True,False
CR,Crane Company Common Stock,207.0,44.9,11964673692.0,97625929,29.7,-10.2,3,5,False,False,False,True,True,True,True,False,False,True,False
SFBS,"ServisFirst Bancshares, Inc. Common Stock",43.2,44.9,2361852432.0,27186941,28.6,-6.2,2,5,False,False,False,True,True,True,True,False,False,True,False
CTS,CTS Corporation Common Stock,56.57,44.8,1615423951.0,16661168,57.0,-18.7,5,5,False,False,False,False,True,True,True,False,True,True,False
FRT,Federal Realty Investment Trust Common Stock,116.75,44.8,10144306278.0,100825199,29.7,-8.9,5,5,False,False,False,True,True,True,True,False,False,True,False
CTAS,Cintas Corporation - Common Stock,204.18,44.7,81706620965.0,428487054,26.7,-6.8,1,4,False,False,False,True,False,True,False,True,False,True,False
HOOD,"Robinhood Markets, Inc. - Class A Common Stock",104.26,44.7,93738317783.0,2276213536,64.2,-32.2,0,3,False,False,False,True,False,False,False,True,True,False,False
RDWR,Radware Ltd. - Ordinary Shares,28.6,44.7,1209979342.0,7409650,31.9,-12.8,3,6,False,False,False,True,True,True,True,False,True,True,False
WFRD,Weatherford International plc - Ordinary shares,93.79,44.6,6723377699.0,110708821,55.7,-17.1,5,5,False,False,False,False,True,True,False,True,True,True,False
MLI,"Mueller Industries, Inc. Common Stock",62.8,44.6,13890191166.0,95962760,33.3,-11.7,5,6,False,False,False,True,True,True,True,False,True,True,False
CUBI,"Customers Bancorp, Inc Common Stock",78.58,44.5,2654730925.0,23709618,32.4,-6.9,5,6,False,False,False,True,True,True,True,False,True,True,False
EPR,EPR Properties Common Stock,59.55,44.5,4562061305.0,42182486,23.8,-8.3,4,5,False,False,False,True,True,True,True,False,False,True,False
HLIO,"Helios Technologies, Inc. Common Stock",73.08,44.4,2408028167.0,27676889,55.5,-23.1,5,5,False,False,False,False,True,True,True,False,True,True,False
MRSH,Marsh Common Stock,192.64,44.4,91929978668.0,445135323,23.0,-7.3,1,4,False,False,False,True,False,True,False,True,False,True,False
UCB,"United Community Banks, Inc. Common Stock",35.18,44.4,4241846196.0,33759344,22.8,-5.4,5,5,False,False,False,True,True,True,True,False,False,True,False
PCRX,"Pacira BioSciences, Inc. - Common Stock",25.76,44.3,1026842183.0,14852479,37.0,-6.9,2,5,False,False,False,True,False,True,False,True,True,True,False
ZBH,"Zimmer Biomet Holdings, Inc. Common Stock",100.91,44.3,19247340197.0,216021747,27.5,-5.6,1,6,False,False,False,True,True,True,True,True,False,True,False
INDV,"Indivior Pharmaceuticals, Inc.  - Common Stock",34.87,44.2,4350723623.0,82864720,56.9,-18.5,5,5,False,False,False,False,True,True,True,False,True,True,False
LLYVA,"Liberty Live Holdings, Inc. - Series A Liberty Live Group Common Stock",99.89,44.2,9190417009.0,19047999,34.3,-5.8,5,6,False,False,False,True,True,True,True,False,True,True,False
ECAT,BlackRock ESG Capital Allocation Term Trust Common Shares of Beneficial Interest,15.39,44.2,1664197650.0,7512395,15.2,-8.6,5,6,False,False,False,True,True,True,True,True,False,True,False
DAN,Dana Incorporated Common Stock ,30.35,44.1,3264952208.0,46853677,71.1,-23.3,5,5,False,False,False,False,True,True,False,True,True,True,False
RRC,Range Resources Corporation Common Stock,41.46,44.1,9688352692.0,113972200,26.9,-14.2,5,5,False,False,False,True,True,True,False,True,False,True,False
NDAQ,"Nasdaq, Inc. - Common Stock",99.31,44.0,55512042813.0,347787389,29.7,-2.4,1,4,False,False,False,True,False,True,False,True,False,True,False
MTUS,Metallus Inc. Common Shares,19.57,44.0,811162488.0,8006066,37.9,-13.3,5,6,False,False,False,True,True,True,True,False,True,True,False
INDB,Independent Bank Corp. - Common Stock,82.06,43.9,3887108264.0,32645930,29.6,-6.2,5,5,False,False,False,True,True,True,True,False,False,True,False
VERA,"Vera Therapeutics, Inc. - Class A Common Stock",34.19,43.9,2463845424.0,85265010,61.3,-39.0,5,2,False,False,False,False,False,True,False,False,True,False,False
ITW,Illinois Tool Works Inc. Common Stock,280.1,43.9,79772480000.0,369525120,17.3,-7.6,2,6,False,False,False,True,True,True,True,True,False,True,False
FNB,F.N.B. Corporation Common Stock,18.41,43.8,6498747895.0,93456864,27.3,-6.0,5,5,False,False,False,True,True,True,True,False,False,True,False
SAH,"Sonic Automotive, Inc. Common Stock",79.68,43.8,2519067423.0,25328622,47.3,-29.9,3,5,False,False,False,True,True,True,True,False,True,False,False
FDUS,Fidus Investment Corporation - Closed End Fund,19.7,43.7,747700971.0,7767540,16.8,-9.1,2,6,False,False,False,True,True,True,True,True,False,True,False
DOW,Dow Inc. Common Stock ,30.51,43.7,22038615093.0,312603151,47.7,-28.6,5,4,False,False,False,False,True,True,False,True,True,False,False
TRU,TransUnion Common Stock,85.67,43.7,16414372000.0,181999587,35.2,-10.3,1,5,False,False,False,True,False,True,False,True,True,True,False
SPFI,"South Plains Financial, Inc. - Common Stock",43.66,43.6,822515324.0,6881224,23.5,-7.0,5,5,False,False,False,True,True,True,True,False,False,True,False
BG,Bunge Limited Common Shares,115.48,43.6,22185916324.0,164779903,51.9,-14.4,5,5,False,False,False,False,True,True,False,True,True,True,False
APO,"Apollo Global Management, Inc. (New) Common Stock",135.04,43.5,79746948191.0,537873643,35.6,-11.9,1,5,False,False,False,True,False,True,False,True,True,True,False
DNP,"DNP Select Income Fund, Inc. Common Stock",10.93,43.5,,6703356,12.8,-2.1,5,6,False,False,False,True,True,True,True,True,False,True,False
MAIN,Main Street Capital Corporation Common Stock,58.55,43.5,5474920392.0,33451472,19.6,-13.1,1,4,False,False,False,True,False,True,False,True,False,True,False
DRI,"Darden Restaurants, Inc. Common Stock",215.63,43.4,24598632455.0,283920587,27.6,-6.1,3,6,False,False,False,True,True,True,True,True,False,True,False
STVN,Stevanato Group S.p.A. Ordinary Shares,21.03,43.4,5741267685.0,7862626,63.1,-24.9,0,4,False,False,False,True,False,False,False,True,True,True,False
NVTS,Navitas Semiconductor Corporation - Common Stock,11.49,43.3,2999964177.0,231649915,111.2,-66.4,5,3,False,False,False,False,True,True,False,False,True,False,False
KMI,"Kinder Morgan, Inc. Common Stock",31.56,43.3,70277873929.0,331824135,23.3,-9.3,5,4,False,False,False,False,True,True,True,False,False,True,False
FWONA,Liberty Media Corporation - Series A Liberty Formula One Common Stock,93.42,43.2,23421186669.0,14662308,26.8,-6.1,1,4,False,False,False,True,False,True,False,True,False,True,False
ETN,"Eaton Corporation, PLC Ordinary Shares",402.78,43.2,156439752000.0,933287934,29.1,-15.7,5,5,False,False,False,True,True,True,True,False,False,True,False
USPH,"U.S. Physical Therapy, Inc. Common Stock",78.63,43.2,1173371744.0,17017290,35.1,-15.9,0,4,False,False,False,True,False,False,False,True,True,True,False
HQY,"HealthEquity, Inc. - Common Stock",96.37,43.1,8056739870.0,84295552,32.4,-10.5,2,4,False,False,False,True,False,True,False,False,True,True,False
ESS,"Essex Property Trust, Inc. Common Stock",284.03,43.1,18254164729.0,134873456,19.1,-6.4,3,5,False,False,False,True,True,True,True,False,False,True,False
EFSC,Enterprise Financial Services Corporation - Common Stock,63.59,43.0,2301482347.0,16250327,24.2,-7.5,5,5,False,False,False,True,True,True,True,False,False,True,False
ITRN,Ituran Location and Control Ltd. - Ordinary Shares,50.78,43.0,1010195992.0,8592184,55.2,-25.7,5,4,False,False,False,False,True,True,True,False,True,False,False
KSS,Kohl's Corporation Common Stock,17.5,43.0,1984499878.0,75796791,53.8,-30.6,5,3,False,False,False,True,False,True,False,False,True,False,False
EXPO,"Exponent, Inc. - Common Stock",71.53,42.9,3400971389.0,33653590,37.8,-12.7,1,5,False,False,False,True,False,True,False,True,True,True,False
FWONK,Liberty Media Corporation - Series C Liberty Formula One Common Stock,101.8,42.9,25522123773.0,201718328,27.0,-6.9,1,4,False,False,False,True,False,True,False,True,False,True,False
MORN,"Morningstar, Inc. - Common Stock",217.65,42.8,8164828728.0,73998799,53.8,-18.0,0,4,False,False,False,True,False,False,False,True,True,True,False
AER,AerCap Holdings N.V. Ordinary Shares,147.49,42.8,22776890287.0,157626143,24.0,-7.1,5,5,False,False,False,True,True,True,True,False,False,True,False
NVS,Novartis AG Common Stock,153.81,42.8,293492809747.0,283055735,26.5,-9.8,5,5,False,False,False,True,True,True,True,False,False,True,False
TEM,"Tempus AI, Inc. - Class A Common Stock",64.04,42.7,11555041774.0,363090520,57.1,-38.6,0,3,False,False,False,True,False,False,False,True,True,False,False
MCO,Moody's Corporation Common Stock,514.95,42.7,89189340000.0,425181389,28.0,-5.8,2,4,False,False,False,True,False,True,False,True,False,True,False
VCYT,"Veracyte, Inc. - Common Stock",43.34,42.6,3484134282.0,70269309,51.8,-28.8,5,3,False,False,False,True,False,True,False,False,True,False,False
SKT,Tanger Inc. Common Stock,37.73,42.6,4334384255.0,38431641,21.2,-11.3,5,5,False,False,False,True,True,True,True,False,False,True,False
ABCB,Ameris Bancorp Common Stock,85.59,42.5,5743708586.0,42353685,24.4,-8.2,5,5,False,False,False,True,True,True,True,False,False,True,False
EHC,Encompass Health Corporation Common Stock,120.85,42.5,11922261456.0,117559715,30.3,-5.6,0,4,False,False,False,True,False,False,False,True,True,True,False
KTB,"Kontoor Brands, Inc. Common Stock ",76.99,42.5,4207782204.0,63475078,37.0,-13.5,5,6,False,False,False,True,True,True,True,False,True,True,False
CMG,"Chipotle Mexican Grill, Inc. Common Stock",38.03,42.4,48123846540.0,644942203,35.6,-11.2,0,4,False,False,False,True,False,False,False,True,True,True,False
WWW,"Wolverine World Wide, Inc. Common Stock",20.34,42.4,1669229335.0,16033949,51.0,-38.0,0,5,False,False,False,True,True,False,True,True,True,False,False
CINF,Cincinnati Financial Corporation - Common Stock,171.97,42.3,26393619399.0,141597826,14.6,-11.7,5,5,False,False,False,True,True,True,True,False,False,True,False
STRA,"Strategic Education, Inc. - Common Stock",84.64,42.3,1879647794.0,24025111,21.4,-5.7,1,6,False,False,False,True,True,True,True,True,False,True,False
CNH,CNH Industrial N.V. Common Shares,11.68,42.3,14456639189.0,146378420,29.8,-12.2,1,5,False,False,False,True,True,True,False,True,False,True,False
CRAI,"CRA International,Inc. - Common Stock",174.99,42.2,1098387731.0,25055384,32.4,-23.0,0,4,False,False,False,True,False,False,False,True,True,True,False
WTRG,"Essential Utilities, Inc. Common Stock",41.1,42.2,11663300666.0,84398351,13.8,-3.0,2,6,False,False,False,True,True,True,True,True,False,True,False
PSA,Public Storage Common Stock,313.51,42.1,55058981720.0,326737504,22.2,-6.6,5,5,False,False,False,True,True,True,True,False,False,True,False
WFC,Wells Fargo & Company Common Stock,86.69,42.1,262150502438.0,1251007483,19.1,-11.3,3,4,False,False,False,True,False,True,False,True,False,True,False
XPO,"XPO, Inc. Common Stock",188.56,42.1,22077823840.0,215605906,55.2,-18.7,5,5,False,False,False,False,True,True,True,False,True,True,False
VNOM,"Viper Energy, Inc.  - Class A Common Stock",44.18,42.0,15869230373.0,74491071,25.9,-13.6,5,5,False,False,False,True,True,True,False,True,False,True,False
HTB,"HomeTrust Bancshares, Inc. Common Stock",46.91,42.0,783077074.0,8476039,22.5,-10.6,5,5,False,False,False,True,True,True,True,False,False,True,False
DD,"DuPont de Nemours, Inc. Common Stock",136.98,41.9,18498186716.0,212512020,48.1,-13.3,5,4,False,False,False,False,True,True,False,False,True,True,False
RYAN,"Ryan Specialty Holdings, Inc. Class A Common Stock",43.87,41.9,11222594618.0,86181554,49.8,-25.9,0,3,False,False,False,True,False,False,False,True,True,False,False
CBOE,"Cboe Global Markets, Inc. Common Stock",310.45,41.8,34714130938.0,336206693,36.7,-16.4,5,6,False,False,False,True,True,True,False,True,True,True,False
HMC,"Honda Motor Company, Ltd. Common Stock",31.86,41.8,41339204294.0,38364187,37.0,-8.7,1,5,False,False,False,True,False,True,False,True,True,True,False
UTL,UNITIL Corporation Common Stock,53.1,41.8,968367389.0,7226861,19.0,-7.3,5,5,False,False,False,True,True,True,True,False,False,True,False
OTTR,Otter Tail Corporation - Common Stock,90.84,41.7,3813970087.0,23071351,22.5,-4.5,5,6,False,False,False,True,True,True,True,True,False,True,False
DCI,"Donaldson Company, Inc. Common Stock",91.89,41.7,10651066936.0,66908348,17.0,-18.6,5,4,False,False,False,True,False,True,False,True,False,True,False
NWE,"NorthWestern Energy Group, Inc.  - Common Stock",70.32,41.6,4325935212.0,29910489,26.7,-6.5,5,5,False,False,False,True,True,True,True,False,False,True,False
PLUS,ePlus inc. - Common Stock,87.28,41.6,2277171683.0,21995493,26.4,-11.1,5,4,False,False,False,True,False,True,False,True,False,True,False
FLOC,Flowco Holdings Inc. Class A Common Stock,21.16,41.6,1911874304.0,14309183,50.8,-25.1,5,4,False,False,False,False,True,True,False,True,True,False,False
FTV,Fortive Corporation Common Stock ,59.69,41.5,18027397834.0,157449720,28.3,-7.5,5,5,False,False,False,True,True,True,True,False,False,True,False
NNN,"NNN REIT, Inc. Common Stock",45.67,41.5,8765507038.0,69181889,17.4,-8.7,5,5,False,False,False,True,True,True,True,False,False,True,False
CHD,"Church & Dwight Company, Inc. Common Stock",101.26,41.4,24019267623.0,184762258,24.5,-4.5,4,6,False,False,False,True,True,True,True,True,False,True,False
SYF,Synchrony Financial Common Stock,78.05,41.4,29039091621.0,280467754,23.7,-12.1,5,4,False,False,False,True,False,True,False,True,False,True,False
AROC,"Archrock, Inc. Common Stock",31.24,41.3,5477564899.0,74318091,36.5,-26.0,5,4,False,False,False,False,True,True,True,False,True,False,False
DXYZ,Destiny Tech100 Inc. Common Stock,34.74,41.3,,36781513,76.2,-52.3,1,5,False,False,False,True,True,True,False,True,True,False,False
MTD,"Mettler-Toledo International, Inc. Common Stock",1398.58,41.3,28022730686.0,255464790,36.7,-8.3,2,5,False,False,False,True,False,True,False,True,True,True,False
COF,Capital One Financial Corporation Common Stock,215.67,41.2,132310274580.0,820445687,23.8,-16.9,1,4,False,False,False,True,False,True,False,True,False,True,False
HOMB,"Home BancShares, Inc. Common Stock",29.62,41.2,5925470041.0,54467172,16.2,-6.6,2,5,False,False,False,True,True,True,True,False,False,True,False
GRPN,"Groupon, Inc. - Common Stock",19.53,41.1,794193231.0,37534280,113.0,-34.7,2,5,False,False,False,True,True,True,True,False,True,False,False
BOH,Bank of Hawaii Corporation Common Stock,77.29,41.1,3049121107.0,32533019,30.2,-10.5,5,5,False,False,False,False,True,True,True,False,True,True,False
ORI,Old Republic International Corporation Common Stock,42.07,41.1,10157083029.0,56886270,14.8,-10.0,5,4,False,False,False,True,False,True,False,True,False,True,False
CGBD,"Carlyle Secured Lending, Inc. - Closed End Fund",11.78,41.0,810517964.0,6539331,18.5,-15.9,0,3,False,False,False,True,False,False,False,True,False,True,False
DHR,Danaher Corporation Common Stock,216.07,41.0,151894196688.0,973225548,34.3,-11.0,0,4,False,False,False,True,False,False,False,True,True,True,False
MAZE,"Maze Therapeutics, Inc. - Common Stock",27.44,40.9,1524269170.0,15883727,99.2,-48.9,0,1,False,False,False,False,False,False,False,False,True,False,False
KVUE,Kenvue Inc. Common Stock,19.17,40.9,36821227362.0,399807893,36.7,-7.9,2,7,False,False,False,True,True,True,True,True,True,True,False
TFC,Truist Financial Corporation Common Stock,50.43,40.9,61606608661.0,390120214,23.7,-10.3,5,5,False,False,False,True,True,True,True,False,False,True,False
FBK,FB Financial Corporation Common Stock,57.85,40.8,2891235283.0,21617420,17.5,-7.7,5,3,False,False,False,True,False,True,False,False,False,True,False
PLOW,"Douglas Dynamics, Inc. Common Stock",41.82,40.8,965082064.0,13889334,46.6,-24.0,5,5,False,False,False,False,True,True,True,False,True,True,False
MRTN,"Marten Transport, Ltd. - Common Stock",14.36,40.7,1172661567.0,11341395,53.6,-22.3,5,5,False,False,False,False,True,True,True,False,True,True,False
PLD,"Prologis, Inc. Common Stock",140.7,40.7,133394293200.0,626320859,27.3,-8.2,5,5,False,False,False,True,True,True,True,False,False,True,False
FRME,First Merchants Corporation - Common Stock,41.93,40.6,2633263666.0,19410715,21.0,-7.5,5,5,False,False,False,True,True,True,True,False,False,True,False
NTLA,"Intellia Therapeutics, Inc. - Common Stock",12.87,40.6,1803430539.0,55971242,61.9,-54.4,0,2,False,False,False,False,True,False,False,False,True,False,False
ABT,Abbott Laboratories Common Stock,112.47,40.6,194616209301.0,1128277297,37.2,-18.2,0,4,False,False,False,True,False,False,False,True,True,True,False
ARQT,"Arcutis Biotherapeutics, Inc. - Common stock",23.78,40.5,2988954833.0,45142724,57.5,-25.1,5,2,False,False,False,False,False,True,False,False,True,False,False
DUOL,"Duolingo, Inc. - Class A Common Stock",146.98,40.5,6876645818.0,167613502,67.2,-58.4,0,3,False,False,False,True,False,False,False,True,True,False,False
SBRA,"Sabra Health Care REIT, Inc. - Common Stock",20.61,40.4,5265087401.0,61029141,20.0,-9.5,5,6,False,False,False,True,True,True,True,True,False,True,False
CBT,Cabot Corporation Common Stock,83.65,40.4,4318933736.0,45796516,43.4,-11.5,5,6,False,False,False,True,True,True,True,False,True,True,False
EGP,"EastGroup Properties, Inc. Common Stock",200.0,40.4,10754663400.0,93421516,22.6,-11.8,5,5,False,False,False,True,True,True,True,False,False,True,False
AGIO,"Agios Pharmaceuticals, Inc. - Common Stock",33.32,40.3,1989266708.0,41917711,49.8,-27.6,0,4,False,False,False,True,True,False,True,False,True,False,False
UPS,"United Parcel Service, Inc. Common Stock",105.33,40.3,89612824032.0,542810120,28.5,-14.0,5,5,False,False,False,True,True,True,True,False,False,True,False
BLCO,Bausch + Lomb Corporation Common Shares,17.15,40.2,6125383969.0,6648089,24.6,-9.3,5,4,False,False,False,True,False,True,False,True,False,True,False
SWX,"Southwest Gas Holdings, Inc. Common Stock (DE)",89.1,40.2,6454925502.0,47369317,16.3,-5.7,5,5,False,False,False,True,True,True,True,False,False,True,False
UTF,"Cohen & Steers Infrastructure Fund, Inc Common Stock",27.14,40.2,,6802672,15.9,-3.5,5,5,False,False,False,True,True,True,True,False,False,True,False
SGML,Sigma Lithium Corporation - common shares,12.26,40.1,1380087517.0,20313936,165.7,-49.9,5,4,False,False,False,False,True,True,False,True,True,False,False
TREX,"Trex Company, Inc. Common Stock",45.77,40.1,4662369746.0,91928109,53.7,-30.7,1,5,False,False,False,True,True,True,True,False,True,False,False
ITT,ITT Inc. Common Stock ,202.99,40.0,18147306000.0,187169908,21.6,-11.9,5,6,False,False,False,True,True,True,True,True,False,True,False
MGM,MGM Resorts International Common Stock,42.28,40.0,10921902486.0,117995838,44.8,-18.0,5,6,False,False,False,True,True,True,True,False,True,True,False
VRDN,"Viridian Therapeutics, Inc.  - Common Stock",23.08,39.9,2614785569.0,40872384,75.1,-32.7,0,2,False,False,False,False,False,False,False,True,True,False,False
WWD,"Woodward, Inc. - Common Stock",341.81,39.9,20182451734.0,277357618,46.5,-24.2,5,5,False,False,False,False,True,True,True,False,True,True,False
NTST,NetSTREIT Corp. Common Stock,20.47,39.9,2078278119.0,47502506,20.3,-8.9,5,5,False,False,False,True,True,True,True,False,False,True,False
ESQ,"Esquire Financial Holdings, Inc. - Common Stock",112.35,39.8,1359949900.0,17668879,22.0,-16.7,5,4,False,False,False,False,True,True,True,False,False,True,False
UGI,UGI Corporation Common Stock,38.01,39.8,8152953696.0,66714048,20.2,-8.1,3,4,False,False,False,True,False,True,False,True,False,True,False
MAR,Marriott International - Class A Common Stock,351.08,39.7,91549828391.0,594454357,36.7,-14.6,5,5,False,False,False,False,True,True,True,False,True,True,False
ESI,Element Solutions Inc. Common Stock,34.93,39.7,8512123626.0,216231794,52.8,-29.1,5,4,False,False,False,False,True,True,True,False,True,False,False
VOYG,"Voyager Technologies, Inc. Class A Common Stock",34.29,39.7,2124874422.0,60140860,97.0,-34.6,1,6,False,False,False,True,True,True,True,True,True,False,False
PNFP,"Pinnacle Financial Partners, Inc. Common stock",101.09,39.6,15275976778.0,119811219,24.7,-8.4,3,5,False,False,False,True,True,True,True,False,False,True,False
RNST,Renasant Corporation Common Stock,41.09,39.6,3755809467.0,28799134,24.4,-7.7,5,5,False,False,False,True,True,True,True,False,False,True,False
WTFC,Wintrust Financial Corporation - Common Stock,152.95,39.5,10318919653.0,99711613,27.9,-8.5,5,5,False,False,False,True,True,True,True,False,False,True,False
MO,"Altria Group, Inc.",68.65,39.5,114627920520.0,611138406,25.5,-10.9,5,5,False,False,False,True,True,True,True,False,False,True,False
SCI,Service Corporation International Common Stock,83.36,39.5,11388599353.0,92722385,21.9,-8.4,1,6,False,False,False,True,True,True,True,True,False,True,False
GHC,Graham Holdings Company Common Stock,1161.13,39.4,4917301949.0,30563927,24.9,-8.0,5,5,False,False,False,True,True,True,True,False,False,True,False
VTOL,"Bristow Group, Inc. Common Stock",43.73,39.4,1296244660.0,10757270,24.8,-13.2,5,3,False,False,False,False,True,True,False,False,False,True,False
EFC,Ellington Financial Inc. Common Stock ,13.57,39.3,1749001828.0,16673780,20.3,-3.9,5,4,False,False,False,True,False,True,False,True,False,True,False
PRKS,United Parks & Resorts Inc. Common Stock,42.49,39.3,1926552219.0,31074553,47.7,-25.4,0,4,False,False,False,True,True,False,True,False,True,False,False
LWAY,"Lifeway Foods, Inc. - Common Stock",26.35,39.2,398062783.0,5546360,52.2,-23.0,2,6,False,False,False,True,True,True,True,False,True,True,False
PRDO,Perdoceo Education Corporation - Common Stock,33.57,39.2,2100711736.0,24214576,25.9,-12.8,0,4,False,False,False,True,True,False,False,True,False,True,False
NOW,"ServiceNow, Inc. Common Stock",144.71,39.2,149630140000.0,2439071043,78.1,-25.7,0,3,False,False,False,True,False,False,False,True,True,False,False
EVTC,"Evertec, Inc. Common Stock",29.98,39.1,1791381209.0,13385241,37.5,-17.9,1,5,False,False,False,True,False,True,False,True,True,True,False
NRP,Natural Resource Partners LP Limited Partnership,112.72,39.1,1493586441.0,5032080,18.0,-12.3,1,5,False,False,False,True,True,True,False,True,False,True,False
COLB,"Columbia Banking System, Inc. - Common Stock",30.07,39.0,8506871199.0,93362246,26.2,-10.7,5,5,False,False,False,True,True,True,True,False,False,True,False
IT,"Gartner, Inc. Common Stock",198.39,39.0,12528125349.0,234699548,59.7,-25.4,0,3,False,False,False,True,False,False,False,True,True,False,False
SBSW,D/B/A Sibanye-Stillwater Limited ADS,12.09,39.0,8555389555.0,51603777,70.3,-43.2,1,3,False,False,False,False,False,True,False,True,True,False,False
CXT,"Crane NXT, Co. Common Stock",50.13,38.9,2885548170.0,40905499,40.4,-27.3,0,2,False,False,False,True,False,False,False,False,True,False,False
MDT,Medtronic plc. Ordinary Shares,91.23,38.9,116772653949.0,663206554,24.4,-14.2,0,3,False,False,False,True,False,False,False,True,False,True,False
DLR,"Digital Realty Trust, Inc. Common Stock",185.47,38.8,68630609563.0,563958427,26.8,-10.9,5,5,False,False,False,True,True,True,True,False,False,True,False
RDN,Radian Group Inc. Common Stock,36.41,38.8,4817090988.0,46089184,15.6,-11.3,4,5,False,False,False,True,True,True,True,False,False,True,False
AWK,"American Water Works Company, Inc. Common Stock",138.3,38.7,27484219179.0,309548705,14.7,-5.0,1,6,False,False,False,True,True,True,True,True,False,True,False
TFPM,Triple Flag Precious Metals Corp. Common Shares,34.0,38.7,7024533008.0,19027688,29.8,-18.5,1,4,False,False,False,True,False,True,False,True,False,True,False
TRNO,Terreno Realty Corporation Common Stock,66.59,38.7,7256332943.0,60613035,19.5,-15.6,5,5,False,False,False,True,True,True,True,False,False,True,False
GDOT,"Green Dot Corporation Class A Common Stock, $0.001 par value",13.34,38.6,760182288.0,5495513,32.1,-13.4,1,7,False,False,False,True,True,True,True,True,True,True,False
TR,"Tootsie Roll Industries, Inc. Common Stock",41.27,38.6,3098206913.0,9009806,23.4,-8.4,1,5,False,False,False,True,True,True,False,True,False,True,False
ADUR,Aduro Clean Technologies Inc. - Common Stock,14.17,38.5,500388455.0,7398425,57.4,-22.1,5,6,False,False,False,True,True,True,True,False,True,True,False
DG,Dollar General Corporation Common Stock,122.89,38.5,27107893050.0,299834549,29.2,-22.3,5,3,False,False,False,False,False,True,False,True,False,True,False
FR,"First Industrial Realty Trust, Inc. Common Stock",61.94,38.5,8211568275.0,70877756,23.3,-11.4,5,5,False,False,False,True,True,True,True,False,False,True,False
IVT,InvenTrust Properties Corp. Common Stock,32.55,38.4,2538197929.0,32108972,21.4,-12.5,5,5,False,False,False,True,True,True,True,False,False,True,False
TNL,Travel   Leisure Co. Common  Stock,71.21,38.4,4358353361.0,54624925,22.6,-12.1,5,4,False,False,False,False,True,True,True,False,False,True,False
REAL,"The RealReal, Inc. - Common Stock",10.93,38.3,1329865287.0,39196572,49.7,-37.2,5,2,False,False,False,False,False,True,False,False,True,False,False
ARR,"ARMOUR Residential REIT, Inc.",16.32,38.3,2727029535.0,64085921,16.7,-15.5,5,5,False,False,False,True,True,True,True,False,False,True,False
CNNE,"Cannae Holdings, Inc. Common Stock",15.64,38.3,678372910.0,7140062,49.5,-21.3,0,4,False,False,False,True,False,False,False,True,True,True,False
GFL,"GFL Environmental Inc. Subordinate voting shares, no par value",42.83,38.2,16016452090.0,111123980,28.5,-14.5,0,3,False,False,False,True,False,False,False,True,False,True,False
ROK,"Rockwell Automation, Inc. Common Stock",430.86,38.2,47943495390.0,393202108,29.5,-13.4,5,5,False,False,False,True,True,True,True,False,False,True,False
NOMD,Nomad Foods Limited Ordinary Shares,11.88,38.1,1687982773.0,19267456,32.1,-23.8,1,5,False,False,False,True,False,True,False,True,True,True,False
PRMB,Primo Brands Corporation Class A Common Stock,23.0,38.1,8334143035.0,83682830,60.2,-12.2,2,6,False,False,False,True,True,True,True,False,True,True,False
BZ,KANZHUN LIMITED - American Depository Shares,17.8,38.0,8237941513.0,71593040,41.6,-29.5,0,3,False,False,False,True,False,False,False,True,True,False,False
ECG,"Everus Construction Group, Inc. Common Stock",115.73,38.0,5909617740.0,84631821,58.5,-32.5,5,4,False,False,False,False,True,True,True,False,True,False,False
FHN,First Horizon Corporation Common Stock,24.65,38.0,11678606945.0,131445868,24.5,-7.2,5,5,False,False,False,True,True,True,True,False,False,True,False
ACGL,Arch Capital Group Ltd. - Common Stock,98.84,37.9,33727086814.0,185995199,19.9,-7.7,5,5,False,False,False,True,True,True,True,False,False,True,False
KIM,Kimco Realty Corporation (HC) Common Stock,23.78,37.9,15951371290.0,107834403,20.3,-10.8,5,5,False,False,False,True,True,True,True,False,False,True,False
BKU,"BankUnited, Inc. Common Stock",46.39,37.8,3304464031.0,45065016,32.2,-11.0,5,5,False,False,False,False,True,True,True,False,True,True,False
HTH,Hilltop Holdings Inc.,38.5,37.8,2205527055.0,10215796,25.1,-4.7,5,5,False,False,False,True,True,True,True,False,False,True,False
VMI,"Valmont Industries, Inc. Common Stock",476.28,37.8,9194517768.0,108581754,32.1,-18.7,5,5,False,False,False,False,True,True,True,False,True,True,False
ARES,Ares Management Corporation Class A Common Stock,142.53,37.7,47074413449.0,297200665,48.8,-23.7,0,4,False,False,False,True,False,False,False,True,True,True,False
ETD,Ethan Allen Interiors Inc. Common Stock,23.47,37.7,597225576.0,13491727,28.4,-23.8,0,3,False,False,False,True,False,False,False,True,False,True,False
ARCC,Ares Capital Corporation - Closed End Fund,19.95,37.6,14324555758.0,86613368,14.7,-11.4,1,4,False,False,False,True,False,True,False,True,False,True,False
REYN,Reynolds Consumer Products Inc. - Common Stock,24.05,37.6,5069523117.0,32968733,17.7,-12.0,5,3,False,False,False,True,False,True,False,False,False,True,False
BRO,"Brown & Brown, Inc. Common Stock",73.31,37.6,24530285272.0,174566724,36.2,-24.8,0,4,False,False,False,True,False,False,False,True,True,True,False
SYNA,Synaptics Incorporated - Common Stock,95.08,37.5,3718292229.0,116113366,63.1,-36.2,5,4,False,False,False,False,True,True,True,False,True,False,False
TCMD,"Tactile Systems Technology, Inc. - Common Stock",23.16,37.5,524626944.0,8377114,79.4,-38.7,5,2,False,False,False,False,False,True,False,False,True,False,False
NOVT,Novanta Inc. - Common Shares,142.2,37.4,5377686894.0,73661140,44.7,-19.4,4,5,False,False,False,False,True,True,True,False,True,True,False
SAP,SAP  SE ADS,221.54,37.4,272162827557.0,514127293,52.8,-21.3,0,4,False,False,False,True,False,False,False,True,True,True,False
BKH,Black Hills Corporation Common Stock,72.8,37.3,5551228665.0,58825767,25.4,-7.5,5,5,False,False,False,True,True,True,True,False,False,True,False
ST,Sensata Technologies Holding plc Ordinary Shares,41.03,37.3,5971336418.0,74462759,45.7,-23.9,5,5,False,False,False,False,True,True,True,False,True,True,False
TDY,Teledyne Technologies Incorporated Common Stock,621.96,37.3,28831374379.0,237590998,28.8,-10.9,5,4,False,False,False,False,True,True,True,False,False,True,False
TYRA,"Tyra Biosciences, Inc. - Common Stock",24.94,37.2,1488342859.0,21114334,113.1,-38.6,5,3,False,False,False,False,True,True,False,False,True,False,False
KRG,Kite Realty Group Trust Common Stock,26.0,37.2,5209020258.0,74379061,21.9,-13.1,5,4,False,False,False,False,True,True,True,False,False,True,False
AMH,American Homes 4 Rent Common Shares of Beneficial Interest,33.54,37.1,12046895322.0,73439526,23.2,-6.4,2,5,False,False,False,True,True,True,True,False,False,True,False
CMI,Cummins Inc. Common Stock,564.85,37.1,77759785482.0,652290341,45.0,-23.4,5,5,False,False,False,False,True,True,True,False,True,True,False
MC,Moelis & Company Class A Common Stock,68.4,37.1,5353604251.0,61787672,34.0,-12.5,1,5,False,False,False,True,False,True,False,True,True,True,False
TRUP,"Trupanion, Inc. - Common Stock",29.62,37.0,1299506738.0,12630616,40.0,-37.0,0,3,False,False,False,True,False,False,False,True,True,False,False
HOV,"Hovnanian Enterprises, Inc. Class A Common Stock",129.77,37.0,974628242.0,19007799,41.8,-19.9,1,6,False,False,False,True,True,True,True,False,True,True,False
KHC,The Kraft Heinz Company - Common Stock,25.7,36.9,30475670581.0,361506886,22.2,-8.5,2,6,False,False,False,True,True,True,True,True,False,True,False
AON,Aon plc Class A Ordinary Shares (Ireland),355.4,36.9,75389379244.0,463402776,16.7,-7.0,1,4,False,False,False,True,False,True,False,True,False,True,False
GRBK,"Green Brick Partners, Inc. Common Stock",73.31,36.9,3153114124.0,19121112,21.3,-11.9,5,5,False,False,False,True,True,True,True,False,False,True,False
DX,"Dynex Capital, Inc. Common Stock",12.91,36.8,3203834898.0,71621654,9.1,-13.5,5,6,False,False,False,True,True,True,True,True,False,True,False
PB,"Prosperity Bancshares, Inc. Common Stock",72.3,36.8,8688780543.0,85982581,18.4,-6.3,4,5,False,False,False,True,True,True,True,False,False,True,False
PGR,Progressive Corporation (The) Common Stock,218.64,36.7,127111123793.0,662988301,15.6,-12.5,1,4,False,False,False,True,False,True,False,True,False,True,False
RDW,Redwire Corporation Common Stock,10.87,36.7,2717419660.0,209626826,123.2,-59.2,3,3,False,False,False,False,True,True,False,False,True,False,False
AVO,"Mission Produce, Inc. - Common Stock",12.77,36.6,1127843935.0,12667825,26.8,-17.8,2,3,False,False,False,False,True,True,False,False,False,True,False
KNSL,"Kinsale Capital Group, Inc. Common Stock",380.61,36.6,8669696339.0,105662900,32.5,-21.5,0,4,False,False,False,True,False,False,False,True,True,True,False
NXE,Nexgen Energy Ltd. Common Shares,10.4,36.6,6973263450.0,50024317,43.3,-25.5,5,4,False,False,False,False,True,True,False,True,True,False,False
NBIX,"Neurocrine Biosciences, Inc. - Common Stock",154.06,36.5,15660072825.0,213042503,26.1,-17.2,5,5,False,False,False,True,True,True,True,False,False,True,False
MAS,Masco Corporation Common Stock,73.25,36.5,14443979248.0,185582852,25.9,-12.4,5,5,False,False,False,True,True,True,True,False,False,True,False
EMN,Eastman Chemical Company Common Stock,73.03,36.4,8352983056.0,81940818,30.2,-12.5,4,6,False,False,False,True,True,True,False,True,True,True,False
HLT,Hilton Worldwide Holdings Inc. Common Stock ,321.85,36.4,72437141284.0,751034636,26.9,-10.1,5,5,False,False,False,True,True,True,True,False,False,True,False
NWN,Northwest Natural Holding Company Common Stock,49.5,36.4,2083630131.0,12839225,21.0,-11.6,5,3,False,False,False,False,True,True,False,False,False,True,False
HAPN,"Happen, Inc. - Common Stock",17.89,36.3,2064639531.0,33556154,37.1,-17.4,5,4,False,False,False,True,False,True,False,False,True,True,False
DLX,Deluxe Corporation Common Stock,23.64,36.3,1084042696.0,10732674,33.1,-26.3,5,3,False,False,False,False,True,True,False,False,True,False,False
AFL,AFLAC Incorporated Common Stock,116.52,36.2,58416521083.0,260765426,11.3,-10.5,5,5,False,False,False,True,True,True,True,False,False,True,False
ALLE,Allegion plc Ordinary Shares,157.48,36.2,13391593059.0,194754031,26.0,-14.0,0,3,False,False,False,True,False,False,False,True,False,True,False
ATR,"AptarGroup, Inc. Common Stock",132.99,36.2,8455654346.0,59738138,28.8,-9.5,1,6,False,False,False,True,True,True,True,True,False,True,False
MYRG,"MYR Group, Inc. - Common Stock",294.42,36.1,4583898585.0,120615416,71.7,-41.5,5,4,False,False,False,False,True,True,True,False,True,False,False
GATX,GATX Corporation Common Stock,177.6,36.1,6269280000.0,41659177,18.1,-13.6,5,3,False,False,False,False,True,True,False,False,False,True,False
CIFR,Cipher Digital Inc. - Common Stock,15.17,36.0,6296016053.0,626912617,118.3,-49.7,0,3,False,False,False,False,True,False,True,False,True,False,False
VLTO,Veralto Corp Common Stock ,98.56,36.0,24028271985.0,178963906,23.2,-10.3,0,3,False,False,False,True,False,False,False,True,False,True,False
CBRE,CBRE Group Inc Common Stock Class A,150.82,35.9,43673746444.0,244106552,23.9,-13.5,0,3,False,False,False,True,False,False,False,True,False,True,False
ETR,Entergy Corporation Common Stock,105.75,35.9,49346280914.0,294561349,22.4,-10.7,5,4,False,False,False,False,True,True,True,False,False,True,False
NJR,NewJersey Resources Corporation Common Stock,53.6,35.9,5438681906.0,39757284,23.3,-11.9,5,4,False,False,False,False,True,True,True,False,False,True,False
RIOT,"Riot Platforms, Inc. - Common Stock",18.99,35.8,7126167176.0,424506221,65.1,-37.4,0,3,False,False,False,False,True,False,True,False,True,False,False
DDS,"Dillard's, Inc. Common Stock",620.29,35.8,9688601667.0,79451838,23.3,-16.4,1,4,False,False,False,True,False,True,False,True,False,True,False
CRVL,CorVel Corp. - Common Stock,69.24,35.7,3497767376.0,12236798,54.5,-25.9,0,3,False,False,False,True,False,False,False,True,True,False,False
EW,Edwards Lifesciences Corporation Common Stock,90.21,35.7,51997044000.0,384641060,24.8,-6.3,5,4,False,False,False,True,False,True,False,True,False,True,False
RMD,ResMed Inc. Common Stock,240.33,35.7,34668156701.0,325385503,33.3,-15.6,0,4,False,False,False,True,False,False,False,True,True,True,False
ES,Eversource Energy (D/B/A) Common Stock,70.84,35.6,26683639573.0,168117379,13.4,-7.5,5,5,False,False,False,True,True,True,True,False,False,True,False
L,Loews Corporation Common Stock,109.72,35.6,22429809438.0,86348082,15.4,-9.3,5,4,False,False,False,False,True,True,True,False,False,True,False
JBSS,"John B. Sanfilippo & Son, Inc. - Common Stock",74.66,35.5,873035291.0,11556876,26.4,-18.9,5,4,False,False,False,False,True,True,True,False,False,True,False
LOAR,Loar Holdings Inc. Common Stock,71.69,35.5,6716526486.0,52522425,34.9,-14.1,0,3,False,False,False,True,False,False,False,False,True,True,False
JACK,Jack In The Box Inc. - Common Stock,16.19,35.4,310513353.0,16516444,81.5,-32.1,0,3,False,False,False,True,False,False,False,True,True,False,False
FSK,FS KKR Capital Corp. Common Stock,12.26,35.4,3387931833.0,27143179,26.1,-32.8,0,2,False,False,False,True,False,False,False,True,False,False,False
GIS,"General Mills, Inc. Common Stock",41.55,35.4,22213854562.0,365754698,30.9,-19.1,0,4,False,False,False,True,False,False,False,True,True,True,False
AVY,Avery Dennison Corporation Common Stock,177.75,35.3,13471342241.0,131673366,16.6,-10.9,2,4,False,False,False,True,False,True,False,True,False,True,False
ECL,Ecolab Inc. Common Stock,286.75,35.3,80384226910.0,394653685,17.9,-7.3,2,6,False,False,False,True,True,True,True,True,False,True,False
DSGX,The Descartes Systems Group Inc. - Common Stock,81.835,35.2,7012508828.0,38263093,30.8,-24.9,0,4,False,False,False,True,False,False,False,True,True,True,False
RIVN,"Rivian Automotive, Inc. - Class A Common Stock",16.07,35.2,23267120324.0,523691467,29.7,-29.2,5,1,False,False,False,False,False,True,False,False,False,False,False
CMRE,Costamare Inc. Common Stock $0.0001 par value,15.41,35.2,1858272776.0,5871916,42.2,-14.7,5,5,False,False,False,False,True,True,False,True,True,True,False
PECO,"Phillips Edison & Company, Inc. - Common Stock",39.07,35.1,5028309000.0,40131927,18.5,-12.0,5,4,False,False,False,False,True,True,True,False,False,True,False
ELAN,Elanco Animal Health Incorporated Common Stock,24.11,35.1,12045882321.0,150407812,40.9,-13.8,5,6,False,False,False,True,True,True,True,False,True,True,False
MDLZ,"Mondelez International, Inc. - Class A Common Stock",62.36,35.0,79590570435.0,564539839,21.8,-6.4,1,6,False,False,False,True,True,True,True,True,False,True,False
MKTX,"MarketAxess Holdings, Inc. - Common Stock",162.72,35.0,5726587224.0,158828518,49.6,-17.0,0,4,False,False,False,True,False,False,False,True,True,True,False
HIG,"The Hartford Insurance Group, Inc. Common Stock",138.55,35.0,37529315877.0,224517566,15.1,-5.1,2,6,False,False,False,True,True,True,True,True,False,True,False
CAMT,Camtek Ltd. - Ordinary Shares,135.57,34.9,6310594651.0,76979038,79.0,-37.2,5,3,False,False,False,False,True,True,False,False,True,False,False
TRP,TC Energy Corporation Common Stock,61.86,34.9,61860000000.0,163822276,25.6,-13.4,5,4,False,False,False,False,True,True,True,False,False,True,False
HLIT,Harmonic Inc. - Common Stock,12.02,34.8,1310978669.0,24259915,41.9,-32.0,5,5,False,False,False,True,True,True,True,False,True,False,False
MRP,"Millrose Properties, Inc. Class A Common Stock",30.61,34.8,5082727045.0,39877077,16.4,-15.0,1,6,False,False,False,True,True,True,True,True,False,True,False
TCBI,"Texas Capital Bancshares, Inc. - Common Stock",98.64,34.7,4288311758.0,50622284,30.8,-9.4,5,5,False,False,False,False,True,True,True,False,True,True,False
DFIN,"Donnelley Financial Solutions, Inc. Common Stock ",48.32,34.7,1187965707.0,12174814,33.8,-15.8,0,4,False,False,False,True,False,False,False,True,True,True,False
WTM,"White Mountains Insurance Group, Ltd. Common Stock",2135.4099,34.7,5096627891.0,41001456,29.6,-8.5,5,4,False,False,False,False,True,True,False,True,False,True,False
COR,"Cencora, Inc. Common Stock",322.03,34.6,61452071945.0,456786593,31.5,-14.7,0,4,False,False,False,True,False,False,False,True,True,True,False
ED,"Consolidated Edison, Inc. Common Stock",107.49,34.6,39752879761.0,252748477,13.2,-7.5,5,4,False,False,False,False,True,True,True,False,False,True,False
INMD,InMode Ltd.  - Ordinary Shares,14.85,34.5,853589464.0,9294793,16.7,-11.3,0,2,False,False,False,True,False,False,False,False,False,True,False
D,"Dominion Energy, Inc. Common Stock",65.55,34.5,57652925957.0,309987614,17.4,-10.2,5,5,False,False,False,True,True,True,True,False,False,True,False
MTX,Minerals Technologies Inc. Common Stock,72.08,34.5,2243761165.0,19545157,33.6,-14.5,5,5,False,False,False,False,True,True,True,False,True,True,False
KMB,Kimberly-Clark Corporation - Common Stock,109.55,34.4,36434033613.0,432083350,18.5,-16.7,0,5,False,False,False,True,True,False,True,True,False,True,False
DTM,"DT Midstream, Inc. Common Stock ",129.53,34.4,13214041291.0,124632163,28.6,-15.3,5,4,False,False,False,False,True,True,True,False,False,True,False
AYI,Acuity Inc. Common Stock,335.16,34.3,10033197933.0,121302131,30.4,-11.8,0,3,False,False,False,True,False,False,False,False,True,True,False
CBU,"Community Financial System, Inc. Common Stock",63.16,34.3,3323220560.0,19109840,18.1,-11.2,5,5,False,False,False,True,True,True,True,False,False,True,False
SYY,Sysco Corporation Common Stock,81.94,34.3,39257127551.0,275489573,20.2,-10.8,2,5,False,False,False,True,True,True,True,False,False,True,False
JJSF,J & J Snack Foods Corp. - Common Stock,89.26,34.2,1667520330.0,19932670,29.6,-21.7,1,4,False,False,False,True,False,True,False,True,False,True,False
O,Realty Income Corporation Common Stock,61.98,34.2,58646593685.0,351242351,11.0,-8.8,5,4,False,False,False,False,True,True,True,False,False,True,False
HR,Healthcare Realty Trust Incorporated Common Stock,18.99,34.1,6508248242.0,73613824,16.4,-13.8,5,5,False,False,False,True,True,True,True,False,False,True,False
PEN,"Penumbra, Inc. Common Stock",321.68,34.1,12670789269.0,110355489,45.4,-11.2,5,5,False,False,False,False,True,True,False,True,True,True,False
PYPL,"PayPal Holdings, Inc. - Common Stock",53.66,34.0,45904030499.0,836772414,39.5,-32.3,0,2,False,False,False,True,False,False,False,False,True,False,False
FCPT,"Four Corners Property Trust, Inc. Common Stock",25.23,34.0,2769154123.0,20367643,10.8,-6.1,4,6,False,False,False,True,True,True,True,True,False,True,False
WRBY,Warby Parker Inc. Class A Common Stock,25.0,34.0,3090201350.0,79757626,67.1,-19.4,2,5,False,False,False,False,True,True,True,False,True,True,False
STRL,"Sterling Infrastructure, Inc. - Common Stock",470.52,33.9,14392509489.0,535412447,76.8,-53.2,5,4,False,False,False,False,True,True,True,False,True,False,False
CPK,Chesapeake Utilities Corporation Common Stock,132.71,33.9,3199167643.0,27210142,11.6,-5.8,5,6,False,False,False,True,True,True,True,True,False,True,False
WDFC,WD-40 Company - Common Stock,217.17,33.8,2914659418.0,37902574,23.8,-27.3,3,3,False,False,False,False,True,True,True,False,False,False,False
EQX,Equinox Gold Corp. Common Shares,12.99,33.8,10250488681.0,148927469,58.9,-31.5,1,3,False,False,False,False,False,True,False,True,True,False,False
MTN,"Vail Resorts, Inc. Common Stock",141.93,33.8,5057466345.0,99681418,19.8,-14.2,2,3,False,False,False,True,False,True,False,False,False,True,False
CNX,CNX Resources Corporation Common Stock,36.2,33.7,5355559659.0,59250655,26.1,-17.0,5,3,False,False,False,False,False,True,False,True,False,True,False
FSS,Federal Signal Corporation Common Stock,118.13,33.7,7210845507.0,65023722,16.7,-12.2,1,5,False,False,False,True,True,True,True,False,False,True,False
APOG,"Apogee Enterprises, Inc. - Common Stock",40.33,33.6,841618297.0,10457765,31.2,-20.7,1,6,False,False,False,True,True,True,True,False,True,True,False
EME,"EMCOR Group, Inc. Common Stock",740.17,33.6,32648825423.0,361195311,31.0,-22.2,5,4,False,False,False,False,True,True,False,False,True,True,False
TYG,Tortoise Energy Infrastructure Corporation Common Stock,43.48,33.6,518625222.0,6309872,7.8,-15.0,5,4,False,False,False,False,True,True,False,True,False,True,False
PINS,"Pinterest, Inc. Class A Common Stock",23.19,33.5,13132799096.0,272889561,67.6,-39.9,0,3,False,False,False,True,False,False,False,True,True,False,False
SEI,"Solaris Energy Infrastructure, Inc. Class A Common Stock",49.89,33.5,3819897297.0,187251772,103.1,-42.1,5,3,False,False,False,False,True,True,False,False,True,False,False
ON,ON Semiconductor Corporation - Common Stock,72.61,33.4,28268424490.0,984698967,62.9,-46.2,5,4,False,False,False,False,True,True,True,False,True,False,False
KRC,Kilroy Realty Corporation Common Stock,36.21,33.4,4211548455.0,47803971,32.3,-19.6,0,3,False,False,False,True,False,False,False,False,True,True,False
OZK,Bank OZK - Common Stock,49.4,33.3,5588924921.0,60400038,16.6,-7.9,3,5,False,False,False,True,True,True,True,False,False,True,False
BAM,Brookfield Asset Management Inc Class A Limited Voting Shares,52.12,33.3,83247993378.0,122320105,23.5,-16.7,0,3,False,False,False,True,False,False,False,True,False,True,False
INVH,Invitation Homes Inc. Common Stock,29.24,33.3,17269823128.0,133742445,20.6,-6.7,2,5,False,False,False,True,True,True,True,False,False,True,False
CL,Colgate-Palmolive Company Common Stock,90.75,33.2,72343434232.0,424371389,21.7,-8.6,4,5,False,False,False,True,True,True,True,False,False,True,False
IBN,ICICI Bank Limited Common Stock,29.88,33.2,106972081796.0,194469376,19.1,-9.5,0,3,False,False,False,True,False,False,False,True,False,True,False
EVRG,"Evergy, Inc. - Common Stock",80.65,33.1,18595242422.0,172566259,14.5,-9.0,5,4,False,False,False,False,True,True,True,False,False,True,False
MELI,"MercadoLibre, Inc. - Common Stock",1966.25,33.1,99682586933.0,789296446,31.5,-22.8,0,4,False,False,False,True,False,False,False,True,True,True,False
PNW,Pinnacle West Capital Corporation Common Stock,97.64,33.1,11833697928.0,125235162,14.4,-12.2,5,4,False,False,False,False,True,True,True,False,False,True,False
TTWO,"Take-Two Interactive Software, Inc. - Common Stock",235.39,33.0,44013326478.0,602263995,25.5,-11.5,0,2,False,False,False,True,False,False,False,False,False,True,False
H,Hyatt Hotels Corporation Class A Common Stock,172.25,33.0,16232277776.0,147239934,28.4,-16.7,5,5,False,False,False,True,True,True,True,False,False,True,False
ZS,"Zscaler, Inc. - Common Stock",184.23,32.9,29791745791.0,410043997,60.7,-45.3,0,3,False,False,False,True,False,False,False,True,True,False,False
CUBE,CubeSmart Common Shares,40.02,32.9,9010993365.0,84175661,14.0,-7.5,4,5,False,False,False,True,True,True,True,False,False,True,False
CEVA,"CEVA, Inc. - Common Stock",27.12,32.8,763538433.0,30567325,59.3,-47.4,4,4,False,False,False,False,True,True,True,False,True,False,False
CVNA,Carvana Co. Class A Common Stock,74.04,32.8,81478337531.0,697054275,35.9,-24.0,1,5,False,False,False,True,False,True,False,True,True,True,False
KKR,KKR & Co. Inc. Common Stock,108.68,32.8,97555037117.0,461784467,31.5,-28.5,0,3,False,False,False,True,False,False,False,True,True,False,False
ITRI,"Itron, Inc. - Common Stock",97.53,32.7,4270522020.0,78403159,25.4,-31.3,0,2,False,False,False,True,False,False,False,True,False,False,False
IP,International Paper Company Common Stock,39.31,32.7,20817392572.0,197941375,34.3,-21.8,0,4,False,False,False,True,False,False,False,True,True,True,False
DEO,Diageo plc Common Stock,92.99,32.6,51758526454.0,99714055,28.4,-17.9,0,3,False,False,False,True,False,False,False,True,False,True,False
SHW,Sherwin-Williams Company (The) Common Stock,344.86,32.6,83717575954.0,753018224,19.0,-8.7,1,4,False,False,False,True,False,True,False,True,False,True,False
UHT,Universal Health Realty Income Trust Common Stock,41.46,32.6,576239439.0,7242769,17.6,-10.5,5,5,False,False,False,True,True,True,True,False,False,True,False
PAHC,Phibro Animal Health Corporation - Class A Common Stock,37.67,32.5,1529462385.0,8421958,33.3,-37.3,0,3,False,False,False,False,True,False,False,True,True,False,False
BXSL,Blackstone Secured Lending Fund Common Shares of Beneficial Interest,24.75,32.5,,39511607,10.1,-17.4,1,4,False,False,False,True,False,True,False,True,False,True,False
FWRD,Forward Air Corporation - Common Stock,16.99,32.4,573936845.0,12152240,116.2,-46.9,0,2,False,False,False,False,False,False,False,True,True,False,False
TBPH,"Theravance Biopharma, Inc. - Ordinary Shares",17.05,32.4,885214756.0,12098228,30.4,-18.9,5,4,False,False,False,False,False,True,False,True,True,True,False
NBHC,National Bank Holdings Corporation Common Stock,41.22,32.4,1835920127.0,18950809,17.6,-12.8,5,4,False,False,False,False,True,True,True,False,False,True,False
CWST,"Casella Waste Systems, Inc. - Class A Common Stock",93.68,32.3,5961799509.0,60254754,26.5,-13.2,2,4,False,False,False,True,False,True,False,True,False,True,False
OCFC,OceanFirst Financial Corp. - Common Stock,18.88,32.3,1824661735.0,19950864,10.7,-8.4,5,5,False,False,False,True,True,True,True,False,False,True,False
CME,CME Group Inc. - Class A Common Stock,285.8,32.2,102767753365.0,693094644,30.9,-13.2,1,6,False,False,False,True,True,True,False,True,True,True,False
RSG,"Republic Services, Inc. Common Stock",222.11,32.2,68012964544.0,310611463,13.1,-5.6,1,6,False,False,False,True,True,True,True,True,False,True,False
ALKT,"Alkami Technology, Inc. - Common Stock",20.22,32.1,2162366836.0,29759483,44.6,-24.8,0,4,False,False,False,True,False,False,False,True,True,True,False
LSPD,Lightspeed Commerce Inc. Subordinate Voting Shares,10.6,32.1,1413133350.0,8973705,35.4,-22.7,0,4,False,False,False,True,False,False,False,True,True,True,False
PPG,"PPG Industries, Inc. Common Stock",114.22,32.1,25391106000.0,213824723,22.3,-14.4,3,5,False,False,False,True,True,True,True,False,False,True,False
LIN,Linde plc - Ordinary Shares,489.51,32.0,225654399590.0,1110704186,26.2,-10.7,5,4,False,False,False,False,True,True,True,False,False,True,False
ELS,"Equity Lifestyle Properties, Inc. Common Stock",63.74,32.0,12369678815.0,99040923,8.5,-7.6,5,4,False,False,False,False,True,True,True,False,False,True,False
ALLY,Ally Financial Inc. Common Stock,42.18,31.9,12831143051.0,134872397,17.4,-10.8,5,4,False,False,False,False,True,True,True,False,False,True,False
CAG,"ConAgra Brands, Inc. Common Stock",16.09,31.9,7724288022.0,243163863,28.4,-20.8,0,3,False,False,False,True,False,False,False,True,False,True,False
RVLV,"Revolve Group, Inc. Class A Common Stock",22.91,31.9,1628566972.0,20462272,32.0,-27.7,2,2,False,False,False,False,False,True,False,False,True,False,False
NMRK,"Newmark Group, Inc. - Class A Common Stock",15.83,31.8,2868849165.0,21139963,18.5,-20.2,0,3,False,False,False,True,False,False,False,True,False,True,False
BC,Brunswick Corporation Common Stock,76.64,31.8,4966074882.0,57066568,30.9,-15.1,5,5,False,False,False,False,True,True,True,False,True,True,False
PTCT,"PTC Therapeutics, Inc. - Common Stock",70.09,31.7,5849767612.0,124685899,43.2,-22.9,5,3,False,False,False,False,False,True,False,False,True,True,False
BCC,"Boise Cascade, L.L.C. Common Stock",78.75,31.7,2747693891.0,31258348,21.2,-14.4,1,5,False,False,False,True,True,True,True,False,False,True,False
TOL,"Toll Brothers, Inc. Common Stock",146.22,31.7,13667329620.0,147907616,18.7,-13.2,5,5,False,False,False,True,True,True,True,False,False,True,False
ICE,Intercontinental Exchange Inc. Common Stock,162.33,31.6,91131167075.0,606536738,33.3,-8.7,1,5,False,False,False,True,False,True,False,True,True,True,False
PHIN,PHINIA Inc. Common Stock,68.65,31.6,2515204741.0,30326741,35.2,-21.0,5,5,False,False,False,False,True,True,True,False,True,True,False
GBDC,"Golub Capital BDC, Inc. - Closed End Fund",13.03,31.5,3383260205.0,14429762,10.7,-12.7,2,4,False,False,False,True,False,True,False,True,False,True,False
HBAN,Huntington Bancshares Incorporated - Common Stock,16.92,31.5,34185418856.0,407536772,13.6,-13.1,3,5,False,False,False,True,True,True,True,False,False,True,False
CRSP,CRISPR Therapeutics AG - Common Shares,57.72,31.4,5581099931.0,88563789,30.8,-26.5,0,3,False,False,False,True,False,False,False,True,True,False,False
NVO,Novo Nordisk A/S Common Stock,45.61,31.4,201957911017.0,571712662,29.9,-28.9,0,1,False,False,False,True,False,False,False,False,False,False,False
OHI,"Omega Healthcare Investors, Inc. Common Stock",45.99,31.4,13935567870.0,90296411,17.1,-12.2,5,5,False,False,False,True,True,True,True,False,False,True,False
AES,The AES Corporation Common Stock,14.73,31.3,10508951020.0,113987310,19.5,-16.5,5,6,False,False,False,True,True,True,True,True,False,True,False
SMA,"SmartStop Self Storage REIT, Inc. Common Stock",33.04,31.3,1829388555.0,24623151,12.3,-16.9,0,4,False,False,False,True,True,False,True,False,False,True,False
AXP,American Express Company Common Stock,333.2,31.2,225013236356.0,990535349,14.5,-14.0,0,1,False,False,False,False,False,False,False,False,False,True,False
CTRE,"CareTrust REIT, Inc. Common Stock",39.03,31.2,9222523557.0,103474746,19.0,-10.5,5,4,False,False,False,False,True,True,True,False,False,True,False
UE,Urban Edge Properties Common Shares of Beneficial Interest,21.39,31.2,2700369128.0,20815993,15.9,-11.3,5,4,False,False,False,False,True,True,True,False,False,True,False
MRCY,Mercury Systems Inc - Common Stock,88.54,31.1,5324453216.0,79851902,36.1,-31.1,5,4,False,False,False,False,True,True,True,False,True,False,False
TRS,TriMas Corporation - Common Stock,39.53,31.1,1418094200.0,18902143,29.9,-13.0,5,5,False,False,False,True,True,True,True,False,False,True,False
CHT,"Chunghwa Telecom Co., Ltd.",42.99,31.0,33349262675.0,7540511,9.4,-7.5,3,6,False,False,False,True,True,True,True,True,False,True,False
NGS,"Natural Gas Services Group, Inc. Common Stock",34.69,31.0,447441507.0,5448114,36.1,-22.2,5,4,False,False,False,False,True,True,False,False,True,True,False
POR,Portland General Electric Co Common Stock,49.6,31.0,5833343904.0,59171779,18.7,-9.2,5,4,False,False,False,False,True,True,True,False,False,True,False
DIS,Walt Disney Company (The) Common Stock,108.1,30.9,186654854106.0,1093523441,17.3,-9.8,0,3,False,False,False,True,False,False,False,True,False,True,False
FTS,Fortis Inc. Common Shares,54.66,30.9,27925794000.0,41846178,12.4,-8.0,5,4,False,False,False,False,True,True,True,False,False,True,False
OWL,Blue Owl Capital Inc. Class A Common Stock,12.02,30.8,18740288520.0,200666661,51.2,-37.7,0,3,False,False,False,True,False,False,False,True,True,False,False
TSLX,"Sixth Street Specialty Lending, Inc. Common Stock",18.74,30.8,1786730425.0,10041876,16.8,-24.4,0,3,False,False,False,True,False,False,False,True,False,True,False
OCUL,"Ocular Therapeutix, Inc. - Common Stock",10.36,30.7,2275220392.0,26146787,66.3,-37.0,0,3,False,False,False,True,False,False,False,True,True,False,False
AGX,"Argan, Inc. Common Stock",417.74,30.7,5856400242.0,199190936,112.1,-48.2,5,4,False,False,False,False,True,True,True,False,True,False,False
GMED,"Globus Medical, Inc. Class A Common Stock",82.97,30.7,11139711005.0,133123912,53.2,-18.2,5,4,False,False,False,False,False,True,False,True,True,True,False
FELE,"Franklin Electric Co., Inc. - Common Stock",100.56,30.6,4445904820.0,30148608,12.3,-13.2,5,5,False,False,False,True,True,True,True,False,False,True,False
BRX,Brixmor Property Group Inc. Common Stock,29.17,30.6,8951465458.0,70481719,18.3,-11.2,5,4,False,False,False,False,True,True,True,False,False,True,False
UAL,"United Airlines Holdings, Inc. - Common Stock",110.6,30.5,35898965183.0,520544990,30.7,-20.3,5,6,False,False,False,True,True,True,True,False,True,True,False
CHH,"Choice Hotels International, Inc. Common Stock",108.86,30.5,4918233838.0,62258180,29.5,-12.1,2,5,False,False,False,True,True,True,True,False,False,True,False
SLGN,Silgan Holdings Inc. Common Stock,42.1,30.5,4449213042.0,52963017,18.0,-15.0,2,4,False,False,False,False,True,True,True,False,False,True,False
CMP,Compass Minerals Intl Inc Common Stock,24.62,30.4,1033569118.0,13021634,50.1,-28.6,5,4,False,False,False,False,True,True,True,False,True,False,False
DEC,Diversified Energy Company Common Stock,14.75,30.4,1132155292.0,14146075,19.6,-22.0,1,5,False,False,False,True,True,True,False,True,False,True,False
EXR,Extra Space Storage Inc Common Stock,142.91,30.3,30192532534.0,165686434,13.7,-10.1,4,5,False,False,False,True,True,True,True,False,False,True,False
MGY,Magnolia Oil & Gas Corporation Class A Common Stock,26.25,30.3,6220425540.0,125139984,24.6,-19.9,5,4,False,False,False,False,True,True,False,True,False,True,False
HIFS,Hingham Institution for Savings - Common Stock,295.67,30.2,634921758.0,12749407,19.0,-12.5,5,5,False,False,False,True,True,True,True,False,False,True,False
OR,OR Royalties Inc. Common Shares,37.4,30.2,7012345314.0,36232006,35.8,-22.2,0,5,False,False,False,True,True,False,False,True,True,True,False
PHM,"PulteGroup, Inc. Common Stock",128.55,30.2,24097024017.0,223098952,18.5,-11.0,1,5,False,False,False,True,True,True,True,False,False,True,False
FLG,"Flagstar Bank, N.A. Common Stock",13.45,30.1,5582998644.0,67836352,27.2,-12.9,5,4,False,False,False,False,True,True,True,False,False,True,False
RITM,Rithm Capital Corp. Common Stock,10.08,30.1,5628742872.0,53129201,19.6,-20.9,1,4,False,False,False,True,False,True,False,True,False,True,False
IBOC,International Bancshares Corporation - Common Stock,70.93,30.0,4411244088.0,26729649,12.2,-9.6,5,4,False,False,False,False,True,True,True,False,False,True,False
NAD,Nuveen Quality Municipal Income Fund Common Stock,11.7,30.0,,6585879,5.3,-5.0,5,5,False,False,False,True,True,True,True,False,False,True,False
PFGC,Performance Food Group Company Common Stock,100.85,30.0,15887206277.0,185256651,24.8,-14.2,2,5,False,False,False,True,True,True,True,False,False,True,False
CVCO,"Cavco Industries, Inc. - Common Stock",568.4,29.9,4370656097.0,66149775,28.2,-20.3,5,3,False,False,False,True,False,True,False,False,False,True,False
GBCI,"Glacier Bancorp, Inc. Common Stock",46.88,29.9,6104336357.0,60775020,17.5,-14.1,5,4,False,False,False,False,True,True,True,False,False,True,False
FFIN,"First Financial Bankshares, Inc. - Common Stock",33.39,29.8,4785705459.0,29725895,18.7,-12.4,2,5,False,False,False,True,True,True,True,False,False,True,False
REG,Regency Centers Corporation - Common Stock,75.52,29.8,13829263709.0,104603252,13.0,-9.7,5,4,False,False,False,False,True,True,True,False,False,True,False
RL,Ralph Lauren Corporation Common Stock,354.04,29.8,21094495896.0,238473674,20.9,-16.0,5,4,False,False,False,False,True,True,True,False,False,True,False
IMKTA,"Ingles Markets, Incorporated - Class A Common Stock",82.12,29.7,1559818157.0,11556342,23.7,-14.1,5,4,False,False,False,False,True,True,True,False,False,True,False
QRVO,"Qorvo, Inc. - Common Stock",94.73,29.7,8357235294.0,111048005,26.4,-13.5,1,6,False,False,False,True,True,True,True,True,False,True,False
BANC,"Banc of California, Inc. Common Stock",18.6,29.6,2937879839.0,61727659,21.3,-15.2,5,4,False,False,False,False,True,True,True,False,False,True,False
BKD,Brookdale Senior Living Inc. Common Stock,11.72,29.6,2798938193.0,74323872,60.8,-31.4,5,4,False,False,False,False,True,True,True,False,True,False,False
CMCSA,Comcast Corporation - Class A Common Stock,27.06,29.5,96026105665.0,817750774,27.2,-17.7,0,4,False,False,False,True,True,False,False,True,False,True,False
BMA,Banco Macro S.A.  ADR (representing Ten Class B Common Shares),76.05,29.5,4862563232.0,23866501,98.6,-28.4,5,2,False,False,False,False,False,True,False,False,True,False,False
HEI,Heico Corporation Common Stock,336.53,29.5,47025930873.0,165314339,31.4,-10.7,3,4,False,False,False,True,False,True,False,False,True,True,False
ADSK,"Autodesk, Inc. - Common Stock",260.66,29.4,54999260000.0,539653210,40.5,-20.8,0,4,False,False,False,True,False,False,False,True,True,True,False
TT,Trane Technologies plc,448.96,29.4,98781605546.0,569798472,29.0,-11.2,5,4,False,False,False,False,True,True,True,False,False,True,False
SNDX,"Syndax Pharmaceuticals, Inc. - Common Stock",19.54,29.3,1744865060.0,35706386,50.4,-23.6,5,4,False,False,False,False,True,True,False,False,True,True,False
NFG,National Fuel Gas Company Common Stock,82.97,29.3,7885891864.0,52911711,10.4,-14.5,1,4,False,False,False,False,True,True,False,True,False,True,False
WMK,"Weis Markets, Inc. Common Stock",71.2,29.3,1761815306.0,12900467,18.7,-15.0,3,4,False,False,False,False,True,True,True,False,False,True,False
USLM,"United States Lime & Minerals, Inc. - Common Stock",119.96,29.2,3441456025.0,22860147,24.6,-15.2,0,3,False,False,False,True,False,False,False,True,False,True,False
CCJ,Cameco Corporation Common Stock,100.01,29.2,43557653130.0,316179548,36.6,-26.0,5,4,False,False,False,False,True,True,False,True,True,False,False
MGRC,McGrath RentCorp - Common Stock,112.28,29.1,2742513442.0,21863188,18.2,-12.1,2,4,False,False,False,False,True,True,True,False,False,True,False
PCG,Pacific Gas & Electric Co. Common Stock,16.6,29.1,44489834234.0,413871396,15.8,-13.4,5,4,False,False,False,False,True,True,True,False,False,True,False
WPC,W. P. Carey Inc. REIT,70.51,29.1,16063368138.0,101248318,11.8,-8.7,5,4,False,False,False,False,True,True,True,False,False,True,False
SMG,Scotts Miracle-Gro Company (The) Common Stock,60.43,29.0,3518251158.0,63658447,16.2,-19.8,3,4,False,False,False,False,True,True,True,False,False,True,False
UDR,"UDR, Inc. Common Stock",37.12,29.0,11925327921.0,128306304,12.7,-11.6,3,5,False,False,False,True,True,True,True,False,False,True,False
MCHP,Microchip Technology Incorporated - Common Stock,72.93,28.9,39601623835.0,928590270,50.3,-31.1,5,4,False,False,False,False,True,True,True,False,True,False,False
YUM,"Yum! Brands, Inc.",153.86,28.9,41988560938.0,407416404,12.0,-9.6,5,4,False,False,False,False,True,True,False,True,False,True,False
ADBE,Adobe Inc. - Common Stock,291.52,28.8,115879200000.0,1315640929,53.3,-21.4,0,4,False,False,False,True,False,False,False,True,True,True,False
NEA,Nuveen AMT-Free Quality Municipal Income Fund Common Shares of Beneficial Interest Par Value $.01,11.23,28.8,,8862733,4.4,-5.6,5,4,False,False,False,False,True,True,True,False,False,True,False
SPGI,S&P Global Inc. Common Stock,442.89,28.8,130563972000.0,925441185,22.7,-15.2,0,3,False,False,False,True,False,False,False,True,False,True,False
ERIE,Erie Indemnity Company - Class A Common Stock,260.4,28.7,12027633307.0,66117877,27.3,-27.2,0,2,False,False,False,True,False,False,False,True,False,False,False
JANX,"Janux Therapeutics, Inc. - Common Stock",18.03,28.7,1102296017.0,16142291,48.8,-49.0,0,3,False,False,False,True,False,False,False,True,True,False,False
AKAM,"Akamai Technologies, Inc. - Common Stock",107.47,28.6,15445223969.0,435027184,51.8,-35.0,5,4,False,False,False,False,True,True,True,False,True,False,False
ARQQ,Arqit Quantum Inc. - Ordinary Shares,20.04,28.6,482775323.0,15056870,74.0,-67.7,0,2,False,False,False,True,False,False,False,False,True,False,False
DEI,"Douglas Emmett, Inc. Common Stock",11.76,28.6,1969626740.0,22643947,30.1,-30.8,0,2,False,False,False,True,False,False,False,False,True,False,False
NPKI,NPK International Inc. Common Stock,13.16,28.5,1117414205.0,14075560,30.2,-20.2,5,4,False,False,False,False,True,True,False,False,True,True,False
STC,Stewart Information Services Corporation Common Stock,69.91,28.5,2133806932.0,16664247,22.4,-11.1,0,3,False,False,False,True,False,False,False,True,False,True,False
BCO,Brinks Company (The) Common Stock,110.97,28.4,4570813685.0,58291765,21.9,-18.6,1,3,False,False,False,False,False,True,False,True,False,True,False
GAP,"Gap, Inc. (The) Common Stock",23.48,28.4,8452305347.0,155891619,29.7,-20.0,0,2,False,False,False,False,False,False,False,True,False,True,False
KT,KT Corporation Common Stock,19.63,28.4,9465392173.0,28927927,14.6,-20.1,1,4,False,False,False,False,True,True,False,True,False,True,False
NCI,Neo-Concept International Group Holdings Limited - Class A Ordinary Shares,12.57,28.3,29719025.0,6259052,391.0,-88.6,0,3,False,False,False,False,True,False,False,True,True,False,False
MTH,Meritage Homes Corporation Common Stock,71.06,28.3,4631271049.0,63821604,22.5,-16.8,2,5,False,False,False,True,True,True,True,False,False,True,False
AXS,Axis Capital Holdings Limited Common Stock,99.52,28.2,7261607868.0,76747351,13.0,-17.1,4,4,False,False,False,False,True,True,True,False,False,True,False
HLF,Herbalife Ltd. Common Shares,12.43,28.2,1302706013.0,19566951,64.4,-39.1,5,4,False,False,False,False,True,True,False,True,True,False,False
CTSH,Cognizant Technology Solutions Corporation - Class A Common Stock,64.04,28.1,28846447144.0,528300636,72.7,-26.4,0,3,False,False,False,True,False,False,False,True,True,False,False
WAY,Waystar Holding Corp. - Common Stock,26.24,28.1,5031478436.0,65383558,52.0,-36.7,0,3,False,False,False,True,False,False,False,True,True,False,False
NZF,Nuveen Municipal Credit Income Fund ,12.19,28.1,,6451979,3.0,-6.4,5,4,False,False,False,False,True,True,True,False,False,True,False
FHB,"First Hawaiian, Inc. - Common Stock",25.79,28.0,3138143551.0,65389634,13.9,-15.7,5,4,False,False,False,False,True,True,True,False,False,True,False
WFG,West Fraser Timber Co. Ltd Common stock,67.67,28.0,5298819635.0,14590344,18.0,-12.1,1,5,False,False,False,True,True,True,True,False,False,True,False
GTES,Gates Industrial Corporation Ltd. Common Shares,25.87,27.9,6549020768.0,54078075,23.9,-14.7,5,5,False,False,False,True,True,True,True,False,False,True,False
IDA,"IDACORP, Inc. Common Stock",135.78,27.9,7853792599.0,82007210,11.0,-12.3,5,4,False,False,False,False,True,True,True,False,False,True,False
PAM,Pampa Energia S.A.,80.45,27.9,4387808567.0,13585609,46.4,-14.9,5,3,False,False,False,False,False,True,False,False,True,True,False
TRI,Thomson Reuters Corp - Common Shares,106.225,27.8,46016670000.0,206201010,39.3,-41.0,0,3,False,False,False,True,False,False,False,True,True,False,False
BMNR,"BitMine Immersion Technologies, Inc. Common Stock",23.8,27.8,14356788177.0,690862069,85.9,-63.7,0,3,False,False,False,True,False,False,False,True,True,False,False
SKYW,"SkyWest, Inc. - Common Stock",98.87,27.7,3838956493.0,41887445,26.9,-20.1,1,3,False,False,False,True,False,True,False,False,False,True,False
INSP,"Inspire Medical Systems, Inc. Common Stock",61.44,27.7,1776253440.0,45677027,57.9,-58.2,0,2,False,False,False,False,False,False,False,True,True,False,False
BBSI,"Barrett Business Services, Inc. - Common Stock",34.37,27.6,832963137.0,9159025,35.7,-30.8,0,2,False,False,False,True,False,False,False,False,True,False,False
AWI,Armstrong World Industries Inc Common Stock,175.09,27.6,7399798204.0,78936186,16.5,-15.0,0,3,False,False,False,True,False,False,False,True,False,True,False
CRI,"Carter's, Inc. Common Stock",33.55,27.6,1231660257.0,41091948,23.6,-24.5,5,4,False,False,False,False,True,True,True,False,False,True,False
RQI,Cohen & Steers Quality Income Realty Fund Inc Common Shares,12.3,27.5,1651895018.0,8868673,8.8,-9.4,5,3,False,False,False,False,True,True,False,False,False,True,False
WCN,"Waste Connections, Inc. Common Shares",165.93,27.5,42349488896.0,223550295,13.0,-10.5,0,2,False,False,False,True,False,False,False,False,False,True,False
AIG,"American International Group, Inc. New Common Stock",76.93,27.4,40226171491.0,283865087,8.0,-11.9,0,2,False,False,False,True,False,False,False,False,False,True,False
QGEN,Qiagen N.V. Common Shares,43.11,27.4,8883882602.0,128038765,32.5,-25.4,0,3,False,False,False,True,False,False,False,True,True,False,False
T,AT&T Inc.,26.01,27.4,178230550757.0,1466228506,30.8,-12.7,1,6,False,False,False,True,True,True,False,True,True,True,False
MDU,"MDU Resources Group, Inc. Common Stock (Holding Company)",19.79,27.3,4162815734.0,31604838,25.6,-13.9,5,3,False,False,False,False,True,True,False,False,False,True,False
UBER,"Uber Technologies, Inc. Common Stock",78.82,27.3,160994588737.0,1428030012,20.5,-22.7,0,3,False,False,False,True,False,False,False,True,False,True,False
HLNE,Hamilton Lane Incorporated - Class A Common Stock,106.04,27.2,5843932054.0,69323722,47.5,-32.1,0,2,False,False,False,False,False,False,False,True,True,False,False
MAGN,Magnera Corporation Common Stock,12.4,27.2,443920000.0,5583899,58.6,-20.1,2,4,False,False,False,True,False,True,False,False,True,True,False
NVG,Nuveen AMT-Free Municipal Credit Income Fund ,12.2,27.2,,6057031,3.7,-10.2,5,4,False,False,False,False,True,True,True,False,False,True,False
CWK,Cushman & Wakefield Ltd. Common Shares,14.12,27.1,3314157557.0,28239119,22.0,-18.9,0,2,False,False,False,False,False,False,False,True,False,True,False
LUV,Southwest Airlines Company Common Stock,39.64,27.1,19392213088.0,259480309,35.5,-28.1,5,4,False,False,False,False,True,True,True,False,True,False,False
CPT,Camden Property Trust Common Stock,106.35,27.0,10692359873.0,107708628,10.2,-11.2,3,4,False,False,False,False,True,True,True,False,False,True,False
CSL,Carlisle Companies Incorporated Common Stock,356.53,27.0,14159279838.0,182658611,21.5,-17.6,2,5,False,False,False,True,True,True,True,False,False,True,False
CDNS,"Cadence Design Systems, Inc. - Common Stock",340.39,26.9,93741023270.0,822812249,29.5,-18.3,0,4,False,False,False,True,True,False,True,False,False,True,False
COO,"The Cooper Companies, Inc.  - Common Stock",71.17,26.9,13880329937.0,157608977,20.9,-20.8,2,2,False,False,False,False,False,True,False,False,False,True,False
MSDL,Morgan Stanley Direct Lending Fund Common Stock,15.18,26.9,,7471692,11.1,-16.5,0,2,False,False,False,True,False,False,False,False,False,True,False
KYIV,Kyivstar Group Ltd. - Common Shares,13.44,26.8,3102807107.0,7880216,44.7,-18.8,5,4,False,False,False,True,False,True,False,False,True,True,False
ZWS,Zurn Elkay Water Solutions Corporation Common Stock,48.05,26.8,7969769861.0,49853402,11.6,-12.6,5,4,False,False,False,False,True,True,True,False,False,True,False
CASH,"Pathward Financial, Inc. - Common Stock",81.5,26.7,1693029003.0,18857742,23.7,-19.5,5,3,False,False,False,False,True,True,False,False,False,True,False
AEE,Ameren Corporation Common Stock,106.12,26.7,29378605796.0,183416058,9.9,-10.3,5,4,False,False,False,False,True,True,True,False,False,True,False
MIAX,"Miami International Holdings, Inc. Common Stock",43.0,26.7,4266928614.0,70254903,26.4,-24.7,0,2,False,False,False,False,False,False,False,True,False,True,False
CPA,"Copa Holdings, S.A. Class A Common Stock",129.5,26.6,5327442614.0,42084639,20.5,-19.3,5,4,False,False,False,False,True,True,True,False,False,True,False
JEF,Jefferies Financial Group Inc. Common Stock,53.09,26.6,10285799412.0,121110286,49.4,-25.3,1,3,False,False,False,True,False,True,False,False,True,False,False
OGS,"ONE Gas, Inc. Common Stock",79.47,26.5,4995187777.0,46639161,7.3,-12.5,5,4,False,False,False,False,True,True,False,True,False,True,False
PII,Polaris Inc. Common Stock,63.78,26.5,3629306761.0,59872593,35.3,-18.2,5,3,False,False,False,False,False,True,False,False,True,True,False
SR,Spire Inc. Common Stock,82.56,26.5,4880353346.0,44442721,11.7,-13.4,0,3,False,False,False,False,True,False,False,True,False,True,False
KVYO,"Klaviyo, Inc. Series A Common Stock",20.15,26.4,5737257856.0,99006414,60.8,-44.4,0,2,False,False,False,False,False,False,False,True,True,False,False
UI,Ubiquiti Inc. Common Stock,599.35,26.4,36277685152.0,68505683,18.5,-45.5,0,2,False,False,False,False,True,False,False,True,False,False,False
ELVR,Elevra Lithium Limited - American Depository Shares,59.09,26.3,1000847334.0,6482292,280.1,-42.5,2,3,False,False,False,False,True,True,False,False,True,False,False
KMT,Kennametal Inc. Common Stock,29.54,26.3,2251509910.0,43731302,45.2,-32.6,5,3,False,False,False,False,True,True,False,False,True,False,False
EMA,Emera Incorporated Common Shares,49.9,26.2,15329280000.0,25394834,9.0,-10.1,5,4,False,False,False,False,True,True,True,False,False,True,False
EPAC,Enerpac Tool Group Corp. Common Stock,37.61,26.2,1923286866.0,18184203,16.3,-16.4,0,3,False,False,False,True,False,False,False,True,False,True,False
TPL,Texas Pacific Land Corporation Common Stock,364.38,26.2,25132994992.0,149217729,35.3,-33.4,5,3,False,False,False,False,True,True,False,False,True,False,False
MNDY,monday.com Ltd. - Ordinary Shares,100.71,26.1,4321158330.0,118028858,75.1,-54.4,0,3,False,False,False,True,False,False,False,True,True,False,False
AEO,"American Eagle Outfitters, Inc. Common Stock",16.87,26.1,2826962128.0,76913330,33.9,-40.7,1,2,False,False,False,False,False,True,False,False,True,False,False
VKTX,"Viking Therapeutics, Inc. - Common Stock",32.16,26.0,3751558454.0,84181746,40.1,-25.5,0,1,False,False,False,False,False,False,False,False,True,False,False
XP,XP Inc. - Class A Common Stock,17.66,26.0,9153388843.0,80815953,19.3,-23.6,0,3,False,False,False,False,True,False,False,True,False,True,False
ALV,"Autoliv, Inc. Common Stock",122.07,26.0,8940067079.0,81075726,23.1,-7.6,1,4,False,False,False,True,False,True,False,True,False,True,False
ALB,Albemarle Corporation Common Stock,137.36,25.9,16209174630.0,298223876,92.8,-37.8,5,4,False,False,False,False,True,True,False,True,True,False,False
CLX,Clorox Company (The) Common Stock,102.53,25.9,12399055943.0,245076651,21.1,-20.5,0,4,False,False,False,True,True,False,False,True,False,True,False
AKR,Acadia Realty Trust Common Stock,20.72,25.8,2845534000.0,32712905,11.3,-10.0,5,4,False,False,False,False,True,True,True,False,False,True,False
ENB,Enbridge Inc Common Stock,50.2,25.8,109616614530.0,234988590,11.5,-14.1,5,4,False,False,False,False,True,True,True,False,False,True,False
RYZ,Ryerson Holding Corporation Common Stock,25.32,25.8,1314073894.0,13893592,30.9,-20.9,5,5,False,False,False,False,True,True,True,False,True,True,False
LEA,Lear Corporation Common Stock,124.02,25.7,6117257231.0,84038487,29.1,-17.5,5,4,False,False,False,False,True,True,True,False,False,True,False
WM,"Waste Management, Inc. Common Stock",219.66,25.7,87801437317.0,470282208,13.2,-11.5,2,4,False,False,False,False,True,True,True,False,False,True,False
GEHC,GE HealthCare Technologies Inc. - Common Stock,71.725,25.6,32397196425.0,308253604,22.1,-20.1,0,2,False,False,False,False,False,False,False,True,False,True,False
WRB,W.R. Berkley Corporation Common Stock,68.44,25.6,25406812085.0,135508670,8.9,-13.3,0,1,False,False,False,False,False,False,False,False,False,True,False
AEP,"American Electric Power Company, Inc. - Common Stock",122.31,25.5,66585240123.0,591149603,15.7,-13.0,5,4,False,False,False,False,True,True,True,False,False,True,False
PENN,"PENN Entertainment, Inc. - Common Stock",17.36,25.5,2327396020.0,63055785,49.0,-22.4,3,6,False,False,False,True,True,True,True,False,True,True,False
CLS,"Celestica, Inc. Common Stock",298.7,25.5,34342467061.0,828641822,62.6,-37.0,5,3,False,False,False,False,True,True,False,False,True,False,False
AVGO,Broadcom Inc. - Common Stock,368.79,25.4,1754548001220.0,8433921566,28.4,-25.5,5,3,False,False,False,False,True,True,True,False,False,False,False
TXNM,"TXNM Energy, Inc. Common Stock",57.64,25.4,5939577838.0,68639176,3.6,-3.2,5,4,False,False,False,False,True,True,False,True,False,True,False
AIN,Albany International Corporation Common Stock,58.35,25.3,1657140000.0,18717199,41.8,-24.2,3,5,False,False,False,False,True,True,True,False,True,True,False
FE,FirstEnergy Corp. Common Stock,45.88,25.3,26548000080.0,200316120,7.0,-12.3,5,4,False,False,False,False,True,True,True,False,False,True,False
RBC,RBC Bearings Incorporated Common Stock,500.62,25.3,15849251232.0,143523126,37.3,-25.0,5,4,False,False,False,False,True,True,True,False,True,False,False
SBGI,"Sinclair, Inc. - Class A Common Stock",14.35,25.2,1037764161.0,7750113,15.2,-19.7,5,4,False,False,False,True,False,True,False,True,False,True,False
CMC,Commercial Metals Company Common Stock,67.63,25.2,7481523776.0,90839338,27.4,-20.3,5,3,False,False,False,False,True,True,False,False,False,True,False
ALGM,"Allegro MicroSystems, Inc. - Common Stock",35.77,25.1,6667601185.0,145504065,59.6,-50.2,5,4,False,False,False,False,True,True,True,False,True,False,False
REXR,"Rexford Industrial Realty, Inc. Common Stock",37.13,25.1,8279549044.0,98695546,15.5,-16.3,0,3,False,False,False,True,False,False,False,True,False,True,False
AA,Alcoa Corporation Common Stock ,50.32,25.0,13279923272.0,286188598,66.6,-40.4,5,4,False,False,False,False,True,True,False,True,True,False,False
G,Genpact Limited Common Stock,38.02,25.0,6388668154.0,81908926,41.6,-21.8,0,4,False,False,False,True,False,False,False,True,True,True,False
OGE,OGE Energy Corp Common Stock,45.74,25.0,9449028067.0,66974562,9.7,-9.6,5,4,False,False,False,False,True,True,True,False,False,True,False
IR,Ingersoll Rand Inc. Common Stock,78.58,24.9,30488995131.0,332939008,15.4,-22.2,2,3,False,False,False,False,True,True,False,False,False,True,False
OTF,Blue Owl Technology Finance Corp. Common Stock,11.38,24.9,5214149727.0,27548297,16.7,-28.1,0,1,False,False,False,False,False,False,False,True,False,False,False
DOO,BRP Inc. - Common Subordinate Voting Shares,61.91,24.8,4571845049.0,13181065,26.8,-24.4,0,1,False,False,False,False,False,False,False,False,False,True,False
EFX,"Equifax, Inc. Common Stock",194.35,24.8,22833189538.0,276405933,28.9,-28.5,0,2,False,False,False,True,False,False,False,True,False,False,False
OBDC,Blue Owl Capital Corporation Common Stock,11.3,24.8,5572511030.0,43047605,7.4,-21.7,0,3,False,False,False,True,False,False,False,True,False,True,False
BJ,"BJ's Wholesale Club Holdings, Inc. Common Stock",90.6,24.7,11444111095.0,175205257,8.9,-14.4,1,3,False,False,False,False,True,True,False,False,False,True,False
SPOT,Spotify Technology S.A. Ordinary Shares,547.51,24.7,112695366858.0,901693459,35.2,-26.5,0,3,False,False,False,True,False,False,False,True,True,False,False
AN,"AutoNation, Inc. Common Stock",200.09,24.6,6615136673.0,83247792,13.3,-15.1,1,2,False,False,False,False,False,True,False,False,False,True,False
GOLF,Acushnet Holdings Corp. Common Stock,86.91,24.6,5075982374.0,40080790,18.9,-27.4,5,3,False,False,False,False,True,True,True,False,False,False,False
GVA,Granite Construction Incorporated Common Stock,122.52,24.6,5362027765.0,118979362,26.0,-24.4,5,4,False,False,False,False,True,True,True,False,False,True,False
POWI,"Power Integrations, Inc. - Common Stock",51.51,24.5,2878033580.0,54078270,66.9,-43.5,5,4,False,False,False,False,True,True,True,False,True,False,False
IRT,"Independence Realty Trust, Inc. Common Stock",16.31,24.5,3844993888.0,46926048,11.7,-10.3,2,3,False,False,False,True,False,True,False,False,False,True,False
COST,Costco Wholesale Corporation - Common Stock,945.47,24.4,419295904818.0,2106364024,12.0,-13.8,5,4,False,False,False,False,True,True,False,True,False,True,False
FLGT,"Fulgent Genetics, Inc. - Common Stock",19.61,24.4,539574896.0,5455694,45.7,-36.8,0,2,False,False,False,False,False,False,False,True,True,False,False
LUNR,"Intuitive Machines, Inc. - Class A Common Stock",15.37,24.3,3518562925.0,177584087,97.6,-67.1,5,3,False,False,False,False,True,True,False,False,True,False,False
DSL,DoubleLine Income Solutions Fund Common Shares of Beneficial Interests,10.68,24.3,1089326123.0,5857125,1.8,-15.7,0,5,False,False,False,True,True,False,True,True,False,True,False
TPR,"Tapestry, Inc. Common Stock",125.49,24.3,25021661672.0,419954599,34.9,-23.9,5,4,False,False,False,False,True,True,False,False,True,True,False
ABG,Asbury Automotive Group Inc Common Stock,211.62,24.2,3798984676.0,55567335,23.0,-19.7,0,1,False,False,False,False,False,False,False,False,False,True,False
TDC,Teradata Corporation Common Stock,28.77,24.2,2675610000.0,100276331,42.1,-31.1,5,4,False,False,False,False,True,True,True,False,True,False,False
HUBG,"Hub Group, Inc. - Class A Common Stock",39.61,24.1,2422290531.0,43390639,20.4,-25.6,5,3,False,False,False,False,True,True,True,False,False,False,False
PPLI,People Incorporated - Common Stock,39.14,24.1,2914518025.0,41050919,32.4,-19.0,5,5,False,False,False,False,True,True,True,False,True,True,False
NU,Nu Holdings Ltd. Class A Ordinary Shares,14.3,24.1,69436132938.0,1104487463,27.7,-24.7,0,2,False,False,False,False,False,False,False,True,False,True,False
ADC,Agree Realty Corporation Common Stock,73.2,24.0,9104565492.0,100134610,5.2,-10.8,5,4,False,False,False,False,True,True,True,False,False,True,False
STAG,"Stag Industrial, Inc. Common Stock",37.18,24.0,7168613672.0,64526236,8.1,-12.7,5,4,False,False,False,False,True,True,True,False,False,True,False
CI,The Cigna Group Common Stock,278.88,23.9,73691386736.0,491945235,16.4,-11.6,0,3,False,False,False,False,True,False,True,False,False,True,False
LXU,"LSB Industries, Inc. Common Stock",10.39,23.9,748054067.0,8836027,34.8,-39.7,5,3,False,False,False,False,True,True,False,False,True,False,False
WOR,"Worthington Enterprises, Inc. Common Shares",57.32,23.9,2804483259.0,15667139,27.3,-15.5,1,6,False,False,False,True,True,True,True,True,False,True,False
EXE,Expand Energy Corporation - Common Stock,98.16,23.8,22724411928.0,329923729,15.5,-22.5,0,2,False,False,False,False,False,False,False,True,False,True,False
HUBB,Hubbell Inc Common Stock,459.66,23.8,24285019586.0,274404209,13.8,-18.7,5,3,False,False,False,False,True,True,False,False,False,True,False
LKFN,Lakeland Financial Corporation - Common Stock,59.61,23.7,1481775842.0,12193513,9.7,-14.1,1,5,False,False,False,True,True,True,True,False,False,True,False
WY,Weyerhaeuser Company Common Stock,23.64,23.7,17038199040.0,131179512,11.7,-14.8,1,3,False,False,False,False,True,True,False,False,False,True,False
AAL,"American Airlines Group, Inc. - Common Stock",13.64,23.6,9029270132.0,1649127132,35.2,-27.4,5,2,False,False,False,False,False,True,False,False,True,False,False
MAA,"Mid-America Apartment Communities, Inc. Common Stock",129.61,23.6,15037605847.0,134778237,7.7,-11.5,2,2,False,False,False,False,False,True,False,False,False,True,False
STE,STERIS plc (Ireland) Ordinary Shares,233.78,23.6,22793575716.0,167040693,19.8,-13.2,0,3,False,False,False,True,False,False,False,True,False,True,False
ROCK,"Gibraltar Industries, Inc. - Common Stock",45.27,23.5,1343789655.0,14909012,34.9,-39.7,0,2,False,False,False,False,False,False,False,True,True,False,False
TYL,"Tyler Technologies, Inc. Common Stock",377.94,23.5,15477502436.0,262569982,39.6,-33.3,0,3,False,False,False,True,False,False,False,True,True,False,False
LNT,Alliant Energy Corporation - Common Stock,68.03,23.4,17639138073.0,180442123,7.5,-13.7,5,4,False,False,False,False,True,True,True,False,False,True,False
MMYT,MakeMyTrip Limited - Ordinary Shares,59.02,23.4,5551342231.0,47497301,80.7,-42.8,0,3,False,False,False,True,False,False,False,True,True,False,False
YUMC,"Yum China Holdings, Inc. Common Stock",45.02,23.4,15417465283.0,72602594,12.1,-22.9,2,4,False,False,False,False,True,True,False,True,False,True,False
BR,"Broadridge Financial Solutions, Inc. Common Stock",183.64,23.3,20938962985.0,211871053,37.2,-29.0,0,3,False,False,False,True,False,False,False,True,True,False,False
DLB,Dolby Laboratories Common Stock,61.5,23.3,5760630893.0,55443680,27.4,-16.6,0,3,False,False,False,True,False,False,False,True,False,True,False
TW,Tradeweb Markets Inc. - Class A Common Stock,108.87,23.2,25478656884.0,157871807,19.1,-14.7,0,3,False,False,False,False,True,False,False,True,False,True,False
IBP,"Installed Building Products, Inc. Common Stock",245.56,23.2,6526782704.0,88866488,27.2,-29.6,0,1,False,False,False,False,False,False,False,True,False,False,False
JBS,JBS N.V. Class A Common Shares,13.59,23.2,14553927651.0,76839293,18.3,-27.1,1,3,False,False,False,False,True,True,False,True,False,False,False
AMPH,"Amphastar Pharmaceuticals, Inc. - Common Stock",22.01,23.1,936260147.0,9420574,32.2,-29.6,0,2,False,False,False,False,False,False,False,True,True,False,False
APG,APi Group Corporation Common Stock,39.69,23.1,17152442188.0,115301391,18.8,-20.6,5,3,False,False,False,False,True,True,False,False,False,True,False
LINE,"Lineage, Inc. - Common Stock",39.32,23.0,8953557672.0,40488087,25.5,-14.1,3,5,False,False,False,True,True,True,True,False,False,True,False
DOV,Dover Corporation Common Stock,198.68,23.0,26758267103.0,241629473,25.0,-16.4,5,3,False,False,False,False,True,True,False,False,False,True,False
DORM,"Dorman Products, Inc. - Common Stock",129.35,22.9,3838541188.0,41490200,31.4,-22.5,0,3,False,False,False,True,False,False,False,False,True,True,False
PPTA,Perpetua Resources Corp. - Common Shares,25.11,22.9,3141155613.0,26678308,52.8,-32.8,0,2,False,False,False,False,False,False,False,True,True,False,False
EQT,EQT Corporation Common Stock,54.57,22.9,34134408120.0,388374212,13.8,-20.0,0,3,False,False,False,False,True,False,False,True,False,True,False
WULF,TeraWulf Inc. - Common Stock,15.35,22.8,7659169192.0,674320221,78.5,-48.6,5,4,False,False,False,False,True,True,True,False,True,False,False
DUK,Duke Energy Corporation (Holding Company) Common Stock,120.25,22.8,93759188708.0,523838048,5.6,-10.6,5,3,False,False,False,False,True,True,False,False,False,True,False
EPRT,"Essential Properties Realty Trust, Inc. Common Stock",30.37,22.7,6568211131.0,56445219,4.9,-12.6,5,3,False,False,False,False,True,True,False,False,False,True,False
NNI,"Nelnet, Inc. Common Stock",127.37,22.7,4557227018.0,17364599,9.2,-11.8,5,2,False,False,False,False,False,True,False,False,False,True,False
PTY,Pimco Corporate & Income Opportunity Fund,11.8,22.7,,13810710,1.9,-19.7,0,2,False,False,False,False,False,False,False,True,False,True,False
STEP,StepStone Group Inc. - Class A Common Stock,50.32,22.6,6072449934.0,64464211,29.5,-35.3,0,1,False,False,False,False,False,False,False,True,False,False,False
F,Ford Motor Company Common Stock,13.88,22.6,54364401043.0,709558026,24.9,-21.9,5,5,False,False,False,True,True,True,True,False,False,True,False
BLBD,Blue Bird Corporation - Common Stock,59.23,22.5,1876171790.0,37772243,28.4,-29.0,5,3,False,False,False,False,True,True,True,False,False,False,False
MGEE,MGE Energy Inc. - Common Stock,78.15,22.5,2952820538.0,18226997,8.3,-11.1,0,1,False,False,False,False,False,False,False,False,False,True,False
BKSY,BlackSky Technology Inc. Class A Common Stock,23.7,22.4,969918850.0,31988234,91.0,-55.2,5,3,False,False,False,False,True,True,False,False,True,False,False
GCO,Genesco Inc. Common Stock,33.31,22.4,369973271.0,6869295,51.9,-23.6,5,6,False,False,False,True,True,True,True,False,True,True,False
PDO,PIMCO Dynamic Income Opportunities Fund Common Shares of Beneficial Interest,12.55,22.4,1828738737.0,8250560,1.5,-11.9,5,2,False,False,False,False,False,True,False,False,False,True,False
IRMD,iRadimed Corporation - Common Stock,87.07,22.3,1113363306.0,11775793,28.3,-19.3,5,2,False,False,False,False,False,True,False,False,False,True,False
XEL,Xcel Energy Inc. - Common Stock,76.45,22.3,47753292694.0,406089324,7.2,-9.2,0,3,False,False,False,False,True,False,True,False,False,True,False
FBIN,"Fortune Brands Innovations, Inc. Common Stock",45.5,22.2,5431402204.0,130441500,40.7,-29.8,0,1,False,False,False,False,False,False,False,False,True,False,False
PUK,Prudential Public Limited Company Common Stock,27.65,22.2,35326178650.0,28607185,12.4,-18.7,5,2,False,False,False,False,False,True,False,False,False,True,False
YOU,"Clear Secure, Inc. Class A Common Stock",43.43,22.2,5875561401.0,80646292,47.5,-37.1,5,4,False,False,False,False,True,True,True,False,True,False,False
SSD,"Simpson Manufacturing Company, Inc. Common Stock",182.07,22.1,7462081052.0,59580315,16.5,-14.7,5,4,False,False,False,False,True,True,True,False,False,True,False
SUI,"Sun Communities, Inc. Common Stock",122.92,22.1,14971773634.0,226071335,6.1,-10.8,1,4,False,False,False,False,True,True,False,True,False,True,False
BSY,"Bentley Systems, Incorporated - Class B Common Stock",37.3,22.0,11268064760.0,97709038,32.8,-34.8,0,3,False,False,False,True,False,False,False,True,True,False,False
UPBD,"Upbound Group, Inc. - Common Stock",19.22,22.0,1120514564.0,21005466,21.5,-31.4,0,3,False,False,False,True,True,False,True,False,False,False,False
CAVA,"CAVA Group, Inc. Common Stock",66.94,22.0,7819006894.0,229490901,54.2,-32.2,3,3,False,False,False,False,True,True,False,False,True,False,False
PTC,PTC Inc. - Common Stock,157.15,21.9,17051758916.0,209429073,44.8,-27.8,0,3,False,False,False,True,False,False,False,True,True,False,False
AD,"Array Digital Infrastructure, Inc. Common Shares",36.0,21.9,3114000000.0,8875624,6.8,-40.8,5,3,False,False,False,False,True,True,False,True,False,False,False
CAR,"Avis Budget Group, Inc. - Common Stock",138.12,21.8,4879193142.0,83551587,60.7,-83.7,0,2,False,False,False,False,True,False,False,False,True,False,False
AGCO,AGCO Corporation Common Stock,113.39,21.8,7940897751.0,95030944,15.4,-21.1,0,3,False,False,False,False,True,False,False,True,False,True,False
INVA,"Innoviva, Inc. - Common Stock",20.97,21.7,1514987820.0,16859845,26.9,-16.6,5,3,False,False,False,False,True,True,False,False,False,True,False
NEE,"NextEra Energy, Inc. Common Stock",81.84,21.7,170716456625.0,964791915,18.2,-17.1,5,3,False,False,False,False,True,True,False,False,False,True,False
NYT,New York Times Company (The) Common Stock,68.16,21.7,10939875074.0,137576513,26.0,-21.7,5,3,False,False,False,False,True,True,False,False,False,True,False
PHG,Koninklijke Philips N.V. NY Registry Shares,26.72,21.6,26262681509.0,28036999,12.0,-20.1,0,2,False,False,False,False,True,False,False,False,False,True,False
TRN,"Trinity Industries, Inc. Common Stock",29.27,21.6,2331925855.0,24910972,18.2,-23.6,5,4,False,False,False,False,True,True,True,False,False,True,False
AMBA,"Ambarella, Inc. - Ordinary Shares",70.63,21.5,3098409907.0,130493614,46.2,-27.0,0,2,False,False,False,True,False,False,False,False,True,False,False
ATO,Atmos Energy Corporation Common Stock,166.65,21.5,28161942357.0,191238353,4.1,-13.4,0,2,False,False,False,False,True,False,False,False,False,True,False
DTE,DTE Energy Company Common Stock,135.86,21.5,28270845054.0,192473749,7.6,-12.8,5,4,False,False,False,False,True,True,True,False,False,True,False
BDC,Belden Inc Common Stock,115.21,21.4,4502198385.0,60090928,17.6,-28.0,1,2,False,False,False,False,True,True,False,False,False,False,False
CRC,California Resources Corporation Common Stock,52.23,21.4,4639063011.0,44933385,20.8,-27.4,1,2,False,False,False,False,True,True,False,False,False,False,False
COLM,Columbia Sportswear Company - Common Stock,58.01,21.3,2969717184.0,39384808,22.2,-16.0,4,4,False,False,False,False,True,True,True,False,False,True,False
KBH,KB Home Common Stock,54.86,21.3,3363451678.0,67174389,24.6,-20.2,0,1,False,False,False,False,False,False,False,False,False,True,False
RCI,"Rogers Communication, Inc. Common Stock",36.59,21.3,19766806332.0,43935006,16.6,-11.1,0,3,False,False,False,True,False,False,False,True,False,True,False
CG,The Carlyle Group Inc. - Common Stock,49.09,21.2,17492377054.0,176231877,24.0,-29.7,0,1,False,False,False,False,False,False,False,True,False,False,False
USAR,"USA Rare Earth, Inc. - Common Stock",17.99,21.2,4402514581.0,225321198,57.1,-59.1,0,2,False,False,False,False,True,False,False,False,True,False,False
EFOR,"Everforth, Inc. Common Stock",31.95,21.1,1309950000.0,23180451,89.1,-41.8,0,2,False,False,False,False,False,False,False,True,True,False,False
MSCI,MSCI Inc. Common Stock,570.76,21.1,41494252000.0,417809539,13.9,-11.5,4,4,False,False,False,False,True,True,True,False,False,True,False
BANF,BancFirst Corporation - Common Stock,110.55,21.0,3714341260.0,18424111,8.9,-20.3,1,4,False,False,False,False,True,True,True,False,False,True,False
SONO,"Sonos, Inc. - Common Stock",15.3,21.0,1809897879.0,29903950,23.0,-22.8,0,2,False,False,False,False,False,False,False,True,False,True,False
WAL,Western Alliance Bancorporation Common Stock (DE),78.53,21.0,8567690850.0,83710764,19.3,-19.2,1,2,False,False,False,False,False,True,False,False,False,True,False
ATMU,Atmus Filtration Technologies Inc. Common Stock,47.73,20.9,3894554504.0,37197683,12.0,-28.2,5,2,False,False,False,False,True,True,False,False,False,False,False
CNP,"CenterPoint Energy, Inc (Holding Co) Common Stock",39.24,20.9,25848184101.0,283919155,7.2,-13.3,5,4,False,False,False,False,True,True,True,False,False,True,False
RRR,"Red Rock Resorts, Inc. - Class A Common Stock",56.97,20.8,5982772287.0,46103785,12.8,-17.4,3,4,False,False,False,False,True,True,True,False,False,True,False
BCE,"BCE, Inc. Common Stock",23.46,20.8,21877055667.0,81284138,12.4,-11.5,1,4,False,False,False,False,True,True,False,True,False,True,False
HCA,"HCA Healthcare, Inc. Common Stock",417.82,20.8,90458656730.0,597482427,18.0,-24.9,0,2,False,False,False,False,False,False,False,True,False,True,False
IIIN,"Insteel Industries, Inc. Common Stock",30.49,20.7,590232951.0,9765486,25.2,-23.6,1,2,False,False,False,False,False,True,False,False,False,True,False
WEC,"WEC Energy Group, Inc. Common Stock",106.22,20.7,34611721462.0,249739534,3.2,-11.4,0,2,False,False,False,False,True,False,False,False,False,True,False
STRT,STRATTEC SECURITY CORPORATION - Common Stock,75.04,20.6,313577077.0,7797396,31.6,-19.3,5,5,False,False,False,False,True,True,True,False,True,True,False
GGG,Graco Inc. Common Stock,79.29,20.6,12841318705.0,116533785,9.4,-17.1,1,3,False,False,False,False,False,True,False,True,False,True,False
UTG,Reaves Utility Income Fund Common Shares of Beneficial Interest,37.72,20.6,,10971109,5.3,-14.1,5,3,False,False,False,False,True,True,False,False,False,True,False
FIZZ,National Beverage Corp. - Common Stock,32.58,20.5,3049882283.0,16054079,8.6,-24.3,1,5,False,False,False,True,True,True,False,True,False,True,False
RARE,Ultragenyx Pharmaceutical Inc. - Common Stock,25.61,20.5,2524861038.0,71618063,40.0,-35.8,0,1,False,False,False,False,False,False,False,False,True,False,False
ALGT,Allegiant Travel Company - Common Stock,78.94,20.4,2158042380.0,56942507,38.2,-36.1,5,4,False,False,False,False,True,True,True,False,True,False,False
MIDD,The Middleby Corporation - Common Stock,112.75,20.4,5098819850.0,93921791,26.5,-24.1,4,4,False,False,False,False,True,True,True,False,False,True,False
CAAP,Corporacion America Airports SA Common Shares,24.1,20.3,3981781419.0,5177134,38.8,-21.0,5,4,False,False,False,False,True,True,False,False,True,True,False
GBX,"Greenbrier Companies, Inc. (The) Common Stock",45.91,20.3,1420440984.0,22452261,20.1,-22.4,5,3,False,False,False,False,True,True,False,False,False,True,False
SO,Southern Company (The) Common Stock,88.25,20.3,101519531750.0,541040458,5.3,-12.5,0,3,False,False,False,False,True,False,True,False,False,True,False
ALH,Alliance Laundry Holdings Inc. Common Stock,23.23,20.2,4617870700.0,28672979,24.6,-17.7,0,3,False,False,False,False,True,False,True,False,False,True,False
RPM,RPM International Inc. Common Stock,106.65,20.2,13623621590.0,107172865,14.8,-17.0,1,5,False,False,False,True,True,True,True,False,False,True,False
BTI,"British American Tobacco  Industries, p.l.c. Common Stock ADR",56.13,20.1,121682562802.0,260473848,12.5,-16.6,5,4,False,False,False,False,True,True,True,False,False,True,False
FERG,Ferguson Enterprises Inc. Common Stock,228.49,20.1,44202011307.0,620842553,10.0,-15.9,5,3,False,False,False,False,True,True,False,False,False,True,False
YETI,"YETI Holdings, Inc. Common Stock",41.57,20.1,3034144250.0,69786774,31.3,-23.0,5,5,False,False,False,False,True,True,True,False,True,True,False
EXC,Exelon Corporation - Common Stock,43.93,20.0,45346916770.0,376059541,3.2,-13.3,0,2,False,False,False,False,True,False,False,False,False,True,False
UHS,"Universal Health Services, Inc. Common Stock",171.66,20.0,10117042165.0,139532865,22.5,-30.3,0,1,False,False,False,False,False,False,False,True,False,False,False
GDDY,GoDaddy Inc. Class A Common Stock,97.7,19.9,12373480681.0,192871982,36.5,-35.1,0,3,False,False,False,True,False,False,False,True,True,False,False
MEC,"Mayville Engineering Company, Inc. Common Stock",19.32,19.9,492666395.0,16974255,57.7,-50.2,5,4,False,False,False,False,True,True,True,False,True,False,False
INOD,Innodata Inc. - Common Stock,56.59,19.8,1945714220.0,87334380,65.3,-54.8,0,3,False,False,False,False,True,False,True,False,True,False,False
PLAB,"Photronics, Inc. - Common Stock",27.73,19.8,1635063346.0,39890726,38.3,-50.5,5,3,False,False,False,False,True,True,False,False,True,False,False
UEC,Uranium Energy Corp. Common Stock,12.4,19.8,6136417338.0,93300310,39.2,-39.0,0,2,False,False,False,False,False,False,False,True,True,False,False
INGR,Ingredion Incorporated Common Stock,104.62,19.7,6597753483.0,78581288,10.8,-19.8,0,2,False,False,False,False,False,False,False,True,False,True,False
PG,Procter & Gamble Company (The) Common Stock,143.78,19.7,334206985367.0,1360022302,4.5,-14.0,0,2,False,False,False,False,True,False,False,False,False,True,False
CLF,Cleveland-Cliffs Inc. Common Stock,11.62,19.6,6629675346.0,233836222,50.3,-30.4,0,3,False,False,False,True,False,False,False,True,True,False,False
PIPR,Piper Sandler Companies Common Stock,75.61,19.6,5343380703.0,44884008,10.1,-20.5,0,2,False,False,False,False,False,False,False,True,False,True,False
SMP,"Standard Motor Products, Inc. Common Stock",37.01,19.6,826814244.0,5746538,8.0,-19.5,1,4,False,False,False,False,True,True,True,False,False,True,False
IMXI,"International Money Express, Inc. - Common Stock",14.47,19.5,437162243.0,7958323,29.8,-9.3,0,2,False,False,False,False,False,False,False,True,False,True,False
PEP,"PepsiCo, Inc. - Common Stock",141.07,19.5,192545252087.0,1166978726,5.5,-17.7,0,3,False,False,False,False,True,False,False,True,False,True,False
ALGN,"Align Technology, Inc. - Common Stock",157.58,19.4,11194459878.0,170725592,29.2,-21.4,3,3,False,False,False,False,True,True,False,False,False,True,False
SBAC,SBA Communications Corporation - Class A Common Stock,190.95,19.4,20257524605.0,185381281,17.6,-14.9,0,3,False,False,False,False,True,False,False,True,False,True,False
TM,Toyota Motor Corporation Common Stock,194.48,19.4,253483908953.0,77646281,17.1,-21.9,0,2,False,False,False,False,False,False,False,True,False,True,False
CX,"Cemex, S.A.B. de C.V. Sponsored ADR",10.87,19.3,16478008170.0,73645331,24.5,-20.5,5,3,False,False,False,False,True,True,False,False,False,True,False
LEVI,Levi Strauss & Co Class A Common Stock,21.29,19.3,8193468465.0,62704990,20.1,-17.2,5,4,False,False,False,False,True,True,True,False,False,True,False
AVA,Avista Corporation Common Stock,37.66,19.2,3154131578.0,26872652,6.1,-13.4,5,3,False,False,False,False,True,True,False,False,False,True,False
MKC,"McCormick & Company, Incorporated Common Stock",55.33,19.2,14875556372.0,195027231,23.4,-23.6,0,2,False,False,False,False,False,False,False,True,False,True,False
ENSG,"The Ensign Group, Inc. - Common Stock",172.98,19.1,10081695433.0,111320601,22.2,-20.7,0,2,False,False,False,False,True,False,False,False,False,True,False
ALC,Alcon Inc. Ordinary Shares,72.01,19.1,35983397000.0,138372805,16.5,-17.8,0,2,False,False,False,False,False,False,False,True,False,True,False
LRN,"Stride, Inc. Common Stock",86.84,19.1,3609056940.0,75401062,43.3,-48.6,0,3,False,False,False,False,True,False,False,True,True,False,False
ECHO,EchoStar Corporation - Common stock,86.84,19.0,25226213083.0,558138613,58.6,-41.0,5,3,False,False,False,False,True,True,False,False,True,False,False
DXC,DXC Technology Company Common Stock ,11.21,19.0,1791119104.0,43161456,41.9,-28.5,0,2,False,False,False,False,False,False,False,True,True,False,False
ENOV,Enovis Corporation Common Stock,24.9,18.9,1435970401.0,29031703,30.1,-27.4,0,1,False,False,False,False,False,False,False,False,True,False,False
GPOR,Gulfport Energy Corporation Common Shares,176.37,18.9,3118903446.0,67216281,18.2,-21.9,0,2,False,False,False,False,False,False,False,True,False,True,False
LBRT,Liberty Energy Inc. Class A common stock,19.02,18.9,3103900732.0,99525565,92.1,-44.8,5,3,False,False,False,False,True,True,False,False,True,False,False
MLYS,"Mineralys Therapeutics, Inc. - Common Stock",25.6,18.8,2263216256.0,27436109,71.4,-46.3,0,1,False,False,False,False,False,False,False,False,True,False,False
GIB,CGI Inc. Common Stock,74.77,18.8,17338294247.0,33516560,25.4,-23.3,0,2,False,False,False,False,False,False,False,True,False,True,False
BBAR,Banco BBVA Argentina S.A. ADS,14.47,18.7,2955304948.0,11534866,86.5,-35.6,3,4,False,False,False,False,True,True,True,False,True,False,False
DOLE,Dole plc Ordinary Shares,13.78,18.7,1301642360.0,15106159,10.1,-16.8,2,3,False,False,False,False,True,True,False,False,False,True,False
KBR,"KBR, Inc. Common Stock",38.03,18.7,4794356723.0,59886884,27.0,-27.2,0,1,False,False,False,False,False,False,False,True,False,False,False
DHI,"D.R. Horton, Inc. Common Stock",147.39,18.6,41225169743.0,349657371,11.9,-20.1,0,1,False,False,False,False,False,False,False,False,False,True,False
VNT,Vontier Corporation Common Stock ,32.76,18.6,4429152000.0,50250836,20.2,-32.0,0,1,False,False,False,False,False,False,False,True,False,False,False
DPZ,Domino's Pizza Inc - Common Stock,350.0,18.5,11578607250.0,311027752,24.1,-25.4,0,1,False,False,False,False,False,False,False,True,False,False,False
AGI,Alamos Gold Inc. Class A Common Shares,36.75,18.5,15433728854.0,158905258,35.9,-33.7,1,4,False,False,False,False,True,True,False,True,True,False,False
CELC,Celcuity Inc. - Common Stock,88.44,18.4,4327537944.0,120982524,99.1,-41.4,5,3,False,False,False,False,True,True,False,False,True,False,False
SAIA,"Saia, Inc. - Common Stock",352.25,18.4,9396145463.0,175491984,41.3,-28.8,5,3,False,False,False,False,True,True,False,False,True,False,False
SRE,DBA Sempra Common Stock,84.31,18.4,55130338340.0,332979558,6.8,-16.6,0,2,False,False,False,False,True,False,False,False,False,True,False
BA,Boeing Company (The) Common Stock,209.82,18.3,165835437596.0,1245326832,18.7,-17.5,1,3,False,False,False,False,True,True,False,False,False,True,False
TGS,Transportadora de Gas del Sur SA TGS Common Stock,28.15,18.3,4238044768.0,6533964,42.6,-22.6,5,3,False,False,False,False,False,True,False,False,True,True,False
AEVA,"Aeva Technologies, Inc. - Common Stock",15.63,18.2,1089500998.0,40377462,77.0,-50.1,3,4,False,False,False,False,True,True,True,False,True,False,False
ARE,"Alexandria Real Estate Equities, Inc. Common Stock",51.57,18.2,8985947185.0,96588117,30.9,-41.6,0,3,False,False,False,True,False,False,False,True,True,False,False
NHI,"National Health Investors, Inc. Common Stock",72.03,18.2,3537424561.0,47569950,6.0,-21.2,2,3,False,False,False,False,True,True,False,False,False,True,False
FCN,"FTI Consulting, Inc. Common Stock",153.74,18.1,4245003541.0,69365358,11.7,-18.8,0,1,False,False,False,False,False,False,False,False,False,True,False
RYN,Rayonier Inc. REIT Common Stock,20.38,18.1,6064421391.0,57910463,4.6,-24.7,0,1,False,False,False,False,False,False,False,False,False,True,False
BYD,Boyd Gaming Corporation Common Stock,79.47,18.0,5773925751.0,78480059,4.1,-13.1,3,4,False,False,False,False,True,True,True,False,False,True,False
HD,"Home Depot, Inc. (The) Common Stock",330.19,18.0,329427137609.0,1426098078,14.2,-22.6,0,1,False,False,False,False,False,False,False,False,False,True,False
SYK,Stryker Corporation Common Stock,330.69,18.0,126843770582.0,816308450,17.7,-16.7,0,2,False,False,False,False,False,False,False,True,False,True,False
SNPS,"Synopsys, Inc. - Common Stock",442.61,17.9,84820295886.0,807730277,20.9,-28.1,0,1,False,False,False,False,False,False,False,True,False,False,False
KAI,Kadant Inc Common Stock,302.24,17.9,3569187522.0,41995869,23.4,-14.6,2,3,False,False,False,False,True,True,False,False,False,True,False
PPL,PPL Corporation Common Stock,34.2,17.8,25737033562.0,308798762,3.1,-14.7,0,2,False,False,False,False,True,False,False,False,False,True,False
WH,"Wyndham Hotels & Resorts, Inc. Common Stock ",76.02,17.8,5641529494.0,105055327,9.8,-15.9,1,3,False,False,False,False,True,True,False,False,False,True,False
SWKS,"Skyworks Solutions, Inc. - Common Stock",65.79,17.7,9899604328.0,362902390,26.7,-27.6,0,4,False,False,False,True,True,False,True,True,False,False,False
UFPI,"UFP Industries, Inc. - Common Stock",86.01,17.7,4744439841.0,41552780,10.4,-27.1,0,0,False,False,False,False,False,False,False,False,False,False,False
ALG,"Alamo Group, Inc. Common Stock",165.27,17.7,2011495386.0,26421377,13.4,-24.8,0,2,False,False,False,False,False,False,False,True,False,True,False
ULTA,"Ulta Beauty, Inc. - Common Stock",517.5,17.6,22246968443.0,333620487,16.7,-27.6,1,2,False,False,False,False,False,True,False,True,False,False,False
CARR,Carrier Global Corporation Common Stock ,58.79,17.6,48462070101.0,406863228,17.0,-23.4,3,4,False,False,False,False,True,True,True,False,False,True,False
CALM,"Cal-Maine Foods, Inc. - Common Stock",80.21,17.5,3763123938.0,80492565,11.5,-31.3,0,0,False,False,False,False,False,False,False,False,False,False,False
DAKT,"Daktronics, Inc. - Common Stock",19.3,17.5,932302442.0,10717793,14.3,-31.7,1,2,False,False,False,False,True,True,False,False,False,False,False
AMT,American Tower Corporation (REIT) Common Stock,176.23,17.5,82116139259.0,511038706,10.1,-14.1,0,4,False,False,False,True,True,False,False,True,False,True,False
LNN,Lindsay Corporation Common Stock,113.88,17.4,1158032624.0,17209810,17.1,-23.1,0,1,False,False,False,False,False,False,False,False,False,True,False
OXM,"Oxford Industries, Inc. Common Stock",38.31,17.4,572004005.0,15138236,25.3,-25.8,1,3,False,False,False,False,True,True,False,True,False,False,False
CPB,The Campbell's Company - Common Stock,23.39,17.3,6975044024.0,164553768,19.6,-31.5,0,1,False,False,False,False,False,False,False,True,False,False,False
RCL,Royal Caribbean Cruises Ltd. Common Stock,279.41,17.3,74728786790.0,663175991,20.4,-23.8,1,4,False,False,False,False,True,True,True,False,False,True,False
RKLB,Rocket Lab Corporation - Common Stock,64.39,17.2,38534822594.0,1727868474,71.4,-57.4,5,3,False,False,False,False,True,True,False,False,True,False,False
MH,"McGraw Hill, Inc. Common Stock",13.22,17.2,2529102521.0,8964077,47.8,-26.6,1,3,False,False,False,False,False,True,False,True,True,False,False
TAP,Molson Coors Beverage Company Class B Common Stock,41.46,17.2,7730380062.0,122943369,9.0,-24.4,0,2,False,False,False,False,False,False,False,True,False,True,False
GLPI,"Gaming and Leisure Properties, Inc. - Common Stock",42.56,17.1,12381557030.0,118806366,3.4,-14.8,5,3,False,False,False,False,True,True,False,False,False,True,False
NXST,"Nexstar Media Group, Inc. - Common Stock",183.32,17.1,5647777739.0,71843163,18.7,-27.9,1,3,False,False,False,False,True,True,False,True,False,False,False
CHDN,"Churchill Downs, Incorporated - Common Stock",89.9,17.0,6266051846.0,89002283,13.2,-24.0,0,2,False,False,False,False,False,False,False,True,False,True,False
SMCI,"Super Micro Computer, Inc. - Common Stock",37.08,17.0,23984544539.0,1680977553,90.3,-36.9,0,3,False,False,False,True,False,False,False,True,True,False,False
VMC,Vulcan Materials Company (Holding Company) Common Stock,274.51,17.0,35570659643.0,302814302,8.8,-17.1,0,1,False,False,False,False,False,False,False,False,False,True,False
HON,Honeywell International Inc. - Common Stock,217.43,16.9,68912266374.0,930234776,11.0,-16.5,5,3,False,False,False,False,True,True,False,False,False,True,False
OTEX,Open Text Corporation - Common Shares,25.1,16.9,6290129703.0,39578615,26.9,-37.1,0,1,False,False,False,False,False,False,False,True,False,False,False
VRSK,"Verisk Analytics, Inc. - Common Stock",191.77,16.8,24960018421.0,392066410,23.0,-30.0,0,1,False,False,False,False,False,False,False,True,False,False,False
AGO,Assured Guaranty Ltd. Common Stock,75.53,16.8,3321749580.0,29626763,3.8,-18.3,0,1,False,False,False,False,False,False,False,False,False,True,False
AOS,A.O. Smith Corporation Common Stock,60.38,16.8,8206159638.0,103032900,11.5,-26.2,0,0,False,False,False,False,False,False,False,False,False,False,False
LASR,"nLIGHT, Inc. - Common Stock",42.94,16.7,2477217059.0,82110666,57.8,-50.6,5,3,False,False,False,False,True,True,False,False,True,False,False
ORLY,"O'Reilly Automotive, Inc. - Common Stock",88.5,16.7,71593030092.0,661295585,7.2,-18.6,0,1,False,False,False,False,False,False,False,False,False,True,False
PDI,PIMCO Dynamic Income Fund Common Stock,15.33,16.6,3726569700.0,48543178,3.0,-24.0,0,2,False,False,False,False,True,False,False,False,False,True,False
TEL,TE Connectivity plc Ordinary Shares,202.66,16.6,58672750786.0,493373295,6.5,-19.8,0,1,False,False,False,False,False,False,False,False,False,True,False
XRAY,DENTSPLY SIRONA Inc. - Common Stock,11.12,16.5,2216815101.0,63555683,18.2,-25.2,0,2,False,False,False,False,True,False,True,False,False,False,False
CAL,"Caleres, Inc. Common Stock",12.48,16.5,419200005.0,6561758,41.8,-22.7,1,6,False,False,False,True,True,True,True,False,True,True,False
CE,Celanese Corporation Common Stock,45.0,16.5,4938701670.0,82586236,28.1,-36.4,5,2,False,False,False,False,True,True,False,False,False,False,False
GNTX,Gentex Corporation - Common Stock,22.67,16.4,4776191114.0,63878816,10.7,-22.8,0,3,False,False,False,False,True,False,True,False,False,True,False
CMS,CMS Energy Corporation Common Stock,68.21,16.4,21389096447.0,263302605,0.5,-15.1,0,2,False,False,False,False,True,False,False,False,False,True,False
LOPE,"Grand Canyon Education, Inc. - Common Stock",151.19,16.3,3940772944.0,51520154,12.6,-32.2,0,1,False,False,False,False,False,False,False,True,False,False,False
MKL,Markel Group Inc. Common Stock,1818.6899,16.3,22533492715.0,128661778,5.8,-17.6,0,1,False,False,False,False,False,False,False,False,False,True,False
TSN,"Tyson Foods, Inc. Common Stock",55.4,16.3,19489803765.0,180053235,9.6,-20.3,5,3,False,False,False,False,True,True,False,False,False,True,False
GFS,GlobalFoundries Inc. - Ordinary Share,44.76,16.2,24905236379.0,227283681,41.7,-51.6,5,4,False,False,False,False,True,True,True,False,True,False,False
ECVT,Ecovyst Inc. Common Stock,10.11,16.2,1106725504.0,18663991,36.4,-33.0,5,3,False,False,False,False,True,True,False,False,True,False,False
HROW,"Harrow, Inc. - Common Stock",37.27,16.1,1397172170.0,26300308,30.6,-32.1,1,2,False,False,False,False,False,True,False,False,True,False,False
MWA,MUELLER WATER PRODUCTS Common Stock,24.38,16.1,3806344054.0,30063392,7.2,-21.4,1,3,False,False,False,False,True,True,False,False,False,True,False
TXT,Textron Inc. Common Stock,83.04,16.1,14281793588.0,148056858,6.3,-18.2,5,3,False,False,False,False,True,True,False,False,False,True,False
CHRW,"C.H. Robinson Worldwide, Inc. - Common Stock",150.39,16.0,17573260691.0,321700195,21.6,-28.5,5,2,False,False,False,False,True,True,False,False,False,False,False
NVMI,Nova Ltd. - Ordinary Shares,349.06,16.0,11094164206.0,236673955,50.0,-43.3,5,3,False,False,False,False,True,True,False,False,True,False,False
SPXC,"SPX Technologies, Inc. Common Stock",198.73,15.9,9953562958.0,150777568,10.6,-20.8,5,4,False,False,False,False,True,True,True,False,False,True,False
STWD,"STARWOOD PROPERTY TRUST, INC. Starwood Property Trust Inc.",15.81,15.9,5852371100.0,67493934,1.9,-24.1,0,1,False,False,False,False,False,False,False,False,False,True,False
FSV,FirstService Corporation - Common Shares,141.54,15.8,6181019246.0,27655723,18.5,-32.5,0,0,False,False,False,False,False,False,False,False,False,False,False
ROAD,"Construction Partners, Inc. - Common Stock",110.1,15.8,6316938506.0,105577939,17.9,-27.1,0,1,False,False,False,False,True,False,False,False,False,False,False
SAM,"Boston Beer Company, Inc. (The) Common Stock",183.13,15.8,1884715542.0,51516411,15.4,-30.8,0,2,False,False,False,False,True,False,False,True,False,False,False
CLSK,"CleanSpark, Inc. - Common Stock",11.66,15.7,2994487071.0,300648036,45.8,-50.6,0,3,False,False,False,False,True,False,True,False,True,False,False
FNF,"Fidelity National Financial, Inc. Common Stock",47.55,15.7,12752568924.0,80102802,11.2,-19.7,0,1,False,False,False,False,False,False,False,False,False,True,False
CRWV,"CoreWeave, Inc. - Class A Common Stock",84.23,15.6,46455927986.0,2599551183,39.1,-45.0,0,2,False,False,False,False,True,False,False,False,True,False,False
FTAI,FTAI Aviation Ltd. - Common Stock,194.98,15.6,20025828603.0,312693125,31.8,-39.7,5,3,False,False,False,False,True,True,False,False,True,False,False
WMT,Walmart Inc. - Common Stock,103.09,15.6,820398380089.0,2754800955,7.7,-23.7,5,3,False,False,False,False,True,True,False,False,False,True,False
SFM,"Sprouts Farmers Market, Inc. - Common Stock",81.46,15.5,7595951533.0,166271784,25.8,-43.7,0,1,False,False,False,True,False,False,False,False,False,False,False
TKO,"TKO Group Holdings, Inc. Class A Common Stock",184.64,15.5,34946759808.0,250433280,4.9,-18.6,1,2,False,False,False,False,False,True,False,False,False,True,False
EEFT,"Euronet Worldwide, Inc. - Common Stock",69.95,15.4,2616381470.0,50275768,11.9,-26.3,0,0,False,False,False,False,False,False,False,False,False,False,False
WMG,Warner Music Group Corp. - Class A Common Stock,28.03,15.4,14662766825.0,57841601,20.1,-20.9,0,2,False,False,False,False,False,False,False,True,False,True,False
BURL,"Burlington Stores, Inc. Common Stock",272.95,15.4,17180075128.0,289129590,13.5,-27.9,5,3,False,False,False,False,True,True,True,False,False,False,False
GRRR,Gorilla Technology Group Inc. - Ordinary shares,14.41,15.3,399985200.0,19841942,59.4,-38.7,0,4,False,False,False,True,True,False,True,False,True,False,False
PBH,Prestige Consumer Healthcare Inc. Common Stock,52.47,15.3,2485741169.0,28816808,23.1,-26.2,0,1,False,False,False,False,False,False,False,True,False,False,False
BBWI,"Bath & Body Works, Inc.",19.22,15.2,3875622916.0,118028111,34.6,-40.5,0,3,False,False,False,False,True,False,True,False,True,False,False
HGV,Hilton Grand Vacations Inc. Common Stock ,43.81,15.2,3405094792.0,56753463,19.1,-20.9,3,4,False,False,False,False,True,True,True,False,False,True,False
PWP,Perella Weinberg Partners - Class A Common Stock,16.98,15.1,1596770028.0,19366045,20.3,-34.5,0,1,False,False,False,False,False,False,False,True,False,False,False
AI,"C3.ai, Inc. Class A Common Stock",10.53,15.1,1636880887.0,47914318,37.2,-47.9,0,2,False,False,False,False,False,False,False,True,True,False,False
LCII,LCI Industries,102.96,15.1,2503112761.0,46560973,22.1,-35.5,2,2,False,False,False,False,False,True,False,True,False,False,False
MQ,"Marqeta, Inc. - Class A Common Stock",16.47,15.0,1714507796.0,18216274,11.3,-36.2,0,0,False,False,False,False,False,False,False,False,False,False,False
OPCH,"Option Care Health, Inc. - Common Stock",23.9,15.0,3579867308.0,54034982,32.7,-35.1,0,2,False,False,False,False,False,False,False,True,True,False,False
DBD,Diebold Nixdorf Incorporated Common stock,67.35,14.9,2286302702.0,24230132,23.6,-26.9,5,3,False,False,False,False,True,True,True,False,False,False,False
HSY,The Hershey Company Common Stock,179.05,14.9,35975738886.0,305606883,10.9,-25.2,1,3,False,False,False,False,True,True,False,True,False,False,False
WMS,"Advanced Drainage Systems, Inc. Common Stock",136.99,14.9,10329777801.0,106475300,7.0,-23.6,2,2,False,False,False,False,False,True,False,False,False,True,False
HAYW,"Hayward Holdings, Inc. Common Stock",14.15,14.8,3001492085.0,41303418,9.4,-20.2,0,1,False,False,False,False,False,False,False,False,False,True,False
WLK,Westlake Corporation Common Stock,75.71,14.8,9675476649.0,85181771,34.4,-39.1,1,3,False,False,False,False,True,True,False,False,True,False,False
VC,Visteon Corporation - Common Stock,102.02,14.7,2723467667.0,60798622,22.2,-21.0,0,3,False,False,False,False,True,False,True,False,False,True,False
CC,Chemours Company (The) Common Stock,15.62,14.7,2350794302.0,47236594,49.6,-45.5,5,3,False,False,False,False,True,True,False,False,True,False,False
BN,Brookfield Corporation Class A Limited Voting Shares,41.33,14.6,101289483654.0,167922618,9.0,-16.6,0,1,False,False,False,False,False,False,False,False,False,True,False
NOC,Northrop Grumman Corporation Common Stock,545.57,14.6,77505325095.0,478234383,13.9,-29.5,0,2,False,False,False,False,True,False,False,True,False,False,False
WGO,"Winnebago Industries, Inc. Common Stock",30.6,14.6,865028126.0,20855979,14.2,-39.0,0,0,False,False,False,False,False,False,False,False,False,False,False
PRVA,"Privia Health Group, Inc. - Common Stock",20.79,14.5,2655594164.0,30056789,6.5,-27.9,0,0,False,False,False,False,False,False,False,False,False,False,False
SUPN,"Supernus Pharmaceuticals, Inc. - Common Stock",43.73,14.5,2541894278.0,42534585,3.0,-26.7,0,1,False,False,False,False,True,False,False,False,False,False,False
ROOT,"Root, Inc. - Common Stock",56.43,14.4,874284210.0,14663439,37.9,-46.0,0,1,False,False,False,False,False,False,False,False,True,False,False
BKV,BKV Corporation Common Stock,24.23,14.4,2651678621.0,23763334,20.7,-26.2,5,2,False,False,False,False,True,True,False,False,False,False,False
HUBS,"HubSpot, Inc. Common Stock",260.68,14.4,12999121277.0,389024474,53.7,-50.4,0,2,False,False,False,False,False,False,False,True,True,False,False
SFD,"Smithfield Foods, Inc. - Common Stock",21.94,14.3,8639257436.0,33849043,4.1,-26.4,5,2,False,False,False,False,True,True,False,False,False,False,False
HII,"Huntington Ingalls Industries, Inc. Common Stock",294.21,14.3,11593226778.0,150529125,11.6,-36.0,5,2,False,False,False,False,True,True,False,False,False,False,False
TMDX,"TransMedics Group, Inc. - Common Stock",88.43,14.2,3066323072.0,73998578,47.1,-43.3,0,2,False,False,False,False,False,False,False,True,True,False,False
NVR,"NVR, Inc. Common Stock",6396.27,14.2,17045164072.0,203892944,16.3,-25.8,0,0,False,False,False,False,False,False,False,False,False,False,False
YELP,Yelp Inc. Common Stock,23.18,14.2,1257830735.0,28588766,18.3,-32.8,0,0,False,False,False,False,False,False,False,False,False,False,False
MBUU,"Malibu Boats, Inc. - Common Stock",27.36,14.1,537269770.0,7012522,14.8,-22.0,0,1,False,False,False,False,False,False,False,False,False,True,False
UUUU,Energy Fuels Inc Ordinary Shares (Canada),14.67,14.1,3665548890.0,111276254,37.7,-47.4,0,3,False,False,False,False,True,False,False,True,True,False,False
DMC,Del Monte Corporation Ordinary Shares,31.87,14.0,1502549968.0,12399923,20.4,-26.9,0,1,False,False,False,False,False,False,False,True,False,False,False
MTZ,"MasTec, Inc. Common Stock",241.0,14.0,19353492468.0,464232496,40.9,-45.4,5,3,False,False,False,False,True,True,False,False,True,False,False
APLD,Applied Digital Corporation - Common Stock,25.34,13.9,7385827298.0,579769063,92.6,-50.0,0,2,False,False,False,False,True,False,False,False,True,False,False
CIM,Chimera Investment Corporation Common Stock,11.5,13.9,962685907.0,9699453,0.6,-22.7,5,3,False,False,False,False,True,True,False,False,False,True,False
PVH,PVH Corp. Common Stock,75.79,13.9,3494532293.0,74593411,27.2,-24.8,1,4,False,False,False,False,True,True,True,False,False,True,False
STZ,"Constellation Brands, Inc. Common Stock",130.69,13.8,22319033539.0,284391148,3.4,-22.5,1,3,False,False,False,False,True,True,False,False,False,True,False
TDG,Transdigm Group Incorporated Common Stock,1185.97,13.8,65556300354.0,512279818,5.5,-18.9,0,1,False,False,False,False,False,False,False,False,False,True,False
PAX,Patria Investments Limited - Class A Common Shares,11.34,13.7,1840331416.0,11693644,7.5,-36.3,0,1,False,False,False,False,False,False,False,True,False,False,False
SLRC,SLR Investment Corp. - Closed End Fund,12.52,13.7,683024018.0,5413453,3.2,-25.6,0,0,False,False,False,False,False,False,False,False,False,False,False
VVV,Valvoline Inc. Common Stock,32.11,13.7,4096799882.0,78266340,12.7,-22.3,2,4,False,False,False,False,True,True,True,False,False,True,False
NI,NiSource Inc Common Stock,40.57,13.6,19455753257.0,242588669,5.5,-17.6,5,3,False,False,False,False,True,True,False,False,False,True,False
PAR,PAR Technology Corporation Common Stock,19.15,13.6,792095858.0,17442246,65.2,-64.0,0,2,False,False,False,False,False,False,False,True,True,False,False
TRMB,Trimble Inc. - Common Stock,61.01,13.5,14226302526.0,159370732,27.3,-27.7,0,1,False,False,False,False,False,False,False,True,False,False,False
MOS,Mosaic Company (The) Common Stock,23.6,13.5,7502337246.0,188814407,19.2,-36.2,0,1,False,False,False,False,False,False,False,True,False,False,False
VTS,"Vitesse Energy, Inc. Common Stock",17.19,13.5,723773209.0,8014822,14.6,-36.3,0,1,False,False,False,False,False,False,False,True,False,False,False
WLDN,"Willdan Group, Inc. - Common Stock",87.99,13.4,1340271687.0,23869386,36.1,-35.8,0,2,False,False,False,False,False,False,False,True,True,False,False
PEG,Public Service Enterprise Group Incorporated Common Stock,73.19,13.4,36479361996.0,223810922,0.9,-16.5,0,2,False,False,False,False,True,False,False,False,False,True,False
TNXP,Tonix Pharmaceuticals Holding Corp. - Common Stock,13.59,13.3,233082416.0,6249343,44.6,-59.1,0,2,False,False,False,False,False,False,False,True,True,False,False
TNC,Tennant Company Common Stock,69.58,13.3,1186290503.0,16476745,15.6,-24.3,0,3,False,False,False,False,True,False,True,False,False,True,False
DRS,"Leonardo DRS, Inc. - Common Stock",38.54,13.2,10285998988.0,44196171,18.8,-23.8,3,4,False,False,False,False,True,True,True,False,False,True,False
GLXY,Galaxy Digital Inc. - Class A common stock,23.21,13.2,9072535779.0,164114194,41.3,-49.5,0,1,False,False,False,False,False,False,False,False,True,False,False
BMI,"Badger Meter, Inc. Common Stock",135.61,13.2,3930906322.0,63395838,21.0,-33.5,0,0,False,False,False,False,False,False,False,False,False,False,False
QCOM,QUALCOMM Incorporated - Common Stock,164.19,13.1,172437907489.0,2631394377,34.6,-36.8,0,1,False,False,False,False,False,False,False,False,True,False,False
WSC,WillScot Holdings Corporation - Class A Common Stock,20.9,13.1,3786891022.0,62257212,40.2,-29.8,3,4,False,False,False,False,True,True,True,False,True,False,False
SHEN,Shenandoah Telecommunications Co - Common Stock,12.46,13.0,664923913.0,6253014,28.9,-28.2,1,2,False,False,False,False,True,True,False,False,False,False,False
BRSL,"Brightstar Lottery PLC Trading under the Legal Name to begin at the market open on July 21, 2025. Ordinary Shares",11.57,13.0,2134665000.0,19635954,16.9,-37.7,0,1,False,False,False,False,False,False,False,True,False,False,False
LMND,"Lemonade, Inc. Common Stock",52.96,13.0,4098924730.0,83833434,14.7,-47.0,0,0,False,False,False,False,False,False,False,False,False,False,False
CAE,CAE Inc - Common Shares,24.28,12.9,7806230265.0,16463917,6.7,-29.1,0,0,False,False,False,False,False,False,False,False,False,False,False
FUL,H. B. Fuller Company Common Stock,56.35,12.9,3030920610.0,46458922,15.7,-17.9,1,3,False,False,False,False,True,True,False,False,False,True,False
NXPI,NXP Semiconductors N.V. - Common Stock,223.58,12.8,56378866023.0,1065855459,22.2,-34.2,4,3,False,False,False,False,True,True,True,False,False,False,False
LDOS,"Leidos Holdings, Inc. Common Stock",140.66,12.8,17651734118.0,196229279,42.3,-31.6,0,2,False,False,False,False,False,False,False,True,True,False,False
ORA,"Ormat Technologies, Inc. Common Stock",103.04,12.8,6336644801.0,92333600,15.7,-29.6,0,1,False,False,False,False,True,False,False,False,False,False,False
DOX,Amdocs Limited - Ordinary Shares,62.91,12.7,6791105498.0,77780389,26.5,-27.8,0,1,False,False,False,False,False,False,False,True,False,False,False
HHH,Howard Hughes Holdings Inc. Common Stock,64.8,12.7,3869923133.0,27898667,6.2,-28.8,0,0,False,False,False,False,False,False,False,False,False,False,False
FER,Ferrovial N.V. - Ordinary Shares,58.73,12.6,42253753775.0,96848166,10.4,-21.5,5,3,False,False,False,False,True,True,False,False,False,True,False
IONS,"Ionis Pharmaceuticals, Inc. - Common Stock",61.05,12.6,10145552858.0,201780962,44.9,-29.6,0,1,False,False,False,False,False,False,False,False,True,False,False
BHF,"Brighthouse Financial, Inc. - Common Stock",53.04,12.5,3050413302.0,46721629,26.1,-20.6,5,2,False,False,False,False,False,True,False,False,False,True,False
PPC,Pilgrim's Pride Corporation - Common Stock,31.69,12.5,7545659126.0,47632564,22.4,-30.3,0,1,False,False,False,False,False,False,False,True,False,False,False
BIPC,Brookfield Infrastructure Corporation Brookfield Infrastructure Corporation,38.63,12.5,4906218061.0,41395454,13.0,-25.3,0,0,False,False,False,False,False,False,False,False,False,False,False
FWRG,"First Watch Restaurant Group, Inc. - Common Stock",12.51,12.4,772022562.0,13771510,25.5,-34.7,0,0,False,False,False,False,False,False,False,False,False,False,False
BAH,Booz Allen Hamilton Holding Corporation Common Stock,75.24,12.4,9050241369.0,158718196,26.5,-31.9,0,1,False,False,False,False,False,False,False,True,False,False,False
CRCL,"Circle Internet Group, Inc. Class A Common Stock",87.14,12.3,22122744270.0,992154345,74.6,-45.4,0,4,False,False,False,True,True,False,False,True,True,False,False
VICI,VICI Properties Inc. Common Stock,25.87,12.3,28484876529.0,265107976,0.5,-23.7,0,2,False,False,False,False,True,False,False,False,False,True,False
WS,"Worthington Steel, Inc. Common Shares",34.06,12.3,1735241843.0,10737787,25.1,-30.7,5,2,False,False,False,False,True,True,False,False,False,False,False
ANIP,"ANI Pharmaceuticals, Inc. - Common Stock",72.83,12.2,1672139511.0,28113880,3.8,-26.8,0,0,False,False,False,False,False,False,False,False,False,False,False
LYTS,LSI Industries Inc. - Common Stock,19.71,12.2,723601483.0,8497338,14.5,-28.0,5,3,False,False,False,False,True,True,True,False,False,False,False
LOGI,Logitech International S.A. - Registered Shares,97.96,12.1,14026729003.0,106069429,17.6,-24.4,0,1,False,False,False,False,False,False,False,False,False,True,False
GXO,"GXO Logistics, Inc. Common Stock ",47.6,12.1,5458985960.0,72638835,5.8,-28.8,0,1,False,False,False,False,True,False,False,False,False,False,False
RH,RH Common Stock,149.49,12.1,2825505856.0,131950952,40.6,-41.8,0,1,False,False,False,False,False,False,False,False,True,False,False
ACN,Accenture plc Class A Ordinary Shares (Ireland),189.61,12.0,126566610918.0,1367168563,60.5,-34.9,0,2,False,False,False,False,False,False,False,True,True,False,False
DOCS,"Doximity, Inc. Class A Common Stock",26.73,12.0,4764515045.0,122354691,55.9,-65.1,0,2,False,False,False,False,False,False,False,True,True,False,False
CNXC,Concentrix Corporation - Common Stock,29.38,11.9,1792719123.0,44873966,53.7,-49.2,0,2,False,False,False,False,False,False,False,True,True,False,False
HRL,Hormel Foods Corporation Common Stock,21.57,11.9,11870293666.0,108261318,9.5,-18.9,2,4,False,False,False,False,True,True,True,False,False,True,False
SIG,Signet Jewelers Limited Common Shares,82.7,11.8,3252573054.0,64993519,15.5,-25.0,0,1,False,False,False,False,False,False,False,False,False,True,False
TAC,TransAlta Corporation Ordinary Shares,12.19,11.8,3852040000.0,21014561,7.1,-31.8,0,0,False,False,False,False,False,False,False,False,False,False,False
WOLF,"Wolfspeed, Inc. Common Stock New",25.85,11.8,1369930987.0,152343761,221.1,-68.0,1,4,False,False,False,False,True,True,True,False,True,False,False
TJX,"TJX Companies, Inc. (The) Common Stock",135.12,11.7,149267664744.0,929414659,1.2,-20.5,5,3,False,False,True,False,True,True,False,False,False,True,False
XYL,Xylem Inc. Common Stock New,111.31,11.7,25989417044.0,224919160,5.7,-27.8,0,0,False,False,False,False,False,False,False,False,False,False,False
KR,Kroger Company (The) Common Stock,57.72,11.6,35362001117.0,434212721,6.6,-24.6,0,3,False,False,False,False,True,False,False,True,False,True,False
OTIS,Otis Worldwide Corporation Common Stock ,71.74,11.6,27309218380.0,261144098,3.7,-24.1,0,1,False,False,False,False,False,False,False,False,False,True,False
SARO,"StandardAero, Inc. Common Stock",25.01,11.6,8276294969.0,98851450,5.0,-27.5,0,0,False,False,False,False,False,False,False,False,False,False,False
EVR,Evercore Inc. Class A Common Stock,290.11,11.5,11156985976.0,158239099,9.1,-25.4,0,0,False,False,False,False,False,False,False,False,False,False,False
IDR,"Idaho Strategic Resources, Inc. Common Stock",32.33,11.5,511660076.0,7713424,24.3,-40.9,0,1,False,False,False,False,False,False,False,True,False,False,False
CRTO,Criteo S.A. - Ordinary Shares,17.46,11.4,855497380.0,10132716,12.1,-31.0,0,0,False,False,False,False,False,False,False,False,False,False,False
DRVN,Driven Brands Holdings Inc. - Common Stock,12.47,11.4,2057298306.0,11811921,27.2,-36.8,0,0,False,False,False,False,False,False,False,False,False,False,False
MAT,"Mattel, Inc. - Common Stock",15.14,11.3,4325498000.0,63189419,18.9,-32.7,0,1,False,False,False,False,False,False,False,True,False,False,False
NSSC,"NAPCO Security Technologies, Inc. - Common Stock",35.35,11.3,1264414248.0,15493158,4.2,-31.7,0,0,False,False,False,False,False,False,False,False,False,False,False
IE,Ivanhoe Electric Inc. Common Stock,11.19,11.3,1785814998.0,21937253,42.5,-48.1,0,2,False,False,False,False,False,False,False,True,True,False,False
FIG,"Figma, Inc. Class A Common Stock",28.82,11.2,15361344367.0,501217852,73.6,-60.0,0,3,False,False,False,True,False,False,False,True,True,False,False
MOD,Modine Manufacturing Company Common Stock,177.63,11.2,9434410322.0,365036708,59.8,-45.0,5,3,False,False,False,False,True,True,False,False,True,False,False
INSM,Insmed Incorporated - Common Stock,118.54,11.1,25886943366.0,358682624,31.1,-44.3,0,2,False,False,False,False,False,False,False,True,True,False,False
LOW,"Lowe's Companies, Inc. Common Stock",208.05,11.1,116655099880.0,656147033,4.3,-29.0,0,0,False,False,False,False,False,False,False,False,False,False,False
UVV,Universal Corporation Common Stock,45.74,11.1,1138892015.0,14645191,5.5,-23.0,0,2,False,False,False,False,True,False,False,False,False,True,False
CYD,China Yuchai International Limited Common Stock,38.21,11.0,1433575084.0,7110644,33.4,-37.8,5,3,False,False,False,False,True,True,False,False,True,False,False
GIL,"Gildan Activewear, Inc. Class A Sub. Vot. Common Stock",53.12,11.0,9837390966.0,73658703,14.1,-27.9,0,0,False,False,False,False,False,False,False,False,False,False,False
DKNG,DraftKings Inc. - Class A Common Stock,25.26,10.9,12540429252.0,293672872,23.5,-48.2,0,1,False,False,False,False,False,False,False,True,False,False,False
CLB,Core Laboratories Inc. Common Stock,12.36,10.9,567132939.0,10274897,26.3,-39.3,0,1,False,False,False,False,False,False,False,True,False,False,False
CWEN,"Clearway Energy, Inc. Class C Common Stock",31.76,10.9,5205899430.0,45800292,14.8,-23.9,5,3,False,False,False,False,True,True,False,False,False,True,False
CEG,Constellation Energy Corporation - Common Stock When-Issued,276.75,10.8,98054567138.0,795393767,21.0,-32.9,0,1,False,False,False,False,False,False,False,True,False,False,False
AZN,AstraZeneca PLC Ordinary Shares,162.7,10.8,252303098886.0,560529755,11.6,-23.5,0,2,False,False,False,False,True,False,False,False,False,True,False
MCD,McDonald's Corporation Common Stock,265.0,10.7,187525005715.0,1259247761,2.0,-22.5,0,1,False,False,False,False,False,False,False,False,False,True,False
MP,MP Materials Corp. Common Stock,56.13,10.7,9996842134.0,310245581,48.5,-44.0,0,2,False,False,False,False,False,False,False,True,True,False,False
CHKP,Check Point Software Technologies Ltd. - Ordinary Shares,138.32,10.6,14122559695.0,156001525,23.2,-34.3,0,1,False,False,False,False,False,False,False,True,False,False,False
KMPR,Kemper Corporation,27.93,10.6,1645723691.0,29435080,23.1,-48.9,0,1,False,False,False,False,False,False,False,True,False,False,False
LAZ,"Lazard, Inc. Common Stock",43.64,10.6,4252742962.0,90024656,12.9,-25.7,0,1,False,False,False,False,False,False,False,True,False,False,False
CORZ,"Core Scientific, Inc. - Common Stock",16.51,10.5,5305330681.0,273972411,25.7,-45.8,0,2,False,False,False,False,True,False,True,False,False,False,False
SNN,"Smith & Nephew SNATS, Inc. Common Stock",28.97,10.5,12308252430.0,48205728,1.4,-25.3,0,0,False,False,False,False,False,False,False,False,False,False,False
LKQ,LKQ Corporation - Common Stock,25.53,10.4,6459143256.0,80257143,20.6,-31.2,0,1,False,False,False,False,False,False,False,True,False,False,False
EXP,Eagle Materials Inc Common Stock,197.56,10.4,6060217207.0,96477984,14.9,-19.5,0,1,False,False,False,False,False,False,False,False,False,True,False
LZB,La-Z-Boy Incorporated Common Stock,32.57,10.4,1304518751.0,23767634,12.2,-27.5,3,1,False,False,False,False,False,True,False,False,False,False,False
NN,NextNav Inc. - Common stock,15.36,10.3,2592920218.0,42481517,41.3,-37.1,1,3,False,False,False,False,True,True,False,False,True,False,False
PHR,"Phreesia, Inc. Common Stock",12.15,10.3,751014451.0,9470639,56.4,-62.9,0,2,False,False,False,False,False,False,False,True,True,False,False
LGN,Legence Corp. - Class A Common stock,53.845,10.2,5819324221.0,104416414,99.7,-49.8,1,4,False,False,False,False,True,True,True,False,True,False,False
CDRE,"Cadre Holdings, Inc. Common Stock",30.74,10.2,1316309363.0,11999337,19.5,-37.0,0,1,False,False,False,False,False,False,False,True,False,False,False
ULS,UL Solutions Inc. Class A Common Stock,74.43,10.2,15027281016.0,92865699,20.7,-30.8,0,1,False,False,False,False,True,False,False,False,False,False,False
IDXX,"IDEXX Laboratories, Inc. - Common Stock",554.99,10.1,43722731569.0,357452845,7.0,-27.9,0,0,False,False,False,False,False,False,False,False,False,False,False
META,"Meta Platforms, Inc. - Class A Common Stock",578.02,10.1,1472509548175.0,10761444233,11.1,-26.9,0,0,False,False,False,False,False,False,False,False,False,False,False
CIGI,Colliers International Group Inc.  - Subordinate Voting Shares,102.93,10.0,5260116296.0,22639574,16.5,-40.0,0,1,False,False,False,False,False,False,False,True,False,False,False
CPRT,"Copart, Inc. - Common Stock",32.99,10.0,30542520791.0,369619739,23.1,-34.2,0,1,False,False,False,False,False,False,False,True,False,False,False
HNRG,Hallador Energy Company - Common Stock,16.24,9.9,765608118.0,13042841,19.0,-34.3,0,1,False,False,False,False,False,False,False,True,False,False,False
TMUS,"T-Mobile US, Inc. - Common Stock",181.37,9.9,194550450450.0,921420386,9.5,-29.9,0,1,False,False,False,False,False,False,False,True,False,False,False
ARLO,"Arlo Technologies, Inc. Common Stock",12.89,9.9,1387135489.0,17548166,16.7,-35.4,0,0,False,False,False,False,False,False,False,False,False,False,False
LBTYA,Liberty Global Ltd. - Class A Common Shares,10.67,9.8,3639404329.0,24795989,13.1,-21.1,0,2,False,False,False,False,True,False,False,False,False,True,False
RDY,Dr. Reddy's Laboratories Ltd Common Stock,12.18,9.8,10166121895.0,37127896,7.2,-22.3,0,1,False,False,False,False,False,False,False,False,False,True,False
KE,"Kimball Electronics, Inc. - Common Stock",23.46,9.7,562265703.0,5501762,11.7,-29.3,0,0,False,False,False,False,False,False,False,False,False,False,False
VERX,"Vertex, Inc. - Class A Common Stock",14.225,9.7,2307550766.0,26589318,39.3,-46.4,0,2,False,False,False,False,False,False,False,True,True,False,False
BKE,"Buckle, Inc. (The) Common Stock",43.43,9.7,2237430475.0,21585244,6.6,-29.6,0,0,False,False,False,False,False,False,False,False,False,False,False
GLIBK,Liberty Capital Corporation - Series C GCI Group Common Stock,26.01,9.6,1037928894.0,14362637,34.8,-36.8,0,2,False,False,False,False,False,False,False,True,True,False,False
RRX,Regal Rexnord Corporation Common Stock,157.43,9.6,10483557622.0,247272988,23.0,-36.5,5,2,False,False,False,False,True,True,False,False,False,False,False
ALK,"Alaska Air Group, Inc. Common Stock",42.32,9.5,4723044038.0,137976499,28.1,-35.8,1,1,False,False,False,False,False,True,False,False,False,False,False
ASIX,AdvanSix Inc. Common Stock ,16.49,9.5,445249557.0,5300606,17.0,-38.3,0,1,False,False,False,False,True,False,False,False,False,False,False
LEU,Centrus Energy Corp. Class A Common Stock,175.78,9.5,3507313379.0,131734174,23.7,-62.1,0,1,False,False,False,False,False,False,False,True,False,False,False
SOFI,"SoFi Technologies, Inc.  - Common Stock",18.06,9.4,23325760051.0,1255432349,21.4,-44.8,0,1,False,False,False,False,False,False,False,True,False,False,False
IBM,International Business Machines Corporation Common Stock,235.59,9.4,221957440940.0,2306038532,18.3,-29.1,0,0,False,False,False,False,False,False,False,False,False,False,False
LPX,Louisiana-Pacific Corporation Common Stock,71.26,9.3,4982742197.0,89158767,7.8,-29.6,0,0,False,False,False,False,False,False,False,False,False,False,False
SHAK,"Shake Shack, Inc. Class A Common Stock",69.89,9.3,2991217777.0,110397911,35.4,-35.0,0,2,False,False,False,False,False,False,False,True,True,False,False
BL,"BlackLine, Inc. - Common Stock",32.98,9.2,1916971405.0,32877716,33.5,-44.6,0,2,False,False,False,False,False,False,False,True,True,False,False
IRTC,"iRhythm Holdings, Inc.  - Common Stock",120.25,9.2,3963801111.0,74571098,19.2,-43.3,0,1,False,False,False,False,False,False,False,True,False,False,False
GNRC,Generac Holdlings Inc. Common Stock,183.8,9.2,10845369152.0,247756208,36.4,-38.0,5,4,False,False,False,False,True,True,True,False,True,False,False
ASTE,"Astec Industries, Inc. - Common Stock",43.39,9.1,999070674.0,12317506,7.2,-33.9,0,1,False,False,False,False,True,False,False,False,False,False,False
LBTYK,Liberty Global Ltd. - Class C Common Shares,10.43,9.1,3557543313.0,13626768,12.2,-20.5,0,3,False,False,False,False,True,False,False,True,False,True,False
SGRY,"Surgery Partners, Inc. - Common Stock",13.69,9.0,1792270979.0,28743690,20.0,-41.6,0,0,False,False,False,False,False,False,False,False,False,False,False
CRK,"Comstock Resources, Inc. Common Stock",14.29,9.0,4195837631.0,32390956,17.9,-49.1,0,1,False,False,False,False,False,False,False,True,False,False,False
MLM,"Martin Marietta Materials, Inc. Common Stock",531.05,9.0,31897963801.0,346094578,1.7,-25.3,0,0,False,False,False,False,False,False,False,False,False,False,False
LINC,Lincoln Educational Services Corporation - Common Stock,25.43,8.9,806677211.0,31249402,47.1,-54.9,5,4,False,False,False,False,True,True,True,False,True,False,False
EPAM,"EPAM Systems, Inc. Common Stock",114.8,8.9,5922185419.0,162756543,57.1,-48.4,0,2,False,False,False,False,False,False,False,True,True,False,False
PSKY,Paramount Skydance Corporation - Class B Common Stock,10.88,8.8,12206770076.0,100498726,42.8,-47.8,0,2,False,False,False,False,False,False,False,True,True,False,False
HE,"Hawaiian Electric Industries, Inc. Common Stock",11.4,8.8,1969099246.0,24149636,5.7,-34.4,5,2,False,False,False,False,True,True,False,False,False,False,False
POOL,Pool Corporation - Common Stock,188.07,8.7,6834604288.0,179343797,8.9,-44.1,0,0,False,False,False,False,False,False,False,False,False,False,False
CCL,Carnival Corporation Ltd. Common Shares,24.76,8.7,33912512186.0,543116457,5.6,-27.2,0,0,False,False,False,False,False,False,False,False,False,False,False
LHX,"L3Harris Technologies, Inc. Common Stock",262.82,8.7,48940925377.0,456630732,1.7,-30.7,0,1,False,False,False,False,True,False,False,False,False,False,False
TATT,TAT Technologies Ltd. - Ordinary Shares,36.3,8.6,471287873.0,8630008,15.2,-43.7,0,1,False,False,False,False,True,False,False,False,False,False,False
CTGO,Contango Silver & Gold Inc. Common Stock,19.27,8.6,644402116.0,8648258,32.9,-43.9,0,2,False,False,False,False,False,False,False,True,True,False,False
IREN,IREN Limited - Ordinary Shares,35.45,8.5,12669073993.0,1854128795,56.7,-53.9,0,2,False,False,False,False,True,False,False,False,True,False,False
BOOT,"Boot Barn Holdings, Inc. Common Stock",154.85,8.5,4689608093.0,111927499,16.3,-26.3,0,0,False,False,False,False,False,False,False,False,False,False,False
GPK,Graphic Packaging Holding Company,11.56,8.5,3422587384.0,51941128,31.5,-48.8,0,2,False,False,False,False,False,False,False,True,True,False,False
ENPH,"Enphase Energy, Inc. - Common Stock",37.25,8.4,4922388138.0,218074242,44.5,-49.5,4,3,False,False,False,False,True,True,False,False,True,False,False
MARA,"MARA Holdings, Inc. - Common Stock",10.67,8.4,4121813499.0,580156177,60.2,-54.5,0,1,False,False,False,False,False,False,False,False,True,False,False
OSIS,"OSI Systems, Inc. - Common Stock",206.64,8.3,3294248268.0,52868862,10.8,-33.7,0,0,False,False,False,False,False,False,False,False,False,False,False
WYNN,"Wynn Resorts, Limited - Common Stock",95.26,8.3,9809292857.0,148898533,3.0,-29.3,0,0,False,False,False,False,False,False,False,False,False,False,False
FG,"F&G Annuities & Life, Inc. Common Stock",23.99,8.3,3141135664.0,18132840,16.6,-32.6,0,0,False,False,False,False,False,False,False,False,False,False,False
FND,"Floor & Decor Holdings, Inc. Common Stock",53.0,8.2,5643968145.0,138776654,24.3,-42.6,0,0,False,False,False,False,False,False,False,False,False,False,False
TPB,"Turning Point Brands, Inc. Common Stock",83.93,8.2,1682706023.0,29956493,27.6,-42.9,0,1,False,False,False,False,False,False,False,True,False,False,False
TSLA,"Tesla, Inc.  - Common Stock",348.75,8.1,1377404653658.0,14280861215,17.3,-30.1,0,0,False,False,False,False,False,False,False,False,False,False,False
SLVM,Sylvamo Corporation Common Stock,36.37,8.1,1446080038.0,11573969,2.4,-36.0,0,0,False,False,False,False,False,False,False,False,False,False,False
WYFI,"WhiteFiber, Inc. - Ordinary Shares",17.75,8.0,689554095.0,88430893,68.9,-62.1,0,3,False,False,False,False,True,False,True,False,True,False,False
AORT,"Artivion, Inc. Common Stock",26.77,8.0,1305204036.0,18515707,39.7,-44.5,0,2,False,False,False,False,False,False,False,True,True,False,False
PAC,"Grupo Aeroportuario Del Pacifico, S.A. B. de C.V. Grupo Aeroportuario Del Pacifico, S.A. de C.V. (each representing 10 Series B shares)",207.56,8.0,12350197759.0,29798721,2.1,-30.9,0,0,False,False,False,False,False,False,False,False,False,False,False
AOSL,Alpha and Omega Semiconductor Limited - Common Shares,24.63,7.9,745131390.0,24258410,44.8,-54.7,5,4,False,False,False,False,True,True,True,False,True,False,False
FUN,Six Flags Entertainment Corporation Common Stock New,16.22,7.9,1659570581.0,42386627,29.7,-40.7,0,1,False,False,False,False,True,False,False,False,False,False,False
LMAT,"LeMaitre Vascular, Inc. - Common Stock",80.45,7.8,1839831726.0,35208895,2.8,-31.8,0,1,False,False,False,False,True,False,False,False,False,False,False
BV,"BrightView Holdings, Inc. Common Stock",11.22,7.8,1038972000.0,14055430,7.7,-25.2,0,2,False,False,False,False,True,False,True,False,False,False,False
CRH,CRH PLC Ordinary Shares,95.86,7.8,64162877952.0,449429702,3.6,-27.1,0,0,False,False,False,False,False,False,False,False,False,False,False
AZO,"AutoZone, Inc. Common Stock",2961.96,7.7,48355048496.0,945646036,2.1,-32.5,0,0,False,False,False,False,False,False,False,False,False,False,False
STN,Stantec Inc Common Stock,74.79,7.7,8406373787.0,32257803,12.9,-34.7,0,1,False,False,False,False,False,False,False,True,False,False,False
NTGR,"NETGEAR, Inc. - Common Stock",21.09,7.6,573205553.0,8319886,11.0,-42.8,0,0,False,False,False,False,False,False,False,False,False,False,False
BLSH,Bullish Ordinary Shares,32.89,7.6,5250599792.0,41071124,60.0,-56.1,0,2,False,False,False,False,False,False,False,True,True,False,False
POST,"Post Holdings, Inc. Common Stock",85.35,7.6,3751713307.0,82080344,13.2,-27.2,0,0,False,False,False,False,False,False,False,False,False,False,False
STAA,STAAR Surgical Company - Common Stock,22.11,7.5,1108683486.0,23129590,41.8,-38.4,0,1,False,False,False,False,False,False,False,False,True,False,False
FN,Fabrinet Ordinary Shares,414.36,7.5,14848534247.0,516362133,32.4,-44.7,5,3,False,False,False,False,True,True,False,False,True,False,False
CCI,Crown Castle Inc. Common Stock,76.14,7.4,32394177125.0,306056960,9.2,-24.2,0,1,False,False,False,False,False,False,False,False,False,True,False
REZI,"Resideo Technologies, Inc. Common Stock ",19.63,7.4,2980764030.0,58882646,5.6,-37.7,0,0,False,False,False,False,False,False,False,False,False,False,False
FSLR,"First Solar, Inc. - Common Stock",204.46,7.3,21973272854.0,484229777,11.7,-36.3,0,0,False,False,False,False,False,False,False,False,False,False,False
PEGA,Pegasystems Inc. - Common Stock,36.17,7.3,5946526861.0,82946074,44.1,-46.9,0,2,False,False,False,False,False,False,False,True,True,False,False
THO,"Thor Industries, Inc. Common Stock",77.02,7.3,4009458868.0,49252478,10.5,-37.3,0,1,False,False,False,False,False,False,False,True,False,False,False
BROS,Dutch Bros Inc. Class A Common Stock,49.91,7.2,8718364446.0,215848479,12.0,-32.8,0,0,False,False,False,False,False,False,False,False,False,False,False
RDDT,"Reddit, Inc. Class A Common Stock",153.0,7.2,29436666030.0,1023350135,28.3,-45.9,0,0,False,False,False,False,False,False,False,False,False,False,False
NFLX,"Netflix, Inc. - Common Stock",81.72,7.1,340277150323.0,3172877354,25.6,-35.5,0,1,False,False,False,False,False,False,False,True,False,False,False
CSR,D/B/A Centerspace Common Stock,52.48,7.1,881357044.0,8267815,0.1,-24.6,0,1,False,False,True,False,False,False,False,False,False,True,False
SEB,Seaboard Corporation Common Stock,3913.21,7.1,3748049059.0,49406032,24.6,-34.7,5,2,False,False,False,False,True,True,False,False,False,False,False
OMCL,"Omnicell, Inc. - Common Stock",33.08,7.0,1508940363.0,30526813,13.8,-39.9,5,1,False,False,False,False,False,True,False,False,False,False,False
TLK,"PT Telekomunikasi Indonesia, Tbk",14.58,7.0,14443271180.0,11661449,10.2,-38.0,0,1,False,False,False,False,False,False,False,True,False,False,False
COIN,"Coinbase Global, Inc. - Class A Common Stock",178.64,6.9,47131827925.0,1383178839,28.4,-55.6,0,1,False,False,False,False,False,False,False,True,False,False,False
CHWY,"Chewy, Inc. Class A Common Stock",23.26,6.9,9523207055.0,172243374,33.7,-46.5,0,2,False,False,False,False,False,False,False,True,True,False,False
JBTM,JBT Marel Corporation Common Stock,118.29,6.9,6136508683.0,80361319,4.5,-30.5,0,0,False,False,False,False,False,False,False,False,False,False,False
TDS,"Telephone and Data Systems, Inc. Common Shares",33.65,6.8,3873115000.0,39415634,6.8,-31.5,0,1,False,False,False,False,True,False,False,False,False,False,False
WSO,"Watsco, Inc. Common Stock",310.76,6.8,12819531807.0,163423046,5.1,-32.3,0,1,False,False,False,False,True,False,False,False,False,False,False
MATW,Matthews International Corporation - Class A Common Stock,20.93,6.7,653291711.0,12793625,0.3,-32.3,5,2,False,False,False,False,True,True,False,False,False,False,False
ADNT,Adient plc Ordinary Shares ,19.06,6.7,1469467524.0,20113501,7.8,-30.2,0,1,False,False,False,False,True,False,False,False,False,False,False
OLMA,"Olema Pharmaceuticals, Inc. - Common Stock",10.27,6.6,898600424.0,14985897,91.6,-71.7,5,2,False,False,False,False,False,True,False,False,True,False,False
AS,"Amer Sports, Inc. Ordinary Shares",31.05,6.6,17315572366.0,175494390,7.4,-27.4,1,1,False,False,False,False,False,True,False,False,False,False,False
BEPC,Brookfield Renewable Corporation Brookfield Renewable Corporation Class A Subordinate Voting Shares,32.29,6.6,12169656496.0,58106652,1.5,-28.5,0,0,False,False,False,False,False,False,False,False,False,False,False
INTU,Intuit Inc. - Common Stock,358.06,6.5,97942658220.0,1399442462,41.6,-49.2,0,2,False,False,False,False,False,False,False,True,True,False,False
BBUC,Brookfield Business Corporation Class A Subordinate Voting Shares,27.97,6.5,5814963000.0,14914068,1.2,-26.9,0,0,False,False,True,False,False,False,False,False,False,False,False
BTDR,Bitdeer Technologies Group - Ordinary Shares,10.32,6.4,2804792768.0,144108129,49.2,-62.9,0,3,False,False,False,False,True,False,True,False,True,False,False
CLFD,"Clearfield, Inc. - Common Stock",29.53,6.4,401134191.0,6782713,24.3,-44.0,0,1,False,False,False,False,True,False,False,False,False,False,False
HLI,"Houlihan Lokey, Inc. Class A Common Stock",133.02,6.4,9296302230.0,120362603,17.9,-37.2,0,0,False,False,False,False,False,False,False,False,False,False,False
KD,"Kyndryl Holdings, Inc. Common Stock",13.2,6.3,2875201072.0,53935478,30.7,-61.1,0,2,False,False,False,False,False,False,False,True,True,False,False
MMS,"Maximus, Inc. Common Stock",59.75,6.3,3128376339.0,39820787,13.3,-40.2,0,1,False,False,False,False,False,False,False,True,False,False,False
ASR,"Grupo Aeroportuario del Sureste, S.A. de C.V. Common Stock",257.52,6.2,7725600000.0,17320508,0.6,-32.5,0,0,False,False,False,False,False,False,False,False,False,False,False
TGLS,Tecnoglass Holdings Inc. Common Stock,40.01,6.2,1775028286.0,11635048,6.6,-45.9,0,0,False,False,False,False,False,False,False,False,False,False,False
CHTR,"Charter Communications, Inc. - Class A Common Stock",153.62,6.1,17601394321.0,466168647,37.7,-46.3,0,2,False,False,False,False,False,False,False,True,True,False,False
MZTI,The Marzetti Company - Common Stock,114.84,6.1,3134098440.0,37826418,10.1,-38.6,0,1,False,False,False,False,False,False,False,True,False,False,False
RBA,"RB Global, Inc. Common Stock",86.06,6.1,16084614000.0,158968918,4.9,-28.0,0,1,False,False,False,False,True,False,False,False,False,False,False
TSCO,Tractor Supply Company - Common Stock,34.72,6.0,18090513557.0,370979194,22.4,-44.8,0,1,False,False,False,False,False,False,False,True,False,False,False
RKT,"Rocket Companies, Inc. Class A Common Stock",13.77,6.0,38991716137.0,431532109,13.1,-43.5,0,0,False,False,False,False,False,False,False,False,False,False,False
NXT,Nextpower Inc. - Class A Common Stock,85.44,5.9,12963770189.0,330425166,32.9,-47.6,0,2,False,False,False,False,True,False,False,False,True,False,False
FICO,Fair Isaac Corporation Common Stock,1153.5699,5.9,24914383807.0,365478452,32.6,-42.3,0,1,False,False,False,False,False,False,False,False,True,False,False
GPGI,"GPGI, Inc. Class A Common Stock",13.25,5.9,3841043587.0,20876409,18.1,-50.5,0,0,False,False,False,False,False,False,False,False,False,False,False
RMBS,"Rambus, Inc. - Common Stock",85.76,5.8,9301667073.0,311719178,21.0,-50.7,0,1,False,False,False,False,True,False,False,False,False,False,False
BWXT,"BWX Technologies, Inc. Common Stock",152.85,5.8,14004419643.0,179646971,3.5,-36.8,0,1,False,False,False,False,True,False,False,False,False,False,False
ASO,"Academy Sports and Outdoors, Inc. - Common Stock",43.5,5.7,2697799139.0,72635652,5.4,-30.3,0,1,False,False,False,False,True,False,False,False,False,False,False
AMRZ,Amrize Ltd Ordinary Shares,44.67,5.7,24431168517.0,159353357,2.2,-32.3,0,1,False,False,False,False,True,False,False,False,False,False,False
CNM,"Core & Main, Inc. Class A Common Stock",43.02,5.7,8325231906.0,98679526,2.7,-36.0,0,0,False,False,False,False,False,False,False,False,False,False,False
WINA,Winmark Corporation - Common Stock,337.25,5.6,1211458995.0,17483558,3.8,-36.1,0,0,False,False,False,False,False,False,False,False,False,False,False
LVS,Las Vegas Sands Corp. Common Stock,45.04,5.6,29172461327.0,232935362,2.6,-36.1,0,0,False,False,False,False,False,False,False,False,False,False,False
PATK,"Patrick Industries, Inc. - Common Stock",83.47,5.5,2680911496.0,58819552,2.7,-43.8,0,0,False,False,False,False,False,False,False,False,False,False,False
FOUR,"Shift4 Payments, Inc. Class A Common Stock",43.96,5.5,3471086875.0,77345109,27.2,-52.5,0,0,False,False,False,False,False,False,False,False,False,False,False
CPS,Cooper-Standard Holdings Inc. Common Stock,26.64,5.4,473371701.0,5111815,5.4,-44.5,0,0,False,False,False,False,False,False,False,False,False,False,False
GME,GameStop Corporation Common Stock,17.87,5.4,8018112763.0,107305280,0.4,-36.4,0,1,False,False,False,False,True,False,False,False,False,False,False
KLAR,Klarna Group plc Ordinary Shares,14.2,5.4,10020151886.0,97066773,17.7,-70.1,0,0,False,False,False,False,False,False,False,False,False,False,False
DECK,Deckers Outdoor Corporation Common Stock,87.76,5.3,11971712562.0,240139740,11.2,-30.0,1,2,False,False,False,False,True,True,False,False,False,False,False
NCLH,Norwegian Cruise Line Holdings Ltd. Ordinary Shares,16.65,5.3,7645477636.0,294034677,14.6,-38.7,0,0,False,False,False,False,False,False,False,False,False,False,False
GLOB,Globant S.A. Common Shares,40.52,5.2,1749635609.0,70939120,47.0,-43.8,0,2,False,False,False,False,False,False,False,True,True,False,False
NXRT,"NexPoint Residential Trust, Inc. Common Stock",23.55,5.2,601698096.0,7641299,0.3,-32.5,0,0,False,False,False,False,False,False,False,False,False,False,False
VFC,V.F. Corporation Common Stock,13.67,5.2,5374149572.0,110425248,5.0,-38.6,5,1,False,False,False,False,False,True,False,False,False,False,False
ALHC,"Alignment Healthcare, Inc. - Common Stock",13.62,5.1,2825266729.0,91951418,7.2,-45.8,0,0,False,False,False,False,False,False,False,False,False,False,False
EYE,"National Vision Holdings, Inc. - Common Stock",17.38,5.1,1374224660.0,40814549,17.8,-42.1,0,0,False,False,False,False,False,False,False,False,False,False,False
CPNG,"Coupang, Inc. Class A Common Stock",16.52,5.0,29694893317.0,302384280,10.7,-51.5,0,0,False,False,False,False,False,False,False,False,False,False,False
FIS,"Fidelity National Information Services, Inc. Common Stock",41.44,5.0,21370853200.0,250402947,10.7,-41.1,0,0,False,False,False,False,False,False,False,False,False,False,False
SGI,Somnigroup International Inc. Common Stock,64.37,5.0,13541226656.0,207176076,6.6,-34.7,0,0,False,False,False,False,False,False,False,False,False,False,False
LEN,Lennar Corporation Class A Common Stock,86.33,4.9,20796477609.0,211343001,8.1,-40.1,0,1,False,False,False,False,False,False,False,True,False,False,False
VST,Vistra Corp. Common Stock,137.09,4.9,46012228883.0,661635945,3.3,-37.6,0,0,False,False,False,False,False,False,False,False,False,False,False
ASTS,"AST SpaceMobile, Inc. - Class A Common Stock",58.05,4.8,22591173027.0,1046132551,60.9,-56.6,0,2,False,False,False,False,True,False,False,False,True,False,False
DFH,"Dream Finders Homes, Inc. Class A Common Stock",14.76,4.8,1336298342.0,9998494,21.0,-53.1,0,0,False,False,False,False,False,False,False,False,False,False,False
FLNC,"Fluence Energy, Inc. - Class A Common Stock",10.88,4.7,2008408495.0,124293457,64.8,-67.5,0,1,False,False,False,False,False,False,False,False,True,False,False
HWKN,"Hawkins, Inc. - Common Stock",120.35,4.7,2512320331.0,24103107,3.7,-35.3,0,1,False,False,False,False,True,False,False,False,False,False,False
KNF,Knife Riv Holding Co. Common Stock,64.24,4.7,3646482101.0,51229914,9.4,-33.3,2,2,False,False,False,False,True,True,False,False,False,False,False
FISV,"Fiserv, Inc. - Common Stock",53.18,4.6,28279354223.0,391110424,13.1,-61.7,0,1,False,False,False,False,False,False,False,True,False,False,False
CSV,"Carriage Services, Inc. Common Stock",34.09,4.6,541427471.0,5952895,2.3,-34.6,0,0,False,False,False,False,False,False,False,False,False,False,False
CLBT,Cellebrite DI Ltd. - Ordinary Shares,11.99,4.5,2990783406.0,38008435,25.2,-40.0,0,0,False,False,False,False,False,False,False,False,False,False,False
NAMS,NewAmsterdam Pharma Company N.V. - Ordinary Shares,25.9,4.5,3096012677.0,32858072,12.4,-38.6,0,0,False,False,False,False,False,False,False,False,False,False,False
QDEL,QuidelOrtho Corporation - Common Stock,14.74,4.5,1010801794.0,24526271,48.6,-58.6,0,1,False,False,False,False,False,False,False,False,True,False,False
CELH,"Celsius Holdings, Inc. - Common Stock",32.98,4.4,8345095850.0,295844571,40.0,-50.6,0,2,False,False,False,False,False,False,False,True,True,False,False
ETOR,eToro Group Ltd. - Class A Common Shares,31.03,4.4,2499352713.0,35661972,25.4,-34.9,0,0,False,False,False,False,False,False,False,False,False,False,False
KRUS,"Kura Sushi USA, Inc. - Class A Common Stock",47.46,4.3,576631217.0,13584971,11.4,-46.1,0,1,False,False,False,False,True,False,False,False,False,False,False
ACM,AECOM Common Stock,69.17,4.3,8901931717.0,142180575,14.6,-49.0,0,1,False,False,False,False,False,False,False,True,False,False,False
BIRK,Birkenstock Holding plc Ordinary Shares,35.65,4.3,5886749173.0,91172057,14.6,-32.6,0,0,False,False,False,False,False,False,False,False,False,False,False
HDB,HDFC Bank Limited Common Stock,23.08,4.2,118426313670.0,215779929,2.8,-38.4,0,0,False,False,False,False,False,False,False,False,False,False,False
ONT,"Onterris, Inc. Common Stock",17.04,4.2,598400905.0,13578354,34.4,-45.4,0,1,False,False,False,False,False,False,False,False,True,False,False
METC,"Ramaco Resources, Inc. - Class A Common Stock",13.3,4.1,843063579.0,21870284,55.4,-77.0,0,2,False,False,False,False,False,False,False,True,True,False,False
CTRI,"Centuri Holdings, Inc. Common Stock",20.32,4.1,2051569237.0,47221747,6.7,-52.7,5,2,False,False,False,False,True,True,False,False,False,False,False
CSIQ,Canadian Solar Inc. - Common Shares,13.14,4.0,891111753.0,32759450,39.6,-62.0,0,1,False,False,False,False,False,False,False,False,True,False,False
ISRG,"Intuitive Surgical, Inc. - Common Stock",372.6,4.0,131631396959.0,1225015170,13.4,-38.3,0,0,False,False,False,False,False,False,False,False,False,False,False
ODD,ODDITY Tech Ltd. - Class A Ordinary Shares,14.35,4.0,813023430.0,15458549,55.1,-77.7,0,1,False,False,False,False,False,False,False,False,True,False,False
OLED,Universal Display Corporation - Common Stock,82.98,3.9,3814327968.0,64565406,8.6,-45.9,0,0,False,False,False,False,False,False,False,False,False,False,False
AMTM,"Amentum Holdings, Inc. Common Stock",20.31,3.9,4965925248.0,47590049,2.6,-46.7,0,0,False,False,False,False,False,False,False,False,False,False,False
UPST,"Upstart Holdings, Inc. - Common stock",29.08,3.8,2829863378.0,130488081,21.3,-62.2,0,0,False,False,False,False,False,False,False,False,False,False,False
CALX,"Calix, Inc Common Stock",37.49,3.8,2360519948.0,45754610,9.4,-47.4,0,0,False,False,False,False,False,False,False,False,False,False,False
FLUT,Flutter Entertainment plc Ordinary Shares,101.78,3.8,17829933783.0,293846668,13.5,-67.1,0,0,False,False,False,False,False,False,False,False,False,False,False
LIF,"Life360, Inc. - Common Stock",43.49,3.7,3543581248.0,43541790,17.5,-61.4,0,0,False,False,False,False,False,False,False,False,False,False,False
KEP,Korea Electric Power Corporation Common Stock,11.68,3.7,14996280839.0,13342452,4.7,-50.1,0,0,False,False,False,False,False,False,False,False,False,False,False
QBTS,D-Wave Quantum Inc. - Common Stock,16.99,3.6,6273792591.0,401414790,33.3,-63.7,0,1,False,False,False,False,False,False,False,False,True,False,False
IONQ,"IonQ, Inc. Common Stock",39.2,3.6,14935290709.0,889641613,51.4,-53.7,0,1,False,False,False,False,False,False,False,False,True,False,False
AMSF,"AMERISAFE, Inc. - Common Stock",26.25,3.5,486571523.0,9520362,2.3,-45.2,0,0,False,False,False,False,False,False,False,False,False,False,False
CRUS,"Cirrus Logic, Inc. - Common Stock",108.48,3.5,5436753017.0,95997315,0.3,-39.9,0,1,False,False,True,False,True,False,False,False,False,False,False
TLN,Talen Energy Corporation - Common Stock,296.105,3.5,14187651661.0,308760580,0.5,-34.4,0,0,False,False,True,False,False,False,False,False,False,False,False
BXMT,"Blackstone Mortgage Trust, Inc. Common Stock",13.73,3.4,2314103504.0,33800319,0.9,-33.6,0,0,False,False,True,False,False,False,False,False,False,False,False
DY,"Dycom Industries, Inc. Common Stock",294.34,3.4,8839458465.0,259250130,21.4,-48.0,5,3,False,False,False,False,True,True,True,False,False,False,False
IPGP,IPG Photonics Corporation - Common Stock,76.53,3.3,3255168270.0,43934203,10.3,-50.9,0,1,False,False,False,False,True,False,False,False,False,False,False
ZG,"Zillow Group, Inc. - Class A Common Stock",36.61,3.3,8232672066.0,42776604,26.1,-59.4,0,1,False,False,False,False,False,False,False,True,False,False,False
SITE,"SiteOne Landscape Supply, Inc. Common Stock",96.39,3.3,4207943042.0,84816742,7.0,-42.8,0,0,False,False,False,False,False,False,False,False,False,False,False
VEEE,Twin Vee PowerCats Co. - Common Stock,10.36,3.2,5951841.0,77500638,149.0,-91.9,0,1,False,False,False,False,False,False,False,False,True,False,False
AAP,Advance Auto Parts Inc.,42.9,3.2,2591160000.0,105371229,13.2,-34.2,1,3,False,False,False,False,True,True,True,False,False,False,False
SYM,Symbotic Inc. - Class A Common Stock,39.875,3.1,24116468107.0,74808391,4.4,-54.6,0,0,False,False,False,False,False,False,False,False,False,False,False
ORCL,Oracle Corporation Common Stock,150.85,3.1,434519050350.0,4580761458,31.7,-56.4,0,2,False,False,False,False,False,False,False,True,True,False,False
PFSI,"PennyMac Financial Services, Inc. Common Stock",73.38,3.1,3812206353.0,46559327,2.4,-54.2,0,0,False,False,False,False,False,False,False,False,False,False,False
MLTX,MoonLake Immunotherapeutics - Class A Ordinary Shares,14.99,3.0,1275749208.0,25394827,151.9,-76.1,1,4,False,False,False,False,True,True,True,False,True,False,False
WD,"Walker & Dunlop, Inc Common Stock",41.35,3.0,1419369556.0,17702418,6.0,-54.1,0,0,False,False,False,False,False,False,False,False,False,False,False
MNRO,"Monro, Inc.  - Common Stock",12.96,2.9,405182218.0,16359344,17.2,-45.8,0,0,False,False,False,False,False,False,False,False,False,False,False
LII,"Lennox International, Inc. Common Stock",393.39,2.9,13595823938.0,250647199,1.5,-33.0,0,1,False,False,False,False,True,False,False,False,False,False,False
LULU,lululemon athletica inc. - Common Stock,120.81,2.8,13100389585.0,347045641,15.7,-46.5,0,1,False,False,False,False,False,False,False,True,False,False,False
SHOE,"Shoe Station Group, Inc. - Common Stock",13.69,2.8,371701407.0,10085529,1.0,-48.5,0,0,False,False,False,False,False,False,False,False,False,False,False
JBGS,JBG SMITH Properties Common Shares ,12.08,2.8,901390852.0,9751524,12.2,-50.3,0,0,False,False,False,False,False,False,False,False,False,False,False
Z,"Zillow Group, Inc. - Class C Capital Stock",35.66,2.7,8019040860.0,125775573,22.0,-62.0,0,1,False,False,False,False,False,False,False,True,False,False,False
BRBR,"BellRing Brands, Inc. Common Stock ",10.69,2.7,1243013894.0,59259518,36.7,-75.2,0,1,False,False,False,False,False,False,False,False,True,False,False
RGTI,"Rigetti Computing, Inc.  - Common stock",15.59,2.6,5203454766.0,386566758,24.4,-73.2,0,0,False,False,False,False,False,False,False,False,False,False,False
ACI,"Albertsons Companies, Inc. Class A Common Stock",12.53,2.6,6081130808.0,108988777,15.4,-37.4,0,0,False,False,False,False,False,False,False,False,False,False,False
NRG,"NRG Energy, Inc. Common Stock",111.12,2.6,23358588871.0,376660162,0.4,-41.5,0,0,False,False,True,False,False,False,False,False,False,False,False
SMMT,Summit Therapeutics Inc.  - Common Stock,13.73,2.5,10953102035.0,67487409,13.8,-53.0,0,0,False,False,False,False,False,False,False,False,False,False,False
ZTS,Zoetis Inc. Class A Common Stock,77.34,2.5,31958713379.0,491012341,8.9,-50.6,0,1,False,False,False,False,False,False,False,True,False,False,False
FLY,Firefly Aerospace Inc. - Common Stock,21.26,2.4,3559022753.0,99829735,32.9,-65.8,0,2,False,False,False,False,True,False,False,False,True,False,False
MSTR,Strategy Inc - Class A Common Stock,127.31,2.4,48915780360.0,2432297507,55.6,-65.1,0,2,False,False,False,False,False,False,False,True,True,False,False
GPI,"Group 1 Automotive, Inc. Common Stock",263.95,2.4,3146871289.0,62260556,5.8,-46.0,0,0,False,False,False,False,False,False,False,False,False,False,False
KTOS,"Kratos Defense & Security Solutions, Inc. - Common Stock",52.0,2.3,9761509004.0,234029999,20.7,-61.2,0,0,False,False,False,False,False,False,False,False,False,False,False
OLN,Olin Corporation Common Stock,17.15,2.3,1954799704.0,66760658,0.9,-43.7,0,1,False,False,True,False,True,False,False,False,False,False,False
ALMU,"Aeluma, Inc. - Common Stock",13.14,2.2,240532102.0,9402607,28.3,-58.7,0,1,False,False,False,False,True,False,False,False,False,False,False
SRAD,Sportradar Group AG - Class A Ordinary Shares,12.94,2.2,4034140290.0,32737000,12.0,-59.2,0,0,False,False,False,False,False,False,False,False,False,False,False
PRCT,PROCEPT BioRobotics Corporation - Common Stock,20.83,2.1,1193010317.0,31309693,25.0,-50.9,0,1,False,False,False,False,False,False,False,True,False,False,False
KRMN,Karman Holdings Inc. Common Stock,45.57,2.1,6039561074.0,163449907,4.3,-61.5,0,0,False,False,False,False,False,False,False,False,False,False,False
PLNT,"Planet Fitness, Inc. Common Stock",53.33,2.1,4011320743.0,101483543,44.0,-53.3,0,2,False,False,False,False,False,False,False,True,True,False,False
ESAB,ESAB Corporation Common Stock,76.43,2.0,4751485718.0,65004074,0.8,-44.4,0,0,False,False,True,False,False,False,False,False,False,False,False
FMC,FMC Corporation Common Stock,11.33,2.0,1418820086.0,45316309,13.9,-71.7,0,1,False,False,False,False,False,False,False,True,False,False,False
OLLI,"Ollie's Bargain Outlet Holdings, Inc. - Common Stock",72.42,1.9,4378027407.0,132541410,20.1,-48.3,0,1,False,False,False,False,False,False,False,True,False,False,False
SEDG,"SolarEdge Technologies, Inc. - Common Stock",31.41,1.9,1932523745.0,127405968,11.3,-61.3,0,1,False,False,False,False,True,False,False,False,False,False,False
PSN,Parsons Corporation Common Stock,49.0,1.9,5233464306.0,71238017,35.1,-45.3,0,1,False,False,False,False,False,False,False,False,True,False,False
CSGP,"CoStar Group, Inc. - Common Stock",32.22,1.8,13055466285.0,208898338,24.4,-64.9,0,1,False,False,False,False,False,False,False,True,False,False,False
QXO,"QXO, Inc. Common Stock",13.52,1.8,14026874386.0,352842003,2.8,-51.0,0,0,False,False,False,False,False,False,False,False,False,False,False
AAON,"AAON, Inc. - Common Stock",75.87,1.7,6255757591.0,112168921,3.7,-49.6,0,1,False,False,False,False,True,False,False,False,False,False,False
NKE,"Nike, Inc. Common Stock",39.6,1.7,58746548639.0,1093677039,3.7,-50.0,0,0,False,False,False,False,False,False,False,False,False,False,False
PNR,Pentair plc. Ordinary Share,61.67,1.7,9844872377.0,209150813,7.1,-45.9,0,0,False,False,False,False,False,False,False,False,False,False,False
IIIV,"i3 Verticals, Inc. - Common Stock",16.28,1.6,428522307.0,8483358,4.6,-52.1,0,0,False,False,False,False,False,False,False,False,False,False,False
BLDR,"Builders FirstSource, Inc. Common Stock",67.72,1.6,7286432068.0,163528262,4.0,-55.2,0,0,False,False,False,False,False,False,False,False,False,False,False
AMRC,"Ameresco, Inc. Class A Common Stock",21.99,1.5,1166925980.0,16361449,19.6,-51.1,0,0,False,False,False,False,False,False,False,False,False,False,False
MIR,"Mirion Technologies, Inc. Class A Common Stock",14.4,1.5,3586142117.0,66476160,2.1,-52.4,0,0,False,False,False,False,False,False,False,False,False,False,False
AMSC,American Superconductor Corporation - Common Stock,28.49,1.4,1380116654.0,26699995,14.6,-59.6,0,1,False,False,False,False,True,False,False,False,False,False,False
PODD,Insulet Corporation - Common Stock,145.13,1.4,10065374901.0,241760127,14.8,-59.1,0,0,False,False,False,False,False,False,False,False,False,False,False
WHR,Whirlpool Corporation Common Stock,41.15,1.4,2682954405.0,93402021,16.1,-57.4,0,1,False,False,False,False,False,False,False,True,False,False,False
SMPL,The Simply Good Foods Company - Common Stock,10.93,1.3,966873757.0,27976397,10.7,-62.7,0,0,False,False,False,False,False,False,False,False,False,False,False
BSX,Boston Scientific Corporation Common Stock,46.84,1.3,67881910998.0,950224023,11.0,-57.2,0,1,False,False,False,False,False,False,False,True,False,False,False
ONON,On Holding AG Class A Ordinary Shares,28.85,1.2,17408986370.0,220515229,1.1,-43.5,0,0,False,False,False,False,False,False,False,False,False,False,False
ROL,"Rollins, Inc. Common Stock",36.38,1.2,17504069798.0,215532931,1.6,-45.0,0,0,False,False,False,False,False,False,False,False,False,False,False
UTI,Universal Technical Institute Inc Common Stock,21.31,1.2,1174079373.0,44678236,2.2,-58.5,0,2,False,False,True,False,True,False,True,False,False,False,False
ALNY,"Alnylam Pharmaceuticals, Inc. - Common Stock",237.1,1.1,31726141878.0,476455823,19.9,-52.2,0,0,False,False,False,False,False,False,False,False,False,False,False
BBW,"Build-A-Bear Workshop, Inc. Common Stock",29.85,1.1,374242674.0,17035229,8.5,-60.6,0,0,False,False,False,False,False,False,False,False,False,False,False
COLL,"Collegium Pharmaceutical, Inc. - Common Stock",25.35,1.0,825284790.0,18865237,0.8,-50.1,0,0,False,False,True,False,False,False,False,False,False,False,False
FUBO,FuboTV Inc. Class A Common Stock,10.3,1.0,1124726989.0,14648571,29.6,-81.8,0,1,False,False,False,False,False,False,False,True,False,False,False
PSIX,"Power Solutions International, Inc. - Common Stock",36.28,0.9,836814526.0,16078348,43.5,-69.7,0,2,False,False,False,False,False,False,False,True,True,False,False
PZZA,"Papa John's International, Inc. - Common Stock",23.72,0.9,780902416.0,35944788,4.2,-57.4,0,0,False,False,False,False,False,False,False,False,False,False,False
CPRI,Capri Holdings Limited Ordinary Shares,13.5,0.9,1534296843.0,59235974,3.4,-52.2,0,0,False,False,False,False,False,False,False,False,False,False,False
TREE,"LendingTree, Inc. - Common Stock",28.96,0.8,406585687.0,14171266,4.5,-62.6,0,0,False,False,False,False,False,False,False,False,False,False,False
VITL,"Vital Farms, Inc. - Common Stock",10.79,0.8,463231122.0,21720950,35.7,-79.6,0,1,False,False,False,False,False,False,False,False,True,False,False
AVAV,"AeroVironment, Inc. - Common Stock",147.94,0.7,7518697663.0,276053118,9.4,-64.6,0,0,False,False,False,False,False,False,False,False,False,False,False
APTV,Aptiv PLC Ordinary Shares,45.75,0.7,9499224893.0,187055527,1.9,-48.6,0,0,False,False,True,False,False,False,False,False,False,False,False
DKS,Dick's Sporting Goods Inc Common Stock,135.09,0.7,12090897723.0,435009008,12.2,-44.7,0,0,False,False,False,False,False,False,False,False,False,False,False
IESC,"IES Holdings, Inc. - Common Stock",309.8,0.6,6172565489.0,173011618,0.9,-62.1,5,3,False,False,False,False,True,True,True,False,False,False,False
NNE,Nano Nuclear Energy Inc. - common stock,17.97,0.6,964955684.0,43168896,22.2,-70.5,0,0,False,False,False,False,False,False,False,False,False,False,False
APP,Applovin Corporation - Class A Common Stock,317.76,0.5,106338701760.0,2533846568,6.8,-57.4,0,0,False,False,False,False,False,False,False,False,False,False,False
MNST,Monster Beverage Corporation - Common Stock,46.86,0.5,137701886213.0,542168982,4.0,-53.3,0,1,False,False,False,False,True,False,False,False,False,False,False
RBLX,Roblox Corporation Class A Common Stock,38.53,0.5,27524905007.0,533334248,13.7,-72.9,0,0,False,False,False,False,False,False,False,False,False,False,False
CCB,Coastal Financial Corporation - Common Stock,48.48,0.4,741081133.0,13509098,32.4,-59.6,0,1,False,False,False,False,False,False,False,False,True,False,False
PRIM,Primoris Services Corporation Common Stock,73.12,0.4,3936219750.0,150314094,12.5,-64.4,0,0,False,False,False,False,False,False,False,False,False,False,False
ALIT,"Alight, Inc. Class A Common Stock",14.02,0.3,377686084.0,13231191,46.3,-83.1,0,1,False,False,False,False,False,False,False,False,True,False,False
OKLO,Oklo Inc. Class A common stock,40.14,0.3,7466748471.0,447805570,9.6,-79.3,0,0,False,False,False,False,False,False,False,False,False,False,False
LMB,"Limbach Holdings, Inc. - Common Stock",41.34,0.2,492979211.0,18196593,0.4,-67.8,0,1,False,False,False,False,True,False,False,False,False,False,False
TTD,"The Trade Desk, Inc. - Class A Common Stock",13.57,0.2,6376274233.0,361167125,5.8,-75.9,0,0,False,False,False,False,False,False,False,False,False,False,False
WING,Wingstop Inc. - Common Stock,113.58,0.2,3094208375.0,168734437,7.7,-66.8,0,0,False,False,False,False,False,False,False,False,False,False,False
BETR,Better Home & Finance Holding Company - Class A Common Stock,13.85,0.1,263130319.0,10187957,24.7,-85.3,0,0,False,False,False,False,False,False,False,False,False,False,False
WLFC,Willis Lease Finance Corporation - Common Stock,53.42,0.1,1129518410.0,23067167,2.5,-78.2,0,1,False,False,True,False,True,False,False,False,False,False,False
CABO,"Cable One, Inc. Common Stock",25.5,0.0,144685088.0,10180024,16.0,-85.9,0,0,False,False,False,False,False,False,False,False,False,False,False
