ticker,name,close,rs,mcap,dvol_50d,vs_52w_low,from_52w_high,sma200_up_months,n_pass,pass_all,new_52w_high,new_52w_low,1_price_gt_150_200,2_150_gt_200,3_200ma_rising_1m,4_50_gt_150_gt_200,5_price_gt_50,6_ge_30pct_above_52wlow,7_within_25pct_of_52whigh,8_rs_ge_70
043260.KQ,성호전자,16490.0,99.0,1210900000000.0,44470958617,1515.1,-72.3,5,4,False,False,False,False,True,True,False,False,True,False,True
010170.KQ,대한광통신,13310.0,98.9,2069500000000.0,126015454586,1342.0,-57.7,5,6,False,False,False,True,True,True,False,True,True,False,True
002990.KS,금호건설,16500.0,98.8,614800000000.0,151222596854,415.6,-14.9,5,8,True,False,False,True,True,True,True,True,True,True,True
002990.KS,금호건설,16500.0,98.8,614800000000.0,151222596854,415.6,-14.9,5,8,True,False,False,True,True,True,True,True,True,True,True
009150.KS,삼성전기,1430000.0,98.6,106812000000000.0,1373638208360,829.8,-40.8,5,6,False,False,False,True,True,True,True,False,True,False,True
079650.KQ,서산,5230.0,98.5,104600000000.0,36942389978,449.4,-49.2,3,7,False,False,False,True,True,True,True,True,True,False,True
079650.KQ,서산,5230.0,98.5,104600000000.0,36942389978,449.4,-49.2,3,7,False,False,False,True,True,True,True,True,True,False,True
327260.KQ,RF머트리얼즈,34950.0,98.2,628700000000.0,12665622424,1111.8,-44.8,5,6,False,False,False,True,True,True,False,True,True,False,True
001210.KS,금호전기,13070.0,98.1,161800000000.0,50037903396,462.2,-8.9,2,8,True,True,False,True,True,True,True,True,True,True,True
036930.KQ,주성엔지니어링,173000.0,98.0,8041200000000.0,318621173858,560.3,-38.9,5,7,False,False,False,True,True,True,True,True,True,False,True
159010.KQ,아스플로,21400.0,97.9,285400000000.0,3201525109,525.7,-12.3,5,8,True,False,False,True,True,True,True,True,True,True,True
000500.KS,가온전선,208500.0,97.8,6208600000000.0,46697044518,613.5,-40.9,5,7,False,False,False,True,True,True,True,True,True,False,True
131290.KQ,티에스이,223000.0,97.7,2466700000000.0,31092904104,516.9,-24.1,5,7,False,False,False,True,True,True,True,False,True,True,True
126640.KQ,화신정공,4650.0,97.6,163000000000.0,11327439761,278.0,-41.0,5,7,False,False,False,True,True,True,True,True,True,False,True
319660.KQ,피에스케이,125700.0,97.5,3641100000000.0,83775417552,539.7,-42.7,5,6,False,False,False,True,True,True,True,False,True,False,True
402340.KS,SK스퀘어,1067000.0,97.4,140762900000000.0,1285707847900,715.1,-51.3,5,6,False,False,False,True,True,True,True,False,True,False,True
317400.KS,자이에스앤디,10830.0,97.2,420000000000.0,10388072406,255.1,-9.1,5,8,True,True,False,True,True,True,True,True,True,True,True
032580.KQ,피델릭스,4710.0,97.1,156100000000.0,6130737096,454.1,-51.9,4,7,False,False,False,True,True,True,True,True,True,False,True
457600.KQ,벡트,5470.0,97.0,75000000000.0,1109394336,290.4,-4.0,1,8,True,True,False,True,True,True,True,True,True,True,True
017900.KS,광전자,7310.0,96.9,423600000000.0,20232075753,315.3,-67.4,5,7,False,False,False,True,True,True,True,True,True,False,True
046970.KQ,우리로,5140.0,96.8,225300000000.0,6058565946,326.2,-68.3,5,5,False,False,False,False,True,True,False,True,True,False,True
046970.KQ,우리로,5140.0,96.8,225300000000.0,6058565946,326.2,-68.3,5,5,False,False,False,False,True,True,False,True,True,False,True
080220.KQ,제주반도체,77400.0,96.6,2665900000000.0,201063924254,478.5,-43.9,5,6,False,False,False,True,True,True,True,False,True,False,True
095610.KQ,테스,135500.0,96.5,2623300000000.0,80696069562,385.7,-42.7,5,6,False,False,False,True,True,True,True,False,True,False,True
134580.KQ,탑코미디어,4240.0,96.4,209000000000.0,1040779420,398.8,0.0,0,5,False,True,False,True,False,False,False,True,True,True,True
000660.KS,SK하이닉스,1693000.0,96.3,1236723600000000.0,10915129918300,591.0,-43.3,5,6,False,False,False,True,True,True,True,False,True,False,True
222800.KQ,심텍,125600.0,96.2,4769600000000.0,96537660406,452.1,-23.5,5,8,True,False,False,True,True,True,True,True,True,True,True
047040.KS,대우건설,16820.0,96.0,6911500000000.0,108393408787,406.6,-58.3,5,4,False,False,False,False,True,True,False,False,True,False,True
024840.KQ,KBI메탈,6160.0,95.9,266700000000.0,28266214546,280.2,-47.6,5,7,False,False,False,True,True,True,True,True,True,False,True
001820.KS,삼화콘덴서공업,112500.0,95.8,1169400000000.0,77535984786,350.9,-42.8,5,7,False,False,False,True,True,True,True,True,True,False,True
219130.KQ,타이거일렉,62800.0,95.7,396500000000.0,4560597990,321.5,-28.6,5,6,False,False,False,True,True,True,True,False,True,False,True
006340.KS,대원전선,13280.0,95.6,1041300000000.0,159140576545,380.3,-34.6,5,7,False,False,False,True,True,True,True,True,True,False,True
226340.KQ,본느,6680.0,95.5,56000000000.0,9598630483,447.5,-31.0,1,5,False,False,False,True,False,True,False,True,True,False,True
417840.KQ,저스템,14110.0,95.4,322700000000.0,11319767898,376.2,-36.6,5,7,False,False,False,True,True,True,True,True,True,False,True
420770.KQ,기가비스,104800.0,95.3,1328400000000.0,20563987894,350.8,-49.1,5,5,False,False,False,False,True,True,True,False,True,False,True
069540.KQ,빛과전자,2840.0,95.2,320000000000.0,28797175377,379.7,-64.9,5,5,False,False,False,False,True,True,False,True,True,False,True
031980.KQ,피에스케이홀딩스,123200.0,95.1,2656500000000.0,27012321956,307.9,-28.8,5,7,False,False,False,True,True,True,True,True,True,False,True
089970.KQ,브이엠,54100.0,94.9,1424300000000.0,57644106250,415.2,-55.7,5,5,False,False,False,False,True,True,True,False,True,False,True
003010.KS,혜인,10770.0,94.8,136900000000.0,5558443548,174.4,-19.0,1,8,True,False,False,True,True,True,True,True,True,True,True
078930.KS,GS,124700.0,94.7,11584100000000.0,47735106766,191.4,-6.4,5,8,True,False,False,True,True,True,True,True,True,True,True
085620.KS,미래에셋생명,22450.0,94.6,3034800000000.0,9451567925,230.1,-39.8,5,7,False,False,False,True,True,True,True,True,True,False,True
353200.KS,대덕전자,111500.0,94.5,5510000000000.0,117078775744,424.7,-43.7,5,6,False,False,False,True,True,True,True,False,True,False,True
440110.KQ,파두,63100.0,94.4,3162000000000.0,50654976960,464.4,-51.2,5,5,False,False,False,False,True,True,True,False,True,False,True
020120.KS,키다리스튜디오,7340.0,94.3,272000000000.0,2224737536,162.1,0.0,1,8,True,True,False,True,True,True,True,True,True,True,True
025560.KS,미래산업,6500.0,94.2,180600000000.0,7257162536,218.0,-51.5,5,6,False,False,False,True,True,True,True,False,True,False,True
198440.KQ,강동씨앤엘,2135.0,94.1,130100000000.0,10946750817,134.6,-27.1,3,7,False,False,False,True,True,True,True,True,True,False,True
198440.KQ,강동씨앤엘,2135.0,94.1,130100000000.0,10946750817,134.6,-27.1,3,7,False,False,False,True,True,True,True,True,True,False,True
006110.KS,삼아알미늄,70900.0,93.9,1072300000000.0,8490212866,273.2,-32.2,5,6,False,False,False,True,True,True,False,True,True,False,True
161890.KS,한국콜마,155000.0,93.7,3658800000000.0,51363705796,155.8,-6.6,3,8,True,False,False,True,True,True,True,True,True,True,True
065170.KQ,비엘팜텍,2320.0,93.6,64800000000.0,7434600622,517.0,-71.5,5,4,False,False,False,False,True,True,False,False,True,False,True
067290.KQ,JW신약,2990.0,93.5,167600000000.0,30606401167,140.0,-13.7,5,8,True,False,False,True,True,True,True,True,True,True,True
241710.KQ,코스메카코리아,141200.0,93.4,1508000000000.0,14956786732,148.6,-9.2,5,8,True,False,False,True,True,True,True,True,True,True,True
222040.KQ,코스맥스엔비티,8620.0,93.3,177800000000.0,3034236826,201.4,-23.0,4,8,True,False,False,True,True,True,True,True,True,True,True
085910.KQ,네오티스,14900.0,93.2,205500000000.0,3741525663,382.2,-59.0,5,4,False,False,False,False,True,True,False,False,True,False,True
064290.KQ,인텍플러스,31900.0,93.1,413300000000.0,12752631927,243.8,-41.0,5,6,False,False,False,True,True,True,True,False,True,False,True
319400.KQ,현대무벡스,22850.0,93.0,2544900000000.0,39506397589,430.2,-54.7,5,4,False,False,False,False,True,True,False,False,True,False,True
475150.KS,SK이터닉스,51800.0,92.9,1764700000000.0,315190150300,201.0,-40.9,5,6,False,False,False,True,True,True,True,False,True,False,True
092190.KQ,서울바이오시스,8260.0,92.8,378900000000.0,1545402534,286.9,-57.1,5,7,False,False,False,True,True,True,True,True,True,False,True
005930.KS,삼성전자,261000.0,92.6,1525878700000000.0,7890012976010,286.7,-30.3,5,6,False,False,False,True,True,True,True,False,True,False,True
007810.KS,코리아써키트,59400.0,92.5,1424600000000.0,24103070135,427.5,-59.9,5,4,False,False,False,False,True,True,False,False,True,False,True
041830.KQ,인바디,61100.0,92.4,823700000000.0,7985395875,135.0,-16.9,5,8,True,False,False,True,True,True,True,True,True,True,True
091590.KQ,남화토건,6640.0,92.3,78000000000.0,13361851174,107.5,-45.5,3,7,False,False,False,True,True,True,True,True,True,False,True
091590.KQ,남화토건,6640.0,92.3,78000000000.0,13361851174,107.5,-45.5,3,7,False,False,False,True,True,True,True,True,True,False,True
052460.KQ,아이크래프트,5230.0,92.1,76400000000.0,3362230126,132.4,-39.3,2,7,False,False,False,True,True,True,True,True,True,False,True
181710.KS,NHN,70400.0,92.0,2305800000000.0,12145210283,185.6,-10.0,5,8,True,False,False,True,True,True,True,True,True,True,True
034730.KS,SK,586000.0,91.9,42486600000000.0,167806655280,231.3,-33.6,5,6,False,False,False,True,True,True,True,False,True,False,True
080580.KQ,오킨스전자,19290.0,91.8,406800000000.0,4685041785,232.6,-29.9,5,6,False,False,False,True,True,True,False,True,True,False,True
098120.KQ,마이크로컨텍솔,40750.0,91.7,338700000000.0,4490228981,162.9,-6.8,5,7,False,False,False,True,True,True,False,True,True,True,True
010120.KS,엘에스일렉트릭,204500.0,91.6,30675000000000.0,179809086126,304.2,-39.0,5,7,False,False,False,True,True,True,True,True,True,False,True
189330.KQ,씨이랩,11550.0,91.4,108400000000.0,8178354403,239.7,-39.5,4,7,False,False,False,True,True,True,True,True,True,False,True
011070.KS,LG이노텍,590000.0,91.3,13963600000000.0,211361520740,274.4,-67.0,5,6,False,False,False,True,True,True,True,False,True,False,True
019210.KQ,와이지-원,13720.0,91.2,510300000000.0,18156208101,180.0,-51.9,5,5,False,False,False,False,True,True,True,False,True,False,True
322000.KS,HD현대에너지솔루션,133900.0,91.1,1499700000000.0,53190131078,224.2,-47.7,5,5,False,False,False,False,True,True,False,True,True,False,True
010950.KS,S-Oil,151700.0,91.0,17078800000000.0,56345169188,162.5,-14.3,5,8,True,False,False,True,True,True,True,True,True,True,True
001450.KS,현대해상,53400.0,90.9,4552300000000.0,22636798882,104.6,-0.6,5,8,True,True,False,True,True,True,True,True,True,True,True
170920.KQ,엘티씨,34350.0,90.8,362900000000.0,14346544024,222.2,-43.4,5,5,False,False,False,False,True,True,True,False,True,False,True
010060.KS,OCI홀딩스,263500.0,90.7,4919600000000.0,71070068370,215.9,-36.4,5,7,False,False,False,True,True,True,True,True,True,False,True
417310.KS,코람코더원리츠,2370.0,90.6,95700000000.0,1634595465,3.9,-78.6,5,6,False,False,False,True,True,True,True,True,False,False,True
089860.KS,롯데렌탈,51400.0,90.5,1866300000000.0,5268450577,92.9,-3.2,3,8,True,True,False,True,True,True,True,True,True,True,True
119850.KQ,지엔씨에너지,43750.0,90.3,719600000000.0,34535752433,138.4,-24.6,1,8,True,False,False,True,True,True,True,True,True,True,True
252990.KQ,샘씨엔에스,12890.0,90.2,776200000000.0,9271896240,202.9,-24.0,5,7,False,False,False,True,True,True,True,False,True,True,True
192820.KS,코스맥스,287000.0,90.1,3257300000000.0,27777961004,103.5,-6.4,1,8,True,True,False,True,True,True,True,True,True,True,True
121440.KQ,골프존홀딩스,7760.0,90.0,332400000000.0,2607617092,89.7,-7.1,2,8,True,False,False,True,True,True,True,True,True,True,True
037460.KQ,삼지전자,30800.0,89.9,502600000000.0,3264540393,182.6,-52.2,5,5,False,False,False,False,True,True,True,False,True,False,True
031330.KQ,에스에이엠티,8100.0,89.8,810000000000.0,11583919550,183.2,-59.4,5,5,False,False,False,False,True,True,True,False,True,False,True
007340.KS,DN오토모티브,46200.0,89.7,2703200000000.0,10798296362,114.4,-31.6,5,7,False,False,False,True,True,True,True,True,True,False,True
123330.KQ,제닉,35150.0,89.6,280100000000.0,8711252925,125.8,-9.6,1,8,True,False,False,True,True,True,True,True,True,True,True
032820.KQ,우리기술,10750.0,89.5,1857400000000.0,34333951807,240.7,-64.4,5,4,False,False,False,False,True,True,False,False,True,False,True
079940.KQ,가비아,44800.0,89.4,601200000000.0,1210364179,101.3,-6.5,5,8,True,False,False,True,True,True,True,True,True,True,True
228340.KQ,동양파일,2990.0,89.3,59800000000.0,6464859271,92.9,-59.0,5,6,False,False,False,True,True,True,True,False,True,False,True
413630.KQ,씨피시스템,4380.0,89.1,159600000000.0,24506064919,198.6,-29.2,5,5,False,False,False,True,False,True,False,True,True,False,True
356860.KQ,티엘비,41200.0,89.0,976500000000.0,17807165750,258.2,-36.3,5,6,False,False,False,True,True,True,False,True,True,False,True
058610.KQ,에스피지,90300.0,88.9,2002600000000.0,51222289050,301.3,-45.5,5,5,False,False,False,False,True,True,False,True,True,False,True
005090.KS,SGC에너지,52000.0,88.8,749300000000.0,7842556282,158.1,-26.4,5,6,False,False,False,True,True,True,False,True,True,False,True
240810.KQ,원익IPS,110000.0,88.7,5399200000000.0,193271212956,196.1,-41.4,5,4,False,False,False,False,True,True,False,False,True,False,True
446540.KQ,메가터치,7260.0,88.6,211100000000.0,1702934689,123.7,-33.9,5,7,False,False,False,True,True,True,True,True,True,False,True
092870.KQ,엑시콘,27800.0,88.5,362800000000.0,5564510419,197.3,-33.3,5,6,False,False,False,True,True,True,False,True,True,False,True
066570.KS,LG전자,206500.0,88.4,33635700000000.0,265455858086,186.8,-52.9,5,7,False,False,False,True,True,True,True,True,True,False,True
011560.KQ,세보엠이씨,25100.0,88.3,253100000000.0,1296031350,113.1,-14.3,5,8,True,False,False,True,True,True,True,True,True,True,True
004170.KS,신세계,436000.0,88.2,4118100000000.0,48263289880,171.1,-44.9,5,5,False,False,False,False,True,True,True,False,True,False,True
006400.KS,삼성SDI,569000.0,88.0,45853200000000.0,232102012460,189.1,-21.3,5,7,False,False,False,True,True,True,False,True,True,True,True
004310.KS,현대약품,8290.0,87.9,265300000000.0,23352243827,136.9,-48.1,5,6,False,False,False,True,True,True,False,True,True,False,True
004770.KS,써니전자,2375.0,87.8,84300000000.0,1581646132,67.5,-8.3,2,8,True,True,False,True,True,True,True,True,True,True,True
093370.KS,후성,12700.0,87.7,1362100000000.0,53679541411,133.0,-46.1,5,7,False,False,False,True,True,True,True,True,True,False,True
088350.KS,한화생명,5920.0,87.6,5141700000000.0,18665104028,102.0,-21.7,5,7,False,False,False,True,True,True,False,True,True,True,True
290550.KQ,디케이티,16840.0,87.5,336800000000.0,6672309515,152.9,-51.8,5,4,False,False,False,False,True,True,False,False,True,False,True
091580.KQ,상신이디피,22200.0,87.4,295900000000.0,3504192976,134.2,-29.6,5,6,False,False,False,True,True,True,False,True,True,False,True
032830.KS,삼성생명,309500.0,87.3,61900000000000.0,165746717590,144.3,-40.1,5,6,False,False,False,True,True,True,True,False,True,False,True
000650.KS,천일고속,150000.0,87.2,214400000000.0,1321223376,307.6,-71.0,5,3,False,False,False,False,False,True,False,False,True,False,True
084370.KQ,유진테크,132100.0,87.1,3027200000000.0,31568552428,196.9,-42.9,5,6,False,False,False,True,True,True,True,False,True,False,True
006360.KS,GS건설,33300.0,87.0,2849900000000.0,86376365811,87.2,-25.8,5,7,False,False,False,True,True,True,True,True,True,False,True
000370.KS,한화손해보험,8890.0,86.8,1037800000000.0,3872547472,76.0,-17.7,5,7,False,False,False,True,True,True,False,True,True,True,True
298000.KS,효성화학,57100.0,86.7,216500000000.0,5552586945,46.8,-34.7,3,6,False,False,False,True,True,True,True,False,True,False,True
236200.KQ,슈프리마,55500.0,86.6,387100000000.0,1510745566,83.8,-14.6,5,8,True,False,False,True,True,True,True,True,True,True,True
278470.KS,에이피알,432500.0,86.5,16192000000000.0,109555071470,112.0,-8.9,5,8,True,True,False,True,True,True,True,True,True,True,True
036710.KQ,심텍홀딩스,4090.0,86.4,216100000000.0,1511065846,177.5,-37.1,0,6,False,False,False,True,True,False,True,True,True,False,True
073240.KS,금호타이어,7450.0,86.3,2140100000000.0,52530888011,76.5,-15.8,2,8,True,False,False,True,True,True,True,True,True,True,True
073240.KS,금호타이어,7450.0,86.3,2140100000000.0,52530888011,76.5,-15.8,2,8,True,False,False,True,True,True,True,True,True,True,True
013700.KS,까뮤이앤씨,1693.0,86.1,101200000000.0,1228048072,69.8,-15.6,5,8,True,True,False,True,True,True,True,True,True,True,True
281820.KS,케이씨텍,66000.0,86.0,1306700000000.0,21398116224,113.9,-47.1,5,6,False,False,False,True,True,True,True,False,True,False,True
403870.KQ,HPSP,51000.0,85.9,4197300000000.0,154781246434,106.5,-44.6,5,6,False,False,False,True,True,True,False,True,True,False,True
377450.KQ,리파인,16710.0,85.7,289600000000.0,1881286769,98.5,-7.9,1,6,False,False,False,True,False,True,False,True,True,True,True
067310.KQ,하나마이크론,34950.0,85.6,2323900000000.0,76571602437,206.3,-40.3,5,5,False,False,False,False,True,True,True,False,True,False,True
083450.KQ,GST,43350.0,85.5,798900000000.0,7758583405,138.8,-38.8,5,6,False,False,False,True,True,True,True,False,True,False,True
028260.KS,삼성물산,390500.0,85.4,63326400000000.0,223296219650,151.4,-30.9,5,7,False,False,False,True,True,True,True,True,True,False,True
003350.KS,한국화장품제조,13940.0,85.3,315900000000.0,11896489856,106.5,-11.2,1,6,False,False,False,True,False,True,False,True,True,True,True
388790.KQ,라이콤,4215.0,85.2,129000000000.0,2883174526,99.8,-54.8,5,4,False,False,False,False,True,True,False,False,True,False,True
036170.KQ,에이치엠넥스,2275.0,85.1,139600000000.0,1122326682,184.0,-77.8,5,4,False,False,False,False,True,True,False,False,True,False,True
029460.KS,케이씨,39150.0,85.0,431500000000.0,1348006723,87.8,-9.0,5,7,False,False,False,True,True,True,False,True,True,True,True
005830.KS,DB손해보험,192600.0,84.9,12615400000000.0,36035547750,63.1,-10.0,5,7,False,False,False,True,True,True,False,True,True,True,True
033790.KQ,피노,8280.0,84.8,689900000000.0,5819506547,140.3,-56.8,5,6,False,False,False,True,True,True,False,True,True,False,True
375500.KS,DL이앤씨,71500.0,84.7,2766600000000.0,24505972788,86.0,-32.9,5,6,False,False,False,True,True,True,False,True,True,False,True
076610.KQ,해성옵틱스,1244.0,84.5,73700000000.0,2204153642,156.5,-57.5,5,5,False,False,False,False,True,True,False,True,True,False,True
144960.KQ,뉴파워프라즈마,8860.0,84.4,387100000000.0,13078952328,88.1,-33.3,5,6,False,False,False,True,True,True,True,False,True,False,True
095340.KQ,ISC,157100.0,84.3,3330100000000.0,38089594182,185.1,-46.3,5,5,False,False,False,False,True,True,False,True,True,False,True
086790.KS,하나금융지주,137400.0,84.2,37698100000000.0,109067865382,70.7,-3.6,5,8,True,False,False,True,True,True,True,True,True,True,True
008060.KS,대덕,15990.0,84.1,500300000000.0,1417225834,107.7,-34.3,5,7,False,False,False,True,True,True,True,True,True,False,True
092730.KQ,네오팜,24300.0,84.0,389500000000.0,1468745778,55.9,-6.5,2,8,True,False,False,True,True,True,True,True,True,True,True
122350.KQ,삼기,1688.0,83.9,64700000000.0,9868109366,101.9,-28.0,2,7,False,False,False,True,True,True,True,True,True,False,True
041960.KQ,코미팜,9310.0,83.8,687900000000.0,1798860957,77.3,-13.7,5,7,False,False,False,True,True,True,False,True,True,True,True
270520.KQ,앱튼,2910.0,83.7,67400000000.0,1317807557,298.6,-77.4,0,3,False,False,False,True,False,False,False,False,True,False,True
093320.KQ,케이아이엔엑스,134600.0,83.6,656800000000.0,1893418502,69.1,-17.8,5,8,True,False,False,True,True,True,True,True,True,True,True
064760.KQ,티씨케이,241000.0,83.4,2694200000000.0,17302272940,137.9,-30.8,5,5,False,False,False,False,True,True,False,True,True,False,True
122640.KQ,예스티,28700.0,83.3,621400000000.0,18864983225,88.8,-34.8,5,7,False,False,False,True,True,True,True,True,True,False,True
138080.KQ,오이솔루션,22500.0,83.2,278500000000.0,6566886000,161.6,-61.1,5,5,False,False,False,False,True,True,False,True,True,False,True
138080.KQ,오이솔루션,22500.0,83.2,278500000000.0,6566886000,161.6,-61.1,5,5,False,False,False,False,True,True,False,True,True,False,True
365270.KQ,큐라클,10330.0,83.0,228900000000.0,1422248403,186.9,-50.2,5,5,False,False,False,False,True,True,False,True,True,False,True
094170.KQ,동운아나텍,35750.0,82.9,747500000000.0,3417312970,119.6,-36.6,5,6,False,False,False,True,True,True,False,True,True,False,True
055550.KS,신한지주,111100.0,82.8,52155900000000.0,131200864930,74.7,-1.9,5,8,True,False,False,True,True,True,True,True,True,True,True
005950.KS,이수화학,12610.0,82.7,331600000000.0,8791148221,149.2,-29.9,5,6,False,False,False,True,True,True,True,False,True,False,True
332570.KQ,PS일렉트로닉스,7820.0,82.6,365300000000.0,29492563119,104.7,-47.8,5,6,False,False,False,True,True,True,False,True,True,False,True
476060.KQ,온코닉테라퓨틱스,17990.0,82.5,816900000000.0,10560245826,217.7,-37.8,0,4,False,False,False,True,False,False,False,True,True,False,True
038500.KQ,삼표시멘트,7560.0,82.4,815800000000.0,5721732726,161.6,-67.8,5,4,False,False,False,False,True,True,False,False,True,False,True
000810.KS,삼성화재해상보험,677000.0,82.2,30226300000000.0,76444909340,61.6,-10.6,5,8,True,False,False,True,True,True,True,True,True,True,True
448900.KQ,한국피아이엠,49900.0,82.1,303100000000.0,5645104726,341.6,-72.0,5,4,False,False,False,False,True,True,False,False,True,False,True
077360.KQ,덕산하이메탈,10020.0,82.0,455300000000.0,7132562237,132.5,-52.5,5,5,False,False,False,False,True,True,False,True,True,False,True
307950.KS,현대오토에버,406000.0,81.9,11134100000000.0,43421133250,175.1,-61.9,5,4,False,False,False,False,True,True,False,False,True,False,True
298040.KS,효성중공업,2916000.0,81.8,27190400000000.0,150949547340,171.8,-38.5,5,5,False,False,False,False,True,True,False,True,True,False,True
028050.KS,삼성E&A,45800.0,81.7,8976800000000.0,96151372827,97.8,-31.9,5,6,False,False,False,True,True,True,True,False,True,False,True
308080.KQ,바이젠셀,7280.0,81.6,149200000000.0,1294195828,137.1,-58.1,5,4,False,False,False,False,False,True,False,True,True,False,True
012200.KS,계양전기,3620.0,81.5,98500000000.0,4690105929,173.0,-74.6,5,4,False,False,False,False,True,True,False,False,True,False,True
053610.KQ,프로텍,58700.0,81.4,528300000000.0,2403175273,127.5,-42.4,5,4,False,False,False,False,True,True,False,False,True,False,True
035890.KQ,서희건설,2260.0,81.3,469200000000.0,1167908387,39.2,-43.5,4,7,False,False,False,True,True,True,True,True,True,False,True
108490.KQ,로보티즈,254000.0,81.1,3725400000000.0,50455270118,238.7,-45.3,5,5,False,False,False,False,True,True,False,True,True,False,True
307180.KQ,아이엘,5760.0,81.0,212600000000.0,2013492218,140.0,-44.6,5,6,False,False,False,True,True,True,False,True,True,False,True
187660.KQ,페니트리움바이오,4930.0,80.9,315400000000.0,3683267456,174.3,-77.1,5,5,False,False,False,False,True,True,False,True,True,False,True
042700.KS,한미반도체,215000.0,80.8,20492100000000.0,188875578362,164.1,-49.5,5,4,False,False,False,False,True,True,False,False,True,False,True
084670.KS,동양고속,24800.0,80.7,71800000000.0,2573074963,245.9,-85.6,5,3,False,False,False,False,False,True,False,False,True,False,True
396300.KQ,세아메카닉스,5200.0,80.6,137700000000.0,7020624064,129.1,-29.2,5,6,False,False,False,True,True,True,False,True,True,False,True
257720.KQ,실리콘투,51900.0,80.5,3403400000000.0,50118481256,73.9,-7.5,1,6,False,False,False,True,False,True,False,True,True,True,True
000720.KS,현대건설,120700.0,80.4,13440600000000.0,73727949746,123.1,-39.2,5,5,False,False,False,False,True,True,False,True,True,False,True
017890.KQ,한국알콜,14280.0,80.3,295200000000.0,1261186868,61.5,-12.2,5,8,True,False,False,True,True,True,True,True,True,True,True
382800.KQ,지앤비에스 에코,5090.0,80.2,162000000000.0,3134315285,99.6,-49.9,5,5,False,False,False,False,True,True,False,True,True,False,True
017670.KS,SK텔레콤,94600.0,80.1,20319100000000.0,132717794070,84.0,-32.2,5,7,False,False,False,True,True,True,True,True,True,False,True
105560.KS,KB금융,171200.0,79.9,60722500000000.0,222859814106,61.8,-12.0,5,8,True,False,False,True,True,True,True,True,True,True,True
265740.KQ,엔에프씨,7260.0,79.8,129700000000.0,1965812761,80.6,-26.3,1,6,False,False,False,True,True,True,False,True,True,False,True
160980.KQ,싸이맥스,24300.0,79.7,265500000000.0,6123321778,105.6,-49.2,5,5,False,False,False,False,True,True,True,False,True,False,True
368770.KQ,파이버프로,11990.0,79.6,393900000000.0,2432928157,127.1,-60.0,5,4,False,False,False,False,True,True,False,False,True,False,True
014910.KS,성문전자,2080.0,79.5,45500000000.0,3014080170,100.2,-49.9,5,6,False,False,False,True,True,True,True,False,True,False,True
251970.KQ,펌텍코리아,58200.0,79.4,721700000000.0,4321831213,85.4,-17.1,1,6,False,False,False,True,False,True,False,True,True,True,True
005180.KS,빙그레,91500.0,79.3,848100000000.0,5573512884,48.8,-4.7,1,7,False,False,False,True,True,True,False,True,True,True,True
126730.KQ,코칩,20800.0,79.2,182400000000.0,9962197112,123.4,-43.0,1,6,False,False,False,True,True,True,False,True,True,False,True
194370.KS,제이에스코퍼레이션,13640.0,79.1,395800000000.0,1229012199,43.6,-15.2,5,8,True,False,False,True,True,True,True,True,True,True,True
489460.KQ,바이오비쥬,12030.0,79.0,177500000000.0,1335839255,114.4,-33.1,0,4,False,False,False,True,False,False,False,True,True,False,True
047770.KQ,코데즈컴바인,3950.0,78.8,149500000000.0,6139127919,110.3,-33.7,5,6,False,False,False,True,True,True,False,True,True,False,True
282330.KS,BGF리테일,150900.0,78.7,2608100000000.0,9615132834,49.1,-3.6,5,8,True,False,False,True,True,True,True,True,True,True,True
131970.KQ,두산테스나,78400.0,78.6,1515300000000.0,25349423980,137.2,-60.2,5,4,False,False,False,False,True,True,False,False,True,False,True
001540.KQ,안국약품,11010.0,78.5,143600000000.0,1090499293,51.2,-19.3,5,8,True,False,False,True,True,True,True,True,True,True,True
280360.KS,롯데웰푸드,144700.0,78.4,1331900000000.0,3685011170,60.8,-6.6,1,6,False,False,False,True,False,True,False,True,True,True,True
028670.KS,팬오션,5600.0,78.3,2993600000000.0,17404098874,60.7,-15.2,5,8,True,False,False,True,True,True,True,True,True,True,True
004800.KS,효성,172500.0,78.2,2887700000000.0,4106683438,113.2,-45.8,5,6,False,False,False,True,True,True,False,True,True,False,True
090360.KQ,로보스타,75900.0,78.1,740000000000.0,14201472742,204.2,-55.8,5,5,False,False,False,False,True,True,False,True,True,False,True
019010.KQ,베뉴지,4575.0,78.0,220500000000.0,2332221906,102.9,-37.3,5,5,False,False,False,False,True,True,False,True,True,False,True
311320.KQ,지오엘리먼트,8720.0,77.9,110000000000.0,1252547141,70.6,-26.8,5,7,False,False,False,True,True,True,True,True,True,False,True
171090.KQ,선익시스템,72900.0,77.8,738300000000.0,3424081524,114.4,-49.4,5,5,False,False,False,False,True,True,False,True,True,False,True
033160.KQ,엠케이전자,14100.0,77.6,346400000000.0,15801360594,83.1,-61.9,5,4,False,False,False,False,True,True,False,False,True,False,True
058730.KS,다스코,3565.0,77.5,72200000000.0,31060146973,57.0,-38.5,2,6,False,False,False,True,True,True,True,False,True,False,True
058730.KS,다스코,3565.0,77.5,72200000000.0,31060146973,57.0,-38.5,2,6,False,False,False,True,True,True,True,False,True,False,True
024850.KQ,HLB이노베이션,13810.0,77.3,438500000000.0,2550361035,89.2,-52.5,5,5,False,False,False,False,True,True,False,True,True,False,True
079550.KS,LIG디펜스앤에어로스페이스,685000.0,77.2,15070000000000.0,109843055060,90.3,-38.7,5,5,False,False,False,False,True,True,True,False,True,False,True
054940.KQ,엑사이엔씨,4150.0,77.1,27500000000.0,1412747286,446.1,-19.4,0,6,False,False,False,True,True,False,False,True,True,True,True
003690.KS,코리안리,14680.0,77.0,2594300000000.0,4355249634,46.7,-5.3,5,8,True,False,False,True,True,True,True,True,True,True,True
026910.KQ,광진실업,3580.0,76.9,28400000000.0,1007233934,148.3,-47.4,3,6,False,False,False,True,True,True,True,False,True,False,True
138360.KQ,앤로보틱스,1732.0,76.8,152400000000.0,2428313956,137.9,-65.2,5,4,False,False,False,False,True,True,False,False,True,False,True
007070.KS,GS리테일,26350.0,76.7,2203100000000.0,4979940418,65.2,-12.0,5,8,True,False,False,True,True,True,True,True,True,True,True
006260.KS,LS,310000.0,76.5,9672000000000.0,56065153900,108.6,-48.7,5,4,False,False,False,False,True,True,False,False,True,False,True
316140.KS,우리금융지주,34550.0,76.4,25456000000000.0,67709801235,45.5,-16.7,5,7,False,False,False,True,True,True,False,True,True,True,True
900290.KQ,GRT,4200.0,76.3,350700000000.0,2326572345,98.1,-43.9,1,6,False,False,False,True,True,True,False,True,True,False,True
082920.KQ,비츠로셀,27000.0,76.2,1218800000000.0,12087500626,116.4,-60.2,5,4,False,False,False,False,True,True,False,False,True,False,True
175330.KS,JB금융지주,29250.0,76.1,5455800000000.0,11241751295,34.8,-24.0,5,7,False,False,False,True,True,True,False,True,True,True,True
096530.KQ,씨젠,33000.0,76.0,1723500000000.0,9618728508,52.1,-7.7,3,8,True,False,False,True,True,True,True,True,True,True,True
483650.KS,달바글로벌,207500.0,75.9,2599100000000.0,41260924576,78.6,-26.7,5,6,False,False,False,True,True,True,True,False,True,False,True
059120.KQ,아진엑스텍,6360.0,75.8,116500000000.0,7100306426,108.9,-56.1,5,5,False,False,False,False,True,True,False,True,True,False,True
098460.KQ,고영,28050.0,75.7,1913100000000.0,32926893229,107.0,-37.7,5,4,False,False,False,False,True,True,False,False,True,False,True
051160.KQ,지어소프트,9470.0,75.6,146500000000.0,1229030328,51.0,-18.6,1,8,True,False,False,True,True,True,True,True,True,True,True
217730.KQ,강스템바이오텍,2285.0,75.5,214900000000.0,1922566526,111.6,-51.3,5,4,False,False,False,False,True,True,False,False,True,False,True
048550.KQ,SM C&C,1253.0,75.3,121200000000.0,1454119579,61.3,-34.1,2,3,False,False,False,False,False,True,False,False,True,False,True
039030.KQ,이오테크닉스,394000.0,75.2,4853900000000.0,56130687780,108.8,-36.8,5,5,False,False,False,False,True,True,False,True,True,False,True
045100.KQ,한양이엔지,30150.0,75.1,527600000000.0,4357481549,69.0,-23.5,5,5,False,False,False,False,True,True,False,False,True,True,True
008930.KS,한미사이언스,45800.0,75.0,3132300000000.0,14046400670,78.9,-20.3,1,6,False,False,False,True,False,True,False,True,True,True,True
101160.KQ,월덱스,29300.0,74.9,483800000000.0,3075960371,46.1,-17.2,5,8,True,False,False,True,True,True,True,True,True,True,True
067170.KQ,오텍,2650.0,74.8,72800000000.0,3176572051,60.6,-49.0,4,7,False,False,False,True,True,True,True,True,True,False,True
004430.KS,송원산업,11650.0,74.7,279600000000.0,2198719759,37.5,-30.4,2,7,False,False,False,True,True,True,True,True,True,False,True
001510.KS,SK증권,2535.0,74.6,586300000000.0,13837000354,108.1,-59.0,5,5,False,False,False,False,True,True,False,True,True,False,True
212560.KQ,네오오토,8960.0,74.5,120800000000.0,2512281066,79.4,-44.3,5,5,False,False,False,False,True,True,True,False,True,False,True
003160.KS,디아이,26650.0,74.4,754200000000.0,6018504794,113.5,-36.1,5,5,False,False,False,False,True,True,False,True,True,False,True
001800.KS,오리온홀딩스,25500.0,74.2,1534000000000.0,2220602381,38.9,-14.9,5,8,True,False,False,True,True,True,True,True,True,True,True
023530.KS,롯데쇼핑,113300.0,74.1,3205100000000.0,20852659050,80.7,-46.3,5,5,False,False,False,False,True,True,True,False,True,False,True
040350.KQ,크레오에스지,4875.0,74.0,96800000000.0,1109853278,106.6,-61.9,3,5,False,False,False,False,True,True,True,False,True,False,True
452260.KS,한화갤러리아,2115.0,73.9,410000000000.0,2528401984,111.7,-48.7,5,5,False,False,False,False,True,True,False,True,True,False,True
003230.KS,삼양식품,1492000.0,73.8,11239300000000.0,73260247080,52.1,-10.4,0,5,False,False,False,True,False,False,False,True,True,True,True
005430.KS,한국공항,80400.0,73.7,254600000000.0,1298014376,48.3,-16.2,5,7,False,False,False,True,True,True,True,False,True,True,True
161390.KS,한국타이어앤테크놀로지,67400.0,73.6,8349200000000.0,23680563526,79.0,-14.0,5,8,True,False,False,True,True,True,True,True,True,True,True
204620.KQ,글로벌텍스프리,5860.0,73.5,411900000000.0,4534555877,48.2,-18.9,0,5,False,False,False,True,False,False,False,True,True,True,True
064850.KQ,에프앤가이드,16130.0,73.4,184000000000.0,1317201062,104.2,-56.4,5,4,False,False,False,False,True,True,False,False,True,False,True
037710.KS,광주신세계,37000.0,73.3,282200000000.0,18711793199,27.1,-37.9,5,5,False,False,False,True,True,True,True,False,False,False,True
037710.KS,광주신세계,37000.0,73.3,282200000000.0,18711793199,27.1,-37.9,5,5,False,False,False,True,True,True,True,False,False,False,True
139130.KS,iM금융지주,18960.0,73.0,3002600000000.0,8678953529,45.3,-13.8,5,7,False,False,False,True,True,True,False,True,True,True,True
062040.KS,산일전기,195600.0,72.9,5993700000000.0,52557817586,92.3,-42.6,5,6,False,False,False,True,True,True,False,True,True,False,True
077500.KS,유니퀘스트,7660.0,72.8,165500000000.0,1129301775,88.0,-19.5,0,6,False,False,False,True,True,False,False,True,True,True,True
049080.KQ,기가레인,7830.0,72.7,66500000000.0,10367933383,118.7,-74.9,5,4,False,False,False,False,True,True,False,False,True,False,True
298020.KS,효성티앤씨,345000.0,72.6,1493100000000.0,6756565700,73.4,-38.1,5,5,False,False,False,False,True,True,False,True,True,False,True
009420.KS,한올바이오파마,55100.0,72.5,2878500000000.0,26168366510,96.4,-24.5,5,7,False,False,False,True,True,True,True,False,True,True,True
003550.KS,LG,120300.0,72.4,18188400000000.0,37180029020,71.6,-35.3,5,7,False,False,False,True,True,True,True,True,True,False,True
242040.KQ,나무기술,3130.0,72.3,108300000000.0,2288354033,139.3,-71.8,5,4,False,False,False,False,True,True,False,False,True,False,True
033640.KQ,네패스,22650.0,72.2,522300000000.0,4114429606,114.1,-45.0,5,5,False,False,False,False,True,True,False,True,True,False,True
090430.KS,아모레퍼시픽,146300.0,72.1,8557500000000.0,45590395608,55.6,-13.4,1,7,False,False,False,True,True,True,False,True,True,True,True
100790.KQ,미래에셋벤처투자,15210.0,72.0,808000000000.0,13199801277,157.8,-78.5,5,4,False,False,False,False,True,True,False,False,True,False,True
003490.KS,대한항공,28750.0,71.8,10586300000000.0,76211663333,36.9,-7.9,5,8,True,False,False,True,True,True,True,True,True,True,True
355150.KQ,코스텍시스,20050.0,71.7,156300000000.0,2027622169,118.4,-68.7,5,4,False,False,False,False,True,True,False,False,True,False,True
439090.KQ,마녀공장,17090.0,71.6,280200000000.0,7246008735,54.5,-19.6,1,8,True,False,False,True,True,True,True,True,True,True,True
166090.KQ,하나머티리얼즈,50500.0,71.5,998800000000.0,10093315131,115.4,-42.5,5,4,False,False,False,False,True,True,False,False,True,False,True
096770.KS,SK이노베이션,135300.0,71.4,22872800000000.0,100829538770,54.3,-12.9,2,7,False,False,False,True,True,True,False,True,True,True,True
125020.KQ,티씨머티리얼즈,6040.0,71.3,211600000000.0,3636742790,102.0,-42.0,4,6,False,False,False,True,True,True,False,True,True,False,True
086450.KQ,동국제약,21900.0,71.2,990500000000.0,7547350396,34.7,-29.9,5,6,False,False,False,True,True,True,False,True,True,False,True
340570.KQ,티앤엘,30650.0,71.1,492500000000.0,3097720158,42.2,-14.4,4,8,True,False,False,True,True,True,True,True,True,True,True
053260.KQ,금강철강,5430.0,71.0,101600000000.0,3719185505,46.0,-33.2,5,7,False,False,False,True,True,True,True,True,True,False,True
127120.KQ,제이에스링크,32000.0,70.9,1172300000000.0,5140007712,130.9,-35.9,5,4,False,False,False,False,True,True,False,False,True,False,True
475830.KQ,오름테라퓨틱,59200.0,70.7,1285800000000.0,7746626297,161.4,-59.6,5,4,False,False,False,False,False,True,False,True,True,False,True
120110.KS,코오롱인더,58900.0,70.6,1763800000000.0,11046761633,74.5,-43.9,5,5,False,False,False,False,True,True,False,True,True,False,True
072950.KQ,빛샘전자,8470.0,70.5,68200000000.0,3384746303,84.1,-67.0,5,5,False,False,False,False,True,True,False,True,True,False,True
078340.KQ,컴투스,34500.0,70.4,417200000000.0,2743669703,53.7,-18.2,0,6,False,False,False,True,True,False,False,True,True,True,True
124500.KQ,아이티센글로벌,33550.0,70.3,778500000000.0,12861510424,139.8,-55.6,5,5,False,False,False,False,True,True,False,True,True,False,True
018260.KS,삼성에스디에스,245000.0,70.2,18957600000000.0,68031886518,70.5,-36.9,5,7,False,False,False,True,True,True,True,True,True,False,True
183300.KQ,코미코,25550.0,70.1,1312300000000.0,11018598180,79.9,-54.1,5,4,False,False,False,False,True,True,False,False,True,False,True
089030.KQ,테크윙,48050.0,70.0,1780400000000.0,54770488030,81.3,-35.1,0,4,False,False,False,False,True,False,False,True,True,False,True
059090.KQ,미코,18800.0,69.9,628200000000.0,4690616395,66.4,-35.7,1,5,False,False,False,True,True,True,False,True,True,False,False
033240.KS,자화전자,30000.0,69.8,648200000000.0,3045271298,80.7,-50.0,5,4,False,False,False,False,True,True,False,True,True,False,False
005440.KS,현대지에프홀딩스,12110.0,69.7,2220900000000.0,3946881250,69.4,-38.8,5,3,False,False,False,False,True,True,False,False,True,False,False
091440.KQ,한울소재과학,2850.0,69.5,98700000000.0,1002368768,59.2,-27.8,2,4,False,False,False,False,True,True,False,True,True,False,False
051900.KS,LG생활건강,306000.0,69.4,4582500000000.0,24619748980,45.7,-8.8,1,5,False,False,False,True,False,True,False,True,True,True,False
187870.KQ,디바이스,11040.0,69.3,153000000000.0,1759308042,105.8,-62.8,5,3,False,False,False,False,True,True,False,False,True,False,False
004490.KS,세방전지,67100.0,69.2,930000000000.0,3155941833,43.1,-13.6,0,4,False,False,False,True,False,False,False,True,True,True,False
053690.KS,한미글로벌,21700.0,69.1,237800000000.0,4441482482,57.9,-37.6,0,4,False,False,False,True,True,False,False,True,True,False,False
014990.KS,인디에프,4010.0,69.0,60200000000.0,1382914143,185.2,-43.7,0,3,False,False,False,True,False,False,False,True,True,False,False
200470.KQ,에이팩트,5940.0,68.9,260300000000.0,4745955721,137.6,-54.7,5,3,False,False,False,False,True,True,False,False,True,False,False
000990.KS,DB하이텍,94400.0,68.8,4106800000000.0,60130384526,122.4,-59.0,5,3,False,False,False,False,True,True,False,False,True,False,False
018000.KQ,유니슨,1244.0,68.7,322800000000.0,3470839288,82.7,-30.7,0,3,False,False,False,True,False,False,False,True,True,False,False
330350.KQ,위더스제약,8320.0,68.6,109800000000.0,4268489124,40.8,-30.4,1,5,False,False,False,True,True,True,False,True,True,False,False
000150.KS,두산,1206000.0,68.4,19529800000000.0,97713841100,157.7,-51.5,5,3,False,False,False,False,True,True,False,False,True,False,False
460860.KS,동국제강,10390.0,68.3,515400000000.0,1762031497,33.9,-41.3,1,5,False,False,False,True,True,True,False,True,True,False,False
347700.KQ,스피어,20100.0,68.2,1036200000000.0,28562641322,185.1,-64.9,5,3,False,False,False,False,True,True,False,False,True,False,False
079160.KS,CJ CGV,5540.0,68.1,917300000000.0,3046886130,33.5,-16.8,1,5,False,False,False,True,False,True,False,True,True,True,False
320000.KQ,한울반도체,11500.0,68.0,79500000000.0,20484153900,62.5,-60.4,0,4,False,False,False,True,True,False,True,False,True,False,False
330860.KQ,네패스아크,24850.0,67.9,302800000000.0,7774245260,86.1,-60.9,5,4,False,False,False,False,True,True,True,False,True,False,False
000400.KS,롯데손해보험,2155.0,67.8,668800000000.0,2077443007,37.3,-34.3,5,6,False,False,False,True,True,True,True,True,True,False,False
001120.KS,LX인터내셔널,39700.0,67.7,1538800000000.0,3910763629,39.5,-31.2,5,4,False,False,False,False,True,True,False,True,True,False,False
195870.KS,해성디에스,53800.0,67.6,914600000000.0,10055997402,148.5,-50.4,5,3,False,False,False,False,True,True,False,False,True,False,False
006910.KQ,보성파워텍,7140.0,67.5,350800000000.0,8782244918,119.0,-60.8,5,4,False,False,False,False,True,True,False,True,True,False,False
294870.KS,IPARK현대산업개발,23050.0,67.4,1519200000000.0,4026756366,36.4,-8.0,1,6,False,False,False,True,True,True,False,True,True,True,False
234340.KQ,헥토파이낸셜,23700.0,67.2,331100000000.0,8491971068,67.1,-47.3,5,4,False,False,False,False,True,True,False,True,True,False,False
356680.KQ,엑스게이트,11560.0,67.1,330000000000.0,17332879770,89.5,-62.2,5,4,False,False,False,False,True,True,True,False,True,False,False
003470.KS,유안타증권,4780.0,67.0,921000000000.0,1879413833,44.2,-43.1,5,4,False,False,False,False,True,True,False,True,True,False,False
271560.KS,오리온,129700.0,66.9,5126900000000.0,15060789868,31.0,-13.6,5,6,False,False,False,True,True,True,True,False,True,True,False
033780.KS,케이티앤지,174900.0,66.8,18156400000000.0,48458264006,34.8,-9.1,5,7,False,False,False,True,True,True,True,True,True,True,False
267270.KS,HD건설기계,129600.0,66.7,6210700000000.0,36823691326,52.5,-40.4,5,4,False,False,False,False,True,True,False,True,True,False,False
425420.KQ,티에프이,44700.0,66.6,551900000000.0,3726521367,90.2,-42.5,0,3,False,False,False,False,True,False,False,True,True,False,False
000210.KS,DL,50600.0,66.5,1060400000000.0,4177848497,49.3,-34.9,5,4,False,False,False,False,True,True,False,True,True,False,False
030530.KQ,원익홀딩스,17730.0,66.4,1369400000000.0,18682370043,217.2,-65.0,0,1,False,False,False,False,False,False,False,False,True,False,False
078520.KS,에이블씨엔씨,12200.0,66.3,317400000000.0,1358703704,40.1,-27.3,1,5,False,False,False,True,True,True,False,True,True,False,False
066430.KQ,아이로보틱스,2130.0,66.1,83400000000.0,4453148813,112.6,-58.1,5,3,False,False,False,False,True,True,False,False,True,False,False
021240.KS,코웨이,97800.0,66.0,6921100000000.0,17485607500,42.2,-10.5,1,7,False,False,False,True,True,True,True,True,True,True,False
004370.KS,농심,441500.0,65.9,2685500000000.0,12321361840,38.4,-23.7,0,4,False,False,False,True,False,False,False,True,True,True,False
180640.KS,한진칼,129800.0,65.8,8665700000000.0,13925213454,39.4,-26.2,3,5,False,False,False,True,True,True,False,True,True,False,False
178320.KQ,서진시스템,36800.0,65.7,2342300000000.0,49876948675,99.9,-55.8,5,3,False,False,False,False,True,True,False,False,True,False,False
357780.KQ,솔브레인,340000.0,65.6,2644700000000.0,18229477500,70.0,-35.8,5,4,False,False,False,False,True,True,False,True,True,False,False
128940.KS,한미약품,492000.0,65.5,6303000000000.0,56312821670,78.6,-24.0,5,6,False,False,False,True,True,True,False,True,True,True,False
001790.KS,대한제당,2910.0,65.4,251000000000.0,1322083480,35.3,-10.7,1,5,False,False,False,True,False,True,False,True,True,True,False
138040.KS,메리츠금융지주,125400.0,65.3,20985300000000.0,32213154496,28.0,-16.3,1,6,False,False,False,True,True,True,True,True,False,True,False
103590.KS,일진전기,71100.0,65.2,3390400000000.0,23563836488,112.2,-51.9,5,4,False,False,False,False,True,True,False,True,True,False,False
214450.KQ,파마리서치,414000.0,65.1,4301300000000.0,74432013550,62.4,-41.9,0,3,False,False,False,True,False,False,False,True,True,False,False
036540.KQ,SFA반도체,5860.0,64.9,963700000000.0,12562532583,83.4,-49.7,5,4,False,False,False,False,True,True,False,True,True,False,False
012750.KS,에스원,81400.0,64.8,3093100000000.0,4712497102,21.9,-21.0,1,5,False,False,False,True,True,True,False,True,False,True,False
001060.KS,JW중외제약,29000.0,64.7,675300000000.0,1672932536,40.1,-26.1,5,5,False,False,False,True,True,True,False,True,True,False,False
002900.KS,TYM,6920.0,64.6,286500000000.0,1575277018,28.6,-30.1,5,4,False,False,False,True,True,True,False,True,False,False,False
012630.KS,HDC,22350.0,64.5,1335200000000.0,1480679480,41.0,-27.1,2,4,False,False,False,False,True,True,False,True,True,False,False
007390.KQ,네이처셀,25800.0,64.4,1662400000000.0,10117271146,55.9,-30.2,0,3,False,False,False,True,False,False,False,True,True,False,False
437730.KQ,삼현,31050.0,64.3,984500000000.0,7769819874,182.3,-59.6,5,3,False,False,False,False,True,True,False,False,True,False,False
482630.KQ,삼양엔씨켐,12980.0,64.2,284100000000.0,3676705520,73.9,-48.1,5,3,False,False,False,False,True,True,False,False,True,False,False
001740.KS,SK네트웍스,6640.0,64.1,1331900000000.0,21181958913,55.3,-59.1,5,4,False,False,False,False,True,True,True,False,True,False,False
393890.KQ,더블유씨피,10960.0,64.0,370900000000.0,2124020518,98.6,-48.7,5,4,False,False,False,False,True,True,False,True,True,False,False
950200.KQ,소마젠,3595.0,63.8,69200000000.0,1430991103,51.1,-23.3,0,4,False,False,False,True,False,False,False,True,True,True,False
001200.KS,유진증권,4445.0,63.7,430600000000.0,2171718806,43.2,-35.8,5,4,False,False,False,False,True,True,False,True,True,False,False
140410.KQ,메지온,66500.0,63.6,2036300000000.0,8253409228,85.5,-63.0,0,3,False,False,False,False,True,False,False,True,True,False,False
005850.KS,에스엘,52900.0,63.5,2457100000000.0,5799941113,62.5,-33.5,5,3,False,False,False,False,True,True,False,False,True,False,False
412350.KQ,레이저쎌,4600.0,63.4,67200000000.0,2456307430,192.4,-68.6,5,4,False,False,False,False,True,True,False,True,True,False,False
000850.KS,화천기공,35700.0,63.3,78500000000.0,1958735658,21.2,-20.4,5,4,False,False,False,False,True,True,False,True,False,True,False
000850.KS,화천기공,35700.0,63.3,78500000000.0,1958735658,21.2,-20.4,5,4,False,False,False,False,True,True,False,True,False,True,False
306200.KS,세아제강,139600.0,63.1,395900000000.0,1028086844,24.6,-26.1,1,4,False,False,False,True,True,True,False,True,False,False,False
066970.KS,엘앤에프,131200.0,63.0,5337800000000.0,46645798848,121.6,-41.7,0,4,False,False,False,True,True,False,False,True,True,False,False
237880.KQ,클리오,13240.0,62.9,239300000000.0,1736785779,50.5,-13.6,0,4,False,False,False,True,False,False,False,True,True,True,False
078350.KQ,한양디지텍,20250.0,62.8,308700000000.0,3196466490,131.4,-54.3,5,3,False,False,False,False,True,True,False,False,True,False,False
013360.KS,일성건설,1494.0,62.6,80700000000.0,2938047622,35.2,-47.2,2,3,False,False,False,False,False,True,False,True,True,False,False
090710.KQ,휴림로봇,6290.0,62.5,752000000000.0,14511567738,168.8,-76.4,5,3,False,False,False,False,True,True,False,False,True,False,False
032190.KQ,다우데이타,20200.0,62.4,773700000000.0,1563194662,35.1,-35.8,5,4,False,False,False,False,True,True,False,True,True,False,False
049070.KQ,인탑스,17940.0,62.3,282400000000.0,2061777717,38.0,-28.1,5,4,False,False,False,False,True,True,False,True,True,False,False
030190.KS,NICE평가정보,16080.0,62.2,947300000000.0,1482796643,23.6,-13.1,1,4,False,False,False,True,False,True,False,True,False,True,False
037350.KQ,성도이엔지,7300.0,62.1,111000000000.0,2546432824,61.5,-49.5,5,3,False,False,False,False,True,True,False,False,True,False,False
006920.KQ,모헨즈,3325.0,62.0,36300000000.0,3138075314,24.3,-56.4,5,2,False,False,False,False,True,True,False,False,False,False,False
300720.KS,한일시멘트,17070.0,61.9,1255400000000.0,1535575968,34.3,-19.3,0,4,False,False,False,True,False,False,False,True,True,True,False
395400.KS,SK리츠,5390.0,61.8,1622500000000.0,1210163774,13.2,-25.1,5,2,False,False,False,False,True,True,False,False,False,False,False
007660.KS,이수페타시스,111100.0,61.7,8155800000000.0,88581974508,107.3,-32.4,5,3,False,False,False,False,False,True,False,True,True,False,False
090460.KS,비에이치,22000.0,61.5,741700000000.0,14190518702,76.8,-49.3,0,3,False,False,False,False,True,False,False,True,True,False,False
005880.KS,대한해운,2060.0,61.4,664900000000.0,5105927020,25.7,-39.1,5,3,False,False,False,False,True,True,False,True,False,False,False
074600.KQ,원익QnC,25750.0,61.3,676900000000.0,9017825190,53.4,-43.3,5,3,False,False,False,False,True,True,False,False,True,False,False
336260.KS,두산퓨얼셀,44350.0,61.2,2904600000000.0,30905041739,143.3,-59.3,5,4,False,False,False,False,True,True,False,True,True,False,False
060370.KQ,LS마린솔루션,31850.0,61.1,1663800000000.0,3996793276,47.1,-38.3,5,5,False,False,False,True,True,True,False,True,True,False,False
081660.KS,미스토홀딩스,41750.0,61.0,2216600000000.0,6176173837,16.0,-25.2,5,3,False,False,False,False,True,True,True,False,False,False,False
083650.KQ,비에이치아이,61200.0,60.9,1893800000000.0,16190127588,84.6,-46.4,1,4,False,False,False,False,True,True,False,True,True,False,False
005380.KS,현대자동차,400500.0,60.8,82005500000000.0,372343229850,88.0,-48.9,5,3,False,False,False,False,True,True,False,False,True,False,False
005940.KS,NH투자증권,26500.0,60.7,9784000000000.0,18252812025,44.5,-37.8,5,3,False,False,False,False,True,True,False,False,True,False,False
006800.KS,미래에셋증권,34900.0,60.6,18951400000000.0,77922040488,105.6,-60.3,5,3,False,False,False,False,True,True,False,False,True,False,False
004690.KS,삼천리,134500.0,60.5,487800000000.0,1113054190,25.0,-16.9,1,5,False,False,False,True,True,True,False,True,False,True,False
026940.KS,부국철강,2155.0,60.3,43100000000.0,7734487810,24.9,-54.1,0,2,False,False,False,False,True,False,True,False,False,False,False
026940.KS,부국철강,2155.0,60.3,43100000000.0,7734487810,24.9,-54.1,0,2,False,False,False,False,True,False,True,False,False,False,False
073490.KQ,LIG아큐버,29850.0,60.1,227000000000.0,2087992544,63.3,-52.2,5,4,False,False,False,False,True,True,False,True,True,False,False
323280.KQ,태성,48000.0,60.0,1465800000000.0,12657371500,108.7,-48.9,5,4,False,False,False,False,True,True,False,True,True,False,False
058430.KS,포스코스틸리온,4745.0,59.9,284700000000.0,3595000338,33.3,-54.8,5,4,False,False,False,False,True,True,False,True,True,False,False
010130.KS,고려아연,1251000.0,59.8,26112100000000.0,29330613500,62.3,-42.8,5,4,False,False,False,False,True,True,False,True,True,False,False
011780.KS,금호석유화학,130100.0,59.7,3273000000000.0,11975199436,26.6,-19.8,5,5,False,False,False,True,True,True,False,True,False,True,False
001430.KS,세아베스틸지주,41350.0,59.6,1482900000000.0,5813160621,79.4,-55.3,5,4,False,False,False,False,True,True,False,True,True,False,False
199430.KQ,케이엔알시스템,17900.0,59.5,200400000000.0,3201229524,110.3,-60.5,0,2,False,False,False,False,False,False,False,True,True,False,False
039830.KQ,오로라,17490.0,59.4,188200000000.0,2303289580,93.5,-33.8,0,2,False,False,False,True,False,False,False,False,True,False,False
204320.KS,HL만도,50300.0,59.2,2361900000000.0,31929126475,56.5,-36.4,5,4,False,False,False,False,True,True,False,True,True,False,False
002790.KS,아모레퍼시픽홀딩스,27200.0,59.1,2079700000000.0,2877115123,36.3,-24.3,1,5,False,False,False,True,False,True,False,True,True,True,False
011200.KS,HMM,21350.0,59.0,20138100000000.0,29940201522,19.2,-14.4,1,6,False,False,False,True,True,True,True,True,False,True,False
112610.KS,씨에스윈드,47300.0,58.9,1994700000000.0,20332056207,37.1,-40.4,1,4,False,False,False,False,True,True,False,True,True,False,False
114810.KQ,한솔아이원스,12660.0,58.8,356300000000.0,3580703883,79.6,-36.4,0,3,False,False,False,False,True,False,False,True,True,False,False
008490.KS,서흥,22300.0,58.7,258000000000.0,1282335603,39.4,-31.6,0,3,False,False,False,True,False,False,False,True,True,False,False
046890.KQ,서울반도체,9740.0,58.6,567900000000.0,3590330934,70.0,-48.6,5,4,False,False,False,False,True,True,False,True,True,False,False
241560.KS,두산밥캣,62100.0,58.5,5952700000000.0,11760947792,19.7,-22.1,5,3,False,False,False,False,True,True,False,False,False,True,False
024110.KS,기업은행,20900.0,58.4,16666200000000.0,22713259793,12.0,-29.3,5,3,False,False,False,False,True,True,False,True,False,False,False
009240.KS,한샘,38400.0,58.3,903700000000.0,1924975801,35.7,-29.9,0,2,False,False,False,False,False,False,False,True,True,False,False
004000.KS,롯데정밀화학,47700.0,58.2,1230700000000.0,2574148869,19.1,-33.6,5,3,False,False,False,False,True,True,False,True,False,False,False
012450.KS,한화에어로스페이스,1058000.0,58.0,54554100000000.0,219407848140,35.1,-36.1,1,4,False,False,False,False,True,True,False,True,True,False,False
003000.KS,부광약품,4380.0,57.9,432200000000.0,1761341212,35.4,-55.7,5,4,False,False,False,False,True,True,False,True,True,False,False
099440.KQ,스맥,3855.0,57.8,263100000000.0,1901213630,59.6,-53.8,0,2,False,False,False,False,False,False,False,True,True,False,False
044490.KQ,태웅,33350.0,57.7,667200000000.0,4826554191,66.9,-45.6,0,3,False,False,False,False,True,False,False,True,True,False,False
007610.KS,선도전기,4020.0,57.6,72400000000.0,5330895218,35.1,-75.8,4,3,False,False,False,False,True,True,False,False,True,False,False
243840.KQ,신흥에스이씨,6100.0,57.5,235200000000.0,1128535487,78.1,-50.4,0,3,False,False,False,False,True,False,False,True,True,False,False
388050.KQ,지투파워,9600.0,57.4,179600000000.0,10908571110,79.4,-48.0,1,4,False,False,False,False,True,True,False,True,True,False,False
294570.KQ,쿠콘,29600.0,57.3,298700000000.0,2267762780,127.7,-37.6,0,3,False,False,False,True,False,False,False,True,True,False,False
003380.KQ,하림지주,10660.0,57.2,1194000000000.0,6000027988,51.0,-45.6,5,4,False,False,False,False,True,True,False,True,True,False,False
086280.KS,현대글로비스,209500.0,57.1,15712500000000.0,37183854320,34.2,-29.2,5,4,False,False,False,False,True,True,False,True,True,False,False
218410.KQ,RFHIC,45000.0,56.9,1195900000000.0,16182314708,95.7,-64.5,5,3,False,False,False,False,True,True,False,False,True,False,False
023590.KS,다우기술,39450.0,56.8,1707700000000.0,1768947351,29.8,-36.7,5,3,False,False,False,False,True,True,False,True,False,False,False
002380.KS,케이씨씨,493500.0,56.7,4240600000000.0,12777644210,46.9,-28.7,5,4,False,False,False,False,True,True,False,True,True,False,False
302430.KQ,이노메트리,7990.0,56.6,78600000000.0,1481638042,98.3,-30.8,0,3,False,False,False,True,False,False,False,True,True,False,False
267250.KS,HD현대,219000.0,56.5,17299500000000.0,32681351566,77.8,-34.2,5,4,False,False,False,False,True,True,False,True,True,False,False
285130.KS,SK케미칼,54100.0,56.4,935900000000.0,3468351137,50.9,-33.9,0,2,False,False,False,False,False,False,False,True,True,False,False
033100.KQ,제룡전기,46300.0,56.3,743700000000.0,8469619943,45.4,-50.6,5,4,False,False,False,False,True,True,False,True,True,False,False
069960.KS,현대백화점,97800.0,56.2,2109000000000.0,23042121358,41.6,-55.9,5,4,False,False,False,False,True,True,True,False,True,False,False
192080.KS,더블유게임즈,58500.0,56.1,1238600000000.0,3519729606,24.5,-23.5,4,5,False,False,False,True,True,True,True,False,False,True,False
092790.KS,넥스틸,12780.0,56.0,332300000000.0,5217734521,41.5,-44.4,1,4,False,False,False,False,True,True,False,True,True,False,False
214320.KS,이노션,19030.0,55.9,761200000000.0,1481490549,13.7,-16.0,5,5,False,False,False,True,True,True,False,True,False,True,False
211050.KQ,인카금융서비스,11310.0,55.7,557200000000.0,1200076737,39.6,-34.7,0,2,False,False,False,False,False,False,False,True,True,False,False
066980.KQ,한성크린텍,1571.0,55.6,84500000000.0,4095606198,46.3,-42.8,4,4,False,False,False,False,True,True,True,False,True,False,False
013580.KS,계룡건설산업,21300.0,55.5,190200000000.0,6512489903,30.7,-36.0,5,4,False,False,False,False,True,True,False,True,True,False,False
203650.KQ,드림시큐리티,2070.0,55.4,210500000000.0,3692563134,47.9,-57.0,5,4,False,False,False,False,True,True,False,True,True,False,False
012330.KS,현대모비스,443500.0,55.3,39835400000000.0,177081615010,56.7,-46.0,5,4,False,False,False,False,True,True,True,False,True,False,False
068270.KS,셀트리온,188000.0,55.2,43732000000000.0,116485604896,18.6,-21.4,5,4,False,False,False,False,True,True,False,True,False,True,False
069080.KQ,웹젠,11360.0,55.1,351800000000.0,1367596705,19.2,-36.9,1,2,False,False,False,False,False,True,False,True,False,False,False
026960.KS,동서,25650.0,55.0,2557300000000.0,2059375098,14.8,-17.1,0,2,False,False,False,False,False,False,False,True,False,True,False
204270.KQ,제이앤티씨,19840.0,54.9,1147700000000.0,10051489601,78.1,-34.1,0,3,False,False,False,True,False,False,False,True,True,False,False
016380.KS,KG스틸,5520.0,54.8,552000000000.0,1551039222,14.4,-30.1,4,3,False,False,False,False,True,True,False,True,False,False,False
006120.KS,SK디스커버리,52900.0,54.6,921200000000.0,2138577709,23.7,-22.5,0,2,False,False,False,False,False,False,False,True,False,True,False
064550.KQ,바이오니아,11000.0,54.5,283900000000.0,2870133438,101.1,-29.7,0,3,False,False,False,True,False,False,False,True,True,False,False
018670.KS,SK가스,235000.0,54.4,2178300000000.0,3249892320,19.8,-22.2,0,4,False,False,False,True,True,False,False,True,False,True,False
457190.KS,이수스페셜티케미컬,69600.0,54.3,2103200000000.0,8461865417,61.9,-47.2,5,4,False,False,False,False,True,True,False,True,True,False,False
030200.KS,케이티,54000.0,54.2,13609200000000.0,21375243742,12.3,-22.2,5,4,False,False,False,False,True,True,False,True,False,True,False
014620.KQ,성광벤드,30500.0,54.1,810000000000.0,4615181829,35.3,-42.8,0,3,False,False,False,False,True,False,False,True,True,False,False
001440.KS,대한전선,28650.0,54.0,5615200000000.0,66314492289,94.4,-62.3,5,3,False,False,False,False,True,True,False,False,True,False,False
042520.KQ,한스바이오메드,20200.0,53.9,288100000000.0,3954090264,189.8,-65.1,0,2,False,False,False,False,True,False,False,False,True,False,False
192650.KS,드림텍,5880.0,53.8,387400000000.0,2236083591,64.9,-35.5,0,2,False,False,False,False,False,False,False,True,True,False,False
005810.KS,풍산홀딩스,38050.0,53.7,548600000000.0,1059034009,29.2,-37.5,0,2,False,False,False,False,True,False,False,True,False,False,False
071050.KS,한국금융지주,191000.0,53.6,10643700000000.0,48781932264,56.8,-36.4,5,3,False,False,False,False,True,True,False,False,True,False,False
082800.KQ,비보존 제약,3280.0,53.4,199200000000.0,1586667023,58.5,-61.3,0,2,False,False,False,False,False,False,False,True,True,False,False
013030.KQ,하이록코리아,34000.0,53.3,400100000000.0,1196245127,23.4,-29.3,0,2,False,False,False,False,True,False,False,True,False,False,False
005290.KQ,동진쎄미켐,41900.0,53.2,2135600000000.0,22504513530,49.9,-42.0,0,2,False,False,False,False,True,False,False,False,True,False,False
012210.KQ,삼미금속,8460.0,53.1,195000000000.0,1837551645,110.4,-59.4,0,3,False,False,False,False,True,False,False,True,True,False,False
012860.KQ,모베이스전자,2235.0,53.0,163700000000.0,1139772009,77.1,-68.4,5,3,False,False,False,False,True,True,False,False,True,False,False
115180.KQ,큐리언트,21350.0,52.9,801400000000.0,3860590225,119.7,-66.1,5,4,False,False,False,False,True,True,False,True,True,False,False
289080.KQ,SV인베스트먼트,2265.0,52.8,136200000000.0,2375851683,57.4,-55.0,1,4,False,False,False,False,True,True,False,True,True,False,False
066590.KQ,스모트로닉,2560.0,52.7,99000000000.0,3504041993,44.1,-39.0,0,2,False,False,False,False,False,False,False,True,True,False,False
111770.KS,영원무역,74500.0,52.6,3301200000000.0,6303933956,35.7,-27.8,5,3,False,False,False,False,True,True,False,False,True,False,False
032940.KQ,원익,7600.0,52.5,138300000000.0,3404636967,80.3,-57.3,0,2,False,False,False,False,False,False,False,True,True,False,False
000240.KS,한국앤컴퍼니,24600.0,52.3,2335400000000.0,2210009060,17.1,-32.5,5,2,False,False,False,False,False,True,False,True,False,False,False
119830.KQ,아이텍,6920.0,52.2,183600000000.0,1440223707,60.9,-28.9,1,5,False,False,False,True,True,True,False,True,True,False,False
462870.KS,시프트업,33050.0,52.1,1941400000000.0,2628532999,20.2,-26.0,0,1,False,False,False,False,False,False,False,True,False,False,False
456040.KS,OCI,80700.0,52.0,722500000000.0,4648384076,53.7,-50.6,5,3,False,False,False,False,True,True,False,False,True,False,False
290660.KQ,다이나믹솔루션,1771.0,51.9,75900000000.0,1570342481,47.6,-49.1,1,4,False,False,False,False,True,True,False,True,True,False,False
001250.KS,GS글로벌,2700.0,51.8,222800000000.0,1789640174,22.7,-52.5,5,3,False,False,False,False,True,True,False,True,False,False,False
295310.KQ,에이치브이엠,45200.0,51.7,555900000000.0,7912567255,105.9,-68.6,5,3,False,False,False,False,True,True,False,False,True,False,False
178920.KS,PI첨단소재,19820.0,51.6,582000000000.0,1246149291,33.2,-38.4,5,4,False,False,False,False,True,True,False,True,True,False,False
443060.KS,HD현대마린솔루션,203000.0,51.5,9101200000000.0,24596843648,28.5,-29.3,0,4,False,False,False,True,True,False,True,True,False,False,False
383220.KS,F&F,68300.0,51.4,2616400000000.0,5948557014,17.8,-23.3,4,4,False,False,False,False,True,True,True,False,False,True,False
003200.KS,일신방직,10840.0,51.3,248900000000.0,1441719335,16.6,-39.1,0,1,False,False,False,False,False,False,False,True,False,False,False
010820.KS,퍼스텍,5660.0,51.1,276000000000.0,3726504023,53.0,-69.8,5,3,False,False,False,False,True,True,False,False,True,False,False
036460.KS,한국가스공사,37500.0,51.0,3461700000000.0,5234388475,20.4,-17.9,0,3,False,False,False,True,False,False,False,True,False,True,False
161000.KS,애경케미칼,10900.0,50.9,530300000000.0,2165661003,55.7,-45.4,0,3,False,False,False,False,True,False,False,True,True,False,False
229640.KS,LS에코에너지,47250.0,50.8,1447000000000.0,5184508221,47.7,-57.0,5,4,False,False,False,False,True,True,False,True,True,False,False
009970.KS,영원무역홀딩스,167000.0,50.7,2163300000000.0,2668856482,42.9,-36.3,5,3,False,False,False,False,True,True,False,False,True,False,False
056190.KQ,SFA,24550.0,50.6,881600000000.0,2489064459,45.7,-32.7,0,3,False,False,False,False,True,False,False,True,True,False,False
264850.KQ,이랜시스,5700.0,50.5,172700000000.0,9242302605,61.7,-40.2,1,4,False,False,False,False,True,True,False,True,True,False,False
039860.KQ,나노엔텍,4170.0,50.4,158800000000.0,1732836289,38.3,-55.6,5,4,False,False,False,False,True,True,False,True,True,False,False
031210.KS,서울보증보험,43650.0,50.3,3047700000000.0,1936233898,10.1,-32.6,0,1,False,False,False,False,False,False,False,True,False,False,False
047050.KS,포스코인터내셔널,55300.0,50.2,9728500000000.0,32226272531,23.3,-39.4,5,3,False,False,False,False,True,True,False,True,False,False,False
290690.KQ,소룩스,4110.0,50.0,217700000000.0,7647736973,52.2,-42.7,0,1,False,False,False,False,False,False,False,False,True,False,False
225570.KQ,넥슨게임즈,11500.0,49.9,757400000000.0,1560212533,46.3,-25.4,0,3,False,False,False,True,False,False,False,True,True,False,False
030000.KS,제일기획,19180.0,49.8,2206500000000.0,5986843643,8.0,-17.7,0,2,False,False,False,False,False,False,False,True,False,True,False
432470.KQ,케이엔에스,10730.0,49.7,94100000000.0,1778794979,81.2,-47.4,0,3,False,False,False,False,True,False,False,True,True,False,False
005500.KS,삼진제약,18820.0,49.6,250700000000.0,1024671303,13.5,-27.3,0,1,False,False,False,False,False,False,False,True,False,False,False
071320.KS,지역난방공사,75700.0,49.5,876500000000.0,1128274778,25.3,-35.1,0,1,False,False,False,False,False,False,False,True,False,False,False
147830.KQ,제룡산업,7030.0,49.4,140600000000.0,1357331235,39.5,-54.4,5,4,False,False,False,False,True,True,False,True,True,False,False
006040.KS,동원산업,37950.0,49.3,1675100000000.0,1920402990,27.1,-26.3,0,1,False,False,False,False,False,False,False,True,False,False,False
142210.KQ,유니트론텍,6040.0,49.2,125300000000.0,1822456949,35.1,-33.3,1,4,False,False,False,False,True,True,False,True,True,False,False
036810.KQ,에프에스티,28100.0,49.1,608400000000.0,3589240551,87.3,-44.9,0,3,False,False,False,False,True,False,False,True,True,False,False
001720.KS,신영증권,154000.0,49.0,2531800000000.0,1537651640,29.1,-43.4,5,3,False,False,False,False,True,True,False,True,False,False,False
003240.KS,태광산업,953000.0,48.8,1061100000000.0,1915340200,34.6,-41.7,1,4,False,False,False,False,True,True,False,True,True,False,False
017800.KS,현대엘리베이터,74800.0,48.7,2924100000000.0,9569226994,21.0,-34.0,5,3,False,False,False,False,True,True,False,True,False,False,False
047810.KS,한국항공우주,127200.0,48.6,12398800000000.0,65003972482,49.5,-41.0,5,3,False,False,False,False,True,True,False,False,True,False,False
267260.KS,HD현대일렉트릭,769000.0,48.5,27720200000000.0,131533185900,77.4,-46.2,5,3,False,False,False,False,True,True,False,False,True,False,False
050890.KQ,쏠리드,8860.0,48.4,538300000000.0,8054332316,45.5,-57.6,5,3,False,False,False,False,True,True,False,False,True,False,False
102710.KQ,이엔에프테크놀로지,43250.0,48.3,617900000000.0,4089605711,29.9,-33.5,0,1,False,False,False,False,True,False,False,False,False,False,False
207940.KS,삼성바이오로직스,1520000.0,48.2,70362200000000.0,88878915760,23.8,-23.5,0,2,False,False,False,False,False,False,False,True,False,True,False
036830.KQ,솔브레인홀딩스,44000.0,48.1,902200000000.0,2306937509,70.9,-45.5,0,3,False,False,False,False,True,False,False,True,True,False,False
032640.KS,LG유플러스,15220.0,48.0,6459800000000.0,14401331245,11.9,-19.0,5,5,False,False,False,True,True,True,False,True,False,True,False
009290.KS,광동제약,6430.0,47.9,320200000000.0,1128932310,24.9,-49.8,5,3,False,False,False,False,True,True,False,True,False,False,False
053800.KQ,안랩,59100.0,47.7,657600000000.0,2369272850,16.3,-21.2,0,3,False,False,False,False,True,False,False,True,False,True,False
272210.KS,한화시스템,70600.0,47.6,13337700000000.0,41782546068,57.8,-61.6,5,3,False,False,False,False,True,True,False,False,True,False,False
023160.KQ,태광,25300.0,47.5,654400000000.0,3842548910,30.3,-50.7,0,3,False,False,False,False,True,False,False,True,True,False,False
005490.KS,POSCO홀딩스,341000.0,47.4,27021400000000.0,100826310500,31.9,-37.1,5,4,False,False,False,False,True,True,False,True,True,False,False
263800.KQ,데이타솔루션,4745.0,47.3,77000000000.0,10084666470,15.3,-45.6,0,0,False,False,False,False,False,False,False,False,False,False,False
078600.KQ,대주전자재료,91300.0,47.2,1433800000000.0,14411878432,55.0,-50.2,5,4,False,False,False,False,True,True,False,True,True,False,False
089890.KQ,코세스,22700.0,47.1,376500000000.0,6462843166,121.0,-55.8,0,2,False,False,False,False,True,False,False,False,True,False,False
069260.KS,티케이지휴켐스,16420.0,47.0,671200000000.0,1099675840,14.8,-23.8,0,2,False,False,False,False,False,False,False,True,False,True,False
014820.KS,동원시스템즈,22950.0,46.9,665300000000.0,1137562454,31.0,-25.2,0,2,False,False,False,False,False,False,False,True,True,False,False
145020.KQ,휴젤,245000.0,46.8,3066200000000.0,13093883530,17.5,-28.4,0,1,False,False,False,False,True,False,False,False,False,False,False
016360.KS,삼성증권,88300.0,46.7,7885200000000.0,50284791142,35.4,-45.8,5,3,False,False,False,False,True,True,False,False,True,False,False
110990.KQ,디아이티,15750.0,46.5,297700000000.0,1753826150,42.3,-45.7,5,3,False,False,False,False,True,True,False,False,True,False,False
138930.KS,BNK금융지주,15410.0,46.4,4728400000000.0,17091983011,12.9,-33.1,5,2,False,False,False,False,True,True,False,False,False,False,False
082740.KS,한화엔진,47850.0,46.3,3992900000000.0,36269592047,33.7,-49.3,0,3,False,False,False,False,True,False,False,True,True,False,False
006730.KQ,서부T&D,10980.0,46.2,705800000000.0,5075545971,29.9,-46.3,1,3,False,False,False,False,True,True,False,True,False,False,False
290650.KQ,엘앤씨바이오,53700.0,46.1,1448300000000.0,20019552283,84.5,-57.0,5,3,False,False,False,False,True,True,False,False,True,False,False
036570.KS,NC,224000.0,46.0,4825900000000.0,20182950170,27.2,-34.8,5,2,False,False,False,False,True,True,False,False,False,False,False
499790.KS,GS피앤엘,45300.0,45.9,898300000000.0,4482472275,40.5,-32.4,1,4,False,False,False,False,True,True,False,True,True,False,False
007820.KQ,엠엑스로보틱스,3915.0,45.8,78400000000.0,4603636248,58.2,-48.4,0,3,False,False,False,False,True,False,False,True,True,False,False
314130.KQ,지놈앤컴퍼니,3810.0,45.7,199300000000.0,1639734875,56.1,-62.6,5,3,False,False,False,False,True,True,False,False,True,False,False
000270.KS,기아,131200.0,45.6,51222200000000.0,135967622534,31.2,-38.3,5,3,False,False,False,False,True,True,False,False,True,False,False
419050.KQ,삼기에너지솔루션즈,1634.0,45.4,93500000000.0,12746052933,88.9,-33.7,0,2,False,False,False,False,False,False,False,True,True,False,False
174900.KQ,앱클론,23700.0,45.3,472900000000.0,4803296539,142.6,-75.3,5,3,False,False,False,False,True,True,False,False,True,False,False
000640.KS,동아쏘시오홀딩스,93200.0,45.2,627500000000.0,1607175682,25.1,-23.5,0,2,False,False,False,False,False,False,False,True,False,True,False
104830.KQ,원익머트리얼즈,32600.0,45.1,411000000000.0,2610358221,42.4,-41.9,5,3,False,False,False,False,True,True,False,False,True,False,False
196170.KQ,알테오젠,301000.0,45.0,20966200000000.0,163878361661,54.7,-31.2,0,2,False,False,False,False,False,False,False,True,True,False,False
162300.KQ,신스틸,1633.0,44.9,67700000000.0,1516085673,22.3,-30.8,0,0,False,False,False,False,False,False,False,False,False,False,False
004710.KS,한솔테크닉스,6640.0,44.8,352700000000.0,12031762645,48.2,-59.6,5,4,False,False,False,False,True,True,True,False,True,False,False
003680.KS,한성기업,4920.0,44.7,30600000000.0,12589470348,25.7,-71.6,2,1,False,False,False,False,False,True,False,False,False,False,False
140860.KQ,파크시스템스,250000.0,44.6,1750600000000.0,10151149480,22.0,-28.7,1,2,False,False,False,False,True,True,False,False,False,False,False
049720.KQ,고려신용정보,9190.0,44.5,131400000000.0,1612355461,4.2,-23.0,0,1,False,False,False,False,False,False,False,False,False,True,False
052690.KS,한전기술,110500.0,44.4,4223300000000.0,23108845818,43.3,-44.2,5,4,False,False,False,False,True,True,False,True,True,False,False
484810.KQ,티엑스알로보틱스,13430.0,44.2,207500000000.0,6348343338,78.1,-49.3,0,2,False,False,False,False,False,False,False,True,True,False,False
025860.KS,남해화학,6480.0,44.1,321900000000.0,3313666949,23.4,-49.5,0,2,False,False,False,False,True,False,False,True,False,False,False
323410.KS,카카오뱅크,21950.0,44.0,10472800000000.0,19260147492,14.9,-25.6,0,2,False,False,False,False,True,False,False,True,False,False,False
001680.KS,대상,18740.0,43.9,649300000000.0,1886990330,18.0,-22.4,0,2,False,False,False,False,False,False,False,True,False,True,False
457370.KQ,한켐,8690.0,43.8,70100000000.0,7779248698,59.2,-49.0,0,3,False,False,False,False,True,False,False,True,True,False,False
001550.KS,조비,11110.0,43.7,57700000000.0,1778265208,28.6,-47.0,0,2,False,False,False,False,True,False,False,True,False,False,False
034020.KS,두산에너빌리티,81400.0,43.6,52141700000000.0,217616930102,59.3,-41.5,0,3,False,False,False,False,True,False,False,True,True,False,False
462860.KQ,더즌,3260.0,43.5,233900000000.0,4738926573,105.3,-43.7,0,2,False,False,False,False,False,False,False,True,True,False,False
007310.KS,오뚜기,336500.0,43.4,1348600000000.0,1608983610,15.8,-28.4,0,1,False,False,False,False,False,False,False,True,False,False,False
003670.KS,포스코퓨처엠,191300.0,43.3,17015400000000.0,53861338636,66.8,-36.1,0,3,False,False,False,False,True,False,False,True,True,False,False
001260.KS,남광토건,7630.0,43.1,75000000000.0,4070003643,18.8,-43.1,0,1,False,False,False,False,True,False,False,False,False,False,False
441270.KQ,파인엠텍,8370.0,43.0,353300000000.0,2740202838,56.7,-40.5,0,2,False,False,False,False,False,False,False,True,True,False,False
195940.KQ,HK이노엔,43550.0,42.9,1233800000000.0,5772688062,25.1,-25.7,0,1,False,False,False,False,False,False,False,True,False,False,False
037070.KQ,파세코,6080.0,42.8,121600000000.0,17256329413,21.8,-39.1,0,1,False,False,False,False,True,False,False,False,False,False,False
088980.KS,맥쿼리인프라,9960.0,42.7,4770100000000.0,16587920033,6.9,-16.2,0,1,False,False,False,False,False,False,False,False,False,True,False
029780.KS,삼성카드,46050.0,42.6,5335300000000.0,5032011929,4.5,-33.5,0,0,False,False,False,False,False,False,False,False,False,False,False
031430.KS,신세계인터내셔날,10850.0,42.5,379600000000.0,1035077851,13.6,-36.7,5,2,False,False,False,False,True,True,False,False,False,False,False
272110.KQ,케이엔제이,23750.0,42.4,190600000000.0,2477267211,55.2,-46.7,0,2,False,False,False,False,True,False,False,False,True,False,False
036200.KQ,유니셈,8960.0,42.3,274800000000.0,2199110215,49.3,-37.7,0,3,False,False,False,False,True,False,False,True,True,False,False
265520.KQ,AP시스템,19230.0,42.2,289400000000.0,1231815501,23.3,-38.2,0,1,False,False,False,False,True,False,False,False,False,False,False
318060.KQ,그래피,18820.0,42.1,210500000000.0,1910916798,129.2,-72.7,2,4,False,False,False,False,True,True,False,True,True,False,False
000880.KS,한화,128300.0,41.9,6842100000000.0,17323816630,31.0,-41.7,0,3,False,False,False,False,True,False,False,True,True,False,False
045390.KQ,대아티아이,3545.0,41.8,249800000000.0,3859610720,71.7,-36.2,0,2,False,False,False,False,False,False,False,True,True,False,False
039490.KS,키움증권,282000.0,41.7,7396400000000.0,33632045830,48.0,-45.5,5,3,False,False,False,False,True,True,False,False,True,False,False
003280.KS,흥아해운,1689.0,41.6,406100000000.0,21112824812,10.8,-64.8,0,1,False,False,False,False,True,False,False,False,False,False,False
389500.KQ,에스비비테크,37200.0,41.5,247900000000.0,3871140790,100.0,-67.7,5,4,False,False,False,False,True,True,False,True,True,False,False
009900.KS,명신산업,8500.0,41.4,446000000000.0,1178581299,57.7,-43.1,0,3,False,False,False,False,True,False,False,True,True,False,False
058470.KQ,리노공업,65500.0,41.3,4991900000000.0,57499869150,48.5,-49.2,5,3,False,False,False,False,True,True,False,False,True,False,False
261780.KQ,아리바이오LAB,2520.0,41.2,73000000000.0,1221365541,38.2,-62.5,0,3,False,False,False,False,True,False,False,True,True,False,False
009450.KS,경동나비엔,61800.0,41.1,900300000000.0,3183441150,16.6,-25.7,0,1,False,False,False,False,True,False,False,False,False,False,False
009830.KS,한화솔루션,33100.0,41.0,7443900000000.0,105978957262,50.5,-44.2,5,4,False,False,False,False,True,True,False,True,True,False,False
020150.KS,롯데에너지머티리얼즈,39850.0,40.8,2086800000000.0,7662654524,84.5,-52.0,5,4,False,False,False,False,True,True,False,True,True,False,False
094820.KQ,일진파워,11540.0,40.7,174000000000.0,1448978115,28.7,-52.9,5,2,False,False,False,False,True,True,False,False,False,False,False
010960.KS,삼호개발,3090.0,40.6,74500000000.0,9359186599,14.4,-43.8,0,1,False,False,False,False,True,False,False,False,False,False,False
006280.KS,녹십자,128100.0,40.5,1497000000000.0,4742223328,21.0,-30.3,0,1,False,False,False,False,False,False,False,True,False,False,False
417010.KQ,나노팀,6860.0,40.4,138400000000.0,2701221567,106.0,-56.9,1,4,False,False,False,False,True,True,False,True,True,False,False
052710.KQ,아모텍,10700.0,40.3,181700000000.0,7141218412,56.7,-64.4,5,3,False,False,False,False,True,True,False,False,True,False,False
468530.KQ,프로티나,34400.0,40.2,379600000000.0,2702803962,142.3,-71.4,0,2,False,False,False,False,False,False,False,True,True,False,False
277810.KQ,레인보우로보틱스,449500.0,40.1,8720200000000.0,60002329120,80.2,-54.1,5,3,False,False,False,False,True,True,False,False,True,False,False
064400.KS,LG씨엔에스,75800.0,40.0,7344000000000.0,77105546926,40.1,-50.6,3,5,False,False,False,True,True,True,False,True,True,False,False
019170.KS,신풍제약,10500.0,39.9,550400000000.0,3216266333,66.4,-34.0,0,2,False,False,False,False,False,False,False,True,True,False,False
004980.KS,성신양회,8540.0,39.8,209400000000.0,1614770040,26.0,-44.2,0,1,False,False,False,False,False,False,False,True,False,False,False
253590.KQ,네오셈,10750.0,39.6,471600000000.0,3996014983,60.4,-49.8,0,3,False,False,False,False,True,False,False,True,True,False,False
002140.KS,고려산업,2145.0,39.5,53500000000.0,5260472860,30.2,-35.4,0,2,False,False,False,False,False,False,False,True,True,False,False
060720.KQ,KH바텍,11110.0,39.4,263100000000.0,3029875841,34.7,-44.3,0,3,False,False,False,False,True,False,False,True,True,False,False
037440.KQ,희림,4180.0,39.3,58200000000.0,3837150670,35.1,-44.0,0,3,False,False,False,False,True,False,False,True,True,False,False
107640.KQ,한중엔시에스,40550.0,39.2,367600000000.0,3256828450,74.8,-44.5,0,2,False,False,False,False,False,False,False,True,True,False,False
226950.KQ,올릭스,105500.0,39.1,2222100000000.0,37609703304,103.9,-51.4,5,3,False,False,False,False,True,True,False,False,True,False,False
027360.KQ,아주IB투자,3260.0,39.0,394900000000.0,10398827357,70.4,-83.7,5,3,False,False,False,False,True,True,False,False,True,False,False
002680.KQ,한탑,2560.0,38.9,16500000000.0,1273201891,71.2,-50.3,0,2,False,False,False,False,False,False,False,True,True,False,False
043650.KQ,국순당,3555.0,38.8,63500000000.0,1921257736,14.1,-30.4,0,0,False,False,False,False,False,False,False,False,False,False,False
023410.KQ,유진기업,3230.0,38.7,249700000000.0,6756687298,9.5,-37.9,5,2,False,False,False,False,True,True,False,False,False,False,False
035250.KS,강원랜드,14750.0,38.5,3155600000000.0,5817998372,6.0,-24.7,0,2,False,False,False,False,False,False,False,True,False,True,False
452280.KQ,한선엔지니어링,10290.0,38.4,198100000000.0,2907586343,48.9,-72.4,5,3,False,False,False,False,True,True,False,False,True,False,False
003540.KS,대신증권,26900.0,38.3,1282200000000.0,2057736788,18.2,-47.7,0,2,False,False,False,False,True,False,False,True,False,False,False
101530.KS,해태제과식품,5600.0,38.2,163100000000.0,1569658175,4.7,-24.1,0,1,False,False,False,False,False,False,False,False,False,True,False
187790.KQ,나노,2980.0,38.1,91900000000.0,1274567162,76.9,-60.6,5,3,False,False,False,False,True,True,False,False,True,False,False
042510.KQ,라온시큐어,8850.0,38.0,98300000000.0,1400528862,40.0,-47.8,0,2,False,False,False,False,False,False,False,True,True,False,False
396470.KQ,워트,6300.0,37.9,101600000000.0,1923458735,52.7,-42.5,0,2,False,False,False,False,False,False,False,True,True,False,False
086520.KQ,에코프로,87200.0,37.8,11839700000000.0,98762949662,91.4,-54.1,5,4,False,False,False,False,True,True,False,True,True,False,False
000080.KS,하이트진로,15600.0,37.7,1094100000000.0,1908043937,12.8,-20.1,0,2,False,False,False,False,False,False,False,True,False,True,False
015750.KQ,성우하이텍,6050.0,37.6,484000000000.0,1627302495,24.0,-49.5,0,2,False,False,False,False,True,False,False,True,False,False,False
237690.KQ,에스티팜,103000.0,37.5,2150300000000.0,18816264524,22.5,-40.2,5,2,False,False,False,False,True,True,False,False,False,False,False
241790.KQ,티이엠씨씨엔에스,5960.0,37.3,59600000000.0,1062174380,48.4,-39.2,0,2,False,False,False,False,False,False,False,True,True,False,False
052020.KQ,에스티큐브,8320.0,37.2,565600000000.0,1703305824,38.4,-63.0,1,4,False,False,False,False,True,True,False,True,True,False,False
130660.KS,한전산업,12250.0,37.1,399400000000.0,3925490162,39.0,-55.9,0,3,False,False,False,False,True,False,False,True,True,False,False
001500.KS,현대차증권,8090.0,37.0,500200000000.0,1018550110,23.3,-45.6,0,2,False,False,False,False,True,False,False,True,False,False,False
009540.KS,HD한국조선해양,353500.0,36.9,25018300000000.0,72230705720,12.6,-28.5,0,0,False,False,False,False,False,False,False,False,False,False,False
014680.KS,한솔케미칼,205500.0,36.8,2218200000000.0,11992517070,29.6,-40.7,0,1,False,False,False,False,True,False,False,False,False,False,False
259960.KS,크래프톤,231000.0,36.7,10567800000000.0,26264577580,15.9,-32.8,0,0,False,False,False,False,False,False,False,False,False,False,False
097950.KS,CJ제일제당,185800.0,36.6,2797100000000.0,12849269622,7.6,-26.3,0,0,False,False,False,False,False,False,False,False,False,False,False
189300.KQ,인텔리안테크,62900.0,36.5,675400000000.0,5946214781,61.3,-65.1,5,3,False,False,False,False,True,True,False,False,True,False,False
004990.KS,롯데지주,24250.0,36.4,2416800000000.0,3550818857,14.7,-38.8,0,1,False,False,False,False,False,False,False,True,False,False,False
000020.KS,동화약품,5230.0,36.2,146100000000.0,2068290552,17.5,-30.8,0,1,False,False,False,False,False,False,False,True,False,False,False
003720.KS,삼영,6260.0,36.1,212800000000.0,2627616134,43.4,-55.2,5,3,False,False,False,False,True,True,False,False,True,False,False
008770.KS,호텔신라,44800.0,36.0,1758300000000.0,12464557835,12.8,-36.3,0,1,False,False,False,False,True,False,False,False,False,False,False
011930.KS,신성이엔지,16850.0,35.9,342200000000.0,4070689779,49.1,-66.1,0,3,False,False,False,False,True,False,False,True,True,False,False
037030.KQ,파워넷,3240.0,35.8,82700000000.0,1340229538,33.9,-68.8,5,3,False,False,False,False,True,True,False,False,True,False,False
475430.KQ,키스트론,4250.0,35.7,75900000000.0,14018210040,28.2,-45.7,0,1,False,False,False,False,True,False,False,False,False,False,False
215200.KQ,메가스터디교육,35800.0,35.6,371100000000.0,1484577153,2.6,-29.5,0,1,False,False,False,False,True,False,False,False,False,False,False
004020.KS,현대제철,30800.0,35.5,4110100000000.0,16388909265,30.2,-38.9,0,3,False,False,False,False,True,False,False,True,True,False,False
069620.KS,대웅제약,126800.0,35.4,1469200000000.0,4789063514,20.8,-36.4,0,1,False,False,False,False,False,False,False,True,False,False,False
139480.KS,이마트,74800.0,35.3,2064200000000.0,9696969478,6.4,-45.2,5,2,False,False,False,False,True,True,False,False,False,False,False
000490.KS,대동,8250.0,35.2,237800000000.0,3986530915,50.8,-39.5,0,2,False,False,False,False,False,False,False,True,True,False,False
213420.KQ,덕산네오룩스,33900.0,35.0,841800000000.0,5047192452,38.4,-40.8,0,3,False,False,False,False,True,False,False,True,True,False,False
103140.KS,풍산,80900.0,34.9,2267200000000.0,10491090320,46.6,-49.2,0,2,False,False,False,False,False,False,False,True,True,False,False
042110.KQ,에스씨디,1109.0,34.8,53600000000.0,2578408337,11.1,-33.7,0,1,False,False,False,False,True,False,False,False,False,False,False
326030.KS,에스케이바이오팜,89000.0,34.7,6969900000000.0,12338549660,21.9,-38.2,0,1,False,False,False,False,False,False,False,True,False,False,False
299660.KQ,셀리드,2695.0,34.6,79500000000.0,4011713735,177.0,-43.4,0,3,False,False,False,True,False,False,False,True,True,False,False
064960.KS,SNT모티브,26600.0,34.5,706000000000.0,1888425122,10.4,-34.8,0,1,False,False,False,False,False,False,False,True,False,False,False
425040.KQ,티이엠씨,8640.0,34.4,189400000000.0,2938732985,37.1,-71.5,0,2,False,False,False,False,True,False,False,False,True,False,False
039200.KQ,오스코텍,37000.0,34.3,1415600000000.0,6311048145,35.5,-43.9,0,2,False,False,False,False,False,False,False,True,True,False,False
241520.KQ,DSC인베스트먼트,8090.0,34.2,215200000000.0,1858508637,37.1,-58.9,5,3,False,False,False,False,True,True,False,False,True,False,False
298050.KS,HS효성첨단소재,176700.0,34.1,791600000000.0,2705882818,30.9,-37.3,0,3,False,False,False,False,True,False,False,True,True,False,False
092200.KS,디아이씨,6080.0,33.9,236400000000.0,3591530259,60.4,-59.9,1,3,False,False,False,False,False,True,False,True,True,False,False
020000.KS,한섬,15900.0,33.8,341500000000.0,2359291850,12.1,-44.7,5,2,False,False,False,False,True,True,False,False,False,False,False
056090.KQ,시지메드텍,1150.0,33.7,118700000000.0,2010111080,35.3,-67.7,1,4,False,False,False,False,True,True,False,True,True,False,False
456010.KQ,아이씨티케이,15430.0,33.6,223800000000.0,4607169350,47.5,-61.4,0,2,False,False,False,False,True,False,False,False,True,False,False
373220.KS,LG에너지솔루션,367000.0,33.5,85878000000000.0,121659280580,26.3,-30.4,0,1,False,False,False,False,False,False,False,True,False,False,False
061970.KQ,LB세미콘,4020.0,33.4,281700000000.0,2883084455,39.3,-43.5,0,2,False,False,False,False,True,False,False,False,True,False,False
125490.KQ,한라캐스트,11010.0,33.3,401900000000.0,13812157038,152.8,-56.6,0,2,False,False,False,False,False,False,False,True,True,False,False
060250.KQ,NHN KCP,15070.0,33.2,605200000000.0,7111472176,38.3,-40.9,0,3,False,False,False,False,True,False,False,True,True,False,False
950220.KQ,네오이뮨텍,2590.0,33.1,88600000000.0,2648931682,132.3,-58.0,0,3,False,False,False,True,False,False,False,True,True,False,False
232680.KQ,라온로보틱스,9320.0,33.0,123600000000.0,2048737221,41.0,-61.1,5,3,False,False,False,False,True,True,False,False,True,False,False
260970.KQ,에스앤디,55800.0,32.9,161400000000.0,1426069066,32.5,-58.9,0,2,False,False,False,False,False,False,False,True,True,False,False
008350.KS,남선알미늄,1048.0,32.7,135300000000.0,1383816512,19.0,-69.9,0,2,False,False,False,False,True,False,False,True,False,False,False
046940.KQ,우원개발,2980.0,32.6,53900000000.0,3722322212,20.6,-54.9,5,2,False,False,False,False,True,True,False,False,False,False,False
005010.KS,휴스틸,3750.0,32.5,210700000000.0,1294274571,20.6,-48.6,0,1,False,False,False,False,True,False,False,False,False,False,False
126340.KQ,비나텍,60600.0,32.4,435100000000.0,8165037019,98.2,-70.4,5,3,False,False,False,False,True,True,False,False,True,False,False
051600.KS,한전KPS,45350.0,32.3,2040800000000.0,5425411453,9.3,-34.3,0,2,False,False,False,False,True,False,False,True,False,False,False
051600.KS,한전KPS,45350.0,32.3,2040800000000.0,5425411453,9.3,-34.3,0,2,False,False,False,False,True,False,False,True,False,False,False
011210.KS,현대위아,59000.0,32.1,1604500000000.0,5733168936,25.7,-47.6,5,2,False,False,False,False,True,True,False,False,False,False,False
011230.KS,삼화전자공업,2585.0,32.0,49500000000.0,6412770950,28.6,-47.5,0,0,False,False,False,False,False,False,False,False,False,False,False
002030.KS,아세아,214500.0,31.9,441600000000.0,1146243352,35.9,-46.6,0,2,False,False,False,False,False,False,False,True,True,False,False
270660.KQ,에브리봇,14190.0,31.8,180100000000.0,2413360644,49.8,-55.5,0,2,False,False,False,False,False,False,False,True,True,False,False
126700.KQ,하이비젼시스템,12400.0,31.6,185300000000.0,1048213103,55.0,-42.3,0,2,False,False,False,False,False,False,False,True,True,False,False
377300.KS,카카오페이,45900.0,31.5,6209000000000.0,13091467915,25.6,-42.0,0,2,False,False,False,False,True,False,False,True,False,False,False
006220.KS,제주은행,10150.0,31.4,383700000000.0,4851678815,26.9,-46.1,0,1,False,False,False,False,False,False,False,True,False,False,False
399720.KQ,가온칩스,43550.0,31.3,516500000000.0,11273556698,24.6,-47.7,0,1,False,False,False,False,True,False,False,False,False,False,False
215600.KQ,신라젠,2480.0,31.2,343600000000.0,4562970466,39.3,-54.1,0,2,False,False,False,False,False,False,False,True,True,False,False
013120.KQ,동원개발,2190.0,31.1,198900000000.0,3746419615,14.1,-39.7,0,0,False,False,False,False,False,False,False,False,False,False,False
302440.KS,SK바이오사이언스,38350.0,31.0,3008800000000.0,3545548105,20.6,-37.4,0,1,False,False,False,False,False,False,False,True,False,False,False
006660.KS,삼성공조,12730.0,30.9,103400000000.0,15268626109,44.8,-36.4,0,2,False,False,False,False,False,False,False,True,True,False,False
005300.KS,롯데칠성음료,99100.0,30.8,919500000000.0,1934320702,5.5,-36.0,0,0,False,False,False,False,False,False,False,False,False,False,False
035420.KS,NAVER,215000.0,30.7,32696400000000.0,235326962672,18.7,-29.3,0,1,False,False,False,False,False,False,False,True,False,False,False
222080.KQ,SFA넥셀,7950.0,30.6,618400000000.0,4664855557,39.7,-60.0,5,4,False,False,False,False,True,True,False,True,True,False,False
046120.KQ,오르비텍,4450.0,30.4,150700000000.0,1479467127,37.3,-72.9,5,3,False,False,False,False,True,True,False,False,True,False,False
117730.KQ,티로보틱스,13320.0,30.3,300500000000.0,1450588795,35.9,-56.9,0,2,False,False,False,False,False,False,False,True,True,False,False
099320.KQ,쎄트렉아이,71400.0,30.2,781900000000.0,4460374672,57.6,-68.1,5,3,False,False,False,False,True,True,False,False,True,False,False
018880.KS,한온시스템,3540.0,30.1,3633000000000.0,18948655423,28.5,-40.4,0,1,False,False,False,False,True,False,False,False,False,False,False
003090.KS,대웅,17790.0,30.0,1034300000000.0,1060117596,15.4,-41.9,0,1,False,False,False,False,False,False,False,True,False,False,False
464080.KQ,에스오에스랩,10110.0,29.9,182100000000.0,1313673319,54.4,-64.8,0,3,False,False,False,False,True,False,False,True,True,False,False
464080.KQ,에스오에스랩,10110.0,29.9,182100000000.0,1313673319,54.4,-64.8,0,3,False,False,False,False,True,False,False,True,True,False,False
185750.KS,종근당,68800.0,29.7,949600000000.0,1640696688,9.2,-29.9,0,1,False,False,False,False,False,False,False,True,False,False,False
010140.KS,삼성중공업,21000.0,29.6,18480000000000.0,76781049930,15.3,-40.6,0,1,False,False,False,False,True,False,False,False,False,False,False
000100.KS,유한양행,82700.0,29.5,6088000000000.0,22469335110,27.2,-36.0,0,1,False,False,False,False,False,False,False,True,False,False,False
005360.KS,모나미,1365.0,29.3,25800000000.0,6645023220,28.2,-69.5,0,0,False,False,False,False,False,False,False,False,False,False,False
042370.KQ,비츠로테크,8350.0,29.2,218800000000.0,1293884509,28.1,-64.9,0,1,False,False,False,False,True,False,False,False,False,False,False
101730.KQ,위메이드맥스,4280.0,29.1,358700000000.0,3081733300,64.6,-47.5,0,2,False,False,False,False,False,False,False,True,True,False,False
041190.KQ,우리기술투자,6190.0,29.0,520000000000.0,16925057615,66.2,-52.9,0,2,False,False,False,False,False,False,False,True,True,False,False
458870.KQ,씨어스,21000.0,28.9,805300000000.0,8534718625,93.8,-67.3,0,1,False,False,False,False,False,False,False,False,True,False,False
078150.KQ,HB테크놀러지,1902.0,28.8,180500000000.0,1950353758,20.8,-69.0,0,1,False,False,False,False,True,False,False,False,False,False,False
111710.KQ,남화산업,3185.0,28.7,65600000000.0,4314636367,22.5,-59.3,0,0,False,False,False,False,False,False,False,False,False,False,False
111710.KQ,남화산업,3185.0,28.7,65600000000.0,4314636367,22.5,-59.3,0,0,False,False,False,False,False,False,False,False,False,False,False
001340.KS,PKC,5190.0,28.5,233700000000.0,1592300751,27.4,-36.7,0,1,False,False,False,False,True,False,False,False,False,False,False
030520.KQ,한글과컴퓨터,17990.0,28.4,435000000000.0,2157168443,21.6,-35.3,0,1,False,False,False,False,False,False,False,True,False,False,False
255440.KQ,야스,7350.0,28.3,96000000000.0,2656655079,101.4,-45.4,0,2,False,False,False,False,False,False,False,True,True,False,False
048410.KQ,현대바이오,6390.0,28.1,616700000000.0,6331279040,40.0,-70.3,5,3,False,False,False,False,True,True,False,False,True,False,False
354320.KQ,알멕,28600.0,28.0,182800000000.0,2416992950,51.3,-72.5,5,3,False,False,False,False,True,True,False,False,True,False,False
112290.KQ,와이씨켐,9820.0,27.9,198600000000.0,1381371428,32.7,-44.5,0,2,False,False,False,False,True,False,False,False,True,False,False
475580.KQ,에이럭스,7420.0,27.8,101100000000.0,1000740040,47.8,-52.6,0,2,False,False,False,False,False,False,False,True,True,False,False
278280.KQ,천보,41250.0,27.7,505400000000.0,1397336588,59.3,-48.8,0,2,False,False,False,False,False,False,False,True,True,False,False
010690.KS,화신,7940.0,27.6,277300000000.0,5632863798,23.9,-52.5,0,1,False,False,False,False,True,False,False,False,False,False,False
100840.KS,SNT에너지,32800.0,27.5,678300000000.0,3904256824,54.7,-51.7,0,3,False,False,False,False,True,False,False,True,True,False,False
003530.KS,한화투자증권,4930.0,27.4,1057700000000.0,6889585383,40.3,-52.1,0,3,False,False,False,False,True,False,False,True,True,False,False
097230.KS,HJ중공업,16500.0,27.3,1489900000000.0,8449493876,36.1,-52.0,0,1,False,False,False,False,False,False,False,False,True,False,False
067080.KQ,대화제약,11260.0,27.2,209600000000.0,1195055211,50.9,-54.8,0,2,False,False,False,False,False,False,False,True,True,False,False
115500.KQ,케이씨에스,8970.0,27.0,107600000000.0,1574009425,46.6,-67.4,0,3,False,False,False,False,True,False,False,True,True,False,False
383310.KQ,에코프로에이치엔,24050.0,26.9,504400000000.0,5656965866,20.2,-48.7,0,1,False,False,False,False,True,False,False,False,False,False,False
149950.KQ,아바텍,9060.0,26.8,123800000000.0,1653531154,34.2,-53.5,0,2,False,False,False,False,True,False,False,False,True,False,False
004090.KS,한국석유공업,11210.0,26.7,142300000000.0,3673811175,15.7,-66.6,0,2,False,False,False,False,True,False,False,True,False,False,False
051910.KS,LG화학,282000.0,26.6,19907000000000.0,55517097110,25.9,-35.5,0,1,False,False,False,False,False,False,False,True,False,False,False
214330.KS,금호에이치티,6260.0,26.5,65500000000.0,3522631869,39.9,-52.5,0,2,False,False,False,False,False,False,False,True,True,False,False
054920.KQ,한컴위드,3770.0,26.4,106400000000.0,1072829665,34.9,-58.0,0,3,False,False,False,False,True,False,False,True,True,False,False
053700.KQ,삼보모터스,4025.0,26.3,107500000000.0,1242212069,14.3,-59.7,1,3,False,False,False,False,True,True,False,True,False,False,False
025980.KQ,아난티,5340.0,26.2,519600000000.0,16002746742,69.5,-50.9,0,2,False,False,False,False,False,False,False,True,True,False,False
095660.KQ,네오위즈,18060.0,26.1,390800000000.0,1186909118,12.2,-42.8,0,0,False,False,False,False,False,False,False,False,False,False,False
011500.KS,한농화성,14140.0,26.0,221100000000.0,1059583583,52.9,-52.0,0,3,False,False,False,False,True,False,False,True,True,False,False
108860.KQ,셀바스AI,9240.0,25.8,248700000000.0,7146238733,51.5,-47.4,0,2,False,False,False,False,False,False,False,True,True,False,False
049630.KQ,재영솔루텍,7210.0,25.7,168500000000.0,3112482622,102.5,-82.2,5,3,False,False,False,False,False,True,False,True,True,False,False
005860.KQ,한일사료,2450.0,25.6,96500000000.0,4917615415,22.5,-54.1,0,2,False,False,False,False,True,False,False,True,False,False,False
475560.KS,더본코리아,16480.0,25.5,244400000000.0,1048292330,35.9,-42.9,0,2,False,False,False,False,False,False,False,True,True,False,False
009520.KQ,포스코엠텍,12950.0,25.4,539300000000.0,2347030874,56.6,-43.9,0,3,False,False,False,False,True,False,False,True,True,False,False
336370.KS,솔루스첨단소재,7950.0,25.3,558200000000.0,1234327894,49.2,-53.0,0,3,False,False,False,False,True,False,False,True,True,False,False
121600.KQ,나노신소재,49650.0,25.2,608800000000.0,2908107652,49.5,-47.9,0,3,False,False,False,False,True,False,False,True,True,False,False
005070.KS,코스모신소재,40200.0,25.1,1335200000000.0,4325600613,51.1,-39.5,0,2,False,False,False,False,False,False,False,True,True,False,False
293490.KQ,카카오게임즈,9880.0,25.0,1054600000000.0,5729782180,45.7,-46.4,0,2,False,False,False,False,False,False,False,True,True,False,False
025540.KS,한국단자공업,55500.0,24.9,561400000000.0,1444147596,2.6,-41.0,5,2,False,False,False,False,True,True,False,False,False,False,False
025900.KQ,동화기업,7450.0,24.8,376700000000.0,1162611293,65.6,-42.6,0,2,False,False,False,False,False,False,False,True,True,False,False
200710.KQ,에이디테크놀로지,24650.0,24.6,331800000000.0,6122729913,20.2,-60.2,5,2,False,False,False,False,True,True,False,False,False,False,False
000120.KS,CJ대한통운,73500.0,24.5,1676700000000.0,3751358826,5.9,-52.3,0,0,False,False,False,False,False,False,False,False,False,False,False
218150.KQ,미래생명자원,2120.0,24.4,43300000000.0,3683822731,37.2,-50.7,0,2,False,False,False,False,False,False,False,True,True,False,False
011170.KS,롯데케미칼,60000.0,24.3,2566500000000.0,7352481224,14.3,-49.8,0,2,False,False,False,False,True,False,False,True,False,False,False
003310.KQ,대주산업,1675.0,24.2,59300000000.0,1230081363,23.6,-72.5,1,3,False,False,False,False,True,True,False,True,False,False,False
489790.KS,한화비전,49700.0,24.1,2509300000000.0,13153244297,60.6,-49.2,0,3,False,False,False,False,True,False,False,True,True,False,False
310210.KQ,보로노이,166000.0,24.0,3074900000000.0,14855932958,70.3,-55.8,0,3,False,False,False,False,True,False,False,True,True,False,False
251270.KS,넷마블,38800.0,23.9,3226500000000.0,6132245747,13.5,-43.8,0,1,False,False,False,False,False,False,False,True,False,False,False
443670.KQ,에스피소프트,3820.0,23.8,91700000000.0,1301519004,51.6,-47.6,0,2,False,False,False,False,False,False,False,True,True,False,False
348340.KQ,뉴로메카,17760.0,23.7,415700000000.0,6522501255,48.8,-78.6,5,3,False,False,False,False,True,True,False,False,True,False,False
105840.KS,우진,12980.0,23.5,262200000000.0,2796542195,40.0,-59.1,0,2,False,False,False,False,True,False,False,False,True,False,False
263750.KQ,펄어비스,31350.0,23.4,1970200000000.0,12697039841,6.5,-59.5,0,1,False,False,False,False,True,False,False,False,False,False,False
049480.KQ,오픈베이스,1873.0,23.3,58900000000.0,1085983676,23.1,-55.4,0,1,False,False,False,False,False,False,False,True,False,False,False
206650.KQ,유바이오로직스,9290.0,23.2,341400000000.0,1278439147,33.7,-47.5,0,2,False,False,False,False,False,False,False,True,True,False,False
000670.KS,영풍,40350.0,23.1,742900000000.0,1178732295,30.2,-43.7,0,2,False,False,False,False,False,False,False,True,True,False,False
036010.KQ,아비코전자,6910.0,23.0,91900000000.0,1275270547,58.5,-51.5,0,3,False,False,False,False,True,False,False,True,True,False,False
365550.KS,ESR켄달스퀘어리츠,3190.0,22.9,785000000000.0,1432812909,9.1,-33.5,0,0,False,False,False,False,False,False,False,False,False,False,False
329180.KS,HD현대중공업,453000.0,22.8,47547400000000.0,137396802000,10.1,-40.8,0,1,False,False,False,False,True,False,False,False,False,False,False
306620.KQ,지아이에스,1890.0,22.7,90600000000.0,1231752262,50.0,-54.3,0,2,False,False,False,False,True,False,False,False,True,False,False
039440.KQ,에스티아이,19980.0,22.6,309800000000.0,2869307036,15.4,-53.8,0,1,False,False,False,False,True,False,False,False,False,False,False
042940.KQ,상지건설,6350.0,22.5,43400000000.0,1939983955,29.1,-61.8,0,1,False,False,False,False,False,False,False,True,False,False,False
032500.KQ,케이엠더블유,14620.0,22.3,616800000000.0,3879252239,31.8,-63.5,5,3,False,False,False,False,True,True,False,False,True,False,False
460930.KQ,현대힘스,13740.0,22.2,487900000000.0,10152311019,32.4,-58.9,0,2,False,False,False,False,False,False,False,True,True,False,False
012690.KS,모나리자,1537.0,22.1,56200000000.0,4785309407,20.5,-43.0,0,1,False,False,False,False,False,False,False,True,False,False,False
079370.KQ,제우스,10050.0,22.0,311700000000.0,2295624430,52.7,-52.0,0,2,False,False,False,False,False,False,False,True,True,False,False
272290.KQ,이녹스첨단소재,21250.0,21.9,423700000000.0,2639855865,27.2,-52.1,0,1,False,False,False,False,True,False,False,False,False,False,False
060280.KQ,큐렉소,8510.0,21.8,351100000000.0,1939146968,22.1,-62.3,0,1,False,False,False,False,True,False,False,False,False,False,False
002070.KS,비비안,4815.0,21.7,23100000000.0,1672295457,61.8,-59.2,0,2,False,False,False,False,False,False,False,True,True,False,False
254490.KQ,미래반도체,15650.0,21.6,226000000000.0,1951071643,48.8,-67.3,0,2,False,False,False,False,True,False,False,False,True,False,False
168360.KQ,펨트론,13460.0,21.5,301400000000.0,1635659260,55.2,-61.2,0,2,False,False,False,False,True,False,False,False,True,False,False
094940.KQ,푸른로보틱스,6680.0,21.4,55900000000.0,1300049173,41.7,-57.5,0,3,False,False,False,False,True,False,False,True,True,False,False
036090.KQ,위지트,1323.0,21.2,56300000000.0,1269561366,35.0,-54.1,0,1,False,False,False,False,False,False,False,False,True,False,False
347850.KQ,디앤디파마텍,51800.0,21.1,2374400000000.0,97024618379,61.4,-55.6,5,2,False,False,False,False,False,True,False,False,True,False,False
003620.KS,KG모빌리티,2670.0,21.0,540300000000.0,1409031419,5.7,-42.8,0,0,False,False,False,False,False,False,False,False,False,False,False
163730.KQ,핑거,10190.0,20.9,122400000000.0,1043666847,64.4,-60.3,0,3,False,False,False,False,True,False,False,True,True,False,False
002700.KS,신일전자,1001.0,20.8,68600000000.0,5243158023,5.7,-33.3,0,0,False,False,False,False,False,False,False,False,False,False,False
114090.KS,GKL,9610.0,20.7,594400000000.0,1741861110,6.9,-45.7,0,0,False,False,False,False,False,False,False,False,False,False,False
201490.KQ,미투온,2510.0,20.6,82100000000.0,1774524707,44.4,-63.1,0,2,False,False,False,False,False,False,False,True,True,False,False
232140.KQ,와이씨,11170.0,20.5,916400000000.0,10984092440,63.8,-53.7,0,3,False,False,False,False,True,False,False,True,True,False,False
006650.KS,대한유화,98600.0,20.4,640900000000.0,3223497326,24.3,-51.3,0,1,False,False,False,False,False,False,False,True,False,False,False
453450.KQ,그리드위즈,13530.0,20.3,107500000000.0,1253490405,26.4,-54.6,0,1,False,False,False,False,True,False,False,False,False,False,False
024060.KQ,흥구석유,10210.0,20.2,153200000000.0,34353553606,14.5,-71.8,0,1,False,False,False,False,True,False,False,False,False,False,False
071670.KQ,에이테크솔루션,5080.0,20.0,50800000000.0,1013838107,27.2,-64.4,0,1,False,False,False,False,True,False,False,False,False,False,False
068760.KQ,셀트리온제약,41550.0,19.9,1844900000000.0,3482918187,12.3,-46.9,0,1,False,False,False,False,False,False,False,True,False,False,False
039130.KS,하나투어,33200.0,19.8,514300000000.0,1036244001,16.1,-39.3,0,1,False,False,False,False,False,False,False,True,False,False,False
108230.KQ,톱텍,3205.0,19.7,121900000000.0,2052217448,25.7,-39.1,0,1,False,False,False,False,False,False,False,True,False,False,False
064260.KQ,다날,5200.0,19.6,393400000000.0,17478209473,36.7,-53.7,0,2,False,False,False,False,False,False,False,True,True,False,False
142280.KQ,녹십자엠에스,3080.0,19.5,73800000000.0,1359553671,40.0,-53.8,0,2,False,False,False,False,False,False,False,True,True,False,False
067630.KQ,HLB생명과학,2740.0,19.4,334100000000.0,1073125521,70.4,-48.6,0,2,False,False,False,False,False,False,False,True,True,False,False
214430.KQ,아이쓰리시스템,59900.0,19.3,437700000000.0,2133839186,21.6,-56.6,0,1,False,False,False,False,True,False,False,False,False,False,False
406820.KQ,뷰티스킨,2015.0,19.2,28500000000.0,1544594222,32.1,-89.5,0,2,False,False,False,False,False,False,False,True,True,False,False
089010.KQ,켐트로닉스,22600.0,19.1,379000000000.0,1917407465,39.1,-53.8,0,2,False,False,False,False,False,False,False,True,True,False,False
086390.KQ,유니테스트,11080.0,18.9,234200000000.0,2253690914,83.7,-53.2,0,3,False,False,False,False,True,False,False,True,True,False,False
365340.KQ,성일하이텍,37150.0,18.8,480000000000.0,1757019339,56.1,-56.5,0,3,False,False,False,False,True,False,False,True,True,False,False
052400.KQ,코나아이,39550.0,18.7,576000000000.0,2623001182,20.0,-45.4,0,1,False,False,False,False,True,False,False,False,False,False,False
333430.KQ,일승,3715.0,18.6,114100000000.0,4737441969,30.4,-64.4,0,2,False,False,False,False,False,False,False,True,True,False,False
417200.KQ,LS머트리얼즈,11300.0,18.5,764500000000.0,7354743174,29.9,-65.5,5,2,False,False,False,False,True,True,False,False,False,False,False
114190.KQ,강원에너지,9010.0,18.4,235400000000.0,1331544284,49.2,-55.5,0,2,False,False,False,False,False,False,False,True,True,False,False
317330.KQ,덕산테코피아,13320.0,18.3,272700000000.0,1091072223,69.7,-59.6,0,2,False,False,False,False,False,False,False,True,True,False,False
298830.KQ,슈어소프트테크,4385.0,18.2,234400000000.0,1038701057,46.2,-59.7,0,2,False,False,False,False,False,False,False,True,True,False,False
017960.KS,한국카본,23850.0,18.1,1232500000000.0,7129781047,28.7,-55.9,0,1,False,False,False,False,True,False,False,False,False,False,False
248070.KS,솔루엠,13460.0,18.0,643600000000.0,1843640706,16.8,-44.7,0,1,False,False,False,False,True,False,False,False,False,False,False
041510.KQ,에스엠,73900.0,17.9,1691900000000.0,7550964638,15.6,-52.4,0,1,False,False,False,False,False,False,False,True,False,False,False
064820.KQ,케이프,7710.0,17.7,237900000000.0,1037345032,12.1,-55.9,0,1,False,False,False,False,True,False,False,False,False,False,False
015760.KS,한국전력공사,32350.0,17.6,20767500000000.0,64925748511,6.4,-53.5,0,0,False,False,False,False,False,False,False,False,False,False,False
015760.KS,한국전력공사,32350.0,17.6,20767500000000.0,64925748511,6.4,-53.5,0,0,False,False,False,False,False,False,False,False,False,False,False
388720.KQ,유일로보틱스,65300.0,17.4,769300000000.0,2358160182,21.4,-57.9,0,1,False,False,False,False,True,False,False,False,False,False,False
083500.KQ,에프엔에스테크,11600.0,17.3,96400000000.0,1207597394,21.5,-52.0,0,1,False,False,False,False,True,False,False,False,False,False,False
001040.KS,CJ,133600.0,17.2,3898000000000.0,16444608044,14.3,-43.1,0,1,False,False,False,False,True,False,False,False,False,False,False
137310.KS,에스디바이오센서,6190.0,17.1,747400000000.0,1056913014,6.7,-43.4,0,0,False,False,False,False,False,False,False,False,False,False,False
454910.KS,두산로보틱스,69000.0,17.0,4472600000000.0,40697902146,27.3,-59.4,0,1,False,False,False,False,True,False,False,False,False,False,False
199800.KQ,툴젠,34450.0,16.9,310000000000.0,1129884508,24.1,-75.7,0,0,False,False,False,False,False,False,False,False,False,False,False
005690.KS,파미셀,10930.0,16.8,655800000000.0,9505881854,34.3,-48.3,0,1,False,False,False,False,False,False,False,False,True,False,False
017510.KQ,세명전기,7380.0,16.6,112500000000.0,1912790324,45.0,-58.9,0,3,False,False,False,False,True,False,False,True,True,False,False
281740.KQ,레이크머티리얼즈,11850.0,16.5,778900000000.0,4497356036,28.8,-58.7,0,1,False,False,False,False,True,False,False,False,False,False,False
000890.KS,보해양조,1321.0,16.4,36500000000.0,10640265543,7.4,-69.9,0,0,False,False,False,False,False,False,False,False,False,False,False
000890.KS,보해양조,1321.0,16.4,36500000000.0,10640265543,7.4,-69.9,0,0,False,False,False,False,False,False,False,False,False,False,False
005420.KS,코스모화학,11380.0,16.2,437100000000.0,1364419709,58.9,-47.4,0,2,False,False,False,False,False,False,False,True,True,False,False
094480.KQ,갤럭시아머니트리,5990.0,16.1,235000000000.0,4393276899,47.7,-51.1,0,2,False,False,False,False,False,False,False,True,True,False,False
389260.KQ,대명에너지,13180.0,16.0,236100000000.0,5872133637,24.5,-52.2,0,0,False,False,False,False,False,False,False,False,False,False,False
033500.KQ,동성화인텍,17750.0,15.9,532300000000.0,2056103473,26.3,-48.3,0,1,False,False,False,False,False,False,False,True,False,False,False
018290.KQ,브이티,12710.0,15.8,444100000000.0,2726519647,23.5,-67.7,0,1,False,False,False,False,False,False,False,True,False,False,False
194700.KQ,노바렉스,11230.0,15.7,205000000000.0,2225172956,5.8,-47.8,0,0,False,False,False,False,False,False,False,False,False,False,False
053080.KQ,케이엔솔,8960.0,15.6,116500000000.0,1047146154,38.1,-51.4,0,2,False,False,False,False,False,False,False,True,True,False,False
253840.KQ,수젠텍,4350.0,15.4,72800000000.0,1397061481,23.2,-47.3,0,1,False,False,False,False,False,False,False,True,False,False,False
011790.KS,SKC,88700.0,15.3,4399400000000.0,21005645856,45.2,-51.9,0,1,False,False,False,False,False,False,False,False,True,False,False
466100.KQ,클로봇,25350.0,15.2,645400000000.0,11590358760,59.0,-69.2,0,1,False,False,False,False,False,False,False,False,True,False,False
056080.KQ,유진로봇,11710.0,15.1,447700000000.0,4545202927,26.6,-76.3,0,1,False,False,False,False,True,False,False,False,False,False,False
095500.KQ,미래나노텍,7120.0,15.0,220800000000.0,2922725788,36.4,-49.7,0,1,False,False,False,False,False,False,False,False,True,False,False
079900.KS,전진건설로봇,38400.0,14.9,560400000000.0,2925594906,50.0,-48.4,0,3,False,False,False,False,True,False,False,True,True,False,False
148780.KQ,비큐AI,3580.0,14.8,22500000000.0,2457360065,93.5,-65.5,0,2,False,False,False,False,False,False,False,True,True,False,False
095700.KQ,제넥신,3010.0,14.7,137100000000.0,1008227726,40.7,-59.8,0,2,False,False,False,False,False,False,False,True,True,False,False
025320.KQ,시노펙스,4000.0,14.6,368800000000.0,4257386506,33.8,-52.0,0,1,False,False,False,False,False,False,False,False,True,False,False
194480.KQ,데브시스터즈,17480.0,14.5,212700000000.0,1777624376,33.4,-70.0,0,2,False,False,False,False,False,False,False,True,True,False,False
109610.KQ,에스와이,1909.0,14.3,93400000000.0,1895979221,29.1,-48.0,0,0,False,False,False,False,False,False,False,False,False,False,False
042660.KS,한화오션,87900.0,14.2,26933700000000.0,151221222308,23.3,-43.2,0,0,False,False,False,False,False,False,False,False,False,False,False
036620.KQ,감성코퍼레이션,3775.0,14.1,339200000000.0,1872442786,6.6,-51.0,0,0,False,False,False,False,False,False,False,False,False,False,False
065770.KQ,CS,1247.0,14.0,13100000000.0,1184991993,8.3,-80.4,0,1,False,False,False,False,True,False,False,False,False,False,False
475960.KQ,토모큐브,29450.0,13.9,396900000000.0,1532577309,8.3,-56.6,0,0,False,False,False,False,False,False,False,False,False,False,False
459510.KQ,나우로보틱스,14650.0,13.8,190100000000.0,1586828239,36.9,-61.7,0,1,False,False,False,False,False,False,False,False,True,False,False
014940.KQ,오리엔탈정공,4745.0,13.7,216200000000.0,1874629453,34.4,-63.5,0,2,False,False,False,False,False,False,False,True,True,False,False
445680.KQ,큐리옥스바이오시스템즈,51200.0,13.6,881200000000.0,5536955989,61.8,-65.7,0,2,False,False,False,False,False,False,False,True,True,False,False
445090.KQ,에이직랜드,20600.0,13.5,225100000000.0,2320440374,48.1,-40.8,0,1,False,False,False,False,False,False,False,False,True,False,False
209640.KQ,와이제이링크,3120.0,13.4,88700000000.0,1794877400,30.5,-69.9,1,3,False,False,False,False,True,True,False,False,True,False,False
158430.KQ,아톤,4660.0,13.3,114100000000.0,1018563656,41.2,-59.0,0,2,False,False,False,False,False,False,False,True,True,False,False
122870.KQ,와이지엔터테인먼트,41000.0,13.1,766300000000.0,4912678255,19.5,-62.7,0,1,False,False,False,False,False,False,False,True,False,False,False
028300.KQ,HLB,34050.0,13.0,4535400000000.0,47821807716,41.0,-50.8,0,1,False,False,False,False,False,False,False,False,True,False,False
025950.KQ,동신건설,10380.0,12.9,87200000000.0,3715668087,27.1,-65.6,0,0,False,False,False,False,False,False,False,False,False,False,False
199820.KQ,제일일렉트릭,7410.0,12.8,164700000000.0,1501134151,37.0,-66.8,0,2,False,False,False,False,True,False,False,False,True,False,False
101490.KQ,에스앤에스텍,42000.0,12.7,896100000000.0,9440971922,31.7,-61.3,0,2,False,False,False,False,True,False,False,False,True,False,False
035720.KS,카카오,36500.0,12.6,16168800000000.0,80977508564,13.2,-47.6,0,1,False,False,False,False,False,False,False,True,False,False,False
256840.KQ,한국비엔씨,2785.0,12.5,190500000000.0,1711342370,35.9,-54.9,0,2,False,False,False,False,False,False,False,True,True,False,False
137400.KQ,피엔티,30000.0,12.4,710700000000.0,4449069154,30.4,-51.6,0,2,False,False,False,False,True,False,False,False,True,False,False
009470.KS,삼화전기,23000.0,12.3,152100000000.0,2328169773,29.2,-61.3,0,1,False,False,False,False,True,False,False,False,False,False,False
108320.KS,LX세미콘,38150.0,12.2,620500000000.0,3560575441,29.3,-43.3,0,1,False,False,False,False,False,False,False,True,False,False,False
022100.KS,포스코DX,21700.0,12.0,3299200000000.0,6936855013,31.4,-52.4,0,3,False,False,False,False,True,False,False,True,True,False,False
023790.KQ,동일스틸럭스,1324.0,11.9,17300000000.0,2354974637,33.6,-85.0,0,1,False,False,False,False,False,False,False,False,True,False,False
077970.KS,STX엔진,24850.0,11.8,997700000000.0,5259165089,32.0,-63.3,0,1,False,False,False,False,False,False,False,False,True,False,False
455900.KQ,엔젤로보틱스,20250.0,11.7,311700000000.0,2276003058,36.3,-53.9,0,2,False,False,False,False,False,False,False,True,True,False,False
463020.KQ,뉴엔AI,8750.0,11.6,78600000000.0,8024507857,60.6,-71.7,0,2,False,False,False,False,False,False,False,True,True,False,False
900270.KQ,헝셩그룹,3500.0,11.5,17900000000.0,1330665063,66.7,-74.4,0,2,False,False,False,False,False,False,False,True,True,False,False
465770.KS,STX그린로지스,3020.0,11.4,21800000000.0,6549544227,80.9,-68.5,0,2,False,False,False,False,False,False,False,True,True,False,False
054540.KQ,삼영엠텍,6530.0,11.3,84900000000.0,1675599916,26.6,-71.4,0,0,False,False,False,False,False,False,False,False,False,False,False
304100.KQ,솔트룩스,16390.0,11.2,206400000000.0,3250207871,64.6,-57.3,0,2,False,False,False,False,False,False,False,True,True,False,False
034940.KQ,조아제약,2945.0,11.1,18200000000.0,2436757392,18.5,-58.5,0,0,False,False,False,False,False,False,False,False,False,False,False
228760.KQ,지노믹트리,11180.0,11.0,277900000000.0,1185627984,11.7,-66.4,0,0,False,False,False,False,False,False,False,False,False,False,False
402490.KQ,그린리소스,6550.0,10.8,110900000000.0,1075064922,35.8,-73.6,0,2,False,False,False,False,True,False,False,False,True,False,False
361610.KS,SK아이이테크놀로지,16140.0,10.7,1320000000000.0,6114895918,36.3,-54.0,0,2,False,False,False,False,False,False,False,True,True,False,False
071970.KS,HD현대마린엔진,52300.0,10.6,1774100000000.0,13801398375,12.5,-55.8,0,0,False,False,False,False,False,False,False,False,False,False,False
357880.KQ,SKAI,1821.0,10.5,98700000000.0,2477857249,28.9,-70.4,0,1,False,False,False,False,True,False,False,False,False,False,False
032350.KS,롯데관광개발,13190.0,10.4,1051600000000.0,6871890939,30.0,-52.4,0,0,False,False,False,False,False,False,False,False,False,False,False
475400.KQ,씨메스로보틱스,17970.0,10.3,212200000000.0,1311652964,33.9,-61.7,0,1,False,False,False,False,False,False,False,False,True,False,False
010780.KS,아이에스동서,15790.0,10.2,476700000000.0,1881477533,10.3,-54.2,0,1,False,False,False,False,True,False,False,False,False,False,False
098070.KQ,한텍,24150.0,10.1,268600000000.0,1523976551,16.1,-61.2,0,1,False,False,False,False,True,False,False,False,False,False,False
100090.KS,SK오션플랜트,12450.0,10.0,777900000000.0,27682969372,13.1,-60.6,0,0,False,False,False,False,False,False,False,False,False,False,False
247540.KQ,에코프로비엠,116200.0,9.9,11367900000000.0,60010332728,31.6,-55.3,0,2,False,False,False,False,True,False,False,False,True,False,False
044340.KQ,위닉스,3400.0,9.7,60800000000.0,10336254604,9.7,-48.5,0,0,False,False,False,False,False,False,False,False,False,False,False
008730.KS,율촌화학,16300.0,9.6,404200000000.0,1059422381,46.2,-58.4,0,2,False,False,False,False,False,False,False,True,True,False,False
065680.KQ,우주일렉트로,26500.0,9.5,244900000000.0,1033877709,41.0,-48.7,0,2,False,False,False,False,False,False,False,True,True,False,False
090410.KQ,덕신이피씨,3935.0,9.4,36300000000.0,1080881341,40.0,-50.7,0,2,False,False,False,False,False,False,False,True,True,False,False
094360.KQ,칩스앤미디어,10620.0,9.3,226800000000.0,1545113437,37.2,-49.8,0,1,False,False,False,False,False,False,False,False,True,False,False
078590.KQ,휴림에이텍,3140.0,9.2,31400000000.0,1441398579,65.3,-79.0,0,2,False,False,False,False,False,False,False,True,True,False,False
030960.KQ,양지사,4520.0,9.1,72200000000.0,2680715108,13.0,-54.0,0,0,False,False,False,False,False,False,False,False,False,False,False
003030.KS,세아제강지주,102300.0,9.0,423700000000.0,2767175896,8.6,-60.7,0,1,False,False,False,False,True,False,False,False,False,False,False
084110.KQ,휴온스글로벌,26200.0,8.9,331700000000.0,1067387868,30.3,-65.8,0,2,False,False,False,False,False,False,False,True,True,False,False
352820.KS,하이브,178000.0,8.8,7673000000000.0,53663384876,12.7,-56.1,0,0,False,False,False,False,False,False,False,False,False,False,False
112040.KQ,위메이드,15430.0,8.7,523800000000.0,4689381443,22.8,-55.7,0,0,False,False,False,False,False,False,False,False,False,False,False
041020.KQ,폴라리스오피스,2990.0,8.5,148600000000.0,1569355099,27.0,-50.9,0,1,False,False,False,False,False,False,False,True,False,False,False
075580.KS,세진중공업,10440.0,8.4,593500000000.0,2552937145,22.8,-61.9,0,0,False,False,False,False,False,False,False,False,False,False,False
376900.KQ,로킷헬스케어,26000.0,8.3,452600000000.0,11057545617,84.1,-83.1,0,1,False,False,False,False,False,False,False,False,True,False,False
460940.KQ,피앤에스로보틱스,5090.0,8.2,68500000000.0,1136653080,41.2,-65.6,0,2,False,False,False,False,False,False,False,True,True,False,False
474650.KQ,링크솔루션,24200.0,8.1,139200000000.0,1068380761,51.1,-74.1,0,1,False,False,False,False,False,False,False,False,True,False,False
086900.KQ,메디톡스,73000.0,8.0,532800000000.0,2288154016,11.3,-48.3,0,0,False,False,False,False,False,False,False,False,False,False,False
439260.KS,대한조선,47250.0,7.9,1799700000000.0,3587855827,12.2,-56.9,0,1,False,False,False,False,True,False,False,False,False,False,False
439260.KS,대한조선,47250.0,7.9,1799700000000.0,3587855827,12.2,-56.9,0,1,False,False,False,False,True,False,False,False,False,False,False
214370.KQ,케어젠,50600.0,7.7,2718000000000.0,5344679348,12.4,-67.1,0,1,False,False,False,False,True,False,False,False,False,False,False
034220.KS,LG디스플레이,9280.0,7.6,4640000000000.0,49777644334,14.3,-48.3,0,0,False,False,False,False,False,False,False,False,False,False,False
253450.KQ,스튜디오드래곤,22200.0,7.4,667300000000.0,1676911932,16.8,-57.0,0,1,False,False,False,False,False,False,False,True,False,False,False
064350.KS,현대로템,130300.0,7.3,14221200000000.0,79981387298,15.2,-53.8,0,1,False,False,False,False,True,False,False,False,False,False,False
161580.KQ,필옵틱스,26900.0,7.2,630600000000.0,3745348269,38.8,-58.6,0,1,False,False,False,False,False,False,False,False,True,False,False
214150.KQ,클래시스,32850.0,7.1,2143000000000.0,12037353693,4.3,-57.7,0,0,False,False,False,False,False,False,False,False,False,False,False
372320.KQ,큐로셀,23950.0,7.0,364700000000.0,1343924419,16.0,-63.7,0,0,False,False,False,False,False,False,False,False,False,False,False
067160.KQ,SOOP,38650.0,6.9,444300000000.0,2575483623,4.6,-51.8,0,0,False,False,False,False,False,False,False,False,False,False,False
215100.KQ,로보로보,4095.0,6.8,83300000000.0,1214094012,30.6,-73.2,0,2,False,False,False,False,False,False,False,True,True,False,False
035760.KQ,CJ ENM,33950.0,6.7,744500000000.0,2672186246,20.8,-58.7,0,1,False,False,False,False,False,False,False,True,False,False,False
336570.KQ,원텍,5060.0,6.6,451800000000.0,3509237460,22.5,-55.7,0,0,False,False,False,False,False,False,False,False,False,False,False
484590.KQ,삼양컴텍,6700.0,6.5,276100000000.0,1346020215,42.3,-70.4,0,2,False,False,False,False,False,False,False,True,True,False,False
017860.KS,DS단석,12000.0,6.4,213100000000.0,1176273583,25.5,-54.6,0,1,False,False,False,False,False,False,False,True,False,False,False
092220.KS,KEC,2830.0,6.2,113600000000.0,1406403538,32.2,-72.9,0,2,False,False,False,False,True,False,False,False,True,False,False
456160.KQ,지투지바이오,38600.0,6.1,641900000000.0,5707752715,72.3,-68.9,0,2,False,False,False,False,False,False,False,True,True,False,False
389650.KQ,넥스트바이오메디컬,33350.0,6.0,276000000000.0,1411987210,10.6,-67.0,0,0,False,False,False,False,False,False,False,False,False,False,False
099430.KQ,바이오플러스,3430.0,5.9,211400000000.0,1026515693,11.9,-53.3,0,0,False,False,False,False,False,False,False,False,False,False,False
419530.KQ,SAMG엔터,20250.0,5.8,206700000000.0,2587026577,5.2,-69.4,0,0,False,False,False,False,False,False,False,False,False,False,False
450080.KS,에코프로머티,37400.0,5.7,2648400000000.0,14718660960,38.0,-57.9,0,1,False,False,False,False,False,False,False,False,True,False,False
274090.KQ,켄코아에어로스페이스,9870.0,5.6,136000000000.0,2128253644,35.2,-75.1,0,2,False,False,False,False,True,False,False,False,True,False,False
035900.KQ,JYP Ent.,39700.0,5.5,1410600000000.0,11840692360,4.1,-55.1,0,0,False,False,False,False,False,False,False,False,False,False,False
432720.KQ,퀄리타스반도체,8890.0,5.4,126100000000.0,1228156424,55.4,-72.3,0,2,False,False,False,False,False,False,False,True,True,False,False
003570.KS,SNT다이내믹스,28900.0,5.3,961000000000.0,2078288096,3.2,-62.2,0,0,False,False,False,False,False,False,False,False,False,False,False
488280.KQ,에스투더블유,10210.0,5.1,110500000000.0,1037794431,27.5,-74.5,0,0,False,False,False,False,False,False,False,False,False,False,False
085660.KQ,차바이오텍,8360.0,5.0,777300000000.0,3102372790,10.0,-65.1,0,1,False,False,False,False,True,False,False,False,False,False,False
034230.KS,파라다이스,10210.0,4.9,945700000000.0,7215394348,11.5,-57.5,0,0,False,False,False,False,False,False,False,False,False,False,False
417860.KQ,오브젠,7080.0,4.8,33300000000.0,1206960955,21.9,-60.1,0,0,False,False,False,False,False,False,False,False,False,False,False
138610.KQ,나이벡,15350.0,4.7,174500000000.0,1206412768,36.7,-71.7,0,1,False,False,False,False,False,False,False,False,True,False,False
230240.KQ,에치에프알,12380.0,4.6,164800000000.0,2952497243,10.0,-68.8,0,1,False,False,False,False,True,False,False,False,False,False,False
382900.KQ,범한퓨얼셀,16850.0,4.5,147600000000.0,1342254598,42.7,-61.9,0,1,False,False,False,False,False,False,False,False,True,False,False
042000.KQ,카페24,16740.0,4.4,404700000000.0,1240227544,11.5,-61.9,0,0,False,False,False,False,False,False,False,False,False,False,False
008830.KQ,대동기어,6450.0,4.3,123700000000.0,2552211319,18.3,-62.9,0,1,False,False,False,False,True,False,False,False,False,False,False
039980.KQ,폴라리스AI,5270.0,4.2,75800000000.0,6129105181,40.2,-64.5,0,2,False,False,False,False,False,False,False,True,True,False,False
377480.KQ,마음AI,10160.0,4.1,72200000000.0,1740954212,31.4,-61.7,0,2,False,False,False,False,False,False,False,True,True,False,False
376300.KQ,디어유,18650.0,3.9,442700000000.0,1760827419,5.5,-68.3,0,0,False,False,False,False,False,False,False,False,False,False,False
141080.KQ,리가켐바이오,94900.0,3.8,3513100000000.0,47217583030,23.4,-57.8,0,0,False,False,False,False,False,False,False,False,False,False,False
000250.KQ,삼천당제약,165300.0,3.7,3877500000000.0,35627691718,37.7,-86.6,0,2,False,False,False,False,True,False,False,False,True,False,False
249420.KS,일동제약,14500.0,3.6,458800000000.0,2610846251,28.9,-67.8,0,0,False,False,False,False,False,False,False,False,False,False,False
900300.KQ,오가닉티코스메틱,4075.0,3.5,83900000000.0,2282571561,164.4,-83.6,0,2,False,False,False,False,False,False,False,True,True,False,False
011330.KS,유니켐,4430.0,3.4,44400000000.0,1364747903,44.8,-75.3,0,2,False,False,False,False,False,False,False,True,True,False,False
047920.KQ,HLB제약,7770.0,3.3,254900000000.0,2348870295,29.5,-65.1,0,0,False,False,False,False,False,False,False,False,False,False,False
381620.KQ,제닉스로보틱스,6050.0,3.2,79400000000.0,1150468385,32.7,-69.7,0,2,False,False,False,False,False,False,False,True,True,False,False
298380.KQ,에이비엘바이오,71000.0,3.1,3975100000000.0,29940722238,18.7,-72.4,0,0,False,False,False,False,False,False,False,False,False,False,False
287840.KQ,인투셀,18790.0,3.0,282300000000.0,1251979762,44.0,-74.9,0,1,False,False,False,False,False,False,False,False,True,False,False
065350.KQ,신성델타테크,30300.0,2.8,832800000000.0,5361414089,34.1,-63.5,0,2,False,False,False,False,False,False,False,True,True,False,False
462350.KQ,이노스페이스,5860.0,2.7,198500000000.0,2329957860,21.8,-71.8,0,1,False,False,False,False,True,False,False,False,False,False,False
389470.KQ,인벤티지랩,29500.0,2.6,392600000000.0,1758328311,30.2,-71.0,0,1,False,False,False,False,False,False,False,False,True,False,False
066910.KQ,손오공,1987.0,2.5,30600000000.0,1263242069,27.2,-66.9,0,0,False,False,False,False,False,False,False,False,False,False,False
092040.KQ,아미코젠,1011.0,2.4,71400000000.0,1141985197,9.2,-77.0,0,0,False,False,False,False,False,False,False,False,False,False,False
087010.KQ,펩트론,165500.0,2.3,3859000000000.0,38572299726,68.9,-57.8,0,2,False,False,False,False,False,False,False,True,True,False,False
322310.KQ,오로스테크놀로지,13060.0,2.2,122300000000.0,2213609336,19.7,-74.9,0,1,False,False,False,False,True,False,False,False,False,False,False
484870.KS,엠앤씨솔루션,18400.0,2.1,505300000000.0,2280939567,41.4,-76.0,0,1,False,False,False,False,False,False,False,False,True,False,False
328130.KQ,루닛,9090.0,2.0,676800000000.0,3868068451,8.9,-63.0,0,0,False,False,False,False,False,False,False,False,False,False,False
358570.KQ,지아이이노베이션,7890.0,1.9,509000000000.0,3960007930,21.9,-62.4,0,0,False,False,False,False,False,False,False,False,False,False,False
348210.KQ,넥스틴,31400.0,1.8,329000000000.0,3374408838,26.6,-68.7,0,0,False,False,False,False,False,False,False,False,False,False,False
002020.KS,코오롱,26350.0,1.6,340100000000.0,2963655342,30.4,-70.1,0,2,False,False,False,False,True,False,False,False,True,False,False
062970.KQ,한국첨단소재,1999.0,1.5,57100000000.0,2499685410,3.5,-80.2,0,1,False,False,False,False,True,False,False,False,False,False,False
062970.KQ,한국첨단소재,1999.0,1.5,57100000000.0,2499685410,3.5,-80.2,0,1,False,False,False,False,True,False,False,False,False,False,False
160190.KQ,하이젠알앤엠,18260.0,1.3,564000000000.0,2490571175,66.0,-80.0,0,2,False,False,False,False,False,False,False,True,True,False,False
365330.KQ,에스와이스틸텍,1507.0,1.2,75600000000.0,1678552497,35.8,-73.3,0,1,False,False,False,False,False,False,False,False,True,False,False
900340.KQ,윙입푸드,1510.0,1.1,19000000000.0,1007662680,66.9,-68.6,0,2,False,False,False,False,False,False,False,True,True,False,False
255220.KQ,SG,1076.0,1.0,117900000000.0,2393363962,4.0,-70.4,0,0,False,False,False,False,False,False,False,False,False,False,False
082270.KQ,젬백스,10740.0,0.9,475500000000.0,2368347540,19.6,-82.4,0,0,False,False,False,False,False,False,False,False,False,False,False
397030.KQ,에이프릴바이오,18020.0,0.8,496600000000.0,8793610206,5.8,-76.5,0,1,False,False,False,False,True,False,False,False,False,False,False
348370.KQ,엔켐,20400.0,0.7,447000000000.0,6259671237,45.5,-80.6,0,1,False,False,False,False,False,False,False,False,True,False,False
102940.KQ,코오롱생명과학,15160.0,0.5,198500000000.0,3703926339,14.8,-79.1,0,0,False,False,False,False,False,False,False,False,False,False,False
210980.KS,SK디앤디,3650.0,0.4,68000000000.0,1046129637,38.3,-73.6,0,1,False,False,False,False,False,False,False,False,True,False,False
321370.KQ,센서뷰,1134.0,0.3,58600000000.0,3281030127,17.5,-95.6,0,1,False,False,False,False,True,False,False,False,False,False,False
950160.KQ,코오롱티슈진,17940.0,0.2,1524400000000.0,65101633589,56.4,-88.0,0,2,False,False,False,False,True,False,False,False,True,False,False
179900.KQ,유티아이,2910.0,0.1,57600000000.0,2316864329,73.2,-90.1,0,1,False,False,False,False,False,False,False,False,True,False,False
