ticker,name,close,rs,mcap,dvol_50d,vs_52w_low,from_52w_high,sma200_up_months,n_pass,pass_all,new_52w_high,new_52w_low,1_price_gt_150_200,2_150_gt_200,3_200ma_rising_1m,4_50_gt_150_gt_200,5_price_gt_50,6_ge_30pct_above_52wlow,7_within_25pct_of_52whigh,8_rs_ge_70
TJGC,TJGC Group Limited - ordinary shares,28.2,99.0,235128535.0,10956830,1830.2,-1.2,2,8,True,True,False,True,True,True,True,True,True,True,True
XHLD,"TEN Holdings, Inc. - Common Stock",12.7,99.0,144717711.0,27891362,1562.3,-17.7,1,8,True,False,False,True,True,True,True,True,True,True,True
AXTI,AXT Inc - Common Stock,75.9,98.9,4785533012.0,688314033,1797.5,-47.0,5,6,False,False,False,True,True,True,False,True,True,False,True
SNDK,Sandisk Corporation - Common Stock When-Issued,1753.62,98.9,265980364647.0,20455046971,1774.8,-25.5,5,7,False,False,False,True,True,True,True,True,True,False,True
MRNA,"Moderna, Inc. - Common Stock",194.82,98.8,72704847746.0,2693177508,774.4,-0.5,5,8,True,True,False,True,True,True,True,True,True,True,True
TXG,"10x Genomics, Inc. - Common Stock",84.11,98.8,9852618124.0,177132876,653.7,-2.1,5,8,True,True,False,True,True,True,True,True,True,True,True
IOVA,"Iovance Biotherapeutics, Inc. - Common Stock",10.8,98.7,4615778892.0,121676799,513.6,-1.6,5,8,True,False,False,True,True,True,True,True,True,True,True
QMCO,Quantum Corporation - Common Stock,29.49,98.7,1023477726.0,35553413,603.8,-8.1,4,8,True,True,False,True,True,True,True,True,True,True,True
TWST,Twist Bioscience Corporation - Common Stock,184.03,98.7,10508736079.0,219201338,689.8,-0.6,5,8,True,True,False,True,True,True,True,True,True,True,True
MXL,"MaxLinear, Inc - Common Stock",85.31,98.6,7647249865.0,225993556,568.1,-33.5,5,7,False,False,False,True,True,True,True,True,True,False,True
SLS,"SELLAS Life Sciences Group, Inc.  - Common Stock",11.98,98.6,2326414568.0,86826936,761.9,-24.6,5,7,False,False,False,True,True,True,True,False,True,True,True
CDNA,"CareDx, Inc. - Common Stock",61.37,98.5,2809685651.0,58002056,339.9,-2.7,5,8,True,True,False,True,True,True,True,True,True,True,True
ERAS,"Erasca, Inc. - Common Stock",14.52,98.5,4877431578.0,73051318,729.7,-40.2,5,5,False,False,False,False,True,True,True,False,True,False,True
AGL,"agilon health, inc. Common Stock",75.83,98.5,1419864718.0,29437849,913.8,-43.0,4,6,False,False,False,True,True,True,True,False,True,False,True
EDRY,EuroDry Ltd. - Common Shares,50.9,98.4,147170782.0,6911049,326.1,-30.3,5,7,False,False,False,True,True,True,True,True,True,False,True
MU,"Micron Technology, Inc. - Common Stock",1080.53,98.4,1210573930694.0,30760463280,598.7,-13.9,5,8,True,False,False,True,True,True,True,True,True,True,True
ABCL,AbCellera Biologics Inc. - Common Shares,12.65,98.3,3987277062.0,66648063,360.8,-4.0,5,8,True,False,False,True,True,True,True,True,True,True,True
DELL,Dell Technologies Inc. Class C Common Stock ,536.02,98.3,349588924333.0,3791651414,386.3,-10.0,5,8,True,False,False,True,True,True,True,True,True,True,True
BAND,Bandwidth Inc. - Class A Common Stock,61.83,98.2,1902849994.0,51931678,394.6,-21.8,5,8,True,False,False,True,True,True,True,True,True,True,True
ETON,"Eton Pharmaceuticals, Inc. - Common Stock",59.49,98.2,1589508137.0,31651891,316.9,-10.4,5,8,True,False,False,True,True,True,True,True,True,True,True
PLSE,"Pulse Biosciences, Inc - Common Stock",51.83,98.2,3707349112.0,24267094,312.7,-12.0,5,8,True,False,False,True,True,True,True,True,True,True,True
INTC,Intel Corporation - Common Stock,127.39,98.1,647949522049.0,10879686853,335.8,-10.5,5,8,True,False,False,True,True,True,True,True,True,True,True
OMER,Omeros Corporation - Common Stock,20.13,98.1,1501333674.0,29697117,395.8,-4.0,5,8,True,False,False,True,True,True,True,True,True,True,True
ABSI,Absci Corporation - Common Stock,10.345,98.0,1672378527.0,27758649,361.8,-14.2,5,8,True,False,False,True,True,True,True,True,True,True,True
CUE,"Cue Biopharma, Inc. - Common Stock",32.85,98.0,230354568.0,7747690,559.6,-27.8,5,7,False,False,False,True,True,True,True,True,True,False,True
SYRE,"Spyre Therapeutics, Inc. - Common Stock",87.09,98.0,7774280596.0,104633594,476.4,-21.0,5,7,False,False,False,True,True,True,True,False,True,True,True
AMD,"Advanced Micro Devices, Inc. - Common Stock",629.26,97.9,1003335485564.0,12190629237,306.6,-0.2,5,8,True,True,False,True,True,True,True,True,True,True,True
FIRY,Firy Inc. Class A Common Stock,12.74,97.9,217751567.0,5894910,471.3,-36.3,4,7,False,False,False,True,True,True,True,True,True,False,True
AEHR,Aehr Test Systems - Common Stock,97.42,97.8,3180386589.0,278355948,421.0,-33.9,5,7,False,False,False,True,True,True,True,True,True,False,True
SILC,Silicom Ltd - Ordinary Shares,51.62,97.8,279218942.0,8124798,287.0,-2.5,5,8,True,False,False,True,True,True,True,True,True,True,True
ORKA,"Oruka Therapeutics, Inc. - Common Stock",85.49,97.7,5953907183.0,85790507,474.1,-26.0,5,6,False,False,False,True,True,True,True,False,True,False,True
ANRO,"Alto Neuroscience, Inc. Common Stock",27.18,97.7,1079157860.0,15601510,621.0,-27.5,5,6,False,False,False,True,True,True,True,False,True,False,True
RNG,"RingCentral, Inc. Class A Common Stock",79.82,97.7,6616193215.0,117309750,230.7,-2.5,5,8,True,False,False,True,True,True,True,True,True,True,True
CLYM,"Climb Bio, Inc. - Common Stock",11.89,97.6,719101913.0,20677502,672.1,-35.1,5,6,False,False,False,True,True,True,True,False,True,False,True
HELP,Cybin Inc. - Common Stock,12.59,97.6,807032696.0,20908183,234.8,-16.9,3,8,True,False,False,True,True,True,True,True,True,True,True
DRTS,Alpha Tau Medical Ltd. - Ordinary Shares,14.77,97.5,1342782796.0,8356151,330.6,-6.5,5,8,True,False,False,True,True,True,True,True,True,True,True
PAYS,"Paysign, Inc. - Common Stock",12.96,97.5,715375517.0,8802035,320.8,-10.2,4,8,True,False,False,True,True,True,True,True,True,True,True
ATEX,Anterix Inc. - Common Stock,81.33,97.4,1646829828.0,30233846,362.6,-28.0,5,6,False,False,False,True,True,True,True,False,True,False,True
LITE,Lumentum Holdings Inc. - Common Stock,929.04,97.4,84048900000.0,4037097382,542.8,-14.4,5,8,True,False,False,True,True,True,True,True,True,True,True
RVMD,"Revolution Medicines, Inc. - Common Stock",199.86,97.4,40882528369.0,378345036,373.8,-10.9,5,8,True,False,False,True,True,True,True,True,True,True,True
MRVL,"Marvell Technology, Inc. - Common Stock",258.95,97.3,228783210000.0,4944415455,266.3,-21.5,5,8,True,False,False,True,True,True,True,True,True,True,True
STX,Seagate Technology Holdings PLC - Ordinary Shares (Ireland),905.92,97.3,211303920527.0,3854811307,333.5,-20.9,5,8,True,False,False,True,True,True,True,True,True,True,True
IMMX,"Immix Biopharma, Inc. - Common Stock",11.7,97.2,852748623.0,18071741,490.9,-22.5,5,8,True,False,False,True,True,True,True,True,True,True,True
VICR,Vicor Corporation - Common Stock,276.06,97.2,13055582233.0,188025330,480.4,-27.9,5,6,False,False,False,True,True,True,False,True,True,False,True
UMC,United Microelectronics Corporation (NEW) Common Stock,24.1,97.2,62135139719.0,269956450,245.8,-16.8,5,8,True,False,False,True,True,True,True,True,True,True,True
CLMT,"Calumet, Inc - Common Stock",53.85,97.1,4779905965.0,64127992,209.1,-10.1,5,8,True,False,False,True,True,True,True,True,True,True,True
OKTA,"Okta, Inc. - Class A Common Stock",206.64,97.1,35901225774.0,567832144,229.8,-2.8,4,8,True,True,False,True,True,True,True,True,True,True,True
GRAL,"GRAIL, Inc. - Common Stock",125.21,97.0,4847179714.0,69371162,201.7,-1.3,0,5,False,True,False,True,False,False,False,True,True,True,True
ECO,Okeanis Eco Tankers Corp. Common Stock,78.22,97.0,3046654430.0,41066476,182.0,-10.4,5,8,True,False,False,True,True,True,True,True,True,True,True
AMLX,"Amylyx Pharmaceuticals, Inc. - Common Stock",30.14,96.9,3839650751.0,79507762,178.3,-26.7,5,7,False,False,False,True,True,True,True,True,True,False,True
DFTX,"Definium Therapeutics, Inc.  - Common Shares",36.73,96.9,5058915668.0,88227946,292.8,-26.1,5,6,False,False,False,True,True,True,True,False,True,False,True
TWLO,Twilio Inc. Class A Common Stock,299.66,96.9,44644316454.0,507806094,204.4,-1.6,5,8,True,True,False,True,True,True,True,True,True,True,True
KRT,Karat Packaging Inc. - Common Stock,54.16,96.8,1057377799.0,7187566,162.8,-0.9,5,8,True,True,False,True,True,True,True,True,True,True,True
HPE,Hewlett Packard Enterprise Company Common Stock,63.52,96.8,82740879675.0,1115702512,220.2,-3.0,5,8,True,True,False,True,True,True,True,True,True,True,True
DOCN,"DigitalOcean Holdings, Inc. Common Stock",141.57,96.7,16603408256.0,379355347,320.3,-24.5,5,8,True,False,False,True,True,True,True,True,True,True,True
FET,"Forum Energy Technologies, Inc. Common Stock",83.64,96.7,948562753.0,14685877,233.6,-4.3,5,8,True,False,False,True,True,True,True,True,True,True,True
PBF,PBF Energy Inc. Class A Common Stock,71.9,96.7,8353290974.0,238836347,180.6,-13.0,5,8,True,False,False,True,True,True,True,True,True,True,True
ASST,"Strive, Inc. - Class A Common Stock",29.94,96.6,2812106795.0,158956298,326.5,-53.2,1,5,False,False,False,True,False,True,False,True,True,False,True
DMRA,"Damora Therapeutics, Inc. - Ordinary Shares",20.27,96.6,1261874008.0,14212894,479.1,-47.1,5,5,False,False,False,False,True,True,True,False,True,False,True
BLZE,"Backblaze, Inc. - Common Stock",13.505,96.5,870314000.0,41197837,314.1,-43.7,5,6,False,False,False,True,True,True,True,False,True,False,True
ILMN,"Illumina, Inc. - Common Stock",273.9,96.5,38562380000.0,577694092,211.2,-1.5,5,8,True,True,False,True,True,True,True,True,True,True,True
APPS,"Digital Turbine, Inc. - Common Stock",10.88,96.4,1396527525.0,36900978,297.1,-29.1,4,7,False,False,False,True,True,True,True,True,True,False,True
CRWD,"CrowdStrike Holdings, Inc. - Class A Common Stock",259.67,96.4,268772656677.0,2157833203,203.1,-1.6,5,8,True,True,False,True,True,True,True,True,True,True,True
TEAM,Atlassian Corporation  - Class A Common Stock,192.61,96.4,49382320030.0,655996489,243.9,-3.0,1,6,False,False,False,True,False,True,False,True,True,True,True
FTH,"Faeth Therapeutics, Inc.  - Common Stock",29.05,96.3,815265409.0,11605069,289.9,-31.1,5,6,False,False,False,True,True,True,True,False,True,False,True
RLAY,"Relay Therapeutics, Inc. - Common Stock",17.73,96.3,3951123607.0,52341849,310.4,-16.6,5,7,False,False,False,True,True,True,True,False,True,True,True
IRDM,Iridium Communications Inc - Common Stock,48.89,96.2,5117886499.0,55382493,212.4,-14.5,5,8,True,False,False,True,True,True,True,True,True,True,True
BE,Bloom Energy Corporation Class A Common Stock,266.65,96.2,81050980346.0,3668344501,334.5,-24.1,5,8,True,False,False,True,True,True,True,True,True,True,True
FSLY,"Fastly, Inc. - Class A Common Stock",26.68,96.1,4723245000.0,168722070,244.9,-23.4,5,8,True,False,False,True,True,True,True,True,True,True,True
PSNL,"Personalis, Inc. - Common Stock",16.57,96.1,1746177907.0,56663492,234.4,-12.3,4,8,True,False,False,True,True,True,True,True,True,True,True
SMTC,Semtech Corporation - Common Stock,174.5,96.1,15802828251.0,423866980,203.5,-8.5,5,8,True,False,False,True,True,True,True,True,True,True,True
PRAX,"Praxis Precision Medicines, Inc. - Common Stock",281.79,96.0,7876787015.0,132478432,504.6,-28.2,5,5,False,False,False,False,True,True,True,False,True,False,True
PUBM,"PubMatic, Inc. - Class A Common Stock",18.55,96.0,795076315.0,11305586,201.6,-3.3,4,8,True,False,False,True,True,True,True,True,True,True,True
AYA,Aya Gold & Silver Inc. - Common Shares,27.94,95.9,4060379576.0,27376883,225.3,-8.1,5,8,True,False,False,True,True,True,True,True,True,True,True
SDGR,"Schrodinger, Inc. - Common Stock",29.45,95.9,2186568506.0,32417821,169.1,-5.4,1,6,False,False,False,True,False,True,False,True,True,True,True
GTE,Gran Tierra Energy Inc. Common Stock,10.18,95.9,352742877.0,9738307,229.4,-11.6,5,8,True,False,False,True,True,True,True,True,True,True,True
NEO,"NeoGenomics, Inc. - Common Stock",19.56,95.8,2358809078.0,38584536,176.7,-2.4,5,6,False,False,False,True,False,True,False,True,True,True,True
VLO,Valero Energy Corporation Common Stock,382.86,95.8,108214656942.0,1046942029,146.5,-8.6,5,8,True,False,False,True,True,True,True,True,True,True,True
NESR,National Energy Services Reunited Corp - Ordinary Shares,32.77,95.7,3308946049.0,61004840,229.3,-11.3,5,8,True,False,False,True,True,True,True,True,True,True,True
WDC,Western Digital Corporation - Common Stock,450.31,95.7,170784639763.0,3508796562,327.2,-43.7,5,6,False,False,False,True,True,True,True,False,True,False,True
ATRC,"AtriCure, Inc. - Common Stock",60.77,95.6,3049688657.0,52968203,139.6,-1.5,2,6,False,True,False,True,False,True,False,True,True,True,True
COHU,"Cohu, Inc. - Common Stock",63.7,95.6,3052382160.0,52228772,241.2,-14.6,5,8,True,False,False,True,True,True,True,True,True,True,True
TH,Target Hospitality Corp. - Common Stock,21.45,95.6,2112016568.0,28859119,259.3,-1.3,5,8,True,True,False,True,True,True,True,True,True,True,True
GH,"Guardant Health, Inc. - Common Stock",176.45,95.5,23660126733.0,327318211,218.6,-3.8,5,8,True,False,False,True,True,True,True,True,True,True,True
DINO,HF Sinclair Corporation Common Stock,105.79,95.5,18869977733.0,274073541,131.4,-10.6,5,8,True,False,False,True,True,True,True,True,True,True,True
CORT,Corcept Therapeutics Incorporated - Common Stock,118.51,95.4,12208632957.0,151617196,313.5,-6.2,4,8,True,False,False,True,True,True,True,True,True,True,True
FIVN,"Five9, Inc. - Common Stock",36.66,95.4,2815582648.0,80901000,175.8,-8.4,2,8,True,False,False,True,True,True,True,True,True,True,True
NTRA,"Natera, Inc. - Common Stock",408.79,95.4,56330100194.0,425694674,159.7,-1.0,5,8,True,True,False,True,True,True,True,True,True,True,True
CRSR,"Corsair Gaming, Inc. - Common Stock",13.55,95.3,1462552486.0,20135655,202.5,-9.5,4,8,True,False,False,True,True,True,True,True,True,True,True
MPC,Marathon Petroleum Corporation Common Stock,390.95,95.3,109066721454.0,939177069,141.4,-9.3,5,8,True,False,False,True,True,True,True,True,True,True,True
CMPS,COMPASS Pathways Plc - American Depository Shares,13.09,95.2,1904056303.0,41099774,168.2,-17.5,5,7,False,False,False,True,True,True,True,False,True,True,True
VSTS,Vestis Corporation Common Stock,13.84,95.2,1833060656.0,20385146,244.3,-18.1,5,7,False,False,False,True,True,True,True,False,True,True,True
CADL,"Candel Therapeutics, Inc. - Common Stock",11.55,95.1,863894599.0,14201496,165.5,-17.5,5,8,True,False,False,True,True,True,True,True,True,True,True
PENG,"Penguin Solutions, Inc. - Common Stock",53.08,95.1,2760956622.0,119052907,230.9,-40.9,5,6,False,False,False,True,True,True,True,False,True,False,True
INSW,"International Seaways, Inc. Common Stock ",104.85,95.1,5050212470.0,60371957,148.1,-7.3,5,8,True,False,False,True,True,True,True,True,True,True,True
PANW,"Palo Alto Networks, Inc. - Common Stock",389.92,95.0,321719400000.0,2235775065,179.4,-2.2,4,8,True,False,False,True,True,True,True,True,True,True,True
REPL,"Replimune Group, Inc. - Common Stock",12.6,95.0,1221086457.0,53068707,740.0,-22.8,4,7,False,False,False,True,True,True,True,False,True,True,True
TNGX,"Tango Therapeutics, Inc. - Common Stock",24.63,94.9,4122523473.0,60501662,268.2,-28.4,5,6,False,False,False,True,True,True,True,False,True,False,True
XNCR,"Xencor, Inc. - Common Stock",23.88,94.9,1803813411.0,31668522,133.2,-22.0,5,8,True,False,False,True,True,True,True,True,True,True,True
FEIM,"Frequency Electronics, Inc. - Common Stock",84.54,94.8,949436231.0,26514039,224.5,-5.8,5,8,True,False,False,True,True,True,True,True,True,True,True
LQDA,Liquidia Corporation - Common Stock,70.95,94.8,6040955054.0,107080879,235.5,-24.2,5,7,False,False,False,True,True,True,True,False,True,True,True
MAN,ManpowerGroup Common Stock,57.02,94.8,2668024551.0,62191068,126.7,-10.7,3,8,True,False,False,True,True,True,True,True,True,True,True
ADPT,Adaptive Biotechnologies Corporation - Common Stock,29.57,94.7,4451128033.0,58247672,146.4,-0.0,5,8,True,True,False,True,True,True,True,True,True,True,True
FTNT,"Fortinet, Inc. - Common Stock",178.67,94.7,131143978337.0,791839474,142.9,-1.5,4,8,True,True,False,True,True,True,True,True,True,True,True
ARCT,Arcturus Therapeutics Holdings Inc. - Common Stock,14.12,94.6,378026818.0,12229447,156.7,-41.6,1,7,False,False,False,True,True,True,True,True,True,False,True
FRO,Frontline Plc Ordinary Shares,47.97,94.6,10587944601.0,118814157,134.3,-12.6,5,8,True,False,False,True,True,True,True,True,True,True,True
HZO,"MarineMax, Inc.  (FL) Common Stock",52.41,94.6,1157787225.0,37672877,144.7,-0.3,5,8,True,False,False,True,True,True,True,True,True,True,True
MBX,"MBX Biosciences, Inc. - Common Stock",55.39,94.5,2787987957.0,33144027,328.1,-23.7,5,7,False,False,False,True,True,True,True,False,True,True,True
NBIS,Nebius Group N.V. - Class A Ordinary Shares,243.48,94.5,61605110951.0,4641156972,231.2,-18.8,5,8,True,False,False,True,True,True,True,True,True,True,True
AMBQ,"Ambiq Micro, Inc. Common Stock",68.92,94.4,1671876974.0,33597583,211.6,-24.8,4,8,True,False,False,True,True,True,True,True,True,True,True
DK,"Delek US Holdings, Inc. Common Stock",66.91,94.4,4424636893.0,132488256,158.8,-18.7,5,7,False,False,False,True,True,True,True,False,True,True,True
URGN,UroGen Pharma Ltd. - Ordinary Shares,41.23,94.3,2034897879.0,37867704,160.0,-18.9,5,7,False,False,False,True,True,True,True,False,True,True,True
MEI,"Methode Electronics, Inc. Common Stock",14.56,94.3,528616136.0,10423560,198.4,-28.6,5,6,False,False,False,True,True,True,True,False,True,False,True
VSXY,Victorias Secret & Co. Common Stock ,83.81,94.3,6647535010.0,153063898,234.0,-18.2,5,7,False,False,False,True,True,True,True,False,True,True,True
FORM,"FormFactor, Inc. - Common Stock",129.04,94.2,10254126364.0,136760882,270.8,-19.5,5,7,False,False,False,True,True,True,False,True,True,True,True
NEOG,Neogen Corporation - Common Stock,13.66,94.2,2959698488.0,27777858,167.8,-4.2,5,8,True,False,False,True,True,True,True,True,True,True,True
CVI,CVR Energy Inc. Common Stock,51.3,94.1,5207485028.0,42952023,161.5,-7.0,1,8,True,False,False,True,True,True,True,True,True,True,True
HSHP,Himalaya Shipping Ltd. Common Shares,18.03,94.1,849915000.0,6347650,144.6,-7.8,5,8,True,False,False,True,True,True,True,True,True,True,True
MTW,"Manitowoc Company, Inc. (The) Common Stock",21.43,94.1,810673063.0,7144388,120.9,-6.8,5,8,True,False,False,True,True,True,True,True,True,True,True
HUT,Hut 8 Corp. - Common Stock,101.54,94.0,12629165091.0,449441969,220.6,-27.9,5,7,False,False,False,True,True,True,True,True,True,False,True
LPG,Dorian LPG Ltd. Common Stock,54.05,94.0,2274327322.0,29152573,127.5,-9.9,5,8,True,False,False,True,True,True,True,True,True,True,True
FLXS,"Flexsteel Industries, Inc. - Common Stock",88.37,93.9,348739085.0,6143257,159.9,-0.1,5,8,True,False,False,True,True,True,True,True,True,True,True
SLN,Silence Therapeutics Plc - American Depository Share,11.22,93.9,538668000.0,16392668,167.8,-36.2,5,6,False,False,False,True,True,True,True,False,True,False,True
CAKE,The Cheesecake Factory Incorporated - Common Stock,105.05,93.8,5195507796.0,175737255,143.9,-11.3,4,8,True,False,False,True,True,True,True,True,True,True,True
INBX,"Inhibrx Biosciences, Inc. - Common Stock",100.4,93.8,1476622828.0,30477091,270.2,-35.3,5,7,False,False,False,True,True,True,True,True,True,False,True
NSIT,"Insight Enterprises, Inc. - Common Stock",159.73,93.8,4644455513.0,55762161,151.1,-5.2,2,8,True,False,False,True,True,True,True,True,True,True,True
ICHR,Ichor Holdings - Ordinary Shares,56.47,93.7,2187326974.0,54614730,301.6,-50.3,5,4,False,False,False,False,True,True,False,False,True,False,True
VSAT,"ViaSat, Inc. - Common Stock",73.72,93.7,10149848081.0,143904506,182.5,-20.8,5,7,False,False,False,True,True,True,True,False,True,True,True
AAOI,"Applied Optoelectronics, Inc. - Common Stock",101.03,93.6,8580629566.0,1114911256,446.1,-56.8,5,4,False,False,False,False,True,True,False,False,True,False,True
PSX,Phillips 66 Common Stock,255.87,93.6,102340884536.0,686478495,101.9,-7.7,5,8,True,False,False,True,True,True,True,True,True,True,True
ALNT,Allient Inc. - Common Stock,112.56,93.5,1931485250.0,24437630,169.6,-5.1,5,8,True,False,False,True,True,True,True,True,True,True,True
TVTX,"Travere Therapeutics, Inc. - Common Stock",60.62,93.5,5639640536.0,92457306,174.9,-11.8,5,7,False,False,False,True,True,True,True,False,True,True,True
UTZ,Utz Brands Inc Class A Common Stock ,14.24,93.5,2048582291.0,54690761,110.0,-0.6,2,6,False,False,False,True,False,True,False,True,True,True,True
ALAB,"Astera Labs, Inc. - Common Stock",360.51,93.4,62534440588.0,1298496043,268.3,-27.8,5,7,False,False,False,True,True,True,True,True,True,False,True
QURE,uniQure N.V. - Ordinary Shares,38.32,93.4,2966107777.0,57862103,338.9,-46.4,1,6,False,False,False,True,True,True,True,False,True,False,True
SRZN,"Surrozen, Inc. - Common Stock",33.68,93.3,189937497.0,12423852,195.7,-6.1,5,7,False,True,False,True,True,True,False,True,True,True,True
HNGE,"Hinge Health, Inc. Class A Common Stock",91.98,93.3,7446480801.0,161457499,205.8,-4.8,5,8,True,False,False,True,True,True,True,True,True,True,True
PARR,"Par Pacific Holdings, Inc.  Common Stock",76.77,93.3,3856168290.0,79392881,131.2,-12.5,5,7,False,False,False,True,True,True,True,False,True,True,True
AUGO,Aura Minerals Inc. - Common Shares,83.07,93.2,7150572291.0,72686129,185.4,-24.7,4,7,False,False,False,True,True,True,False,True,True,True,True
P,"Everpure, Inc. Class A common stock",121.88,93.2,36538368072.0,467648503,114.7,-7.2,2,8,True,True,False,True,True,True,True,True,True,True,True
AAMI,Acadian Asset Management Inc. Common Stock,93.32,93.1,3247701613.0,37654423,125.0,-5.3,5,8,True,False,False,True,True,True,True,True,True,True,True
FTK,"Flotek Industries, Inc. Common Stock",28.95,93.1,1102187654.0,16023775,126.7,-27.0,5,7,False,False,False,True,True,True,True,True,True,False,True
AMPL,"Amplitude, Inc. - Class A Common Stock",13.69,93.0,1718220488.0,22309889,148.5,-7.2,2,6,False,False,False,True,False,True,False,True,True,True,True
VREX,Varex Imaging Corporation - Common Stock,18.47,93.0,776745000.0,16386307,103.2,-0.9,2,6,False,False,False,True,False,True,False,True,True,True,True
CMBT,CMB.TECH NV Ordinary Shares,19.04,93.0,6054131717.0,17236714,114.5,-8.5,5,8,True,False,False,True,True,True,True,True,True,True,True
CGAU,Centerra Gold Inc. Common Shares,22.78,92.9,4515450358.0,31057426,134.4,-7.1,5,8,True,False,False,True,True,True,True,True,True,True,True
NIQ,NIQ Global Intelligence plc Ordinary Shares,18.14,92.9,5223668351.0,23827438,128.8,-7.9,2,6,False,False,False,True,False,True,False,True,True,True,True
MRX,Marex Group Limited - Ordinary Shares,72.69,92.8,5307169801.0,50235923,160.4,-8.1,5,8,True,False,False,True,True,True,True,True,True,True,True
NET,"Cloudflare, Inc. Class A Common Stock",358.82,92.8,125457565986.0,1040814530,125.9,-2.3,5,8,True,True,False,True,True,True,True,True,True,True,True
RBRK,"Rubrik, Inc. Class A Common Stock",113.8,92.8,23958173322.0,304633043,169.3,-2.0,2,8,True,False,False,True,True,True,True,True,True,True,True
ELVN,"Enliven Therapeutics, Inc.  - Common Stock",45.17,92.7,3377049374.0,62261031,205.5,-27.5,5,6,False,False,False,True,True,True,True,False,True,False,True
HALO,"Halozyme Therapeutics, Inc. - Common Stock",115.22,92.7,12761715120.0,213470425,88.2,-1.4,5,8,True,False,False,True,True,True,True,True,True,True,True
ANAB,"AnaptysBio, Inc. - Common Stock",51.7,92.6,1503222580.0,29911279,274.3,-28.6,5,5,False,False,False,False,True,True,True,False,True,False,True
LBRX,LB Pharmaceuticals Inc - Common Stock,37.8,92.6,1264237068.0,14387598,182.9,-24.6,2,7,False,False,False,True,True,True,True,False,True,True,True
MLAB,"Mesa Laboratories, Inc. - Common Stock",137.5,92.5,744306536.0,16864679,116.6,-0.7,5,8,True,True,False,True,True,True,True,True,True,True,True
UCTT,"Ultra Clean Holdings, Inc. - Common Stock",76.52,92.5,3499461571.0,90038478,256.1,-46.9,5,4,False,False,False,False,True,True,False,False,True,False,True
HAE,Haemonetics Corporation Common Stock,106.0,92.5,4859994988.0,69048597,124.0,-4.0,4,8,True,False,False,True,True,True,True,True,True,True,True
NRIX,"Nurix Therapeutics, Inc. - Common stock",23.65,92.4,2478306590.0,30273001,188.6,-16.2,5,7,False,False,False,True,True,True,True,False,True,True,True
CRL,"Charles River Laboratories International, Inc. Common Stock",294.44,92.4,13239421372.0,252799624,104.1,-2.9,5,8,True,False,False,True,True,True,True,True,True,True,True
LFST,"LifeStance Health Group, Inc. - Common Stock",11.8,92.3,4616422096.0,55345415,147.4,-13.0,5,7,False,False,False,True,True,True,True,False,True,True,True
BWLP,BW LPG Limited Common Shares,24.06,92.3,3870552600.0,8989611,105.3,-9.1,5,8,True,False,False,True,True,True,True,True,True,True,True
BVS,Bioventus Inc. - Class A Common Stock,13.52,92.2,1144490487.0,8909758,116.1,-14.9,5,8,True,False,False,True,True,True,True,True,True,True,True
DDOG,"Datadog, Inc. - Class A Common Stock",256.92,92.2,90303777786.0,1042499011,162.1,-12.2,5,8,True,False,False,True,True,True,True,True,True,True,True
ZETA,Zeta Global Holdings Corp. Class A Common Stock,29.57,92.2,7477695293.0,209731995,105.8,-9.9,5,8,True,False,False,True,True,True,True,True,True,True,True
KNSA,"Kiniksa Pharmaceuticals International, plc - Class A Ordinary Shares",75.34,92.1,5936066909.0,44525035,114.0,-9.2,5,8,True,False,False,True,True,True,True,True,True,True,True
NUTX,Nutex Health Inc. - Common Stock,204.59,92.1,1382331830.0,27393772,143.6,-8.8,5,6,False,False,False,True,False,True,False,True,True,True,True
BLFS,"BioLife Solutions, Inc. - Common Stock",38.58,92.0,1845739009.0,37634040,116.0,-0.8,4,8,True,True,False,True,True,True,True,True,True,True,True
GTLB,GitLab Inc. - Class A Common Stock,48.62,92.0,8165066000.0,206714132,159.6,-12.5,1,6,False,False,False,True,False,True,False,True,True,True,True
WT,"WisdomTree, Inc. Common Stock",23.99,92.0,3593867273.0,59752745,124.4,-7.4,5,8,True,False,False,True,True,True,True,True,True,True,True
SENS,"Senseonics Holdings, Inc. - Common Stock",10.34,91.9,527418679.0,5530937,115.9,-10.7,1,6,False,False,False,True,False,True,False,True,True,True,True
AMN,AMN Healthcare Services Inc,34.56,91.9,1313333995.0,22738936,130.9,-7.1,5,8,True,False,False,True,True,True,True,True,True,True,True
SNOW,Snowflake Inc. Common Stock,334.0,91.8,118120968000.0,1559086777,182.3,-13.1,4,8,True,False,False,True,True,True,True,True,True,True,True
TRLV,Trulieve Cannabis Corp. Subordinate Voting Shares,12.27,91.8,2414768887.0,15628638,165.8,-7.6,5,8,True,False,False,True,True,True,True,True,True,True,True
CYRX,"CryoPort, Inc. - Common Stock",17.4,91.7,885852759.0,9391218,128.6,-3.2,5,8,True,True,False,True,True,True,True,True,True,True,True
FROG,JFrog Ltd. - Ordinary shares,94.2,91.7,11384410045.0,183624677,176.7,-10.9,5,8,True,False,False,True,True,True,True,True,True,True,True
TEN,Tsakos Energy Navigation Ltd Common Shares,46.75,91.7,1415997341.0,14310619,128.0,-13.2,5,8,True,False,False,True,True,True,True,True,True,True,True
AVT,"Avnet, Inc. - Common Stock",100.91,91.6,8301681826.0,114995896,128.0,-1.7,5,8,True,False,False,True,True,True,True,True,True,True,True
RVTY,"Revvity, Inc. Common Stock",150.68,91.6,15857543446.0,218238934,85.5,-1.0,4,8,True,True,False,True,True,True,True,True,True,True,True
KELYA,"Kelly Services, Inc. - Class A Common Stock",16.41,91.5,571340462.0,5315502,105.6,-7.5,3,8,True,False,False,True,True,True,True,True,True,True,True
RDVT,"Red Violet, Inc. - Common Stock ",79.06,91.5,1222779495.0,17289342,136.7,-1.5,4,8,True,False,False,True,True,True,True,True,True,True,True
TER,"Teradyne, Inc. - Common Stock",387.7,91.5,60838439455.0,1096314924,201.5,-20.5,5,8,True,False,False,True,True,True,True,True,True,True,True
PLPC,Preformed Line Products Company - Common Stock,429.82,91.4,2088844163.0,36401699,133.6,-14.8,5,8,True,False,False,True,True,True,True,True,True,True,True
S,"SentinelOne, Inc. Class A Common Stock",23.98,91.4,8387983720.0,166603652,103.0,-1.7,2,8,True,True,False,True,True,True,True,True,True,True,True
MTRN,Materion Corporation,256.14,91.3,5306974769.0,79284167,133.7,-15.9,5,8,True,False,False,True,True,True,True,True,True,True,True
OSCR,"Oscar Health, Inc. Class A Common Stock",28.87,91.3,9422931850.0,163616558,170.1,-16.3,5,7,False,False,False,True,True,True,True,False,True,True,True
NTAP,"NetApp, Inc. - Common Stock",197.24,91.2,38562943252.0,455487046,110.5,-5.7,5,8,True,False,False,True,True,True,True,True,True,True,True
ERO,Ero Copper Corp. Common Shares,37.11,91.2,3804060273.0,46619985,117.0,-9.1,5,6,False,False,False,True,False,True,False,True,True,True,True
UMAC,"Unusual Machines, Inc. Common Stock",23.93,91.2,1133513098.0,93682047,230.3,-31.5,5,7,False,False,False,True,True,True,True,True,True,False,True
XMTR,"Xometry, Inc. - Class A Common Stock",97.38,91.1,6019548401.0,68821992,171.6,-9.8,5,8,True,True,False,True,True,True,True,True,True,True,True
MCS,Marcus Corporation (The) Common Stock,28.26,91.1,857134020.0,7950074,119.9,-12.8,5,8,True,False,False,True,True,True,True,True,True,True,True
CODI,D/B/A Compass Diversified Holdings Shares of Beneficial Interest,11.25,91.0,853928214.0,7211442,145.6,-15.1,5,8,True,False,False,True,True,True,True,True,True,True,True
OBE,Obsidian Energy Ltd. Common Shares,11.25,91.0,747993640.0,9483734,106.8,-22.9,5,8,True,False,False,True,True,True,True,True,True,True,True
FDMT,"4D Molecular Therapeutics, Inc. - Common Stock",14.71,90.9,828663165.0,12219151,111.4,-13.1,5,8,True,False,False,True,True,True,True,True,True,True,True
QLYS,"Qualys, Inc. - Common Stock",182.94,90.9,6392810235.0,125439569,145.5,-9.2,3,6,False,False,False,True,False,True,False,True,True,True,True
ACVA,ACV Auctions Inc. Class A Common Stock,10.46,90.9,1771097231.0,73142126,157.3,-0.7,1,6,False,False,False,True,False,True,False,True,True,True,True
AVTR,"Avantor, Inc. Common Stock",15.38,90.8,9983056478.0,132426365,111.7,-4.2,1,6,False,False,False,True,False,True,False,True,True,True,True
PD,"PagerDuty, Inc. Common Stock",14.95,90.8,1166377617.0,18490548,162.3,-11.6,0,5,False,False,False,True,False,False,False,True,True,True,True
PDEX,"Pro-Dex, Inc. - Common Stock",73.02,90.7,230447848.0,5226352,211.1,-5.2,5,8,True,False,False,True,True,True,True,True,True,True,True
TSEM,Tower Semiconductor Ltd. - Ordinary Shares,217.28,90.7,26053645500.0,424701768,227.7,-32.1,5,6,False,False,False,True,True,True,True,False,True,False,True
CBZ,"CBIZ, Inc. Common Stock",54.68,90.7,2966063626.0,77133670,125.1,-4.0,1,6,False,False,False,True,False,True,False,True,True,True,True
SHIP,Seanergy Maritime Holdings Corp. - Common Stock,17.28,90.6,380493557.0,5978931,125.6,-10.1,5,8,True,False,False,True,True,True,True,True,True,True,True
PAYC,"Paycom Software, Inc. Common Stock",220.81,90.6,9991476500.0,170822382,110.5,-9.9,1,8,True,False,False,True,True,True,True,True,True,True,True
CHEF,"The Chefs' Warehouse, Inc. - Common Stock",110.36,90.5,4442285478.0,76501402,107.4,-6.2,5,8,True,False,False,True,True,True,True,True,True,True,True
OII,"Oceaneering International, Inc. Common Stock",46.67,90.5,4602250785.0,49959995,111.9,-14.0,5,7,False,False,False,True,True,True,True,False,True,True,True
DNTH,"Dianthus Therapeutics, Inc. - Common Stock",90.71,90.4,5226508280.0,82584878,181.5,-23.0,5,6,False,False,False,False,True,True,True,False,True,True,True
NTSK,"Netskope, Inc. - Class A Common Stock",18.57,90.4,7587474480.0,84187231,142.3,-31.3,0,4,False,False,False,True,False,False,False,True,True,False,True
VIA,"Via Transportation, Inc. Class A Common Stock",29.98,90.4,2407675808.0,19886702,131.5,-45.7,0,4,False,False,False,True,False,False,False,True,True,False,True
TRMD,TORM plc - Class A Common Stock,34.3,90.3,3493209869.0,34318974,77.7,-11.4,5,8,True,False,False,True,True,True,True,True,True,True,True
DHT,"DHT Holdings, Inc.",21.68,90.3,3426966035.0,67178163,100.2,-8.0,5,8,True,False,False,True,True,True,True,True,True,True,True
HTFL,"Heartflow, Inc. - Common Stock",48.66,90.2,4120732384.0,78280070,141.7,-6.8,1,8,True,False,False,True,True,True,True,True,True,True,True
MRAM,"Everspin Technologies, Inc. - Common Stock",17.88,90.2,416141654.0,18563850,143.3,-65.3,5,6,False,False,False,True,True,True,False,True,True,False,True
EQNR,Equinor ASA,43.17,90.2,107261627187.0,136776576,93.9,-5.8,5,8,True,False,False,True,True,True,True,True,True,True,True
MATX,"Matson, Inc. Common Stock",224.82,90.1,6635876365.0,64976260,158.5,-6.7,5,8,True,False,False,True,True,True,True,True,True,True,True
TBBB,BBB Foods Inc. Class A Common Shares,53.02,90.1,6096750318.0,31637326,122.7,-0.6,5,8,True,True,False,True,True,True,True,True,True,True,True
FCEL,"FuelCell Energy, Inc. - Common Stock",16.39,90.0,1373613087.0,153953100,187.0,-56.7,5,6,False,False,False,True,True,True,True,False,True,False,True
FTRE,Fortrea Holdings Inc. - Common Stock,20.02,90.0,1856352000.0,27853886,141.1,-6.4,5,6,False,False,False,True,False,True,False,True,True,True,True
AVAH,Aveanna Healthcare Holdings Inc. - Common Stock,12.38,89.9,2791029912.0,38092861,108.8,-15.8,5,8,True,False,False,True,True,True,True,True,True,True,True
EWTX,"Edgewise Therapeutics, Inc. - Common Stock",41.16,89.9,4458199495.0,54224232,188.8,-15.2,5,7,False,False,False,True,True,True,True,False,True,True,True
GCT,GigaCloud Technology Inc - Class A Ordinary Shares,53.91,89.9,1874787443.0,30741417,112.3,-4.2,5,8,True,False,False,True,True,True,True,True,True,True,True
DGII,Digi International Inc. - Common Stock,76.75,89.8,2857493662.0,26645820,123.0,-11.6,5,8,True,False,False,True,True,True,True,True,True,True,True
OGN,Organon & Co. Common Stock ,13.72,89.8,3605627515.0,38767282,141.1,-0.5,5,8,True,False,False,True,True,True,True,True,True,True,True
IBTA,"Ibotta, Inc. Class A Common Stock",41.68,89.7,954819793.0,8737801,118.2,-4.0,4,8,True,False,False,True,True,True,True,True,True,True,True
PACS,"PACS Group, Inc. Common Stock",41.46,89.7,6499676873.0,35547226,302.1,-16.2,5,7,False,False,False,True,True,True,True,False,True,True,True
LIND,Lindblad Expeditions Holdings Inc.  - Common Stock,27.58,89.6,1786824131.0,24508874,142.6,-21.2,5,7,False,False,False,True,True,True,True,False,True,True,True
CVE,Cenovus Energy Inc Common Stock,31.28,89.6,58275000000.0,212207042,100.1,-8.4,5,8,True,False,False,True,True,True,True,True,True,True,True
KFRC,"Kforce, Inc. Common Stock",51.35,89.6,932521630.0,15301525,109.7,-16.7,4,7,False,False,False,True,True,True,True,False,True,True,True
GEO,Geo Group Inc (The) REIT,31.96,89.5,4030191662.0,61806806,155.5,-3.6,4,8,True,False,False,True,True,True,True,True,True,True,True
MG,Mistras Group Inc Common Stock,21.38,89.5,666936759.0,5775099,128.2,-0.9,5,8,True,True,False,True,True,True,True,True,True,True,True
ECPG,Encore Capital Group Inc - Common Stock,97.58,89.4,2003648806.0,36314784,144.3,-7.0,5,8,True,False,False,True,True,True,True,True,True,True,True
PTEN,"Patterson-UTI Energy, Inc. - Common Stock",11.18,89.4,4221930555.0,96116145,119.2,-16.5,5,7,False,False,False,True,True,True,True,False,True,True,True
TGTX,"TG Therapeutics, Inc. - Common Stock",57.52,89.4,8571866968.0,111266910,114.9,-3.0,5,8,True,False,False,True,True,True,True,True,True,True,True
BJRI,"BJ's Restaurants, Inc. - Common Stock",61.96,89.3,1309187498.0,32027533,117.7,-16.9,4,7,False,False,False,True,True,True,True,False,True,True,True
SITM,SiTime Corporation - Common Stock,643.24,89.3,18310554531.0,276220066,164.0,-28.7,5,7,False,False,False,True,True,True,True,True,True,False,True
KYMR,"Kymera Therapeutics, Inc. - Common Stock",115.81,89.2,9601401860.0,77494932,130.0,-10.9,5,8,True,False,False,True,True,True,True,True,True,True,True
NEXA,Nexa Resources S.A. Common Shares,12.64,89.2,1692570420.0,9967312,158.0,-25.2,5,5,False,False,False,False,True,True,True,False,True,False,True
GHRS,GH Research PLC - Ordinary Shares,24.45,89.1,1779744237.0,8109781,103.1,-22.2,5,7,False,False,False,True,True,True,True,False,True,True,True
ROIV,Roivant Sciences Ltd. - Common Shares,36.13,89.1,26595933412.0,273931996,149.2,-15.0,5,7,False,False,False,True,True,True,True,False,True,True,True
VCTR,"Victory Capital Holdings, Inc. - Common Stock",106.1,89.1,6539082599.0,70765628,86.0,-14.1,5,7,False,False,False,True,True,True,True,False,True,True,True
SMTI,Sanara MedTech Inc. - Common Stock,35.1,89.0,322959430.0,10519261,118.7,-0.5,2,8,True,False,False,True,True,True,True,True,True,True,True
VIAV,Viavi Solutions Inc. - Common Stock,37.23,89.0,8989096234.0,185929323,209.0,-38.4,5,4,False,False,False,False,True,True,False,False,True,False,True
AMRX,"Amneal Pharmaceuticals, Inc. - Class A Common Stock",19.805,88.9,6732562009.0,37332640,108.7,-6.5,5,8,True,False,False,True,True,True,True,True,True,True,True
APA,APA Corporation - Common Stock,43.68,88.9,15310360987.0,228318420,101.9,-7.9,5,8,True,False,False,True,True,True,True,True,True,True,True
PRLB,"Proto Labs, Inc. Common stock",92.97,88.9,2132158680.0,16457156,106.1,-3.1,5,8,True,True,False,True,True,True,True,True,True,True,True
ARW,"Arrow Electronics, Inc. Common Stock",227.33,88.8,11546368045.0,120926370,123.3,-4.2,5,8,True,False,False,True,True,True,True,True,True,True,True
OOMA,"Ooma, Inc. Common Stock",21.92,88.8,608580000.0,9821103,123.8,-16.3,5,8,True,False,False,True,True,True,True,True,True,True,True
PVLA,"Palvella Therapeutics, Inc. - Common Stock",146.07,88.7,2154921351.0,30369116,158.3,-9.5,5,7,False,False,False,True,True,True,True,False,True,True,True
CXW,"CoreCivic, Inc. Common Stock",34.36,88.7,3192281825.0,52787980,118.3,-6.0,4,8,True,False,False,True,True,True,True,True,True,True,True
PRCH,"Porch Group, Inc. - Common Stock",16.47,88.6,2189730251.0,23759541,159.0,-14.9,1,8,True,False,False,True,True,True,True,True,True,True,True
SEPN,"Septerna, Inc. - Common Stock",38.13,88.6,1794728612.0,14531045,140.4,-25.4,5,6,False,False,False,True,True,True,True,False,True,False,True
CON,"Concentra Group Holdings Parent, Inc. Common Stock",34.62,88.6,4436342035.0,31469767,86.7,-5.7,5,8,True,False,False,True,True,True,True,True,True,True,True
DCTH,"Delcath Systems, Inc. - Common Stock",16.08,88.5,553792768.0,8032474,98.0,-7.7,4,8,True,False,False,True,True,True,True,True,True,True,True
TNK,Teekay Tankers Ltd.,94.08,88.5,3275230335.0,39064577,99.4,-8.8,5,8,True,False,False,True,True,True,True,True,True,True,True
CAI,"Caris Life Sciences, Inc. - Common Stock",32.27,88.4,8944137637.0,121567708,127.4,-4.1,1,6,False,False,False,True,False,True,False,True,True,True,True
PTGX,"Protagonist Therapeutics, Inc. - Common Stock",137.34,88.4,8975039130.0,81564312,120.7,-14.6,5,7,False,False,False,True,True,True,True,False,True,True,True
BRKR,Bruker Corporation - Common Stock,64.0,88.3,9091280386.0,130792045,112.7,-2.0,4,8,True,False,False,True,True,True,True,True,True,True,True
RPD,"Rapid7, Inc. - Common Stock",12.85,88.3,882274378.0,25712654,158.6,-38.5,0,4,False,False,False,True,False,False,False,True,True,False,True
IQV,"IQVIA Holdings, Inc. Common Stock",275.02,88.3,44089756000.0,371809935,78.0,-0.9,3,6,False,False,False,True,False,True,False,True,True,True,True
CBRL,"Cracker Barrel Old Country Store, Inc. - Common Stock",51.84,88.2,1062141379.0,48827877,108.6,-14.0,3,7,False,False,False,True,True,True,True,False,True,True,True
CNC,Centene Corporation Common Stock,61.92,88.2,30667209600.0,304326494,95.8,-11.1,5,7,False,False,False,True,True,True,True,False,True,True,True
ZBRA,Zebra Technologies Corporation - Class A Common Stock,365.1,88.1,17553201073.0,237601341,83.4,-5.5,2,8,True,False,False,True,True,True,True,True,True,True,True
HUM,Humana Inc. Common Stock,380.32,88.1,45003697832.0,458848772,133.2,-11.3,5,7,False,False,False,True,True,True,True,False,True,True,True
MT,Arcelor Mittal NY Registry Shares NEW,71.3,88.1,54740168902.0,97433824,100.2,-10.5,5,7,False,False,False,True,True,True,True,False,True,True,True
MSBI,"Midland States Bancorp, Inc. - Common Stock",33.13,88.0,672160908.0,5621374,132.7,-5.6,5,8,True,False,False,True,True,True,True,True,True,True,True
WTTR,"Select Water Solutions, Inc. Class A common stock",19.53,88.0,2671295269.0,33307893,110.3,-13.4,5,7,False,False,False,True,True,True,True,False,True,True,True
SAIL,"SailPoint, Inc. - Common Stock",22.12,87.9,12223218063.0,74784780,114.8,-7.8,1,6,False,False,False,True,False,True,False,True,True,True,True
SN,"SharkNinja, Inc. Ordinary Shares",176.94,87.9,23735447796.0,318105620,112.9,-9.0,5,8,True,False,False,True,True,True,True,True,True,True,True
APPN,Appian Corporation - Class A Common Stock,37.61,87.8,2718983582.0,29444005,101.9,-18.3,0,5,False,False,False,True,False,False,False,True,True,True,True
NVEC,NVE Corporation - Common Stock,106.65,87.8,526380404.0,19612657,86.4,-21.0,5,7,False,False,False,True,True,True,True,False,True,True,True
VIR,"Vir Biotechnology, Inc. - Common Stock",10.72,87.8,1876604974.0,18841374,122.6,-10.2,5,8,True,False,False,True,True,True,True,True,True,True,True
DAC,Danaos Corporation Common Stock,154.66,87.7,2810980610.0,18020905,85.1,-5.5,5,8,True,False,False,True,True,True,True,True,True,True,True
PBR,Petroleo Brasileiro S.A. Petrobras ADS,20.84,87.7,136233905294.0,363372647,82.3,-6.3,5,8,True,False,False,True,True,True,True,True,True,True,True
STRZ,Starz Entertainment Corp. - Common Shares,22.71,87.6,400876843.0,5625774,170.4,-30.3,5,6,False,False,False,True,True,True,True,False,True,False,True
DCO,Ducommun Incorporated Common Stock,174.57,87.6,2604862875.0,45980518,106.0,-17.0,5,7,False,False,False,True,True,True,True,False,True,True,True
MYE,"Myers Industries, Inc. Common Stock",31.62,87.6,1197383168.0,12538261,103.5,-15.6,5,7,False,False,False,True,True,True,True,False,True,True,True
NBTX,Nanobiotix S.A. - ADSs,33.46,87.5,1790470502.0,5925495,151.6,-41.4,5,5,False,False,False,False,True,True,True,False,True,False,True
SM,SM Energy Company Common Stock,35.1,87.5,8160773073.0,132579427,101.1,-15.5,5,8,True,False,False,True,True,True,True,True,True,True,True
AXGN,"Axogen, Inc. - Common Stock",43.32,87.4,2541649943.0,49646599,183.7,-18.1,5,7,False,False,False,True,True,True,True,False,True,True,True
DAR,Darling Ingredients Inc. Common Stock,61.74,87.4,9682786926.0,154276701,111.8,-11.8,5,7,False,False,False,True,True,True,True,False,True,True,True
TIGO,Millicom International Cellular S.A. - Common Stock,91.0,87.3,15397002185.0,108592916,102.8,-15.1,5,7,False,False,False,True,True,True,True,False,True,True,True
ANF,Abercrombie & Fitch Company Common Stock,134.3,87.3,5611946358.0,208851519,105.2,-13.5,3,6,False,False,False,True,False,True,False,True,True,True,True
ESTC,Elastic N.V. Ordinary Shares,91.28,87.3,9583604038.0,198460305,117.1,-15.5,1,6,False,False,False,True,False,True,False,True,True,True,True
SBLK,Star Bulk Carriers Corp. - Common Shares,29.9,87.2,3390516560.0,46872981,78.8,-9.1,5,8,True,False,False,True,True,True,True,True,True,True,True
VSH,"Vishay Intertechnology, Inc. Common Stock",31.8,87.2,5000160844.0,146691009,170.2,-54.2,5,4,False,False,False,False,True,True,False,False,True,False,True
SAFT,"Safety Insurance Group, Inc. - Common Stock",103.51,87.1,1519576692.0,23586319,54.4,-0.4,5,8,True,False,False,True,True,True,True,True,True,True,True
VEEV,Veeva Systems Inc. Class A Common Stock,274.84,87.1,43836821138.0,423694137,85.6,-11.5,0,5,False,False,False,True,False,False,False,True,True,True,True
ACMR,"ACM Research, Inc. - Class A Common Stock",76.18,87.0,5618600641.0,79413610,167.7,-40.1,5,6,False,False,False,True,True,True,True,False,True,False,True
FRNM,"Freenome, Inc. - Common stock",16.01,87.0,1686914980.0,12031687,60.9,-8.5,5,6,False,False,False,True,False,True,False,True,True,True,True
MRK,"Merck & Company, Inc. Common Stock (new)",147.98,87.0,365338776155.0,1430891489,90.7,-5.7,5,8,True,False,False,True,True,True,True,True,True,True,True
GPRK,Geopark Ltd Common Shares,11.34,86.9,720991816.0,7766980,97.2,-13.6,5,8,True,False,False,True,True,True,True,True,True,True,True
TDW,Tidewater Inc. Common Stock,86.82,86.9,4274557805.0,53753421,86.1,-14.5,5,8,True,False,False,True,True,True,True,True,True,True,True
IMAX,Imax Corporation Common Stock,55.16,86.8,2923084676.0,63631827,79.4,-0.7,5,8,True,False,False,True,True,True,True,True,True,True,True
SFL,SFL Corporation Ltd,12.98,86.8,1691668212.0,17283243,92.9,-7.2,5,8,True,False,False,True,True,True,True,True,True,True,True
U,Unity Software Inc. Common Stock,41.42,86.8,19407921945.0,428964741,146.8,-20.6,2,6,False,False,False,True,False,True,False,True,True,True,True
TSAT,Telesat Corporation - Class A Common Shares and Class B Variable Voting Shares,48.04,86.7,1703403757.0,9858689,108.8,-21.9,5,8,True,False,False,True,True,True,True,True,True,True,True
TGT,Target Corporation Common Stock,156.15,86.7,70988407967.0,620058139,87.1,-8.6,5,8,True,False,False,True,True,True,True,True,True,True,True
BHE,"Benchmark Electronics, Inc. Common Stock",82.15,86.6,2985305632.0,28525521,128.8,-18.2,5,8,True,False,False,True,True,True,True,True,True,True,True
YPF,YPF Sociedad Anonima Common Stock,53.61,86.6,21211358926.0,60451175,132.9,-7.4,5,8,True,False,False,True,True,True,True,True,True,True,True
SSRM,SSR Mining Inc. - Common Stock,35.82,86.5,7401908026.0,90660767,96.9,-9.2,5,8,True,False,False,True,True,True,True,True,True,True,True
ANET,"Arista Networks, Inc. Common Stock",205.7,86.5,256621379129.0,1209071049,79.6,-4.3,5,8,True,False,False,True,True,True,True,True,True,True,True
ATI,ATI Inc. Common Stock,186.21,86.5,25079861141.0,353753355,148.2,-23.5,5,7,False,False,False,True,True,True,True,False,True,True,True
MGNI,"Magnite, Inc. - Common Stock",24.07,86.4,3450785217.0,57492747,122.5,-10.3,2,8,True,False,False,True,True,True,True,True,True,True,True
ATKR,Atkore Inc. Common Stock,94.54,86.4,3191843701.0,87373664,75.9,-0.1,4,8,True,False,False,True,True,True,True,True,True,True,True
TENB,"Tenable Holdings, Inc. - Common Stock",35.88,86.3,3990371584.0,150808755,128.1,-17.8,3,8,True,False,False,True,True,True,True,True,True,True,True
BZH,"Beazer Homes USA, Inc. Common Stock",33.36,86.3,889765427.0,23337366,87.1,-3.4,4,8,True,False,False,True,True,True,True,True,True,True,True
REPX,"Riley Exploration Permian, Inc. Common Stock",41.69,86.3,909855950.0,10754206,73.1,-8.0,5,8,True,False,False,True,True,True,True,True,True,True,True
DXPE,"DXP Enterprises, Inc. - Common Stock",193.65,86.2,2965016640.0,23087582,130.4,-6.9,5,8,True,False,False,True,True,True,True,True,True,True,True
OUST,"Ouster, Inc. - Common Stock",41.37,86.2,2839783674.0,105923502,152.3,-35.1,5,7,False,False,False,True,True,True,True,True,True,False,True
RGEN,Repligen Corporation - Common Stock,190.65,86.1,9027822638.0,182999794,88.8,-1.0,4,6,False,True,False,True,False,True,False,True,True,True,True
SCCO,Southern Copper Corporation Common Stock,201.58,86.1,168484944710.0,224512803,90.1,-8.7,5,8,True,False,False,True,True,True,True,True,True,True,True
CLBK,"Columbia Financial, Inc. - Common Stock",11.26,86.0,1163250703.0,78257471,81.3,-6.2,5,7,False,False,False,True,True,True,True,False,True,True,True
CRGY,Crescent Energy Company Class A Common Stock,13.42,86.0,4354720713.0,77784674,74.7,-13.3,5,8,True,False,False,True,True,True,True,True,True,True,True
ZIM,ZIM Integrated Shipping Services Ltd. Ordinary Shares,29.38,86.0,3624819172.0,42962601,138.3,-4.3,5,8,True,False,False,True,True,True,True,True,True,True,True
ITGR,Integer Holdings Corporation Common Stock,126.17,85.9,4293875503.0,132364871,103.5,-0.5,2,8,True,False,False,True,True,True,True,True,True,True,True
WHD,"Cactus, Inc. Class A Common Stock",65.2,85.9,5294246905.0,51779295,96.4,-12.0,5,7,False,False,False,True,True,True,True,False,True,True,True
PESI,"Perma-Fix Environmental Services, Inc. - Common Stock",15.57,85.8,335037762.0,8080203,81.5,-27.0,3,4,False,False,False,True,False,True,False,False,True,False,True
NUE,Nucor Corporation Common Stock,247.96,85.8,56033754458.0,353215528,88.8,-11.5,5,7,False,False,False,True,True,True,True,False,True,True,True
AMCX,AMC Global Media Inc. - Class A Common Stock,12.03,85.7,494999652.0,8032817,85.9,-7.0,5,8,True,False,False,True,True,True,True,True,True,True,True
VEEE,Twin Vee PowerCats Co. - Common Stock,14.15,85.7,7467622.0,30418191,240.1,-88.9,0,3,False,False,False,False,False,False,False,True,True,False,True
DT,"Dynatrace, Inc. Common Stock",58.68,85.7,16909514509.0,320861731,85.5,-1.2,1,8,True,True,False,True,True,True,True,True,True,True,True
GSAT,"Globalstar, Inc. - Common Stock",82.46,85.6,10688979675.0,67351798,143.2,-2.8,5,8,True,False,False,True,True,True,True,True,True,True,True
KEYS,Keysight Technologies Inc. Common Stock,357.54,85.6,60157683093.0,411764333,125.2,-4.6,5,8,True,False,False,True,True,True,True,True,True,True,True
MOVE,"Corvex, Inc. - Common Stock",11.98,85.5,360326981.0,5324506,248.4,-55.2,5,5,False,False,False,False,True,True,False,True,True,False,True
LB,LandBridge Company LLC Class A Shares Representing Limited Liability Company Interests,82.49,85.5,6329483179.0,23112396,88.5,-10.0,5,8,True,False,False,True,True,True,True,True,True,True,True
NHC,National HealthCare Corporation Common Stock,221.6,85.5,3521777894.0,24478097,90.3,-7.4,5,7,False,False,False,True,True,True,True,False,True,True,True
CNXN,"PC Connection, Inc. - Common Stock",89.02,85.4,2235338428.0,12286884,61.9,-0.7,4,8,True,False,False,True,True,True,True,True,True,True,True
RIGL,"Rigel Pharmaceuticals, Inc. - Common Stock",47.89,85.4,899061854.0,12715507,91.9,-8.3,3,6,False,False,False,True,False,True,False,True,True,True,True
VRNS,"Varonis Systems, Inc. - Common Stock",47.95,85.3,5553504450.0,80900742,143.4,-25.0,1,8,True,False,False,True,True,True,True,True,True,True,True
MSGS,Madison Square Garden Sports Corp. Class A Common Stock (New),402.5,85.3,9506760707.0,94306407,93.6,-8.3,5,8,True,False,False,True,True,True,True,True,True,True,True
FFIV,"F5, Inc. - Common Stock",446.55,85.2,25821428720.0,248334616,99.6,-3.3,5,8,True,False,False,True,True,True,True,True,True,True,True
LRCX,Lam Research Corporation - Common Stock,307.16,85.2,384505916880.0,2901855024,145.7,-30.0,5,7,False,False,False,True,True,True,True,True,True,False,True
TEM,"Tempus AI, Inc. - Class A Common Stock",82.24,85.2,13905385911.0,421599096,101.7,-21.2,0,5,False,False,False,True,False,False,False,True,True,True,True
ONTO,Onto Innovation Inc. Common Stock,279.73,85.1,13854150671.0,292138061,135.1,-27.6,5,6,False,False,False,True,True,True,True,False,True,False,True
TALO,"Talos Energy, Inc. Common Stock",17.02,85.1,2764948150.0,31901549,89.8,-9.1,5,8,True,False,False,True,True,True,True,True,True,True,True
HYMC,Hycroft Mining Holding Corporation - Class A Common Stock,20.89,85.0,1981042538.0,43295710,252.9,-64.4,5,4,False,False,False,False,True,True,False,False,True,False,True
MANH,"Manhattan Associates, Inc. - Common Stock",209.63,85.0,12265616960.0,163217061,76.1,-7.7,1,6,False,False,False,True,False,True,False,True,True,True,True
BMNR,"BitMine Immersion Technologies, Inc. Common Stock",28.03,85.0,16564596779.0,878614290,119.0,-57.3,0,4,False,False,False,True,False,False,False,True,True,False,True
HBM,Hudbay Minerals Inc. Ordinary Shares (Canada),26.48,84.9,11898638120.0,115617850,103.7,-17.6,5,8,True,False,False,True,True,True,True,True,True,True,True
SU,Suncor Energy  Inc. Common Stock,68.65,84.9,79511421024.0,290294576,81.8,-4.7,5,8,True,False,False,True,True,True,True,True,True,True,True
CGEM,"Cullinan Therapeutics, Inc. - Common Stock",15.44,84.8,1085663688.0,16203869,171.8,-33.4,5,5,False,False,False,False,True,True,True,False,True,False,True
NGNE,Neurogene Inc. - Common Stock,31.25,84.8,618952045.0,8287081,96.2,-28.4,5,6,False,False,False,True,True,True,True,False,True,False,True
OSPN,OneSpan Inc. - Common Stock,17.68,84.7,663707636.0,7581686,75.6,-4.3,2,8,True,False,False,True,True,True,True,True,True,True,True
HPQ,HP Inc. Common Stock,31.14,84.7,29001597563.0,470369753,77.3,-14.0,2,8,True,False,False,True,True,True,True,True,True,True,True
NMAX,"Newsmax, Inc. Class B Common Stock",10.98,84.7,1407851031.0,11402269,114.9,-19.3,1,8,True,False,False,True,True,True,True,True,True,True,True
AMAT,"Applied Materials, Inc. - Common Stock",474.25,84.6,376466755010.0,3531676451,141.7,-35.9,5,6,False,False,False,True,True,True,True,False,True,False,True
CSTL,"Castle Biosciences, Inc. - Common stock",35.19,84.6,1065566804.0,12638713,98.6,-20.5,0,5,False,False,False,True,False,False,False,True,True,True,True
HP,"Helmerich & Payne, Inc. Common Stock",39.82,84.5,3953584664.0,50587761,85.3,-17.3,5,7,False,False,False,True,True,True,True,False,True,True,True
TECK,Teck Resources Ltd Ordinary Shares,66.51,84.5,32701461044.0,200842837,75.0,-8.3,5,8,True,False,False,True,True,True,True,True,True,True,True
KRYS,"Krystal Biotech, Inc. - Common Stock",344.96,84.4,10115402203.0,134945827,118.2,-9.8,5,8,True,False,False,True,True,True,True,True,True,True,True
SPHR,Sphere Entertainment Co. Class A Common Stock,138.44,84.4,4880300055.0,101309572,142.8,-23.8,5,7,False,False,False,True,True,True,True,False,True,True,True
STM,STMicroelectronics N.V. Common Stock,51.58,84.4,46822921559.0,504740617,144.3,-36.6,5,4,False,False,False,False,True,True,False,False,True,False,True
CBLL,"CeriBell, Inc. - Common Stock",23.82,84.3,906490746.0,8614533,119.5,-7.1,5,6,False,False,False,True,False,True,False,True,True,True,True
ARX,Accelerant Holdings Class A Common Shares,19.74,84.3,4282958245.0,75200995,115.0,-0.8,2,6,False,False,False,True,False,True,False,True,True,True,True
PLTR,Palantir Technologies Inc. - Class A Common Stock,192.59,84.2,460689836929.0,5810792612,81.1,-7.2,1,6,False,False,False,True,False,True,False,True,True,True,True
SENEA,Seneca Foods Corp. - Class A Common Stock,184.0,84.2,1212794801.0,17947326,84.8,-12.4,5,8,True,False,False,True,True,True,True,True,True,True,True
GKOS,Glaukos Corporation Common Stock,154.88,84.2,9053444490.0,133590858,111.7,-19.2,5,7,False,False,False,True,True,True,True,False,True,True,True
UFPT,"UFP Technologies, Inc. - Common Stock",298.48,84.1,2225985130.0,45284110,71.7,-11.9,4,6,False,False,False,True,False,True,False,True,True,True,True
VTRS,Viatris Inc. - Common Stock,17.42,84.1,19663875592.0,156567481,84.7,-5.3,5,8,True,False,False,True,True,True,True,True,True,True,True
KOD,Kodiak Sciences Inc - Common Stock,33.22,84.0,1981014885.0,23934886,203.7,-30.6,5,5,False,False,False,False,True,True,True,False,True,False,True
SNX,TD SYNNEX Corporation Common Stock,259.47,84.0,23019325113.0,199763736,82.4,-13.2,5,8,True,False,False,True,True,True,True,True,True,True,True
MITK,"Mitek Systems, Inc. - Common Stock",18.08,83.9,798214796.0,12623805,112.0,-14.1,5,8,True,False,False,True,True,True,True,True,True,True,True
NTNX,"Nutanix, Inc. - Class A Common Stock",68.59,83.9,18853330073.0,168757358,101.7,-12.6,1,8,True,False,False,True,True,True,True,True,True,True,True
WKC,World Kinect Corporation Common Stock,35.97,83.9,1843504385.0,45545642,62.0,-12.7,4,7,False,False,False,True,True,True,True,False,True,True,True
ORIC,"Oric Pharmaceuticals, Inc. - Common Stock",13.18,83.8,1381689904.0,18494967,82.3,-11.7,1,8,True,False,False,True,True,True,True,True,True,True,True
BIO,"Bio-Rad Laboratories, Inc. Class A Common Stock",387.54,83.8,10130559744.0,99996271,63.7,-2.2,5,8,True,False,False,True,True,True,True,True,True,True,True
HELE,Helen of Troy Limited - Common Stock,29.35,83.7,687814561.0,10692799,111.9,-4.3,4,8,True,False,False,True,True,True,True,True,True,True,True
LGND,Ligand Pharmaceuticals Incorporated - Common Stock,299.04,83.7,5948985082.0,71194860,83.0,-8.4,5,8,True,False,False,True,True,True,True,True,True,True,True
CBL,"CBL & Associates Properties, Inc. Common Stock",52.31,83.7,1641822686.0,14457809,86.6,-13.4,5,7,False,False,False,True,True,True,True,False,True,True,True
ROKU,"Roku, Inc. - Class A Common Stock",153.33,83.6,22780827552.0,365953565,95.3,-4.1,5,8,True,False,False,True,True,True,True,True,True,True,True
OPY,"Oppenheimer Holdings, Inc. Class A Common Stock (DE)",118.56,83.6,1235168377.0,13911281,85.8,-5.8,5,8,True,False,False,True,True,True,True,True,True,True,True
CHMG,Chemung Financial Corp  - Common Stock,82.09,83.5,391599956.0,5397290,64.8,-4.5,5,8,True,False,False,True,True,True,True,True,True,True,True
FA,First Advantage Corporation - Common Stock,19.92,83.5,3435073820.0,42669203,125.9,-20.8,3,7,False,False,False,True,True,True,True,False,True,True,True
A,"Agilent Technologies, Inc. Common Stock",172.84,83.4,46608478143.0,333579890,59.5,-1.1,4,6,False,True,False,True,False,True,False,True,True,True,True
EGO,Eldorado Gold Corporation Ordinary Shares,42.13,83.4,11194942931.0,111103513,72.4,-17.7,5,6,False,False,False,True,False,True,False,True,True,True,True
TK,Teekay Corporation Ltd. Common Stock,13.66,83.4,1173245753.0,7128260,75.1,-8.5,5,8,True,False,False,True,True,True,True,True,True,True,True
KLIC,"Kulicke and Soffa Industries, Inc. - Common Stock",88.47,83.3,4754100098.0,76296425,152.6,-34.9,5,4,False,False,False,False,True,True,False,False,True,False,True
SANM,Sanmina Corporation - Common Stock,221.88,83.3,11892717323.0,140276936,100.9,-23.1,5,8,True,False,False,True,True,True,True,True,True,True,True
FLEX,Flex Ltd. - Ordinary Shares,112.4,83.2,41483954429.0,447279857,111.8,-32.6,5,6,False,False,False,True,True,True,True,False,True,False,True
TMO,Thermo Fisher Scientific Inc Common Stock,678.39,83.2,245992869376.0,1264121847,55.9,-0.7,3,6,False,True,False,True,False,True,False,True,True,True,True
SLDE,"Slide Insurance Holdings, Inc. - Common Stock",23.55,83.1,2681997068.0,26623056,77.6,-12.0,4,8,True,False,False,True,True,True,True,True,True,True,True
SKM,"SK Telecom Co., Ltd. Common Stock",35.77,83.1,13751343000.0,71894538,81.9,-24.2,5,7,False,False,False,True,True,True,True,False,True,True,True
VAC,Marriott Vacations Worldwide Corporation Common Stock,100.75,83.1,3468768022.0,53221866,126.0,-23.3,4,7,False,False,False,True,True,True,True,False,True,True,True
UFCS,"United Fire Group, Inc - Common Stock",53.43,83.0,1377554476.0,8264482,79.7,-5.8,5,8,True,False,False,True,True,True,True,True,True,True,True
NBR,Nabors Industries Ltd.,82.99,83.0,1390119092.0,20877439,126.4,-26.5,5,4,False,False,False,False,True,True,False,False,True,False,True
LNTH,"Lantheus Holdings, Inc. - Common Stock",99.72,82.9,6525278729.0,144546250,100.8,-10.9,5,7,False,False,False,True,True,True,True,False,True,True,True
PDFS,"PDF Solutions, Inc. - Common Stock",47.88,82.9,2045064071.0,27099638,103.3,-33.2,5,7,False,False,False,True,True,True,True,True,True,False,True
PR,Permian Resources Corporation Class A Common Stock,21.85,82.9,18158236389.0,214858936,83.3,-11.3,5,7,False,False,False,True,True,True,True,False,True,True,True
MDB,"MongoDB, Inc. - Class A Common Stock",421.4,82.8,34507114231.0,631012271,95.4,-10.9,5,6,False,False,False,True,False,True,False,True,True,True,True
PEB,Pebblebrook Hotel Trust Common Shares of Beneficial Interest,18.6,82.8,2055994286.0,39136367,86.2,-6.7,5,8,True,False,False,True,True,True,True,True,True,True,True
ZD,"Ziff Davis, Inc. - Common Stock",56.47,82.7,1945799054.0,35287045,151.5,-6.6,5,8,True,False,False,True,True,True,True,True,True,True,True
NSP,"Insperity, Inc. Common Stock",47.9,82.7,1865838940.0,25332217,157.9,-14.3,2,5,False,False,False,True,False,True,False,False,True,True,True
EFXT,Enerflex Ltd Common Shares,23.25,82.6,2821797626.0,13693497,120.0,-20.2,5,7,False,False,False,True,True,True,False,True,True,True,True
FCX,"Freeport-McMoRan, Inc. Common Stock",72.08,82.6,104226151819.0,948508655,105.1,-10.2,5,8,True,False,False,True,True,True,True,True,True,True,True
MOV,Movado Group Inc. Common Stock,33.42,82.6,741659024.0,6688214,93.9,-17.5,5,7,False,False,False,True,True,True,True,False,True,True,True
CHYM,"Chime Financial, Inc. - Class A Common Stock",27.07,82.5,10017362037.0,246051530,70.5,-23.9,2,5,False,False,False,True,False,True,False,False,True,True,True
ASC,Ardmore Shipping Corporation Common Stock,17.83,82.5,718534033.0,10199475,72.9,-11.0,5,8,True,False,False,True,True,True,True,True,True,True,True
CGON,"CG Oncology, Inc. - Common stock",68.76,82.4,6502657910.0,60936622,92.9,-15.1,5,7,False,False,False,True,True,True,True,False,True,True,True
IMNM,"Immunome, Inc. - Common Stock",22.34,82.4,2753121727.0,29041629,126.9,-25.7,5,5,False,False,False,False,True,True,True,False,True,False,True
AMTB,Amerant Bancorp Inc. Class A Common Stock,29.3,82.4,1124357026.0,11434039,87.6,-4.2,5,8,True,False,False,True,True,True,True,True,True,True,True
ING,"ING Group, N.V. Common Stock",36.11,82.3,104255561753.0,70052801,52.7,-3.8,5,8,True,False,False,True,True,True,True,True,True,True,True
MSGE,Madison Square Garden Entertainment Corp. Class A Common Stock,79.22,82.3,3712987817.0,31289578,90.2,-12.4,5,8,True,False,False,True,True,True,True,True,True,True,True
ARIS,Aris Mining Corporation Common Shares,18.65,82.2,3898896000.0,26432712,113.1,-19.9,5,7,False,False,False,True,True,True,False,True,True,True,True
KB,KB Financial Group Inc,125.19,82.2,44963314462.0,24426682,61.7,-6.1,5,8,True,False,False,True,True,True,True,True,True,True,True
COHR,Coherent Corp. Common Stock,290.61,82.1,58867173148.0,1970333928,184.5,-34.0,5,4,False,False,False,False,True,True,False,False,True,False,True
EAT,"Brinker International, Inc. Common Stock",206.71,82.1,8804064108.0,262801101,106.1,-18.9,3,7,False,False,False,True,True,True,True,False,True,True,True
STT,State Street Corporation Common Stock,181.09,82.1,49432582612.0,342142418,73.1,-7.6,5,7,False,False,False,True,True,True,True,False,True,True,True
ODC,Oil-Dri Corporation Of America Common Stock,92.6,82.0,1304964333.0,11110665,103.0,-13.5,5,8,True,False,False,True,True,True,True,True,True,True,True
TNET,"TriNet Group, Inc. Common Stock",65.54,82.0,2994825107.0,25111382,95.0,-10.3,2,5,False,False,False,True,False,True,False,False,True,True,True
IMVT,"Immunovant, Inc.  - Common Stock",34.0,81.9,7134329636.0,47174305,128.8,-25.1,5,6,False,False,False,True,True,True,True,False,True,False,True
SCSC,"ScanSource, Inc. - Common Stock",58.07,81.9,1178052360.0,15325670,72.0,-13.0,5,8,True,False,False,True,True,True,True,True,True,True,True
TRGP,"Targa Resources, Inc. Common Stock",283.15,81.9,60686123253.0,340596994,96.4,-8.1,5,8,True,False,False,True,True,True,True,True,True,True,True
ASML,ASML Holding N.V. - New York Registry Shares,1722.5,81.8,672403512536.0,2565322677,84.1,-13.9,5,8,True,False,False,True,True,True,True,True,True,True,True
FTI,TechnipFMC plc Ordinary Share,70.95,81.8,27937791001.0,230221605,101.0,-12.1,5,6,False,False,False,False,True,True,True,False,True,True,True
RPRX,Royalty Pharma plc - Class A Ordinary Shares,58.29,81.7,33148819411.0,176475369,68.3,-9.5,5,7,False,False,False,True,True,True,True,False,True,True,True
KOP,Koppers Holdings Inc. Common Stock,45.96,81.7,874849136.0,8872597,83.8,-13.3,5,7,False,False,False,True,True,True,True,False,True,True,True
BWMN,Bowman Consulting Group Ltd. - Common Stock,42.56,81.6,737799391.0,14779045,69.8,-7.1,1,6,False,False,False,True,False,True,False,True,True,True,True
PRGO,Perrigo Company plc Ordinary Shares,14.68,81.6,1920566351.0,36356085,59.0,-35.2,1,5,False,False,False,True,False,True,False,True,True,False,True
SKE,Skeena Resources Limited Common Shares,31.43,81.6,3955839089.0,16697953,103.7,-18.9,5,8,True,False,False,True,True,True,True,True,True,True,True
ARCB,ArcBest Corporation - Common Stock,127.35,81.5,2929815482.0,43991554,114.3,-27.9,5,5,False,False,False,False,True,True,True,False,True,False,True
LQDT,"Liquidity Services, Inc. - Common Stock",43.395,81.5,1338486721.0,9230550,100.3,-1.6,5,8,True,False,False,True,True,True,True,True,True,True,True
VELO,"Velo3D, Inc. - Common stock",11.02,81.4,352675824.0,17088831,284.0,-65.3,5,4,False,False,False,False,True,True,False,False,True,False,True
RLJ,RLJ Lodging Trust Common Shares of Beneficial Interest $0.01 par value,11.12,81.4,1662420764.0,20055904,70.0,-13.7,5,7,False,False,False,True,True,True,True,False,True,True,True
MEOH,Methanex Corporation - Common Stock,59.77,81.3,4576096156.0,48304019,86.8,-10.5,5,8,True,False,False,True,True,True,True,True,True,True,True
BBVA,Banco Bilbao Vizcaya Argentaria S.A. Common Stock,28.47,81.3,160364930783.0,40189703,59.1,-3.9,5,8,True,False,False,True,True,True,True,True,True,True,True
PK,Park Hotels & Resorts Inc. Common Stock ,15.21,81.3,3034168633.0,58562193,54.6,-6.1,5,8,True,False,False,True,True,True,True,True,True,True,True
ACHC,"Acadia Healthcare Company, Inc. - Common Stock",27.8,81.2,2654288840.0,62485176,143.2,-22.4,5,7,False,False,False,True,True,True,True,False,True,True,True
E,ENI S.p.A. Common Stock,55.04,81.2,86268565600.0,20022319,61.7,-5.1,5,8,True,False,False,True,True,True,True,True,True,True,True
BBNX,"Beta Bionics, Inc. - Common Stock",21.76,81.1,1168122940.0,24729182,147.3,-33.5,0,4,False,False,False,True,False,False,False,True,True,False,True
ELF,"e.l.f. Beauty, Inc. Common Stock",100.57,81.1,5946825837.0,190075550,106.0,-31.9,1,5,False,False,False,True,False,True,False,True,True,False,True
WST,"West Pharmaceutical Services, Inc. Common Stock",373.6,81.1,26452137663.0,226471797,66.9,-3.2,5,8,True,False,False,True,True,True,True,True,True,True,True
DIOD,Diodes Incorporated - Common Stock,94.74,81.0,4398398345.0,54767321,124.1,-24.8,5,8,True,False,False,True,True,True,True,True,True,True,True
PLXS,Plexus Corp. - Common Stock,261.61,81.0,7033488926.0,66584610,98.1,-14.8,5,8,True,False,False,True,True,True,True,True,True,True,True
ZS,"Zscaler, Inc. - Common Stock",214.64,80.9,34967079986.0,482906759,87.3,-36.3,0,4,False,False,False,True,False,False,False,True,True,False,True
CNK,"Cinemark Holdings Inc Cinemark Holdings, Inc. Common Stock",36.98,80.9,4148485290.0,85830773,71.2,-5.1,4,8,True,False,False,True,True,True,True,True,True,True,True
DAVE,Dave Inc.  - Class A Common Stock,331.455,80.8,4160718828.0,153639284,117.8,-27.7,5,6,False,False,False,True,True,True,True,False,True,False,True
SMCI,"Super Micro Computer, Inc. - Common Stock",41.51,80.8,27224645513.0,1681023801,113.1,-29.4,1,7,False,False,False,True,True,True,True,True,True,False,True
MFG,"Mizuho Financial Group, Inc. Sponosred ADR (Japan)",10.56,80.8,133704869498.0,35018954,73.4,-8.1,5,7,False,False,False,True,True,True,True,False,True,True,True
JAZZ,Jazz Pharmaceuticals plc - Ordinary Shares,236.28,80.7,15247135846.0,217964505,87.8,-11.3,5,7,False,False,False,True,True,True,True,False,True,True,True
MTSI,"MACOM Technology Solutions Holdings, Inc. - Common Stock",284.94,80.7,21066157607.0,382792235,133.6,-32.0,5,5,False,False,False,False,True,True,False,True,True,False,True
CROX,"Crocs, Inc. - Common Stock",123.44,80.6,5974915247.0,132975774,68.6,-12.6,4,7,False,False,False,True,True,True,True,False,True,True,True
PAGP,"Plains GP Holdings, L.P. - Class A Shares representing limited partner interests",26.7,80.6,5282061070.0,42862868,60.1,-7.0,5,8,True,False,False,True,True,True,True,True,True,True,True
FIX,"Comfort Systems USA, Inc. Common Stock",1643.39,80.6,57222459521.0,714481612,117.1,-20.8,5,5,False,False,False,False,True,True,False,False,True,True,True
AZTA,"Azenta, Inc. - Common Stock",34.2,80.5,1493428117.0,23657805,114.7,-18.0,2,6,False,False,False,True,False,True,False,True,True,True,True
BSTZ,BlackRock Science and Technology Term Trust Common Shares of Beneficial Interest,29.55,80.5,655871768.0,5156738,42.8,-7.3,5,8,True,False,False,True,True,True,True,True,True,True,True
TSM,Taiwan Semiconductor Manufacturing Company Ltd.,451.15,80.4,2316137494979.0,4819923769,69.1,-5.8,5,8,True,False,False,True,True,True,True,True,True,True,True
WCC,"WESCO International, Inc. Common Stock",361.33,80.4,17828914636.0,200253157,77.6,-6.2,5,8,True,False,False,True,True,True,True,True,True,True,True
SWKS,"Skyworks Solutions, Inc. - Common Stock",87.81,80.3,13760735914.0,473519557,69.1,-5.4,1,8,True,False,False,True,True,True,True,True,True,True,True
TTMI,"TTM Technologies, Inc. - Common Stock",126.98,80.3,13254994068.0,312220421,148.5,-43.3,5,5,False,False,False,False,True,True,False,True,True,False,True
GNK,Genco Shipping & Trading Limited Ordinary Shares New (Marshall Islands),26.44,80.3,1152429836.0,14382753,70.0,-7.0,5,8,True,False,False,True,True,True,True,True,True,True,True
CNQ,Canadian Natural Resources Limited Common Stock,47.93,80.2,98559537600.0,324700875,61.5,-8.4,5,8,True,False,False,True,True,True,True,True,True,True,True
THC,Tenet Healthcare Corporation Common Stock,249.54,80.2,20648292360.0,251000363,58.4,-11.8,5,7,False,False,False,True,True,True,True,False,True,True,True
PNTG,"The Pennant Group, Inc. - Common Stock",39.63,80.1,1384937784.0,12044654,78.1,-7.3,5,8,True,False,False,True,True,True,True,True,True,True,True
FSM,Fortuna Mining Corp. Common Shares,11.5,80.1,3551139132.0,55578191,49.5,-17.0,5,6,False,False,False,True,False,True,False,True,True,True,True
PRE,Prenetics Global Limited - Class A Ordinary Share,22.93,80.0,384655621.0,5374544,101.8,-15.8,5,8,True,False,False,True,True,True,True,True,True,True,True
BBY,"Best Buy Co., Inc. Common Stock",91.0,80.0,19043274978.0,325786312,65.2,-5.7,4,8,True,False,False,True,True,True,True,True,True,True,True
MATV,"Mativ Holdings, Inc. Common Stock",12.17,80.0,678286304.0,6317322,72.1,-21.4,2,6,False,False,False,True,False,True,False,True,True,True,True
ATRO,Astronics Corporation - Common Stock,69.15,79.9,2973646685.0,47505018,108.8,-26.8,5,6,False,False,False,True,True,True,True,False,True,False,True
VET,Vermilion Energy Inc. Common (Canada),11.87,79.9,1789376000.0,17611944,67.2,-19.9,5,8,True,False,False,True,True,True,True,True,True,True,True
LTH,"Life Time Group Holdings, Inc. Common Stock",39.86,79.8,8864735477.0,131279184,65.1,-15.6,5,7,False,False,False,True,True,True,True,False,True,True,True
RAL,Ralliant Corporation Common Stock,69.97,79.8,7743694160.0,104528083,87.7,-7.2,5,8,True,False,False,True,True,True,True,True,True,True,True
SVM,Silvercorp Metals Inc. Common Shares,11.34,79.8,2546180529.0,27200346,95.5,-28.1,5,5,False,False,False,False,True,True,False,True,True,False,True
CIEN,Ciena Corporation Common Stock,358.43,79.7,50471072133.0,880761181,168.1,-43.8,5,4,False,False,False,False,True,True,False,False,True,False,True
DE,Deere & Company Common Stock,694.94,79.7,191293837306.0,788344348,60.5,-3.6,5,8,True,False,False,True,True,True,True,True,True,True,True
AIP,"Arteris, Inc.  - Common Stock",24.19,79.6,1188989347.0,17894314,155.7,-51.9,5,4,False,False,False,False,True,True,False,False,True,False,True
HURN,Huron Consulting Group Inc. - Common Stock,157.66,79.6,2544179614.0,43227408,85.7,-15.6,0,5,False,False,False,True,False,False,False,True,True,True,True
KARO,Karooooo Ltd. - Ordinary shares,62.01,79.5,1983658793.0,6470772,50.3,-9.9,3,7,False,False,False,True,True,True,True,False,True,True,True
KN,Knowles Corporation Common Stock,36.76,79.5,3137121274.0,30692186,78.7,-14.4,5,8,True,False,False,True,True,True,True,True,True,True,True
NVT,nVent Electric plc Ordinary Shares ,162.88,79.5,26358565366.0,356329085,74.7,-11.8,5,8,True,False,False,True,True,True,True,True,True,True,True
SAIC,Science Applications International Corporation - Common Stock,132.43,79.4,5570709550.0,56953257,63.3,-7.2,3,8,True,False,False,True,True,True,True,True,True,True,True
VPG,"Vishay Precision Group, Inc. Common Stock",68.57,79.4,930165627.0,39026394,135.8,-54.8,5,4,False,False,False,False,True,True,False,False,True,False,True
TECH,Bio-Techne Corp - Common Stock,72.57,79.3,11372458620.0,224886959,68.0,-0.1,3,6,False,False,False,True,False,True,False,True,True,True,True
NEM,Newmont Corporation,121.3,79.3,130183680082.0,900274997,59.5,-10.3,5,8,True,False,False,True,True,True,True,True,True,True,True
OVV,Ovintiv Inc. (DE),60.51,79.3,16885671000.0,216883188,70.6,-10.4,5,7,False,False,False,True,True,True,True,False,True,True,True
AMAL,Amalgamated Financial Corp. - Common Stock,47.21,79.2,1392150844.0,9505705,87.9,-8.5,5,7,False,False,False,True,True,True,True,False,True,True,True
KALU,Kaiser Aluminum Corporation - Common Stock,151.67,79.2,2554709116.0,39968089,107.5,-24.1,5,6,False,False,False,False,True,True,True,False,True,True,True
ENLT,Enlight Renewable Energy Ltd. - Ordinary Shares,68.87,79.1,10111088791.0,15462318,145.5,-36.6,5,4,False,False,False,False,True,True,False,False,True,False,True
EPC,Edgewell Personal Care Company Common Stock,27.33,79.1,1248087818.0,17122805,73.7,-8.7,3,7,False,False,False,True,True,True,True,False,True,True,True
BTSG,"BrightSpring Health Services, Inc. - Common Stock",56.02,79.0,11036867363.0,217591401,113.2,-24.0,5,7,False,False,False,True,True,True,True,False,True,True,True
DJCO,Daily Journal Corp. (S.C.) - Common Stock,655.01,79.0,908621549.0,37780334,87.9,-5.4,5,6,False,False,False,True,False,True,False,True,True,True,True
MUFG,"Mitsubishi UFJ Financial Group, Inc. Common Stock",22.57,79.0,270821163194.0,67703307,54.4,-7.0,5,7,False,False,False,True,True,True,True,False,True,True,True
MBIN,Merchants Bancorp - Common Stock,52.23,78.9,2359838913.0,10230871,72.0,-8.2,5,7,False,False,False,True,True,True,True,False,True,True,True
PBAM,"Private Bancorp of America, Inc. - Common Stock",85.79,78.9,499924003.0,6320712,57.6,-6.8,5,7,False,False,False,True,True,True,True,False,True,True,True
GRMN,Garmin Ltd. Common Stock (Switzerland),295.04,78.8,55460532303.0,268708740,58.1,-6.1,5,8,True,False,False,True,True,True,True,True,True,True,True
PBI,Pitney Bowes Inc. Common Stock,16.36,78.8,2230457749.0,28757041,82.8,-14.2,5,7,False,False,False,True,True,True,True,False,True,True,True
CHRD,Chord Energy Corporation - Common Stock,140.02,78.7,7532990932.0,102939690,66.2,-10.8,5,7,False,False,False,True,True,True,True,False,True,True,True
TITN,Titan Machinery Inc. - Common Stock,23.48,78.7,569966765.0,5125141,77.7,-12.7,5,8,True,False,False,True,True,True,True,True,True,True,True
IAG,Iamgold Corporation Ordinary Shares,19.36,78.7,11357190000.0,103625798,78.1,-22.2,5,6,False,False,False,True,False,True,False,True,True,True,True
CNH,CNH Industrial N.V. Common Shares,13.28,78.6,17018731923.0,232025446,47.6,-8.2,2,8,True,False,False,True,True,True,True,True,True,True,True
SDRL,Seadrill Limited Common Shares,46.48,78.6,2903799198.0,28904807,65.4,-16.2,5,8,True,False,False,True,True,True,True,True,True,True,True
GRPN,"Groupon, Inc. - Common Stock",20.89,78.5,814932532.0,30913321,127.8,-30.1,3,6,False,False,False,True,True,True,True,False,True,False,True
MSTR,Strategy Inc - Class A Common Stock,161.61,78.5,62321416812.0,2758194999,97.5,-55.7,0,4,False,False,False,True,False,False,False,True,True,False,True
PI,"Impinj, Inc. - Common Stock",176.57,78.5,5414241984.0,68804849,102.1,-28.5,1,5,False,False,False,True,False,True,False,True,True,False,True
QRVO,"Qorvo, Inc. - Common Stock",116.34,78.4,10550425090.0,125697744,55.3,-3.9,2,8,True,False,False,True,True,True,True,True,True,True,True
STLD,"Steel Dynamics, Inc. - Common Stock",235.2,78.4,33580337738.0,280394071,74.4,-18.5,5,7,False,False,False,True,True,True,True,False,True,True,True
DOCU,"DocuSign, Inc. - Common Stock",68.99,78.3,12987851389.0,204235629,71.8,-20.0,0,5,False,False,False,True,False,False,False,True,True,True,True
SCL,Stepan Company Common Stock,63.82,78.3,1474659870.0,8944314,52.6,-6.1,4,8,True,False,False,True,True,True,True,True,True,True,True
BIIB,Biogen Inc. - Common Stock,226.36,78.2,33618467165.0,200397381,67.2,-1.2,5,8,True,False,False,True,True,True,True,True,True,True,True
DXCM,"DexCom, Inc. - Common Stock",87.47,78.2,33105859913.0,397346405,61.7,-5.5,2,8,True,False,False,True,True,True,True,True,True,True,True
NE,Noble Corporation plc A Ordinary Shares,43.74,78.2,7123235767.0,58679332,63.9,-20.4,5,6,False,False,False,False,True,True,False,True,True,True,True
INTA,"Intapp, Inc. - Common Stock",36.83,78.1,2789596456.0,25385507,93.7,-23.2,0,5,False,False,False,True,False,False,False,True,True,True,True
RHI,Robert Half Inc. Common Stock,35.79,78.1,3824237894.0,88237267,63.9,-23.4,3,7,False,False,False,True,True,True,True,False,True,True,True
ALRS,Alerus Financial Corporation - Common Stock,32.21,78.0,791947501.0,6018067,58.6,-6.4,5,7,False,False,False,True,True,True,True,False,True,True,True
CARE,"Carter Bankshares, Inc. - Common Stock",30.07,78.0,663366455.0,11405719,79.2,-16.6,5,7,False,False,False,True,True,True,True,False,True,True,True
META,"Meta Platforms, Inc. - Class A Common Stock",777.59,78.0,1895599382023.0,11794351288,49.5,-0.3,1,6,False,True,False,True,False,True,False,True,True,True,True
BWIN,"The Baldwin Insurance Group, Inc. - Class A Common Stock",31.84,77.9,4443021938.0,77741698,100.5,-2.6,2,8,True,False,False,True,True,True,True,True,True,True,True
RUSHB,"Rush Enterprises, Inc. - Class B Common Stock",55.01,77.9,6399158171.0,9164314,73.0,-4.1,5,8,True,False,False,True,True,True,True,True,True,True,True
AMG,"Affiliated Managers Group, Inc. Common Stock",370.71,77.8,9469131667.0,98681878,61.1,-5.7,5,8,True,False,False,True,True,True,True,True,True,True,True
TTE,TotalEnergies SE Ordinary Shares,91.89,77.8,200011271573.0,138254392,60.1,-2.4,5,8,True,False,False,True,True,True,True,True,True,True,True
DRH,Diamondrock Hospitality Company - Common Stock,12.42,77.7,2504373535.0,34516052,66.0,-9.9,5,7,False,False,False,True,True,True,True,False,True,True,True
WDAY,"Workday, Inc. - Class A Common Stock",190.99,77.7,46363580000.0,768732834,73.1,-23.6,0,5,False,False,False,True,False,False,False,True,True,True,True
INVX,"Innovex International, Inc. Common Stock",28.56,77.7,1987576203.0,21882586,67.9,-15.3,5,7,False,False,False,True,True,True,True,False,True,True,True
ANGO,"AngioDynamics, Inc. - Common Stock",15.28,77.6,641065353.0,6921312,62.7,-6.2,5,8,True,False,False,True,True,True,True,True,True,True,True
AGM,Federal Agricultural Mortgage Corporation Common Stock,218.79,77.6,2356991616.0,24031140,60.2,-11.9,3,7,False,False,False,True,True,True,True,False,True,True,True
EXEL,"Exelixis, Inc. - Common Stock",57.95,77.5,14056655387.0,131211855,71.7,-3.0,5,8,True,False,False,True,True,True,True,True,True,True,True
AU,AngloGold Ashanti PLC Ordinary Shares,98.49,77.5,49939656337.0,269474251,57.5,-23.7,5,8,True,False,False,True,True,True,True,True,True,True,True
NAVN,"Navan, Inc. - Class A Common Stock",19.43,77.4,5119670292.0,86632731,139.7,-37.1,1,5,False,False,False,False,True,True,True,False,True,False,True
SLAB,"Silicon Laboratories, Inc. - Common Stock",221.38,77.4,7382395871.0,62066629,91.7,-0.5,5,8,True,False,False,True,True,True,True,True,True,True,True
EXPD,"Expeditors International of Washington, Inc. Common Stock",183.66,77.4,24442136655.0,192873645,62.6,-5.6,5,8,True,False,False,True,True,True,True,True,True,True,True
FRSH,Freshworks Inc. - Class A Common Stock,12.81,77.3,3358050336.0,90474332,88.7,-8.4,2,6,False,False,False,True,False,True,False,True,True,True,True
INCY,Incyte Corporation - Common Stock,124.44,77.3,25264247061.0,197097836,53.5,-6.2,5,8,True,False,False,True,True,True,True,True,True,True,True
AAPL,Apple Inc. - Common Stock,335.92,77.2,4918530543600.0,15200432422,38.0,-2.7,5,8,True,False,False,True,True,True,True,True,True,True,True
JNJ,Johnson & Johnson Common Stock,270.68,77.2,648672405354.0,1857515768,54.8,-3.7,5,8,True,False,False,True,True,True,True,True,True,True,True
PSTL,"Postal Realty Trust, Inc. Class A Common Stock",23.45,77.2,707823628.0,7774158,64.6,-7.0,5,8,True,False,False,True,True,True,True,True,True,True,True
COP,ConocoPhillips Common Stock,129.34,77.1,153879317685.0,846112697,51.2,-8.7,5,8,True,False,False,True,True,True,True,True,True,True,True
SEI,"Solaris Energy Infrastructure, Inc. Class A Common Stock",70.1,77.1,5162871813.0,177567854,98.1,-18.7,5,7,False,False,False,True,True,True,False,True,True,True,True
KNTK,Kinetik Holdings Inc. Class A Common Stock,52.54,77.0,8593103507.0,58777145,67.7,-7.7,5,8,True,False,False,True,True,True,True,True,True,True,True
WLY,"John Wiley & Sons, Inc. Common Stock",48.61,77.0,2420157658.0,24804663,71.3,-15.4,5,7,False,False,False,True,True,True,True,False,True,True,True
CPAY,"Corpay, Inc. Common Stock",400.32,76.9,25946047141.0,196400638,58.3,-6.3,4,8,True,False,False,True,True,True,True,True,True,True,True
CRM,"Salesforce, Inc. Common Stock",238.22,76.9,195528340000.0,3077057144,62.8,-11.5,1,6,False,False,False,True,False,True,False,True,True,True,True
WAT,Waters Corporation Common Stock,430.3,76.9,41320208043.0,313368375,52.2,-1.4,5,6,False,True,False,True,False,True,False,True,True,True,True
NVAX,"Novavax, Inc. - Common Stock",10.6,76.8,1740177409.0,40916455,71.0,-11.4,1,7,False,False,False,True,True,True,False,True,True,True,True
WEX,WEX Inc. common stock,185.43,76.8,6289420494.0,122284083,48.0,-9.1,2,7,False,False,False,True,True,True,True,False,True,True,True
GTX,Garrett Motion Inc. - Common Stock,25.3,76.7,4755582057.0,72591197,106.3,-30.2,5,5,False,False,False,False,True,True,True,False,True,False,True
TXN,Texas Instruments Incorporated - Common Stock,270.65,76.7,248969584157.0,1840072415,77.2,-19.0,5,7,False,False,False,True,True,True,True,False,True,True,True
WPM,Wheaton Precious Metals Corp Common Shares (Canada),143.88,76.7,66057567346.0,278947606,55.4,-13.2,5,8,True,False,False,True,True,True,True,True,True,True,True
BNS,Bank Nova Scotia Halifax Pfd 3 Ordinary Shares,92.23,76.6,113171133960.0,186026066,46.4,-3.5,5,8,True,False,False,True,True,True,True,True,True,True,True
IFF,"International Flavors & Fragrances, Inc. Common Stock",85.85,76.6,21868903329.0,135366704,45.2,-3.9,5,8,True,False,False,True,True,True,True,True,True,True,True
GSL,Global Ship Lease Inc New Class A Common Shares,44.11,76.5,1599798588.0,13991881,61.7,-5.3,5,8,True,False,False,True,True,True,True,True,True,True,True
OBK,"Origin Bancorp, Inc. Common Stock",53.3,76.5,1629171495.0,9342109,65.9,-4.1,5,7,False,False,False,True,True,True,True,False,True,True,True
ELE,Elemental Royalty Corporation - Common Stock,20.15,76.4,1645003701.0,6680117,60.2,-25.3,2,7,False,False,False,True,True,True,True,True,True,False,True
MNPR,Monopar Therapeutics Inc. - Common Stock,88.84,76.4,599933933.0,24266093,77.4,-28.8,5,6,False,False,False,True,True,True,True,False,True,False,True
PGC,Peapack-Gladstone Financial Corporation - Common Stock,44.82,76.4,786766510.0,7682941,81.4,-8.8,5,7,False,False,False,True,True,True,True,False,True,True,True
LFUS,"Littelfuse, Inc. - Common Stock",421.16,76.3,10729192695.0,114883364,80.5,-15.9,5,7,False,False,False,True,True,True,True,False,True,True,True
EMBJ,Embraer S.A. Common Stock,76.4,76.3,13629562485.0,88315979,42.6,-5.4,5,6,False,False,False,True,False,True,False,True,True,True,True
ENTG,"Entegris, Inc. - Common Stock",148.63,76.2,23062104000.0,331878043,118.7,-20.5,5,8,True,False,False,True,True,True,True,True,True,True,True
VAL,Valaris Limited Common Shares,81.79,76.2,5733314584.0,93172416,75.1,-28.3,5,4,False,False,False,False,True,True,False,False,True,False,True
BETA,"Beta Technologies, Inc. Class A Common Stock",23.15,76.1,5694125400.0,56891432,72.4,-41.4,0,4,False,False,False,True,False,False,False,True,True,False,True
LXP,LXP Industrial Trust Common Stock (Maryland REIT),60.93,76.1,3589318232.0,50161179,38.5,-1.1,5,8,True,False,False,True,True,True,True,True,True,True,True
XOM,ExxonMobil Holdings Corporation Common Stock,162.14,76.1,662963565311.0,2291728862,46.9,-8.1,5,8,True,False,False,True,True,True,True,True,True,True,True
EZPW,"EZCORP, Inc. - Class A Non-Voting Common Stock",30.29,76.0,1854975552.0,29459470,83.6,-18.4,5,6,False,False,False,False,True,True,True,False,True,True,True
IOSP,Innospec Inc. - Common Stock,96.87,76.0,2379359140.0,16323817,47.9,-1.2,4,8,True,False,False,True,True,True,True,True,True,True,True
ARMK,Aramark Common Stock,54.32,75.9,14702368704.0,145981812,54.9,-13.3,5,7,False,False,False,True,True,True,True,False,True,True,True
SXT,Sensient Technologies Corporation Common Stock,128.22,75.9,5484218197.0,53422636,55.2,-7.6,5,8,True,False,False,True,True,True,True,True,True,True,True
UVE,UNIVERSAL INSURANCE HOLDINGS INC Common Stock,42.49,75.9,1181955177.0,8122992,69.6,-5.9,5,7,False,False,False,True,True,True,True,False,True,True,True
HRMY,"Harmony Biosciences Holdings, Inc. - Common Stock",41.16,75.8,2357409189.0,36343568,61.3,-5.4,3,6,False,False,False,True,False,True,False,True,True,True,True
ACA,"Arcosa, Inc. Common Stock ",146.52,75.8,7194147519.0,97341993,64.6,-0.3,5,8,True,False,False,True,True,True,True,True,True,True,True
SNEX,StoneX Group Inc. - Common Stock,69.52,75.7,8175402298.0,66246085,90.7,-26.6,5,6,False,False,False,True,True,True,True,False,True,False,True
GRDN,"Guardian Pharmacy Services, Inc. Class A Common Stock",41.79,75.7,2740188071.0,20202781,80.6,-13.5,5,8,True,False,False,True,True,True,True,True,True,True,True
CEVA,"CEVA, Inc. - Common Stock",34.46,75.6,946539901.0,24692897,102.5,-33.2,5,7,False,False,False,True,True,True,True,True,True,False,True
BFH,"Bread Financial Holdings, Inc. Common Stock",101.56,75.6,3810807193.0,58224782,88.7,-11.3,5,7,False,False,False,True,True,True,True,False,True,True,True
BOW,Bowhead Specialty Holdings Inc. Common Stock,33.87,75.6,1114791289.0,11604674,59.7,-3.4,3,8,True,False,False,True,True,True,True,True,True,True,True
BEN,"Franklin Resources, Inc. Common Stock",32.55,75.5,16619195726.0,131396083,54.2,-10.3,5,7,False,False,False,True,True,True,True,False,True,True,True
MSM,"MSC Industrial Direct Company, Inc. Common Stock",120.73,75.5,6930525582.0,79958623,53.2,-7.5,5,7,False,False,False,True,True,True,True,False,True,True,True
CRVS,"Corvus Pharmaceuticals, Inc. - Common Stock",11.8,75.4,1054876638.0,12599093,96.7,-56.2,5,4,False,False,False,False,True,True,False,False,True,False,True
TRST,TrustCo Bank Corp NY - Common Stock,56.3,75.4,945720680.0,7973805,64.1,-5.0,5,7,False,False,False,True,True,True,True,False,True,True,True
HSBC,"HSBC Holdings, plc. Common Stock",100.17,75.4,344192170289.0,133042275,54.9,-7.2,5,7,False,False,False,True,True,True,True,False,True,True,True
RIOT,"Riot Platforms, Inc. - Common Stock",23.48,75.3,9265143105.0,409241680,104.2,-22.6,1,8,True,False,False,True,True,True,True,True,True,True,True
TMP,Tompkins Financial Corporation Common Stock,98.14,75.3,1390683084.0,10749567,58.6,-4.3,5,8,True,False,False,True,True,True,True,True,True,True,True
PAG,"Penske Automotive Group, Inc. Common Stock",207.97,75.2,13766877953.0,90327940,48.4,-8.4,3,7,False,False,False,True,True,True,True,False,True,True,True
SPB,"Spectrum Brands Holdings, Inc. Common Stock",84.77,75.2,1988659142.0,29401719,69.6,-14.4,5,7,False,False,False,True,True,True,True,False,True,True,True
AVBP,"ArriVent BioPharma, Inc. - Common Stock",30.1,75.1,1494024189.0,15475566,77.1,-16.0,5,7,False,False,False,True,True,True,True,False,True,True,True
IVZ,Invesco Ltd Common Stock,30.68,75.1,13571703237.0,138235425,48.4,-8.9,5,7,False,False,False,True,True,True,True,False,True,True,True
JXN,Jackson Financial Inc. Class A Common Stock ,130.15,75.1,8786449959.0,90847879,45.1,-7.6,5,8,True,False,False,True,True,True,True,True,True,True,True
CVX,Chevron Corporation Common Stock,205.65,75.0,406040754520.0,1741972723,40.4,-5.6,5,8,True,False,False,True,True,True,True,True,True,True,True
GEF,Greif Inc. Class A Common Stock,82.82,75.0,3892451144.0,25813547,48.6,-8.6,5,7,False,False,False,True,True,True,True,False,True,True,True
AMGN,Amgen Inc. - Common Stock,406.04,74.9,219545250910.0,1105796190,50.5,-9.2,5,8,True,False,False,True,True,True,True,True,True,True,True
PFG,Principal Financial Group Inc - Common Stock,114.15,74.9,24390800703.0,161391661,46.5,-5.8,5,8,True,False,False,True,True,True,True,True,True,True,True
BLLN,"BillionToOne, Inc. - Class A common stock",124.9,74.8,5399140888.0,76247083,101.6,-17.0,0,7,False,False,False,True,True,,True,True,True,True,True
DGX,Quest Diagnostics Incorporated Common Stock,236.59,74.8,25716992880.0,237849716,38.2,-4.9,5,8,True,False,False,True,True,True,True,True,True,True,True
SII,Sprott Inc. Common Shares,124.24,74.8,3233772000.0,20712712,66.3,-26.8,5,5,False,False,False,False,True,True,False,True,True,False,True
FISI,"Financial Institutions, Inc. - Common Stock",40.015,74.7,781554238.0,6195461,56.2,-6.9,5,7,False,False,False,True,True,True,True,False,True,True,True
GOLD,"Gold.com, Inc. Common Stock",43.48,74.7,1267648791.0,24296682,89.0,-34.8,5,6,False,False,False,True,True,True,False,True,True,False,True
IESC,"IES Holdings, Inc. - Common Stock",320.5,74.6,12740828688.0,113842912,88.5,-21.5,5,7,False,False,False,True,True,True,True,False,True,True,True
VOR,Vor Biopharma Inc. - Common Stock,18.44,74.6,1145973635.0,20569950,183.7,-63.1,1,6,False,False,False,True,True,True,True,False,True,False,True
HRTG,"Heritage Insurance Holdings, Inc. Common Stock",33.18,74.6,983250997.0,9764341,62.0,-9.1,5,8,True,False,False,True,True,True,True,True,True,True,True
DSGR,"Distribution Solutions Group, Inc. - Common Stock",34.95,74.5,1616626999.0,9444111,83.8,-0.3,2,8,True,False,False,True,True,True,True,True,True,True,True
NDSN,Nordson Corporation - Common Stock,323.26,74.5,17902890220.0,119909507,46.6,-4.7,5,8,True,False,False,True,True,True,True,True,True,True,True
DV,"DoubleVerify Holdings, Inc. Common Stock",13.37,74.4,2076823750.0,51022810,75.0,-2.1,2,8,True,False,False,True,True,True,True,True,True,True,True
STNG,Scorpio Tankers Inc. Common Shares,80.96,74.4,4205726688.0,63647806,65.5,-10.1,5,8,True,False,False,True,True,True,True,True,True,True,True
HOOD,"Robinhood Markets, Inc. - Class A Common Stock",120.82,74.3,110317394897.0,2234186853,90.2,-21.5,0,5,False,False,False,True,False,False,False,True,True,True,True
LSCC,Lattice Semiconductor Corporation - Common Stock,122.22,74.3,17279402892.0,208929538,102.0,-22.2,5,8,True,False,False,True,True,True,True,True,True,True,True
ADM,Archer-Daniels-Midland Company Common Stock,81.88,74.3,39592979743.0,317886948,47.3,-7.7,5,7,False,False,False,True,True,True,True,False,True,True,True
MSFT,Microsoft Corporation - Common Stock,497.93,74.2,3717153817340.0,13342661001,42.6,-10.1,1,6,False,False,False,True,False,True,False,True,True,True,True
SEIC,SEI Investments Company - Common Stock,104.78,74.2,12581610849.0,81168610,39.6,-6.6,4,7,False,False,False,True,True,True,True,False,True,True,True
NWPX,"NWPX Infrastructure, Inc. - Common Stock",101.34,74.1,988969669.0,20153529,105.8,-33.3,5,5,False,False,False,False,True,True,True,False,True,False,True
APLE,"Apple Hospitality REIT, Inc. Common Shares",16.11,74.1,3737189109.0,44291718,48.5,-6.8,5,8,True,False,False,True,True,True,True,True,True,True,True
CF,"CF Industries Holdings, Inc. Common Stock",118.44,74.1,18257432003.0,312738752,57.0,-16.6,5,6,False,False,False,False,True,True,True,False,True,True,True
FRHC,Freedom Holding Corp. - Common Stock,176.37,74.0,11018043548.0,17210846,63.3,-0.5,1,8,True,True,False,True,True,True,True,True,True,True,True
NVGS,Navigator Holdings Ltd. Ordinary Shares (Marshall Islands),23.34,74.0,1421567332.0,9519270,65.8,-8.4,5,8,True,False,False,True,True,True,True,True,True,True,True
CVLT,"Commvault Systems, Inc. - Common Stock",150.0,73.9,6193061199.0,80942304,109.1,-23.8,1,8,True,False,False,True,True,True,True,True,True,True,True
MLR,"Miller Industries, Inc. Common Stock",53.84,73.9,615174851.0,5222735,50.7,-9.8,5,8,True,False,False,True,True,True,True,True,True,True,True
ASH,Ashland Inc. Common Stock,69.1,73.8,3160200464.0,50097423,49.2,-11.7,5,7,False,False,False,True,True,True,True,False,True,True,True
MET,"MetLife, Inc. Common Stock",97.25,73.8,61768357304.0,330549092,44.4,-3.6,5,8,True,False,False,True,True,True,True,True,True,True,True
SLB,SLB Limited Common Shares,51.43,73.8,76982509392.0,667926155,62.5,-14.9,5,6,False,False,False,False,True,True,True,False,True,True,True
RRBI,"Red River Bancshares, Inc. - Common Stock",100.1,73.7,662064779.0,7110814,62.5,-4.5,5,7,False,False,False,True,True,True,True,False,True,True,True
VG,"Venture Global, Inc. Class A common stock",13.23,73.7,33176232133.0,210806768,131.3,-24.9,2,7,False,False,False,True,True,True,True,False,True,True,True
GPRE,"Green Plains, Inc. - Common Stock",15.01,73.6,1059140406.0,25033371,73.5,-23.6,5,6,False,False,False,False,True,True,True,False,True,True,True
SMBK,"SmartFinancial, Inc. Common Stock",50.3,73.6,853555772.0,6309952,52.4,-7.1,5,7,False,False,False,True,True,True,True,False,True,True,True
CCSI,"Consensus Cloud Solutions, Inc. - Common Stock",35.37,73.5,656032208.0,5906749,75.1,-14.6,5,7,False,False,False,True,True,True,True,False,True,True,True
DVN,Devon Energy Corporation Common Stock,48.9,73.5,52844000000.0,535614479,55.4,-7.2,5,8,True,False,False,True,True,True,True,True,True,True,True
IDT,IDT Corporation Class B Common Stock,67.75,73.5,1687829574.0,13834483,48.2,-6.1,2,8,True,False,False,True,True,True,True,True,True,True,True
RBCAA,"Republic Bancorp, Inc. - Class A Common Stock",94.13,73.4,1832455313.0,10512415,47.1,-7.9,5,7,False,False,False,True,True,True,True,False,True,True,True
VOYA,"Voya Financial, Inc. Common Stock",96.09,73.4,8821366502.0,104257606,49.0,-9.0,5,7,False,False,False,True,True,True,True,False,True,True,True
ALM,Almonty Industries Inc. - Common Shares,12.4,73.3,3929107815.0,99606466,136.2,-49.2,5,4,False,False,False,False,True,True,False,False,True,False,True
DSGN,"Design Therapeutics, Inc. - Common Stock",12.24,73.3,773509206.0,8418901,131.8,-29.0,5,5,False,False,False,False,True,True,True,False,True,False,True
BAP,Credicorp Ltd. Common Stock,383.01,73.3,36373057325.0,117656221,66.2,-7.3,5,8,True,False,False,True,True,True,True,True,True,True,True
CAC,Camden National Corporation - Common Stock,56.9,73.2,952148711.0,5372379,62.6,-6.1,5,7,False,False,False,True,True,True,True,False,True,True,True
GRC,Gorman-Rupp Company (The) Common Stock,74.65,73.2,1987370786.0,14399964,76.4,-19.5,5,7,False,False,False,True,True,True,True,False,True,True,True
LTC,"LTC Properties, Inc. Common Stock",43.36,73.1,2293142650.0,23904393,28.9,-0.6,5,7,False,False,False,True,True,True,True,True,False,True,True
TD,Toronto Dominion Bank (The) Common Stock,119.26,73.1,195640985770.0,250019814,54.4,-4.9,5,7,False,False,False,True,True,True,True,False,True,True,True
MGTX,MeiraGTx Holdings plc - Ordinary Shares,11.05,73.0,1128505203.0,8866769,66.9,-28.0,5,6,False,False,False,True,True,True,True,False,True,False,True
MFC,Manulife Financial Corporation Common Stock,43.49,73.0,72763626410.0,99277039,42.5,-4.1,5,8,True,False,False,True,True,True,True,True,True,True,True
XPRO,Expro Ltd Ordinary Shares,16.72,73.0,1872156122.0,15154469,44.1,-13.1,5,7,False,False,False,True,True,True,True,False,True,True,True
RGA,"Reinsurance Group of America, Incorporated Common Stock",245.41,72.9,16113185839.0,81812116,37.7,-4.8,5,8,True,False,False,True,True,True,True,True,True,True,True
WAB,Westinghouse Air Brake Technologies Corporation Common Stock,290.23,72.9,49359128879.0,271811329,56.0,-5.4,5,8,True,False,False,True,True,True,True,True,True,True,True
CSCO,"Cisco Systems, Inc. - Common Stock",106.97,72.8,419609520893.0,2217316200,60.1,-17.9,5,7,False,False,False,True,True,True,True,False,True,True,True
IPAR,"Interparfums, Inc. - Common Stock",115.79,72.8,3759826689.0,28260233,50.0,-10.4,3,7,False,False,False,True,True,True,True,False,True,True,True
WASH,"Washington Trust Bancorp, Inc. - Common Stock",38.72,72.8,729402035.0,5732835,53.5,-4.5,5,7,False,False,False,True,True,True,True,False,True,True,True
NVCR,NovoCure Limited - Ordinary Shares,16.2,72.7,1892244900.0,24170363,65.0,-24.5,4,7,False,False,False,True,True,True,True,False,True,True,True
SAN,"Banco Santander, S.A. Sponsored ADR (Spain)",14.28,72.7,205540859777.0,192630125,48.4,-5.1,5,7,False,False,False,True,True,True,True,False,True,True,True
CRBG,Corebridge Financial Inc. Common Stock,34.09,72.6,15107230771.0,142056743,53.6,-4.3,2,6,False,False,False,True,False,True,False,True,True,True,True
RCUS,"Arcus Biosciences, Inc. Common Stock",25.06,72.6,3360327793.0,37796945,106.3,-21.0,5,6,False,False,False,False,True,True,True,False,True,True,True
SRCE,1st Source Corporation - Common Stock,85.41,72.5,2032024478.0,10489495,50.1,-6.6,5,7,False,False,False,True,True,True,True,False,True,True,True
LLY,Eli Lilly and Company Common Stock,1181.89,72.5,1083492568244.0,2999987509,66.0,-8.6,5,8,True,False,False,True,True,True,True,True,True,True,True
NOV,NOV Inc. Common Stock,19.9,72.5,7229376375.0,67915443,61.9,-9.3,5,7,False,False,False,True,True,True,True,False,True,True,True
CTBI,"Community Trust Bancorp, Inc. - Common Stock",75.29,72.4,1351695778.0,8388929,49.8,-5.8,5,7,False,False,False,True,True,True,True,False,True,True,True
SPSC,"SPS Commerce, Inc. - Common Stock",82.69,72.4,2926454144.0,42650324,68.6,-28.0,1,5,False,False,False,True,False,True,False,True,True,False,True
IBKR,"Interactive Brokers Group, Inc. - Class A Common Stock",89.82,72.3,41483837337.0,389377778,52.4,-9.0,5,7,False,False,False,True,True,True,True,False,True,True,True
ROG,Rogers Corporation Common Stock,136.2,72.3,2491560632.0,29154507,81.3,-19.4,5,8,True,False,False,True,True,True,True,True,True,True,True
MEDP,"Medpace Holdings, Inc. - Common Stock",620.59,72.2,17225677883.0,162968579,66.4,-8.5,3,6,False,False,False,True,False,True,False,True,True,True,True
ROST,"Ross Stores, Inc. - Common Stock",235.4,72.2,74745638678.0,561865082,63.5,-8.4,5,7,False,False,False,True,True,True,True,False,True,True,True
TRV,"The Travelers Companies, Inc. Common Stock",362.39,72.2,75168352179.0,671304226,43.7,-9.1,5,7,False,False,False,True,True,True,True,False,True,True,True
BNY,The Bank of New York Mellon Corporation Common Stock,150.19,72.1,101443154270.0,519308171,45.7,-9.4,5,7,False,False,False,True,True,True,True,False,True,True,True
INSP,"Inspire Medical Systems, Inc. Common Stock",68.81,72.1,1996550498.0,46528866,76.8,-53.2,0,4,False,False,False,True,False,False,False,True,True,False,True
DBX,"Dropbox, Inc. - Class A Common Stock",32.66,72.0,7723771733.0,140597299,50.5,-14.4,2,7,False,False,False,True,True,True,True,False,True,True,True
GILD,"Gilead Sciences, Inc. - Common Stock",149.69,72.0,187692011812.0,875085986,38.0,-4.8,5,8,True,False,False,True,True,True,True,True,True,True,True
XP,XP Inc. - Class A Common Stock,20.52,72.0,10822353286.0,99219517,38.6,-11.3,1,7,False,False,False,True,True,True,False,True,True,True,True
NTCT,"NetScout Systems, Inc. - Common Stock",39.25,71.9,2855943215.0,23718520,55.8,-13.3,5,8,True,False,False,True,True,True,True,True,True,True,True
GLW,Corning Incorporated Common Stock,154.15,71.9,133067269373.0,1652778692,100.1,-43.3,5,5,False,False,False,False,True,True,False,True,True,False,True
MTCH,"Match Group, Inc. - Common Stock",40.8,71.8,9292223873.0,131998206,41.6,-9.2,3,8,True,False,False,True,True,True,True,True,True,True,True
PWR,"Quanta Services, Inc. Common Stock",643.5,71.8,93539676687.0,673674515,66.1,-18.4,5,6,False,False,False,False,True,True,False,True,True,True,True
PCVX,"Vaxcyte, Inc. - Common Stock",56.9,71.7,8406754181.0,64731086,78.4,-12.5,5,7,False,False,False,True,True,True,True,False,True,True,True
WBD,"Warner Bros. Discovery, Inc. - Series A Common Stock",30.84,71.7,77229233939.0,789055333,80.6,-0.3,5,6,False,False,False,True,False,True,False,True,True,True,True
BP,BP p.l.c. Common Stock,44.41,71.7,116471723540.0,388316266,35.7,-8.0,5,8,True,False,False,True,True,True,True,True,True,True,True
CACI,"CACI International, Inc. Class A Common Stock",616.82,71.6,13628379478.0,164854963,41.9,-9.8,2,6,False,False,False,True,False,True,False,True,True,True,True
MD,"Pediatrix Medical Group, Inc. Common Stock",25.66,71.6,2101209588.0,20378912,63.4,-8.2,5,7,False,False,False,True,True,True,True,False,True,True,True
FNV,Franco-Nevada Corporation,259.89,71.5,50322705767.0,190379594,43.2,-9.0,5,8,True,False,False,True,True,True,True,True,True,True,True
IMO,Imperial Oil Limited Common Stock,124.57,71.5,60328226750.0,70333762,49.6,-10.7,5,6,False,False,False,False,True,True,True,False,True,True,True
NEU,NewMarket Corp Common Stock,893.3,71.5,8182502239.0,109285629,54.0,-9.0,2,8,True,False,False,True,True,True,True,True,True,True,True
OSBC,"Old Second Bancorp, Inc. - Common Stock",24.82,71.4,1248998828.0,11186543,49.1,-4.8,5,7,False,False,False,True,True,True,True,False,True,True,True
RGLD,"Royal Gold, Inc. - Common Stock",252.49,71.4,21417507692.0,162581853,49.5,-17.6,5,6,False,False,False,True,False,True,False,True,True,True,True
MKSI,MKS Inc. - Common Stock,257.98,71.3,17764484838.0,397918725,115.7,-42.4,5,4,False,False,False,False,True,True,False,False,True,False,True
SPNT,SiriusPoint Ltd. Common Shares,25.8,71.3,2952914707.0,19021498,48.7,-2.6,5,8,True,True,False,True,True,True,True,True,True,True,True
BDX,"Becton, Dickinson and Company Common Stock",179.23,71.2,49716038736.0,322378143,40.5,-7.2,3,8,True,False,False,True,True,True,True,True,True,True,True
CLS,"Celestica, Inc. Common Stock",373.56,71.2,41601869037.0,874096561,64.6,-21.2,5,7,False,False,False,True,True,True,False,True,True,True,True
SLF,Sun Life Financial Inc. Common Stock,79.45,71.2,44526909728.0,67252888,38.9,-5.8,5,7,False,False,False,True,True,True,True,False,True,True,True
NVDA,NVIDIA Corporation - Common Stock,224.58,71.1,5434791000000.0,26385494271,36.7,-5.1,5,8,True,False,False,True,True,True,True,True,True,True,True
WBI,WaterBridge Infrastructure LLC Class A Shares Representing Limited Liability Company Interests,29.94,71.1,3562946192.0,20789258,60.6,-18.8,2,7,False,False,False,True,True,True,True,False,True,True,True
KO,Coca-Cola Company (The) Common Stock,88.1,71.0,379011562816.0,1394592565,34.8,-4.7,5,8,True,False,False,True,True,True,True,True,True,True,True
VIRT,"Virtu Financial, Inc. Class A Common Stock",52.66,71.0,8227164033.0,74408409,66.9,-23.4,5,6,False,False,False,False,True,True,True,False,True,True,True
BATRK,"Atlanta Braves Holdings, Inc. - Series C Common Stock",54.06,70.9,3421432268.0,25800313,43.2,-0.7,5,8,True,False,False,True,True,True,True,True,True,True,True
ZBIO,"Zenas BioPharma, Inc. - Common Stock",27.5,70.9,1931186302.0,23032625,103.7,-38.3,0,3,False,False,False,True,False,False,False,False,True,False,True
RAMP,"LiveRamp Holdings, Inc. Common Stock",37.48,70.9,2276164126.0,38772129,72.6,-2.0,4,7,False,False,False,True,True,True,True,False,True,True,True
NOW,"ServiceNow, Inc. Common Stock",137.78,70.8,145566520000.0,2360870789,69.6,-29.2,0,4,False,False,False,True,False,False,False,True,True,False,True
RDW,Redwire Corporation Common Stock,11.6,70.8,2817416703.0,163101066,138.2,-56.5,4,6,False,False,False,True,True,True,False,True,True,False,True
ADI,"Analog Devices, Inc. - Common Stock",382.61,70.7,186669154082.0,1389951508,71.2,-14.2,5,7,False,False,False,True,True,True,False,True,True,True,True
BVN,Buenaventura Mining Company Inc.,32.85,70.7,8488241095.0,36382299,56.4,-26.5,5,4,False,False,False,False,True,True,False,False,True,False,True
PAY,"Paymentus Holdings, Inc. Class A Common Stock",30.95,70.7,3771892428.0,43553294,53.9,-31.7,2,4,False,False,False,True,False,True,False,False,True,False,True
HNI,HNI Corporation Common Stock,46.68,70.6,3404093688.0,26619701,61.4,-11.6,2,6,False,False,False,True,False,True,False,True,True,True,True
NPK,"National Presto Industries, Inc. Common Stock",144.1,70.6,1042365307.0,14115346,57.9,-8.9,5,8,True,False,False,True,True,True,True,True,True,True,True
KLAC,KLA Corporation  - Common Stock,187.11,70.5,245158519587.0,2010108766,90.7,-39.1,5,5,False,False,False,False,True,True,True,False,True,False,True
OXY,Occidental Petroleum Corporation Common Stock,58.05,70.5,57339199601.0,475234843,49.6,-13.9,5,8,True,False,False,True,True,True,True,True,True,True,True
REGN,"Regeneron Pharmaceuticals, Inc. - Common Stock",796.02,70.4,82551368478.0,574816769,47.1,-7.4,5,6,False,False,False,True,False,True,False,True,True,True,True
LNG,"Cheniere Energy, Inc. Common Stock",276.28,70.4,56509810970.0,505158730,48.4,-8.2,5,8,True,False,False,True,True,True,True,True,True,True,True
MTD,"Mettler-Toledo International, Inc. Common Stock",1519.15,70.4,29901358458.0,263096565,48.5,-1.4,0,5,False,True,False,True,False,False,False,True,True,True,True
ABBV,AbbVie Inc. Common Stock,265.12,70.3,468427449908.0,1243579733,39.0,-1.6,5,8,True,False,False,True,True,True,True,True,True,True,True
SOLV,Solventum Corporation Common Stock,88.59,70.3,15042670932.0,94615032,42.0,-5.9,4,6,False,False,False,True,False,True,False,True,True,True,True
ICUI,"ICU Medical, Inc. - Common Stock",166.02,70.2,4084149446.0,48481032,47.6,-13.9,4,5,False,False,False,True,False,True,False,False,True,True,True
BXC,Bluelinx Holdings Inc. Common Stock,73.82,70.2,627323919.0,12584188,64.9,-21.3,2,5,False,False,False,True,False,True,False,False,True,True,True
TRIN,Trinity Capital Inc. Common Stock,17.49,70.2,1661872224.0,17615246,23.8,-7.4,5,6,False,False,False,True,True,True,True,False,False,True,True
ATLC,Atlanticus Holdings Corporation - Common Stock,91.39,70.1,1380018357.0,14557706,92.4,-20.1,5,7,False,False,False,True,True,True,True,False,True,True,True
KSPI,Joint Stock Company Kaspi.kz - American Depository Shares,92.79,70.1,17770839025.0,57109631,35.3,-15.6,3,7,False,False,False,True,True,True,True,False,True,True,True
IEX,IDEX Corporation Common Stock,228.5,70.0,16931248514.0,146756656,44.4,-6.3,5,7,False,False,False,True,True,True,True,False,True,True,True
WELL,Welltower Inc. Common Stock,233.61,70.0,165677641886.0,681838190,42.7,-8.5,5,7,False,False,False,True,True,True,True,False,True,True,True
FIVE,"Five Below, Inc. - Common Stock",222.38,69.9,12519838099.0,264952957,61.4,-15.7,5,6,False,False,False,True,True,True,True,False,True,True,False
CNO,"CNO Financial Group, Inc. Common Stock",53.52,69.9,4998004461.0,46389899,40.0,-7.1,5,6,False,False,False,True,True,True,True,False,True,True,False
KMX,CarMax Inc,56.36,69.9,8154211576.0,129878304,86.3,-13.7,2,6,False,False,False,True,True,True,True,False,True,True,False
WSFS,WSFS Financial Corporation - Common Stock,77.27,69.8,3933465679.0,30885576,54.8,-6.8,5,6,False,False,False,True,True,True,True,False,True,True,False
RIO,Rio Tinto Plc Common Stock,94.47,69.8,119637675126.0,222332616,49.3,-16.1,5,5,False,False,False,False,True,True,True,False,True,True,False
CSX,CSX Corporation - Common Stock,46.95,69.7,87418291333.0,581865145,41.0,-12.4,5,6,False,False,False,True,True,True,True,False,True,True,False
AVNT,Avient Corporation Common Stock,40.78,69.7,3757749964.0,31972484,48.4,-12.6,5,6,False,False,False,True,True,True,True,False,True,True,False
BELFB,Bel Fuse Inc. - Class B Common Stock,250.96,69.6,3668775456.0,53628836,93.1,-25.2,5,4,False,False,False,False,True,True,True,False,True,False,False
PEBO,Peoples Bancorp Inc. - Common Stock,39.07,69.6,1381263165.0,11887686,42.1,-7.6,5,6,False,False,False,True,True,True,True,False,True,True,False
EQH,"Equitable Holdings, Inc. Common Stock",52.61,69.6,14271547656.0,149545091,49.5,-4.6,2,5,False,False,False,True,False,True,False,True,True,True,False
BCH,Banco De Chile ADS,41.5,69.5,21112569971.0,11982891,39.7,-11.3,5,7,False,False,False,True,True,True,True,True,True,True,False
NTR,Nutrien Ltd. Common Shares,73.96,69.5,36209822565.0,186364117,39.5,-13.4,5,7,False,False,False,True,True,True,True,True,True,True,False
IFS,Intercorp Financial Services Inc. Common Shares,55.45,69.4,6103889109.0,13234060,44.8,-9.7,5,6,False,False,False,True,True,True,True,False,True,True,False
JHX,James Hardie Industries plc. Ordinary Shares,26.1,69.4,15587028803.0,257630389,58.6,-17.0,3,6,False,False,False,True,True,True,True,False,True,True,False
UNF,Unifirst Corporation Common Stock,257.86,69.4,4658844648.0,66086588,74.6,-15.9,5,5,False,False,False,False,True,True,True,False,True,True,False
PRGS,Progress Software Corporation - Common Stock,40.23,69.3,1682761010.0,21191985,68.9,-15.1,1,4,False,False,False,True,False,True,False,False,True,True,False
SONO,"Sonos, Inc. - Common Stock",17.84,69.3,2022827041.0,29885223,43.4,-10.0,0,4,False,False,False,True,False,False,False,True,True,True,False
COKE,"Coca-Cola Consolidated, Inc. - Common Stock",189.65,69.2,12480139482.0,95352150,67.5,-13.7,5,7,False,False,False,True,True,True,True,True,True,True,False
RELY,"Remitly Global, Inc. - Common stock",21.16,69.2,4273901050.0,87631109,75.2,-23.0,5,6,False,False,False,True,True,True,True,False,True,True,False
MPWR,"Monolithic Power Systems, Inc. - Common Stock",1335.55,69.1,66611862210.0,989881185,60.3,-22.1,5,5,False,False,False,False,True,True,False,True,True,True,False
PTRN,Pattern Group Inc. - Series A Common Stock,17.94,69.1,3434446363.0,38295114,101.1,-39.8,2,4,False,False,False,False,True,True,True,False,True,False,False
PLGO,Pelagos Insurance Capital Limited Common Shares,24.0,69.1,2067740267.0,10955773,41.5,-8.9,5,6,False,False,False,True,True,True,True,False,True,True,False
ALKS,Alkermes plc - Ordinary Shares,40.79,69.0,7067866649.0,82859535,51.1,-26.7,5,4,False,False,False,False,True,True,True,False,True,False,False
BOX,"Box, Inc. Class A Common Stock",32.32,69.0,4494697323.0,97922797,51.5,-11.1,1,4,False,False,False,True,False,True,False,False,True,True,False
POWL,"Powell Industries, Inc. - Common Stock",191.62,68.9,7017640478.0,132054355,107.6,-41.6,5,3,False,False,False,False,True,True,False,False,True,False,False
BMY,Bristol-Myers Squibb Company Common Stock,61.5,68.9,124912001214.0,691470526,44.6,-10.4,5,6,False,False,False,True,True,True,True,False,True,True,False
SA,"Seabridge Gold, Inc. Common Shares New",29.98,68.9,3365581939.0,20004430,42.1,-25.2,5,3,False,False,False,False,False,True,False,True,True,False,False
AIR,AAR Corp. Common Stock,120.56,68.8,4809321026.0,57466678,62.4,-21.7,5,5,False,False,False,False,True,True,True,False,True,True,False
RS,"Reliance, Inc. Common Stock",385.77,68.8,19637113490.0,136122688,48.2,-10.9,5,6,False,False,False,True,True,True,True,False,True,True,False
BMO,Bank Of Montreal Common Stock,171.06,68.7,118422864418.0,138380049,42.7,-8.6,5,6,False,False,False,True,True,True,True,False,True,True,False
DNOW,DNOW Inc. Common Stock,15.91,68.7,2840146348.0,37788851,45.5,-7.8,2,5,False,False,False,True,False,True,False,True,True,True,False
ZYME,Zymeworks Inc. - Common Stock,26.81,68.6,1951379128.0,16299308,69.6,-14.5,5,7,False,False,False,True,True,True,True,True,True,True,False
MANU,Manchester United Ltd. Class A Ordinary Shares,20.94,68.6,3533067321.0,6977010,41.0,-14.4,5,6,False,False,False,True,True,True,True,False,True,True,False
NX,Quanex Building Products Corporation Common Stock,19.28,68.6,908733705.0,8089448,74.6,-17.4,3,6,False,False,False,True,True,True,True,False,True,True,False
GFF,Griffon Corporation Common Stock,96.54,68.5,4375016618.0,31740014,48.5,-11.1,5,7,False,False,False,True,True,True,True,True,True,True,False
PFE,"Pfizer, Inc. Common Stock",28.41,68.5,160616801738.0,994555463,20.5,-2.7,5,6,False,False,False,True,True,True,True,True,False,True,False
ICLR,ICON plc - Ordinary Shares,173.9,68.4,12549384568.0,136011963,161.2,-14.7,0,4,False,False,False,True,False,False,False,True,True,True,False
ETN,"Eaton Corporation, PLC Ordinary Shares",440.0,68.4,170414384000.0,899411212,41.1,-7.9,5,7,False,False,False,True,True,True,True,True,True,True,False
APH,Amphenol Corporation Common Stock,83.08,68.3,202677820662.0,1007531443,40.8,-6.9,5,7,False,False,False,True,True,True,True,True,True,True,False
ELV,"Elevance Health, Inc. Common Stock",398.25,68.3,86435424222.0,474444881,44.9,-8.7,5,7,False,False,False,True,True,True,True,True,True,True,False
RHP,"Ryman Hospitality Properties, Inc. (REIT)",121.97,68.3,8329050283.0,91661353,45.5,-11.3,5,6,False,False,False,True,True,True,True,False,True,True,False
PSMT,"PriceSmart, Inc. - Common Stock",173.18,68.2,5327760863.0,42122201,55.1,-13.3,5,6,False,False,False,True,True,True,True,False,True,True,False
AEM,Agnico Eagle Mines Limited Common Stock,193.88,68.2,99263704379.0,517661267,44.3,-24.0,2,5,False,False,False,True,False,True,False,True,True,True,False
FCFS,"FirstCash Holdings, Inc. - Common Stock",216.4,68.1,9388693546.0,93652494,48.1,-9.4,5,7,False,False,False,True,True,True,True,True,True,True,False
HG,"Hamilton Insurance Group, Ltd. Class B Common Shares",33.43,68.1,2785063367.0,13808097,47.5,-10.4,5,6,False,False,False,True,True,True,True,False,True,True,False
SJM,The J.M. Smucker Company Common Stock,121.66,68.1,13076225831.0,169106302,37.9,-10.5,4,7,False,False,False,True,True,True,True,True,True,True,False
FLYW,Flywire Corporation - Voting Common Stock,17.09,68.0,2051316984.0,31425947,62.0,-13.4,5,6,False,False,False,True,True,True,True,False,True,True,False
BAX,Baxter International Inc. Common Stock,23.48,68.0,12144236017.0,167767279,49.3,-21.7,2,6,False,False,False,True,True,True,True,False,True,True,False
INOD,Innodata Inc. - Common Stock,71.87,67.9,2475207045.0,86474620,110.0,-42.6,0,4,False,False,False,True,True,False,False,True,True,False,False
BLSH,Bullish Ordinary Shares,39.69,67.9,6403209414.0,47384972,93.1,-47.1,0,3,False,False,False,True,False,False,False,True,True,False,False
ASYS,"Amtech Systems, Inc. - Common Stock",15.4,67.8,270149998.0,5960195,128.1,-40.1,5,4,False,False,False,False,True,True,False,True,True,False,False
MBWM,Mercantile Bank Corporation - Common Stock,59.52,67.8,1014338314.0,7381175,39.2,-5.4,5,6,False,False,False,True,True,True,True,False,True,True,False
PKE,Park Aerospace Corp. Common Stock,29.66,67.8,642748285.0,9045227,62.5,-25.6,5,4,False,False,False,False,True,True,True,False,True,False,False
KNX,Knight-Swift Transportation Holdings Inc.,65.5,67.7,10932320520.0,254535685,69.6,-21.0,5,5,False,False,False,False,True,True,True,False,True,True,False
OFG,OFG Bancorp Common Stock,51.74,67.7,2179208871.0,14472396,44.9,-5.0,5,6,False,False,False,True,True,True,True,False,True,True,False
HOPE,"Hope Bancorp, Inc. - Common Stock",13.72,67.6,1739843806.0,13362398,40.0,-6.0,5,6,False,False,False,True,True,True,True,False,True,True,False
TRVI,"Trevi Therapeutics, Inc. - Common Stock",14.675,67.6,2060200661.0,31113848,78.1,-27.4,5,4,False,False,False,False,True,True,True,False,True,False,False
NIC,Nicolet Bankshares Inc. Common Stock,167.58,67.6,3453378992.0,28594435,46.8,-6.9,5,6,False,False,False,True,True,True,True,False,True,True,False
PRSU,"Pursuit Attractions and Hospitality, Inc. Common Stock",48.44,67.5,1310860572.0,11467138,51.2,-14.3,5,6,False,False,False,True,True,True,True,False,True,True,False
UNFI,"United Natural Foods, Inc. Common Stock",46.15,67.5,2638269254.0,26203738,60.7,-19.1,5,5,False,False,False,False,True,True,True,False,True,True,False
NTRS,Northern Trust Corporation - Common Stock,174.5,67.4,31832454065.0,196292948,44.1,-10.9,5,6,False,False,False,True,True,True,True,False,True,True,False
PHVS,Pharvaris N.V. - Ordinary Shares,32.99,67.4,2303869601.0,27032802,59.8,-23.7,5,6,False,False,False,True,True,True,True,False,True,True,False
GO,Grocery Outlet Holding Corp. - Common Stock,11.3,67.3,1105782931.0,27369869,99.8,-33.5,1,4,False,False,False,True,False,True,False,True,True,False,False
PCTY,Paylocity Holding Corporation - Common Stock,143.64,67.3,7617918748.0,101641863,54.5,-15.3,1,4,False,False,False,True,False,True,False,False,True,True,False
DCOM,"Dime Commercial Bancshares, Inc. Common Stock",40.21,67.3,1764055970.0,12345093,56.9,-4.2,5,6,False,False,False,True,True,True,True,False,True,True,False
GSBC,"Great Southern Bancorp, Inc. - Common Stock",78.83,67.2,850114521.0,7961537,46.6,-4.9,5,6,False,False,False,True,True,True,True,False,True,True,False
TILE,"Interface, Inc. - Common Stock",35.19,67.2,2019548072.0,17039039,44.2,-13.1,5,6,False,False,False,True,True,True,True,False,True,True,False
COGT,"Cogent Biosciences, Inc. - Common Stock",31.43,67.1,5450419685.0,68745122,152.7,-28.1,5,2,False,False,False,False,False,True,False,False,True,False,False
FLNG,FLEX LNG Ltd. Ordinary Shares,31.07,67.1,1674699961.0,11364446,29.5,-7.0,5,6,False,False,False,True,True,True,True,True,False,True,False
PNRG,PrimeEnergy Resources Corporation - Common Stock,210.85,67.0,311249942.0,18624877,66.8,-24.4,5,6,False,False,False,True,True,True,False,True,True,True,False
CAT,"Caterpillar, Inc. Common Stock",805.25,67.0,373265203366.0,2290382048,75.2,-25.0,5,4,False,False,False,False,True,True,False,False,True,True,False
CLH,"Clean Harbors, Inc. Common Stock",316.07,67.0,16530326711.0,142194674,57.0,-5.9,5,7,False,False,False,True,True,True,True,True,True,True,False
TFSL,TFS Financial Corporation - Common Stock,16.72,66.9,4627305458.0,15243759,33.3,-14.2,5,6,False,False,False,True,True,True,True,False,True,True,False
EOG,"EOG Resources, Inc. Common Stock",142.86,66.9,74399218324.0,443001304,40.6,-7.3,5,6,False,False,False,True,True,True,True,False,True,True,False
VRTX,Vertex Pharmaceuticals Incorporated - Common Stock,522.38,66.8,130872013498.0,600625829,39.6,-6.8,4,7,False,False,False,True,True,True,True,True,True,True,False
AGRO,Adecoagro S.A. Common Shares,10.63,66.8,1565746856.0,8748720,54.3,-33.1,5,3,False,False,False,False,True,True,False,False,True,False,False
VVX,"V2X, Inc. Common Stock",76.19,66.8,2349021129.0,58831282,49.7,-18.9,5,6,False,False,False,True,True,True,True,False,True,True,False
ABM,ABM Industries Incorporated Common Stock,49.54,66.7,2912559076.0,22281137,34.0,-3.4,3,5,False,False,False,True,False,True,False,True,True,True,False
WK,Workiva Inc. Class A Common Stock,71.48,66.7,3852143186.0,58364794,64.9,-26.4,0,3,False,False,False,True,False,False,False,True,True,False,False
CRDO,Credo Technology Group Holding Ltd - Ordinary Shares,195.97,66.6,36438238343.0,1336619486,126.6,-36.5,5,5,False,False,False,True,True,True,True,False,True,False,False
LXFR,Luxfer Holdings PLC Ordinary Shares,17.25,66.6,462132092.0,6813883,53.2,-11.3,5,7,False,False,False,True,True,True,True,True,True,True,False
ARWR,"Arrowhead Pharmaceuticals, Inc. - Common Stock",66.07,66.5,9458399110.0,149374825,110.0,-30.8,5,4,False,False,False,False,True,True,True,False,True,False,False
NWBI,"Northwest Bancshares, Inc. - Common Stock",15.18,66.5,2202745195.0,15929492,34.9,-6.1,5,6,False,False,False,True,True,True,True,False,True,True,False
FBP,First BanCorp. New Common Stock,26.79,66.5,4074716073.0,40020771,39.8,-10.3,5,6,False,False,False,True,True,True,True,False,True,True,False
HTO,H2O America  - Common Stock,62.18,66.4,2603493209.0,27001936,42.1,-7.3,5,6,False,False,False,True,True,True,True,False,True,True,False
LH,Labcorp Holdings Inc. Common Stock,308.95,66.4,24652778000.0,232597705,26.3,-9.6,3,5,False,False,False,True,True,True,True,False,False,True,False
BGC,"BGC Group, Inc. - Class A Common Stock",12.17,66.3,5753144916.0,34305677,47.2,-5.6,5,7,False,False,False,True,True,True,True,True,True,True,False
MMSI,"Merit Medical Systems, Inc. - Common Stock",87.3,66.3,5198986269.0,72594072,46.1,-7.9,2,5,False,False,False,True,False,True,False,True,True,True,False
USPH,"U.S. Physical Therapy, Inc. Common Stock",83.76,66.3,1233360990.0,16262475,43.9,-10.4,1,5,False,False,False,True,False,True,False,True,True,True,False
CCNE,CNB Financial Corporation - Common Stock,33.91,66.2,990226186.0,5370483,48.7,-6.2,5,6,False,False,False,True,True,True,True,False,True,True,False
HIW,"Highwoods Properties, Inc. Common Stock",30.01,66.2,3274991405.0,39434903,46.7,-15.3,4,6,False,False,False,True,True,True,True,False,True,True,False
ANDE,"The Andersons, Inc. - Common Stock",66.79,66.1,2289613662.0,25087676,75.4,-18.7,5,4,False,False,False,False,True,True,False,False,True,True,False
SBH,"Sally Beauty Holdings, Inc. (Name to be changed from Sally Holdings, Inc.) Common Stock",17.0,66.1,1568173391.0,21143512,47.3,-5.1,2,5,False,False,False,True,False,True,False,True,True,True,False
AG,First Majestic Silver Corp. Ordinary Shares (Canada),18.76,66.0,9389866596.0,188464565,84.1,-41.4,5,4,False,False,False,False,True,True,False,True,True,False,False
CNI,Canadian National Railway Company Common Stock,119.92,66.0,72183909000.0,183527535,32.2,-8.8,5,6,False,False,False,True,True,True,True,False,True,True,False
GRND,Grindr Inc. Common Stock,15.87,66.0,2683790481.0,23925537,63.1,-14.2,2,7,False,False,False,True,True,True,True,True,True,True,False
SHOO,"Steven Madden, Ltd. - Common Stock",44.23,65.9,3175885923.0,45876733,41.2,-11.0,5,4,False,False,False,True,False,True,False,False,True,True,False
SWK,"Stanley Black & Decker, Inc. Common Stock",90.17,65.9,13857286978.0,174331831,45.7,-13.9,5,6,False,False,False,True,True,True,True,False,True,True,False
AXSM,"Axsome Therapeutics, Inc. - Common Stock",196.03,65.8,10133069242.0,143732951,70.0,-24.7,5,5,False,False,False,False,True,True,True,False,True,True,False
STBA,"S&T Bancorp, Inc. - Common Stock",49.6,65.8,1731535657.0,13565473,44.3,-7.3,5,6,False,False,False,True,True,True,True,False,True,True,False
FMBH,"First Mid Bancshares, Inc. - Common Stock",49.39,65.7,1295779134.0,6520497,44.6,-7.4,5,6,False,False,False,True,True,True,True,False,True,True,False
ITIC,Investors Title Company - Common Stock,287.24,65.7,549142517.0,18249561,36.9,-7.2,5,6,False,False,False,True,True,True,True,False,True,True,False
PRU,"Prudential Financial, Inc. Common Stock",118.75,65.7,40568550000.0,210856576,29.2,-7.0,4,3,False,False,False,True,False,True,False,False,False,True,False
EGBN,"Eagle Bancorp, Inc. - Common Stock",28.32,65.6,855380282.0,7786501,88.4,-3.3,5,7,False,False,False,True,True,True,True,True,True,True,False
SIBN,"SI-BONE, Inc. - Common Stock",18.52,65.6,833625495.0,9922831,61.3,-15.4,3,5,False,False,False,True,False,True,False,True,True,True,False
UVSP,Univest Financial Corporation - Common Stock,41.79,65.5,1142119603.0,10483133,49.0,-8.1,5,6,False,False,False,True,True,True,True,False,True,True,False
CNMD,CONMED Corporation Common Stock,45.18,65.5,1371767158.0,20724249,43.7,-15.8,2,4,False,False,False,True,False,True,False,False,True,True,False
HL,Hecla Mining Company Common Stock,17.94,65.5,12273209234.0,702787830,64.4,-47.5,5,2,False,False,False,False,False,True,False,False,True,False,False
GPN,Global Payments Inc. Common Stock,85.31,65.4,22227944760.0,256625134,39.5,-11.0,2,6,False,False,False,True,True,True,True,False,True,True,False
HMC,"Honda Motor Company, Ltd. Common Stock",32.19,65.4,41715487070.0,30850466,38.5,-5.8,1,5,False,False,False,True,False,True,False,True,True,True,False
RNR,RenaissanceRe Holdings Ltd. Common Stock,330.42,65.3,13662262418.0,96497285,42.9,-2.9,5,7,False,False,False,True,True,True,True,True,True,True,False
STVN,Stevanato Group S.p.A. Ordinary Shares,21.38,65.3,5921450123.0,8321428,65.9,-23.6,0,4,False,False,False,True,False,False,False,True,True,True,False
COLD,"Americold Realty Trust, Inc. Common Stock",14.36,65.2,4102355518.0,54955264,42.2,-14.9,4,6,False,False,False,True,True,True,True,False,True,True,False
PM,Philip Morris International Inc Common Stock,191.5,65.2,297445788699.0,896576948,34.8,-7.8,5,7,False,False,False,True,True,True,True,True,True,True,False
THG,Hanover Insurance Group Inc,217.93,65.2,7575835483.0,70181621,30.9,-7.7,5,6,False,False,False,True,True,True,True,False,True,True,False
GABC,"German American Bancorp, Inc. - Common Stock",49.1,65.1,1827081645.0,7153002,32.0,-6.0,5,6,False,False,False,True,True,True,True,False,True,True,False
IART,Integra LifeSciences Holdings Corporation - Common Stock,15.88,65.1,1207807018.0,14647030,82.5,-22.5,4,6,False,False,False,True,True,True,True,False,True,True,False
NVTS,Navitas Semiconductor Corporation - Common Stock,11.84,65.0,3091346898.0,158629619,90.4,-65.3,5,3,False,False,False,False,True,True,False,False,True,False,False
FCF,First Commonwealth Financial Corporation Common Stock,20.94,65.0,2083773174.0,18250656,39.6,-6.3,5,6,False,False,False,True,True,True,True,False,True,True,False
NPO,Enpro Inc. Common Stock,311.19,65.0,6465879838.0,57278009,54.1,-20.3,5,6,False,False,False,True,True,True,True,False,True,True,False
BY,"Byline Bancorp, Inc. Common Stock",37.11,64.9,1666475170.0,10442011,45.1,-7.3,5,6,False,False,False,True,True,True,True,False,True,True,False
EMR,Emerson Electric Company Common Stock,156.14,64.9,86230302000.0,397809928,27.3,-6.1,4,6,False,False,False,True,True,True,True,True,False,True,False
BUSE,First Busey Corporation - Common Stock,30.0,64.8,2465736810.0,23476606,36.4,-5.4,5,6,False,False,False,True,True,True,True,False,True,True,False
OKE,"ONEOK, Inc. Common Stock",91.18,64.8,57073669650.0,345279987,42.4,-8.7,5,6,False,False,False,True,True,True,True,False,True,True,False
AME,"AMETEK, Inc.",247.74,64.7,56501433584.0,324257984,38.2,-5.1,5,7,False,False,False,True,True,True,True,True,True,True,False
GCO,Genesco Inc. Common Stock,34.45,64.7,369616392.0,7601676,57.1,-21.0,5,6,False,False,False,True,True,True,True,False,True,True,False
TKR,Timken Company (The) Common Stock,117.19,64.7,8152080140.0,118482275,66.1,-19.9,5,5,False,False,False,False,True,True,True,False,True,True,False
HSTM,"HealthStream, Inc. - Common Stock",28.87,64.6,879937710.0,5623291,48.1,-7.2,2,7,False,False,False,True,True,True,True,True,True,True,False
OMDA,"Omada Health, Inc. - Common Stock",19.72,64.6,1266573585.0,31669682,91.8,-26.7,1,5,False,False,False,True,True,True,True,False,True,False,False
AMPH,"Amphastar Pharmaceuticals, Inc. - Common Stock",26.27,64.5,1061747082.0,10144448,57.8,-11.0,0,4,False,False,False,True,False,False,False,True,True,True,False
GEV,GE Vernova Inc. Common Stock,955.04,64.5,253501629067.0,2363304565,80.1,-20.1,5,4,False,False,False,False,True,True,False,False,True,True,False
GLBE,Global-E Online Ltd. - ordinary shares,40.88,64.4,6910516197.0,58457032,52.3,-7.1,3,5,False,False,False,True,False,True,False,True,True,True,False
NBTB,NBT Bancorp Inc. - Common Stock,51.13,64.4,2622943879.0,17967517,30.4,-6.2,5,6,False,False,False,True,True,True,True,False,True,True,False
SIG,Signet Jewelers Limited Common Shares,100.5,64.4,3836322369.0,80742589,40.3,-8.8,0,4,False,False,False,True,False,False,False,True,True,True,False
PRAA,"PRA Group, Inc. - Common Stock",20.24,64.3,757101401.0,7813777,97.5,-10.2,3,7,False,False,False,True,True,True,True,True,True,True,False
VRSN,"VeriSign, Inc. - Common Stock",291.88,64.3,26483184000.0,225201810,39.7,-6.6,2,7,False,False,False,True,True,True,True,True,True,True,False
HST,"Host Hotels & Resorts, Inc. - Common Stock",22.21,64.2,15175505438.0,211153593,42.3,-13.6,5,6,False,False,False,True,True,True,True,False,True,True,False
FDS,FactSet Research Systems Inc. Common Stock,271.25,64.2,9938079680.0,244228257,46.6,-15.4,2,4,False,False,False,True,False,True,False,False,True,True,False
RY,Royal Bank Of Canada Common Stock,199.5,64.2,276124523411.0,266110902,39.4,-8.7,5,6,False,False,False,True,True,True,True,False,True,True,False
FIGS,"FIGS, Inc. Class A Common Stock",12.49,64.1,1988698697.0,36955352,92.2,-28.5,5,3,False,False,False,False,True,True,False,False,True,False,False
MUR,Murphy Oil Corporation Common Stock,37.38,64.1,5191830536.0,61973025,41.1,-13.8,5,7,False,False,False,True,True,True,True,True,True,True,False
CHE,Chemed Corp,495.65,64.0,6510016874.0,83813156,35.7,-11.0,3,6,False,False,False,True,True,True,True,False,True,True,False
CLF,Cleveland-Cliffs Inc. Common Stock,12.5,64.0,7342850405.0,220395072,61.7,-25.1,1,4,False,False,False,True,False,True,False,True,True,False,False
AIT,"Applied Industrial Technologies, Inc. Common Stock",332.02,63.9,12249651966.0,96459702,39.3,-11.4,5,6,False,False,False,True,True,True,True,False,True,True,False
CFR,"Cullen/Frost Bankers, Inc. Common Stock",156.21,63.9,9587071574.0,92230361,31.3,-8.5,5,6,False,False,False,True,True,True,True,False,True,True,False
CVLG,"Covenant Logistics Group, Inc. Class A Common Stock",33.16,63.9,866651119.0,8446134,84.2,-33.5,5,4,False,False,False,False,True,True,True,False,True,False,False
ASTH,Astrana Health Inc. - Common Stock,34.44,63.8,1703413928.0,18304674,90.5,-33.3,5,4,False,False,False,False,True,True,True,False,True,False,False
CATY,Cathay General Bancorp - Common Stock,61.13,63.8,4034184695.0,29014468,37.2,-6.3,5,6,False,False,False,True,True,True,True,False,True,True,False
CGNX,Cognex Corporation - Common Stock,57.7,63.7,9788945366.0,119501143,66.8,-20.8,5,5,False,False,False,False,True,True,True,False,True,True,False
ADX,Adams Diversified Equity Fund Inc.,25.8,63.7,,7311271,23.4,-2.9,5,5,False,False,False,True,True,True,True,False,False,True,False
EHC,Encompass Health Corporation Common Stock,122.01,63.7,12056430059.0,104705738,31.5,-4.7,1,7,False,False,False,True,True,True,True,True,True,True,False
ACT,"Enact Holdings, Inc. - Common Stock",47.25,63.6,6564845290.0,19425912,36.4,-6.5,5,6,False,False,False,True,True,True,True,False,True,True,False
IOT,Samsara Inc. Class A Common Stock,39.32,63.6,22885451568.0,243844817,68.2,-17.2,1,7,False,False,False,True,True,True,True,True,True,True,False
QCRH,"QCR Holdings, Inc. - Common Stock",100.42,63.5,1623969640.0,12295021,50.7,-7.1,5,6,False,False,False,True,True,True,True,False,True,True,False
TARS,"Tarsus Pharmaceuticals, Inc. - Common Stock",75.96,63.5,3476154502.0,56615945,41.0,-17.0,1,5,False,False,False,True,False,True,False,True,True,True,False
CRVL,CorVel Corp. - Common Stock,73.73,63.4,3702864654.0,12324777,64.5,-8.7,0,4,False,False,False,True,False,False,False,True,True,True,False
SHC,Sotera Health Company - Common Stock,18.45,63.4,5219505001.0,48469817,40.9,-7.1,5,4,False,False,False,True,False,True,False,False,True,True,False
CTS,CTS Corporation Common Stock,59.58,63.4,1691668992.0,12411518,65.4,-14.3,5,6,False,False,False,True,True,True,True,False,True,True,False
JBHT,"J.B. Hunt Transport Services, Inc. - Common Stock",229.15,63.3,22035262138.0,279809236,76.1,-23.6,5,5,False,False,False,False,True,True,True,False,True,True,False
MKTX,"MarketAxess Holdings, Inc. - Common Stock",163.77,63.3,5761428186.0,181069984,50.6,-16.4,0,4,False,False,False,True,False,False,False,True,True,True,False
THFF,First Financial Corporation  - Common Stock,75.22,63.2,885946252.0,8380549,46.9,-10.6,5,6,False,False,False,True,True,True,True,False,True,True,False
REX,REX American Resources Corporation,43.28,63.2,1460059916.0,8101209,42.8,-18.9,5,4,False,False,False,False,True,True,False,False,True,True,False
VCYT,"Veracyte, Inc. - Common Stock",48.54,63.1,3522721832.0,63309451,64.8,-20.3,0,6,False,False,False,True,True,False,True,True,True,True,False
BSAC,Banco Santander - Chile ADS,33.78,63.1,16159255373.0,9941667,30.6,-10.4,5,6,False,False,False,True,True,True,True,False,True,True,False
CM,Canadian Imperial Bank of Commerce Common Stock,111.42,63.1,101191711580.0,129372532,41.4,-10.8,5,6,False,False,False,True,True,True,True,False,True,True,False
IDYA,"IDEAYA Biosciences, Inc. - Common Stock",36.74,63.0,3614496071.0,29732166,44.9,-13.9,5,4,False,False,False,True,False,True,False,False,True,True,False
DHR,Danaher Corporation Common Stock,223.77,63.0,155753590124.0,981952123,39.0,-7.8,0,4,False,False,False,True,False,False,False,True,True,True,False
FANG,"Diamondback Energy, Inc. - Common Stock",189.01,62.9,51986521134.0,473245660,37.9,-12.9,5,5,False,False,False,False,True,True,True,False,True,True,False
PSO,"Pearson, Plc Common Stock",16.02,62.9,9561329100.0,11387509,33.3,-9.7,5,6,False,False,False,True,True,True,True,False,True,True,False
WTS,"Watts Water Technologies, Inc. Class A Common Stock",354.4,62.9,11927429935.0,70535919,36.3,-10.2,5,6,False,False,False,True,True,True,True,False,True,True,False
BPOP,"Popular, Inc. - Common Stock",159.59,62.8,10133128239.0,82430496,46.8,-11.0,5,6,False,False,False,True,True,True,True,False,True,True,False
DOC,"Healthpeak Properties, Inc. Common Stock",20.27,62.8,14121518285.0,114051190,29.1,-11.7,5,5,False,False,False,True,True,True,True,False,False,True,False
WABC,Westamerica Bancorporation - Common Stock,59.85,62.7,1368873592.0,10965309,33.2,-5.9,5,7,False,False,False,True,True,True,True,True,True,True,False
MUSA,Murphy USA Inc. Common Stock,519.28,62.7,9304866865.0,157112995,48.4,-18.4,5,5,False,False,False,False,True,True,True,False,True,True,False
PLUS,ePlus inc. - Common Stock,91.16,62.6,2401101169.0,21798576,31.6,-7.1,5,5,False,False,False,True,False,True,False,True,True,True,False
ZVRA,"Zevra Therapeutics, Inc.  - Common Stock",11.26,62.6,672224401.0,12517128,42.9,-25.1,4,5,False,False,False,True,True,True,True,False,True,False,False
ITT,ITT Inc. Common Stock ,213.97,62.6,18947436000.0,172374115,28.2,-7.1,5,6,False,False,False,True,True,True,True,True,False,True,False
EDU,"New Oriental Education & Technology Group, Inc. Sponsored ADR representing 10 Ordinary Share (Cayman Islands)",57.08,62.5,8694058846.0,45195582,29.0,-12.1,1,4,False,False,False,True,False,True,False,True,False,True,False
UNM,Unum Group Common Stock,91.11,62.5,14953660139.0,149056158,32.0,-5.8,5,7,False,False,False,True,True,True,True,True,True,True,False
QCOM,QUALCOMM Incorporated - Common Stock,194.26,62.4,207148138578.0,2143403729,59.2,-25.3,1,5,False,False,False,True,True,True,False,True,True,False,False
TRNS,"Transcat, Inc. - Common Stock",86.13,62.4,836027581.0,10539065,71.5,-13.9,4,6,False,False,False,True,True,True,True,False,True,True,False
SNDR,"Schneider National, Inc. Common Stock",31.64,62.4,5648194966.0,27410531,57.3,-19.4,5,5,False,False,False,False,True,True,True,False,True,True,False
SFNC,Simmons First National Corporation - Common Stock,23.06,62.3,3307920630.0,32772301,35.6,-5.2,5,7,False,False,False,True,True,True,True,True,True,True,False
VECO,Veeco Instruments Inc. - Common Stock,45.45,62.3,2807073069.0,35160640,74.8,-47.5,5,3,False,False,False,False,True,True,False,False,True,False,False
HAFC,Hanmi Financial Corporation - Common Stock,31.83,62.2,936323473.0,7708919,39.3,-5.0,5,7,False,False,False,True,True,True,True,True,True,True,False
CTO,"CTO Realty Growth, Inc. Common Stock",20.55,62.2,759080444.0,8024663,36.4,-9.5,5,6,False,False,False,True,True,True,True,False,True,True,False
SWBI,"Smith & Wesson Brands, Inc. - Common Stock",14.08,62.1,626858726.0,7545881,73.0,-19.8,5,5,False,False,False,False,True,True,False,True,True,True,False
UBSI,"United Bankshares, Inc. - Common Stock",46.53,62.1,6295745032.0,45788160,36.5,-6.2,5,6,False,False,False,True,True,True,True,False,True,True,False
EFOR,"Everforth, Inc. Common Stock",32.43,62.1,1359150000.0,24464772,91.9,-41.0,0,2,False,False,False,False,False,False,False,True,True,False,False
NTB,Bank of N.T. Butterfield & Son Limited (The) Voting Ordinary Shares,58.66,62.0,2324400000.0,10536030,44.5,-8.6,5,6,False,False,False,True,True,True,True,False,True,True,False
UNP,Union Pacific Corporation Common Stock,274.07,62.0,163685621964.0,808357510,27.2,-13.3,5,5,False,False,False,True,True,True,True,False,False,True,False
EQIX,"Equinix, Inc. - Common Stock",1034.76,61.9,102387661695.0,580767751,43.6,-8.3,5,6,False,False,False,True,True,True,True,False,True,True,False
GWW,"W.W. Grainger, Inc. Common Stock",1279.47,61.9,59849753971.0,345142830,41.1,-9.9,5,6,False,False,False,True,True,True,True,False,True,True,False
EBAY,eBay Inc. - Common Stock,107.83,61.8,48545050000.0,515745396,38.2,-9.6,5,7,False,False,False,True,True,True,True,True,True,True,False
KWR,Quaker Houghton Common Stock,159.47,61.8,2733615540.0,23859492,42.2,-12.9,5,4,False,False,False,True,False,True,False,False,True,True,False
RXO,"RXO, Inc. Common Stock",19.93,61.8,3278731425.0,41317476,91.2,-33.3,5,4,False,False,False,False,True,True,True,False,True,False,False
WIX,Wix.com Ltd. - Ordinary Shares,77.53,61.7,3214042445.0,111730540,93.1,-58.3,0,3,False,False,False,True,False,False,False,True,True,False,False
JCI,Johnson Controls International plc Ordinary Share,145.36,61.7,88377680473.0,477586429,39.1,-7.4,5,7,False,False,False,True,True,True,True,True,True,True,False
ADP,"Automatic Data Processing, Inc. - Common Stock",263.11,61.6,104750238492.0,630739159,39.8,-10.6,1,4,False,False,False,True,False,True,False,False,True,True,False
AVPT,"AvePoint, Inc. - Class A Common Stock",13.16,61.6,2775738389.0,24912979,49.0,-16.4,1,4,False,False,False,True,False,True,False,False,True,True,False
HMY,Harmony Gold Mining Company Limited,18.55,61.6,11889199471.0,69900916,42.4,-28.8,2,3,False,False,False,True,False,True,False,False,True,False,False
DAL,"Delta Air Lines, Inc. Common Stock",82.76,61.5,53760682703.0,484152425,50.4,-13.5,5,6,False,False,False,True,True,True,True,False,True,True,False
ZGN,Ermenegildo Zegna N.V. Ordinary Shares,12.47,61.5,3337801902.0,15251393,44.3,-21.8,5,5,False,False,False,False,True,True,True,False,True,True,False
SIRI,SiriusXM Holdings Inc. - Common Stock,26.63,61.4,8858117895.0,116712835,34.7,-18.5,5,5,False,False,False,False,True,True,True,False,True,True,False
LYB,LyondellBasell Industries NV Ordinary Shares Class A (Netherlands),60.18,61.4,19372585981.0,251520263,44.7,-28.3,5,3,False,False,False,False,True,True,False,False,True,False,False
FAST,Fastenal Company - Common Stock,50.73,61.3,58510901247.0,355688932,30.2,-4.1,2,7,False,False,False,True,True,True,True,True,True,True,False
LIVN,LivaNova PLC - Ordinary Shares,75.44,61.3,4251015000.0,51917047,54.5,-12.0,5,6,False,False,False,True,True,True,True,False,True,True,False
HRB,"H&R Block, Inc. Common Stock",42.61,61.3,5243732322.0,101777741,51.3,-27.4,1,3,False,False,False,True,False,True,False,False,True,False,False
GHM,Graham Corporation Common Stock,87.53,61.2,1030511497.0,20480654,77.9,-30.4,5,4,False,False,False,False,True,True,True,False,True,False,False
GPC,Genuine Parts Company Common Stock,129.26,61.2,17750822440.0,165944922,42.4,-14.7,2,4,False,False,False,True,False,True,False,False,True,True,False
ADEA,Adeia Inc.  - Common Stock,25.01,61.1,2762517758.0,27297291,115.4,-27.2,5,3,False,False,False,False,True,True,False,False,True,False,False
DNA,"Ginkgo Bioworks Holdings, Inc. Class A Common Stock",10.25,61.1,552039577.0,9305164,90.9,-41.7,0,3,False,False,False,True,False,False,False,True,True,False,False
SAP,SAP  SE ADS,209.11,61.1,258747561344.0,523720334,44.2,-25.7,0,3,False,False,False,True,False,False,False,True,True,False,False
KURA,"Kura Oncology, Inc. - Common Stock",10.86,61.0,982125234.0,21034807,47.6,-21.9,5,6,False,False,False,True,True,True,True,False,True,True,False
SHOP,Shopify Inc. - Class A Subordinate Voting Shares,145.16,61.0,184445741299.0,1390712269,54.4,-20.3,0,4,False,False,False,True,False,False,False,True,True,True,False
CHCO,City Holding Company - Common Stock,140.09,60.9,1955788530.0,17309374,23.7,-6.0,5,5,False,False,False,True,True,True,True,False,False,True,False
EL,"Estee Lauder Companies, Inc. (The) Common Stock",95.37,60.9,35756552377.0,288506270,44.0,-21.6,1,5,False,False,False,True,False,True,False,True,True,True,False
ESQ,"Esquire Financial Holdings, Inc. - Common Stock",123.17,60.8,1469012193.0,21534311,33.7,-8.6,5,7,False,False,False,True,True,True,True,True,True,True,False
GOOGL,Alphabet Inc. - Class A Common Stock,342.36,60.8,4131660900000.0,9649803609,45.2,-16.2,5,5,False,False,False,False,True,True,True,False,True,True,False
MAC,Macerich Company (The) Common Stock,22.64,60.8,6428291031.0,80629191,41.2,-15.1,5,6,False,False,False,True,True,True,True,False,True,True,False
GOOD,Gladstone Commercial Corporation - Real Estate Investment Trust,12.56,60.7,608482288.0,5089020,21.6,-5.4,4,5,False,False,False,True,True,True,True,False,False,True,False
MGA,"Magna International, Inc. Common Stock",62.22,60.7,16917405471.0,83437357,44.3,-15.0,5,5,False,False,False,False,True,True,True,False,True,True,False
CNS,Cohen & Steers Inc Common Stock,75.15,60.6,3879240450.0,21480949,28.7,-13.2,4,5,False,False,False,True,True,True,True,False,False,True,False
SHO,"Sunstone Hotel Investors, Inc. Sunstone Hotel Investors, Inc. Common Shares",11.14,60.6,2050961669.0,25864563,28.2,-7.7,5,5,False,False,False,True,True,True,True,False,False,True,False
ESLT,Elbit Systems Ltd. - Ordinary Shares,739.72,60.5,34532417663.0,59162133,63.3,-27.2,5,3,False,False,False,False,True,True,False,False,True,False,False
RUSHA,"Rush Enterprises, Inc. - Class A Common Stock",47.98,60.5,5607726350.0,34974176,57.6,-13.9,5,5,False,False,False,False,True,True,True,False,True,True,False
RACE,Ferrari N.V. Common Shares,411.82,60.5,96630789769.0,171297945,31.8,-18.4,1,7,False,False,False,True,True,True,True,True,True,True,False
DVA,DaVita Inc. Common Stock,174.67,60.4,11684332000.0,161134537,72.9,-29.4,5,4,False,False,False,False,True,True,True,False,True,False,False
MPTI,"M-tron Industries, Inc. Common Stock",74.65,60.4,319509451.0,14164094,71.4,-28.8,5,4,False,False,False,False,True,True,True,False,True,False,False
BG,Bunge Limited Common Shares,110.21,60.3,21417439832.0,182530971,42.0,-18.3,5,4,False,False,False,False,True,True,False,False,True,True,False
CAH,"Cardinal Health, Inc. Common Stock",222.62,60.3,51237136268.0,430063322,52.6,-13.8,5,6,False,False,False,True,True,True,True,False,True,True,False
URI,"United Rentals, Inc. Common Stock",1021.67,60.3,64233626223.0,498802579,45.6,-13.4,5,6,False,False,False,True,True,True,True,False,True,True,False
BFST,"Business First Bancshares, Inc. - Common Stock",30.63,60.2,987888949.0,6918617,35.8,-5.8,5,6,False,False,False,True,True,True,True,False,True,True,False
SNDA,"Sonida Senior Living, Inc. Common Stock",37.55,60.2,1814772582.0,18230700,50.5,-15.4,5,6,False,False,False,True,True,True,True,False,True,True,False
VRT,"Vertiv Holdings, LLC Class A Common Stock",245.3,60.1,95777357679.0,1451234207,83.3,-35.4,5,3,False,False,False,False,True,True,False,False,True,False,False
WSM,"Williams-Sonoma, Inc. Common Stock (DE)",228.66,60.1,26833628985.0,249714172,38.2,-10.3,5,6,False,False,False,True,True,True,True,False,True,True,False
APPF,"AppFolio, Inc. - Class A Common Stock",204.43,60.0,7437922490.0,76386041,43.4,-28.4,0,3,False,False,False,True,False,False,False,True,True,False,False
SMBC,"Southern Missouri Bancorp, Inc. - Common Stock",72.21,60.0,785577191.0,7234860,51.7,-9.6,5,6,False,False,False,True,True,True,True,False,True,True,False
TTC,Toro Company (The) Common Stock,96.84,60.0,9142589047.0,72575533,43.2,-7.9,5,7,False,False,False,True,True,True,True,True,True,True,False
SRRK,Scholar Rock Holding Corporation - Common Stock,48.61,59.9,6070996308.0,74910189,79.6,-21.3,5,5,False,False,False,False,True,True,True,False,True,True,False
VKTX,"Viking Therapeutics, Inc. - Common Stock",36.75,59.9,4858594826.0,130469089,48.3,-14.8,0,6,False,False,False,True,True,False,True,True,True,True,False
NBN,Northeast Bank - Common Stock,129.77,59.8,1048851300.0,14906876,60.7,-8.8,5,6,False,False,False,True,True,True,True,False,True,True,False
SFST,"Southern First Bancshares, Inc. - Common Stock",60.16,59.8,566884537.0,6579844,47.1,-7.6,5,6,False,False,False,True,True,True,True,False,True,True,False
MH,"McGraw Hill, Inc. Common Stock",13.69,59.8,2630496193.0,7173735,53.0,-23.9,0,4,False,False,False,True,False,False,False,True,True,True,False
ALRM,"Alarm.com Holdings, Inc. - Common Stock",53.44,59.7,2618963664.0,23021025,28.8,-8.1,2,3,False,False,False,True,False,True,False,False,False,True,False
B,Barrick Mining Corporation Common Shares,42.32,59.7,69933628963.0,419260794,39.4,-22.6,5,4,False,False,False,False,False,True,False,True,True,True,False
EG,"Everest Group, Ltd. Common Stock",371.96,59.6,14277300432.0,137401549,23.0,-7.3,5,5,False,False,False,True,True,True,True,False,False,True,False
PDS,Precision Drilling Corporation Common Stock,83.27,59.6,1040606145.0,9211399,55.9,-19.8,5,4,False,False,False,False,True,True,False,False,True,True,False
AMZN,"Amazon.com, Inc. - Common Stock",249.38,59.5,2688704384092.0,10320138453,27.2,-13.2,5,5,False,False,False,True,True,True,True,False,False,True,False
FOXA,Fox Corporation - Class A Common Stock,63.84,59.5,26970244863.0,321151307,32.1,-16.4,2,5,False,False,False,True,False,True,False,True,True,True,False
WSBC,"WesBanco, Inc. - Common Stock",38.42,59.5,3653055312.0,38714906,29.9,-10.7,5,5,False,False,False,True,True,True,True,False,False,True,False
BCAX,Bicara Therapeutics Inc. - Common Stock,19.78,59.4,1355552553.0,14426597,89.3,-36.2,5,4,False,False,False,False,True,True,True,False,True,False,False
RGR,"Sturm, Ruger & Company, Inc. Common Stock",41.9,59.4,669488926.0,5540425,47.9,-13.1,1,6,False,False,False,True,True,True,False,True,True,True,False
RDWR,Radware Ltd. - Ordinary Shares,29.79,59.3,1287824167.0,7954108,37.4,-9.1,4,7,False,False,False,True,True,True,True,True,True,True,False
WNC,Wabash National Corporation Common Stock,11.71,59.3,479069154.0,13837195,76.6,-19.1,3,6,False,False,False,True,True,True,True,False,True,True,False
ABNB,"Airbnb, Inc. - Class A Common Stock",151.39,59.2,89566362314.0,835107852,36.6,-21.7,5,6,False,False,False,True,True,True,True,False,True,True,False
FFBC,First Financial Bancorp. - Common Stock,31.55,59.2,3277130307.0,30952380,36.8,-13.0,5,6,False,False,False,True,True,True,True,False,True,True,False
GOOG,Alphabet Inc. - Class C Capital Stock,339.01,59.2,4096805400000.0,6366577765,43.2,-16.2,5,5,False,False,False,False,True,True,True,False,True,True,False
FMNB,Farmers National Banc Corp. - Common Stock,15.34,59.1,899378143.0,6280597,26.6,-6.8,5,5,False,False,False,True,True,True,True,False,False,True,False
DBRG,"DigitalBridge Group, Inc.",15.98,59.1,2998049543.0,61293498,78.7,-0.1,5,7,False,True,False,True,True,True,True,True,True,True,False
FBNC,First Bancorp - Common Stock,62.8,59.0,2574304031.0,14682904,36.6,-6.0,5,6,False,False,False,True,True,True,True,False,True,True,False
HSIC,"Henry Schein, Inc. - Common Stock",85.53,59.0,9478528397.0,104643732,38.1,-7.2,5,6,False,False,False,True,True,True,True,False,True,True,False
CNNE,"Cannae Holdings, Inc. Common Stock",15.53,59.0,684879044.0,7676303,48.5,-18.7,0,4,False,False,False,True,False,False,False,True,True,True,False
CVBF,CVB Financial Corporation - Common Stock,22.3,58.9,3873703544.0,29310234,24.2,-4.7,5,5,False,False,False,True,True,True,True,False,False,True,False
CDE,"Coeur Mining, Inc. Common Stock",18.94,58.9,19859704161.0,670679307,39.8,-31.8,1,3,False,False,False,False,False,True,False,True,True,False,False
EPD,Enterprise Products Partners L.P. Common Stock,37.27,58.8,81131557239.0,112773724,24.2,-7.2,5,4,False,False,False,False,True,True,True,False,False,True,False
IPI,"Intrepid Potash, Inc Common Stock",35.84,58.8,494129069.0,7209810,58.9,-28.8,5,3,False,False,False,False,True,True,False,False,True,False,False
GCMG,GCM Grosvenor Inc. - Class A Common Stock,12.63,58.7,2622101853.0,6926683,35.8,-15.0,3,6,False,False,False,True,True,True,True,False,True,True,False
ATEN,"A10 Networks, Inc. Common Stock",25.99,58.7,1942291312.0,36885897,57.3,-32.5,5,4,False,False,False,False,True,True,True,False,True,False,False
TPC,Tutor Perini Corporation Common Stock,83.32,58.7,4434730710.0,63290414,43.9,-18.6,5,6,False,False,False,True,True,True,True,False,True,True,False
CPF,Central Pacific Financial Corp New,36.84,58.6,935146730.0,6317559,34.6,-10.1,5,6,False,False,False,True,True,True,True,False,True,True,False
MCK,McKesson Corporation Common Stock,869.36,58.6,102657814622.0,845687680,21.8,-13.0,5,5,False,False,False,True,True,True,True,False,False,True,False
ARQT,"Arcutis Biotherapeutics, Inc. - Common stock",26.27,58.5,3315753931.0,57925462,58.5,-17.3,0,4,False,False,False,True,False,False,False,True,True,True,False
FOX,Fox Corporation - Class B Common Stock,57.2,58.5,24018529509.0,66256722,29.8,-16.1,2,4,False,False,False,True,False,True,False,True,False,True,False
V,Visa Inc.,367.98,58.5,645947748942.0,2463931115,25.2,-4.6,3,6,False,False,False,True,True,True,True,True,False,True,False
AHR,"American Healthcare REIT, Inc. Common Stock",52.31,58.4,12055674840.0,160958344,30.8,-10.9,5,6,False,False,False,True,True,True,True,False,True,True,False
AIZ,"Assurant, Inc. Common Stock",261.86,58.4,13167966076.0,103936350,27.1,-13.8,5,5,False,False,False,True,True,True,True,False,False,True,False
DDS,"Dillard's, Inc. Common Stock",651.79,58.3,10084854733.0,98080138,29.6,-12.2,2,4,False,False,False,True,False,True,False,True,False,True,False
WOR,"Worthington Enterprises, Inc. Common Shares",60.33,58.3,2920929005.0,18432180,34.0,-10.7,2,7,False,False,False,True,True,True,True,True,True,True,False
GLNG,Golar LNG Limited - Common Shares,50.11,58.2,5073368044.0,67575617,43.1,-13.3,5,4,False,False,False,False,True,True,False,False,True,True,False
SYBT,"Stock Yards Bancorp, Inc. - Common Stock",78.06,58.2,2398966172.0,13784737,26.9,-12.5,3,5,False,False,False,True,True,True,True,False,False,True,False
OGC,OceanaGold Corporation Common Shares,28.0,58.2,6266893743.0,16243322,43.2,-35.4,5,3,False,False,False,False,False,True,False,True,True,False,False
FSBC,Five Star Bancorp - Common Stock,43.43,58.1,1064889048.0,9484127,41.6,-13.6,5,6,False,False,False,True,True,True,True,False,True,True,False
MLKN,"MillerKnoll, Inc. - Common Stock",19.91,58.1,1377410583.0,14482764,44.6,-19.4,3,6,False,False,False,True,True,True,True,False,True,True,False
INDV,"Indivior Pharmaceuticals, Inc.  - Common Stock",36.0,58.0,4238526750.0,80230749,59.6,-15.9,5,6,False,False,False,True,True,True,True,False,True,True,False
OUT,OUTFRONT Media Inc. Common Stock,27.93,58.0,4968775431.0,51852386,64.6,-20.1,5,5,False,False,False,False,True,True,True,False,True,True,False
CWBC,Community West Bancshares - Common Stock,26.36,57.9,689672003.0,5931249,33.2,-6.4,5,7,False,False,False,True,True,True,True,True,True,True,False
NBBK,"NB Bancorp, Inc. - Common Stock",22.5,57.9,981095991.0,7351927,33.7,-4.1,5,7,False,False,False,True,True,True,True,True,True,True,False
UBS,UBS Group AG Registered Ordinary Shares,48.46,57.9,148157999265.0,97741237,33.5,-13.4,5,6,False,False,False,True,True,True,True,False,True,True,False
ETSY,"Etsy, Inc. Common Stock",68.98,57.8,6764314828.0,247533429,56.8,-21.6,5,6,False,False,False,True,True,True,True,False,True,True,False
HOG,"Harley-Davidson, Inc. Common Stock",25.52,57.8,2703803732.0,57734835,49.3,-14.6,1,6,False,False,False,True,True,True,True,False,True,True,False
BELFA,Bel Fuse Inc. - Class A Common Stock,203.15,57.7,2947958112.0,30873386,83.6,-30.8,5,3,False,False,False,False,True,True,False,False,True,False,False
GME,GameStop Corporation Common Stock,25.02,57.7,12208923958.0,149233557,40.6,-11.0,0,4,False,False,False,True,False,False,False,True,True,True,False
UNH,UnitedHealth Group Incorporated Common Stock (DE),375.01,57.7,333267990743.0,2017505858,46.5,-18.8,5,6,False,False,False,True,True,True,True,False,True,True,False
INGM,Ingram Micro Holding Corporation Common Stock,26.35,57.6,6299376598.0,41544004,38.5,-16.9,5,5,False,False,False,False,True,True,True,False,True,True,False
KEX,Kirby Corporation Common Stock,130.31,57.6,6866112000.0,67757098,63.9,-17.4,5,4,False,False,False,False,True,True,False,False,True,True,False
BUD,Anheuser-Busch Inbev SA Sponsored ADR (Belgium),77.42,57.5,151972573141.0,167727930,32.5,-10.6,5,5,False,False,False,False,True,True,True,False,True,True,False
CUZ,Cousins Properties Incorporated Common Stock,28.49,57.5,4650008139.0,45378639,35.5,-13.5,4,6,False,False,False,True,True,True,True,False,True,True,False
SKWD,"Skyward Specialty Insurance Group, Inc. - Common Stock",54.88,57.4,2434703676.0,26908303,35.2,-16.5,3,6,False,False,False,True,True,True,True,False,True,True,False
AWR,American States Water Company Common Stock,82.5,57.4,3299269508.0,21461242,18.8,-10.1,5,5,False,False,False,True,True,True,True,False,False,True,False
FMX,Fomento Economico Mexicano S.A.B. de C.V. Common Stock,117.71,57.4,40786385349.0,53153292,29.5,-16.8,5,4,False,False,False,False,True,True,True,False,False,True,False
KDP,Keurig Dr Pepper Inc. - Common Stock,30.88,57.3,43219834967.0,346178071,24.1,-8.7,3,5,False,False,False,True,True,True,True,False,False,True,False
SOBO,South Bow Corporation Common Shares,34.32,57.3,7171139476.0,19799272,37.2,-12.0,5,5,False,False,False,False,True,True,True,False,True,True,False
FULT,Fulton Financial Corporation - Common Stock,23.05,57.2,4343306308.0,39843663,38.9,-8.6,5,6,False,False,False,True,True,True,True,False,True,True,False
MORN,"Morningstar, Inc. - Common Stock",196.41,57.2,7514718543.0,68627316,38.8,-17.8,0,3,False,False,False,True,False,False,False,False,True,True,False
FLS,Flowserve Corporation Common Stock,76.04,57.2,9810564360.0,130697113,56.1,-17.7,5,5,False,False,False,False,True,True,False,True,True,True,False
BFC,Bank First Corporation - Common Stock,150.32,57.1,1644993223.0,12277590,26.2,-5.5,5,5,False,False,False,True,True,True,True,False,False,True,False
NCNO,"nCino, Inc. - Common Stock",19.97,57.1,2033306626.0,48748823,44.7,-34.8,0,2,False,False,False,True,False,False,False,False,True,False,False
ITRN,Ituran Location and Control Ltd. - Ordinary Shares,51.88,57.0,1042224656.0,7027328,52.7,-24.0,5,4,False,False,False,False,True,True,False,False,True,True,False
SEZL,Sezzle Inc. - Common Stock,109.78,57.0,3599522246.0,86008019,121.8,-43.9,4,4,False,False,False,False,True,True,True,False,True,False,False
EE,"Excelerate Energy, Inc. Class A Common Stock",33.57,56.9,3852269507.0,14663064,39.6,-22.2,5,5,False,False,False,False,True,True,True,False,True,True,False
VTR,"Ventas, Inc. Common Stock",86.83,56.9,44441672544.0,316688838,29.7,-14.5,5,4,False,False,False,False,True,True,True,False,False,True,False
XHR,"Xenia Hotels & Resorts, Inc. Common Stock",17.93,56.9,1643820780.0,14545018,52.6,-18.7,5,6,False,False,False,True,True,True,True,False,True,True,False
LAUR,"Laureate Education, Inc. - Common Stock",38.11,56.8,5058156499.0,36916764,52.6,-6.9,5,7,False,False,False,True,True,True,True,True,True,True,False
CP,Canadian Pacific Kansas City Limited Common Shares,87.32,56.8,78769056827.0,224995462,27.6,-9.9,5,5,False,False,False,True,True,True,True,False,False,True,False
KMTS,"Kestra Medical Technologies, Ltd. - Common Stock",25.76,56.7,1519421390.0,8850054,48.6,-14.1,0,4,False,False,False,True,False,False,False,True,True,True,False
CHT,"Chunghwa Telecom Co., Ltd.",46.07,56.7,35839403015.0,8940346,17.3,-0.9,2,6,False,False,False,True,True,True,True,True,False,True,False
HWC,Hancock Whitney Corporation - Common Stock,73.18,56.6,5807347169.0,61143367,35.4,-8.7,5,6,False,False,False,True,True,True,True,False,True,True,False
MOH,Molina Healthcare Inc Common Stock,193.31,56.6,9885114000.0,199810317,59.7,-21.1,4,6,False,False,False,True,True,True,True,False,True,True,False
R,"Ryder System, Inc. Common Stock",236.25,56.6,9126554584.0,77174571,49.8,-16.9,5,5,False,False,False,False,True,True,True,False,True,True,False
BLKB,"Blackbaud, Inc. - Common Stock",43.27,56.5,1946781260.0,23535476,69.2,-38.8,0,3,False,False,False,True,False,False,False,True,True,False,False
MTDR,Matador Resources Company Common Stock,52.97,56.5,6450069738.0,108658689,42.6,-20.8,5,4,False,False,False,False,True,True,False,False,True,True,False
NDAQ,"Nasdaq, Inc. - Common Stock",94.55,56.4,53348800384.0,308819786,23.5,-7.1,2,4,False,False,False,True,False,True,False,True,False,True,False
EGP,"EastGroup Properties, Inc. Common Stock",202.5,56.4,10894474024.0,100190245,22.9,-10.7,5,5,False,False,False,True,True,True,True,False,False,True,False
KGS,"Kodiak Gas Services, Inc. Common Stock",52.81,56.4,5388844852.0,108176075,62.2,-32.0,5,3,False,False,False,False,True,True,False,False,True,False,False
PGNY,"Progyny, Inc. - Common Stock",25.97,56.3,1981853192.0,31594810,61.3,-21.5,4,4,False,False,False,True,False,True,False,False,True,True,False
UHAL,U-Haul Holding Company Common Stock,60.79,56.3,11970751422.0,10865057,44.9,-20.5,3,6,False,False,False,True,True,True,True,False,True,True,False
RDNT,"RadNet, Inc. - Common Stock",71.31,56.2,5761426185.0,53024376,40.3,-16.9,0,4,False,False,False,True,False,False,False,True,True,True,False
HTGC,"Hercules Capital, Inc. Common Stock",16.8,56.2,3176173080.0,26260666,22.6,-13.3,2,4,False,False,False,True,False,True,False,True,False,True,False
ICFI,"ICF International, Inc. - Common Stock",83.0,56.1,1500707413.0,17299181,41.1,-15.3,1,4,False,False,False,True,False,True,False,False,True,True,False
HCC,"Warrior Met Coal, Inc. Common Stock",88.95,56.1,4764860331.0,59034129,44.9,-20.2,5,5,False,False,False,False,True,True,True,False,True,True,False
NATL,NCR Atleos Corporation Common Stock,45.92,56.1,3382262669.0,31014767,37.9,-5.3,5,6,False,False,False,True,True,True,True,False,True,True,False
FTDR,"Frontdoor, Inc. - Common Stock",71.88,56.0,5094660718.0,41356776,48.3,-23.1,5,6,False,False,False,True,True,True,True,False,True,True,False
PH,Parker-Hannifin Corporation Common Stock,974.98,56.0,122481638572.0,630072590,36.3,-11.4,5,6,False,False,False,True,True,True,True,False,True,True,False
ADUS,Addus HomeCare Corporation - Common Stock,114.05,55.9,2146237299.0,25301032,29.7,-8.3,1,3,False,False,False,True,False,True,False,False,False,True,False
SW,Smurfit WestRock plc Ordinary Shares,46.0,55.9,24385069993.0,222512493,40.5,-12.6,3,6,False,False,False,True,True,True,True,False,True,True,False
W,Wayfair Inc. Class A Common Stock,97.67,55.9,13628322965.0,301273092,75.7,-18.6,0,3,False,False,False,True,False,False,False,False,True,True,False
EBC,"Eastern Bankshares, Inc. - Common Stock",21.31,55.8,4830734209.0,54213055,28.3,-10.4,5,5,False,False,False,True,True,True,True,False,False,True,False
SLG,SL Green Realty Corp Common Stock,50.88,55.8,3541078352.0,50374075,46.3,-18.3,2,6,False,False,False,True,True,True,True,False,True,True,False
HESM,Hess Midstream LP Class A Representing Limited Partner Interests,38.47,55.7,4977447165.0,49006246,21.6,-7.2,3,5,False,False,False,True,True,True,True,False,False,True,False
LNC,Lincoln National Corporation Common Stock,41.39,55.7,7864656563.0,87786602,28.6,-13.2,2,3,False,False,False,True,False,True,False,False,False,True,False
BILL,"BILL Holdings, Inc. Common Stock",44.97,55.6,3915909829.0,107848795,43.2,-21.4,0,3,False,False,False,True,False,False,False,False,True,True,False
JBL,Jabil Inc. Common Stock,310.69,55.6,32353013729.0,332697369,63.9,-27.6,5,3,False,False,False,False,True,True,False,False,True,False,False
MSI,"Motorola Solutions, Inc. Common Stock",454.91,55.6,76199959747.0,438711543,26.6,-8.1,2,6,False,False,False,True,True,True,True,True,False,True,False
IRM,Iron Mountain Incorporated (Delaware)Common Stock REIT,114.09,55.5,34262616633.0,207171792,46.7,-15.3,5,5,False,False,False,False,True,True,True,False,True,True,False
LION,Lionsgate Studios Corp Common Shares,10.98,55.5,3317790432.0,31894775,86.9,-34.3,5,4,False,False,False,False,True,True,True,False,True,False,False
C,"Citigroup, Inc. Common Stock",132.1,55.4,221304234781.0,1326515430,41.0,-10.7,5,6,False,False,False,True,True,True,True,False,True,True,False
DFIN,"Donnelley Financial Solutions, Inc. Common Stock ",49.22,55.4,1195095468.0,11733414,36.3,-12.5,1,5,False,False,False,True,False,True,False,True,True,True,False
CZR,"Caesars Entertainment, Inc. - Common Stock",29.62,55.3,6032160215.0,117691838,65.8,-4.1,4,6,False,False,False,True,True,True,True,False,True,True,False
FDX,FedEx Corporation Common Stock,279.54,55.3,68989431803.0,490944932,54.4,-19.1,5,5,False,False,False,False,True,True,True,False,True,True,False
NOG,"Northern Oil and Gas, Inc. Common Stock",23.6,55.3,2465546822.0,55173255,37.4,-24.3,2,4,False,False,False,False,True,True,False,False,True,True,False
AKAM,"Akamai Technologies, Inc. - Common Stock",110.41,55.2,17021795170.0,393688863,55.9,-33.3,5,3,False,False,False,False,True,True,False,False,True,False,False
PKG,Packaging Corporation of America Common Stock,238.11,55.2,21470908093.0,153702586,24.3,-8.4,5,5,False,False,False,True,True,True,True,False,False,True,False
FDUS,Fidus Investment Corporation - Closed End Fund,19.09,55.1,724169265.0,6491161,13.2,-9.7,3,5,False,False,False,True,True,True,True,False,False,True,False
GL,Globe Life Inc. Common Stock,167.32,55.1,12968344181.0,97798803,30.9,-12.6,5,6,False,False,False,True,True,True,True,False,True,True,False
HAL,Halliburton Company Common Stock,32.76,55.1,27501633415.0,391786444,52.7,-24.8,5,4,False,False,False,False,True,True,False,False,True,True,False
NOVT,Novanta Inc. - Common Shares,141.53,55.0,5462020521.0,56988414,44.0,-19.8,5,5,False,False,False,False,True,True,True,False,True,True,False
MO,"Altria Group, Inc.",68.88,55.0,115128843698.0,621155446,25.9,-10.6,5,6,False,False,False,True,True,True,True,True,False,True,False
CTAS,Cintas Corporation - Common Stock,197.68,54.9,76695233761.0,441593812,22.7,-9.8,2,3,False,False,False,True,False,True,False,False,False,True,False
NVRI,Enviri Corporation Common Stock,19.43,54.9,547734012.0,7986398,74.3,-19.7,5,5,False,False,False,False,True,True,True,False,True,True,False
HBCP,"Home Bancorp, Inc. - Common Stock",67.72,54.8,528678278.0,6246181,34.0,-9.1,5,6,False,False,False,True,True,True,True,False,True,True,False
MCHB,Mechanics Bancorp - Class A Common Stock,15.08,54.8,3304680915.0,9575752,17.6,-13.2,5,5,False,False,False,True,True,True,True,False,False,True,False
NWSA,News Corporation - Class A Common Stock,28.44,54.8,15214400181.0,117235805,28.1,-10.2,2,5,False,False,False,True,True,True,True,False,False,True,False
HBNC,"Horizon Bancorp, Inc. - Common Stock",19.22,54.7,976572751.0,11259465,28.4,-8.7,5,5,False,False,False,True,True,True,True,False,False,True,False
XYZ,"Block, Inc. Class A Common Stock,",76.74,54.7,44867370600.0,365293822,59.2,-11.7,3,6,False,False,False,True,True,True,True,False,True,True,False
EWBC,"East West Bancorp, Inc. - Common Stock",125.62,54.6,17056605953.0,98357960,35.6,-8.6,5,6,False,False,False,True,True,True,True,False,True,True,False
MSA,MSA Safety Incorporated Common Stock,182.11,54.6,7053654361.0,49546573,20.5,-12.8,3,5,False,False,False,True,True,True,True,False,False,True,False
VZ,Verizon Communications Inc. Common Stock,47.32,54.6,193280142397.0,1059260827,23.3,-8.4,5,5,False,False,False,True,True,True,True,False,False,True,False
GM,General Motors Company Common Stock,80.57,54.5,73504115590.0,571694467,48.3,-12.3,5,4,False,False,False,True,False,True,False,False,True,True,False
ROK,"Rockwell Automation, Inc. Common Stock",432.93,54.5,48169381514.0,343708376,30.1,-13.0,5,6,False,False,False,True,True,True,True,False,True,True,False
BKR,Baker Hughes Company - Common Stock,57.29,54.4,57604876340.0,491200560,30.4,-18.6,5,4,False,False,False,False,True,True,False,False,True,True,False
PBA,Pembina Pipeline Corp. Ordinary Shares (Canada),45.44,54.4,26652665650.0,47025042,25.5,-11.9,5,4,False,False,False,False,True,True,True,False,False,True,False
CSWC,Capital Southwest Corporation - Common Stock,23.04,54.3,1438557807.0,15902120,18.9,-10.5,5,5,False,False,False,True,True,True,True,False,False,True,False
CURB,Curbline Properties Corp. Common Stock,28.44,54.3,3239470784.0,43087486,28.8,-11.5,5,4,False,False,False,False,True,True,True,False,False,True,False
EIG,Employers Holdings Inc Common Stock,47.57,54.3,858332582.0,8549875,33.1,-9.5,4,6,False,False,False,True,True,True,True,False,True,True,False
BWA,BorgWarner Inc. Common Stock,58.48,54.2,12331997735.0,141193366,44.4,-25.8,5,4,False,False,False,False,True,True,True,False,True,False,False
NXG,NXG NextGen Infrastructure Income Fund Common Shares of Beneficial Interest,54.95,54.2,145279710.0,5619770,16.7,-16.5,5,4,False,False,False,False,True,True,True,False,False,True,False
EXLS,"ExlService Holdings, Inc. - Common Stock",35.16,54.1,5280663340.0,77037984,41.5,-20.7,0,4,False,False,False,True,False,False,False,True,True,True,False
HFWA,Heritage Financial Corporation - Common Stock,28.25,54.1,1143589846.0,12101588,32.5,-9.6,5,6,False,False,False,True,True,True,True,False,True,True,False
AES,The AES Corporation Common Stock,14.85,54.0,10566026110.0,106332530,14.5,-15.9,5,6,False,False,False,True,True,True,True,True,False,True,False
PATH,"UiPath, Inc. Class A Common Stock",12.6,54.0,6795866533.0,982024000,37.0,-36.5,1,2,False,False,False,False,False,True,False,False,True,False,False
SXI,Standex International Corporation Common Stock,279.6,54.0,3400860473.0,38710788,39.9,-23.2,5,5,False,False,False,False,True,True,True,False,True,True,False
LAMR,Lamar Advertising Company - Class A Common Stock,143.71,53.9,14645495426.0,90030934,25.6,-13.6,5,5,False,False,False,True,True,True,True,False,False,True,False
NGVT,Ingevity Corporation Common Stock ,71.79,53.9,2466615904.0,17652130,56.6,-9.5,5,6,False,False,False,True,True,True,True,False,True,True,False
TRMK,Trustmark Corporation - Common Stock,46.09,53.8,2653244663.0,18653942,26.9,-5.9,5,5,False,False,False,True,True,True,True,False,False,True,False
BHVN,Biohaven Ltd. Common Shares ,13.19,53.8,2064768486.0,40813998,76.3,-29.0,1,5,False,False,False,True,True,True,True,False,True,False,False
USB,U.S. Bancorp Common Stock,58.4,53.8,91114848562.0,467623429,29.7,-11.6,5,5,False,False,False,True,True,True,True,False,False,True,False
AMKR,"Amkor Technology, Inc. - Common Stock",52.69,53.7,13247485807.0,259972453,88.0,-45.5,5,3,False,False,False,False,True,True,False,False,True,False,False
TRNO,Terreno Realty Corporation Common Stock,66.43,53.7,7194219866.0,49264906,18.8,-15.8,5,5,False,False,False,True,True,True,True,False,False,True,False
CLSK,"CleanSpark, Inc. - Common Stock",14.26,53.6,3713574876.0,264679929,78.2,-39.6,1,6,False,False,False,True,True,True,True,True,True,False,False
CSTM,Constellium SE Ordinary Shares (France),24.63,53.6,3382772091.0,43213148,71.2,-33.4,5,3,False,False,False,False,True,True,False,False,True,False,False
CNOB,"ConnectOne Bancorp, Inc. - Common Stock",30.89,53.5,1656009090.0,13133374,33.1,-9.5,5,6,False,False,False,True,True,True,True,False,True,True,False
JANX,"Janux Therapeutics, Inc. - Common Stock",16.68,53.5,1009979490.0,14546223,37.6,-52.8,0,4,False,False,False,True,True,False,True,False,True,False,False
DLX,Deluxe Corporation Common Stock,24.29,53.5,1095048205.0,10552871,36.8,-24.3,5,4,False,False,False,False,True,True,False,False,True,True,False
MARA,"MARA Holdings, Inc. - Common Stock",12.92,53.4,5157095615.0,556865985,94.0,-44.9,0,4,False,False,False,True,True,False,False,True,True,False,False
USFD,US Foods Holding Corp. Common Stock,93.82,53.4,20319944811.0,236240326,34.3,-15.8,5,5,False,False,False,False,True,True,True,False,True,True,False
MNST,Monster Beverage Corporation - Common Stock,42.67,53.3,129033073487.0,497048000,35.4,-14.9,5,5,False,False,False,False,True,True,True,False,True,True,False
UMBF,UMB Financial Corporation - Common Stock,134.99,53.3,10165911516.0,84615228,30.6,-12.0,5,6,False,False,False,True,True,True,True,False,True,True,False
ENS,EnerSys Common Stock,177.13,53.3,6473347056.0,98373520,63.7,-27.5,5,3,False,False,False,False,True,True,False,False,True,False,False
BHRB,Burke & Herbert Financial Services Corp. - Common Stock,69.34,53.2,1389675352.0,8838451,20.8,-7.7,5,5,False,False,False,True,True,True,True,False,False,True,False
CDP,COPT Defense Properties Common Shares of Beneficial Interest,33.81,53.2,3829871167.0,30565235,24.9,-13.1,5,5,False,False,False,True,True,True,True,False,False,True,False
IDCC,"InterDigital, Inc. - Common Stock",328.03,53.1,8426951586.0,71732494,31.7,-20.5,0,4,False,False,False,True,False,False,False,True,True,True,False
QGEN,Qiagen N.V. Common Shares,44.56,53.1,9007527454.0,108347655,37.0,-22.9,0,4,False,False,False,True,False,False,False,True,True,True,False
CLPT,ClearPoint Neuro Inc. - Common Stock,14.61,53.0,456648278.0,8526574,76.7,-51.5,0,2,False,False,False,True,False,False,False,False,True,False,False
CTRN,"Citi Trends, Inc. - Common Stock",50.07,53.0,421642440.0,10858946,69.2,-35.7,5,4,False,False,False,False,True,True,True,False,True,False,False
AZZ,AZZ Inc.,137.98,53.0,4141096838.0,35675715,48.4,-14.9,5,5,False,False,False,False,True,True,True,False,True,True,False
BMRN,BioMarin Pharmaceutical Inc. - Common Stock,61.35,52.9,12042223547.0,129959137,24.5,-13.6,3,5,False,False,False,True,True,True,True,False,False,True,False
PRK,Park National Corporation Common Stock,180.25,52.9,3237458934.0,20965010,20.9,-16.2,5,5,False,False,False,True,True,True,True,False,False,True,False
MAR,Marriott International - Class A Common Stock,351.51,52.8,91701072838.0,567368317,36.9,-14.5,5,4,False,False,False,False,True,True,False,False,True,True,False
HPP,"Hudson Pacific Properties, Inc. Common Stock",11.71,52.8,634401582.0,9396056,122.6,-41.7,0,4,False,False,False,True,True,False,True,False,True,False,False
ONB,Old National Bancorp - Common Stock,25.09,52.7,9464781800.0,107333399,29.4,-8.3,5,5,False,False,False,True,True,True,True,False,False,True,False
ASB,Associated Banc-Corp Common Stock,29.07,52.7,5416208220.0,58100231,21.8,-10.4,5,5,False,False,False,True,True,True,True,False,False,True,False
VOYG,"Voyager Technologies, Inc. Class A Common Stock",31.1,52.7,1945787601.0,62283911,78.6,-40.6,4,4,False,False,False,False,True,True,True,False,True,False,False
ENR,"Energizer Holdings, Inc. Common Stock",22.2,52.6,1506640014.0,22153725,41.0,-19.9,1,5,False,False,False,True,False,True,False,True,True,True,False
WFG,West Fraser Timber Co. Ltd Common stock,70.76,52.6,5721660274.0,16161333,23.4,-8.1,2,6,False,False,False,True,True,True,True,True,False,True,False
PGY,Pagaya Technologies Ltd. - Class A Ordinary Shares,18.72,52.5,1561731781.0,53371892,80.0,-55.2,0,2,False,False,False,True,False,False,False,False,True,False,False
STRL,"Sterling Infrastructure, Inc. - Common Stock",513.72,52.5,15661321216.0,376610414,82.4,-48.9,5,3,False,False,False,False,True,True,False,False,True,False,False
MA,Mastercard Incorporated Common Stock,566.08,52.5,490495485605.0,1606553885,21.9,-5.8,2,3,False,False,False,True,False,True,False,False,False,True,False
OCSL,Oaktree Specialty Lending Corporation - Closed End Fund,12.08,52.4,1071119960.0,6411796,13.6,-15.6,2,3,False,False,False,True,False,True,False,False,False,True,False
VCEL,Vericel Corporation - Common Stock,39.3,52.4,1986304557.0,21153966,35.8,-20.3,3,6,False,False,False,True,True,True,True,False,True,True,False
HXL,Hexcel Corporation Common Stock,85.45,52.3,6512691686.0,91752000,41.8,-23.5,5,5,False,False,False,False,True,True,True,False,True,True,False
ST,Sensata Technologies Holding plc Ordinary Shares,41.06,52.3,6041193632.0,67850239,45.8,-23.8,5,5,False,False,False,False,True,True,True,False,True,True,False
CCEP,Coca-Cola Europacific Partners plc - Ordinary Shares,100.31,52.2,45257508746.0,197353150,18.5,-11.8,4,5,False,False,False,True,True,True,True,False,False,True,False
SYNA,Synaptics Incorporated - Common Stock,96.82,52.2,3893825715.0,70200993,66.1,-35.1,5,3,False,False,False,False,True,True,False,False,True,False,False
DXYZ,Destiny Tech100 Inc. Common Stock,29.14,52.2,,32941430,47.8,-60.0,2,3,False,False,False,False,True,True,False,False,True,False,False
ZM,"Zoom Communications, Inc. - Class A Common Stock",90.35,52.1,26814923041.0,310097108,27.8,-21.3,5,4,False,False,False,False,True,True,True,False,False,True,False
BLX,"Bladex, Inc. Class E Common Stock",54.66,52.1,2077340275.0,9226497,42.3,-13.5,5,6,False,False,False,True,True,True,True,False,True,True,False
WGS,GeneDx Holdings Corp. - Class A Common Stock,88.48,52.0,2540880493.0,54966343,174.7,-48.2,0,3,False,False,False,True,False,False,False,True,True,False,False
EPR,EPR Properties Common Stock,56.81,52.0,4360579840.0,48516359,18.1,-12.6,5,4,False,False,False,False,True,True,True,False,False,True,False
PFS,"Provident Financial Services, Inc Common Stock",22.67,52.0,2924075096.0,21654090,28.2,-11.1,5,5,False,False,False,True,True,True,True,False,False,True,False
CECO,CECO Environmental Corp. - Common Stock,72.86,51.9,4391858703.0,62002742,70.2,-28.0,5,3,False,False,False,False,True,True,False,False,True,False,False
MUX,McEwen Inc. Common Stock,18.66,51.9,1154768212.0,19565639,29.4,-37.2,1,1,False,False,False,False,False,True,False,False,False,False,False
NWS,News Corporation - Class B Common Stock,31.56,51.8,16891663358.0,38916498,23.8,-11.7,2,5,False,False,False,True,True,True,True,False,False,True,False
CRCL,"Circle Internet Group, Inc. Class A Common Stock",93.0,51.8,23285495805.0,1144679862,86.4,-41.7,1,5,False,False,False,True,True,True,False,True,True,False,False
DNLI,Denali Therapeutics Inc. - Common Stock,20.47,51.7,3270477865.0,33136642,60.2,-25.0,5,4,False,False,False,False,True,True,True,False,True,False,False
SBRA,"Sabra Health Care REIT, Inc. - Common Stock",19.77,51.7,5030061666.0,55316348,15.1,-13.2,5,4,False,False,False,False,True,True,True,False,False,True,False
JOE,St. Joe Company (The) Common Stock,64.88,51.7,3748870198.0,15778451,39.9,-11.8,5,4,False,False,False,False,True,True,False,False,True,True,False
CFG,"Citizens Financial Group, Inc. Common Stock",64.73,51.6,27212232273.0,261249380,35.0,-14.1,5,5,False,False,False,False,True,True,True,False,True,True,False
EQBK,"Equity Bancshares, Inc. Class A Common Stock",48.17,51.6,984321022.0,5416209,24.8,-7.8,5,5,False,False,False,True,True,True,True,False,False,True,False
MCRI,"Monarch Casino & Resort, Inc. - Common Stock",118.05,51.5,2107150794.0,19015033,33.9,-13.2,5,6,False,False,False,True,True,True,True,False,True,True,False
TTEK,"Tetra Tech, Inc. - Common Stock",33.64,51.5,8935950537.0,91519395,30.3,-22.0,2,4,False,False,False,True,False,True,False,False,True,True,False
CMCO,Columbus McKinnon Corporation - Common Stock,16.03,51.4,476548668.0,10205651,33.7,-34.3,2,2,False,False,False,False,False,True,False,False,True,False,False
MS,Morgan Stanley Common Stock,196.32,51.4,311584646670.0,1063207128,29.3,-15.5,5,4,False,False,False,False,True,True,True,False,False,True,False
NSC,Norfolk Southern Corporation Common Stock,313.17,51.4,70753883579.0,408626644,12.7,-12.7,5,4,False,False,False,False,True,True,True,False,False,True,False
CB,Chubb Limited  Common Stock,334.84,51.3,129323970735.0,618257647,26.2,-8.5,5,5,False,False,False,True,True,True,True,False,False,True,False
TFII,TFI International Inc. Common Shares,121.77,51.3,10270466274.0,37833136,51.0,-27.4,5,4,False,False,False,False,True,True,True,False,True,False,False
IBCP,Independent Bank Corporation - Common Stock,35.62,51.2,783635114.0,7200771,19.4,-9.2,5,5,False,False,False,True,True,True,True,False,False,True,False
LYV,"Live Nation Entertainment, Inc. Common Stock",171.06,51.2,39829191356.0,348505288,36.5,-9.6,5,6,False,False,False,True,True,True,True,False,True,True,False
SPG,"Simon Property Group, Inc. Common Stock",204.7,51.2,66056277302.0,286493711,18.9,-14.2,5,4,False,False,False,False,True,True,True,False,False,True,False
ARCC,Ares Capital Corporation - Closed End Fund,19.13,51.1,13750137482.0,85921605,9.9,-9.5,2,4,False,False,False,True,False,True,False,True,False,True,False
ICE,Intercontinental Exchange Inc. Common Stock,156.93,51.1,87774028042.0,551534767,28.9,-10.9,1,4,False,False,False,True,False,True,False,True,False,True,False
CAMT,Camtek Ltd. - Ordinary Shares,145.12,51.0,6845438145.0,66700613,57.9,-32.8,5,3,False,False,False,False,True,True,False,False,True,False,False
TFPM,Triple Flag Precious Metals Corp. Common Shares,32.04,51.0,6718759218.0,17027524,20.4,-23.2,5,3,False,False,False,False,False,True,False,True,False,True,False
ACIW,"ACI Worldwide, Inc. - Common Stock",49.62,50.9,4969016962.0,51812282,30.4,-18.8,3,6,False,False,False,True,True,True,True,False,True,True,False
BRZE,"Braze, Inc. - Class A Common Stock",24.67,50.9,2938429126.0,70963075,61.7,-33.9,1,3,False,False,False,True,False,True,False,False,True,False,False
EQX,Equinox Gold Corp. Common Shares,11.73,50.9,14067890855.0,160297972,38.2,-38.1,1,3,False,False,False,False,False,True,False,True,True,False,False
JPM,JP Morgan Chase & Co. Common Stock,338.56,50.8,897217586398.0,2454527860,21.3,-7.6,5,5,False,False,False,True,True,True,True,False,False,True,False
KFY,Korn Ferry Common Stock,72.0,50.8,4035172620.0,35763845,22.1,-17.7,3,5,False,False,False,True,True,True,True,False,False,True,False
BANR,Banner Corporation - Common Stock,68.79,50.7,2494048859.0,23892601,20.6,-8.1,5,5,False,False,False,True,True,True,True,False,False,True,False
CACC,Credit Acceptance Corporation - Common Stock,547.4,50.7,5762571375.0,70920625,36.2,-18.2,5,6,False,False,False,True,True,True,True,False,True,True,False
SSNC,"SS&C Technologies Holdings, Inc. - Common Stock",78.5,50.7,18706696281.0,137226935,27.9,-13.0,0,2,False,False,False,True,False,False,False,False,False,True,False
NWE,"NorthWestern Energy Group, Inc.  - Common Stock",68.07,50.6,4226276295.0,27139546,21.4,-9.5,5,4,False,False,False,False,True,True,True,False,False,True,False
FPI,Farmland Partners Inc. Common Stock,10.7,50.6,470775490.0,5173047,16.2,-19.1,1,5,False,False,False,True,True,True,False,True,False,True,False
TCBK,TriCo Bancshares - Common Stock,52.1,50.5,1644363447.0,16983238,28.8,-15.6,5,5,False,False,False,True,True,True,True,False,False,True,False
SCHW,Charles Schwab Corporation (The) Common Stock,99.49,50.5,172068903543.0,868055364,18.5,-13.1,3,3,False,False,False,True,False,True,False,False,False,True,False
PYPL,"PayPal Holdings, Inc. - Common Stock",52.6,50.4,44920250494.0,751105020,36.8,-33.6,0,2,False,False,False,True,False,False,False,False,True,False,False
HASI,"HA Sustainable Infrastructure Capital, Inc. Common Stock",36.16,50.4,4652832556.0,39076198,32.6,-18.1,5,5,False,False,False,False,True,True,True,False,True,True,False
XPO,"XPO, Inc. Common Stock",176.12,50.4,21066196783.0,196664865,45.0,-24.1,5,4,False,False,False,False,True,True,False,False,True,True,False
OHI,"Omega Healthcare Investors, Inc. Common Stock",46.33,50.3,13990110210.0,93708163,18.0,-11.6,5,4,False,False,False,False,True,True,True,False,False,True,False
OPLN,"OPENLANE, Inc. Common Stock",34.5,50.3,4173568684.0,44694619,41.9,-19.6,5,6,False,False,False,True,True,True,True,False,True,True,False
DB,Deutsche Bank AG Common Stock,35.62,50.2,67485818000.0,70384537,26.7,-14.4,3,3,False,False,False,True,False,True,False,False,False,True,False
FLR,Fluor Corporation Common Stock,50.63,50.2,7096301015.0,131426044,28.7,-13.2,4,5,False,False,False,True,True,True,True,False,False,True,False
HTH,Hilltop Holdings Inc.,38.35,50.1,2186622537.0,10895643,24.6,-5.1,5,5,False,False,False,True,True,True,True,False,False,True,False
M,Macy's Inc Common Stock,22.31,50.1,5808568607.0,130934788,36.0,-16.1,5,4,False,False,False,True,False,True,False,False,True,True,False
MMM,3M Company Common Stock,167.52,50.1,87827527615.0,555538441,20.2,-9.4,4,3,False,False,False,True,False,True,False,False,False,True,False
ASND,Ascendis Pharma A/S - Ordinary Share,230.7,50.0,14653679859.0,162132003,24.0,-18.2,5,4,False,False,False,False,True,True,True,False,False,True,False
IT,"Gartner, Inc. Common Stock",179.32,50.0,11273355196.0,233187387,44.3,-32.5,0,3,False,False,False,True,False,False,False,True,True,False,False
HAS,"Hasbro, Inc. - Common Stock",86.81,49.9,12203167285.0,171312903,24.9,-18.9,5,4,False,False,False,False,True,True,True,False,False,True,False
CTVA,"Corteva, Inc. Common Stock ",79.45,49.9,53655902320.0,391071134,31.2,-12.7,5,5,False,False,False,False,True,True,True,False,True,True,False
REXR,"Rexford Industrial Realty, Inc. Common Stock",37.99,49.9,8506996931.0,103806011,18.2,-14.4,0,3,False,False,False,True,False,False,False,True,False,True,False
CME,CME Group Inc. - Class A Common Stock,268.91,49.8,97374064420.0,553203659,23.2,-18.3,2,4,False,False,False,False,True,True,False,True,False,True,False
ULTA,"Ulta Beauty, Inc. - Common Stock",548.78,49.8,23251940305.0,329068046,23.7,-23.2,1,3,False,False,False,False,False,True,False,True,False,True,False
TOWN,Towne Bank - Common Stock,36.4,49.7,2691447093.0,21837628,14.1,-6.7,3,5,False,False,False,True,True,True,True,False,False,True,False
FR,"First Industrial Realty Trust, Inc. Common Stock",61.36,49.7,8096229812.0,63135342,22.1,-12.2,5,4,False,False,False,False,True,True,True,False,False,True,False
CALY,Callaway Golf Company Common Stock,14.25,49.6,2604468501.0,32811325,69.8,-29.7,5,4,False,False,False,False,True,True,True,False,True,False,False
CSW,"CSW Industrials, Inc. Common Stock",294.45,49.6,4854318582.0,45935377,27.8,-17.2,4,3,False,False,False,True,False,True,False,False,False,True,False
WTRG,"Essential Utilities, Inc. Common Stock",39.74,49.6,11402224349.0,90265836,10.1,-6.5,3,5,False,False,False,True,True,True,True,False,False,True,False
CBOE,"Cboe Global Markets, Inc. Common Stock",267.57,49.5,30064707313.0,295471078,17.8,-27.9,5,2,False,False,False,False,True,True,False,False,False,False,False
VTOL,"Bristow Group, Inc. Common Stock",42.3,49.5,1268974020.0,11101402,20.8,-16.0,5,4,False,False,False,False,True,True,True,False,False,True,False
BLCO,Bausch + Lomb Corporation Common Shares,16.8,49.4,6089667444.0,6979821,22.0,-11.2,5,3,False,False,False,True,False,True,False,False,False,True,False
CR,Crane Company Common Stock,204.56,49.4,11810346741.0,93826098,28.2,-11.3,3,5,False,False,False,True,True,True,True,False,False,True,False
MTUS,Metallus Inc. Common Shares,18.94,49.4,775930596.0,7479060,33.5,-16.1,5,4,False,False,False,True,False,True,False,False,True,True,False
COIN,"Coinbase Global, Inc. - Class A Common Stock",199.21,49.3,52274009554.0,1628645786,43.2,-50.5,0,3,False,False,False,True,False,False,False,True,True,False,False
FLGT,"Fulgent Genetics, Inc. - Common Stock",21.55,49.3,585250282.0,5957851,60.1,-30.6,0,3,False,False,False,True,False,False,False,True,True,False,False
IIPR,"Innovative Industrial Properties, Inc. Common Stock",55.59,49.2,1524144173.0,19059231,24.7,-15.0,5,5,False,False,False,True,True,True,True,False,False,True,False
PAAS,Pan American Silver Corp. Common Stock,47.51,49.2,19947271980.0,210992514,43.6,-32.1,5,2,False,False,False,False,False,True,False,False,True,False,False
DAN,Dana Incorporated Common Stock ,27.35,49.1,3195027366.0,41501597,54.2,-30.9,5,3,False,False,False,False,True,True,False,False,True,False,False
FHI,"Federated Hermes, Inc. Common Stock",57.38,49.1,4297445774.0,36141659,23.0,-14.6,5,4,False,False,False,False,True,True,True,False,False,True,False
GTES,Gates Industrial Corporation Ltd. Common Shares,26.26,49.1,6673064841.0,50431486,25.8,-13.4,5,5,False,False,False,True,True,True,True,False,False,True,False
FIBK,"First Interstate BancSystem, Inc. - Common Stock",36.51,49.0,3432871944.0,44212823,25.5,-10.1,5,5,False,False,False,True,True,True,True,False,False,True,False
SQM,Sociedad Quimica y Minera S.A. Common Stock,67.12,49.0,19731859777.0,73269712,65.4,-31.5,5,3,False,False,False,False,True,True,False,False,True,False,False
HTLD,"Heartland Express, Inc. - Common Stock",11.37,48.9,903244896.0,9880855,62.4,-31.7,5,4,False,False,False,False,True,True,True,False,True,False,False
FITB,Fifth Third Bancorp Common Stock,51.46,48.9,46877276633.0,311172269,28.5,-13.5,5,4,False,False,False,False,True,True,True,False,False,True,False
RHLD,Resolute Holdings Management Common Stock ,127.5,48.9,982062936.0,20281590,97.4,-46.0,0,1,False,False,False,False,False,False,False,False,True,False,False
AGYS,"Agilysys, Inc. - Common Stock",99.68,48.8,2853861630.0,29062675,62.1,-31.4,0,2,False,False,False,True,False,False,False,False,True,False,False
NMIH,NMI Holdings Inc - Common Stock,41.57,48.8,3173441134.0,21534184,19.3,-11.1,3,5,False,False,False,True,True,True,True,False,False,True,False
ALL,Allstate Corporation (The) Common Stock,227.17,48.7,57059924997.0,451361589,20.8,-18.1,5,4,False,False,False,False,True,True,True,False,False,True,False
AM,Antero Midstream Corporation Common Stock,21.23,48.7,10148530120.0,51742852,25.2,-10.9,5,4,False,False,False,False,True,True,True,False,False,True,False
WFRD,Weatherford International plc - Ordinary shares,84.13,48.6,6054214725.0,96568116,38.3,-25.6,5,3,False,False,False,False,True,True,False,False,True,False,False
DEC,Diversified Energy Company Common Stock,14.05,48.6,1066144882.0,12404608,13.9,-25.7,2,3,False,False,False,False,True,True,False,True,False,False,False
MNTN,"MNTN, Inc. Class A Common Stock",10.91,48.6,789921401.0,10858719,42.2,-46.8,0,2,False,False,False,True,False,False,False,False,True,False,False
SBCF,Seacoast Banking Corporation of Florida - Common Stock,32.82,48.5,3138995144.0,31180068,14.8,-9.5,5,3,False,False,False,True,False,True,False,False,False,True,False
TROW,"T. Rowe Price Group, Inc. - Common Stock",104.27,48.5,22306438435.0,184643741,22.4,-14.5,5,5,False,False,False,True,True,True,True,False,False,True,False
AAT,"American Assets Trust, Inc. Common Stock",21.49,48.4,1319576537.0,9965626,21.3,-17.3,5,5,False,False,False,True,True,True,True,False,False,True,False
BLK,"BlackRock, Inc. Common Stock",1073.45,48.4,164299248181.0,708800456,17.0,-12.0,1,3,False,False,False,True,False,True,False,False,False,True,False
AMCR,Amcor plc Ordinary Shares,42.1,48.3,19788395532.0,167621691,16.1,-17.4,3,3,False,False,False,True,False,True,False,False,False,True,False
SBSW,D/B/A Sibanye-Stillwater Limited ADS,10.28,48.3,7465621159.0,56949772,30.6,-51.7,1,2,False,False,False,False,False,True,False,False,True,False,False
SSB,SouthState Bank Corporation Common Stock,101.9,48.3,9854552145.0,82038481,20.6,-9.2,5,5,False,False,False,True,True,True,True,False,False,True,False
CBIO,"Crescent Biopharma, Inc. - Common Stock",14.24,48.2,527072509.0,6954454,63.3,-48.0,5,3,False,False,False,False,True,True,False,False,True,False,False
CLDX,"Celldex Therapeutics, Inc. - Common Stock",31.48,48.2,2443839036.0,45196687,42.4,-30.3,5,4,False,False,False,False,True,True,True,False,True,False,False
DOW,Dow Inc. Common Stock ,28.56,48.1,20695061370.0,275034297,38.3,-33.2,5,3,False,False,False,False,True,True,False,False,True,False,False
ITW,Illinois Tool Works Inc. Common Stock,272.0,48.1,77870016000.0,356141009,13.9,-10.3,3,5,False,False,False,True,True,True,True,False,False,True,False
RRC,Range Resources Corporation Common Stock,39.14,48.1,9059754797.0,107574855,19.8,-19.0,5,3,False,False,False,False,True,True,False,False,False,True,False
ALSN,"Allison Transmission Holdings, Inc. Common Stock",112.74,48.0,9462617374.0,100412170,48.3,-18.1,5,5,False,False,False,False,True,True,True,False,True,True,False
MTG,MGIC Investment Corporation Common Stock,28.73,48.0,6010157812.0,55471474,16.4,-9.9,3,5,False,False,False,True,True,True,True,False,False,True,False
APD,"Air Products and Chemicals, Inc. Common Stock",284.49,47.9,63904066544.0,316609337,24.2,-9.6,3,4,False,False,False,False,True,True,True,False,False,True,False
KMI,"Kinder Morgan, Inc. Common Stock",31.25,47.9,69854781532.0,362122391,22.1,-10.2,5,3,False,False,False,False,True,True,False,False,False,True,False
RAPP,"Rapport Therapeutics, Inc. - Common Stock",33.83,47.8,1637498901.0,14585429,42.4,-36.1,5,4,False,False,False,False,True,True,True,False,True,False,False
DRI,"Darden Restaurants, Inc. Common Stock",207.24,47.8,24377321196.0,247383390,22.6,-9.8,4,5,False,False,False,True,True,True,True,False,False,True,False
WMB,"Williams Companies, Inc. (The) Common Stock",70.58,47.8,86979438934.0,521531441,25.6,-11.9,5,3,False,False,False,False,True,True,False,False,False,True,False
CTSH,Cognizant Technology Solutions Corporation - Class A Common Stock,57.17,47.7,26639270520.0,433818705,54.2,-34.3,0,2,False,False,False,False,False,False,False,True,True,False,False
DD,"DuPont de Nemours, Inc. Common Stock",130.22,47.7,17674424568.0,193539053,40.8,-17.6,5,4,False,False,False,False,True,True,False,False,True,True,False
FRPT,"Freshpet, Inc. - Common Stock",58.31,47.6,2845518562.0,81300112,25.5,-32.2,3,1,False,False,False,False,False,True,False,False,False,False,False
LECO,"Lincoln Electric Holdings, Inc. - Common Shares",266.4,47.6,14465827908.0,120976412,23.2,-14.1,5,5,False,False,False,True,True,True,True,False,False,True,False
NCI,Neo-Concept International Group Holdings Limited - Class A Ordinary Shares,14.64,47.6,34518517.0,9315046,471.9,-86.7,1,4,False,False,False,False,True,True,False,True,True,False,False
GATX,GATX Corporation Common Stock,183.38,47.5,6555210000.0,38612261,21.9,-10.8,5,5,False,False,False,True,True,True,False,True,False,True,False
RTX,RTX Corporation Common Stock,188.61,47.5,259025637695.0,952318000,21.2,-16.9,5,4,False,False,False,False,True,True,True,False,False,True,False
LLYVK,"Liberty Live Holdings, Inc. - Series C Liberty Live Group Common Stock",99.7,47.4,9031247708.0,30042450,29.6,-9.2,5,5,False,False,False,True,True,True,True,False,False,True,False
ETD,Ethan Allen Interiors Inc. Common Stock,21.05,47.4,529756613.0,12950593,15.2,-28.9,1,3,False,False,False,True,False,True,False,True,False,False,False
DLO,DLocal Limited - Class A Common Shares,13.88,47.3,4146743301.0,30130663,30.5,-17.3,1,4,False,False,False,True,False,True,False,False,True,True,False
IMKTA,"Ingles Markets, Incorporated - Class A Common Stock",84.11,47.3,1577862814.0,10154006,26.2,-12.0,5,3,False,False,False,False,True,True,False,False,False,True,False
SPFI,"South Plains Financial, Inc. - Common Stock",42.85,47.3,811965426.0,5756594,21.3,-8.7,5,5,False,False,False,True,True,True,True,False,False,True,False
BOKF,BOK Financial Corporation - Common Stock,130.8,47.2,7934937493.0,35709371,27.3,-10.9,5,4,False,False,False,False,True,True,True,False,False,True,False
CRS,Carpenter Technology Corporation Common Stock,400.85,47.2,19577120327.0,371523181,75.8,-36.0,5,4,False,False,False,False,True,True,True,False,True,False,False
JCAP,"Jefferson Capital, Inc. - Common Stock",19.54,47.1,1095679227.0,7183030,26.1,-20.0,3,2,False,False,False,False,False,True,False,False,False,True,False
UGI,UGI Corporation Common Stock,36.37,47.1,7854805692.0,75638276,15.0,-12.0,5,3,False,False,False,True,False,True,False,False,False,True,False
INDB,Independent Bank Corp. - Common Stock,80.24,47.0,3779580409.0,29340713,26.7,-8.3,5,5,False,False,False,True,True,True,True,False,False,True,False
KHC,The Kraft Heinz Company - Common Stock,23.86,47.0,28210747203.0,457757468,13.4,-15.1,2,5,False,False,False,True,True,True,True,False,False,True,False
SCHL,Scholastic Corporation - Common Stock,34.83,47.0,670594055.0,14767889,38.1,-27.5,5,4,False,False,False,False,True,True,True,False,True,False,False
JLL,Jones Lang LaSalle Incorporated Common Stock,324.4,46.9,14850607531.0,121811711,24.9,-17.6,5,2,False,False,False,False,False,True,False,False,False,True,False
LMT,Lockheed Martin Corporation Common Stock,523.7,46.9,121091292284.0,649568920,19.8,-24.3,5,3,False,False,False,False,True,True,False,False,False,True,False
TDC,Teradata Corporation Common Stock,29.46,46.8,2716530000.0,71100927,44.9,-29.5,5,3,False,False,False,False,False,True,False,True,True,False,False
TDY,Teledyne Technologies Incorporated Common Stock,612.02,46.8,28789190717.0,214716373,26.7,-12.3,5,4,False,False,False,False,True,True,True,False,False,True,False
UCB,"United Community Banks, Inc. Common Stock",33.88,46.8,4040485106.0,29833832,18.3,-8.9,5,5,False,False,False,True,True,True,True,False,False,True,False
AER,AerCap Holdings N.V. Ordinary Shares,145.42,46.7,22355296209.0,157786037,22.3,-8.4,5,5,False,False,False,True,True,True,True,False,False,True,False
ALX,"Alexander's, Inc. Common Stock",245.46,46.7,1265943972.0,9635817,21.9,-15.2,5,4,False,False,False,False,True,True,True,False,False,True,False
LLYVA,"Liberty Live Holdings, Inc. - Series A Liberty Live Group Common Stock",96.425,46.6,8739590666.0,14402805,29.6,-9.1,5,5,False,False,False,True,True,True,True,False,False,True,False
OR,OR Royalties Inc. Common Shares,35.74,46.6,6762975814.0,34014682,29.8,-25.6,1,2,False,False,False,False,False,True,False,True,False,False,False
BRUN,Boost Run Inc. - Class A Common Stock,16.72,46.5,1312337651.0,42186810,57.9,-60.2,5,3,False,False,False,False,True,True,False,False,True,False,False
IREN,IREN Limited - Ordinary Shares,46.15,46.5,18540459388.0,1802402779,59.5,-40.0,0,3,False,False,False,True,False,False,False,True,True,False,False
PEN,"Penumbra, Inc. Common Stock",319.72,46.5,12582556964.0,111134135,44.5,-11.8,5,3,False,False,False,False,False,True,False,False,True,True,False
AMBA,"Ambarella, Inc. - Ordinary Shares",69.86,46.4,2984812459.0,129574030,44.6,-27.7,0,2,False,False,False,True,False,False,False,False,True,False,False
DG,Dollar General Corporation Common Stock,122.53,46.4,26606384874.0,299860108,28.8,-22.6,3,2,False,False,False,False,False,True,False,False,False,True,False
AUPH,Aurinia Pharmaceuticals Inc - Common Shares,16.595,46.3,2182039155.0,16061114,60.5,-13.8,5,7,False,False,False,True,True,True,True,True,True,True,False
CUBI,"Customers Bancorp, Inc Common Stock",76.83,46.3,2591893059.0,21526675,29.5,-8.9,5,3,False,False,False,True,False,True,False,False,False,True,False
HIPO,Hippo Holdings Inc. Common Stock,30.24,46.3,784028510.0,5729903,25.6,-21.9,0,2,False,False,False,True,False,False,False,False,False,True,False
BCS,Barclays PLC Common Stock,24.43,46.2,81620920529.0,114696575,26.6,-14.8,5,2,False,False,False,False,False,True,False,False,False,True,False
PLD,"Prologis, Inc. Common Stock",133.82,46.2,127004260960.0,592904187,20.5,-12.7,5,4,False,False,False,False,True,True,True,False,False,True,False
PPTA,Perpetua Resources Corp. - Common Shares,23.42,46.1,2917234126.0,25357100,42.5,-37.3,1,3,False,False,False,False,False,True,False,True,True,False,False
SFBS,"ServisFirst Bancshares, Inc. Common Stock",41.25,46.1,4501734473.0,24223168,22.8,-10.4,3,5,False,False,False,True,True,True,True,False,False,True,False
URBN,"Urban Outfitters, Inc. - Common Stock",74.78,46.0,6409094742.0,86999317,25.6,-12.5,3,3,False,False,False,True,False,True,False,False,False,True,False
BXSL,Blackstone Secured Lending Fund Common Shares of Beneficial Interest,24.59,46.0,,35401099,9.4,-14.0,2,4,False,False,False,True,False,True,False,True,False,True,False
ENVA,"Enova International, Inc. Common Stock",171.9,46.0,4192138725.0,80864940,66.9,-35.7,5,4,False,False,False,False,True,True,True,False,True,False,False
QNST,"QuinStreet, Inc. - Common Stock",14.4,45.9,817150038.0,18024412,39.9,-35.4,2,4,False,False,False,False,True,True,True,False,True,False,False
DLR,"Digital Realty Trust, Inc. Common Stock",181.0,45.9,67143064135.0,444496556,23.8,-13.0,5,4,False,False,False,False,True,True,True,False,False,True,False
HCSG,"Healthcare Services Group, Inc. - Common Stock",20.97,45.8,1458434293.0,16334036,38.6,-18.6,5,5,False,False,False,False,True,True,True,False,True,True,False
MCY,Mercury General Corporation Common Stock,98.29,45.8,5419223266.0,30267298,32.3,-13.1,5,5,False,False,False,False,True,True,True,False,True,True,False
KYIV,Kyivstar Group Ltd. - Common Shares,13.2,45.7,3018864384.0,5171862,42.1,-20.2,5,6,False,False,False,True,True,True,True,False,True,True,False
BKH,Black Hills Corporation Common Stock,69.93,45.7,5376608972.0,59219358,19.1,-11.1,5,4,False,False,False,False,True,True,True,False,False,True,False
FSK,FS KKR Capital Corp. Common Stock,11.17,45.7,3086720928.0,24117841,14.9,-31.5,0,1,False,False,False,True,False,False,False,False,False,False,False
ESS,"Essex Property Trust, Inc. Common Stock",271.65,45.6,17575490013.0,138768148,13.9,-10.4,4,5,False,False,False,True,True,True,True,False,False,True,False
SKY,"Champion Homes, Inc. Common Stock",85.68,45.6,4638780252.0,54223729,34.5,-13.6,5,4,False,False,False,True,False,True,False,False,True,True,False
CBSH,"Commerce Bancshares, Inc. - Common Stock",55.76,45.5,7973394775.0,61720560,18.7,-8.5,3,5,False,False,False,True,True,True,True,False,False,True,False
BCAT,BlackRock Capital Allocation Term Trust Common Shares of Beneficial Interest,13.88,45.5,1508483250.0,13330556,1.8,-14.3,5,4,False,False,True,False,True,True,True,False,False,True,False
DEO,Diageo plc Common Stock,86.83,45.5,47933126850.0,100886186,19.8,-15.5,0,2,False,False,False,True,False,False,False,False,False,True,False
ESI,Element Solutions Inc. Common Stock,34.5,45.4,8643716720.0,172521236,50.9,-29.9,5,3,False,False,False,False,True,True,False,False,True,False,False
ESNT,Essent Group Ltd. Common Shares,64.26,45.4,5882416467.0,41621415,16.1,-8.7,3,3,False,False,False,True,False,True,False,False,False,True,False
AUB,Atlantic Union Bankshares Corporation Common Stock,38.52,45.3,5462669772.0,45266426,24.8,-11.7,5,4,False,False,False,False,True,True,True,False,False,True,False
BAC,Bank of America Corporation Common Stock,56.03,45.3,391593908440.0,2026849346,21.5,-14.1,5,5,False,False,False,True,True,True,True,False,False,True,False
AGCO,AGCO Corporation Common Stock,116.21,45.2,8521460785.0,121703502,18.3,-19.2,1,4,False,False,False,False,True,True,False,True,False,True,False
CVSA,Covista Inc. Common Shares,124.16,45.2,4193242236.0,44969955,42.8,-20.5,1,6,False,False,False,True,True,True,True,False,True,True,False
VLTO,Veralto Corp Common Stock ,96.2,45.2,23374905823.0,158448207,20.2,-10.8,0,3,False,False,False,True,False,False,False,True,False,True,False
VLY,Valley National Bancorp - Common Stock,12.96,45.1,7112029259.0,95363159,34.4,-14.7,5,5,False,False,False,False,True,True,True,False,True,True,False
T,AT&T Inc.,25.45,45.1,173365356945.0,1216510422,28.0,-13.6,1,5,False,False,False,True,True,True,False,True,False,True,False
LSTR,"Landstar System, Inc. - Common Stock",165.18,45.0,5666787737.0,80387672,38.4,-27.7,5,4,False,False,False,False,True,True,True,False,True,False,False
CPK,Chesapeake Utilities Corporation Common Stock,128.26,45.0,3125160826.0,23727826,7.9,-8.9,0,4,False,False,False,True,True,False,True,False,False,True,False
MHK,"Mohawk Industries, Inc. Common Stock",119.47,45.0,8104869049.0,125712434,28.5,-14.8,2,3,False,False,False,True,False,True,False,False,False,True,False
HOMB,"Home BancShares, Inc. Common Stock",28.96,44.9,5769431329.0,48615837,13.6,-8.6,3,3,False,False,False,True,False,True,False,False,False,True,False
UMH,"UMH Properties, Inc. Common Stock",15.32,44.9,1314938240.0,10592632,10.0,-8.6,3,3,False,False,False,True,False,True,False,False,False,True,False
MDLZ,"Mondelez International, Inc. - Class A Common Stock",60.86,44.8,78416367022.0,518795044,18.9,-8.7,2,5,False,False,False,True,True,True,True,False,False,True,False
GDDY,GoDaddy Inc. Class A Common Stock,100.81,44.8,12206305712.0,213625555,40.8,-31.9,0,3,False,False,False,True,False,False,False,True,True,False,False
AEIS,"Advanced Energy Industries, Inc. - Common Stock",278.03,44.7,11191295008.0,180467531,70.4,-30.0,5,3,False,False,False,False,True,True,False,False,True,False,False
CNR,"Core Natural Resources, Inc. Common Stock",88.76,44.7,4573981083.0,48856345,18.7,-22.7,5,2,False,False,False,False,False,True,False,False,False,True,False
PVH,PVH Corp. Common Stock,75.79,44.7,3478331230.0,75381900,27.2,-24.8,0,2,False,False,False,False,True,False,False,False,False,True,False
CHD,"Church & Dwight Company, Inc. Common Stock",95.33,44.6,22776319150.0,179813515,17.2,-10.1,4,4,False,False,False,False,True,True,True,False,False,True,False
J,Jacobs Solutions Inc. Common Stock,135.33,44.6,16516488784.0,120718150,28.1,-19.7,1,3,False,False,False,True,False,True,False,False,False,True,False
OTTR,Otter Tail Corporation - Common Stock,88.26,44.5,3743014457.0,22347325,19.0,-7.2,5,4,False,False,False,False,True,True,True,False,False,True,False
WERN,"Werner Enterprises, Inc. - Common Stock",33.48,44.5,2063813938.0,43087263,45.2,-29.5,5,4,False,False,False,False,True,True,True,False,True,False,False
EXPE,"Expedia Group, Inc. - Common Stock",261.75,44.4,29659015605.0,519455627,41.2,-23.5,5,4,False,False,False,True,False,True,False,False,True,True,False
MDGL,"Madrigal Pharmaceuticals, Inc. - Common Stock",513.21,44.4,11852878721.0,154051372,30.4,-16.6,0,3,False,False,False,True,False,False,False,False,True,True,False
PNC,"PNC Financial Services Group, Inc. (The) Common Stock",223.34,44.4,89375349718.0,399216166,26.3,-13.8,5,4,False,False,False,False,True,True,True,False,False,True,False
AMP,"Ameriprise Financial, Inc. Common Stock",485.15,44.3,45199354864.0,283321226,14.9,-15.3,3,2,False,False,False,False,False,True,False,False,False,True,False
ECAT,BlackRock ESG Capital Allocation Term Trust Common Shares of Beneficial Interest,14.08,44.3,1543086450.0,8132487,5.4,-15.8,5,5,False,False,False,True,True,True,True,False,False,True,False
QTWO,"Q2 Holdings, Inc. Common Stock",56.45,44.2,3470662324.0,47898534,38.4,-28.7,0,2,False,False,False,True,False,False,False,False,True,False,False
RNST,Renasant Corporation Common Stock,40.05,44.2,3628757261.0,25666371,21.2,-10.1,5,4,False,False,False,False,True,True,True,False,False,True,False
VMI,"Valmont Industries, Inc. Common Stock",465.35,44.2,9092781167.0,93412627,28.7,-20.5,5,4,False,False,False,False,True,True,True,False,False,True,False
CGBD,"Carlyle Secured Lending, Inc. - Closed End Fund",11.15,44.1,771987399.0,5889828,12.1,-17.2,1,4,False,False,False,True,False,True,False,True,False,True,False
AIN,Albany International Corporation Common Stock,60.64,44.1,1725868000.0,18290805,47.4,-21.2,4,5,False,False,False,False,True,True,True,False,True,True,False
COLB,"Columbia Banking System, Inc. - Common Stock",29.18,44.0,8161730432.0,93255248,22.5,-13.4,5,4,False,False,False,False,True,True,True,False,False,True,False
ZION,Zions Bancorporation N.A. - Common Stock,62.82,44.0,9143977691.0,106940978,36.0,-14.3,5,5,False,False,False,False,True,True,True,False,True,True,False
MYRG,"MYR Group, Inc. - Common Stock",295.18,43.9,4595731215.0,94987034,61.5,-41.4,5,3,False,False,False,False,True,True,False,False,True,False,False
MTB,M&T Bank Corporation Common Stock,218.66,43.9,31710922810.0,260848911,25.1,-14.6,5,4,False,False,False,False,True,True,True,False,False,True,False
UTL,UNITIL Corporation Common Stock,50.84,43.9,927334873.0,6385675,12.2,-11.2,5,4,False,False,False,False,True,True,True,False,False,True,False
HIFS,Hingham Institution for Savings - Common Stock,297.19,43.8,628393662.0,13676156,19.6,-12.1,5,3,False,False,False,True,False,True,False,False,False,True,False
GFL,"GFL Environmental Inc. Subordinate voting shares, no par value",41.79,43.8,18816467042.0,99730349,25.4,-13.1,0,3,False,False,False,True,False,False,False,True,False,True,False
CDW,CDW Corporation - Common Stock,139.46,43.7,18272546984.0,257531615,43.6,-16.5,1,4,False,False,False,True,False,True,False,False,True,True,False
ON,ON Semiconductor Corporation - Common Stock,73.15,43.7,28848509223.0,758414054,64.2,-45.8,5,3,False,False,False,False,True,True,False,False,True,False,False
XPEL,"XPEL, Inc. - Common Stock",43.75,43.7,1227449701.0,9989291,38.9,-21.7,5,3,False,False,False,False,False,True,False,False,True,True,False
AGIO,"Agios Pharmaceuticals, Inc. - Common Stock",32.9,43.6,2041207346.0,35880873,47.9,-28.5,0,4,False,False,False,True,True,False,True,False,True,False,False
JBIO,"Jade Biosciences, Inc. - Common Stock",14.73,43.6,935517563.0,17729773,101.8,-47.4,5,4,False,False,False,False,True,True,True,False,True,False,False
WRLD,World Acceptance Corporation - Common Stock,170.75,43.5,793067023.0,18189117,55.2,-25.0,4,5,False,False,False,True,True,True,True,False,True,False,False
DEA,"Easterly Government Properties, Inc. Common Stock",22.71,43.5,1074200706.0,8687365,10.5,-12.5,5,4,False,False,False,False,True,True,True,False,False,True,False
VNOM,"Viper Energy, Inc.  - Class A Common Stock",41.64,43.4,14701846970.0,71224790,18.6,-18.6,5,3,False,False,False,False,True,True,False,False,False,True,False
AFG,"American Financial Group, Inc. Common Stock",138.42,43.4,11579153512.0,53230059,12.5,-7.7,5,5,False,False,False,True,True,True,True,False,False,True,False
SON,Sonoco Products Company Common Stock,49.96,43.4,5006041402.0,61613080,29.3,-17.7,5,4,False,False,False,False,True,True,True,False,False,True,False
RKLB,Rocket Lab Corporation - Common Stock,73.61,43.3,44137787249.0,1329215906,95.9,-51.3,5,4,False,False,False,False,True,True,False,True,True,False,False
FAF,First American Corporation (New) Common Stock,65.6,43.3,6951989000.0,55500644,16.7,-17.9,5,4,False,False,False,False,True,True,True,False,False,True,False
AFRM,"Affirm Holdings, Inc. - Class A Common Stock",71.57,43.2,22975013321.0,328963391,70.0,-20.9,2,4,False,False,False,True,False,True,False,False,True,True,False
MCB,Metropolitan Bank Holding Corp. Common Stock,88.62,43.2,1087657064.0,12270116,37.1,-13.2,5,5,False,False,False,False,True,True,True,False,True,True,False
CRSP,CRISPR Therapeutics AG - Common Shares,55.7,43.1,5391582331.0,85269602,26.2,-29.0,1,3,False,False,False,True,False,True,False,True,False,False,False
CCK,"Crown Holdings, Inc.",105.7,43.1,11934290872.0,114237948,18.5,-14.0,3,4,False,False,False,False,True,True,True,False,False,True,False
MAIN,Main Street Capital Corporation Common Stock,54.76,43.1,5150446032.0,30005977,11.9,-16.1,2,3,False,False,False,True,False,True,False,False,False,True,False
BCPC,Balchem Corporation - Common Stock,167.84,43.0,5363158253.0,32942114,20.6,-8.7,5,4,False,False,False,False,True,True,True,False,False,True,False
PCRX,"Pacira BioSciences, Inc. - Common Stock",25.56,43.0,981798252.0,15372554,36.0,-7.6,2,7,False,False,False,True,True,True,True,True,True,True,False
ACLS,"Axcelis Technologies, Inc. - Common Stock",116.14,42.9,3657294742.0,46782544,57.8,-40.1,5,3,False,False,False,False,True,True,False,False,True,False,False
PLMR,"Palomar Holdings, Inc. - Common stock",125.63,42.9,3347872454.0,31664914,24.6,-14.9,3,3,False,False,False,True,False,True,False,False,False,True,False
ALLE,Allegion plc Ordinary Shares,152.48,42.9,13103318355.0,210680286,22.0,-16.7,0,2,False,False,False,True,False,False,False,False,False,True,False
DSGX,The Descartes Systems Group Inc. - Common Stock,80.13,42.8,6864415893.0,47029933,28.1,-23.3,0,3,False,False,False,True,False,False,False,True,False,True,False
AFL,AFLAC Incorporated Common Stock,114.01,42.8,57769788229.0,259784439,8.1,-12.4,5,4,False,False,False,False,True,True,True,False,False,True,False
KE,"Kimball Electronics, Inc. - Common Stock",27.48,42.7,650662904.0,5061341,30.8,-15.4,0,4,False,False,False,True,False,False,False,True,True,True,False
PRI,"Primerica, Inc. Common Stock",274.46,42.7,8454845819.0,56060296,19.3,-16.1,5,4,False,False,False,False,True,True,True,False,False,True,False
FSUN,FirstSun Capital Bancorp - Common Stock,39.24,42.6,1787427044.0,12421807,31.0,-7.3,2,5,False,False,False,True,False,True,False,True,True,True,False
ECG,"Everus Construction Group, Inc. Common Stock",116.7,42.6,5871319863.0,66649270,49.9,-32.0,5,3,False,False,False,False,True,True,False,False,True,False,False
FRT,Federal Realty Investment Trust Common Stock,110.35,42.6,9504802259.0,98911434,22.6,-13.9,5,4,False,False,False,False,True,True,True,False,False,True,False
LPTH,"LightPath Technologies, Inc. - Class A Common Stock",10.06,42.5,687055632.0,35243119,72.6,-46.9,5,3,False,False,False,False,True,True,False,False,True,False,False
WOLF,"Wolfspeed, Inc. Common Stock New",26.3,42.5,1436535643.0,100562173,226.7,-67.5,1,3,False,False,False,False,True,True,False,False,True,False,False
FWONK,Liberty Media Corporation - Series C Liberty Formula One Common Stock,95.08,42.4,23378566226.0,200824325,18.6,-13.1,2,5,False,False,False,True,True,True,True,False,False,True,False
CVS,CVS Health Corporation Common Stock,85.05,42.4,109812395882.0,736630035,22.4,-23.2,5,4,False,False,False,False,True,True,True,False,False,True,False
MDT,Medtronic plc. Ordinary Shares,88.51,42.4,114227013577.0,710291546,20.7,-16.8,0,2,False,False,False,True,False,False,False,False,False,True,False
FWONA,Liberty Media Corporation - Series A Liberty Formula One Common Stock,86.73,42.3,21460646316.0,14174446,17.7,-12.9,2,5,False,False,False,True,True,True,True,False,False,True,False
CWT,California Water Service Group Common Stock,46.0,42.3,2848927383.0,24859518,11.4,-14.5,3,4,False,False,False,False,True,True,True,False,False,True,False
EME,"EMCOR Group, Inc. Common Stock",751.96,42.2,33161823572.0,318585314,33.1,-21.0,5,4,False,False,False,False,True,True,False,False,True,True,False
KT,KT Corporation Common Stock,19.53,42.2,9378597951.0,26895837,14.0,-20.5,1,4,False,False,False,False,True,True,False,True,False,True,False
EFSC,Enterprise Financial Services Corporation - Common Stock,60.69,42.1,2165941359.0,16200087,18.6,-11.7,5,5,False,False,False,True,True,True,True,False,False,True,False
CNA,CNA Financial Corporation Common Stock,46.11,42.1,12748009718.0,23879741,11.0,-17.2,3,4,False,False,False,False,True,True,True,False,False,True,False
MLI,"Mueller Industries, Inc. Common Stock",60.02,42.1,13343873138.0,93992065,24.4,-15.6,5,4,False,False,False,False,True,True,True,False,False,True,False
AVO,"Mission Produce, Inc. - Common Stock",12.96,42.0,1113515731.0,9781800,28.7,-16.5,3,5,False,False,False,True,True,True,False,True,False,True,False
FRME,First Merchants Corporation - Common Stock,40.485,42.0,2513940963.0,18478190,16.8,-10.7,5,5,False,False,False,True,True,True,True,False,False,True,False
AXTA,Axalta Coating Systems Ltd. Common Shares,32.26,41.9,6940668503.0,60465322,29.4,-16.4,4,3,False,False,False,True,False,True,False,False,False,True,False
ECL,Ecolab Inc. Common Stock,275.37,41.9,77572531022.0,367958335,13.3,-11.0,3,3,False,False,False,True,False,True,False,False,False,True,False
CTRE,"CareTrust REIT, Inc. Common Stock",37.32,41.8,8783018207.0,89428948,13.8,-14.4,5,4,False,False,False,False,True,True,True,False,False,True,False
KVUE,Kenvue Inc. Common Stock,17.61,41.8,33940067162.0,431043990,25.6,-12.5,3,4,False,False,False,False,True,True,True,False,False,True,False
QSR,Restaurant Brands International Inc. Common Shares,70.91,41.8,32570107272.0,206666475,11.5,-13.5,5,4,False,False,False,False,True,True,True,False,False,True,False
FCNCA,"First Citizens BancShares, Inc. - Class A Common Stock",2056.8301,41.7,23030285478.0,143646734,26.7,-10.4,4,3,False,False,False,True,False,True,False,False,False,True,False
ACN,Accenture plc Class A Ordinary Shares (Ireland),177.41,41.7,122501473739.0,1031000489,50.2,-39.1,0,2,False,False,False,False,False,False,False,True,True,False,False
CTNM,"Contineum Therapeutics, Inc. - Common stock",12.49,41.6,470640361.0,6959129,45.2,-29.8,5,4,False,False,False,False,True,True,True,False,True,False,False
TECX,"Tectonic Therapeutic, Inc. - Common Stock",24.12,41.6,488343163.0,6423676,67.6,-39.0,5,4,False,False,False,False,True,True,True,False,True,False,False
TEL,TE Connectivity plc Ordinary Shares,213.67,41.6,62068740951.0,480242378,12.3,-15.4,0,2,False,False,False,False,False,False,False,True,False,True,False
COR,"Cencora, Inc. Common Stock",309.87,41.5,59591507086.0,430051020,26.6,-17.9,0,1,False,False,False,False,False,False,False,False,False,True,False
ESE,ESCO Technologies Inc. Common Stock,268.42,41.5,6896335260.0,62470521,38.6,-25.9,5,3,False,False,False,False,True,True,False,False,True,False,False
CMPR,Cimpress plc - Ordinary Shares,78.61,41.4,1899015633.0,17151585,29.7,-26.2,5,3,False,False,False,False,True,True,True,False,False,False,False
NVS,Novartis AG Common Stock,143.57,41.4,272312326110.0,305041872,18.1,-15.8,5,3,False,False,False,False,True,True,False,False,False,True,False
SKYW,"SkyWest, Inc. - Common Stock",100.69,41.3,3854487823.0,38350994,29.3,-14.5,0,2,False,False,False,True,False,False,False,False,False,True,False
EW,Edwards Lifesciences Corporation Common Stock,85.73,41.3,50043048000.0,337578984,18.6,-11.0,5,5,False,False,False,True,True,True,True,False,False,True,False
FLOC,Flowco Holdings Inc. Class A Common Stock,19.5,41.3,1749238494.0,11424322,39.0,-31.0,5,3,False,False,False,False,True,True,False,False,True,False,False
AVY,Avery Dennison Corporation Common Stock,169.01,41.2,13085580598.0,167033612,10.9,-15.3,2,2,False,False,False,False,False,True,False,False,False,True,False
KMT,Kennametal Inc. Common Stock,30.07,41.2,2287117528.0,45270620,47.8,-31.4,5,3,False,False,False,False,True,True,False,False,True,False,False
CYTK,"Cytokinetics, Incorporated - Common Stock",65.66,41.1,9149131139.0,140271617,39.1,-25.6,5,4,False,False,False,False,True,True,True,False,True,False,False
MCHP,Microchip Technology Incorporated - Common Stock,74.69,41.1,41013446431.0,737500864,53.9,-29.5,5,3,False,False,False,False,True,True,False,False,True,False,False
WWW,"Wolverine World Wide, Inc. Common Stock",19.3,41.1,1568287738.0,15271328,43.3,-35.0,1,3,False,False,False,True,False,True,False,False,True,False,False
DIS,Walt Disney Company (The) Common Stock,105.56,41.0,178643026881.0,982185497,14.5,-9.8,1,4,False,False,False,True,False,True,False,True,False,True,False
SNA,Snap-On Incorporated Common Stock,367.71,41.0,19151967661.0,129998666,14.6,-13.1,5,4,False,False,False,False,True,True,True,False,False,True,False
Q,"Qnity Electronics, Inc. Common Stock",122.31,40.9,26046463604.0,231057780,73.5,-31.0,1,3,False,False,False,False,True,True,False,False,True,False,False
TXNM,"TXNM Energy, Inc. Common Stock",58.17,40.9,6422534148.0,68232233,4.5,-2.3,5,4,False,False,False,True,False,True,False,True,False,True,False
SIGI,"Selective Insurance Group, Inc. - Common Stock",85.765,40.8,5142602043.0,44660863,17.8,-14.6,5,4,False,False,False,False,True,True,True,False,False,True,False
CBT,Cabot Corporation Common Stock,78.65,40.8,4068523352.0,34844501,34.8,-16.8,5,5,False,False,False,False,True,True,True,False,True,True,False
GWRE,"Guidewire Software, Inc. Common Stock",151.0,40.8,12535859163.0,225631852,47.6,-41.0,0,1,False,False,False,False,False,False,False,False,True,False,False
BALL,Ball Corporation Common Stock,56.66,40.7,15569851459.0,118605883,26.4,-17.0,5,4,False,False,False,False,True,True,True,False,False,True,False
PRM,"Perimeter Solutions, SA Common Stock",28.06,40.7,4629066182.0,45109006,42.4,-26.5,5,4,False,False,False,False,True,True,True,False,True,False,False
TRI,Thomson Reuters Corp - Common Shares,100.32,40.6,42648540000.0,201453742,31.5,-38.9,0,2,False,False,False,True,False,False,False,False,True,False,False
LAD,"Lithia Motors, Inc. Common Stock",309.6,40.6,6749256274.0,108704670,29.1,-29.6,2,1,False,False,False,False,False,True,False,False,False,False,False
SRPT,"Sarepta Therapeutics, Inc. - Common Stock",18.39,40.5,2001632048.0,58540442,25.3,-27.4,1,1,False,False,False,False,False,True,False,False,False,False,False
HTB,"HomeTrust Bancshares, Inc. Common Stock",45.73,40.5,754698668.0,9777728,19.4,-12.9,5,4,False,False,False,False,True,True,True,False,False,True,False
STAG,"Stag Industrial, Inc. Common Stock",37.29,40.5,7101130757.0,60733972,8.4,-12.5,0,3,False,False,False,False,True,False,True,False,False,True,False
CAAP,Corporacion America Airports SA Common Shares,23.55,40.4,3920650335.0,5126037,35.7,-22.8,5,3,False,False,False,False,False,True,False,False,True,True,False
HLT,Hilton Worldwide Holdings Inc. Common Stock ,312.13,40.4,69144441650.0,617236133,23.1,-12.8,5,3,False,False,False,False,True,True,False,False,False,True,False
GBDC,"Golub Capital BDC, Inc. - Closed End Fund",12.41,40.3,3232662283.0,15014558,5.4,-13.9,2,3,False,False,False,True,False,True,False,False,False,True,False
CL,Colgate-Palmolive Company Common Stock,85.32,40.3,68501061196.0,423943456,14.4,-14.1,4,4,False,False,False,False,True,True,True,False,False,True,False
SCI,Service Corporation International Common Stock,77.75,40.3,10635826051.0,80966920,13.7,-14.6,2,4,False,False,False,False,True,True,True,False,False,True,False
LGN,Legence Corp. - Class A Common stock,52.45,40.2,5719354402.0,70448351,80.9,-51.1,2,3,False,False,False,False,True,True,False,False,True,False,False
BNL,"Broadstone Net Lease, Inc. Common Stock",18.9,40.2,3628696082.0,42269645,10.2,-18.2,5,4,False,False,False,False,True,True,True,False,False,True,False
AVTX,"Avalo Therapeutics, Inc. - Common Stock",15.72,40.1,820538832.0,16804302,46.9,-35.2,5,4,False,False,False,False,True,True,True,False,True,False,False
ESTA,Establishment Labs Holdings Inc. - Common Shares,65.58,40.1,2019376134.0,35348906,75.5,-32.8,5,4,False,False,False,False,True,True,True,False,True,False,False
ACGL,Arch Capital Group Ltd. - Common Stock,95.02,40.0,32471363630.0,261965449,15.2,-11.3,5,4,False,False,False,False,True,True,True,False,False,True,False
EXTR,"Extreme Networks, Inc. - Common Stock",21.64,40.0,2911720411.0,40045429,60.5,-35.8,5,4,False,False,False,False,True,True,True,False,True,False,False
UHS,"Universal Health Services, Inc. Common Stock",176.99,40.0,10690494456.0,138725356,26.3,-28.1,0,1,False,False,False,False,False,False,False,True,False,False,False
AR,Antero Resources Corporation Common Stock,36.09,39.9,10960200350.0,148821833,24.0,-21.1,5,3,False,False,False,False,True,True,False,False,False,True,False
PSA,Public Storage Common Stock,284.56,39.9,50355847752.0,311833025,10.9,-15.2,5,4,False,False,False,False,True,True,True,False,False,True,False
GRML,Greenland Mines Ltd - Common Stock,14.89,39.8,65466782.0,96873708,428.0,-59.8,0,2,False,False,False,False,False,False,False,True,True,False,False
MCO,Moody's Corporation Common Stock,467.35,39.8,82070820000.0,380422017,16.2,-14.5,2,2,False,False,False,False,False,True,False,False,False,True,False
NLY,Annaly Capital Management Inc. Common Stock,20.6,39.8,15858151860.0,172437822,3.0,-16.0,5,4,False,False,False,False,True,True,True,False,False,True,False
MSEX,Middlesex Water Company - Common Stock,52.91,39.7,1010977703.0,7486531,19.8,-14.9,4,4,False,False,False,False,True,True,True,False,False,True,False
STRA,"Strategic Education, Inc. - Common Stock",79.82,39.7,1737519416.0,24711820,14.5,-11.0,2,3,False,False,False,True,False,True,False,False,False,True,False
EXPO,"Exponent, Inc. - Common Stock",64.46,39.6,3109989354.0,32376849,24.2,-21.3,0,1,False,False,False,False,False,False,False,False,False,True,False
GHC,Graham Holdings Company Common Stock,1145.03,39.6,4858605847.0,36312171,23.2,-9.3,5,5,False,False,False,True,True,True,True,False,False,True,False
BCO,Brinks Company (The) Common Stock,105.85,39.5,4323263985.0,55658310,16.3,-22.4,0,1,False,False,False,False,False,False,False,False,False,True,False
HCI,"HCI Group, Inc. Common Stock",176.89,39.5,2190733256.0,29136393,22.2,-16.0,1,3,False,False,False,True,False,True,False,False,False,True,False
TSLX,"Sixth Street Specialty Lending, Inc. Common Stock",18.15,39.5,1740012287.0,8148458,13.2,-22.4,0,3,False,False,False,True,False,False,False,True,False,True,False
CENTA,Central Garden & Pet Company - Class A Common Stock Nonvoting,34.19,39.4,2138163148.0,11350206,31.7,-16.2,4,5,False,False,False,False,True,True,True,False,True,True,False
AWK,"American Water Works Company, Inc. Common Stock",131.53,39.4,26442879276.0,295168859,9.1,-9.7,1,4,False,False,False,False,True,True,True,False,False,True,False
ABCB,Ameris Bancorp Common Stock,81.79,39.3,5477963920.0,37500808,18.9,-12.3,5,4,False,False,False,False,True,True,True,False,False,True,False
WTM,"White Mountains Insurance Group, Ltd. Common Stock",2029.33,39.3,4849840939.0,43553452,23.1,-13.0,5,3,False,False,False,False,True,True,False,False,False,True,False
HLIO,"Helios Technologies, Inc. Common Stock",68.38,39.2,2290724113.0,23802572,45.5,-28.1,5,4,False,False,False,False,True,True,True,False,True,False,False
KSS,Kohl's Corporation Common Stock,17.24,39.2,1931934623.0,71713552,51.5,-31.6,0,2,False,False,False,True,False,False,False,False,True,False,False
OMC,Omnicom Group Inc. Common Stock,74.7,39.2,20710377049.0,242195937,12.6,-16.6,5,4,False,False,False,False,True,True,True,False,False,True,False
HRI,Herc Holdings Inc. Common Stock ,130.94,39.1,4587797060.0,92965419,48.0,-30.5,4,2,False,False,False,False,False,True,False,False,True,False,False
WMK,"Weis Markets, Inc. Common Stock",72.31,39.1,1793240945.0,13200182,20.5,-13.6,4,5,False,False,False,True,True,True,True,False,False,True,False
COCO,"The Vita Coco Company, Inc. - Common Stock",59.17,39.0,3403089600.0,75696987,57.2,-31.1,5,3,False,False,False,False,True,True,False,False,True,False,False
BKSY,BlackSky Technology Inc. Class A Common Stock,23.17,39.0,910577824.0,24164246,86.7,-56.2,5,3,False,False,False,False,True,True,False,False,True,False,False
RJF,"Raymond James Financial, Inc. Common Stock",158.76,39.0,30437393532.0,208231146,14.4,-13.1,2,2,False,False,False,False,False,True,False,False,False,True,False
MAGN,Magnera Corporation Common Stock,11.85,38.9,423156000.0,5541857,51.5,-23.6,3,3,False,False,False,False,False,True,False,False,True,True,False
TT,Trane Technologies plc,438.54,38.9,96169930435.0,512086372,26.0,-13.3,5,3,False,False,False,False,True,True,False,False,False,True,False
DLTR,"Dollar Tree, Inc. - Common Stock",113.5,38.8,21232244635.0,324268197,34.0,-20.3,3,3,False,False,False,False,False,True,False,False,True,True,False
DCI,"Donaldson Company, Inc. Common Stock",86.6,38.8,10054124997.0,63007885,9.0,-23.3,5,2,False,False,False,False,False,True,False,False,False,True,False
SBUX,Starbucks Corporation - Common Stock,93.65,38.7,107319600000.0,718672329,20.1,-15.3,5,4,False,False,False,False,True,True,True,False,False,True,False
EFC,Ellington Financial Inc. Common Stock ,12.37,38.7,1599492460.0,15661080,9.7,-12.4,5,4,False,False,False,False,True,True,True,False,False,True,False
GS,"Goldman Sachs Group, Inc. (The) Common Stock",923.29,38.7,272641259595.0,2056869757,24.8,-20.0,5,4,False,False,False,False,True,True,True,False,False,True,False
JKHY,"Jack Henry & Associates, Inc. - Common Stock",147.75,38.6,10399803145.0,156979781,22.1,-23.6,0,1,False,False,False,False,False,False,False,False,False,True,False
STRO,"Sutro Biopharma, Inc. - Common Stock",15.71,38.6,260821820.0,6257981,119.7,-64.2,5,3,False,False,False,False,True,True,False,False,True,False,False
FNB,F.N.B. Corporation Common Stock,17.44,38.5,6106916816.0,84975342,20.6,-11.0,5,4,False,False,False,False,True,True,True,False,False,True,False
NP,Neptune Insurance Holdings Inc. Class A Common Stock,27.1,38.5,3809590578.0,18083302,83.4,-22.9,2,5,False,False,False,False,True,True,True,False,True,True,False
TOST,"Toast, Inc. Class A Common Stock",30.11,38.5,17230180000.0,305009882,35.3,-24.2,0,3,False,False,False,True,False,False,False,False,True,True,False
CUBE,CubeSmart Common Shares,37.61,38.4,8587688329.0,95522699,7.2,-13.1,4,4,False,False,False,False,True,True,True,False,False,True,False
LOB,"Live Oak Bancshares, Inc. Common Stock",37.27,38.4,1716659466.0,8935415,26.9,-16.3,5,4,False,False,False,False,True,True,True,False,False,True,False
BH,Biglari Holdings Inc. Class B Common Stock,348.61,38.3,807219788.0,68265560,48.4,-27.9,4,2,False,False,False,False,False,True,False,False,True,False,False
CXT,"Crane NXT, Co. Common Stock",47.16,38.3,2787118340.0,28196830,32.1,-31.7,0,1,False,False,False,False,False,False,False,False,True,False,False
BBIO,"BridgeBio Pharma, Inc. - Common Stock",66.28,38.2,12845481917.0,175980209,35.9,-29.0,5,2,False,False,False,False,False,True,False,False,True,False,False
MOD,Modine Manufacturing Company Common Stock,196.95,38.2,10256595042.0,273136841,77.1,-39.1,5,3,False,False,False,False,True,True,False,False,True,False,False
RF,Regions Financial Corporation Common Stock,27.26,38.2,23334349169.0,259959550,20.1,-16.0,5,4,False,False,False,False,True,True,True,False,False,True,False
EMN,Eastman Chemical Company Common Stock,66.19,38.1,7640411723.0,77543033,18.0,-20.7,4,3,False,False,False,False,True,True,False,False,False,True,False
TFC,Truist Financial Corporation Common Stock,47.18,38.1,57416430836.0,361301768,15.7,-16.0,5,2,False,False,False,False,False,True,False,False,False,True,False
WTW,Willis Towers Watson Public Limited Company - Ordinary Shares,293.63,38.0,27767780444.0,172805091,22.0,-16.8,2,2,False,False,False,False,False,True,False,False,False,True,False
FTS,Fortis Inc. Common Shares,53.08,38.0,27230970000.0,42913727,8.5,-10.6,5,3,False,False,False,False,True,True,False,False,False,True,False
AVGO,Broadcom Inc. - Common Stock,350.36,37.9,1694590865776.0,8466990199,20.8,-29.2,0,2,False,False,False,False,True,False,True,False,False,False,False
PAYX,"Paychex, Inc. - Common Stock",101.59,37.9,37196399624.0,348384200,18.9,-22.2,2,2,False,False,False,False,False,True,False,False,False,True,False
CPA,"Copa Holdings, S.A. Class A Common Stock",128.83,37.9,5345132191.0,39233072,19.9,-19.7,5,4,False,False,False,False,True,True,True,False,False,True,False
PCAR,PACCAR Inc. - Common Stock,110.67,37.8,59000247582.0,417855114,20.0,-20.5,5,4,False,False,False,False,True,True,True,False,False,True,False
LUV,Southwest Airlines Company Common Stock,41.55,37.8,20077104569.0,229296114,42.0,-24.6,5,3,False,False,False,False,False,True,False,False,True,True,False
EVRG,"Evergy, Inc. - Common Stock",77.66,37.7,18081077628.0,167195264,8.8,-12.4,5,4,False,False,False,False,True,True,True,False,False,True,False
FFIN,"First Financial Bankshares, Inc. - Common Stock",32.17,37.7,4575014023.0,24634316,14.4,-11.9,3,4,False,False,False,False,True,True,True,False,False,True,False
KRG,Kite Realty Group Trust Common Stock,24.71,37.7,4946565776.0,66843853,15.8,-17.4,5,4,False,False,False,False,True,True,True,False,False,True,False
WAY,Waystar Holding Corp. - Common Stock,24.64,37.6,4747690780.0,61463414,42.8,-38.9,0,3,False,False,False,True,False,False,False,True,True,False,False
BBT,Beacon Financial Corporation Common stock,28.0,37.6,2339306960.0,26611120,22.8,-14.7,5,4,False,False,False,False,True,True,True,False,False,True,False
DUOL,"Duolingo, Inc. - Class A Common Stock",147.75,37.5,6829859549.0,172035165,68.1,-58.1,0,3,False,False,False,True,False,False,False,True,True,False,False
PNFP,"Pinnacle Financial Partners, Inc. Common stock",93.88,37.5,14113920576.0,112103257,15.8,-14.9,4,2,False,False,False,False,False,True,False,False,False,True,False
CART,Maplebear Inc. - Common Stock,43.26,37.4,9945242878.0,195530316,32.2,-17.9,3,6,False,False,False,True,True,True,True,False,True,True,False
AGI,Alamos Gold Inc. Class A Common Shares,34.1,37.4,14484607025.0,142848669,26.1,-38.5,1,2,False,False,False,False,False,True,False,True,False,False,False
SPIR,"Spire Global, Inc. Class A Common Stock",12.26,37.4,495999150.0,8440367,85.8,-52.7,5,3,False,False,False,False,True,True,False,False,True,False,False
TRS,TriMas Corporation - Common Stock,39.47,37.3,1406255822.0,15374617,29.7,-13.1,5,6,False,False,False,True,True,True,True,True,False,True,False
TFX,Teleflex Incorporated Common Stock,120.09,37.3,5158839335.0,84859254,19.9,-17.2,5,4,False,False,False,False,True,True,True,False,False,True,False
HQY,"HealthEquity, Inc. - Common Stock",88.6,37.2,7476635605.0,79493499,21.8,-17.7,0,3,False,False,False,False,True,False,True,False,False,True,False
FTV,Fortive Corporation Common Stock ,55.44,37.2,16991479346.0,147430920,17.2,-14.1,5,4,False,False,False,False,True,True,True,False,False,True,False
WRBY,Warby Parker Inc. Class A Common Stock,26.27,37.2,2886248061.0,71440550,75.6,-15.3,3,5,False,False,False,True,False,True,False,True,True,True,False
REG,Regency Centers Corporation - Common Stock,72.92,37.1,13318357383.0,103460286,9.1,-12.8,5,3,False,False,False,False,True,True,False,False,False,True,False
HCA,"HCA Healthcare, Inc. Common Stock",423.48,37.1,94498574720.0,602053898,19.6,-23.9,0,2,False,False,False,False,False,False,False,True,False,True,False
CMRE,Costamare Inc. Common Stock $0.0001 par value,14.66,37.0,1770242982.0,5514290,35.2,-18.8,5,4,False,False,False,False,True,True,False,False,True,True,False
PAM,Pampa Energia S.A.,78.67,37.0,4381263669.0,14745402,37.7,-16.8,0,2,False,False,False,False,False,False,False,False,True,True,False
BMA,Banco Macro S.A.  ADR (representing Ten Class B Common Shares),71.0,36.9,4603610160.0,22615984,80.7,-33.1,0,1,False,False,False,False,False,False,False,False,True,False,False
CRC,California Resources Corporation Common Stock,52.43,36.9,4627516425.0,45473317,21.2,-27.2,5,2,False,False,False,False,True,True,False,False,False,False,False
GD,General Dynamics Corporation Common Stock,336.29,36.9,92890401759.0,402276548,9.6,-15.9,5,4,False,False,False,False,True,True,True,False,False,True,False
NVST,Envista Holdings Corporation Common Stock,24.07,36.8,3825913828.0,74887523,28.2,-20.9,5,4,False,False,False,False,True,True,True,False,False,True,False
PLOW,"Douglas Dynamics, Inc. Common Stock",39.73,36.8,910389465.0,11224014,39.3,-27.8,5,3,False,False,False,False,True,True,False,False,True,False,False
MOS,Mosaic Company (The) Common Stock,23.69,36.7,7747116893.0,188494469,19.6,-36.0,1,2,False,False,False,False,False,True,False,True,False,False,False
NJR,NewJersey Resources Corporation Common Stock,51.06,36.7,5298656140.0,35642506,17.5,-16.1,5,4,False,False,False,False,True,True,True,False,False,True,False
AMH,American Homes 4 Rent Common Shares of Beneficial Interest,30.67,36.6,11109435668.0,79493894,12.7,-12.5,3,4,False,False,False,False,True,True,True,False,False,True,False
F,Ford Motor Company Common Stock,12.6,36.6,50682662068.0,684179429,13.4,-29.1,5,3,False,False,False,False,True,True,True,False,False,False,False
HLF,Herbalife Ltd. Common Shares,12.21,36.6,1256592526.0,19053369,61.5,-40.1,5,3,False,False,False,False,False,True,False,True,True,False,False
WTFC,Wintrust Financial Corporation - Common Stock,144.32,36.5,9695534118.0,88600754,20.7,-13.7,5,4,False,False,False,False,True,True,True,False,False,True,False
NTST,NetSTREIT Corp. Common Stock,18.47,36.5,1865069323.0,32002038,8.5,-17.8,5,4,False,False,False,False,True,True,True,False,False,True,False
WMG,Warner Music Group Corp. - Class A Common Stock,27.29,36.4,14207661326.0,56092822,16.9,-23.0,0,1,False,False,False,False,False,False,False,False,False,True,False
BCC,"Boise Cascade, L.L.C. Common Stock",76.1,36.4,2713151454.0,27175723,17.1,-17.3,2,2,False,False,False,False,False,True,False,False,False,True,False
KIM,Kimco Realty Corporation (HC) Common Stock,22.25,36.4,14898231974.0,118785916,12.6,-16.5,5,4,False,False,False,False,True,True,True,False,False,True,False
MTN,"Vail Resorts, Inc. Common Stock",137.82,36.3,4990475316.0,98974715,16.3,-15.6,3,3,False,False,False,True,False,True,False,False,False,True,False
VNO,Vornado Realty Trust Common Stock,34.38,36.3,6378373339.0,54987115,39.9,-18.5,2,6,False,False,False,True,True,True,True,False,True,True,False
ED,"Consolidated Edison, Inc. Common Stock",102.71,36.2,37948116032.0,236443601,8.2,-11.6,5,3,False,False,False,False,True,True,False,False,False,True,False
TREX,"Trex Company, Inc. Common Stock",43.22,36.2,4443359588.0,83448512,45.2,-20.4,1,6,False,False,False,True,True,True,True,False,True,True,False
TCBI,"Texas Capital Bancshares, Inc. - Common Stock",94.625,36.1,4093981329.0,46901018,25.5,-13.1,5,4,False,False,False,False,True,True,True,False,False,True,False
CBU,"Community Financial System, Inc. Common Stock",60.74,36.1,3193259274.0,16146764,13.6,-14.6,5,4,False,False,False,False,True,True,True,False,False,True,False
VIK,Viking Holdings Ltd Ordinary Shares,79.52,36.1,35796618932.0,306563652,41.1,-27.8,5,4,False,False,False,False,True,True,True,False,True,False,False
BTI,"British American Tobacco  Industries, p.l.c. Common Stock ADR",56.02,36.0,120654629047.0,272119377,12.3,-16.8,5,3,False,False,False,False,True,True,False,False,False,True,False
CE,Celanese Corporation Common Stock,47.56,36.0,5321725422.0,84224354,35.4,-32.7,5,4,False,False,False,False,True,True,False,True,True,False,False
MRCY,Mercury Systems Inc - Common Stock,83.175,35.9,5034635834.0,69021114,27.9,-35.2,5,3,False,False,False,False,True,True,True,False,False,False,False
SMMT,Summit Therapeutics Inc.  - Common Stock,16.38,35.9,13122980953.0,81649367,35.7,-44.0,0,2,False,False,False,False,False,False,False,True,True,False,False
SYY,Sysco Corporation Common Stock,78.19,35.9,37946242874.0,295519462,14.7,-14.9,3,4,False,False,False,False,True,True,True,False,False,True,False
NWN,Northwest Natural Holding Company Common Stock,46.97,35.8,1988077800.0,11787078,10.1,-16.1,5,3,False,False,False,False,True,True,False,False,False,True,False
YETI,"YETI Holdings, Inc. Common Stock",41.99,35.8,3055311001.0,77569044,32.6,-22.2,5,3,False,False,False,False,False,True,False,False,True,True,False
PG,Procter & Gamble Company (The) Common Stock,145.68,35.7,342598188713.0,1253808040,5.9,-12.9,1,3,False,False,False,False,True,True,False,False,False,True,False
RMD,ResMed Inc. Common Stock,221.89,35.7,32067287624.0,305544519,23.1,-22.1,0,2,False,False,False,False,False,False,False,True,False,True,False
THRM,Gentherm Inc - Common Stock,33.89,35.6,1082362424.0,16777319,25.5,-29.9,4,1,False,False,False,False,False,True,False,False,False,False,False
WULF,TeraWulf Inc. - Common Stock,16.29,35.6,8158137869.0,525387235,56.2,-45.4,5,3,False,False,False,False,True,True,False,False,True,False,False
CARS,Cars.com Inc. Common Stock ,10.61,35.6,554063590.0,7470441,43.4,-22.5,2,3,False,False,False,False,False,True,False,False,True,True,False
BAH,Booz Allen Hamilton Holding Corporation Common Stock,73.82,35.5,9099558207.0,139226266,24.1,-32.3,0,1,False,False,False,False,False,False,False,True,False,False,False
BRC,Brady Corporation Common Stock,82.63,35.5,3931092117.0,19173381,17.1,-16.8,5,4,False,False,False,False,True,True,True,False,False,True,False
BXP,"BXP, Inc. Common Stock",62.27,35.4,9956494632.0,95073883,25.2,-19.4,0,1,False,False,False,False,False,False,False,False,False,True,False
HR,Healthcare Realty Trust Incorporated Common Stock,17.83,35.4,6155246890.0,73010088,9.3,-19.1,5,4,False,False,False,False,True,True,True,False,False,True,False
ENSG,"The Ensign Group, Inc. - Common Stock",173.28,35.3,10226235870.0,66453564,22.4,-20.5,0,2,False,False,False,False,True,False,False,False,False,True,False
ATR,"AptarGroup, Inc. Common Stock",123.38,35.3,7931110031.0,58458264,19.5,-16.0,2,4,False,False,False,False,True,True,True,False,False,True,False
GE,GE Aerospace Common Stock,319.78,35.3,331812491657.0,1372042879,18.9,-17.8,5,4,False,False,False,False,True,True,True,False,False,True,False
BJ,"BJ's Wholesale Club Holdings, Inc. Common Stock",91.84,35.2,11365795986.0,158397748,10.4,-13.2,2,2,False,False,False,False,False,True,False,False,False,True,False
DXC,DXC Technology Company Common Stock ,10.81,35.2,1738392136.0,33889702,36.8,-31.1,0,1,False,False,False,False,False,False,False,False,True,False,False
COLM,Columbia Sportswear Company - Common Stock,56.97,35.1,2906749555.0,40835607,20.0,-17.5,5,3,False,False,False,False,True,True,False,False,False,True,False
MSCI,MSCI Inc. Common Stock,556.08,35.1,40399390000.0,368894398,11.0,-13.8,5,3,False,False,False,False,True,True,False,False,False,True,False
UTF,"Cohen & Steers Infrastructure Fund, Inc Common Stock",24.22,35.1,,7478318,3.4,-13.8,5,4,False,False,False,False,True,True,True,False,False,True,False
PECO,"Phillips Edison & Company, Inc. - Common Stock",37.12,35.0,4725864000.0,35961288,12.6,-16.3,5,4,False,False,False,False,True,True,True,False,False,True,False
AROC,"Archrock, Inc. Common Stock",30.68,35.0,5407429625.0,61042570,34.1,-27.4,5,3,False,False,False,False,True,True,False,False,True,False,False
EVTC,"Evertec, Inc. Common Stock",28.2,34.9,1647377583.0,12566065,29.3,-18.9,2,2,False,False,False,False,False,True,False,False,False,True,False
TRP,TC Energy Corporation Common Stock,59.65,34.9,60200000000.0,152469867,21.1,-16.5,5,3,False,False,False,False,True,True,False,False,False,True,False
ADUR,Aduro Clean Technologies Inc. - Common Stock,12.56,34.8,452736205.0,6279426,39.6,-31.0,1,4,False,False,False,False,True,True,True,False,True,False,False
HMN,Horace Mann Educators Corporation Common Stock,45.88,34.8,1884919053.0,14123772,11.1,-17.4,5,4,False,False,False,False,True,True,True,False,False,True,False
OMF,"OneMain Holdings, Inc. Common Stock",56.67,34.8,6586124100.0,59132509,23.8,-21.2,5,2,False,False,False,False,False,True,False,False,False,True,False
HWM,Howmet Aerospace Inc. Common Stock,229.38,34.7,91237784063.0,746202183,24.8,-26.0,5,3,False,False,False,False,True,True,True,False,False,False,False
RSG,"Republic Services, Inc. Common Stock",212.72,34.7,65253985612.0,331414458,8.3,-8.9,1,4,False,False,False,False,True,True,True,False,False,True,False
LOGI,Logitech International S.A. - Registered Shares,99.56,34.6,14984658944.0,97156352,19.5,-23.2,0,4,False,False,False,True,True,False,True,False,False,True,False
AX,"Axos Financial, Inc. Common Stock",88.58,34.6,4970539508.0,33538193,18.3,-16.2,3,4,False,False,False,False,True,True,True,False,False,True,False
WPC,W. P. Carey Inc. REIT,65.95,34.6,15147544285.0,95066523,4.5,-14.6,5,4,False,False,False,False,True,True,True,False,False,True,False
NBHC,National Bank Holdings Corporation Common Stock,40.01,34.5,1775346343.0,17116457,14.1,-15.4,5,4,False,False,False,False,True,True,True,False,False,True,False
SMP,"Standard Motor Products, Inc. Common Stock",37.33,34.5,833516332.0,6455996,8.9,-18.8,2,2,False,False,False,False,False,True,False,False,False,True,False
AD,"Array Digital Infrastructure, Inc. Common Shares",34.49,34.4,3022310000.0,7326725,2.3,-43.3,5,2,False,False,False,False,True,True,False,False,False,False,False
LXU,"LSB Industries, Inc. Common Stock",10.09,34.4,739414366.0,9019238,30.9,-41.4,5,3,False,False,False,False,True,True,False,False,True,False,False
CCS,"Century Communities, Inc. Common Stock",62.0,34.3,1745780060.0,18013530,31.1,-18.4,3,3,False,False,False,False,False,True,False,False,True,True,False
DIN,"Dine Brands Global, Inc. Common Stock",29.01,34.3,363064422.0,9523437,24.9,-26.9,5,1,False,False,False,False,False,True,False,False,False,False,False
OBDC,Blue Owl Capital Corporation Common Stock,10.8,34.3,5399911131.0,40583877,2.7,-21.3,0,1,False,False,False,False,False,False,False,False,False,True,False
ELAN,Elanco Animal Health Incorporated Common Stock,22.35,34.2,11276464703.0,154938977,20.9,-20.1,5,4,False,False,False,False,True,True,True,False,False,True,False
LEA,Lear Corporation Common Stock,118.25,34.2,6002330531.0,86762420,23.1,-21.3,5,3,False,False,False,False,True,True,False,False,False,True,False
CIFR,Cipher Digital Inc. - Common Stock,18.1,34.1,7615813749.0,629424051,64.4,-39.9,0,2,False,False,False,False,True,False,False,False,True,False,False
CMP,Compass Minerals Intl Inc Common Stock,22.75,34.1,973956277.0,11581110,38.7,-34.1,5,3,False,False,False,False,True,True,False,False,True,False,False
UAL,"United Airlines Holdings, Inc. - Common Stock",111.19,34.0,35937915236.0,430112204,31.4,-19.9,5,4,False,False,False,True,False,True,False,False,True,True,False
AI,"C3.ai, Inc. Class A Common Stock",10.76,34.0,1746069236.0,50379664,40.2,-46.8,0,3,False,False,False,True,False,False,False,True,True,False,False
ZBH,"Zimmer Biomet Holdings, Inc. Common Stock",89.69,34.0,17334241176.0,210187211,13.4,-16.1,1,4,False,False,False,False,True,True,True,False,False,True,False
APAM,Artisan Partners Asset Management Inc. Class A Common Stock,35.78,33.9,2887808470.0,33970762,5.4,-23.1,2,2,False,False,False,False,False,True,False,False,False,True,False
L,Loews Corporation Common Stock,105.07,33.9,21473087709.0,89360563,8.3,-13.2,5,4,False,False,False,False,True,True,True,False,False,True,False
ODFL,"Old Dominion Freight Line, Inc. - Common Stock",174.93,33.8,36851418862.0,345402640,38.8,-30.6,5,3,False,False,False,False,True,True,False,False,True,False,False
KEY,KeyCorp Common Stock,20.25,33.8,21598681933.0,254207235,23.0,-15.9,5,4,False,False,False,False,True,True,True,False,False,True,False
PB,"Prosperity Bancshares, Inc. Common Stock",67.3,33.8,8084291385.0,70680639,10.2,-12.8,4,2,False,False,False,False,False,True,False,False,False,True,False
LKFN,Lakeland Financial Corporation - Common Stock,58.85,33.7,1450703542.0,10118481,8.3,-11.4,2,4,False,False,False,False,True,True,True,False,False,True,False
TYG,Tortoise Energy Infrastructure Corporation Common Stock,40.42,33.7,481648723.0,5554393,1.3,-21.0,5,3,False,False,True,False,True,True,False,False,False,True,False
MIRM,"Mirum Pharmaceuticals, Inc. - common stock",89.36,33.6,5799744372.0,66161733,41.3,-31.3,5,4,False,False,False,False,True,True,True,False,True,False,False
KBDC,"Kayne Anderson BDC, Inc. Common Stock",12.99,33.6,863774555.0,5046493,0.9,-18.1,0,1,False,False,False,False,False,False,False,False,False,True,False
GRRR,Gorilla Technology Group Inc. - Ordinary shares,14.36,33.5,390547659.0,14422892,58.8,-38.9,1,5,False,False,False,True,True,True,False,True,True,False,False
TCMD,"Tactile Systems Technology, Inc. - Common Stock",22.89,33.5,508090775.0,7654795,71.0,-39.4,0,1,False,False,False,False,False,False,False,False,True,False,False
EXR,Extra Space Storage Inc Common Stock,132.23,33.5,28276317643.0,180636367,5.2,-16.8,4,4,False,False,False,False,True,True,True,False,False,True,False
FELE,"Franklin Electric Co., Inc. - Common Stock",96.84,33.4,4257563983.0,28462960,8.2,-16.4,5,4,False,False,False,False,True,True,True,False,False,True,False
VTS,"Vitesse Energy, Inc. Common Stock",17.05,33.4,706510439.0,8441445,13.7,-30.6,0,1,False,False,False,False,False,False,False,True,False,False,False
NKTR,Nektar Therapeutics - Common Stock,59.38,33.3,1968685034.0,54291844,77.8,-45.5,5,3,False,False,False,False,True,True,False,False,True,False,False
RBC,RBC Bearings Incorporated Common Stock,503.85,33.3,15837853904.0,146206972,38.2,-24.5,5,4,False,False,False,False,True,True,False,False,True,True,False
SKT,Tanger Inc. Common Stock,35.01,33.3,4035698884.0,34679217,12.5,-17.7,5,4,False,False,False,False,True,True,True,False,False,True,False
CENX,Century Aluminum Company - Common Stock,38.12,33.2,3842919712.0,85929469,50.1,-45.9,5,3,False,False,False,False,True,True,False,False,True,False,False
LIN,Linde plc - Ordinary Shares,468.14,33.2,216531602164.0,1002660980,20.7,-14.6,5,3,False,False,False,False,True,True,False,False,False,True,False
ALV,"Autoliv, Inc. Common Stock",113.92,33.1,8451574842.0,80688307,14.9,-13.8,2,2,False,False,False,False,False,True,False,False,False,True,False
IVT,InvenTrust Properties Corp. Common Stock,30.57,33.1,2365865597.0,20734117,14.0,-17.9,5,4,False,False,False,False,True,True,True,False,False,True,False
CAG,"ConAgra Brands, Inc. Common Stock",14.67,33.0,7095399438.0,185749693,17.1,-27.8,0,0,False,False,False,False,False,False,False,False,False,False,False
NNN,"NNN REIT, Inc. Common Stock",41.18,33.0,7932524762.0,69464626,5.9,-17.6,5,4,False,False,False,False,True,True,True,False,False,True,False
WS,"Worthington Steel, Inc. Common Shares",35.48,33.0,1768357145.0,8870809,30.3,-27.8,5,3,False,False,False,False,False,True,False,True,True,False,False
IRON,"Disc Medicine, Inc. - Common Stock",66.44,32.9,2537383060.0,32364071,66.1,-33.2,0,1,False,False,False,False,False,False,False,False,True,False,False
ITRI,"Itron, Inc. - Common Stock",91.52,32.9,3998606284.0,77389342,17.7,-35.5,0,0,False,False,False,False,False,False,False,False,False,False,False
CAL,"Caleres, Inc. Common Stock",12.49,32.8,426481516.0,6789292,41.9,-17.0,2,4,False,False,False,True,False,True,False,False,True,True,False
ETR,Entergy Corporation Common Stock,98.16,32.8,46303843547.0,280446228,10.4,-17.1,5,3,False,False,False,False,True,True,False,False,False,True,False
BRX,Brixmor Property Group Inc. Common Stock,27.73,32.7,8481950814.0,76022821,12.4,-15.6,5,4,False,False,False,False,True,True,True,False,False,True,False
CTGO,Contango Silver & Gold Inc. Common Stock,18.13,32.7,614639901.0,7044569,25.0,-47.3,0,0,False,False,False,False,False,False,False,False,False,False,False
RLI,RLI Corp. Common Stock (DE),56.15,32.7,5217293345.0,45844507,18.8,-16.3,2,2,False,False,False,False,False,True,False,False,False,True,False
CINF,Cincinnati Financial Corporation - Common Stock,162.33,32.6,24950925776.0,114213331,8.2,-16.7,5,4,False,False,False,False,True,True,True,False,False,True,False
OGE,OGE Energy Corp Common Stock,44.28,32.6,9236249342.0,67648854,6.2,-12.5,5,3,False,False,False,False,True,True,False,False,False,True,False
FHN,First Horizon Corporation Common Stock,23.18,32.5,10906350177.0,132854591,17.1,-12.7,5,4,False,False,False,False,True,True,True,False,False,True,False
LW,"Lamb Weston Holdings, Inc. Common Stock ",44.37,32.5,6192144735.0,81854643,17.9,-33.8,0,0,False,False,False,False,False,False,False,False,False,False,False
TR,"Tootsie Roll Industries, Inc. Common Stock",37.76,32.5,2850470475.0,6000246,12.9,-16.2,2,3,False,False,False,False,True,True,False,False,False,True,False
KNSL,"Kinsale Capital Group, Inc. Common Stock",340.51,32.4,7730541877.0,88768347,18.6,-29.8,0,0,False,False,False,False,False,False,False,False,False,False,False
SWX,"Southwest Gas Holdings, Inc. Common Stock (DE)",81.38,32.4,5965191536.0,49141281,6.0,-13.9,5,4,False,False,False,False,True,True,True,False,False,True,False
IBOC,International Bancshares Corporation - Common Stock,69.39,32.3,4298055533.0,23822875,9.8,-11.6,5,4,False,False,False,False,True,True,True,False,False,True,False
NOMD,Nomad Foods Limited Ordinary Shares,10.67,32.3,1521742045.0,18694026,18.7,-20.8,0,1,False,False,False,False,False,False,False,False,False,True,False
CNXC,Concentrix Corporation - Common Stock,29.39,32.2,1843364354.0,37067913,53.7,-48.5,0,2,False,False,False,False,False,False,False,True,True,False,False
LUNR,"Intuitive Machines, Inc. - Class A Common Stock",15.7,32.2,3488802796.0,137736825,101.8,-66.4,5,4,False,False,False,False,True,True,False,True,True,False,False
BOH,Bank of Hawaii Corporation Common Stock,71.13,32.2,2774940855.0,30218184,19.8,-17.6,5,4,False,False,False,False,True,True,True,False,False,True,False
FIGR,"Figure Technology Solutions, Inc. - Class A Common Stock",32.66,32.1,7776937044.0,139961265,35.5,-58.1,0,1,False,False,False,False,False,False,False,False,True,False,False
LGIH,"LGI Homes, Inc. - Common Stock",48.99,32.1,1129866019.0,17247317,46.0,-26.1,3,4,False,False,False,False,True,True,True,False,True,False,False
LINE,"Lineage, Inc. - Common Stock",36.18,32.0,8270427636.0,37139580,15.5,-20.9,4,4,False,False,False,False,True,True,True,False,False,True,False
LPLA,LPL Financial Holdings Inc. - Common Stock,302.76,32.0,23817180456.0,227384300,16.4,-24.3,0,1,False,False,False,False,False,False,False,False,False,True,False
TM,Toyota Motor Corporation Common Stock,186.72,32.0,248113928981.0,69915627,12.4,-25.0,0,1,False,False,False,False,False,False,False,False,False,True,False
AAUC,Allied Gold Corporation Common Shares,22.05,31.9,3118605845.0,15498917,51.0,-31.5,5,3,False,False,False,False,False,True,False,True,True,False,False
FBK,FB Financial Corporation Common Stock,52.81,31.9,2630849184.0,25030231,7.3,-15.7,5,2,False,False,False,False,False,True,False,False,False,True,False
SHW,Sherwin-Williams Company (The) Common Stock,320.4,31.8,79250825975.0,623870592,10.5,-15.2,0,1,False,False,False,False,False,False,False,False,False,True,False
WRB,W.R. Berkley Corporation Common Stock,67.29,31.8,25120966887.0,177720061,7.0,-14.8,0,3,False,False,False,False,True,False,True,False,False,True,False
AYI,Acuity Inc. Common Stock,309.45,31.7,9162073515.0,85595862,20.4,-18.6,0,1,False,False,False,False,False,False,False,False,False,True,False
DTM,"DT Midstream, Inc. Common Stock ",124.75,31.7,12836584696.0,125382559,18.8,-18.4,5,3,False,False,False,False,True,True,False,False,False,True,False
SMA,"SmartStop Self Storage REIT, Inc. Common Stock",31.25,31.7,1754086847.0,25632939,6.3,-19.2,1,4,False,False,False,False,True,True,True,False,False,True,False
RYTM,"Rhythm Pharmaceuticals, Inc. - Common Stock",98.31,31.6,6764028536.0,66172179,32.0,-19.5,3,3,False,False,False,False,False,True,False,False,True,True,False
WFC,Wells Fargo & Company Common Stock,82.18,31.6,247665545618.0,1211249097,12.9,-15.9,4,2,False,False,False,False,False,True,False,False,False,True,False
INMD,InMode Ltd.  - Ordinary Shares,14.19,31.5,815652155.0,7563294,11.6,-15.2,1,2,False,False,False,False,False,True,False,False,False,True,False
DLB,Dolby Laboratories Common Stock,57.56,31.5,5435600174.0,57153541,19.3,-21.2,0,1,False,False,False,False,False,False,False,False,False,True,False
AIG,"American International Group, Inc. New Common Stock",74.82,31.4,39520265713.0,279994820,5.0,-14.3,1,2,False,False,False,False,False,True,False,False,False,True,False
D,"Dominion Energy, Inc. Common Stock",60.4,31.4,53800602300.0,271765814,8.1,-17.2,5,4,False,False,False,False,True,True,True,False,False,True,False
MAS,Masco Corporation Common Stock,67.31,31.4,13440295229.0,180367742,15.7,-19.5,3,4,False,False,False,False,True,True,True,False,False,True,False
CMC,Commercial Metals Company Common Stock,64.22,31.3,7152969501.0,75047182,21.0,-24.3,5,2,False,False,False,False,False,True,False,False,False,True,False
MHO,"M/I Homes, Inc. Common Stock",137.76,31.3,3483243181.0,31220904,18.0,-15.8,3,4,False,False,False,False,True,True,True,False,False,True,False
MGY,Magnolia Oil & Gas Corporation Class A Common Stock,24.74,31.2,6544714383.0,134214039,17.4,-24.5,5,3,False,False,False,False,True,True,False,False,False,True,False
OC,Owens Corning Inc Common Stock New,120.72,31.2,9713502167.0,135475276,23.8,-24.5,2,4,False,False,False,False,True,True,True,False,False,True,False
ZWS,Zurn Elkay Water Solutions Corporation Common Stock,46.6,31.2,7759122458.0,44562548,8.2,-15.3,5,4,False,False,False,False,True,True,True,False,False,True,False
MGRC,McGrath RentCorp - Common Stock,111.96,31.1,2765962078.0,17454021,17.9,-11.0,2,4,False,False,False,False,True,True,True,False,False,True,False
MSDL,Morgan Stanley Direct Lending Fund Common Stock,14.33,31.1,,6582774,4.9,-20.0,0,1,False,False,False,False,False,False,False,False,False,True,False
CRAI,"CRA International,Inc. - Common Stock",162.57,31.0,1016976857.0,22750970,23.0,-28.5,0,0,False,False,False,False,False,False,False,False,False,False,False
SPOT,Spotify Technology S.A. Ordinary Shares,511.38,31.0,105056921781.0,895801466,26.3,-30.9,0,1,False,False,False,True,False,False,False,False,False,False,False
ELS,"Equity Lifestyle Properties, Inc. Common Stock",59.55,30.9,11581776462.0,99024777,1.4,-13.7,5,4,False,False,False,False,True,True,True,False,False,True,False
POR,Portland General Electric Co Common Stock,46.59,30.9,5518155161.0,53516676,9.4,-14.7,5,3,False,False,False,False,True,True,False,False,False,True,False
SGHC,Super Group (SGHC) Limited Ordinary Shares,11.98,30.9,6112163760.0,33207218,41.6,-24.5,5,5,False,False,False,False,True,True,True,False,True,True,False
RMBS,"Rambus, Inc. - Common Stock",104.55,30.8,11222522062.0,234575652,34.2,-39.9,0,3,False,False,False,False,True,False,False,True,True,False,False
RL,Ralph Lauren Corporation Common Stock,351.86,30.8,20107218195.0,231867144,17.3,-16.5,5,4,False,False,False,False,True,True,True,False,False,True,False
AEP,"American Electric Power Company, Inc. - Common Stock",117.57,30.7,64456646477.0,474550965,10.1,-16.4,5,3,False,False,False,False,True,True,False,False,False,True,False
FOXF,Fox Factory Holding Corp. - Common Stock,18.52,30.7,784298479.0,10176124,41.6,-29.6,1,3,False,False,False,True,False,True,False,False,True,False,False
MRSH,Marsh Common Stock,169.93,30.7,81307255842.0,451377952,8.5,-18.2,1,2,False,False,False,False,False,True,False,False,False,True,False
BKU,"BankUnited, Inc. Common Stock",43.39,30.6,3088630317.0,40740244,23.6,-16.7,5,4,False,False,False,False,True,True,True,False,False,True,False
RYZ,Ryerson Holding Corporation Common Stock,23.69,30.6,1234668955.0,12912889,22.5,-26.0,5,1,False,False,False,False,False,True,False,False,False,False,False
OZK,Bank OZK - Common Stock,46.6,30.5,5214444324.0,55461155,10.0,-12.7,4,4,False,False,False,False,True,True,True,False,False,True,False
PPG,"PPG Industries, Inc. Common Stock",106.32,30.5,23830560000.0,186428482,13.8,-20.3,4,4,False,False,False,False,True,True,True,False,False,True,False
POWI,"Power Integrations, Inc. - Common Stock",50.78,30.4,2852331863.0,42142643,64.5,-44.3,5,3,False,False,False,False,True,True,False,False,True,False,False
CI,The Cigna Group Common Stock,265.5,30.4,70887795179.0,474291704,10.9,-15.8,1,4,False,False,False,False,True,True,True,False,False,True,False
PNW,Pinnacle West Capital Corporation Common Stock,91.08,30.4,11156205390.0,112863599,6.0,-18.1,5,3,False,False,False,False,True,True,False,False,False,True,False
GFS,GlobalFoundries Inc. - Ordinary Share,47.05,30.3,25875371551.0,208831741,46.9,-49.2,5,3,False,False,False,False,True,True,False,False,True,False,False
BTU,Peabody Energy Corporation Common Stock ,25.68,30.3,3219379000.0,62319689,28.0,-37.6,0,1,False,False,False,False,False,False,False,True,False,False,False
HLIT,Harmonic Inc. - Common Stock,10.945,30.2,1198640231.0,18755667,29.2,-38.1,5,2,False,False,False,False,True,True,False,False,False,False,False
SPGI,S&P Global Inc. Common Stock,403.25,30.2,119836200000.0,806832794,11.7,-22.8,0,1,False,False,False,False,False,False,False,False,False,True,False
FIZZ,National Beverage Corp. - Common Stock,29.87,30.1,2869309006.0,12248590,3.1,-21.8,1,4,False,False,False,False,True,True,True,False,False,True,False
MRTN,"Marten Transport, Ltd. - Common Stock",12.84,30.1,1075484181.0,9900411,37.3,-30.5,5,3,False,False,False,False,True,True,False,False,True,False,False
VRDN,"Viridian Therapeutics, Inc.  - Common Stock",20.66,30.1,2427853325.0,36483075,56.8,-39.7,0,1,False,False,False,False,False,False,False,False,True,False,False
ODD,ODDITY Tech Ltd. - Class A Ordinary Shares,18.07,30.0,1010188694.0,19113522,95.4,-71.6,0,2,False,False,False,False,False,False,False,True,True,False,False
IBN,ICICI Bank Limited Common Stock,27.88,30.0,99919370914.0,159922656,11.2,-15.6,0,1,False,False,False,False,False,False,False,False,False,True,False
EMA,Emera Incorporated Common Shares,47.76,29.9,14807040000.0,24722870,3.4,-13.9,5,3,False,False,False,False,True,True,False,False,False,True,False
GGG,Graco Inc. Common Stock,77.15,29.9,12692321187.0,151991893,6.4,-19.4,0,1,False,False,False,False,False,False,False,False,False,True,False
KRC,Kilroy Realty Corporation Common Stock,34.05,29.9,3959157952.0,48452856,24.5,-24.4,0,1,False,False,False,False,False,False,False,False,False,True,False
EQT,EQT Corporation Common Stock,51.87,29.8,31938846960.0,370274675,8.2,-24.0,0,2,False,False,False,False,True,False,False,False,False,True,False
MTX,Minerals Technologies Inc. Common Stock,66.35,29.8,2081891603.0,15538608,23.0,-21.3,5,3,False,False,False,False,True,True,False,False,False,True,False
GTY,Getty Realty Corporation Common Stock,28.71,29.7,1790474328.0,18995967,13.1,-22.0,5,4,False,False,False,False,True,True,True,False,False,True,False
NFG,National Fuel Gas Company Common Stock,78.98,29.7,7471495232.0,54548074,5.1,-18.6,1,3,False,False,False,False,True,True,False,False,False,True,False
DASH,"DoorDash, Inc. - Common Stock",187.53,29.6,82010300536.0,840591176,30.9,-34.3,1,2,False,False,False,False,False,True,False,False,True,False,False
PTC,PTC Inc. - Common Stock,137.41,29.6,15234279044.0,214024203,26.6,-33.8,0,0,False,False,False,False,False,False,False,False,False,False,False
INVH,Invitation Homes Inc. Common Stock,26.5,29.6,15905483476.0,126917378,9.3,-14.2,3,4,False,False,False,False,True,True,True,False,False,True,False
GMED,"Globus Medical, Inc. Class A Common Stock",74.27,29.5,9930011159.0,113567988,37.2,-26.8,0,1,False,False,False,False,False,False,False,False,True,False,False
GNRC,Generac Holdlings Inc. Common Stock,198.05,29.5,11767048511.0,254779156,46.9,-33.2,5,3,False,False,False,False,True,True,False,False,True,False,False
NXPI,NXP Semiconductors N.V. - Common Stock,230.16,29.4,59369533127.0,910744617,25.8,-32.3,5,2,False,False,False,False,True,True,False,False,False,False,False
CNX,CNX Resources Corporation Common Stock,33.41,29.4,4882140021.0,58181777,13.6,-23.4,0,1,False,False,False,False,False,False,False,False,False,True,False
RQI,Cohen & Steers Quality Income Realty Fund Inc Common Shares,11.16,29.4,1524309631.0,7904951,0.0,-17.8,5,3,False,False,True,False,True,True,False,False,False,True,False
CHH,"Choice Hotels International, Inc. Common Stock",100.96,29.3,4592038282.0,57387421,20.1,-18.5,2,3,False,False,False,False,True,True,False,False,False,True,False
H,Hyatt Hotels Corporation Class A Common Stock,159.03,29.3,14816027805.0,140287128,18.5,-23.1,5,4,False,False,False,False,True,True,True,False,False,True,False
WWD,"Woodward, Inc. - Common Stock",325.88,29.2,19262517859.0,236562241,39.7,-27.7,5,3,False,False,False,False,True,True,False,False,True,False,False
CSR,D/B/A Centerspace Common Stock,55.17,29.2,925021837.0,12821679,6.1,-20.7,0,1,False,False,False,False,False,False,False,False,False,True,False
AMT,American Tower Corporation (REIT) Common Stock,167.26,29.1,79576656997.0,442942996,4.5,-15.3,1,3,False,False,False,False,True,True,False,False,False,True,False
ARE,"Alexandria Real Estate Equities, Inc. Common Stock",50.48,29.1,9036478980.0,99192345,28.1,-42.3,1,2,False,False,False,True,False,True,False,False,False,False,False
SR,Spire Inc. Common Stock,76.79,29.1,4574740134.0,39527499,1.2,-19.4,0,2,False,False,False,False,True,False,False,False,False,True,False
VSEC,VSE Corporation - Common Stock,180.44,29.0,5010720101.0,80053880,16.7,-27.2,5,3,False,False,False,False,True,True,True,False,False,False,False
HEI,Heico Corporation Common Stock,306.33,29.0,43404457271.0,160337942,19.6,-18.7,4,2,False,False,False,False,False,True,False,False,False,True,False
FHB,"First Hawaiian, Inc. - Common Stock",25.12,28.9,3015263903.0,55790889,10.9,-17.9,5,4,False,False,False,False,True,True,True,False,False,True,False
ARR,"ARMOUR Residential REIT, Inc.",14.11,28.9,2439622011.0,61779274,0.9,-26.9,5,2,False,False,False,False,True,True,False,False,False,False,False
TW,Tradeweb Markets Inc. - Class A Common Stock,101.13,28.8,23456652700.0,146232059,10.6,-20.8,0,2,False,False,False,False,True,False,False,False,False,True,False
ABT,Abbott Laboratories Common Stock,101.07,28.8,179077367303.0,1020375134,23.3,-26.2,0,0,False,False,False,False,False,False,False,False,False,False,False
KGC,Kinross Gold Corporation Common Stock,24.42,28.8,32981042000.0,221311865,10.9,-37.6,5,1,False,False,False,False,False,True,False,False,False,False,False
GEN,Gen Digital Inc. - Common Stock,23.07,28.7,15700937849.0,172168624,29.8,-27.1,2,1,False,False,False,False,False,True,False,False,False,False,False
INVA,"Innoviva, Inc. - Common Stock",20.66,28.7,1462248616.0,16533786,25.1,-17.9,0,2,False,False,False,False,True,False,False,False,False,True,False
ADBE,Adobe Inc. - Common Stock,238.93,28.6,93676548000.0,1343896029,25.7,-34.3,0,0,False,False,False,False,False,False,False,False,False,False,False
PRDO,Perdoceo Education Corporation - Common Stock,31.68,28.6,1967422609.0,23592486,18.8,-17.7,1,3,False,False,False,False,True,True,False,False,False,True,False
ROP,"Roper Technologies, Inc. - Common Stock",364.02,28.6,36233324199.0,313854160,19.0,-30.2,0,0,False,False,False,False,False,False,False,False,False,False,False
TPG,TPG Inc. - Class A Common Stock,43.63,28.5,16979890156.0,135901730,18.1,-38.0,0,0,False,False,False,False,False,False,False,False,False,False,False
HUBB,Hubbell Inc Common Stock,465.88,28.5,24498463173.0,254245208,15.4,-17.6,5,3,False,False,False,False,True,True,False,False,False,True,False
COST,Costco Wholesale Corporation - Common Stock,896.48,28.4,401215273979.0,1870930874,6.2,-18.2,2,3,False,False,False,False,True,True,False,False,False,True,False
UPS,"United Parcel Service, Inc. Common Stock",92.05,28.4,81521891187.0,526727829,12.3,-24.8,5,4,False,False,False,False,True,True,True,False,False,True,False
EPAC,Enerpac Tool Group Corp. Common Stock,36.04,28.3,1841466632.0,14017296,11.4,-19.9,0,1,False,False,False,False,False,False,False,False,False,True,False
MDU,"MDU Resources Group, Inc. Common Stock (Holding Company)",18.64,28.3,3868326496.0,32241431,11.6,-18.9,0,2,False,False,False,False,True,False,False,False,False,True,False
NU,Nu Holdings Ltd. Class A Ordinary Shares,13.56,28.3,66134274868.0,1135658342,21.1,-28.6,0,0,False,False,False,False,False,False,False,False,False,False,False
MELI,"MercadoLibre, Inc. - Common Stock",1754.13,28.2,91215714030.0,910684972,17.3,-31.2,0,0,False,False,False,False,False,False,False,False,False,False,False
ORI,Old Republic International Corporation Common Stock,37.94,28.2,9237223596.0,51203505,3.5,-18.9,5,2,False,False,False,False,False,True,False,False,False,True,False
AJG,Arthur J. Gallagher & Co. Common Stock,227.13,28.1,58856732000.0,345545055,19.1,-27.6,1,1,False,False,False,False,False,True,False,False,False,False,False
DX,"Dynex Capital, Inc. Common Stock",11.34,28.1,2910997936.0,73639983,0.1,-24.0,5,2,False,False,True,False,False,True,False,False,False,True,False
GRBK,"Green Brick Partners, Inc. Common Stock",67.79,28.1,2890748878.0,21617706,12.2,-18.5,5,4,False,False,False,False,True,True,True,False,False,True,False
CVCO,"Cavco Industries, Inc. - Common Stock",543.21,28.0,4166425580.0,61083680,22.5,-23.8,0,1,False,False,False,False,False,False,False,False,False,True,False
FERG,Ferguson Enterprises Inc. Common Stock,220.17,28.0,42785937419.0,622741351,3.8,-18.9,0,1,False,False,False,False,False,False,False,False,False,True,False
ARQQ,Arqit Quantum Inc. - Ordinary Shares,23.12,27.9,543001786.0,6631553,100.7,-62.7,0,3,False,False,False,True,False,False,False,True,True,False,False
ASGI,abrdn Global Infrastructure Income Fund Common Shares of Beneficial Interest,19.44,27.9,,5597099,2.2,-25.1,5,3,False,False,True,False,True,True,True,False,False,False,False
ALH,Alliance Laundry Holdings Inc. Common Stock,21.37,27.8,4188486253.0,29870751,14.6,-24.3,0,3,False,False,False,False,True,False,True,False,False,True,False
AMR,"Alpha Metallurgical Resources, Inc. Common Stock",172.01,27.8,2287299718.0,60468665,28.7,-32.2,1,1,False,False,False,False,False,True,False,False,False,False,False
UE,Urban Edge Properties Common Shares of Beneficial Interest,19.8,27.8,2497115537.0,17351886,7.3,-17.9,5,4,False,False,False,False,True,True,True,False,False,True,False
SLM,SLM Corporation - Common Stock,23.05,27.7,4437427678.0,57985373,29.7,-25.8,0,0,False,False,False,False,False,False,False,False,False,False,False
WAL,Western Alliance Bancorporation Common Stock (DE),76.26,27.7,8248025318.0,83870013,15.9,-21.6,2,2,False,False,False,False,False,True,False,False,False,True,False
ALGM,"Allegro MicroSystems, Inc. - Common Stock",35.13,27.6,6544575835.0,87057928,56.8,-51.1,5,3,False,False,False,False,True,True,False,False,True,False,False
JJSF,J & J Snack Foods Corp. - Common Stock,77.18,27.6,1455857711.0,18230375,12.1,-22.3,0,1,False,False,False,False,False,False,False,False,False,True,False
DORM,"Dorman Products, Inc. - Common Stock",122.6,27.5,3602916781.0,34299888,24.5,-25.2,0,0,False,False,False,False,False,False,False,False,False,False,False
G,Genpact Limited Common Stock,33.37,27.5,5687964677.0,79210231,24.3,-31.4,0,0,False,False,False,False,False,False,False,False,False,False,False
PCOR,"Procore Technologies, Inc. Common Stock",49.5,27.5,7758839558.0,178056927,30.2,-39.9,0,1,False,False,False,False,False,False,False,False,True,False,False
BANC,"Banc of California, Inc. Common Stock",17.73,27.4,2798883374.0,58683634,15.7,-19.2,5,2,False,False,False,False,False,True,False,False,False,True,False
PJT,PJT Partners Inc. Class A Common Stock,149.16,27.4,6124263572.0,70523427,16.8,-23.8,1,2,False,False,False,False,False,True,False,False,False,True,False
HON,Honeywell International Inc. - Common Stock,211.79,27.3,67371937926.0,716716404,8.1,-18.6,4,3,False,False,False,False,True,True,False,False,False,True,False
FSS,Federal Signal Corporation Common Stock,112.78,27.3,6912962446.0,50018443,11.5,-16.2,2,4,False,False,False,False,True,True,True,False,False,True,False
SYF,Synchrony Financial Common Stock,71.55,27.3,26293306917.0,257308519,13.4,-19.4,5,2,False,False,False,False,False,True,False,False,False,True,False
FE,FirstEnergy Corp. Common Stock,43.19,27.2,25257633032.0,201422639,0.0,-17.5,5,3,False,False,True,False,True,True,False,False,False,True,False
O,Realty Income Corporation Common Stock,55.41,27.2,52619184815.0,370360089,0.6,-18.4,5,4,False,False,True,False,True,True,True,False,False,True,False
PRG,"PROG Holdings, Inc. Common Stock",32.54,27.1,1285366797.0,22712841,26.1,-31.8,5,3,False,False,False,False,True,True,True,False,False,False,False
RDN,Radian Group Inc. Common Stock,33.54,27.1,4569687524.0,40005516,6.5,-18.3,5,4,False,False,False,False,True,True,True,False,False,True,False
WMT,Walmart Inc. - Common Stock,107.59,27.0,876916972018.0,2687740676,8.8,-20.4,5,3,False,False,False,False,True,True,False,False,False,True,False
APO,"Apollo Global Management, Inc. (New) Common Stock",120.69,27.0,73439947253.0,431899177,21.2,-21.3,2,2,False,False,False,False,False,True,False,False,False,True,False
BR,"Broadridge Financial Solutions, Inc. Common Stock",162.66,27.0,18636862883.0,196156330,21.5,-32.8,0,0,False,False,False,False,False,False,False,False,False,False,False
INSM,Insmed Incorporated - Common Stock,121.55,26.9,25843267065.0,292314199,34.5,-42.9,0,2,False,False,False,False,False,False,False,True,True,False,False
IRMD,iRadimed Corporation - Common Stock,85.2,26.9,1104156673.0,10719640,25.6,-21.0,0,1,False,False,False,False,False,False,False,False,False,True,False
AEE,Ameren Corporation Common Stock,99.2,26.8,27612345855.0,162489113,2.7,-16.2,5,3,False,False,False,False,True,True,False,False,False,True,False
IDA,"IDACORP, Inc. Common Stock",127.69,26.8,7441957252.0,71058497,2.9,-17.6,5,3,False,False,False,False,True,True,False,False,False,True,False
MRP,"Millrose Properties, Inc. Class A Common Stock",27.06,26.8,4451744923.0,36967082,2.9,-22.9,1,2,False,False,False,False,False,True,False,False,False,True,False
AKR,Acadia Realty Trust Common Stock,19.21,26.7,2624428317.0,29760476,3.2,-16.6,5,4,False,False,False,False,True,True,True,False,False,True,False
KR,Kroger Company (The) Common Stock,58.92,26.7,34041532668.0,391707521,8.8,-23.1,0,3,False,False,False,False,True,False,False,True,False,True,False
AWI,Armstrong World Industries Inc Common Stock,162.13,26.6,6929835579.0,76773080,7.9,-21.3,0,1,False,False,False,False,False,False,False,False,False,True,False
PRMB,Primo Brands Corporation Class A Common Stock,19.33,26.6,7156492389.0,93909613,34.6,-26.2,3,4,False,False,False,False,True,True,True,False,True,False,False
CBRE,CBRE Group Inc Common Stock Class A,136.53,26.5,39500966400.0,247417491,12.2,-21.7,0,1,False,False,False,False,False,False,False,False,False,True,False
NNI,"Nelnet, Inc. Common Stock",125.03,26.5,4473503133.0,17462185,7.2,-13.4,0,1,False,False,False,False,False,False,False,False,False,True,False
WM,"Waste Management, Inc. Common Stock",207.96,26.5,83092792450.0,466804399,7.1,-16.2,3,3,False,False,False,False,True,True,False,False,False,True,False
CDNS,"Cadence Design Systems, Inc. - Common Stock",322.0,26.4,85121222370.0,793799336,22.5,-22.7,0,3,False,False,False,False,True,False,False,True,False,True,False
APG,APi Group Corporation Common Stock,37.83,26.4,16344302433.0,123818851,13.3,-24.3,5,3,False,False,False,False,True,True,False,False,False,True,False
ASO,"Academy Sports and Outdoors, Inc. - Common Stock",48.13,26.3,2974876224.0,83046262,16.6,-22.9,1,3,False,False,False,False,False,True,False,True,False,True,False
COF,Capital One Financial Corporation Common Stock,196.61,26.3,120304376340.0,779955611,12.8,-24.3,0,1,False,False,False,False,False,False,False,False,False,True,False
GLXY,Galaxy Digital Inc. - Class A common stock,25.19,26.2,10081029631.0,136486361,53.3,-45.1,0,3,False,False,False,True,False,False,False,True,True,False,False
HIG,"The Hartford Insurance Group, Inc. Common Stock",125.69,26.2,34289686733.0,218225403,4.5,-14.0,5,4,False,False,False,False,True,True,True,False,False,True,False
TFIN,"Triumph Financial, Inc. Common Stock",60.85,26.2,1466407736.0,17074530,31.1,-27.1,5,4,False,False,False,False,True,True,True,False,True,False,False
AOSL,Alpha and Omega Semiconductor Limited - Common Shares,27.31,26.1,838483956.0,17941797,60.6,-49.7,5,3,False,False,False,False,True,True,False,False,True,False,False
GAP,"Gap, Inc. (The) Common Stock",21.69,26.1,7475028515.0,148888475,19.8,-26.1,0,1,False,False,False,False,False,False,False,True,False,False,False
CMI,Cummins Inc. Common Stock,521.07,26.0,72225673105.0,615923023,30.0,-29.4,5,3,False,False,False,False,True,True,False,False,True,False,False
ES,Eversource Energy (D/B/A) Common Stock,63.8,26.0,24449958282.0,157739732,0.6,-16.7,5,4,False,False,False,False,True,True,True,False,False,True,False
FCPT,"Four Corners Property Trust, Inc. Common Stock",22.14,26.0,2440982469.0,20968158,0.5,-17.6,4,4,False,False,False,False,True,True,True,False,False,True,False
CWST,"Casella Waste Systems, Inc. - Class A Common Stock",83.83,25.9,5396675901.0,49937991,13.2,-22.4,0,1,False,False,False,False,False,False,False,False,False,True,False
ECHO,EchoStar Corporation - Common stock,90.38,25.9,26964445056.0,355019131,37.4,-38.6,5,3,False,False,False,False,False,True,False,True,True,False,False
EPAM,"EPAM Systems, Inc. Common Stock",106.99,25.8,5677663129.0,146936107,46.4,-51.9,0,2,False,False,False,False,False,False,False,True,True,False,False
TPL,Texas Pacific Land Corporation Common Stock,338.25,25.8,23157560070.0,138927071,25.6,-38.2,5,2,False,False,False,False,True,True,False,False,False,False,False
ORLY,"O'Reilly Automotive, Inc. - Common Stock",86.24,25.7,69489732033.0,568518894,4.4,-20.7,0,1,False,False,False,False,False,False,False,False,False,True,False
ARES,Ares Management Corporation Class A Common Stock,120.11,25.7,40122077779.0,294503541,25.4,-35.7,0,0,False,False,False,False,False,False,False,False,False,False,False
OSK,Oshkosh Corporation (Holding Company)Common Stock,130.17,25.7,8365118592.0,106854321,11.5,-27.9,3,3,False,False,False,False,True,True,True,False,False,False,False
CELC,Celcuity Inc. - Common Stock,79.37,25.6,3914063321.0,102073461,78.7,-47.4,0,1,False,False,False,False,False,False,False,False,True,False,False
RIVN,"Rivian Automotive, Inc. - Class A Common Stock",15.29,25.6,21746866663.0,365284218,23.4,-32.6,0,0,False,False,False,False,False,False,False,False,False,False,False
TYRA,"Tyra Biosciences, Inc. - Common Stock",22.41,25.5,1597200463.0,22403667,80.7,-44.9,5,3,False,False,False,False,True,True,False,False,True,False,False
TEX,Terex Corporation Common Stock,56.62,25.5,6653403000.0,73888130,35.8,-24.2,5,5,False,False,False,False,True,True,True,False,True,True,False
TGS,Transportadora de Gas del Sur SA TGS Common Stock,27.18,25.5,4126636131.0,6162168,35.8,-25.2,0,1,False,False,False,False,False,False,False,False,True,False,False
SAIA,"Saia, Inc. - Common Stock",333.22,25.4,9172078403.0,166243413,33.7,-32.6,5,3,False,False,False,False,True,True,False,False,True,False,False
SSD,"Simpson Manufacturing Company, Inc. Common Stock",173.61,25.4,7173139044.0,51124377,11.1,-18.7,5,3,False,False,False,False,True,True,False,False,False,True,False
OSW,OneSpaWorld Holdings Limited - Common Shares,22.53,25.3,2259361329.0,23382425,18.2,-23.0,5,4,False,False,False,False,True,True,True,False,False,True,False
BAM,Brookfield Asset Management Inc Class A Limited Voting Shares,44.58,25.3,72290947435.0,124760496,5.6,-28.8,0,0,False,False,False,False,False,False,False,False,False,False,False
BANF,BancFirst Corporation - Common Stock,107.35,25.2,3594393740.0,14522988,5.8,-18.9,1,4,False,False,False,False,True,True,True,False,False,True,False
LYTS,LSI Industries Inc. - Common Stock,20.94,25.2,754169441.0,8187010,21.7,-23.5,5,3,False,False,False,False,True,True,False,False,False,True,False
TDS,"Telephone and Data Systems, Inc. Common Shares",36.33,25.2,4193093000.0,43340366,15.3,-26.0,0,1,False,False,False,False,False,False,False,True,False,False,False
NAC,Nuveen California Quality Municipal Income Fund,10.57,25.1,,7660272,3.7,-13.7,0,2,False,False,False,False,True,False,False,False,False,True,False
UDR,"UDR, Inc. Common Stock",33.55,25.1,10855518061.0,129620072,1.9,-20.1,4,4,False,False,False,False,True,True,True,False,False,True,False
BCSF,"Bain Capital Specialty Finance, Inc. Common Stock",11.12,25.0,718094372.0,5036821,1.6,-24.7,0,1,False,False,False,False,False,False,False,False,False,True,False
PDO,PIMCO Dynamic Income Opportunities Fund Common Shares of Beneficial Interest,11.66,25.0,1744309865.0,11043904,1.0,-18.2,0,1,False,False,True,False,False,False,False,False,False,True,False
APEI,"American Public Education, Inc. - Common Stock",42.71,24.9,757317849.0,14821080,41.4,-30.7,5,3,False,False,False,False,True,True,False,False,True,False,False
ENB,Enbridge Inc Common Stock,47.35,24.9,104509598376.0,264105355,5.2,-19.0,5,3,False,False,False,False,True,True,False,False,False,True,False
LOAR,Loar Holdings Inc. Common Stock,65.43,24.9,5963271179.0,46423479,23.1,-21.6,0,1,False,False,False,False,False,False,False,False,False,True,False
DUK,Duke Energy Corporation (Holding Company) Common Stock,113.23,24.8,89018599375.0,512158232,0.1,-15.8,5,3,False,False,True,False,True,True,False,False,False,True,False
GBCI,"Glacier Bancorp, Inc. Common Stock",44.35,24.8,5746253486.0,51916619,11.2,-18.7,5,4,False,False,False,False,True,True,True,False,False,True,False
AAL,"American Airlines Group, Inc. - Common Stock",13.35,24.7,8837298846.0,1046153286,32.3,-29.0,0,1,False,False,False,False,False,False,False,False,True,False,False
ACAD,ACADIA Pharmaceuticals Inc. - Common Stock,22.18,24.7,4381729323.0,46950486,12.6,-28.4,3,1,False,False,False,False,False,True,False,False,False,False,False
KMB,Kimberly-Clark Corporation - Common Stock,97.22,24.7,32492972013.0,406363617,5.2,-22.4,1,4,False,False,False,False,True,True,True,False,False,True,False
GEHC,GE HealthCare Technologies Inc. - Common Stock,66.38,24.6,29851944395.0,272645483,13.0,-26.1,0,0,False,False,False,False,False,False,False,False,False,False,False
PLAB,"Photronics, Inc. - Common Stock",29.81,24.6,1790564018.0,34869294,48.7,-46.8,5,3,False,False,False,False,True,True,False,False,True,False,False
TOL,"Toll Brothers, Inc. Common Stock",135.92,24.5,12464724690.0,133504895,10.4,-19.3,5,4,False,False,False,False,True,True,True,False,False,True,False
WCN,"Waste Connections, Inc. Common Shares",155.93,24.5,39664521601.0,195369685,6.2,-13.2,0,1,False,False,False,False,False,False,False,False,False,True,False
IR,Ingersoll Rand Inc. Common Stock,74.78,24.4,29573316478.0,341999280,9.9,-25.9,0,0,False,False,False,False,False,False,False,False,False,False,False
PGR,Progressive Corporation (The) Common Stock,202.17,24.4,118094047640.0,557056089,6.9,-18.5,2,2,False,False,False,False,False,True,False,False,False,True,False
SF,Stifel Financial Corporation Common Stock,69.91,24.4,10861554727.0,92306495,3.1,-22.2,0,1,False,False,False,False,False,False,False,False,False,True,False
AZN,AstraZeneca PLC Ordinary Shares,164.56,24.3,253280056184.0,571311267,12.9,-22.6,0,2,False,False,False,False,False,False,False,True,False,True,False
PHM,"PulteGroup, Inc. Common Stock",118.18,24.3,22252491023.0,202657498,8.9,-18.2,2,2,False,False,False,False,False,True,False,False,False,True,False
NBIX,"Neurocrine Biosciences, Inc. - Common Stock",138.94,24.2,14179044258.0,201676199,13.8,-25.3,5,3,False,False,False,False,True,True,True,False,False,False,False
TXRH,"Texas Roadhouse, Inc. - Common Stock",161.55,24.2,10820250242.0,171527380,5.0,-25.3,3,3,False,False,False,False,True,True,True,False,False,False,False
ADC,Agree Realty Corporation Common Stock,67.18,24.2,8348339287.0,109185852,1.0,-18.2,0,2,False,False,False,False,True,False,False,False,False,True,False
APOG,"Apogee Enterprises, Inc. - Common Stock",36.31,24.1,767535853.0,8182369,18.1,-28.6,2,3,False,False,False,False,True,True,True,False,False,False,False
BKD,Brookdale Senior Living Inc. Common Stock,11.07,24.1,2667588705.0,63220543,38.9,-35.2,5,3,False,False,False,False,True,True,False,False,True,False,False
LBRT,Liberty Energy Inc. Class A common stock,18.24,24.0,2981507170.0,87902182,58.3,-47.1,5,3,False,False,False,False,True,True,False,False,True,False,False
PHG,Koninklijke Philips N.V. NY Registry Shares,24.55,24.0,24031533042.0,25814051,2.9,-26.6,0,0,False,False,False,False,False,False,False,False,False,False,False
TSLA,"Tesla, Inc.  - Common Stock",377.94,23.9,1501301955407.0,13291591717,27.1,-24.2,0,2,False,False,False,False,False,False,False,True,False,True,False
UTHR,United Therapeutics Corporation - Common Stock,472.21,23.9,20991562479.0,299274042,15.4,-22.5,5,3,False,False,False,False,True,True,False,False,False,True,False
BX,Blackstone Inc. Common Stock,117.21,23.9,89527057347.0,571211249,15.2,-38.3,0,0,False,False,False,False,False,False,False,False,False,False,False
CLFD,"Clearfield, Inc. - Common Stock",30.53,23.8,422053482.0,5655907,28.5,-42.1,0,2,False,False,False,False,True,False,False,True,False,False,False
BCE,"BCE, Inc. Common Stock",21.3,23.8,20151882905.0,83111546,2.1,-19.7,1,2,False,False,False,False,False,True,False,False,False,True,False
SBGI,"Sinclair, Inc. - Class A Common Stock",12.74,23.7,930733432.0,6712720,2.2,-28.7,0,0,False,False,False,False,False,False,False,False,False,False,False
KBR,"KBR, Inc. Common Stock",34.81,23.7,4455234462.0,52013685,16.3,-33.4,0,0,False,False,False,False,False,False,False,False,False,False,False
BTDR,Bitdeer Technologies Group - Ordinary Shares,12.15,23.6,3345639436.0,131852920,75.7,-56.3,0,3,False,False,False,True,False,False,False,True,True,False,False
CPT,Camden Property Trust Common Stock,97.41,23.6,9820683708.0,107726177,0.9,-18.7,4,4,False,False,False,False,True,True,True,False,False,True,False
NZF,Nuveen Municipal Credit Income Fund ,11.07,23.6,,8112057,0.4,-15.0,0,2,False,False,True,False,True,False,False,False,False,True,False
OGS,"ONE Gas, Inc. Common Stock",71.95,23.5,4543879758.0,40128427,0.5,-20.7,0,2,False,False,True,False,True,False,False,False,False,True,False
YUMC,"Yum China Holdings, Inc. Common Stock",40.99,23.5,13989414856.0,67591659,2.1,-29.8,0,0,False,False,False,False,False,False,False,False,False,False,False
DOX,Amdocs Limited - Ordinary Shares,57.85,23.4,6299935096.0,67211254,16.3,-32.4,0,0,False,False,False,False,False,False,False,False,False,False,False
OTF,Blue Owl Technology Finance Corp. Common Stock,10.27,23.4,4760546192.0,27574050,5.3,-31.5,0,0,False,False,False,False,False,False,False,False,False,False,False
STE,STERIS plc (Ireland) Ordinary Shares,208.77,23.4,20473073098.0,156456367,7.0,-22.5,0,1,False,False,False,False,False,False,False,False,False,True,False
WLFC,Willis Lease Finance Corporation - Common Stock,52.87,23.3,1149816756.0,13477663,39.1,-35.2,5,3,False,False,False,False,True,True,False,False,True,False,False
DOV,Dover Corporation Common Stock,187.89,23.3,25458602932.0,244293374,18.2,-20.9,5,3,False,False,False,False,True,True,False,False,False,True,False
MLYS,"Mineralys Therapeutics, Inc. - Common Stock",26.59,23.2,2377261138.0,26958059,19.2,-44.2,0,0,False,False,False,False,False,False,False,False,False,False,False
PFGC,Performance Food Group Company Common Stock,90.32,23.2,14302423975.0,176191406,11.8,-23.1,3,4,False,False,False,False,True,True,True,False,False,True,False
OCFC,OceanFirst Financial Corp. - Common Stock,16.87,23.1,1642968723.0,18496672,0.7,-18.1,5,4,False,False,True,False,True,True,True,False,False,True,False
USLM,"United States Lime & Minerals, Inc. - Common Stock",109.42,23.1,3138793796.0,17762883,13.7,-22.6,0,1,False,False,False,False,False,False,False,False,False,True,False
ATO,Atmos Energy Corporation Common Stock,156.42,23.1,26402771521.0,173077763,0.9,-18.7,0,2,False,False,False,False,True,False,False,False,False,True,False
LNT,Alliant Energy Corporation - Common Stock,63.31,23.0,16513842479.0,168584910,0.1,-19.7,5,3,False,False,True,False,True,True,False,False,False,True,False
RPM,RPM International Inc. Common Stock,98.71,23.0,12781805685.0,133925269,6.2,-19.2,0,1,False,False,False,False,False,False,False,False,False,True,False
JACK,Jack In The Box Inc. - Common Stock,13.33,22.9,258153782.0,11755702,49.4,-44.1,0,1,False,False,False,False,False,False,False,False,True,False,False
REYN,Reynolds Consumer Products Inc. - Common Stock,21.59,22.9,4624754145.0,33304502,5.6,-21.0,0,3,False,False,False,False,True,False,True,False,False,True,False
AXS,Axis Capital Holdings Limited Common Stock,94.72,22.9,6954419673.0,70103248,7.6,-21.1,0,1,False,False,False,False,False,False,False,False,False,True,False
NEE,"NextEra Energy, Inc. Common Stock",75.62,22.8,160662041657.0,917162667,5.4,-23.4,0,2,False,False,False,False,True,False,False,False,False,True,False
UTG,Reaves Utility Income Fund Common Shares of Beneficial Interest,34.95,22.8,,11422936,0.4,-20.4,5,3,False,False,True,False,True,True,False,False,False,True,False
CMG,"Chipotle Mexican Grill, Inc. Common Stock",32.01,22.7,41391822780.0,559319351,14.2,-25.2,1,1,False,False,False,False,False,True,False,False,False,False,False
IONQ,"IonQ, Inc. Common Stock",44.98,22.7,16207838438.0,847007984,73.7,-46.9,0,3,False,False,False,True,False,False,False,True,True,False,False
LOPE,"Grand Canyon Education, Inc. - Common Stock",151.19,22.6,3926437174.0,50391143,12.6,-32.2,0,1,False,False,False,False,False,False,False,True,False,False,False
SNDX,"Syndax Pharmaceuticals, Inc. - Common Stock",17.97,22.6,1575200597.0,29768885,38.3,-29.8,5,3,False,False,False,False,True,True,False,False,True,False,False
AVA,Avista Corporation Common Stock,35.05,22.6,2969037824.0,25551874,0.2,-19.4,0,2,False,False,True,False,True,False,False,False,False,True,False
WAFD,"WaFd, Inc. - Common Stock",30.91,22.5,2271653807.0,28845866,17.5,-21.7,5,4,False,False,False,False,True,True,True,False,False,True,False
WEC,"WEC Energy Group, Inc. Common Stock",100.9,22.5,32966182078.0,259642052,0.0,-15.9,0,2,False,False,True,False,True,False,False,False,False,True,False
ALG,"Alamo Group, Inc. Common Stock",159.03,22.4,2003827678.0,26370979,9.1,-27.7,1,1,False,False,False,False,False,True,False,False,False,False,False
UI,Ubiquiti Inc. Common Stock,563.11,22.4,34706973665.0,80282426,12.6,-48.8,0,1,False,False,False,False,True,False,False,False,False,False,False
CAE,CAE Inc - Common Shares,24.62,22.3,7848026391.0,19496264,8.2,-28.1,0,0,False,False,False,False,False,False,False,False,False,False,False
DYN,"Dyne Therapeutics, Inc. - Common Stock",16.51,22.3,3030894575.0,62411539,38.5,-39.5,5,4,False,False,False,False,True,True,True,False,True,False,False
TKO,"TKO Group Holdings, Inc. Class A Common Stock",185.06,22.3,35787117334.0,207170246,5.1,-18.5,2,2,False,False,False,False,False,True,False,False,False,True,False
XEL,Xcel Energy Inc. - Common Stock,69.56,22.2,44136660062.0,405848916,0.0,-17.4,0,2,False,False,True,False,True,False,False,False,False,True,False
BA,Boeing Company (The) Common Stock,196.8,22.2,158018678099.0,1305865562,11.3,-22.6,2,2,False,False,False,False,False,True,False,False,False,True,False
CRWV,"CoreWeave, Inc. - Class A Common Stock",90.13,22.1,47928530714.0,2544801394,48.9,-41.2,1,4,False,False,False,False,True,True,False,True,True,False,False
MNDY,monday.com Ltd. - Ordinary Shares,86.0,22.1,3709734378.0,127715008,49.6,-61.1,0,1,False,False,False,False,False,False,False,False,True,False,False
ECVT,Ecovyst Inc. Common Stock,10.14,22.1,1130808551.0,14319787,36.8,-32.8,5,3,False,False,False,False,True,True,False,False,True,False,False
SGRY,"Surgery Partners, Inc. - Common Stock",14.2,22.0,1906169866.0,32323379,24.5,-39.4,0,0,False,False,False,False,False,False,False,False,False,False,False
PTY,Pimco Corporate & Income Opportunity Fund,10.75,22.0,,16169163,0.9,-26.8,0,0,False,False,True,False,False,False,False,False,False,False,False
OLLI,"Ollie's Bargain Outlet Holdings, Inc. - Common Stock",84.44,21.9,4907232512.0,122530744,40.1,-38.1,0,2,False,False,False,False,False,False,False,True,True,False,False
CHCT,Community Healthcare Trust Incorporated Common Stock,14.31,21.9,408890325.0,5512485,8.2,-25.3,5,2,False,False,False,False,True,True,False,False,False,False,False
PAHC,Phibro Animal Health Corporation - Class A Common Stock,33.93,21.8,1384514662.0,8034051,20.1,-43.5,0,0,False,False,False,False,False,False,False,False,False,False,False
TRMB,Trimble Inc. - Common Stock,57.69,21.8,13832228583.0,179770191,20.4,-31.7,0,1,False,False,False,False,False,False,False,True,False,False,False
PUK,Prudential Public Limited Company Common Stock,25.3,21.8,31569893034.0,29407816,2.8,-25.7,0,0,False,False,False,False,False,False,False,False,False,False,False
BDC,Belden Inc Common Stock,110.8,21.7,4459993939.0,53380929,13.1,-30.7,2,1,False,False,False,False,False,True,False,False,False,False,False
MQY,"Blackrock MuniYield Quality Fund, Inc. Common Stock",10.15,21.7,1518864829.0,5989922,0.5,-15.0,0,2,False,False,True,False,True,False,False,False,False,True,False
CORZ,"Core Scientific, Inc. - Common Stock",18.12,21.6,5816261982.0,236779223,35.7,-40.5,5,3,False,False,False,False,True,True,False,False,True,False,False
SNPS,"Synopsys, Inc. - Common Stock",424.91,21.6,79157432997.0,764542267,17.2,-21.2,0,2,False,False,False,False,False,False,False,True,False,True,False
ARLO,"Arlo Technologies, Inc. Common Stock",13.02,21.6,1469997733.0,17816984,17.8,-34.7,0,2,False,False,False,False,True,False,True,False,False,False,False
IDR,"Idaho Strategic Resources, Inc. Common Stock",29.8,21.5,475101623.0,6830150,14.5,-45.5,0,0,False,False,False,False,False,False,False,False,False,False,False
NYT,New York Times Company (The) Common Stock,63.05,21.5,9933522129.0,171674522,16.5,-27.6,5,2,False,False,False,False,True,True,False,False,False,False,False
NOC,Northrop Grumman Corporation Common Stock,508.98,21.4,73080061835.0,435724682,6.3,-34.2,0,0,False,False,False,False,False,False,False,False,False,False,False
NVG,Nuveen AMT-Free Municipal Credit Income Fund ,10.94,21.4,,7551008,0.7,-19.5,0,2,False,False,True,False,True,False,False,False,False,True,False
JBSS,"John B. Sanfilippo & Son, Inc. - Common Stock",67.05,21.3,791531729.0,10823585,13.5,-27.2,5,2,False,False,False,False,True,True,False,False,False,False,False
GIB,CGI Inc. Common Stock,68.14,21.3,16030443779.0,31049139,14.3,-28.4,0,0,False,False,False,False,False,False,False,False,False,False,False
RYAN,"Ryan Specialty Holdings, Inc. Class A Common Stock",36.74,21.3,9252820773.0,82402988,25.5,-37.9,0,0,False,False,False,False,False,False,False,False,False,False,False
MQ,"Marqeta, Inc. - Class A Common Stock",16.44,21.2,1675991227.0,15324873,11.1,-29.0,0,0,False,False,False,False,False,False,False,False,False,False,False
INGR,Ingredion Incorporated Common Stock,96.49,21.2,6105854447.0,64222716,2.2,-21.9,0,1,False,False,False,False,False,False,False,False,False,True,False
DMC,Del Monte Corporation Ordinary Shares,30.51,21.1,1446445968.0,11992556,15.3,-30.0,0,1,False,False,False,False,False,False,False,True,False,False,False
LNN,Lindsay Corporation Common Stock,112.76,21.1,1177963638.0,16267459,15.9,-23.8,1,2,False,False,False,False,False,True,False,False,False,True,False
EXE,Expand Energy Corporation - Common Stock,88.62,21.0,20150089795.0,295340139,4.3,-30.0,0,0,False,False,False,False,False,False,False,False,False,False,False
LYFT,"Lyft, Inc. - Class A Common Stock",14.75,21.0,5591039478.0,180596565,18.4,-42.2,0,0,False,False,False,False,False,False,False,False,False,False,False
DOLE,Dole plc Ordinary Shares,12.9,21.0,1220407786.0,14190143,3.0,-22.1,0,1,False,False,False,False,False,False,False,False,False,True,False
LEVI,Levi Strauss & Co Class A Common Stock,19.72,20.9,7554616532.0,49291724,11.3,-23.3,0,3,False,False,False,False,True,False,True,False,False,True,False
LRN,"Stride, Inc. Common Stock",80.04,20.9,3263694628.0,74737214,32.1,-48.4,1,3,False,False,False,False,True,True,False,False,True,False,False
HBAN,Huntington Bancshares Incorporated - Common Stock,15.31,20.8,31073980024.0,453126611,2.8,-21.3,4,2,False,False,False,False,False,True,False,False,False,True,False
SUI,"Sun Communities, Inc. Common Stock",111.13,20.8,13680683490.0,219441669,0.2,-19.4,0,2,False,False,True,False,True,False,False,False,False,True,False
TYL,"Tyler Technologies, Inc. Common Stock",326.85,20.8,13617859673.0,303718797,20.7,-39.3,0,0,False,False,False,False,False,False,False,False,False,False,False
IP,International Paper Company Common Stock,34.88,20.7,18905645252.0,189915137,19.2,-30.6,1,1,False,False,False,False,False,True,False,False,False,False,False
IRT,"Independence Realty Trust, Inc. Common Stock",14.61,20.7,3437155787.0,49381883,0.6,-17.9,0,1,False,False,True,False,False,False,False,False,False,True,False
PSKY,Paramount Skydance Corporation - Class B Common Stock,10.18,20.6,11174579959.0,152212090,33.6,-49.3,0,2,False,False,False,False,False,False,False,True,True,False,False
SO,Southern Company (The) Common Stock,82.89,20.6,96020796772.0,515285976,0.1,-17.8,0,2,False,False,True,False,True,False,False,False,False,True,False
SBAC,SBA Communications Corporation - Class A Common Stock,166.12,20.5,18091205398.0,177176400,2.3,-26.0,0,1,False,False,False,False,True,False,False,False,False,False,False
CNP,"CenterPoint Energy, Inc (Holding Co) Common Stock",36.82,20.5,24478045902.0,255784161,0.3,-18.6,5,3,False,False,True,False,True,True,False,False,False,True,False
FLG,"Flagstar Bank, N.A. Common Stock",12.39,20.5,5105641883.0,59380481,17.2,-19.8,5,3,False,False,False,False,True,True,False,False,False,True,False
SUPN,"Supernus Pharmaceuticals, Inc. - Common Stock",43.29,20.4,2522131094.0,34421210,6.9,-27.5,0,0,False,False,False,False,False,False,False,False,False,False,False
MIAX,"Miami International Holdings, Inc. Common Stock",35.64,20.4,3561396929.0,58514448,0.9,-37.6,0,0,False,False,True,False,False,False,False,False,False,False,False
DRS,"Leonardo DRS, Inc. - Common Stock",37.59,20.3,9984411576.0,38045874,15.9,-25.7,4,2,False,False,False,False,True,True,False,False,False,False,False
BBAR,Banco BBVA Argentina S.A. ADS,13.49,20.3,2791915593.0,10299456,73.8,-40.0,0,1,False,False,False,False,False,False,False,False,True,False,False
HIMS,"Hims & Hers Health, Inc. Class A Common Stock",29.28,20.3,6623767795.0,378843569,113.1,-55.2,0,2,False,False,False,True,False,False,False,False,True,False,False
ALGN,"Align Technology, Inc. - Common Stock",145.625,20.2,10525974871.0,150042754,19.4,-27.3,4,2,False,False,False,False,True,True,False,False,False,False,False
HOV,"Hovnanian Enterprises, Inc. Class A Common Stock",112.94,20.2,686817724.0,17313017,23.4,-23.9,0,3,False,False,False,False,True,False,True,False,False,True,False
GPOR,Gulfport Energy Corporation Common Shares,161.91,20.1,2824467078.0,48111289,8.5,-28.3,0,0,False,False,False,False,False,False,False,False,False,False,False
MTH,Meritage Homes Corporation Common Stock,64.51,20.1,4162017579.0,56033088,11.2,-24.4,0,1,False,False,False,False,False,False,False,False,False,True,False
NTLA,"Intellia Therapeutics, Inc. - Common Stock",12.16,20.0,1727762125.0,44687220,53.0,-57.0,1,4,False,False,False,False,True,True,False,True,True,False,False
OTEX,Open Text Corporation - Common Shares,22.66,20.0,5783912093.0,37375181,14.6,-43.2,0,0,False,False,False,False,False,False,False,False,False,False,False
AA,Alcoa Corporation Common Stock ,42.68,20.0,11617293769.0,227945436,38.5,-49.4,5,3,False,False,False,False,True,True,False,False,True,False,False
CASY,"Caseys General Stores, Inc. - Common Stock",598.85,19.9,22076677351.0,335847152,20.4,-35.5,5,3,False,False,False,False,True,True,True,False,False,False,False
DHI,"D.R. Horton, Inc. Common Stock",140.35,19.9,39205726595.0,355288014,6.5,-20.4,0,1,False,False,False,False,False,False,False,False,False,True,False
SYM,Symbotic Inc. - Class A Common Stock,44.04,19.8,26423786623.0,70291309,16.9,-49.9,0,1,False,False,False,False,False,False,False,True,False,False,False
RCI,"Rogers Communication, Inc. Common Stock",32.26,19.8,17978663972.0,43146676,2.8,-21.6,0,1,False,False,False,False,False,False,False,False,False,True,False
GNTX,Gentex Corporation - Common Stock,22.04,19.7,4672956282.0,55636232,7.6,-24.0,1,2,False,False,False,False,False,True,False,False,False,True,False
AXP,American Express Company Common Stock,305.66,19.7,203916557173.0,918790555,5.0,-21.1,0,1,False,False,False,False,False,False,False,False,False,True,False
KKR,KKR & Co. Inc. Common Stock,95.64,19.7,87259156773.0,440503076,15.7,-35.7,0,0,False,False,False,False,False,False,False,False,False,False,False
PPLI,People Incorporated - Common Stock,35.93,19.6,2678467382.0,41365337,21.5,-25.6,5,2,False,False,False,False,True,True,False,False,False,False,False
TRU,TransUnion Common Stock,67.54,19.6,13594020000.0,173189735,6.6,-24.2,0,1,False,False,False,False,False,False,False,False,False,True,False
CHKP,Check Point Software Technologies Ltd. - Ordinary Shares,136.29,19.5,14412525495.0,155548021,21.4,-35.3,0,1,False,False,False,False,False,False,False,True,False,False,False
PEP,"PepsiCo, Inc. - Common Stock",128.15,19.5,177681583020.0,1091483204,0.1,-25.3,0,0,False,False,False,False,False,False,False,False,False,False,False
TRN,"Trinity Industries, Inc. Common Stock",27.84,19.5,2234729082.0,20951606,12.4,-27.3,5,2,False,False,False,False,True,True,False,False,False,False,False
DOCS,"Doximity, Inc. Class A Common Stock",26.04,19.4,4735995689.0,120279946,51.8,-66.0,0,2,False,False,False,False,False,False,False,True,True,False,False
MAA,"Mid-America Apartment Communities, Inc. Common Stock",117.26,19.4,13665066095.0,135109966,0.5,-18.8,0,1,False,False,True,False,False,False,False,False,False,True,False
TNL,Travel   Leisure Co. Common  Stock,62.83,19.3,3861374997.0,54043900,8.2,-22.4,5,4,False,False,False,False,True,True,True,False,False,True,False
TSN,"Tyson Foods, Inc. Common Stock",51.14,19.3,18068525656.0,189619224,1.1,-26.4,5,2,False,False,False,False,True,True,False,False,False,False,False
BZ,KANZHUN LIMITED - American Depository Shares,14.22,19.2,6669030180.0,105518001,13.1,-42.3,0,0,False,False,False,False,False,False,False,False,False,False,False
CHRW,"C.H. Robinson Worldwide, Inc. - Common Stock",146.2,19.2,17489127785.0,294088841,18.2,-30.5,0,0,False,False,False,False,False,False,False,False,False,False,False
GIII,"G-III Apparel Group, LTD. - Common Stock",27.05,19.2,1155093126.0,19417879,9.9,-27.9,5,3,False,False,False,False,True,True,True,False,False,False,False
GOLF,Acushnet Holdings Corp. Common Stock,82.36,19.1,4844698400.0,33793974,12.7,-31.2,5,2,False,False,False,False,True,True,False,False,False,False,False
IIIN,"Insteel Industries, Inc. Common Stock",29.13,19.1,571649034.0,6445801,19.6,-25.7,0,0,False,False,False,False,False,False,False,False,False,False,False
AEVA,"Aeva Technologies, Inc. - Common Stock",15.62,19.0,1060921637.0,30619965,76.9,-50.1,4,3,False,False,False,False,True,True,False,False,True,False,False
BKV,BKV Corporation Common Stock,23.08,19.0,2546618304.0,37702529,14.9,-29.7,0,0,False,False,False,False,False,False,False,False,False,False,False
YUM,"Yum! Brands, Inc.",137.34,19.0,38378079584.0,374642538,2.3,-19.3,0,2,False,False,False,False,True,False,False,False,False,True,False
BBSI,"Barrett Business Services, Inc. - Common Stock",31.6,18.9,790309220.0,8118038,24.8,-32.2,0,0,False,False,False,False,False,False,False,False,False,False,False
MC,Moelis & Company Class A Common Stock,57.62,18.9,4553694376.0,56007630,12.8,-26.3,2,1,False,False,False,False,False,True,False,False,False,False,False
ALGT,Allegiant Travel Company - Common Stock,76.84,18.8,2112114951.0,44242006,34.5,-37.8,5,2,False,False,False,False,False,True,False,False,True,False,False
EXC,Exelon Corporation - Common Stock,40.2,18.8,42002413917.0,336652458,0.1,-20.6,0,2,False,False,True,False,True,False,False,False,False,True,False
BSY,"Bentley Systems, Incorporated - Class B Common Stock",31.9,18.7,9884479328.0,91087695,13.6,-44.3,0,0,False,False,False,False,False,False,False,False,False,False,False
TNDM,"Tandem Diabetes Care, Inc. - Common Stock",15.22,18.7,1139699221.0,38202258,32.8,-48.7,5,2,False,False,False,False,False,True,False,False,True,False,False
PPL,PPL Corporation Common Stock,31.97,18.7,24269571122.0,261427711,0.2,-20.3,0,2,False,False,True,False,True,False,False,False,False,True,False
CSL,Carlisle Companies Incorporated Common Stock,314.13,18.6,12865790527.0,191891466,7.1,-27.4,3,2,False,False,False,False,True,True,False,False,False,False,False
GIS,"General Mills, Inc. Common Stock",34.83,18.6,19150427687.0,342121873,9.7,-32.1,0,0,False,False,False,False,False,False,False,False,False,False,False
WDFC,WD-40 Company - Common Stock,197.19,18.5,2675361277.0,25837759,12.4,-34.0,3,2,False,False,False,False,True,True,False,False,False,False,False
AOS,A.O. Smith Corporation Common Stock,57.7,18.5,7847361005.0,93152713,6.5,-29.5,0,0,False,False,False,False,False,False,False,False,False,False,False
CARG,"CarGurus, Inc. - Class A Common Stock",30.99,18.4,2722976222.0,34618618,17.4,-24.8,0,1,False,False,False,False,False,False,False,False,False,True,False
LDOS,"Leidos Holdings, Inc. Common Stock",123.35,18.4,15647623540.0,183017817,24.8,-40.1,0,0,False,False,False,False,False,False,False,False,False,False,False
VRTS,"Virtus Investment Partners, Inc. Common Stock",129.82,18.4,847704320.0,21020119,6.8,-33.4,0,0,False,False,False,False,False,False,False,False,False,False,False
CVNA,Carvana Co. Class A Common Stock,64.18,18.3,70374658092.0,599562305,17.8,-34.1,1,1,False,False,False,False,False,True,False,False,False,False,False
STC,Stewart Information Services Corporation Common Stock,59.73,18.3,1891765894.0,15874592,4.6,-24.0,0,1,False,False,False,False,False,False,False,False,False,True,False
MIDD,The Middleby Corporation - Common Stock,108.03,18.2,5030534103.0,70477070,21.2,-27.3,4,2,False,False,False,False,True,True,False,False,False,False,False
NTGR,"NETGEAR, Inc. - Common Stock",22.12,18.2,604461427.0,8389826,16.4,-40.0,0,1,False,False,False,False,True,False,False,False,False,False,False
ALLY,Ally Financial Inc. Common Stock,38.74,18.2,11736024156.0,140734620,7.9,-18.1,5,2,False,False,False,False,False,True,False,False,False,True,False
KAI,Kadant Inc Common Stock,274.42,18.1,3287067717.0,43271298,12.1,-22.5,2,3,False,False,False,False,True,True,False,False,False,True,False
RYN,Rayonier Inc. REIT Common Stock,19.06,18.1,5909686399.0,66790242,0.0,-29.6,0,0,False,False,True,False,False,False,False,False,False,False,False
CCJ,Cameco Corporation Common Stock,88.12,18.0,39546394402.0,298912236,13.4,-34.8,5,1,False,False,False,False,False,True,False,False,False,False,False
HHH,Howard Hughes Holdings Inc. Common Stock,64.58,18.0,3807216045.0,33164239,7.5,-29.1,0,0,False,False,False,False,False,False,False,False,False,False,False
GLUE,"Monte Rosa Therapeutics, Inc. - Common Stock",11.72,17.9,1014376338.0,20898188,87.5,-54.5,0,1,False,False,False,False,False,False,False,False,True,False,False
NAD,Nuveen Quality Municipal Income Fund Common Stock,10.12,17.9,,9922967,0.3,-17.8,0,1,False,False,True,False,False,False,False,False,False,True,False
NI,NiSource Inc Common Stock,39.12,17.9,18822733925.0,238808657,0.4,-20.5,0,2,False,False,True,False,True,False,False,False,False,True,False
ANIP,"ANI Pharmaceuticals, Inc. - Common Stock",74.04,17.8,1708874692.0,29157550,6.4,-23.7,0,1,False,False,False,False,False,False,False,False,False,True,False
TAC,TransAlta Corporation Ordinary Shares,11.77,17.8,3776200000.0,22709511,3.4,-34.2,0,1,False,False,False,False,True,False,False,False,False,False,False
NVMI,Nova Ltd. - Ordinary Shares,366.8,17.7,11623986350.0,221452825,37.7,-40.5,5,3,False,False,False,False,True,True,False,False,True,False,False
PENN,"PENN Entertainment, Inc. - Common Stock",15.49,17.7,2086076156.0,50584600,33.0,-30.7,4,4,False,False,False,False,True,True,True,False,True,False,False
FIG,"Figma, Inc. Class A Common Stock",21.34,17.7,11598294706.0,455637881,28.6,-70.1,0,0,False,False,False,False,False,False,False,False,False,False,False
STEP,StepStone Group Inc. - Class A Common Stock,43.55,17.6,5434070360.0,58440132,12.1,-44.0,0,0,False,False,False,False,False,False,False,False,False,False,False
VERA,"Vera Therapeutics, Inc. - Class A Common Stock",33.34,17.6,2381693222.0,75659062,44.6,-40.5,5,2,False,False,False,False,False,True,False,False,True,False,False
MAMA,"Mama's Creations, Inc. - Common Stock",13.37,17.5,627061338.0,10182927,35.1,-36.3,5,4,False,False,False,False,True,True,True,False,True,False,False
NSSC,"NAPCO Security Technologies, Inc. - Common Stock",35.68,17.5,1286232995.0,14326999,5.2,-31.1,0,0,False,False,False,False,False,False,False,False,False,False,False
BLBD,Blue Bird Corporation - Common Stock,55.58,17.4,1840061106.0,37482775,20.5,-33.3,5,3,False,False,False,False,True,True,True,False,False,False,False
KTB,"Kontoor Brands, Inc. Common Stock ",64.41,17.4,3590196298.0,56859706,14.6,-27.6,5,3,False,False,False,False,True,True,True,False,False,False,False
WMS,"Advanced Drainage Systems, Inc. Common Stock",128.84,17.4,9783089071.0,98244930,3.3,-28.1,0,0,False,False,False,False,False,False,False,False,False,False,False
EPRT,"Essential Properties Realty Trust, Inc. Common Stock",26.47,17.3,5811255617.0,56236935,0.4,-23.8,0,2,False,False,True,False,True,False,False,False,False,True,False
MKL,Markel Group Inc. Common Stock,1735.23,17.3,21581696141.0,120202147,0.9,-21.4,0,1,False,False,False,False,False,False,False,False,False,True,False
CASH,"Pathward Financial, Inc. - Common Stock",73.5,17.2,1522064234.0,18288846,11.6,-27.4,5,2,False,False,False,False,True,True,False,False,False,False,False
MKC,"McCormick & Company, Incorporated Common Stock",47.82,17.2,13197922688.0,155500800,6.7,-34.0,0,0,False,False,False,False,False,False,False,False,False,False,False
ADSK,"Autodesk, Inc. - Common Stock",211.35,17.1,45384350000.0,511508321,13.9,-35.2,0,0,False,False,False,False,False,False,False,False,False,False,False
GBX,"Greenbrier Companies, Inc. (The) Common Stock",42.68,17.1,1331644085.0,18070874,11.6,-27.9,4,1,False,False,False,False,False,True,False,False,False,False,False
NHI,"National Health Investors, Inc. Common Stock",67.16,17.1,3300221165.0,27339133,0.9,-26.5,0,0,False,False,False,False,False,False,False,False,False,False,False
HLNE,Hamilton Lane Incorporated - Class A Common Stock,85.34,17.0,4722981677.0,62890431,18.7,-45.2,0,0,False,False,False,False,False,False,False,False,False,False,False
NVR,"NVR, Inc. Common Stock",6235.4902,17.0,16633016825.0,233988999,13.4,-24.0,0,1,False,False,False,False,False,False,False,False,False,True,False
ISRG,"Intuitive Surgical, Inc. - Common Stock",399.52,16.9,140710642535.0,1157036204,21.6,-33.8,0,1,False,False,False,False,False,False,False,True,False,False,False
BC,Brunswick Corporation Common Stock,66.16,16.9,4291533656.0,57128031,13.0,-26.7,5,1,False,False,False,False,False,True,False,False,False,False,False
CWK,Cushman & Wakefield Ltd. Common Shares,12.28,16.9,2894020020.0,25523173,6.1,-29.4,0,0,False,False,False,False,False,False,False,False,False,False,False
BEAM,Beam Therapeutics Inc. - Common Stock,24.66,16.8,2517120396.0,50898295,21.9,-35.5,5,2,False,False,False,False,True,True,False,False,False,False,False
UBER,"Uber Technologies, Inc. Common Stock",69.22,16.8,141794523600.0,1382757503,5.8,-31.7,0,0,False,False,False,False,False,False,False,False,False,False,False
ALC,Alcon Inc. Ordinary Shares,64.56,16.7,32675383000.0,128065881,4.4,-26.3,0,0,False,False,False,False,False,False,False,False,False,False,False
HSY,The Hershey Company Common Stock,166.88,16.7,33845926922.0,251292440,3.4,-30.3,2,1,False,False,False,False,False,True,False,False,False,False,False
GLPI,"Gaming and Leisure Properties, Inc. - Common Stock",38.53,16.6,11418611688.0,139768437,0.3,-22.9,0,2,False,False,True,False,True,False,False,False,False,True,False
WLDN,"Willdan Group, Inc. - Common Stock",79.63,16.6,1239282924.0,19137623,23.1,-41.9,0,0,False,False,False,False,False,False,False,False,False,False,False
VNT,Vontier Corporation Common Stock ,30.91,16.6,4234464000.0,47013930,13.4,-35.9,0,0,False,False,False,False,False,False,False,False,False,False,False
EEFT,"Euronet Worldwide, Inc. - Common Stock",64.33,16.5,2417768381.0,48062096,2.9,-29.0,0,0,False,False,False,False,False,False,False,False,False,False,False
WYFI,"WhiteFiber, Inc. - Ordinary Shares",20.26,16.5,740056648.0,52071399,92.8,-56.8,0,2,False,False,False,False,True,False,False,False,True,False,False
SHEN,Shenandoah Telecommunications Co - Common Stock,11.99,16.4,645178981.0,8425287,24.0,-30.9,1,2,False,False,False,False,True,True,False,False,False,False,False
TTWO,"Take-Two Interactive Software, Inc. - Common Stock",202.98,16.4,38577805000.0,552073981,8.2,-23.7,0,1,False,False,False,False,False,False,False,False,False,True,False
PIPR,Piper Sandler Companies Common Stock,71.08,16.4,5117942474.0,42858852,3.5,-25.2,0,0,False,False,False,False,False,False,False,False,False,False,False
OPCH,"Option Care Health, Inc. - Common Stock",22.94,16.3,3495987572.0,53579578,27.4,-37.7,0,0,False,False,False,False,False,False,False,False,False,False,False
BIPC,Brookfield Infrastructure Corporation Brookfield Infrastructure Corporation,34.53,16.3,4364593382.0,44009586,1.0,-33.2,0,0,False,False,False,False,False,False,False,False,False,False,False
PHIN,PHINIA Inc. Common Stock,59.94,16.2,2212574134.0,25958113,18.0,-31.1,5,2,False,False,False,False,True,True,False,False,False,False,False
SRE,DBA Sempra Common Stock,77.74,16.2,51658127492.0,321795101,0.1,-23.1,0,2,False,False,True,False,True,False,False,False,False,True,False
CMCSA,Comcast Corporation - Class A Common Stock,22.13,16.1,80021754721.0,709921445,4.0,-32.7,1,1,False,False,False,False,False,True,False,False,False,False,False
TATT,TAT Technologies Ltd. - Ordinary Shares,37.39,16.1,495566339.0,6012022,18.6,-42.0,0,0,False,False,False,False,False,False,False,False,False,False,False
CARR,Carrier Global Corporation Common Stock ,54.87,16.1,45420310641.0,404843248,9.2,-28.5,4,2,False,False,False,False,True,True,False,False,False,False,False
CWEN,"Clearway Energy, Inc. Class C Common Stock",29.19,16.0,4937080945.0,38368973,4.4,-30.1,0,1,False,False,False,False,True,False,False,False,False,False,False
SLVM,Sylvamo Corporation Common Stock,35.96,16.0,1456815304.0,10293205,5.0,-36.7,0,0,False,False,False,False,False,False,False,False,False,False,False
MGEE,MGE Energy Inc. - Common Stock,68.49,15.9,2677375090.0,13478554,0.3,-22.1,0,1,False,False,True,False,False,False,False,False,False,True,False
OMCL,"Omnicell, Inc. - Common Stock",33.03,15.9,1504835023.0,26383029,13.7,-39.9,0,0,False,False,False,False,False,False,False,False,False,False,False
TSSI,"TSS, Inc. - Common Stock",10.19,15.9,261872970.0,8834901,48.3,-53.2,0,3,False,False,False,False,True,False,False,True,True,False,False
AESI,Atlas Energy Solutions Inc. Common Stock,10.99,15.8,1440039756.0,41203139,43.8,-45.4,5,3,False,False,False,False,True,True,False,False,True,False,False
HUBS,"HubSpot, Inc. Common Stock",221.56,15.8,11271257412.0,423003642,30.6,-57.8,0,1,False,False,False,False,False,False,False,False,True,False,False
NPKI,NPK International Inc. Common Stock,11.68,15.7,994294859.0,10775150,8.9,-29.2,5,2,False,False,False,False,True,True,False,False,False,False,False
SEB,Seaboard Corporation Common Stock,3944.8799,15.7,3806321246.0,59591223,25.6,-34.1,5,2,False,False,False,False,True,True,False,False,False,False,False
BHF,"Brighthouse Financial, Inc. - Common Stock",53.46,15.6,2990026160.0,53412970,20.1,-20.0,0,1,False,False,False,False,False,False,False,False,False,True,False
USAR,"USA Rare Earth, Inc. - Common Stock",15.38,15.6,5937462056.0,216035969,34.3,-65.0,1,3,False,False,False,False,True,True,False,False,True,False,False
DTE,DTE Energy Company Common Stock,121.18,15.6,25571942799.0,195317676,0.1,-22.2,5,3,False,False,True,False,True,True,False,False,False,True,False
HII,"Huntington Ingalls Industries, Inc. Common Stock",266.0,15.5,10631360540.0,146504184,0.9,-42.2,0,0,False,False,False,False,False,False,False,False,False,False,False
TXT,Textron Inc. Common Stock,76.02,15.5,13210315095.0,147912307,0.2,-25.2,0,0,False,False,True,False,False,False,False,False,False,False,False
CRTO,Criteo S.A. - Ordinary Shares,16.56,15.4,810909601.0,7515159,6.3,-34.5,0,0,False,False,False,False,False,False,False,False,False,False,False
GVA,Granite Construction Incorporated Common Stock,110.93,15.4,4930072052.0,88502846,14.1,-31.6,5,2,False,False,False,False,True,True,False,False,False,False,False
CMS,CMS Energy Corporation Common Stock,62.77,15.3,19802396138.0,250208197,0.0,-21.9,0,2,False,False,True,False,True,False,False,False,False,True,False
RVLV,"Revolve Group, Inc. Class A Common Stock",20.68,15.3,1472889902.0,20494404,19.2,-34.7,0,0,False,False,False,False,False,False,False,False,False,False,False
TAP,Molson Coors Beverage Company Class B Common Stock,36.35,15.3,6827943026.0,153495858,0.6,-33.7,0,0,False,False,False,False,False,False,False,False,False,False,False
APLD,Applied Digital Corporation - Common Stock,27.06,15.2,7936703920.0,485502329,42.4,-46.7,0,2,False,False,False,False,True,False,False,False,True,False,False
STOK,"Stoke Therapeutics, Inc. - Common Stock",25.29,15.2,1684780179.0,24990651,24.5,-37.1,1,2,False,False,False,False,True,True,False,False,False,False,False
CEG,Constellation Energy Corporation - Common Stock When-Issued,261.62,15.1,93494631171.0,746580457,14.4,-36.6,0,0,False,False,False,False,False,False,False,False,False,False,False
ATMU,Atmus Filtration Technologies Inc. Common Stock,44.79,15.1,3666902983.0,33500067,5.1,-32.6,0,0,False,False,False,False,False,False,False,False,False,False,False
TDG,Transdigm Group Incorporated Common Stock,1105.28,15.1,61096037552.0,481996336,3.2,-24.5,0,1,False,False,False,False,False,False,False,False,False,True,False
LMAT,"LeMaitre Vascular, Inc. - Common Stock",80.82,15.0,1842804729.0,29460229,3.3,-31.5,0,1,False,False,False,False,True,False,False,False,False,False,False
GXO,"GXO Logistics, Inc. Common Stock ",44.17,15.0,5187183508.0,70726676,1.3,-33.9,0,0,False,False,True,False,False,False,False,False,False,False,False
DOO,BRP Inc. - Common Subordinate Voting Shares,55.39,14.9,4044183166.0,16309950,13.4,-32.4,0,0,False,False,False,False,False,False,False,False,False,False,False
DRVN,Driven Brands Holdings Inc. - Common Stock,12.04,14.9,2035026030.0,12485439,22.9,-30.4,0,0,False,False,False,False,False,False,False,False,False,False,False
NXST,"Nexstar Media Group, Inc. - Common Stock",161.53,14.8,5100930397.0,65018698,4.6,-36.5,0,0,False,False,False,False,False,False,False,False,False,False,False
RDY,Dr. Reddy's Laboratories Ltd Common Stock,12.3,14.8,10341399858.0,32843778,8.3,-21.5,0,2,False,False,False,False,False,False,False,True,False,True,False
VICI,VICI Properties Inc. Common Stock,23.27,14.8,26095538219.0,248374768,0.4,-29.5,0,0,False,False,True,False,False,False,False,False,False,False,False
UFPI,"UFP Industries, Inc. - Common Stock",78.81,14.7,4511106734.0,38020802,1.2,-33.2,0,0,False,False,False,False,False,False,False,False,False,False,False
PDI,PIMCO Dynamic Income Fund Common Stock,13.86,14.7,3369227400.0,56801625,0.9,-30.6,0,0,False,False,True,False,False,False,False,False,False,False,False
CHDN,"Churchill Downs, Incorporated - Common Stock",79.41,14.6,5608081552.0,88693292,1.7,-32.9,0,0,False,False,True,False,False,False,False,False,False,False,False
IBM,International Business Machines Corporation Common Stock,227.06,14.6,219291200616.0,1713488132,14.0,-31.7,0,0,False,False,False,False,False,False,False,False,False,False,False
RRX,Regal Rexnord Corporation Common Stock,151.11,14.6,10149932368.0,218942898,18.1,-39.0,5,2,False,False,False,False,True,True,False,False,False,False,False
AAON,"AAON, Inc. - Common Stock",84.27,14.5,6790881708.0,103694095,15.1,-44.0,0,1,False,False,False,False,True,False,False,False,False,False,False
ERIE,Erie Indemnity Company - Class A Common Stock,218.96,14.5,10428105882.0,71874903,7.0,-33.8,0,0,False,False,False,False,False,False,False,False,False,False,False
ASTS,"AST SpaceMobile, Inc. - Class A Common Stock",61.06,14.4,23342266290.0,762155268,28.5,-54.4,0,0,False,False,False,False,False,False,False,False,False,False,False
GLIBK,Liberty Capital Corporation - Series C GCI Group Common Stock,23.77,14.4,945748358.0,9512028,23.2,-42.3,0,0,False,False,False,False,False,False,False,False,False,False,False
ASMB,"Assembly Biosciences, Inc. - Common Stock",23.66,14.3,488043486.0,8288583,8.5,-40.4,0,0,False,False,False,False,False,False,False,False,False,False,False
CRI,"Carter's, Inc. Common Stock",30.26,14.3,1092891977.0,44928393,11.5,-31.9,5,2,False,False,False,False,True,True,False,False,False,False,False
JBS,JBS N.V. Class A Common Shares,11.36,14.3,12326394942.0,71819754,1.3,-39.1,0,0,False,False,True,False,False,False,False,False,False,False,False
BMI,"Badger Meter, Inc. Common Stock",130.6,14.2,3855250651.0,56977595,16.5,-36.0,0,0,False,False,False,False,False,False,False,False,False,False,False
GLOB,Globant S.A. Common Shares,34.83,14.2,1487535704.0,56809355,26.4,-51.7,0,0,False,False,False,False,False,False,False,False,False,False,False
IDXX,"IDEXX Laboratories, Inc. - Common Stock",513.39,14.1,41125318174.0,309556545,2.6,-33.3,0,0,False,False,False,False,False,False,False,False,False,False,False
MNRO,"Monro, Inc.  - Common Stock",13.98,14.1,438322121.0,14153840,26.4,-41.5,0,1,False,False,False,False,False,False,False,True,False,False,False
SAH,"Sonic Automotive, Inc. Common Stock",62.48,14.0,1971815201.0,24384276,15.5,-45.0,4,3,False,False,False,False,True,True,True,False,False,False,False
STWD,"STARWOOD PROPERTY TRUST, INC. Starwood Property Trust Inc.",14.36,14.0,5441483565.0,69048026,0.2,-28.8,0,0,False,False,True,False,False,False,False,False,False,False,False
WSO,"Watsco, Inc. Common Stock",320.21,14.0,13422226362.0,165398024,8.3,-30.2,0,1,False,False,False,False,True,False,False,False,False,False,False
PSIX,"Power Solutions International, Inc. - Common Stock",46.54,13.9,1081308296.0,16898749,84.1,-61.1,0,2,False,False,False,False,False,False,False,True,True,False,False
DBD,Diebold Nixdorf Incorporated Common stock,62.47,13.9,2139992908.0,19854062,14.7,-32.2,5,2,False,False,False,False,True,True,False,False,False,False,False
FER,Ferrovial N.V. - Ordinary Shares,55.38,13.8,39771624531.0,87590669,2.7,-26.0,0,0,False,False,False,False,False,False,False,False,False,False,False
FSV,FirstService Corporation - Common Shares,127.03,13.8,5658292099.0,31158974,6.4,-35.9,0,0,False,False,False,False,False,False,False,False,False,False,False
WH,"Wyndham Hotels & Resorts, Inc. Common Stock ",69.25,13.8,5143572866.0,94601719,3.6,-23.4,0,2,False,False,False,False,True,False,False,False,False,True,False
BRO,"Brown & Brown, Inc. Common Stock",60.33,13.7,20645459027.0,159809863,12.1,-37.5,0,0,False,False,False,False,False,False,False,False,False,False,False
NVO,Novo Nordisk A/S Common Stock,38.62,13.7,169014107948.0,582278451,10.0,-39.8,0,0,False,False,False,False,False,False,False,False,False,False,False
HAPN,"Happen, Inc. - Common Stock",15.35,13.6,1748423080.0,25184721,17.6,-29.2,0,0,False,False,False,False,False,False,False,False,False,False,False
WGO,"Winnebago Industries, Inc. Common Stock",26.9,13.6,775415735.0,15468024,2.4,-46.4,0,0,False,False,False,False,False,False,False,False,False,False,False
BKE,"Buckle, Inc. (The) Common Stock",41.54,13.5,2134675265.0,19777844,5.3,-31.4,0,0,False,False,False,False,False,False,False,False,False,False,False
RDDT,"Reddit, Inc. Class A Common Stock",152.72,13.5,29240421590.0,1024002777,28.0,-42.0,0,0,False,False,False,False,False,False,False,False,False,False,False
YOU,"Clear Secure, Inc. Class A Common Stock",38.55,13.5,5262706390.0,80921142,31.0,-44.2,5,3,False,False,False,False,True,True,False,False,True,False,False
DPZ,Domino's Pizza Inc - Common Stock,293.03,13.4,9806418706.0,297305003,3.9,-33.8,0,0,False,False,False,False,False,False,False,False,False,False,False
RRR,"Red Rock Resorts, Inc. - Class A Common Stock",51.63,13.4,5345324020.0,51031634,8.1,-25.2,3,1,False,False,False,False,False,True,False,False,False,False,False
DAKT,"Daktronics, Inc. - Common Stock",17.21,13.3,848835273.0,11031429,0.8,-39.1,2,1,False,False,True,False,False,True,False,False,False,False,False
AEO,"American Eagle Outfitters, Inc. Common Stock",16.08,13.3,2667767461.0,93741866,14.4,-43.5,0,0,False,False,False,False,False,False,False,False,False,False,False
AGX,"Argan, Inc. Common Stock",361.06,13.3,5252772845.0,179910573,50.3,-55.2,5,3,False,False,False,False,True,True,False,False,True,False,False
PTCT,"PTC Therapeutics, Inc. - Common Stock",62.28,13.2,5202946397.0,79944672,7.9,-31.5,0,0,False,False,False,False,False,False,False,False,False,False,False
TMDX,"TransMedics Group, Inc. - Common Stock",83.9,13.2,3016737615.0,68911929,39.6,-46.2,0,1,False,False,False,False,False,False,False,False,True,False,False
MP,MP Materials Corp. Common Stock,49.3,13.1,8707386637.0,314118797,30.4,-50.8,0,1,False,False,False,False,False,False,False,False,True,False,False
OTIS,Otis Worldwide Corporation Common Stock ,66.68,13.1,26007329240.0,283275827,0.2,-29.5,0,0,False,False,False,False,False,False,False,False,False,False,False
CRUS,"Cirrus Logic, Inc. - Common Stock",118.8,13.0,6036660222.0,102709738,11.8,-34.2,0,1,False,False,False,False,True,False,False,False,False,False,False
PEGA,Pegasystems Inc. - Common Stock,34.23,13.0,5783765965.0,90556262,36.4,-49.7,0,2,False,False,False,False,False,False,False,True,True,False,False
TJX,"TJX Companies, Inc. (The) Common Stock",131.63,13.0,144745586687.0,1018032025,7.2,-22.6,0,1,False,False,False,False,False,False,False,False,False,True,False
AZO,"AutoZone, Inc. Common Stock",2861.75,12.9,46418534886.0,756055388,3.5,-33.9,0,0,False,False,False,False,False,False,False,False,False,False,False
SLGN,Silgan Holdings Inc. Common Stock,35.45,12.9,3926087043.0,55670184,0.5,-28.5,3,1,False,False,True,False,False,True,False,False,False,False,False
AXON,"Axon Enterprise, Inc. - Common Stock",445.0,12.8,36606391573.0,498174357,31.3,-43.8,0,1,False,False,False,False,False,False,False,False,True,False,False
SAFE,Safehold Inc. New Common Stock ,12.38,12.8,914238175.0,5200990,0.0,-29.1,5,3,False,False,True,False,True,True,True,False,False,False,False
AVAV,"AeroVironment, Inc. - Common Stock",158.55,12.7,7924980270.0,261226678,17.3,-62.1,0,1,False,False,False,False,False,False,False,True,False,False,False
EVER,"EverQuote, Inc. - Class A Common Stock",18.06,12.7,621276810.0,17033763,30.1,-37.1,0,1,False,False,False,False,False,False,False,False,True,False,False
MAZE,"Maze Therapeutics, Inc. - Common Stock",26.21,12.7,1560376129.0,12489082,19.4,-51.1,0,0,False,False,False,False,False,False,False,False,False,False,False
FWRD,Forward Air Corporation - Common Stock,14.75,12.6,508739782.0,10257605,87.7,-52.7,0,1,False,False,False,False,False,False,False,False,True,False,False
FNF,"Fidelity National Financial, Inc. Common Stock",40.82,12.6,11223869810.0,92270876,0.0,-30.3,0,0,False,False,True,False,False,False,False,False,False,False,False
STRT,STRATTEC SECURITY CORPORATION - Common Stock,65.78,12.5,266916171.0,7024091,15.4,-29.3,5,1,False,False,False,False,False,True,False,False,False,False,False
VRSK,"Verisk Analytics, Inc. - Common Stock",168.65,12.5,22360802862.0,270974095,8.2,-33.4,0,0,False,False,False,False,False,False,False,False,False,False,False
CIM,Chimera Investment Corporation Common Stock,10.41,12.5,899902044.0,10470044,0.3,-26.6,5,2,False,False,True,False,True,True,False,False,False,False,False
FLY,Firefly Aerospace Inc. - Common Stock,23.09,12.4,3666161726.0,67992353,44.3,-62.9,1,4,False,False,False,False,True,True,False,True,True,False,False
PAC,"Grupo Aeroportuario Del Pacifico, S.A. B. de C.V. Grupo Aeroportuario Del Pacifico, S.A. de C.V. (each representing 10 Series B shares)",211.41,12.4,12341272486.0,29083092,7.3,-29.6,0,0,False,False,False,False,False,False,False,False,False,False,False
ROCK,"Gibraltar Industries, Inc. - Common Stock",39.7,12.3,1194479693.0,14952232,18.3,-47.1,0,0,False,False,False,False,False,False,False,False,False,False,False
BN,Brookfield Corporation Class A Limited Voting Shares,36.63,12.3,90898305075.0,179271022,1.1,-26.1,0,0,False,False,True,False,False,False,False,False,False,False,False
BYD,Boyd Gaming Corporation Common Stock,71.84,12.2,5212299400.0,78597935,2.8,-21.4,0,1,False,False,True,False,False,False,False,False,False,True,False
MGM,MGM Resorts International Common Stock,33.69,12.2,9777530963.0,112797661,15.4,-34.7,5,3,False,False,False,False,True,True,True,False,False,False,False
TNC,Tennant Company Common Stock,66.21,12.2,1124401533.0,15563698,10.0,-28.0,0,1,False,False,False,False,True,False,False,False,False,False,False
JEF,Jefferies Financial Group Inc. Common Stock,46.24,12.1,9102031576.0,106484954,30.1,-34.9,0,1,False,False,False,False,False,False,False,False,True,False,False
WY,Weyerhaeuser Company Common Stock,20.14,12.1,15257981120.0,130920453,0.0,-27.4,2,1,False,False,True,False,False,True,False,False,False,False,False
LASR,"nLIGHT, Inc. - Common Stock",40.62,12.0,2364144273.0,63659110,46.2,-53.3,5,3,False,False,False,False,True,True,False,False,True,False,False
PAX,Patria Investments Limited - Class A Common Shares,10.15,12.0,1661816023.0,12561395,2.5,-43.0,0,0,False,False,False,False,False,False,False,False,False,False,False
HD,"Home Depot, Inc. (The) Common Stock",292.18,12.0,296034465827.0,1324200193,1.1,-29.4,0,0,False,False,False,False,False,False,False,False,False,False,False
ABG,Asbury Automotive Group Inc Common Stock,179.94,11.9,3258631974.0,54224064,4.6,-30.5,0,0,False,False,False,False,False,False,False,False,False,False,False
HRL,Hormel Foods Corporation Common Stock,19.84,11.9,10962987936.0,103853090,0.8,-25.4,0,0,False,False,True,False,False,False,False,False,False,False,False
VC,Visteon Corporation - Common Stock,89.85,11.8,2483475760.0,46679873,7.6,-29.2,0,1,False,False,False,False,True,False,False,False,False,False,False
AGO,Assured Guaranty Ltd. Common Stock,68.4,11.8,3034125560.0,31288713,0.5,-26.0,0,0,False,False,True,False,False,False,False,False,False,False,False
MAT,"Mattel, Inc. - Common Stock",13.14,11.7,3736956000.0,57625148,3.2,-41.5,0,0,False,False,False,False,False,False,False,False,False,False,False
OSIS,"OSI Systems, Inc. - Common Stock",201.3,11.7,3236219504.0,51859911,7.9,-35.4,0,0,False,False,False,False,False,False,False,False,False,False,False
TMUS,"T-Mobile US, Inc. - Common Stock",165.35,11.7,177698779410.0,853030209,2.6,-31.8,0,0,False,False,False,False,False,False,False,False,False,False,False
GSHD,"Goosehead Insurance, Inc. - Class A Common Stock",43.65,11.6,1545652186.0,27706611,29.6,-45.5,0,0,False,False,False,False,False,False,False,False,False,False,False
ALB,Albemarle Corporation Common Stock,108.25,11.6,13390033818.0,290730322,36.5,-51.0,5,2,False,False,False,False,False,True,False,False,True,False,False
SOLS,Solstice Advanced Materials Inc. - Common Stock,56.01,11.5,9209970455.0,179993931,38.5,-38.3,1,3,False,False,False,False,True,True,False,False,True,False,False
BURL,"Burlington Stores, Inc. Common Stock",254.83,11.5,16164234129.0,363578358,12.3,-32.6,0,1,False,False,False,False,True,False,False,False,False,False,False
PII,Polaris Inc. Common Stock,52.38,11.4,3012472561.0,54251866,11.1,-32.8,0,0,False,False,False,False,False,False,False,False,False,False,False
SAM,"Boston Beer Company, Inc. (The) Common Stock",166.25,11.4,1725811987.0,46301179,4.8,-37.1,0,0,False,False,False,False,False,False,False,False,False,False,False
TPR,"Tapestry, Inc. Common Stock",112.12,11.4,22034774336.0,408774100,20.6,-32.0,5,2,False,False,False,False,True,True,False,False,False,False,False
NN,NextNav Inc. - Common stock,14.45,11.3,2429174605.0,42406698,32.9,-40.8,2,3,False,False,False,False,True,True,False,False,True,False,False
FUL,H. B. Fuller Company Common Stock,50.0,11.3,2700665906.0,39408002,7.1,-27.1,0,0,False,False,True,False,False,False,False,False,False,False,False
CNM,"Core & Main, Inc. Class A Common Stock",41.62,11.2,8145525578.0,99623010,4.0,-30.2,0,0,False,False,False,False,False,False,False,False,False,False,False
LPX,Louisiana-Pacific Corporation Common Stock,66.28,11.2,4756190348.0,81098521,2.8,-33.9,0,0,False,False,False,False,False,False,False,False,False,False,False
PEG,Public Service Enterprise Group Incorporated Common Stock,66.56,11.2,33548652219.0,222170504,0.1,-24.0,0,1,False,False,True,False,False,False,False,False,False,True,False
ORA,"Ormat Technologies, Inc. Common Stock",92.54,11.1,5893251856.0,91115444,2.1,-36.8,0,0,False,False,False,False,False,False,False,False,False,False,False
SNN,"Smith & Nephew SNATS, Inc. Common Stock",26.68,11.1,11229763686.0,51570386,0.6,-28.9,0,0,False,False,True,False,False,False,False,False,False,False,False
LKQ,LKQ Corporation - Common Stock,23.0,11.0,5927838875.0,83324432,8.6,-38.1,0,0,False,False,False,False,False,False,False,False,False,False,False
XYL,Xylem Inc. Common Stock New,102.66,11.0,25366007256.0,250933185,0.4,-33.5,0,0,False,False,True,False,False,False,False,False,False,False,False
BKNG,Booking Holdings Inc. - Common Stock,157.41,10.9,117140219950.0,1263533752,4.8,-30.0,0,0,False,False,False,False,False,False,False,False,False,False,False
PRVA,"Privia Health Group, Inc. - Common Stock",19.39,10.9,2439723354.0,27504004,2.5,-32.7,0,0,False,False,True,False,False,False,False,False,False,False,False
UVV,Universal Corporation Common Stock,42.71,10.9,1065937192.0,14965923,0.2,-28.1,0,0,False,False,True,False,False,False,False,False,False,False,False
CPB,The Campbell's Company - Common Stock,19.85,10.8,6065514983.0,151508075,1.5,-41.9,0,0,False,False,False,False,False,False,False,False,False,False,False
LAZ,"Lazard, Inc. Common Stock",36.12,10.8,3588130061.0,70467733,2.7,-38.5,0,0,False,False,False,False,False,False,False,False,False,False,False
CIGI,Colliers International Group Inc.  - Subordinate Voting Shares,92.23,10.7,4666289896.0,23848762,5.0,-46.2,0,0,False,False,False,False,False,False,False,False,False,False,False
NFLX,"Netflix, Inc. - Common Stock",71.72,10.7,297138735279.0,2770923055,10.2,-42.6,0,0,False,False,False,False,False,False,False,False,False,False,False
FBIN,"Fortune Brands Innovations, Inc. Common Stock",37.99,10.7,4659068747.0,109077195,17.5,-41.4,0,0,False,False,False,False,False,False,False,False,False,False,False
PINS,"Pinterest, Inc. Class A Common Stock",18.72,10.6,10448475348.0,272336985,35.3,-47.6,0,1,False,False,False,False,False,False,False,False,True,False,False
THO,"Thor Industries, Inc. Common Stock",70.93,10.6,3732234444.0,48698939,5.4,-42.3,0,0,False,False,False,False,False,False,False,False,False,False,False
SOFI,"SoFi Technologies, Inc.  - Common Stock",16.8,10.5,21375488862.0,985486988,12.9,-48.7,0,0,False,False,False,False,False,False,False,False,False,False,False
UPBD,"Upbound Group, Inc. - Common Stock",15.87,10.5,932207486.0,18526171,0.7,-39.1,1,3,False,False,True,False,True,True,True,False,False,False,False
AMTM,"Amentum Holdings, Inc. Common Stock",19.4,10.4,4819221400.0,43779553,1.0,-49.1,0,0,False,False,False,False,False,False,False,False,False,False,False
PL,Planet Labs PBC Class A Common Stock,17.62,10.4,5959830060.0,171154675,67.5,-66.0,5,3,False,False,False,False,True,True,False,False,True,False,False
WLK,Westlake Corporation Common Stock,66.76,10.4,8743839814.0,66536376,18.5,-46.3,2,2,False,False,False,False,True,True,False,False,False,False,False
CLB,Core Laboratories Inc. Common Stock,10.49,10.3,487752681.0,6830989,7.2,-48.5,0,0,False,False,False,False,False,False,False,False,False,False,False
MWA,MUELLER WATER PRODUCTS Common Stock,21.47,10.3,3391049748.0,28962558,0.7,-30.7,0,1,False,False,True,False,True,False,False,False,False,False,False
IRTC,"iRhythm Holdings, Inc.  - Common Stock",110.8,10.2,3683615585.0,70795285,9.9,-47.7,0,0,False,False,False,False,False,False,False,False,False,False,False
MCD,McDonald's Corporation Common Stock,237.02,10.2,168645129668.0,1291286735,1.3,-30.6,0,0,False,False,False,False,False,False,False,False,False,False,False
HLI,"Houlihan Lokey, Inc. Class A Common Stock",127.49,10.1,9081051810.0,117742496,13.0,-39.8,0,0,False,False,False,False,False,False,False,False,False,False,False
KVYO,"Klaviyo, Inc. Series A Common Stock",16.11,10.1,4777726393.0,110725396,28.6,-55.5,0,0,False,False,False,False,False,False,False,False,False,False,False
VMC,Vulcan Materials Company (Holding Company) Common Stock,241.7,10.1,31669043812.0,277391499,0.4,-27.0,0,0,False,False,False,False,False,False,False,False,False,False,False
KBH,KB Home Common Stock,47.65,10.0,2890753675.0,64090684,8.2,-29.5,0,0,False,False,False,False,False,False,False,False,False,False,False
VFC,V.F. Corporation Common Stock,13.69,10.0,5315179386.0,108098795,9.9,-38.5,0,0,False,False,False,False,False,False,False,False,False,False,False
CALM,"Cal-Maine Foods, Inc. - Common Stock",68.48,9.9,3365277148.0,77961641,0.1,-32.8,0,0,False,False,True,False,False,False,False,False,False,False,False
AON,Aon plc Class A Ordinary Shares (Ireland),276.09,9.9,59734522214.0,507513886,0.3,-27.8,0,0,False,False,True,False,False,False,False,False,False,False,False
FCN,"FTI Consulting, Inc. Common Stock",130.45,9.9,3685869147.0,61886337,0.7,-31.1,0,0,False,False,True,False,False,False,False,False,False,False,False
CCI,Crown Castle Inc. Common Stock,67.63,9.8,29879735481.0,270187630,0.1,-32.7,0,0,False,False,True,False,False,False,False,False,False,False,False
CRK,"Comstock Resources, Inc. Common Stock",13.82,9.8,3949196371.0,35375410,14.0,-50.8,0,0,False,False,False,False,False,False,False,False,False,False,False
CLX,Clorox Company (The) Common Stock,81.8,9.7,10150948560.0,282130990,0.1,-36.5,0,0,False,False,True,False,False,False,False,False,False,False,False
PBH,Prestige Consumer Healthcare Inc. Common Stock,45.65,9.7,2175438050.0,27442749,7.1,-35.8,0,0,False,False,False,False,False,False,False,False,False,False,False
CC,Chemours Company (The) Common Stock,14.19,9.6,2218355186.0,36096447,35.9,-50.5,5,3,False,False,False,False,True,True,False,False,True,False,False
EIX,Edison International Common Stock,52.54,9.6,20591396016.0,311318684,1.0,-35.6,5,2,False,False,False,False,True,True,False,False,False,False,False
HAYW,"Hayward Holdings, Inc. Common Stock",12.52,9.6,2704524671.0,41137659,0.9,-29.4,0,0,False,False,True,False,False,False,False,False,False,False,False
VERX,"Vertex, Inc. - Class A Common Stock",11.68,9.5,1901194726.0,24901779,14.4,-56.0,0,0,False,False,False,False,False,False,False,False,False,False,False
STZ,"Constellation Brands, Inc. Common Stock",114.21,9.5,19907642051.0,260964006,0.1,-32.3,0,0,False,False,True,False,False,False,False,False,False,False,False
PPC,Pilgrim's Pride Corporation - Common Stock,27.26,9.4,6578938518.0,45319175,5.3,-39.2,0,0,False,False,False,False,False,False,False,False,False,False,False
LEN,Lennar Corporation Class A Common Stock,81.47,9.4,19637771976.0,260818986,7.6,-39.1,0,0,False,False,False,False,False,False,False,False,False,False,False
SMG,Scotts Miracle-Gro Company (The) Common Stock,51.13,9.4,3075777075.0,62065416,1.0,-32.1,4,2,False,False,True,False,True,True,False,False,False,False,False
MBUU,"Malibu Boats, Inc. - Common Stock",23.42,9.3,456709576.0,6068256,2.6,-33.0,0,0,False,False,False,False,False,False,False,False,False,False,False
STN,Stantec Inc Common Stock,68.44,9.3,7944411008.0,27261090,3.3,-40.2,0,0,False,False,False,False,False,False,False,False,False,False,False
NMRK,"Newmark Group, Inc. - Class A Common Stock",13.1,9.2,2379531873.0,23869475,1.1,-34.0,0,0,False,False,True,False,False,False,False,False,False,False,False
VST,Vistra Corp. Common Stock,137.94,9.2,46307587854.0,651714278,4.0,-36.5,0,0,False,False,False,False,False,False,False,False,False,False,False
ALK,"Alaska Air Group, Inc. Common Stock",40.03,9.1,4430643864.0,117890168,21.2,-34.0,0,0,False,False,False,False,False,False,False,False,False,False,False
EXP,Eagle Materials Inc Common Stock,177.43,9.1,5470637461.0,90306486,3.2,-27.7,0,0,False,False,False,False,False,False,False,False,False,False,False
LCII,LCI Industries,83.55,9.1,2067207440.0,30773605,0.2,-47.7,0,0,False,False,True,False,False,False,False,False,False,False,False
SPXC,"SPX Technologies, Inc. Common Stock",172.48,9.0,8694905296.0,100792554,1.5,-31.3,0,0,False,False,True,False,False,False,False,False,False,False,False
TLK,"PT Telekomunikasi Indonesia, Tbk",13.3,9.0,13343680576.0,10340586,0.5,-43.5,0,0,False,False,False,False,False,False,False,False,False,False,False
SFD,"Smithfield Foods, Inc. - Common Stock",19.01,8.9,7454017469.0,38306274,1.1,-36.2,5,2,False,False,True,False,True,True,False,False,False,False,False
MEC,"Mayville Engineering Company, Inc. Common Stock",16.77,8.9,444980776.0,13781120,36.9,-56.7,5,3,False,False,False,False,True,True,False,False,True,False,False
CDRE,"Cadre Holdings, Inc. Common Stock",26.21,8.8,1143313598.0,12296310,1.9,-46.2,0,0,False,False,False,False,False,False,False,False,False,False,False
LOW,"Lowe's Companies, Inc. Common Stock",188.49,8.8,107363297076.0,648755723,0.5,-35.7,0,0,False,False,True,False,False,False,False,False,False,False,False
RSI,"Rush Street Interactive, Inc. Class A Common Stock",19.54,8.8,4765260240.0,77172368,26.0,-43.4,5,3,False,False,False,False,True,True,True,False,False,False,False
BBWI,"Bath & Body Works, Inc.",16.8,8.7,3432003227.0,115634202,17.6,-38.7,0,0,False,False,False,False,False,False,False,False,False,False,False
SARO,"StandardAero, Inc. Common Stock",22.18,8.7,7472160752.0,91452396,0.2,-35.7,0,0,False,False,True,False,False,False,False,False,False,False,False
CG,The Carlyle Group Inc. - Common Stock,39.42,8.6,14224805296.0,169038825,1.7,-43.0,0,0,False,False,True,False,False,False,False,False,False,False,False
ADNT,Adient plc Ordinary Shares ,17.0,8.6,1378493144.0,18570116,1.4,-37.8,0,0,False,False,True,False,False,False,False,False,False,False,False
LZB,La-Z-Boy Incorporated Common Stock,29.91,8.6,1201983658.0,22462075,3.0,-33.4,0,0,False,False,False,False,False,False,False,False,False,False,False
AN,"AutoNation, Inc. Common Stock",162.89,8.5,5456686030.0,96899414,0.6,-30.9,0,0,False,False,True,False,False,False,False,False,False,False,False
JBTM,JBT Marel Corporation Common Stock,110.65,8.5,5876605830.0,70480147,1.3,-35.0,0,0,False,False,False,False,False,False,False,False,False,False,False
EFX,"Equifax, Inc. Common Stock",148.8,8.4,18247754047.0,261546922,0.5,-42.4,0,0,False,False,True,False,False,False,False,False,False,False,False
LHX,"L3Harris Technologies, Inc. Common Stock",238.04,8.4,44544398293.0,441683771,0.1,-37.2,0,0,False,False,True,False,False,False,False,False,False,False,False
CPRT,"Copart, Inc. - Common Stock",28.04,8.3,26723548428.0,336140906,4.6,-38.9,0,0,False,False,False,False,False,False,False,False,False,False,False
PRKS,United Parks & Resorts Inc. Common Stock,32.67,8.3,1487648348.0,28186300,13.6,-41.4,1,3,False,False,False,False,True,True,True,False,False,False,False
SYK,Stryker Corporation Common Stock,269.75,8.3,104868870776.0,821060790,1.0,-31.3,0,0,False,False,False,False,False,False,False,False,False,False,False
HNRG,Hallador Energy Company - Common Stock,14.54,8.2,684050110.0,11680575,6.5,-41.1,0,0,False,False,False,False,False,False,False,False,False,False,False
IPGP,IPG Photonics Corporation - Common Stock,77.42,8.2,3282815720.0,40333333,11.5,-50.3,0,1,False,False,False,False,True,False,False,False,False,False,False
ENPH,"Enphase Energy, Inc. - Common Stock",32.82,8.1,4370023509.0,167689040,27.3,-55.5,4,2,False,False,False,False,True,True,False,False,False,False,False
RGTI,"Rigetti Computing, Inc.  - Common stock",16.5,8.1,5341968796.0,300127549,31.7,-71.6,0,2,False,False,False,False,False,False,False,True,True,False,False
IBP,"Installed Building Products, Inc. Common Stock",196.29,8.1,5389991304.0,86854440,1.6,-43.8,0,0,False,False,False,False,False,False,False,False,False,False,False
HWKN,"Hawkins, Inc. - Common Stock",126.62,8.0,2588305757.0,21812842,9.1,-32.0,0,0,False,False,False,False,False,False,False,False,False,False,False
ULS,UL Solutions Inc. Class A Common Stock,65.81,8.0,13200102551.0,64726632,4.2,-38.8,0,1,False,False,False,False,True,False,False,False,False,False,False
CELH,"Celsius Holdings, Inc. - Common Stock",28.43,7.9,7383562671.0,288924904,20.7,-57.4,0,0,False,False,False,False,False,False,False,False,False,False,False
NXT,Nextpower Inc. - Class A Common Stock,79.97,7.9,12412992031.0,234122423,15.5,-51.0,0,1,False,False,False,False,True,False,False,False,False,False,False
FTAI,FTAI Aviation Ltd. - Common Stock,174.53,7.8,19104545997.0,307291971,16.7,-46.1,5,2,False,False,False,False,True,True,False,False,False,False,False
MMYT,MakeMyTrip Limited - Ordinary Shares,46.87,7.8,4401004795.0,38638993,43.5,-53.7,0,1,False,False,False,False,False,False,False,False,True,False,False
AAP,Advance Auto Parts Inc.,41.43,7.8,2482440000.0,94480510,9.3,-36.5,0,1,False,False,False,False,True,False,False,False,False,False,False
TSCO,Tractor Supply Company - Common Stock,31.44,7.7,16824386024.0,348937298,10.9,-46.4,0,0,False,False,False,False,False,False,False,False,False,False,False
HDB,HDFC Bank Limited Common Stock,22.83,7.7,116938288065.0,233825452,4.9,-39.0,0,0,False,False,False,False,False,False,False,False,False,False,False
PHR,"Phreesia, Inc. Common Stock",10.0,7.6,600846738.0,8559376,28.7,-60.0,0,0,False,False,False,False,False,False,False,False,False,False,False
SHAK,"Shake Shack, Inc. Class A Common Stock",57.45,7.6,2502453905.0,102195342,11.3,-46.5,0,0,False,False,False,False,False,False,False,False,False,False,False
WSC,WillScot Holdings Corporation - Class A Common Stock,17.75,7.5,3243318148.0,61999892,19.0,-40.4,4,2,False,False,False,False,True,True,False,False,False,False,False
XENE,Xenon Pharmaceuticals Inc. - Common Shares,38.06,7.5,3540486194.0,61949191,5.8,-47.6,5,3,False,False,False,False,True,True,True,False,False,False,False
VVV,Valvoline Inc. Common Stock,28.35,7.5,3668109518.0,76496153,8.2,-31.0,0,1,False,False,False,False,True,False,False,False,False,False,False
PWP,Perella Weinberg Partners - Class A Common Stock,13.81,7.4,1302998655.0,19098814,10.3,-46.7,0,0,False,False,False,False,False,False,False,False,False,False,False
ORCL,Oracle Corporation Common Stock,139.54,7.4,437111276160.0,4400788747,21.9,-56.7,0,0,False,False,False,False,False,False,False,False,False,False,False
GILT,Gilat Satellite Networks Ltd. - Ordinary Shares,10.02,7.3,753200061.0,6003182,6.9,-52.1,0,0,False,False,False,False,False,False,False,False,False,False,False
TBBK,"The Bancorp, Inc. - Common Stock",49.99,7.3,2020578518.0,29700212,3.3,-38.8,0,0,False,False,False,False,False,False,False,False,False,False,False
FG,"F&G Annuities & Life, Inc. Common Stock",21.62,7.3,2839984683.0,17202426,5.1,-38.8,0,0,False,False,False,False,False,False,False,False,False,False,False
DKNG,DraftKings Inc. - Class A Common Stock,21.27,7.2,10549648520.0,288170022,4.0,-51.3,0,0,False,False,False,False,False,False,False,False,False,False,False
ROOT,"Root, Inc. - Common Stock",47.81,7.2,724464464.0,13042774,16.9,-53.7,0,0,False,False,False,False,False,False,False,False,False,False,False
KMPR,Kemper Corporation,25.2,7.1,1523163531.0,24039269,11.1,-51.9,0,0,False,False,False,False,False,False,False,False,False,False,False
MLM,"Martin Marietta Materials, Inc. Common Stock",480.1,7.1,29459290738.0,361491236,0.6,-32.5,0,0,False,False,True,False,False,False,False,False,False,False,False
TLN,Talen Energy Corporation - Common Stock,300.01,7.0,14390568548.0,258354655,7.2,-33.5,0,0,False,False,False,False,False,False,False,False,False,False,False
KEP,Korea Electric Power Corporation Common Stock,10.85,7.0,13981977597.0,12264468,0.7,-53.7,0,0,False,False,True,False,False,False,False,False,False,False,False
RBLX,Roblox Corporation Class A Common Stock,48.83,7.0,34997277350.0,524463245,44.1,-65.6,0,2,False,False,False,False,False,False,False,True,True,False,False
HROW,"Harrow, Inc. - Common Stock",33.1,6.9,1259591760.0,22133332,16.0,-39.7,0,0,False,False,False,False,False,False,False,False,False,False,False
FN,Fabrinet Ordinary Shares,398.36,6.9,14364405234.0,407535257,12.4,-46.8,0,1,False,False,False,False,True,False,False,False,False,False,False
ALMU,"Aeluma, Inc. - Common Stock",13.36,6.8,253921544.0,8252808,30.5,-58.0,0,2,False,False,False,False,True,False,False,False,True,False,False
RCL,Royal Caribbean Cruises Ltd. Common Stock,238.98,6.8,61594214945.0,645144228,7.5,-32.9,2,1,False,False,False,False,False,True,False,False,False,False,False
SGI,Somnigroup International Inc. Common Stock,62.31,6.8,14475137875.0,216059558,3.2,-36.8,0,0,False,False,False,False,False,False,False,False,False,False,False
ASTE,"Astec Industries, Inc. - Common Stock",40.59,6.7,952789686.0,11234213,2.2,-38.2,0,1,False,False,True,False,True,False,False,False,False,False,False
BEPC,Brookfield Renewable Corporation Brookfield Renewable Corporation Class A Subordinate Voting Shares,28.38,6.7,11012615757.0,60206440,1.0,-37.2,0,0,False,False,True,False,False,False,False,False,False,False,False
COO,"The Cooper Companies, Inc.  - Common Stock",55.38,6.6,10662007335.0,190429176,8.6,-38.4,0,0,False,False,False,False,False,False,False,False,False,False,False
SEDG,"SolarEdge Technologies, Inc. - Common Stock",31.91,6.6,2051883696.0,119936382,13.1,-60.7,0,1,False,False,False,False,True,False,False,False,False,False,False
EVR,Evercore Inc. Class A Common Stock,256.93,6.5,9994791924.0,155470063,1.0,-33.9,0,0,False,False,True,False,False,False,False,False,False,False,False
KD,"Kyndryl Holdings, Inc. Common Stock",11.74,6.5,2637779165.0,51980147,16.2,-63.4,0,0,False,False,False,False,False,False,False,False,False,False,False
MMS,"Maximus, Inc. Common Stock",52.62,6.5,2816324072.0,36413497,1.1,-47.4,0,0,False,False,True,False,False,False,False,False,False,False,False
AMSC,American Superconductor Corporation - Common Stock,30.42,6.4,1504128540.0,22246653,22.3,-56.8,0,1,False,False,False,False,True,False,False,False,False,False,False
FWRG,"First Watch Restaurant Group, Inc. - Common Stock",10.22,6.4,629466837.0,13680270,3.4,-45.7,0,0,False,False,False,False,False,False,False,False,False,False,False
TTAN,"ServiceTitan, Inc. - Class A Common Stock",59.98,6.3,5947246220.0,166472881,13.2,-46.1,0,0,False,False,False,False,False,False,False,False,False,False,False
CSV,"Carriage Services, Inc. Common Stock",31.98,6.3,503786429.0,5794309,6.2,-38.6,0,0,False,False,False,False,False,False,False,False,False,False,False
ACI,"Albertsons Companies, Inc. Class A Common Stock",11.95,6.2,5678310491.0,104379266,10.0,-40.3,0,0,False,False,False,False,False,False,False,False,False,False,False
ONT,"Onterris, Inc. Common Stock",16.82,6.2,597698556.0,11804642,32.6,-45.6,0,1,False,False,False,False,False,False,False,False,True,False,False
POST,"Post Holdings, Inc. Common Stock",74.14,6.2,3332365387.0,81762894,0.0,-36.8,0,0,False,False,True,False,False,False,False,False,False,False,False
QBTS,D-Wave Quantum Inc. - Common Stock,17.48,6.1,6381523617.0,313112976,37.1,-62.6,0,1,False,False,False,False,False,False,False,False,True,False,False
RBA,"RB Global, Inc. Common Stock",82.46,6.1,15036668543.0,162521333,3.4,-30.9,0,0,False,False,False,False,False,False,False,False,False,False,False
ALKT,"Alkami Technology, Inc. - Common Stock",14.18,6.0,1561352908.0,28751983,3.1,-46.3,0,0,False,False,True,False,False,False,False,False,False,False,False
FND,"Floor & Decor Holdings, Inc. Common Stock",46.42,6.0,5046559441.0,131308107,8.9,-44.7,0,0,False,False,False,False,False,False,False,False,False,False,False
MIR,"Mirion Technologies, Inc. Class A Common Stock",15.7,6.0,4079236658.0,61293680,11.3,-48.1,0,0,False,False,False,False,False,False,False,False,False,False,False
TRUP,"Trupanion, Inc. - Common Stock",22.42,5.9,1003805340.0,13341595,6.0,-52.3,0,0,False,False,False,False,False,False,False,False,False,False,False
ONON,On Holding AG Class A Ordinary Shares,30.46,5.9,18199481071.0,273664778,15.5,-40.4,0,0,False,False,False,False,False,False,False,False,False,False,False
CLBT,Cellebrite DI Ltd. - Ordinary Shares,11.37,5.8,2890422190.0,37177262,18.7,-43.1,0,0,False,False,False,False,False,False,False,False,False,False,False
MATW,Matthews International Corporation - Class A Common Stock,19.22,5.8,615211640.0,17341421,0.3,-37.9,0,0,False,False,True,False,False,False,False,False,False,False,False
BL,"BlackLine, Inc. - Common Stock",27.89,5.7,1635063845.0,31034417,12.9,-53.2,0,0,False,False,False,False,False,False,False,False,False,False,False
SDOT,Sadot Group Inc. - Common Stock,11.23,5.7,16134043.0,39059626,327.0,-95.7,0,1,False,False,False,False,False,False,False,False,True,False,False
CCL,Carnival Corporation Ltd. Common Shares,21.79,5.7,29858350794.0,498699461,1.6,-36.0,0,0,False,False,True,False,False,False,False,False,False,False,False
HUBG,"Hub Group, Inc. - Class A Common Stock",30.03,5.6,1920220214.0,47804653,0.4,-43.6,0,0,False,False,True,False,False,False,False,False,False,False,False
STAA,STAAR Surgical Company - Common Stock,19.08,5.6,992850883.0,25085880,22.4,-46.8,0,1,False,False,False,False,True,False,False,False,False,False,False
AORT,"Artivion, Inc. Common Stock",23.03,5.5,1147233880.0,17902501,20.2,-52.3,0,0,False,False,False,False,False,False,False,False,False,False,False
AS,"Amer Sports, Inc. Ordinary Shares",26.77,5.5,15001252710.0,209220811,2.6,-37.4,0,0,False,False,False,False,False,False,False,False,False,False,False
PSN,Parsons Corporation Common Stock,42.44,5.5,4680212365.0,68582795,17.0,-52.6,0,0,False,False,False,False,False,False,False,False,False,False,False
ASR,"Grupo Aeroportuario del Sureste, S.A. de C.V. Common Stock",238.3,5.4,7184700000.0,15045572,1.1,-37.5,0,0,False,False,True,False,False,False,False,False,False,False,False
ENOV,Enovis Corporation Common Stock,18.27,5.4,1051891571.0,33549933,5.6,-46.7,0,0,False,False,False,False,False,False,False,False,False,False,False
CPRI,Capri Holdings Limited Ordinary Shares,15.19,5.3,1753644466.0,69934235,22.5,-46.3,0,1,False,False,False,False,False,False,False,True,False,False,False
PCG,Pacific Gas & Electric Co. Common Stock,12.32,5.3,33260171255.0,597997944,2.5,-35.7,0,1,False,False,True,False,True,False,False,False,False,False,False
SHOE,"Shoe Station Group, Inc. - Common Stock",13.22,5.2,356379815.0,13794501,29.6,-41.9,0,0,False,False,False,False,False,False,False,False,False,False,False
BBUC,Brookfield Business Corporation Class A Subordinate Voting Shares,25.07,5.2,5307687000.0,9474724,0.9,-34.5,0,0,False,False,True,False,False,False,False,False,False,False,False
REZI,"Resideo Technologies, Inc. Common Stock ",18.3,5.2,2836509021.0,54904285,0.9,-41.9,0,0,False,False,True,False,False,False,False,False,False,False,False
KTOS,"Kratos Defense & Security Solutions, Inc. - Common Stock",47.02,5.1,8665216454.0,191971614,9.1,-64.9,0,0,False,False,False,False,False,False,False,False,False,False,False
RH,RH Common Stock,121.19,5.1,2358882280.0,122188072,14.0,-49.4,0,0,False,False,False,False,False,False,False,False,False,False,False
MZTI,The Marzetti Company - Common Stock,101.14,5.0,2786956920.0,40843770,3.2,-43.1,0,0,False,False,False,False,False,False,False,False,False,False,False
CHWY,"Chewy, Inc. Class A Common Stock",18.32,5.0,7455750469.0,183266930,5.3,-54.8,0,0,False,False,False,False,False,False,False,False,False,False,False
FISV,"Fiserv, Inc. - Common Stock",45.98,4.9,24434680830.0,381036661,1.9,-65.2,0,0,False,False,False,False,False,False,False,False,False,False,False
DECK,Deckers Outdoor Corporation Common Stock,78.68,4.9,10720794100.0,250324908,1.7,-35.7,0,0,False,False,False,False,False,False,False,False,False,False,False
NXRT,"NexPoint Residential Trust, Inc. Common Stock",20.18,4.9,529903122.0,10894726,1.6,-39.5,0,0,False,False,True,False,False,False,False,False,False,False,False
SFM,"Sprouts Farmers Market, Inc. - Common Stock",65.42,4.8,6160870584.0,147573067,1.0,-45.5,0,1,False,False,False,False,True,False,False,False,False,False,False
AMRC,"Ameresco, Inc. Class A Common Stock",21.67,4.8,1206194976.0,16546646,17.9,-51.8,0,0,False,False,False,False,False,False,False,False,False,False,False
ROAD,"Construction Partners, Inc. - Common Stock",89.85,4.7,5361078419.0,95103782,1.3,-40.5,0,0,False,False,True,False,False,False,False,False,False,False,False
BGSI,Boyd Group Services Inc. Common Shares,79.18,4.7,2216058590.0,5538324,0.7,-56.8,0,0,False,False,True,False,False,False,False,False,False,False,False
MTZ,"MasTec, Inc. Common Stock",211.95,4.7,17467932289.0,419538135,16.2,-52.0,5,2,False,False,False,False,True,True,False,False,False,False,False
LIF,"Life360, Inc. - Common Stock",41.26,4.6,3320325037.0,37581855,11.5,-63.3,0,0,False,False,False,False,False,False,False,False,False,False,False
CRH,CRH PLC Ordinary Shares,83.96,4.6,57047799789.0,432593674,0.6,-36.2,0,0,False,False,True,False,False,False,False,False,False,False,False
ETOR,eToro Group Ltd. - Class A Common Shares,26.81,4.5,2189249331.0,35511433,8.4,-42.1,0,1,False,False,False,False,True,False,False,False,False,False,False
SITE,"SiteOne Landscape Supply, Inc. Common Stock",92.18,4.5,4093565920.0,87809712,6.9,-45.3,0,0,False,False,False,False,False,False,False,False,False,False,False
FSLR,"First Solar, Inc. - Common Stock",172.16,4.4,20630975202.0,499303410,0.8,-46.4,0,0,False,False,True,False,False,False,False,False,False,False,False
BIRK,Birkenstock Holding plc Ordinary Shares,31.79,4.4,5188265330.0,88143120,6.2,-37.3,0,0,False,False,False,False,False,False,False,False,False,False,False
OLN,Olin Corporation Common Stock,16.26,4.4,1911486357.0,55058154,0.2,-46.6,0,1,False,False,True,False,True,False,False,False,False,False,False
CTRI,"Centuri Holdings, Inc. Common Stock",20.39,4.3,2036424779.0,42160941,7.1,-52.6,0,1,False,False,False,False,True,False,False,False,False,False,False
HGV,Hilton Grand Vacations Inc. Common Stock ,35.08,4.3,2766979562.0,47973531,1.4,-36.7,0,1,False,False,True,False,True,False,False,False,False,False,False
LINC,Lincoln Educational Services Corporation - Common Stock,23.88,4.2,764170429.0,29267169,38.1,-57.6,5,3,False,False,False,False,True,True,False,False,True,False,False
CAVA,"CAVA Group, Inc. Common Stock",53.51,4.2,6202409114.0,218985055,23.3,-45.8,4,2,False,False,False,False,True,True,False,False,False,False,False
OXM,"Oxford Industries, Inc. Common Stock",26.07,4.2,394527737.0,14188863,0.2,-47.4,0,1,False,False,True,False,True,False,False,False,False,False,False
LVS,Las Vegas Sands Corp. Common Stock,38.65,4.1,25383409401.0,245756375,1.6,-45.1,0,0,False,False,True,False,False,False,False,False,False,False,False
RKT,"Rocket Companies, Inc. Class A Common Stock",11.93,4.1,34404455415.0,401458200,4.0,-51.0,0,0,False,False,True,False,False,False,False,False,False,False,False
ALNY,"Alnylam Pharmaceuticals, Inc. - Common Stock",249.59,4.0,32985285678.0,444471342,26.2,-49.6,0,1,False,False,False,False,False,False,False,True,False,False,False
IMXI,"International Money Express, Inc. - Common Stock",10.57,4.0,345318897.0,8097757,2.1,-33.7,0,0,False,False,True,False,False,False,False,False,False,False,False
EYE,"National Vision Holdings, Inc. - Common Stock",16.41,3.9,1293573961.0,40909589,11.3,-45.3,0,0,False,False,False,False,False,False,False,False,False,False,False
DY,"Dycom Industries, Inc. Common Stock",272.1,3.9,8473419260.0,205951446,2.0,-52.0,0,1,False,False,False,False,True,False,False,False,False,False,False
FIS,"Fidelity National Information Services, Inc. Common Stock",34.99,3.9,17879524142.0,251357892,2.3,-49.4,0,0,False,False,False,False,False,False,False,False,False,False,False
NAMS,NewAmsterdam Pharma Company N.V. - Ordinary Shares,22.74,3.8,2711102993.0,34910194,8.2,-46.1,0,0,False,False,False,False,False,False,False,False,False,False,False
NKE,"Nike, Inc. Common Stock",35.99,3.8,53480128243.0,1054398510,1.8,-53.2,0,0,False,False,False,False,False,False,False,False,False,False,False
OLED,Universal Display Corporation - Common Stock,73.44,3.7,3526115913.0,64193838,0.3,-52.1,0,0,False,False,True,False,False,False,False,False,False,False,False
POOL,Pool Corporation - Common Stock,161.71,3.7,6054731858.0,149862622,0.8,-48.6,0,0,False,False,True,False,False,False,False,False,False,False,False
WYNN,"Wynn Resorts, Limited - Common Stock",80.19,3.6,8387223422.0,163558833,4.1,-40.5,0,0,False,False,True,False,False,False,False,False,False,False,False
GIL,"Gildan Activewear, Inc. Class A Sub. Vot. Common Stock",40.63,3.6,8554011459.0,74101005,1.2,-44.9,0,0,False,False,True,False,False,False,False,False,False,False,False
UUUU,Energy Fuels Inc Ordinary Shares (Canada),11.32,3.6,2898457200.0,93006629,5.9,-59.4,0,0,False,False,False,False,False,False,False,False,False,False,False
BOOT,"Boot Barn Holdings, Inc. Common Stock",126.0,3.5,3770160230.0,104002961,4.4,-40.1,0,0,False,False,False,False,False,False,False,False,False,False,False
BWXT,"BWX Technologies, Inc. Common Stock",138.68,3.5,12992912984.0,164202816,0.0,-42.7,0,0,False,False,True,False,False,False,False,False,False,False,False
CSIQ,Canadian Solar Inc. - Common Shares,10.95,3.4,769041650.0,27295674,2.4,-68.3,0,0,False,False,True,False,False,False,False,False,False,False,False
BSX,Boston Scientific Corporation Common Stock,44.68,3.4,64664621450.0,965923231,5.9,-57.7,0,0,False,False,False,False,False,False,False,False,False,False,False
TGLS,Tecnoglass Holdings Inc. Common Stock,34.79,3.4,1563409068.0,11093343,1.8,-50.6,0,0,False,False,True,False,False,False,False,False,False,False,False
INTU,Intuit Inc. - Common Stock,277.13,3.3,76643284800.0,1262782357,9.6,-60.6,0,0,False,False,False,False,False,False,False,False,False,False,False
LMND,"Lemonade, Inc. Common Stock",45.28,3.3,3433313841.0,66287390,4.6,-54.7,0,0,False,False,True,False,False,False,False,False,False,False,False
CALX,"Calix, Inc Common Stock",33.27,3.2,2174776180.0,41439415,2.2,-53.3,0,0,False,False,True,False,False,False,False,False,False,False,False
LII,"Lennox International, Inc. Common Stock",367.78,3.2,12868321730.0,226131735,5.0,-37.4,0,0,False,False,False,False,False,False,False,False,False,False,False
BXMT,"Blackstone Mortgage Trust, Inc. Common Stock",12.39,3.1,2118592939.0,34059158,0.6,-40.1,0,0,False,False,True,False,False,False,False,False,False,False,False
CPS,Cooper-Standard Holdings Inc. Common Stock,22.22,3.1,408869476.0,5592062,1.0,-53.7,0,0,False,False,True,False,False,False,False,False,False,False,False
GPGI,"GPGI, Inc. Class A Common Stock",11.93,3.1,3490276587.0,20441857,6.3,-55.5,0,0,False,False,False,False,False,False,False,False,False,False,False
LULU,lululemon athletica inc. - Common Stock,101.64,3.0,10800160866.0,534241002,6.6,-55.0,0,0,False,False,False,False,False,False,False,False,False,False,False
LEU,Centrus Energy Corp. Class A Common Stock,147.32,3.0,2985937619.0,118452895,8.4,-68.3,0,0,False,False,False,False,False,False,False,False,False,False,False
CAR,"Avis Budget Group, Inc. - Common Stock",103.54,2.9,3732872425.0,61050448,20.5,-87.8,0,1,False,False,False,False,True,False,False,False,False,False,False
GPI,"Group 1 Automotive, Inc. Common Stock",247.79,2.9,2950869910.0,63348166,0.6,-46.3,0,0,False,False,False,False,False,False,False,False,False,False,False
ZTS,Zoetis Inc. Class A Common Stock,70.27,2.9,29590942139.0,427741883,0.5,-52.8,0,0,False,False,True,False,False,False,False,False,False,False,False
FOUR,"Shift4 Payments, Inc. Class A Common Stock",38.16,2.8,3036806215.0,81362991,10.4,-56.0,0,0,False,False,False,False,False,False,False,False,False,False,False
YELP,Yelp Inc. Common Stock,18.37,2.8,962094000.0,26559754,4.1,-46.7,0,0,False,False,False,False,False,False,False,False,False,False,False
AMSF,"AMERISAFE, Inc. - Common Stock",23.83,2.7,451723733.0,11719987,0.1,-46.6,0,0,False,False,True,False,False,False,False,False,False,False,False
AMRZ,Amrize Ltd Ordinary Shares,37.23,2.7,20728481908.0,172252529,1.0,-43.5,0,0,False,False,True,False,False,False,False,False,False,False,False
SRAD,Sportradar Group AG - Class A Ordinary Shares,13.09,2.6,4105844484.0,32207702,13.3,-58.0,0,0,False,False,False,False,False,False,False,False,False,False,False
PAR,PAR Technology Corporation Common Stock,13.94,2.6,607204553.0,15909697,20.3,-67.5,0,0,False,False,False,False,False,False,False,False,False,False,False
WD,"Walker & Dunlop, Inc Common Stock",37.31,2.6,1268679535.0,18262121,2.1,-58.5,0,0,False,False,True,False,False,False,False,False,False,False,False
ACM,AECOM Common Stock,58.52,2.5,7908395316.0,135443937,0.2,-56.8,0,0,False,False,True,False,False,False,False,False,False,False,False
FICO,Fair Isaac Corporation Common Stock,856.48,2.5,18997711699.0,396615339,0.2,-57.1,0,0,False,False,True,False,False,False,False,False,False,False,False
PATK,"Patrick Industries, Inc. - Common Stock",67.76,2.4,2221941504.0,43873641,0.4,-54.4,0,0,False,False,True,False,False,False,False,False,False,False,False
WINA,Winmark Corporation - Common Stock,292.82,2.4,1046255143.0,22009557,4.6,-44.5,0,0,False,False,False,False,False,False,False,False,False,False,False
CHTR,"Charter Communications, Inc. - Class A Common Stock",117.55,2.3,13360881342.0,420491659,5.4,-58.9,0,0,False,False,False,False,False,False,False,False,False,False,False
PRCT,PROCEPT BioRobotics Corporation - Common Stock,17.5,2.3,1036080491.0,28394967,5.0,-56.2,0,0,False,False,False,False,False,False,False,False,False,False,False
PFSI,"PennyMac Financial Services, Inc. Common Stock",65.26,2.3,3408542639.0,44910666,1.0,-59.3,0,0,False,False,True,False,False,False,False,False,False,False,False
KRUS,"Kura Sushi USA, Inc. - Class A Common Stock",38.91,2.2,451973899.0,9092051,14.5,-51.9,0,0,False,False,False,False,False,False,False,False,False,False,False
CPNG,"Coupang, Inc. Class A Common Stock",13.88,2.2,25668467105.0,275532163,0.0,-57.9,0,0,False,False,True,False,False,False,False,False,False,False,False
UPST,"Upstart Holdings, Inc. - Common stock",24.64,2.1,2379303975.0,122033061,3.9,-63.0,0,0,False,False,True,False,False,False,False,False,False,False,False
ZG,"Zillow Group, Inc. - Class A Common Stock",28.91,2.1,6600079900.0,38365138,1.9,-63.4,0,0,False,False,True,False,False,False,False,False,False,False,False
ATS,ATS Corporation Common Shares,18.89,2.1,1863513710.0,5388084,2.6,-47.3,0,0,False,False,False,False,False,False,False,False,False,False,False
ALIT,"Alight, Inc. Class A Common Stock",11.28,2.0,337816226.0,8069577,17.7,-83.3,0,0,False,False,False,False,False,False,False,False,False,False,False
ESAB,ESAB Corporation Common Stock,67.89,2.0,4185758647.0,62042107,4.7,-50.6,0,0,False,False,False,False,False,False,False,False,False,False,False
CSGP,"CoStar Group, Inc. - Common Stock",27.855,1.9,11450883837.0,217890057,7.6,-67.8,0,0,False,False,False,False,False,False,False,False,False,False,False
PODD,Insulet Corporation - Common Stock,135.78,1.9,9466154622.0,247992829,7.4,-61.7,0,0,False,False,False,False,False,False,False,False,False,False,False
FUN,Six Flags Entertainment Corporation Common Stock New,12.4,1.8,1271791758.0,33618211,3.3,-54.7,0,1,False,False,False,False,True,False,False,False,False,False,False
NRG,"NRG Energy, Inc. Common Stock",97.85,1.8,21172399848.0,344151256,0.3,-48.5,0,0,False,False,True,False,False,False,False,False,False,False,False
TPB,"Turning Point Brands, Inc. Common Stock",60.12,1.8,1212959781.0,26092996,2.6,-59.1,0,0,False,False,True,False,False,False,False,False,False,False,False
JBGS,JBG SMITH Properties Common Shares ,10.41,1.7,794686471.0,10922595,0.0,-56.3,0,0,False,False,True,False,False,False,False,False,False,False,False
KNF,Knife Riv Holding Co. Common Stock,53.37,1.7,2919342691.0,55943980,5.3,-44.6,0,1,False,False,False,False,True,False,False,False,False,False,False
IIIV,"i3 Verticals, Inc. - Common Stock",15.13,1.6,397462336.0,8734514,6.8,-55.5,0,0,False,False,False,False,False,False,False,False,False,False,False
Z,"Zillow Group, Inc. - Class C Capital Stock",28.14,1.6,6442667432.0,124302487,1.8,-65.6,0,0,False,False,True,False,False,False,False,False,False,False,False
WHR,Whirlpool Corporation Common Stock,32.98,1.6,2147015518.0,93379834,4.6,-65.2,0,0,False,False,False,False,False,False,False,False,False,False,False
NCLH,Norwegian Cruise Line Holdings Ltd. Ordinary Shares,14.19,1.5,6511283656.0,268287718,4.1,-45.6,0,0,False,False,False,False,False,False,False,False,False,False,False
PRIM,Primoris Services Corporation Common Stock,72.25,1.5,3990052077.0,102237900,11.2,-64.8,0,0,False,False,False,False,False,False,False,False,False,False,False
QDEL,QuidelOrtho Corporation - Common Stock,10.69,1.4,709069915.0,20279881,7.8,-70.0,0,0,False,False,False,False,False,False,False,False,False,False,False
BROS,Dutch Bros Inc. Class A Common Stock,38.51,1.4,6713018346.0,202998972,2.1,-48.0,0,0,False,False,False,False,False,False,False,False,False,False,False
NNE,Nano Nuclear Energy Inc. - common stock,17.02,1.3,913405463.0,34318093,15.7,-72.0,0,0,False,False,False,False,False,False,False,False,False,False,False
DFH,"Dream Finders Homes, Inc. Class A Common Stock",11.09,1.3,1052923422.0,10123947,2.1,-59.7,0,0,False,False,True,False,False,False,False,False,False,False,False
QXO,"QXO, Inc. Common Stock",12.26,1.3,12740385907.0,245282240,10.1,-55.6,0,0,False,False,False,False,False,False,False,False,False,False,False
APTV,Aptiv PLC Ordinary Shares,43.58,1.2,9378797561.0,210116078,1.4,-51.0,0,0,False,False,False,False,False,False,False,False,False,False,False
DKS,Dick's Sporting Goods Inc Common Stock,133.25,1.2,11770318952.0,485927408,10.9,-45.5,0,0,False,False,False,False,False,False,False,False,False,False,False
REAX,"The Real Brokerage, Inc. - Common Shares",15.48,1.1,331649600.0,16220899,8.6,-70.0,0,0,False,False,True,False,False,False,False,False,False,False,False
BLDR,"Builders FirstSource, Inc. Common Stock",58.28,1.1,6365406396.0,183221720,3.0,-55.7,0,0,False,False,False,False,False,False,False,False,False,False,False
LMB,"Limbach Holdings, Inc. - Common Stock",51.33,1.0,609605642.0,19922903,26.0,-55.3,0,0,False,False,False,False,False,False,False,False,False,False,False
VITL,"Vital Farms, Inc. - Common Stock",10.09,1.0,442623992.0,18165816,26.9,-77.7,0,0,False,False,False,False,False,False,False,False,False,False,False
FLUT,Flutter Entertainment plc Ordinary Shares,81.89,1.0,15046305881.0,295526051,1.5,-71.5,0,0,False,False,True,False,False,False,False,False,False,False,False
MLTX,MoonLake Immunotherapeutics - Class A Ordinary Shares,12.12,0.9,1097876237.0,20923928,103.7,-80.7,2,3,False,False,False,False,True,True,False,False,True,False,False
UTI,Universal Technical Institute Inc Common Stock,20.67,0.9,1125044617.0,44067473,5.9,-59.7,0,1,False,False,False,False,True,False,False,False,False,False,False
COLL,"Collegium Pharmaceutical, Inc. - Common Stock",22.64,0.8,730873512.0,20532897,4.6,-55.4,0,0,False,False,False,False,False,False,False,False,False,False,False
IONS,"Ionis Pharmaceuticals, Inc. - Common Stock",43.81,0.8,7300477265.0,178498480,1.9,-49.5,0,0,False,False,False,False,False,False,False,False,False,False,False
KLAR,Klarna Group plc Ordinary Shares,12.87,0.8,9131039817.0,96585292,6.7,-71.2,0,0,False,False,False,False,False,False,False,False,False,False,False
PNR,Pentair plc. Ordinary Share,53.03,0.7,8819996738.0,227161559,0.7,-53.5,0,0,False,False,True,False,False,False,False,False,False,False,False
ROL,"Rollins, Inc. Common Stock",30.4,0.7,15632414176.0,220695696,0.9,-54.0,0,0,False,False,True,False,False,False,False,False,False,False,False
APP,Applovin Corporation - Class A Common Stock,312.47,0.6,105498727750.0,2095630773,5.0,-58.1,0,0,False,False,False,False,False,False,False,False,False,False,False
BBW,"Build-A-Bear Workshop, Inc. Common Stock",25.1,0.6,319809937.0,19328027,3.9,-66.3,0,0,False,False,False,False,False,False,False,False,False,False,False
MPLT,"MapLight Therapeutics, Inc. - Common Stock",10.76,0.5,697611737.0,14205939,18.2,-73.4,0,1,False,False,False,False,True,False,False,False,False,False,False
KRMN,Karman Holdings Inc. Common Stock,34.92,0.5,4380239049.0,166245346,8.4,-70.5,0,0,False,False,True,False,False,False,False,False,False,False,False
OKLO,Oklo Inc. Class A common stock,38.29,0.5,7221205173.0,411096255,11.4,-80.2,0,0,False,False,False,False,False,False,False,False,False,False,False
RARE,Ultragenyx Pharmaceutical Inc. - Common Stock,14.77,0.4,1467002430.0,75205239,16.0,-63.0,0,0,False,False,False,False,False,False,False,False,False,False,False
PLNT,"Planet Fitness, Inc. Common Stock",40.72,0.4,3083895565.0,107369566,10.0,-64.4,0,0,False,False,False,False,False,False,False,False,False,False,False
PZZA,"Papa John's International, Inc. - Common Stock",20.22,0.3,663371993.0,37083303,3.1,-63.7,0,0,False,False,False,False,False,False,False,False,False,False,False
TREE,"LendingTree, Inc. - Common Stock",24.34,0.3,336949464.0,13312390,2.2,-66.9,0,0,False,False,True,False,False,False,False,False,False,False,False
TTD,"The Trade Desk, Inc. - Class A Common Stock",12.63,0.3,5995041919.0,381029360,1.1,-77.6,0,0,False,False,True,False,False,False,False,False,False,False,False
CCB,Coastal Financial Corporation - Common Stock,43.62,0.2,671222619.0,13329193,19.1,-63.7,0,0,False,False,False,False,False,False,False,False,False,False,False
WING,Wingstop Inc. - Common Stock,97.84,0.2,2666500402.0,150747717,1.5,-67.7,0,0,False,False,True,False,False,False,False,False,False,False,False
BETR,Better Home & Finance Holding Company - Class A Common Stock,10.84,0.1,231022721.0,9226457,0.7,-88.3,0,0,False,False,True,False,False,False,False,False,False,False,False
GOSS,"Gossamer Bio, Inc. - Common Stock",10.93,0.1,67219137.0,5474439,19.8,-96.5,0,0,False,False,False,False,False,False,False,False,False,False,False
CABO,"Cable One, Inc. Common Stock",15.63,0.0,89818233.0,7438923,4.1,-91.4,0,0,False,False,True,False,False,False,False,False,False,False,False
