ticker,name,close,rs,mcap,dvol_50d,vs_52w_low,from_52w_high,sma200_up_months,n_pass,pass_all,new_52w_high,new_52w_low,1_price_gt_150_200,2_150_gt_200,3_200ma_rising_1m,4_50_gt_150_gt_200,5_price_gt_50,6_ge_30pct_above_52wlow,7_within_25pct_of_52whigh,8_rs_ge_70
043260.KQ,성호전자,31200.0,99.0,2369200000000.0,65083497622,2929.1,-47.7,5,5,False,False,False,False,True,True,False,True,True,False,True
000500.KS,가온전선,329000.0,98.9,9752200000000.0,59997043154,1025.9,-6.7,5,8,True,False,False,True,True,True,True,True,True,True,True
159010.KQ,아스플로,32100.0,98.8,428000000000.0,4496381952,767.6,-1.4,5,8,True,True,False,True,True,True,True,True,True,True,True
010170.KQ,대한광통신,17800.0,98.7,2777000000000.0,175083087146,1299.4,-43.5,5,6,False,False,False,True,True,True,False,True,True,False,True
032580.KQ,피델릭스,7420.0,98.6,250100000000.0,5153797347,772.9,-24.2,5,8,True,False,False,True,True,True,True,True,True,True,True
036930.KQ,주성엔지니어링,237000.0,98.4,11132200000000.0,241554037474,799.4,-16.3,5,8,True,False,False,True,True,True,True,True,True,True,True
351320.KQ,넥사다이내믹스,4805.0,98.3,149000000000.0,2191876188,523.2,-15.6,1,8,True,False,False,True,True,True,True,True,True,True,True
009150.KS,삼성전기,1581000.0,98.2,117792000000000.0,970777621260,738.3,-34.6,5,7,False,False,False,True,True,True,True,True,True,False,True
109670.KQ,씨싸이트,17350.0,98.1,101300000000.0,1067236656,554.7,-19.9,1,6,False,False,False,True,False,True,False,True,True,True,True
327260.KQ,RF머트리얼즈,52500.0,98.0,956900000000.0,29625332352,810.2,-17.1,5,8,True,False,False,True,True,True,True,True,True,True,True
017900.KS,광전자,9820.0,97.9,569000000000.0,49075951059,458.0,-56.3,5,7,False,False,False,True,True,True,True,True,True,False,True
069540.KQ,빛과전자,4400.0,97.8,495800000000.0,52438892725,643.2,-45.7,5,6,False,False,False,True,True,True,False,True,True,False,True
046970.KQ,우리로,8340.0,97.7,365500000000.0,21681915378,591.5,-48.5,5,6,False,False,False,True,True,True,False,True,True,False,True
046970.KQ,우리로,8340.0,97.7,365500000000.0,21681915378,591.5,-48.5,5,6,False,False,False,True,True,True,False,True,True,False,True
131290.KQ,티에스이,290500.0,97.4,3235500000000.0,33119072694,552.8,-8.8,5,8,True,False,False,True,True,True,True,True,True,True,True
001820.KS,삼화콘덴서공업,156500.0,97.3,1640300000000.0,104112107170,464.0,-20.5,5,8,True,False,False,True,True,True,True,True,True,True,True
219130.KQ,타이거일렉,92300.0,97.2,582800000000.0,3335059626,503.3,-4.5,5,8,True,True,False,True,True,True,True,True,True,True,True
092870.KQ,엑시콘,52600.0,97.1,691700000000.0,9729744296,420.3,-3.7,5,7,False,False,False,True,True,True,False,True,True,True,True
080220.KQ,제주반도체,92400.0,97.0,3196300000000.0,127174982234,428.6,-33.0,5,7,False,False,False,True,True,True,True,True,True,False,True
222800.KQ,심텍,167200.0,96.9,6550100000000.0,95404951200,435.9,-2.2,5,8,True,True,False,True,True,True,True,True,True,True,True
064290.KQ,인텍플러스,59100.0,96.8,765800000000.0,14482863623,439.2,-5.6,5,8,True,True,False,True,True,True,True,True,True,True,True
095610.KQ,테스,177400.0,96.6,3453800000000.0,58818108960,400.4,-25.0,5,8,True,False,False,True,True,True,True,True,True,True,True
031980.KQ,피에스케이홀딩스,193600.0,96.5,4174500000000.0,24450206984,390.7,-1.0,5,8,True,True,False,True,True,True,True,True,True,True,True
079650.KQ,서산,5600.0,96.4,112800000000.0,26789411372,488.2,-45.6,4,7,False,False,False,True,True,True,True,True,True,False,True
079650.KQ,서산,5600.0,96.4,112800000000.0,26789411372,488.2,-45.6,4,7,False,False,False,True,True,True,True,True,True,False,True
072950.KQ,빛샘전자,17250.0,96.2,138900000000.0,27742867513,275.0,-32.9,5,6,False,False,False,True,True,True,False,True,True,False,True
098120.KQ,마이크로컨텍솔,60400.0,96.1,503800000000.0,7364044041,289.7,-2.4,5,8,True,False,False,True,True,True,True,True,True,True,True
319660.KQ,피에스케이,152000.0,96.0,4402900000000.0,49188630560,456.8,-30.8,5,7,False,False,False,True,True,True,True,True,True,False,True
417840.KQ,저스템,18530.0,95.9,428000000000.0,13791247720,525.3,-16.7,5,8,True,False,False,True,True,True,True,True,True,True,True
402340.KS,SK스퀘어,1160000.0,95.7,152504100000000.0,676732769120,495.2,-47.0,5,7,False,False,False,True,True,True,True,True,True,False,True
024840.KQ,KBI메탈,6430.0,95.6,280400000000.0,25724866862,296.9,-45.3,5,7,False,False,False,True,True,True,True,True,True,False,True
440110.KQ,파두,85900.0,95.5,4354600000000.0,37305780696,375.9,-33.6,5,6,False,False,False,True,True,True,False,True,True,False,True
006340.KS,대원전선,13370.0,95.4,1053100000000.0,104711879867,363.4,-34.1,5,6,False,False,False,True,True,True,True,False,True,False,True
353200.KS,대덕전자,147800.0,95.3,7373000000000.0,103767310338,464.1,-25.4,5,6,False,False,False,True,True,True,False,True,True,False,True
047040.KS,대우건설,17610.0,95.2,7269000000000.0,127631671441,430.4,-56.4,5,5,False,False,False,False,True,True,False,True,True,False,True
000660.KS,SK하이닉스,1841000.0,95.1,1345566900000000.0,7095851939660,452.9,-38.4,5,7,False,False,False,True,True,True,True,True,True,False,True
092190.KQ,서울바이오시스,9030.0,95.0,414200000000.0,1574667408,323.0,-53.1,5,7,False,False,False,True,True,True,True,True,True,False,True
317400.KS,자이에스앤디,10020.0,94.9,387400000000.0,14079127821,228.5,-15.9,5,8,True,False,False,True,True,True,True,True,True,True,True
020120.KS,키다리스튜디오,8290.0,94.7,305000000000.0,3840281687,196.1,-12.3,2,8,True,False,False,True,True,True,True,True,True,True,True
080580.KQ,오킨스전자,29250.0,94.6,614800000000.0,7507711657,298.5,-0.8,5,7,False,True,False,True,True,True,False,True,True,True,True
446540.KQ,메가터치,10870.0,94.5,316700000000.0,4701903441,235.0,-7.2,5,8,True,False,False,True,True,True,True,True,True,True,True
036540.KQ,SFA반도체,11370.0,94.4,1884700000000.0,35446406297,224.9,-4.1,5,7,False,False,False,True,True,True,False,True,True,True,True
025560.KS,미래산업,8350.0,94.3,232000000000.0,5452537618,308.1,-37.7,5,7,False,False,False,True,True,True,True,True,True,False,True
252990.KQ,샘씨엔에스,19790.0,94.2,1199500000000.0,9899048040,250.3,-4.6,5,8,True,False,False,True,True,True,True,True,True,True,True
052460.KQ,아이크래프트,6500.0,94.1,95100000000.0,3722257765,188.9,-24.5,3,8,True,False,False,True,True,True,True,True,True,True,True
226340.KQ,본느,5830.0,94.0,48900000000.0,11294035604,377.9,-39.8,2,7,False,False,False,True,True,True,True,True,True,False,True
420770.KQ,기가비스,129300.0,93.8,1639000000000.0,16391531254,333.9,-37.2,5,6,False,False,False,True,True,True,False,True,True,False,True
126640.KQ,화신정공,3960.0,93.7,138500000000.0,7260437349,222.0,-49.7,5,6,False,False,False,True,True,True,True,False,True,False,True
144960.KQ,뉴파워프라즈마,13200.0,93.6,578100000000.0,13554616874,180.3,-1.5,5,8,True,False,False,True,True,True,True,True,True,True,True
001210.KS,금호전기,9350.0,93.5,119800000000.0,50253126704,302.2,-34.8,3,7,False,False,False,True,True,True,True,True,True,False,True
002990.KS,금호건설,12200.0,93.4,456400000000.0,105248612336,281.2,-37.0,5,6,False,False,False,True,True,True,True,False,True,False,True
002990.KS,금호건설,12200.0,93.4,456400000000.0,105248612336,281.2,-37.0,5,6,False,False,False,True,True,True,True,False,True,False,True
006110.KS,삼아알미늄,62600.0,93.2,951300000000.0,9992991296,229.5,-40.2,5,7,False,False,False,True,True,True,True,True,True,False,True
412350.KQ,레이저쎌,7240.0,93.1,108500000000.0,1560709066,360.3,-50.5,5,6,False,False,False,True,True,True,False,True,True,False,True
356680.KQ,엑스게이트,18790.0,92.9,549700000000.0,43683419670,208.0,-38.5,5,6,False,False,False,True,True,True,False,True,True,False,True
085910.KQ,네오티스,17160.0,92.8,236700000000.0,2792251986,445.6,-52.7,5,5,False,False,False,False,True,True,False,True,True,False,True
007810.KS,코리아써키트,82400.0,92.7,1988200000000.0,27240263657,405.5,-44.4,5,6,False,False,False,True,True,True,False,True,True,False,True
396300.KQ,HT로보틱스,6150.0,92.6,163400000000.0,15911707714,170.9,-16.2,5,8,True,False,False,True,True,True,True,True,True,True,True
003010.KS,혜인,9450.0,92.5,120800000000.0,7918233559,140.8,-28.9,2,7,False,False,False,True,True,True,True,True,True,False,True
290550.KQ,디케이티,23800.0,92.4,478000000000.0,7118386630,257.4,-31.9,5,6,False,False,False,True,True,True,False,True,True,False,True
134580.KQ,탑코미디어,2850.0,92.3,140500000000.0,2043686004,235.3,-35.2,1,5,False,False,False,True,False,True,False,True,True,False,True
010950.KS,S-Oil,166200.0,92.2,18564900000000.0,58827429452,187.5,-6.2,5,8,True,False,False,True,True,True,True,True,True,True,True
071200.KQ,인피니트헬스케어,11720.0,92.0,285900000000.0,1456478853,123.2,-16.8,5,8,True,False,False,True,True,True,True,True,True,True,True
066570.KS,LG전자,216000.0,91.9,35101600000000.0,178637583096,188.0,-50.7,5,7,False,False,False,True,True,True,True,True,True,False,True
089970.KQ,브이엠,66100.0,91.8,1774400000000.0,38364841117,347.2,-45.9,5,6,False,False,False,True,True,True,False,True,True,False,True
005930.KS,삼성전자,276000.0,91.7,1613572900000000.0,5760199592330,258.0,-26.3,5,7,False,False,False,True,True,True,True,True,True,False,True
065170.KQ,비엘팜텍,2220.0,91.6,62000000000.0,2048676008,490.4,-72.8,5,4,False,False,False,False,True,True,False,False,True,False,True
003160.KS,디아이,42800.0,91.5,1202800000000.0,15380622760,195.6,-2.5,5,7,False,True,False,True,True,True,False,True,True,True,True
187660.KQ,페니트리움바이오,7020.0,91.4,450300000000.0,10321088890,205.2,-67.3,5,5,False,False,False,False,True,True,False,True,True,False,True
004710.KS,한솔테크닉스,12120.0,91.3,640200000000.0,8054402822,170.5,-26.2,5,6,False,False,False,True,True,True,False,True,True,False,True
032820.KQ,우리기술,12700.0,91.2,2211600000000.0,56659372336,258.8,-57.9,5,5,False,False,False,False,True,True,False,True,True,False,True
053610.KQ,프로텍,85000.0,91.0,768600000000.0,2112918097,193.1,-16.6,5,7,False,False,False,True,True,True,False,True,True,True,True
093370.KS,후성,16390.0,90.9,1759000000000.0,48120985307,183.6,-30.4,5,7,False,False,False,True,True,True,True,True,True,False,True
078930.KS,GS,106400.0,90.8,9763300000000.0,54954899992,141.8,-20.1,5,7,False,False,False,True,True,True,True,False,True,True,True
189330.KQ,씨이랩,10830.0,90.7,103200000000.0,5994447338,218.5,-43.3,4,6,False,False,False,True,True,True,True,False,True,False,True
119850.KQ,지엔씨에너지,53500.0,90.6,878400000000.0,43890355471,191.6,-9.3,2,8,True,False,False,True,True,True,True,True,True,True,True
031330.KQ,에스에이엠티,8850.0,90.5,883000000000.0,6098291877,188.7,-55.6,5,5,False,False,False,False,True,True,False,True,True,False,True
097800.KQ,윈팩,4065.0,90.4,109800000000.0,1829102966,207.0,-10.4,0,5,False,True,False,True,False,False,False,True,True,True,True
083450.KQ,GST,53600.0,90.3,993400000000.0,6438491665,149.3,-24.3,5,8,True,False,False,True,True,True,True,True,True,True,True
181710.KS,NHN,57100.0,90.1,1852400000000.0,15088332127,125.2,-27.0,5,7,False,False,False,True,True,True,True,True,True,False,True
084370.KQ,유진테크,176800.0,90.0,4111100000000.0,22850096598,212.4,-23.6,5,7,False,False,False,True,True,True,False,True,True,True,True
078350.KQ,한양디지텍,36000.0,89.9,548800000000.0,6903044651,181.7,-18.7,5,7,False,False,False,True,True,True,False,True,True,True,True
200470.KQ,에이팩트,10140.0,89.8,452300000000.0,6227843561,198.2,-22.6,5,7,False,False,False,True,True,True,False,True,True,True,True
077360.KQ,덕산하이메탈,14050.0,89.7,641100000000.0,8705858627,189.7,-33.4,5,6,False,False,False,True,True,True,False,True,True,False,True
037460.KQ,삼지전자,33250.0,89.6,542600000000.0,2273628717,192.7,-48.4,5,6,False,False,False,True,True,True,False,True,True,False,True
010120.KS,엘에스일렉트릭,209500.0,89.5,31350000000000.0,118969846244,289.4,-37.5,5,6,False,False,False,True,True,True,False,True,True,False,True
067310.KQ,하나마이크론,51500.0,89.4,3470800000000.0,66797412563,189.8,-12.0,5,7,False,False,False,True,True,True,False,True,True,True,True
138080.KQ,오이솔루션,32450.0,89.2,404100000000.0,9895248663,225.8,-44.0,5,6,False,False,False,True,True,True,False,True,True,False,True
138080.KQ,오이솔루션,32450.0,89.2,404100000000.0,9895248663,225.8,-44.0,5,6,False,False,False,True,True,True,False,True,True,False,True
403870.KQ,HPSP,65500.0,89.0,5448300000000.0,120275448046,138.6,-28.8,5,6,False,False,False,True,True,True,False,True,True,False,True
003350.KS,한국화장품제조,15510.0,88.9,350600000000.0,22794737325,129.8,-13.4,2,8,True,False,False,True,True,True,True,True,True,True,True
036710.KQ,심텍홀딩스,4960.0,88.8,264700000000.0,1437656058,146.2,-23.7,1,8,True,False,False,True,True,True,True,True,True,True,True
000990.KS,DB하이텍,140800.0,88.7,6147200000000.0,55476826818,168.7,-38.9,5,6,False,False,False,True,True,True,False,True,True,False,True
051160.KQ,지어소프트,12910.0,88.6,171100000000.0,3082044036,105.9,-3.7,2,8,True,False,False,True,True,True,True,True,True,True,True
011070.KS,LG이노텍,574000.0,88.5,13584900000000.0,143448174620,231.4,-67.9,5,5,False,False,False,False,True,True,False,True,True,False,True
058610.KQ,에스피지,102800.0,88.3,2293100000000.0,61233974256,295.4,-38.0,5,4,False,False,False,False,False,True,False,True,True,False,True
089860.KS,롯데렌탈,51600.0,88.2,1866300000000.0,6072542213,93.6,-2.8,4,8,True,False,False,True,True,True,True,True,True,True,True
332570.KQ,PS일렉트로닉스,9260.0,88.1,426300000000.0,33621141112,127.8,-38.2,5,7,False,False,False,True,True,True,True,True,True,False,True
281820.KS,케이씨텍,92000.0,88.0,1823500000000.0,14244591166,162.1,-26.3,5,7,False,False,False,True,True,True,True,True,True,False,True
042700.KS,한미반도체,272000.0,87.9,25924900000000.0,151837582226,203.9,-36.2,5,6,False,False,False,True,True,True,False,True,True,False,True
356860.KQ,티엘비,48450.0,87.8,1154300000000.0,21924474299,178.2,-25.1,5,6,False,False,False,True,True,True,False,True,True,False,True
034730.KS,SK,584000.0,87.7,41906600000000.0,90675162960,187.0,-33.9,5,7,False,False,False,True,True,True,True,True,True,False,True
067290.KQ,JW신약,2965.0,87.6,166200000000.0,44662305941,138.0,-31.6,5,7,False,False,False,True,True,True,True,True,True,False,True
161890.KS,한국콜마,136600.0,87.5,3236300000000.0,49390593180,125.4,-17.7,3,8,True,False,False,True,True,True,True,True,True,True,True
382800.KQ,지앤비에스 에코,6400.0,87.3,206300000000.0,4595592468,151.0,-36.9,5,6,False,False,False,True,True,True,False,True,True,False,True
033640.KQ,네패스,31200.0,87.2,733300000000.0,4368380557,173.7,-24.2,5,7,False,False,False,True,True,True,False,True,True,True,True
052710.KQ,아모텍,20700.0,87.1,392300000000.0,10831280366,203.2,-31.1,5,6,False,False,False,True,True,True,False,True,True,False,True
036800.KQ,나이스정보통신,8430.0,87.0,385800000000.0,1012577702,101.2,-3.7,5,8,True,True,False,True,True,True,True,True,True,True,True
039030.KQ,이오테크닉스,532000.0,86.9,6615600000000.0,47347555880,143.5,-14.6,5,7,False,False,False,True,True,True,False,True,True,True,True
014990.KS,인디에프,4040.0,86.8,61000000000.0,2755668419,187.3,-36.9,0,4,False,False,False,True,False,False,False,True,True,False,True
240810.KQ,원익IPS,138200.0,86.7,6842300000000.0,120226416772,219.9,-26.4,5,6,False,False,False,True,True,True,False,True,True,False,True
033790.KQ,피노,10130.0,86.6,867900000000.0,13252279794,194.0,-47.1,5,6,False,False,False,True,True,True,False,True,True,False,True
033160.KQ,엠케이전자,19950.0,86.4,491300000000.0,15540147211,154.8,-46.1,5,6,False,False,False,True,True,True,False,True,True,False,True
007340.KS,DN오토모티브,50000.0,86.3,2954800000000.0,10105066753,132.0,-25.9,5,7,False,False,False,True,True,True,True,True,True,False,True
077500.KS,유니퀘스트,10400.0,86.2,225700000000.0,1966652913,155.2,-4.1,1,8,True,False,False,True,True,True,True,True,True,True,True
100590.KQ,머큐리,6250.0,86.1,107100000000.0,4161660032,152.0,-51.0,5,6,False,False,False,True,True,True,False,True,True,False,True
131970.KQ,두산테스나,106900.0,86.0,2106700000000.0,25175231548,179.8,-45.7,5,6,False,False,False,True,True,True,False,True,True,False,True
008930.KS,한미사이언스,55300.0,85.9,3761500000000.0,17740696864,116.0,-9.3,2,6,False,False,False,True,False,True,False,True,True,True,True
425420.KQ,티에프이,71600.0,85.8,896400000000.0,5813981165,204.7,-7.9,1,7,False,False,False,True,True,True,False,True,True,True,True
095340.KQ,ISC,206000.0,85.7,4451400000000.0,27676687456,195.6,-29.6,5,6,False,False,False,True,True,True,False,True,True,False,True
089890.KQ,코세스,36550.0,85.5,604500000000.0,5250441002,165.2,-28.9,0,5,False,False,False,True,True,False,False,True,True,False,True
053260.KQ,금강철강,7130.0,85.4,135700000000.0,14740698828,91.7,-24.6,5,8,True,False,False,True,True,True,True,True,True,True,True
108490.KQ,로보티즈,311000.0,85.3,4576100000000.0,86895891080,212.2,-33.0,5,5,False,False,False,True,False,True,False,True,True,False,True
192650.KS,드림텍,9380.0,85.2,619300000000.0,5800901462,163.1,-1.0,1,6,False,True,False,True,False,True,False,True,True,True,True
006400.KS,삼성SDI,529000.0,85.1,42629700000000.0,205229549670,162.5,-26.8,5,6,False,False,False,True,True,True,False,True,True,False,True
170920.KQ,엘티씨,43450.0,85.0,461100000000.0,9710167570,184.0,-28.4,5,6,False,False,False,True,True,True,False,True,True,False,True
012210.KQ,삼미금속,11980.0,84.9,275900000000.0,28983335524,198.0,-42.5,1,5,False,False,False,True,False,True,False,True,True,False,True
388790.KQ,라이콤,5690.0,84.8,175400000000.0,3428944457,169.7,-39.0,5,6,False,False,False,True,True,True,False,True,True,False,True
456010.KQ,아이씨티케이,24900.0,84.6,369800000000.0,11629313068,126.4,-37.7,1,6,False,False,False,True,True,True,False,True,True,False,True
322000.KS,HD현대에너지솔루션,139300.0,84.5,1559000000000.0,57274887034,215.2,-45.6,5,5,False,False,False,False,True,True,False,True,True,False,True
417310.KS,코람코더원리츠,2375.0,84.4,96400000000.0,1466729352,4.2,-78.5,5,6,False,False,False,True,True,True,True,True,False,False,True
010060.KS,OCI홀딩스,236500.0,84.3,4406200000000.0,79565252918,183.6,-42.9,5,5,False,False,False,False,True,True,False,True,True,False,True
115440.KQ,우리넷,12370.0,84.2,133800000000.0,11942425275,133.8,-42.1,5,6,False,False,False,True,True,True,False,True,True,False,True
448900.KQ,한국피아이엠,57200.0,84.1,348700000000.0,5642188098,313.6,-67.9,5,5,False,False,False,False,True,True,False,True,True,False,True
354320.KQ,알멕,43700.0,84.0,279900000000.0,3718713353,131.2,-58.0,5,5,False,False,False,False,True,True,False,True,True,False,True
091580.KQ,상신이디피,22300.0,83.9,299200000000.0,5142358700,126.6,-29.3,5,6,False,False,False,True,True,True,False,True,True,False,True
203650.KQ,드림시큐리티,2845.0,83.8,295500000000.0,11266685457,103.2,-40.9,5,6,False,False,False,True,True,True,False,True,True,False,True
085620.KS,미래에셋생명,19500.0,83.6,2633300000000.0,5236808650,154.9,-47.7,5,6,False,False,False,True,True,True,True,False,True,False,True
044820.KS,코스맥스비티아이,24800.0,83.5,240100000000.0,1005704914,110.0,-14.9,3,8,True,False,False,True,True,True,True,True,True,True,True
049080.KQ,기가레인,9670.0,83.4,82300000000.0,7383074995,170.1,-69.1,5,5,False,False,False,False,True,True,False,True,True,False,True
192820.KS,코스맥스,270000.0,83.3,3075700000000.0,33313556454,91.5,-11.9,2,8,True,False,False,True,True,True,True,True,True,True,True
001450.KS,현대해상,47750.0,83.2,4062100000000.0,25184545683,83.0,-12.7,5,8,True,False,False,True,True,True,True,True,True,True,True
059120.KQ,아진엑스텍,7960.0,83.1,145400000000.0,9128292770,127.4,-45.1,5,6,False,False,False,True,True,True,False,True,True,False,True
437730.KQ,삼현,51800.0,83.0,1652000000000.0,16858753699,172.6,-32.6,5,5,False,False,False,True,False,True,False,True,True,False,True
307180.KQ,아이엘,5780.0,82.9,213000000000.0,1825931346,140.8,-44.4,5,6,False,False,False,True,True,True,False,True,True,False,True
452260.KS,한화갤러리아,2595.0,82.7,502100000000.0,3623123328,159.8,-37.0,5,6,False,False,False,True,True,True,False,True,True,False,True
030530.KQ,원익홀딩스,29200.0,82.6,2266900000000.0,43304076635,181.3,-42.3,0,4,False,False,False,True,False,False,False,True,True,False,True
064760.KQ,티씨케이,296000.0,82.5,3331500000000.0,17211990960,116.1,-15.1,5,7,False,False,False,True,True,True,False,True,True,True,True
241710.KQ,코스메카코리아,110000.0,82.4,1182300000000.0,18025279034,79.7,-29.3,5,6,False,False,False,True,True,True,True,False,True,False,True
029460.KS,케이씨,44000.0,82.3,486000000000.0,1309377488,86.4,-6.0,5,8,True,False,False,True,True,True,True,True,True,True,True
096770.KS,SK이노베이션,154000.0,82.2,25577700000000.0,135324343368,75.6,-6.5,5,8,True,False,False,True,True,True,True,True,True,True,True
059090.KQ,미코,23900.0,82.1,800300000000.0,5525682487,111.5,-18.3,2,8,True,False,False,True,True,True,True,True,True,True,True
425040.KQ,티이엠씨,14890.0,82.0,323800000000.0,6456361377,136.3,-50.9,1,6,False,False,False,True,True,True,False,True,True,False,True
005160.KQ,동국산업,3970.0,81.8,215100000000.0,4262105548,86.8,-6.6,1,7,False,True,False,True,True,True,False,True,True,True,True
217190.KQ,제너셈,8260.0,81.7,108800000000.0,1345318614,108.3,-14.6,1,8,True,False,False,True,True,True,True,True,True,True,True
229640.KS,LS에코에너지,66400.0,81.6,2048800000000.0,8576339798,107.5,-39.5,5,6,False,False,False,True,True,True,False,True,True,False,True
212560.KQ,네오오토,11290.0,81.5,152400000000.0,3525582737,126.0,-29.9,5,5,False,False,False,True,False,True,False,True,True,False,True
323280.KQ,태성,59500.0,81.4,1844500000000.0,15697016419,158.7,-36.7,5,5,False,False,False,True,False,True,False,True,True,False,True
004310.KS,현대약품,8340.0,81.3,268800000000.0,45000979396,138.3,-47.7,5,5,False,False,False,True,False,True,False,True,True,False,True
096530.KQ,씨젠,36900.0,81.2,1717500000000.0,10392486623,70.0,-2.0,4,8,True,True,False,True,True,True,True,True,True,True,True
005090.KS,SGC에너지,47700.0,81.1,684400000000.0,9437687297,136.7,-32.5,5,5,False,False,False,False,True,True,True,False,True,False,True
020150.KS,롯데에너지머티리얼즈,50800.0,80.9,2675900000000.0,9770419682,135.2,-38.9,5,6,False,False,False,True,True,True,False,True,True,False,True
183300.KQ,코미코,34050.0,80.8,1769500000000.0,10547155535,113.1,-38.8,5,6,False,False,False,True,True,True,False,True,True,False,True
017890.KQ,한국알콜,15770.0,80.7,326400000000.0,1180236059,78.4,-4.0,5,8,True,False,False,True,True,True,True,True,True,True,True
048770.KQ,TPC로보틱스,4125.0,80.6,65300000000.0,3327423870,116.0,-61.4,5,6,False,False,False,True,True,True,False,True,True,False,True
103590.KS,일진전기,86200.0,80.5,4100900000000.0,25660147870,157.3,-41.7,5,6,False,False,False,True,True,True,False,True,True,False,True
126730.KQ,코칩,23800.0,80.4,210500000000.0,15662100823,155.6,-34.8,2,6,False,False,False,True,True,True,False,True,True,False,True
340450.KQ,지씨지놈,8880.0,80.3,211400000000.0,1641964196,116.6,-6.7,0,5,False,False,False,True,False,False,False,True,True,True,True
028670.KS,팬오션,6240.0,80.2,3341100000000.0,20522138082,79.1,-5.5,5,8,True,False,False,True,True,True,True,True,True,True,True
295310.KQ,에이치브이엠,70200.0,80.1,866200000000.0,7834556766,219.8,-51.2,5,5,False,False,False,False,True,True,False,True,True,False,True
019210.KQ,와이지-원,12880.0,79.9,479100000000.0,11413459276,162.9,-54.8,5,4,False,False,False,False,True,True,False,False,True,False,True
041830.KQ,인바디,52100.0,79.8,702400000000.0,6545880525,98.9,-29.1,5,6,False,False,False,True,True,True,True,False,True,False,True
222040.KQ,코스맥스엔비티,6350.0,79.7,131200000000.0,3160239772,122.0,-43.3,5,5,False,False,False,False,True,True,True,False,True,False,True
028050.KS,삼성E&A,47750.0,79.6,9378600000000.0,91158509838,106.3,-29.0,5,6,False,False,False,True,True,True,True,False,True,False,True
452190.KQ,한빛레이저,6160.0,79.5,147400000000.0,9485724775,135.6,-41.8,0,5,False,False,False,True,True,False,False,True,True,False,True
232830.KQ,아이티센피엔에스,2995.0,79.4,49500000000.0,1468578716,147.3,-46.4,1,6,False,False,False,True,True,True,False,True,True,False,True
187870.KQ,디바이스,12870.0,79.3,179400000000.0,1161717770,131.7,-56.7,5,5,False,False,False,False,True,True,False,True,True,False,True
122640.KQ,예스티,33400.0,79.2,732900000000.0,11131176299,119.7,-24.1,5,8,True,False,False,True,True,True,True,True,True,True,True
330860.KQ,네패스아크,32250.0,79.0,399000000000.0,5521504048,116.7,-49.2,5,6,False,False,False,True,True,True,False,True,True,False,True
253590.KQ,네오셈,15580.0,78.9,683500000000.0,7116579924,132.5,-27.2,1,6,False,False,False,True,True,True,False,True,True,False,True
098460.KQ,고영,34100.0,78.8,2349600000000.0,33538143689,136.1,-24.2,5,7,False,False,False,True,True,True,False,True,True,True,True
062040.KS,산일전기,227000.0,78.7,6955900000000.0,50844357650,116.2,-33.4,5,6,False,False,False,True,True,True,False,True,True,False,True
475150.KS,SK이터닉스,49700.0,78.6,1696500000000.0,224305100943,188.8,-43.3,5,6,False,False,False,True,True,True,True,False,True,False,True
006360.KS,GS건설,33050.0,78.5,2837000000000.0,85416161715,84.8,-26.3,5,6,False,False,False,True,True,True,True,False,True,False,True
375500.KS,DL이앤씨,75000.0,78.4,2929100000000.0,27779026426,95.1,-29.6,5,7,False,False,False,True,True,True,True,True,True,False,True
263860.KQ,지니언스,20400.0,78.3,192900000000.0,3983395085,85.5,-32.0,0,4,False,False,False,True,False,False,False,True,True,False,True
008060.KS,대덕,16100.0,78.1,503400000000.0,1240969390,94.0,-33.9,5,6,False,False,False,True,True,True,False,True,True,False,True
011560.KQ,세보엠이씨,24400.0,78.0,248600000000.0,1318019498,96.3,-16.7,5,8,True,False,False,True,True,True,True,True,True,True,True
236200.KQ,슈프리마,54800.0,77.9,387800000000.0,1429602256,81.5,-15.7,5,8,True,False,False,True,True,True,True,True,True,True,True
171090.KQ,선익시스템,76100.0,77.8,774800000000.0,3450946328,96.9,-47.2,5,5,False,False,False,False,True,True,False,True,True,False,True
047770.KQ,코데즈컴바인,3700.0,77.7,140200000000.0,8113105762,97.0,-37.9,5,6,False,False,False,True,True,True,False,True,True,False,True
088350.KS,한화생명,5330.0,77.6,4620600000000.0,23201081183,81.9,-29.5,5,7,False,False,False,True,True,True,True,True,True,False,True
195870.KS,해성디에스,65300.0,77.5,1113500000000.0,8255504272,150.7,-39.8,5,6,False,False,False,True,True,True,False,True,True,False,True
076610.KQ,해성옵틱스,1144.0,77.4,69500000000.0,2247983820,135.9,-61.0,5,4,False,False,False,False,True,True,False,False,True,False,True
086670.KQ,비엠티,18940.0,77.2,187500000000.0,1018274822,78.5,-14.7,5,8,True,False,False,True,True,True,True,True,True,True,True
357780.KQ,솔브레인,420000.0,77.1,3317600000000.0,10842665530,94.9,-20.8,5,7,False,False,False,True,True,True,False,True,True,True,True
489460.KQ,바이오비쥬,11530.0,77.0,170000000000.0,1336040874,105.5,-33.5,0,4,False,False,False,True,False,False,False,True,True,False,True
024850.KQ,HLB이노베이션,16290.0,76.9,568200000000.0,3706790409,118.4,-44.0,5,5,False,False,False,False,True,True,False,True,True,False,True
000150.KS,두산,1341000.0,76.8,21667400000000.0,96506667780,156.9,-46.1,5,5,False,False,False,False,True,True,False,True,True,False,True
042510.KQ,라온시큐어,11440.0,76.7,131300000000.0,7704432753,81.0,-32.5,1,6,False,False,False,True,True,True,False,True,True,False,True
053800.KQ,안랩,77000.0,76.6,872300000000.0,3598176182,51.6,-2.3,1,6,False,False,False,True,False,True,False,True,True,True,True
079940.KQ,가비아,39300.0,76.5,525400000000.0,2570451706,57.8,-18.0,5,7,False,False,False,True,True,True,True,False,True,True,True
163730.KQ,핑거,14780.0,76.4,190200000000.0,1422509655,138.4,-42.4,0,5,False,False,False,True,True,False,False,True,True,False,True
005830.KS,DB손해보험,182800.0,76.2,11953800000000.0,39387425648,54.8,-14.6,5,8,True,False,False,True,True,True,True,True,True,True,True
251970.KQ,펌텍코리아,60500.0,76.1,755200000000.0,5415643818,92.7,-13.8,1,6,False,False,False,True,False,True,False,True,True,True,True
032940.KQ,원익,9330.0,76.0,169700000000.0,14936967161,121.4,-47.6,1,5,False,False,False,True,False,True,False,True,True,False,True
298000.KS,효성화학,53800.0,75.9,204400000000.0,3248402678,38.3,-38.5,4,6,False,False,False,True,True,True,True,False,True,False,True
265740.KQ,엔에프씨,7410.0,75.8,132500000000.0,3471639592,84.3,-24.8,2,8,True,False,False,True,True,True,True,True,True,True,True
003550.KS,LG,111100.0,75.7,16842800000000.0,32311935488,58.5,-40.2,5,7,False,False,False,True,True,True,True,True,True,False,True
032830.KS,삼성생명,289000.0,75.6,57600000000000.0,118034134830,100.7,-44.0,5,4,False,False,False,False,True,True,False,False,True,False,True
105740.KQ,디케이락,11000.0,75.5,118800000000.0,1567147365,78.3,-5.8,0,5,False,False,False,True,False,False,False,True,True,True,True
005950.KS,이수화학,11520.0,75.3,304000000000.0,6690576511,127.7,-36.0,5,6,False,False,False,True,True,True,True,False,True,False,True
067170.KQ,오텍,2845.0,75.2,78700000000.0,1119939389,72.4,-45.3,5,6,False,False,False,True,True,True,False,True,True,False,True
041960.KQ,코미팜,9880.0,75.1,738000000000.0,2295640789,74.9,-8.4,5,8,True,False,False,True,True,True,True,True,True,True,True
090360.KQ,로보스타,79300.0,75.0,775100000000.0,12111605028,133.2,-53.8,5,5,False,False,False,True,False,True,False,True,True,False,True
006120.KS,SK디스커버리,67800.0,74.9,1177200000000.0,1490709067,58.6,-0.7,0,5,False,False,False,True,False,False,False,True,True,True,True
017670.KS,SK텔레콤,88400.0,74.8,19030400000000.0,126968561560,72.0,-36.6,5,5,False,False,False,False,True,True,True,False,True,False,True
073490.KQ,LIG아큐버,35200.0,74.7,267700000000.0,1654322280,76.1,-43.7,5,5,False,False,False,False,True,True,False,True,True,False,True
377450.KQ,리파인,14480.0,74.6,250800000000.0,2600757395,72.0,-16.0,2,5,False,False,False,True,False,True,False,False,True,True,True
046890.KQ,서울반도체,10890.0,74.4,637900000000.0,2630648999,90.1,-42.6,5,5,False,False,False,False,True,True,False,True,True,False,True
160980.KQ,싸이맥스,28550.0,74.3,310200000000.0,4520523392,109.8,-40.3,5,5,False,False,False,False,True,True,False,True,True,False,True
056190.KQ,SFA,31050.0,74.2,1116800000000.0,3213232668,84.3,-14.9,1,6,False,False,False,True,False,True,False,True,True,True,True
218410.KQ,RFHIC,62000.0,74.1,1653000000000.0,23270589259,142.2,-51.1,5,5,False,False,False,False,True,True,False,True,True,False,True
413630.KQ,씨피시스템,4145.0,74.0,151900000000.0,24352297399,113.9,-33.0,0,4,False,False,False,True,False,False,False,True,True,False,True
052260.KQ,현대바이오랜드,5000.0,73.9,150000000000.0,4163977148,60.0,-19.9,0,5,False,False,False,True,False,False,False,True,True,True,True
368770.KQ,파이버프로,14560.0,73.8,483600000000.0,2261764347,175.8,-51.4,5,5,False,False,False,False,True,True,False,True,True,False,True
010580.KS,에스엠벡셀,2255.0,73.7,249200000000.0,5507290348,70.7,-35.5,1,5,False,False,False,True,False,True,False,True,True,False,True
092730.KQ,네오팜,23100.0,73.5,374300000000.0,1597006531,48.2,-11.2,3,8,True,False,False,True,True,True,True,True,True,True,True
073240.KS,금호타이어,6870.0,73.4,1979200000000.0,33071740878,62.8,-22.4,3,5,False,False,False,True,False,True,False,False,True,True,True
073240.KS,금호타이어,6870.0,73.4,1979200000000.0,33071740878,62.8,-22.4,3,5,False,False,False,True,False,True,False,False,True,True,True
086790.KS,하나금융지주,129100.0,73.2,35117700000000.0,98466297150,53.7,-9.4,5,7,False,False,False,True,True,True,True,False,True,True,True
355150.KQ,코스텍시스,23300.0,73.1,184400000000.0,2259467974,114.0,-63.7,5,5,False,False,False,False,True,True,False,True,True,False,True
457190.KS,이수스페셜티케미컬,81100.0,73.0,2474900000000.0,10385173509,82.7,-38.5,5,5,False,False,False,False,True,True,False,True,True,False,True
079550.KS,LIG디펜스앤에어로스페이스,762000.0,72.9,16698000000000.0,83029947220,111.7,-31.8,5,5,False,False,False,False,True,True,False,True,True,False,True
018260.KS,삼성에스디에스,219500.0,72.8,16945700000000.0,52084352166,50.2,-43.5,5,6,False,False,False,True,True,True,True,False,True,False,True
054920.KQ,한컴위드,4965.0,72.7,141400000000.0,5459791213,77.6,-44.7,1,5,False,False,False,True,False,True,False,True,True,False,True
189860.KQ,서전기전,5100.0,72.5,49800000000.0,1915596911,80.9,-55.7,5,5,False,False,False,False,True,True,False,True,True,False,True
078340.KQ,컴투스,37500.0,72.4,454600000000.0,4186339018,67.0,-11.1,1,6,False,False,False,True,False,True,False,True,True,True,True
468530.KQ,프로티나,51300.0,72.3,563000000000.0,4374946321,231.0,-57.3,0,3,False,False,False,False,False,False,False,True,True,False,True
045100.KQ,한양이엔지,34650.0,72.2,609900000000.0,2703900440,81.8,-12.1,5,7,False,False,False,True,True,True,False,True,True,True,True
078600.KQ,대주전자재료,108300.0,72.1,1707000000000.0,13799901882,83.9,-40.9,5,5,False,False,False,False,True,True,False,True,True,False,True
340810.KQ,시선AI,3465.0,72.0,48100000000.0,1287886855,64.6,-32.1,2,4,False,False,False,True,False,True,False,False,True,False,True
055550.KS,신한지주,104800.0,71.9,49714800000000.0,117049374674,53.9,-10.0,5,7,False,False,False,True,True,True,True,False,True,True,True
289080.KQ,SV인베스트먼트,2760.0,71.8,167200000000.0,4382536588,91.8,-45.1,2,5,False,False,False,False,True,True,False,True,True,False,True
125490.KQ,한라캐스트,13170.0,71.6,481500000000.0,22077052014,117.3,-48.0,0,3,False,False,False,False,False,False,False,True,True,False,True
306200.KS,세아제강,154600.0,71.5,435900000000.0,1425900930,38.0,-18.2,2,7,False,False,False,True,True,True,False,True,True,True,True
278470.KS,에이피알,366000.0,71.4,13739800000000.0,102630248760,79.4,-22.9,5,6,False,False,False,False,True,True,True,False,True,True,True
234340.KQ,헥토파이낸셜,23750.0,71.3,334600000000.0,13595097363,67.5,-47.2,5,5,False,False,False,False,True,True,False,True,True,False,True
003490.KS,대한항공,30600.0,71.2,11359600000000.0,75274320468,45.7,-5.8,5,8,True,False,False,True,True,True,True,True,True,True,True
000720.KS,현대건설,114400.0,71.1,12772500000000.0,81726181460,111.5,-42.3,5,4,False,False,False,False,True,True,False,False,True,False,True
228340.KQ,동양파일,3370.0,71.0,67500000000.0,6218433941,117.4,-53.8,3,7,False,False,False,True,True,True,True,True,True,False,True
019010.KQ,베뉴지,4440.0,70.9,214700000000.0,2457393162,92.2,-39.2,5,4,False,False,False,False,True,True,False,False,True,False,True
101160.KQ,월덱스,33000.0,70.7,546500000000.0,1914468973,59.4,-6.8,5,8,True,False,False,True,True,True,True,True,True,True,True
125020.KQ,티씨머티리얼즈,6210.0,70.6,219000000000.0,4504988822,107.7,-40.3,5,6,False,False,False,True,True,True,False,True,True,False,True
298040.KS,효성중공업,2785000.0,70.5,26015500000000.0,118148031580,111.8,-41.3,5,5,False,False,False,False,True,True,False,True,True,False,True
028260.KS,삼성물산,346000.0,70.4,56272200000000.0,139087236960,89.1,-38.8,5,4,False,False,False,False,True,True,False,False,True,False,True
457370.KQ,한켐,10940.0,70.3,88700000000.0,16706672856,100.4,-35.8,1,6,False,False,False,True,True,True,False,True,True,False,True
347700.KQ,스피어,24600.0,70.2,1273300000000.0,24451986732,248.9,-57.1,5,5,False,False,False,False,True,True,False,True,True,False,True
001120.KS,LX인터내셔널,44100.0,70.1,1699600000000.0,3764388322,52.1,-23.6,5,7,False,False,False,True,True,True,False,True,True,True,True
000810.KS,삼성화재해상보험,626000.0,70.0,28083300000000.0,65670378420,49.4,-17.3,5,7,False,False,False,True,True,True,True,False,True,True,True
001440.KS,대한전선,31500.0,69.8,6173800000000.0,63318611633,110.0,-58.5,5,4,False,False,False,False,True,True,False,True,True,False,False
001430.KS,세아베스틸지주,46650.0,69.7,1681900000000.0,5749348955,102.4,-49.6,5,3,False,False,False,False,False,True,False,True,True,False,False
000370.KS,한화손해보험,7330.0,69.6,861500000000.0,5295266997,45.1,-32.1,5,6,False,False,False,True,True,True,True,True,True,False,False
128940.KS,한미약품,506000.0,69.5,6456700000000.0,61655750700,67.5,-21.8,5,5,False,False,False,True,False,True,False,True,True,True,False
122350.KQ,삼기,1681.0,69.4,64600000000.0,3692876465,101.1,-28.3,3,4,False,False,False,True,False,True,False,True,True,False,False
105560.KS,KB금융,167400.0,69.3,59729400000000.0,179123655518,53.3,-13.9,5,6,False,False,False,True,True,True,True,False,True,True,False
314130.KQ,지놈앤컴퍼니,5500.0,69.2,290300000000.0,1972929150,122.7,-46.0,5,3,False,False,False,False,False,True,False,True,True,False,False
319400.KQ,현대무벡스,20800.0,69.1,2327800000000.0,39191600479,157.1,-58.7,5,3,False,False,False,False,True,True,False,False,True,False,False
003690.KS,코리안리,14390.0,69.0,2544800000000.0,3744146715,43.8,-8.1,5,6,False,False,False,True,True,True,True,False,True,True,False
411080.KQ,샌즈랩,6900.0,68.8,105300000000.0,5458989272,132.7,-33.4,0,3,False,False,False,True,False,False,False,True,True,False,False
012030.KS,DB,2035.0,68.7,406400000000.0,1221153678,61.9,-20.0,1,6,False,False,False,True,True,True,False,True,True,True,False
004800.KS,효성,158300.0,68.6,2645000000000.0,3486635210,88.9,-50.2,5,4,False,False,False,False,True,True,False,True,True,False,False
092790.KS,넥스틸,14080.0,68.5,364500000000.0,11073686076,55.9,-38.8,2,5,False,False,False,True,True,True,False,True,True,False,False
166090.KQ,하나머티리얼즈,63100.0,68.4,1251900000000.0,9296164354,74.3,-28.2,5,5,False,False,False,True,True,True,False,True,True,False,False
232140.KQ,와이씨,16890.0,68.3,1389000000000.0,23998986229,147.7,-30.1,0,3,False,False,False,True,False,False,False,True,True,False,False
140860.KQ,파크시스템스,298000.0,68.2,2093700000000.0,8266140860,45.4,-15.0,2,6,False,False,False,True,True,True,False,True,True,True,False
005180.KS,빙그레,83200.0,68.1,740100000000.0,7105253500,35.3,-13.3,2,7,False,False,False,True,True,True,True,True,True,True,False
001230.KS,동국홀딩스,2025.0,67.9,315700000000.0,1181293247,47.6,-20.4,5,6,False,False,False,True,True,True,False,True,True,True,False
452430.KQ,사피엔반도체,37800.0,67.8,312500000000.0,1372259441,98.9,-32.5,1,4,False,False,False,True,False,True,False,True,True,False,False
093320.KQ,케이아이엔엑스,126000.0,67.7,614900000000.0,1780633254,57.5,-23.0,5,4,False,False,False,True,False,True,False,False,True,True,False
058470.KQ,리노공업,84300.0,67.6,6485600000000.0,47771841644,74.0,-34.7,5,4,False,False,False,False,True,True,False,True,True,False,False
007610.KS,선도전기,4270.0,67.5,77500000000.0,2824609387,43.5,-74.3,5,4,False,False,False,False,True,True,False,True,True,False,False
307950.KS,현대오토에버,382500.0,67.4,10517100000000.0,31863552160,159.1,-64.1,5,3,False,False,False,False,True,True,False,False,True,False,False
010820.KS,퍼스텍,6520.0,67.3,319000000000.0,3198511512,76.2,-65.2,5,4,False,False,False,False,True,True,False,True,True,False,False
201490.KQ,미투온,3395.0,67.2,111800000000.0,14828399511,95.3,-47.6,0,3,False,False,False,True,False,False,False,True,True,False,False
091590.KQ,남화토건,6040.0,67.0,70800000000.0,7038833668,88.8,-50.5,3,6,False,False,False,True,True,True,True,True,True,False,False
091590.KQ,남화토건,6040.0,67.0,70800000000.0,7038833668,88.8,-50.5,3,6,False,False,False,True,True,True,True,True,True,False,False
417500.KQ,제이아이테크,4300.0,66.8,141800000000.0,1040095643,73.4,-30.2,5,5,False,False,False,True,True,True,False,True,True,False,False
149950.KQ,아바텍,12440.0,66.7,172500000000.0,1335408686,84.3,-36.2,1,5,False,False,False,True,True,True,False,True,True,False,False
060370.KQ,LS마린솔루션,33900.0,66.6,1770900000000.0,3913416087,56.6,-34.3,5,5,False,False,False,True,True,True,False,True,True,False,False
389500.KQ,에스비비테크,44350.0,66.5,297500000000.0,4541647007,96.2,-61.4,5,3,False,False,False,False,False,True,False,True,True,False,False
033780.KS,케이티앤지,176900.0,66.4,18353700000000.0,44624359022,33.9,-8.1,5,7,False,False,False,True,True,True,True,True,True,True,False
393890.KQ,더블유씨피,10810.0,66.3,366900000000.0,2362794128,95.8,-49.4,5,4,False,False,False,False,True,True,False,True,True,False,False
036830.KQ,솔브레인홀딩스,48800.0,66.1,1003700000000.0,2539673165,89.5,-39.6,1,5,False,False,False,True,True,True,False,True,True,False,False
001510.KS,SK증권,2365.0,66.0,545900000000.0,13243996086,85.9,-61.8,5,4,False,False,False,False,True,True,False,True,True,False,False
139130.KS,iM금융지주,18640.0,65.9,2958200000000.0,7618211294,42.8,-15.3,5,7,False,False,False,True,True,True,True,True,True,True,False
204270.KQ,제이앤티씨,21850.0,65.8,1261100000000.0,14641572288,96.1,-27.4,0,3,False,False,False,True,False,False,False,True,True,False,False
028100.KS,동아지질,19780.0,65.7,222900000000.0,1238341504,49.8,-4.7,5,7,False,False,False,True,True,True,True,True,True,True,False
052690.KS,한전기술,127100.0,65.6,4842500000000.0,58001561624,64.9,-35.8,5,4,False,False,False,False,True,True,False,True,True,False,False
178320.KQ,서진시스템,41500.0,65.5,2666800000000.0,38809514510,99.0,-50.2,5,4,False,False,False,False,True,True,False,True,True,False,False
021240.KS,코웨이,101600.0,65.4,7246600000000.0,17848964734,47.7,-7.0,2,7,False,False,False,True,True,True,True,True,True,True,False
316140.KS,우리금융지주,33500.0,65.3,24866500000000.0,102292410456,35.9,-19.3,5,6,False,False,False,True,True,True,True,False,True,True,False
042370.KQ,비츠로테크,11340.0,65.1,297600000000.0,6906191719,73.9,-52.4,1,5,False,False,False,True,True,True,False,True,True,False,False
126340.KQ,비나텍,94800.0,65.0,681400000000.0,8342126827,119.9,-53.6,5,4,False,False,False,False,True,True,False,True,True,False,False
112610.KS,씨에스윈드,55400.0,64.9,2332100000000.0,18656076551,60.6,-30.2,2,5,False,False,False,True,True,True,False,True,True,False,False
032500.KQ,케이엠더블유,21100.0,64.8,886000000000.0,4156758367,83.5,-47.2,5,4,False,False,False,False,True,True,False,True,True,False,False
082920.KQ,비츠로셀,29600.0,64.7,1340600000000.0,11449885337,137.3,-56.3,5,3,False,False,False,False,True,True,False,False,True,False,False
006260.KS,LS,298500.0,64.6,9328800000000.0,43944869740,85.2,-50.6,5,3,False,False,False,False,True,True,False,False,True,False,False
104830.KQ,원익머트리얼즈,41200.0,64.5,525100000000.0,2360459905,61.6,-26.6,5,5,False,False,False,True,True,True,False,True,True,False,False
005290.KQ,동진쎄미켐,52000.0,64.4,2675900000000.0,17678372973,65.1,-28.0,1,5,False,False,False,True,True,True,False,True,True,False,False
074600.KQ,원익QnC,32300.0,64.2,858300000000.0,6279970369,74.1,-28.9,5,5,False,False,False,True,True,True,False,True,True,False,False
020000.KS,한섬,21950.0,64.1,473600000000.0,2643334333,54.8,-23.7,5,6,False,False,False,True,True,True,False,True,True,True,False
272110.KQ,케이엔제이,31850.0,64.0,259600000000.0,2260201432,64.9,-28.6,1,5,False,False,False,True,True,True,False,True,True,False,False
036810.KQ,에프에스티,35700.0,63.9,772900000000.0,3948962844,138.0,-30.0,0,3,False,False,False,True,False,False,False,True,True,False,False
175330.KS,JB금융지주,29000.0,63.8,5409100000000.0,11976833534,33.6,-24.7,5,7,False,False,False,True,True,True,True,True,True,True,False
007390.KQ,네이처셀,24750.0,63.7,1607700000000.0,7023401549,49.5,-33.0,1,6,False,False,False,True,True,True,True,True,True,False,False
452280.KQ,한선엔지니어링,14320.0,63.6,276400000000.0,7886187780,82.7,-61.6,5,4,False,False,False,False,True,True,False,True,True,False,False
004430.KS,송원산업,11570.0,63.5,277200000000.0,2028445145,36.6,-30.8,3,5,False,False,False,True,True,True,True,False,True,False,False
138040.KS,메리츠금융지주,128800.0,63.3,21554300000000.0,30787896222,31.4,-14.0,2,7,False,False,False,True,True,True,True,True,True,True,False
006660.KS,삼성공조,13150.0,63.2,107100000000.0,9020477958,49.6,-34.2,0,3,False,False,False,True,False,False,False,True,True,False,False
388050.KQ,지투파워,10150.0,63.1,191200000000.0,17913983566,89.7,-45.0,2,4,False,False,False,False,True,True,False,True,True,False,False
443670.KQ,에스피소프트,4680.0,63.0,114500000000.0,7731589739,85.7,-35.8,0,3,False,False,False,True,False,False,False,True,True,False,False
114810.KQ,한솔아이원스,15420.0,62.9,435700000000.0,3733745890,118.7,-22.5,0,5,False,False,False,True,True,False,False,True,True,True,False
124500.KQ,아이티센글로벌,29250.0,62.8,685700000000.0,14421665655,82.8,-61.3,5,4,False,False,False,False,True,True,False,True,True,False,False
443060.KS,HD현대마린솔루션,233500.0,62.7,10513400000000.0,20620172700,47.8,-18.6,1,7,False,False,False,True,True,True,True,True,True,True,False
336260.KS,두산퓨얼셀,45850.0,62.6,3009400000000.0,44583749330,151.5,-57.9,5,4,False,False,False,False,True,True,False,True,True,False,False
482630.KQ,삼양엔씨켐,15470.0,62.4,343200000000.0,2285951575,88.0,-38.1,5,4,False,False,False,False,True,True,False,True,True,False,False
162300.KQ,신스틸,2080.0,62.3,86100000000.0,7223489413,55.8,-34.1,1,6,False,False,False,True,True,True,True,True,True,False,False
484120.KQ,도우인시스,23000.0,62.2,253700000000.0,1017880699,97.1,-29.4,0,3,False,False,False,True,False,False,False,True,True,False,False
115500.KQ,케이씨에스,10710.0,62.1,130700000000.0,2345921223,75.0,-61.1,0,3,False,False,False,False,True,False,False,True,True,False,False
001250.KS,GS글로벌,2990.0,62.0,245500000000.0,1565479809,35.9,-47.5,5,4,False,False,False,False,True,True,False,True,True,False,False
261780.KQ,아리바이오LAB,3410.0,61.9,98900000000.0,2228554766,87.0,-49.3,1,5,False,False,False,True,True,True,False,True,True,False,False
079370.KQ,제우스,14250.0,61.8,445400000000.0,3573738340,116.6,-32.0,0,3,False,False,False,True,False,False,False,True,True,False,False
000400.KS,롯데손해보험,2205.0,61.7,692000000000.0,1027590280,39.9,-32.8,5,5,False,False,False,True,True,True,False,True,True,False,False
272210.KS,한화시스템,82900.0,61.6,15491400000000.0,39387786710,85.3,-54.9,5,4,False,False,False,False,True,True,False,True,True,False,False
406820.KQ,뷰티스킨,2445.0,61.4,34200000000.0,2509360594,60.3,-87.2,0,2,False,False,False,False,False,False,False,True,True,False,False
033100.KQ,제룡전기,49400.0,61.3,798300000000.0,5153759690,55.1,-47.3,5,4,False,False,False,False,True,True,False,True,True,False,False
086450.KQ,동국제약,22750.0,61.2,1035800000000.0,9181009864,39.9,-27.2,5,5,False,False,False,True,True,True,False,True,True,False,False
199430.KQ,케이엔알시스템,17910.0,61.1,201000000000.0,4507341470,110.5,-60.5,0,2,False,False,False,False,False,False,False,True,True,False,False
234690.KQ,녹십자웰빙,10970.0,61.0,196500000000.0,4365150226,64.2,-31.0,1,5,False,False,False,True,True,True,False,True,True,False,False
161390.KS,한국타이어앤테크놀로지,59900.0,60.9,7432500000000.0,18818439846,59.1,-23.6,5,5,False,False,False,False,True,True,True,False,True,True,False
280360.KS,롯데웰푸드,119400.0,60.8,1105500000000.0,4130634728,32.7,-23.0,2,6,False,False,False,True,True,True,True,False,True,True,False
121600.KQ,나노신소재,59500.0,60.7,728400000000.0,3006425376,79.2,-37.6,0,3,False,False,False,True,False,False,False,True,True,False,False
142210.KQ,유니트론텍,6670.0,60.5,138600000000.0,1666729685,49.2,-26.4,2,4,False,False,False,True,False,True,False,True,True,False,False
112290.KQ,와이씨켐,12630.0,60.4,252400000000.0,1505229820,70.7,-28.6,0,4,False,False,False,True,True,False,False,True,True,False,False
460860.KS,동국제강,9880.0,60.3,491600000000.0,2386745597,27.3,-44.2,2,3,False,False,False,False,True,True,False,True,False,False,False
264850.KQ,이랜시스,5930.0,60.2,179900000000.0,10043765576,68.2,-37.8,2,3,False,False,False,False,False,True,False,True,True,False,False
006910.KQ,보성파워텍,7400.0,60.1,366000000000.0,9235099344,70.1,-59.3,5,4,False,False,False,False,True,True,False,True,True,False,False
115180.KQ,큐리언트,24750.0,60.0,927100000000.0,4243926027,99.6,-60.7,0,2,False,False,False,False,False,False,False,True,True,False,False
044490.KQ,태웅,37950.0,59.9,761300000000.0,8574119829,89.9,-38.1,1,5,False,False,False,True,True,True,False,True,True,False,False
005880.KS,대한해운,2150.0,59.8,695500000000.0,3877364522,31.2,-36.5,5,4,False,False,False,False,True,True,False,True,True,False,False
294870.KS,IPARK현대산업개발,22350.0,59.6,1473000000000.0,3830870449,32.2,-10.8,2,6,False,False,False,True,True,True,True,False,True,True,False
001740.KS,SK네트웍스,6550.0,59.5,1307900000000.0,7044608641,53.2,-59.7,5,3,False,False,False,False,True,True,False,False,True,False,False
004770.KS,써니전자,1837.0,59.4,65800000000.0,4062351156,29.5,-32.1,3,4,False,False,False,True,True,True,True,False,False,False,False
110990.KQ,디아이티,19200.0,59.3,363100000000.0,1268580758,60.7,-33.8,5,4,False,False,False,False,True,True,False,True,True,False,False
100790.KQ,미래에셋벤처투자,17900.0,59.2,958800000000.0,12359556638,145.5,-74.7,5,4,False,False,False,False,True,True,False,True,True,False,False
299660.KQ,셀리드,2445.0,59.1,71500000000.0,4888479629,151.3,-48.6,0,2,False,False,False,False,False,False,False,True,True,False,False
003380.KQ,하림지주,11290.0,59.0,1266800000000.0,5050640583,59.9,-42.4,5,3,False,False,False,False,False,True,False,True,True,False,False
052900.KQ,KX하이텍,1212.0,58.9,94300000000.0,1078846698,52.5,-50.1,5,4,False,False,False,False,True,True,False,True,True,False,False
007660.KS,이수페타시스,121200.0,58.7,8955900000000.0,68875706166,109.3,-26.3,0,3,False,False,False,True,False,False,False,True,True,False,False
180640.KS,한진칼,132300.0,58.6,8866000000000.0,12211891004,42.1,-24.8,4,7,False,False,False,True,True,True,True,True,True,True,False
127120.KQ,제이에스링크,29200.0,58.5,1107600000000.0,5899403376,110.7,-41.5,5,3,False,False,False,False,True,True,False,False,True,False,False
282330.KS,BGF리테일,127900.0,58.4,2212300000000.0,8730686338,26.4,-18.3,5,4,False,False,False,False,True,True,True,False,False,True,False
049070.KQ,인탑스,18750.0,58.3,296000000000.0,1547360844,44.2,-24.8,5,5,False,False,False,True,False,True,False,True,True,True,False
036200.KQ,유니셈,10840.0,58.2,334200000000.0,2218184526,80.7,-24.7,0,4,False,False,False,True,False,False,False,True,True,True,False
224060.KQ,더코디,4265.0,58.1,22000000000.0,2064225294,77.7,-66.5,5,3,False,False,False,False,True,True,False,False,True,False,False
198440.KQ,강동씨앤엘,1546.0,58.0,94100000000.0,5569508908,69.9,-47.2,4,6,False,False,False,True,True,True,True,True,True,False,False
198440.KQ,강동씨앤엘,1546.0,58.0,94100000000.0,5569508908,69.9,-47.2,4,6,False,False,False,True,True,True,True,True,True,False,False
419050.KQ,삼기에너지솔루션즈,1820.0,57.7,104100000000.0,6256634644,110.4,-26.2,0,3,False,False,False,True,False,False,False,True,True,False,False
302430.KQ,이노메트리,7850.0,57.6,77200000000.0,3234785218,94.8,-32.0,1,4,False,False,False,True,False,True,False,True,True,False,False
050890.KQ,쏠리드,10600.0,57.5,649500000000.0,9990581214,70.4,-49.3,5,4,False,False,False,False,True,True,False,True,True,False,False
476060.KQ,온코닉테라퓨틱스,15710.0,57.4,712900000000.0,9841388687,78.7,-45.6,0,2,False,False,False,False,False,False,False,True,True,False,False
009830.KS,한화솔루션,36100.0,57.3,8118600000000.0,117106062508,64.1,-39.1,5,4,False,False,False,False,True,True,False,True,True,False,False
016380.KS,KG스틸,5750.0,57.2,572100000000.0,1452676215,19.2,-27.2,5,4,False,False,False,True,True,True,False,True,False,False,False
037350.KQ,성도이엔지,8420.0,57.1,128800000000.0,1021587168,79.5,-41.7,5,4,False,False,False,False,True,True,False,True,True,False,False
090430.KS,아모레퍼시픽,132700.0,57.0,7750300000000.0,40129915002,41.2,-21.5,2,4,False,False,False,True,False,True,False,False,True,True,False
012630.KS,HDC,23500.0,56.8,1403900000000.0,1946231618,48.3,-23.3,3,5,False,False,False,False,True,True,False,True,True,True,False
396470.KQ,워트,7180.0,56.7,116500000000.0,2038285520,74.1,-34.5,0,3,False,False,False,True,False,False,False,True,True,False,False
066970.KS,엘앤에프,113900.0,56.6,4642300000000.0,56797026252,80.8,-49.4,0,3,False,False,False,False,True,False,False,True,True,False,False
005850.KS,에스엘,52100.0,56.5,2438500000000.0,4209868324,56.9,-34.5,5,3,False,False,False,False,True,True,False,False,True,False,False
066430.KQ,아이로보틱스,2060.0,56.4,80500000000.0,3857382567,105.6,-59.4,5,3,False,False,False,False,True,True,False,False,True,False,False
014680.KS,한솔케미칼,274000.0,56.3,2995300000000.0,10197662292,56.6,-20.9,0,5,False,False,False,True,True,False,False,True,True,True,False
038500.KQ,삼표시멘트,6780.0,56.2,739200000000.0,3139858174,134.6,-71.1,5,3,False,False,False,False,True,True,False,False,True,False,False
033240.KS,자화전자,28050.0,56.1,611400000000.0,2753282804,69.0,-53.2,5,4,False,False,False,False,True,True,False,True,True,False,False
000210.KS,DL,48850.0,55.9,1020600000000.0,3735301323,44.1,-37.1,5,3,False,False,False,False,True,True,False,False,True,False,False
012750.KS,에스원,83100.0,55.8,3195700000000.0,4902052810,24.4,-19.3,2,5,False,False,False,True,True,True,False,True,False,True,False
003670.KS,포스코퓨처엠,186900.0,55.7,16615200000000.0,54303202042,62.9,-37.6,0,2,False,False,False,False,False,False,False,True,True,False,False
013030.KQ,하이록코리아,36300.0,55.6,427800000000.0,1246717005,31.8,-24.5,1,6,False,False,False,True,True,True,False,True,True,True,False
005440.KS,현대지에프홀딩스,12690.0,55.5,2327300000000.0,3662528546,73.6,-35.9,5,4,False,False,False,False,True,True,False,True,True,False,False
030190.KS,NICE평가정보,16270.0,55.4,959100000000.0,1422118671,25.1,-12.1,2,4,False,False,False,True,False,True,False,True,False,True,False
119830.KQ,아이텍,6480.0,55.3,177000000000.0,1178720752,50.7,-33.4,2,3,False,False,False,False,False,True,False,True,True,False,False
011200.KS,HMM,21500.0,55.2,20185300000000.0,26459243069,20.0,-13.8,2,6,False,False,False,True,True,True,True,True,False,True,False
061970.KQ,LB세미콘,4750.0,55.0,339600000000.0,3008648152,64.6,-33.3,0,4,False,False,False,True,True,False,False,True,True,False,False
294570.KQ,쿠콘,27050.0,54.9,276500000000.0,4370789430,108.1,-42.9,0,3,False,False,False,True,False,False,False,True,True,False,False
078150.KQ,HB테크놀러지,2310.0,54.8,219700000000.0,2200430922,46.7,-62.4,1,4,False,False,False,False,True,True,False,True,True,False,False
204620.KQ,글로벌텍스프리,5680.0,54.7,397800000000.0,4264678658,43.6,-21.4,0,6,False,False,False,True,True,False,True,True,True,True,False
441270.KQ,파인엠텍,9400.0,54.6,397500000000.0,7955747774,76.0,-26.5,0,3,False,False,False,True,False,False,False,True,True,False,False
018880.KS,한온시스템,3830.0,54.5,3940800000000.0,16797198410,39.0,-35.5,0,3,False,False,False,False,True,False,False,True,True,False,False
051900.KS,LG생활건강,271000.0,54.4,4065900000000.0,26848466940,29.0,-19.2,2,3,False,False,False,True,False,True,False,False,False,True,False
039860.KQ,나노엔텍,4555.0,54.3,173100000000.0,2045217773,51.1,-51.5,5,3,False,False,False,False,False,True,False,True,True,False,False
243840.KQ,신흥에스이씨,5850.0,54.2,224800000000.0,1067703086,70.8,-52.4,1,4,False,False,False,False,True,True,False,True,True,False,False
047050.KS,포스코인터내셔널,56600.0,54.0,9957200000000.0,75505625989,26.2,-37.9,5,3,False,False,False,False,True,True,False,True,False,False,False
340570.KQ,티앤엘,27550.0,53.9,443500000000.0,2861733398,27.8,-23.0,5,4,False,False,False,False,True,True,True,False,False,True,False
039830.KQ,오로라,15710.0,53.8,171700000000.0,1917677982,73.8,-40.5,0,3,False,False,False,False,True,False,True,False,True,False,False
071320.KS,지역난방공사,79500.0,53.7,920500000000.0,1182640664,31.6,-31.9,0,3,False,False,False,True,False,False,False,True,True,False,False
089030.KQ,테크윙,54900.0,53.6,2063900000000.0,31626159665,73.6,-25.8,0,4,False,False,False,True,True,False,False,True,True,False,False
254490.KQ,미래반도체,18760.0,53.5,272600000000.0,1498681631,78.3,-60.8,1,4,False,False,False,False,True,True,False,True,True,False,False
161580.KQ,필옵틱스,40950.0,53.4,962300000000.0,9198581306,111.3,-36.9,0,3,False,False,False,True,False,False,False,True,True,False,False
026960.KS,동서,27700.0,53.3,2746700000000.0,1759579631,23.9,-10.5,0,3,False,False,False,True,False,False,False,True,False,True,False
005070.KS,코스모신소재,47200.0,53.1,1564400000000.0,4304580005,77.4,-28.9,0,3,False,False,False,True,False,False,False,True,True,False,False
090460.KS,비에이치,20800.0,53.0,702900000000.0,20816879635,67.2,-52.1,1,4,False,False,False,False,True,True,False,True,True,False,False
147830.KQ,제룡산업,7300.0,52.9,147000000000.0,1087636196,44.8,-52.6,5,4,False,False,False,False,True,True,False,True,True,False,False
001290.KS,상상인증권,4330.0,52.8,91700000000.0,1133032551,47.5,-51.4,2,3,False,False,False,False,True,True,False,False,True,False,False
005940.KS,NH투자증권,26950.0,52.7,9913200000000.0,13261062059,42.7,-36.7,5,3,False,False,False,False,True,True,False,False,True,False,False
064400.KS,LG씨엔에스,71900.0,52.6,6975800000000.0,52998109988,32.9,-53.1,4,4,False,False,False,False,True,True,False,True,True,False,False
120110.KS,코오롱인더,56200.0,52.5,1689000000000.0,10030947397,66.5,-46.4,5,4,False,False,False,False,True,True,False,True,True,False,False
037030.KQ,파워넷,4085.0,52.4,105900000000.0,1237535818,68.8,-60.7,5,4,False,False,False,False,True,True,False,True,True,False,False
004490.KS,세방전지,62200.0,52.2,862100000000.0,4136822198,32.6,-19.9,1,5,False,False,False,True,False,True,False,True,True,True,False
417200.KQ,LS머트리얼즈,15130.0,52.1,1035100000000.0,10515734314,73.9,-53.8,5,4,False,False,False,False,True,True,False,True,True,False,False
267270.KS,HD건설기계,117900.0,52.0,5604700000000.0,35251511446,37.4,-45.8,5,3,False,False,False,False,True,True,False,False,True,False,False
174900.KQ,앱클론,27900.0,51.9,563600000000.0,4885854879,123.9,-70.9,0,2,False,False,False,False,False,False,False,True,True,False,False
002710.KS,TCC스틸,13460.0,51.8,356200000000.0,3348011890,113.3,-41.4,0,2,False,False,False,False,False,False,False,True,True,False,False
007070.KS,GS리테일,22150.0,51.7,1856100000000.0,4915223140,38.9,-26.0,5,4,False,False,False,False,True,True,True,False,True,False,False
452450.KQ,피아이이,5370.0,51.6,194200000000.0,1646160803,195.9,-45.5,0,3,False,False,False,True,False,False,False,True,True,False,False
020560.KS,아시아나항공,8170.0,51.5,1693200000000.0,1023387618,25.7,-14.3,0,3,False,False,False,True,False,False,False,True,False,True,False
036570.KS,NC,241000.0,51.3,5267500000000.0,19154700120,36.9,-29.8,5,5,False,False,False,True,True,True,False,True,True,False,False
000240.KS,한국앤컴퍼니,25450.0,51.2,2416100000000.0,1891990767,18.1,-30.2,0,2,False,False,False,True,False,False,False,True,False,False,False
432470.KQ,케이엔에스,10320.0,51.1,91500000000.0,3018044342,74.3,-49.4,0,2,False,False,False,False,False,False,False,True,True,False,False
002900.KS,TYM,6440.0,51.0,266600000000.0,1652523396,19.7,-34.9,5,2,False,False,False,False,True,True,False,False,False,False,False
004370.KS,농심,404000.0,50.9,2445200000000.0,12881835840,26.6,-20.2,0,2,False,False,False,True,False,False,False,False,False,True,False
232680.KQ,라온로보틱스,10900.0,50.8,145600000000.0,1977763869,55.3,-54.5,5,3,False,False,False,False,False,True,False,True,True,False,False
018670.KS,SK가스,238000.0,50.7,2220000000000.0,3009215430,21.4,-21.2,0,4,False,False,False,True,True,False,False,True,False,True,False
086280.KS,현대글로비스,201500.0,50.6,15075000000000.0,32134142892,29.1,-31.9,5,1,False,False,False,False,False,True,False,False,False,False,False
086520.KQ,에코프로,88900.0,50.5,12097700000000.0,65315777382,95.2,-53.2,0,2,False,False,False,False,False,False,False,True,True,False,False
037070.KQ,파세코,6790.0,50.3,135400000000.0,5616188566,36.1,-32.0,0,2,False,False,False,False,False,False,False,True,True,False,False
003470.KS,유안타증권,4350.0,50.2,837200000000.0,1355368092,23.1,-48.2,5,2,False,False,False,False,True,True,False,False,False,False,False
190510.KQ,나무가,15960.0,50.1,225200000000.0,1761045970,44.4,-44.2,0,2,False,False,False,False,False,False,False,True,True,False,False
068270.KS,셀트리온,182600.0,50.0,42475900000000.0,101038103842,15.2,-23.6,5,2,False,False,False,False,False,True,False,False,False,True,False
336370.KS,솔루스첨단소재,8740.0,49.9,613000000000.0,1225110210,64.0,-48.3,0,3,False,False,False,False,True,False,False,True,True,False,False
011790.KS,SKC,106500.0,49.8,5297100000000.0,15866456332,74.3,-42.2,0,3,False,False,False,True,False,False,False,True,True,False,False
417010.KQ,나노팀,6760.0,49.7,136000000000.0,3178032040,103.0,-57.6,2,3,False,False,False,False,False,True,False,True,True,False,False
058430.KS,포스코스틸리온,4585.0,49.6,276000000000.0,1384808485,28.8,-56.3,5,2,False,False,False,False,True,True,False,False,False,False,False
002380.KS,케이씨씨,472000.0,49.4,4055800000000.0,10643903310,40.5,-31.8,5,4,False,False,False,False,True,True,False,True,True,False,False
024060.KQ,흥구석유,12250.0,49.3,182100000000.0,38828022224,37.3,-66.2,1,4,False,False,False,False,True,True,False,True,True,False,False
214430.KQ,아이쓰리시스템,78600.0,49.2,569200000000.0,1848821340,59.6,-43.0,0,2,False,False,False,False,False,False,False,True,True,False,False
099440.KQ,스맥,3940.0,49.1,269200000000.0,1823804231,63.1,-52.8,0,1,False,False,False,False,False,False,False,False,True,False,False
189300.KQ,인텔리안테크,72700.0,49.0,790300000000.0,4576466471,86.4,-59.7,5,4,False,False,False,False,True,True,False,True,True,False,False
138360.KQ,앤로보틱스,1423.0,48.9,125200000000.0,2099058052,95.5,-71.4,5,3,False,False,False,False,True,True,False,False,True,False,False
267320.KQ,나인테크,2820.0,48.8,162500000000.0,3082538661,121.4,-40.3,0,3,False,False,False,True,False,False,False,True,True,False,False
237880.KQ,클리오,11980.0,48.7,217900000000.0,1524920043,36.1,-21.9,0,3,False,False,False,False,False,False,False,True,True,True,False
009240.KS,한샘,39750.0,48.5,930800000000.0,1634197210,40.5,-27.5,0,3,False,False,False,True,False,False,False,True,True,False,False
102710.KQ,이엔에프테크놀로지,48850.0,48.4,694400000000.0,3515122053,46.7,-24.8,0,4,False,False,False,True,False,False,False,True,True,True,False
439090.KQ,마녀공장,15120.0,48.3,258200000000.0,5163731477,36.7,-28.8,2,5,False,False,False,True,True,True,True,False,True,False,False
217730.KQ,강스템바이오텍,2240.0,48.2,216800000000.0,1375412760,63.3,-52.2,5,3,False,False,False,False,True,True,False,False,True,False,False
079160.KS,CJ CGV,4985.0,48.1,829600000000.0,3129805508,20.1,-25.2,0,0,False,False,False,False,False,False,False,False,False,False,False
023160.KQ,태광,27950.0,48.0,726900000000.0,4496084378,43.9,-45.5,1,4,False,False,False,False,True,True,False,True,True,False,False
192080.KS,더블유게임즈,58500.0,47.9,1223800000000.0,2814641446,24.5,-23.5,5,4,False,False,False,False,True,True,True,False,False,True,False
086390.KQ,유니테스트,15200.0,47.8,321500000000.0,2538994047,152.1,-35.9,0,3,False,False,False,True,False,False,False,True,True,False,False
900290.KQ,GRT,3465.0,47.7,322800000000.0,1571547434,63.4,-53.7,2,3,False,False,False,False,True,True,False,False,True,False,False
001060.KS,JW중외제약,26750.0,47.5,624100000000.0,1709672251,29.2,-31.8,5,2,False,False,False,False,False,True,False,True,False,False,False
204320.KS,HL만도,47150.0,47.4,2221100000000.0,20468391670,46.7,-40.4,5,2,False,False,False,False,False,True,False,False,True,False,False
001800.KS,오리온홀딩스,22900.0,47.3,1389600000000.0,1782160513,24.7,-23.5,5,4,False,False,False,False,True,True,True,False,False,True,False
008490.KS,서흥,20400.0,47.2,234900000000.0,1104749248,27.5,-33.8,0,0,False,False,False,False,False,False,False,False,False,False,False
003280.KS,흥아해운,1855.0,47.1,446700000000.0,17802406554,21.7,-61.3,1,3,False,False,False,False,True,True,False,True,False,False,False
041190.KQ,우리기술투자,6380.0,47.0,511500000000.0,25207438582,71.3,-51.4,0,3,False,False,False,True,False,False,False,True,True,False,False
090710.KQ,휴림로봇,6450.0,46.9,775900000000.0,11278798560,109.4,-75.8,5,2,False,False,False,False,False,True,False,False,True,False,False
439580.KQ,블루엠텍,2975.0,46.8,100400000000.0,1982480874,121.8,-55.3,0,2,False,False,False,False,False,False,False,True,True,False,False
285130.KS,SK케미칼,51800.0,46.6,897800000000.0,3704287659,44.5,-36.7,0,2,False,False,False,False,False,False,False,True,True,False,False
067630.KQ,HLB생명과학,3575.0,46.5,435900000000.0,1636605414,122.3,-32.9,0,3,False,False,False,True,False,False,False,True,True,False,False
004170.KS,신세계,332000.0,46.4,3135800000000.0,35833540170,95.1,-58.1,5,3,False,False,False,False,True,True,False,False,True,False,False
298020.KS,효성티앤씨,273500.0,46.3,1187900000000.0,6178431220,37.4,-50.9,5,3,False,False,False,False,True,True,False,False,True,False,False
046120.KQ,오르비텍,5400.0,46.2,183800000000.0,4267942154,66.7,-67.1,5,4,False,False,False,False,True,True,False,True,True,False,False
006730.KQ,서부T&D,11480.0,46.1,732800000000.0,4157455622,35.9,-43.9,2,3,False,False,False,False,False,True,False,True,True,False,False
399720.KQ,가온칩스,48200.0,46.0,575200000000.0,6480466084,37.9,-42.1,0,2,False,False,False,False,False,False,False,True,True,False,False
000640.KS,동아쏘시오홀딩스,94600.0,45.9,636200000000.0,1481924718,27.0,-22.4,0,2,False,False,False,False,False,False,False,True,False,True,False
267250.KS,HD현대,201000.0,45.7,15838100000000.0,33368995210,35.7,-39.6,5,3,False,False,False,False,True,True,False,False,True,False,False
035510.KS,신세계I&C,15460.0,45.6,216000000000.0,1762213954,50.0,-47.2,0,2,False,False,False,False,False,False,False,True,True,False,False
032640.KS,LG유플러스,14550.0,45.5,6183900000000.0,13450034749,5.4,-22.6,0,2,False,False,False,False,True,False,False,False,False,True,False
005490.KS,POSCO홀딩스,311000.0,45.4,24683700000000.0,82701410630,20.3,-42.6,5,2,False,False,False,False,True,True,False,False,False,False,False
277810.KQ,레인보우로보틱스,449500.0,45.3,8700800000000.0,54292333650,58.3,-54.1,5,4,False,False,False,False,True,True,False,True,True,False,False
082740.KS,한화엔진,48600.0,45.2,4055500000000.0,35757292355,35.8,-48.5,1,4,False,False,False,False,True,True,False,True,True,False,False
187790.KQ,나노,3140.0,45.1,100200000000.0,1121444659,86.4,-58.5,5,4,False,False,False,False,True,True,False,True,True,False,False
488280.KQ,에스투더블유,15360.0,45.0,176800000000.0,5249638149,91.8,-61.6,0,2,False,False,False,False,False,False,False,True,True,False,False
071280.KQ,로체시스템즈,8620.0,44.8,132000000000.0,1137178932,67.4,-38.2,0,3,False,False,False,True,False,False,False,True,True,False,False
053690.KS,한미글로벌,20650.0,44.7,227900000000.0,6040698538,50.3,-40.6,1,4,False,False,False,False,True,True,False,True,True,False,False
000880.KS,한화,128900.0,44.6,6804800000000.0,16493060614,28.1,-41.4,1,3,False,False,False,False,True,True,False,True,False,False,False
036460.KS,한국가스공사,36000.0,44.5,3309400000000.0,5654112978,15.6,-21.2,0,2,False,False,False,False,False,False,False,True,False,True,False
373220.KS,LG에너지솔루션,371000.0,44.4,86346000000000.0,103992254350,27.7,-29.6,0,1,False,False,False,False,False,False,False,True,False,False,False
225570.KQ,넥슨게임즈,10850.0,44.3,710600000000.0,1734152398,38.0,-29.6,0,2,False,False,False,False,False,False,False,True,True,False,False
161000.KS,애경케미칼,10890.0,44.2,537100000000.0,2111744229,55.6,-45.4,0,3,False,False,False,False,True,False,False,True,True,False,False
005380.KS,현대자동차,346500.0,44.1,70602900000000.0,235595899580,62.7,-55.7,5,3,False,False,False,False,True,True,False,False,True,False,False
012450.KS,한화에어로스페이스,1072000.0,44.0,55121300000000.0,176870105600,36.9,-35.2,5,4,False,False,False,False,True,True,False,True,True,False,False
009900.KS,명신산업,8530.0,43.8,448600000000.0,1801088726,58.3,-42.9,0,2,False,False,False,False,False,False,False,True,True,False,False
011930.KS,신성이엔지,19890.0,43.7,404900000000.0,3219651907,76.0,-60.0,1,4,False,False,False,False,True,True,False,True,True,False,False
014950.KQ,삼익제약,8550.0,43.6,85700000000.0,22728882300,130.8,-65.9,0,2,False,False,False,False,False,False,False,True,True,False,False
001200.KS,유진증권,4090.0,43.5,396700000000.0,1935975410,23.0,-40.9,5,2,False,False,False,False,True,True,False,False,False,False,False
011780.KS,금호석유화학,117400.0,43.4,2956000000000.0,12068148242,14.2,-27.7,5,1,False,False,False,False,False,True,False,False,False,False,False
483650.KS,달바글로벌,183100.0,43.3,2297500000000.0,36774178918,57.6,-35.3,5,4,False,False,False,False,True,True,True,False,True,False,False
265520.KQ,AP시스템,20600.0,43.2,310800000000.0,1016765365,32.1,-33.8,1,4,False,False,False,False,True,True,False,True,True,False,False
214320.KS,이노션,18110.0,43.1,727600000000.0,1173340507,8.2,-20.0,5,3,False,False,False,False,True,True,False,False,False,True,False
047810.KS,한국항공우주,133500.0,42.9,12993400000000.0,50162587042,40.4,-38.1,5,3,False,False,False,False,True,True,False,False,True,False,False
260970.KQ,에스앤디,61400.0,42.8,177000000000.0,1203293137,45.8,-49.9,0,3,False,False,False,True,False,False,False,True,True,False,False
024110.KS,기업은행,20200.0,42.7,16187700000000.0,19521661627,8.3,-31.6,5,2,False,False,False,False,True,True,False,False,False,False,False
003720.KS,삼영,6460.0,42.6,220000000000.0,1958915796,48.0,-53.8,0,2,False,False,False,False,True,False,False,False,True,False,False
222080.KQ,SFA넥셀,8350.0,42.5,650200000000.0,3625213121,46.7,-58.0,5,4,False,False,False,False,True,True,False,True,True,False,False
016360.KS,삼성증권,90400.0,42.4,8063800000000.0,36874300448,27.9,-44.5,5,2,False,False,False,False,True,True,False,False,False,False,False
034020.KS,두산에너빌리티,81100.0,42.3,52141700000000.0,213322900712,42.3,-41.7,1,4,False,False,False,False,True,True,False,True,True,False,False
003240.KS,태광산업,889000.0,42.2,993200000000.0,1321305860,25.6,-45.6,2,2,False,False,False,False,True,True,False,False,False,False,False
158430.KQ,아톤,5500.0,42.0,139300000000.0,5466394484,66.7,-51.6,0,2,False,False,False,False,False,False,False,True,True,False,False
308080.KQ,바이젠셀,5810.0,41.9,119900000000.0,1038100206,89.3,-66.5,5,3,False,False,False,False,False,True,False,True,True,False,False
023590.KS,다우기술,37950.0,41.8,1642800000000.0,1590412552,17.5,-39.1,5,1,False,False,False,False,False,True,False,False,False,False,False
148780.KQ,비큐AI,3980.0,41.7,25100000000.0,2583184093,115.1,-60.0,0,2,False,False,False,False,False,False,False,True,True,False,False
014620.KQ,성광벤드,30450.0,41.6,814000000000.0,5729195058,35.0,-42.9,1,4,False,False,False,False,True,True,False,True,True,False,False
248070.KS,솔루엠,16700.0,41.5,799000000000.0,1996983197,45.0,-31.4,0,4,False,False,False,True,True,False,False,True,True,False,False
037440.KQ,희림,4125.0,41.4,57800000000.0,2496321071,33.3,-44.7,0,3,False,False,False,False,True,False,False,True,True,False,False
107640.KQ,한중엔시에스,42200.0,41.3,383400000000.0,3789281749,81.9,-42.2,0,2,False,False,False,False,False,False,False,True,True,False,False
032190.KQ,다우데이타,18920.0,41.1,724300000000.0,1330124100,18.7,-39.8,5,1,False,False,False,False,False,True,False,False,False,False,False
037710.KS,광주신세계,34200.0,41.0,258900000000.0,2368472394,16.1,-42.6,5,2,False,False,False,False,True,True,False,False,False,False,False
037710.KS,광주신세계,34200.0,41.0,258900000000.0,2368472394,16.1,-42.6,5,2,False,False,False,False,True,True,False,False,False,False,False
330350.KQ,위더스제약,7250.0,40.8,95300000000.0,4133447188,22.7,-39.3,2,1,False,False,False,False,False,True,False,False,False,False,False
007540.KS,샘표,46700.0,40.7,93800000000.0,1742528345,17.5,-36.1,0,1,False,False,False,False,False,False,False,True,False,False,False
023530.KS,롯데쇼핑,102100.0,40.6,2879800000000.0,18028502890,62.8,-51.6,5,3,False,False,False,False,True,True,False,False,True,False,False
069080.KQ,웹젠,11710.0,40.5,362300000000.0,1066078011,22.9,-35.0,0,2,False,False,False,True,False,False,False,True,False,False,False
002790.KS,아모레퍼시픽홀딩스,25300.0,40.4,1934400000000.0,2723421368,26.8,-29.6,0,0,False,False,False,False,False,False,False,False,False,False,False
300720.KS,한일시멘트,16050.0,40.3,1184100000000.0,1178146943,26.3,-22.7,0,2,False,False,False,False,False,False,False,True,False,True,False
017800.KS,현대엘리베이터,72800.0,40.1,2857700000000.0,8287386356,17.8,-35.8,5,2,False,False,False,False,False,True,False,True,False,False,False
432720.KQ,퀄리타스반도체,12100.0,40.0,172700000000.0,1557787578,111.5,-62.4,0,2,False,False,False,False,False,False,False,True,True,False,False
094170.KQ,동운아나텍,26750.0,39.9,559300000000.0,2866913131,64.3,-52.6,5,3,False,False,False,False,True,True,False,False,True,False,False
140410.KQ,메지온,68000.0,39.8,2082300000000.0,7907517172,48.3,-62.2,0,2,False,False,False,False,False,False,False,True,True,False,False
255440.KQ,야스,8570.0,39.7,111800000000.0,2823211341,134.8,-36.3,0,2,False,False,False,False,False,False,False,True,True,False,False
089010.KQ,켐트로닉스,28050.0,39.6,474600000000.0,2255886717,72.6,-42.6,0,2,False,False,False,False,False,False,False,True,True,False,False
462860.KQ,더즌,2925.0,39.5,212400000000.0,9810299828,84.2,-47.1,0,2,False,False,False,False,False,False,False,True,True,False,False
071090.KS,하이스틸,3445.0,39.4,69900000000.0,3040492453,46.3,-39.3,0,2,False,False,False,False,False,False,False,True,True,False,False
130660.KS,한전산업,12350.0,39.2,404600000000.0,6998594789,40.2,-55.6,1,4,False,False,False,False,True,True,False,True,True,False,False
060720.KQ,KH바텍,11590.0,39.1,274200000000.0,2226865585,40.5,-41.9,0,2,False,False,False,False,False,False,False,True,True,False,False
117730.KQ,티로보틱스,15050.0,39.0,340400000000.0,1632067301,53.6,-51.3,0,2,False,False,False,False,False,False,False,True,True,False,False
348340.KQ,뉴로메카,22300.0,38.9,529000000000.0,7725025369,51.7,-73.1,5,3,False,False,False,False,False,True,False,True,True,False,False
030200.KS,케이티,51900.0,38.8,13105100000000.0,18481962816,7.9,-25.2,5,2,False,False,False,False,True,True,False,False,False,False,False
078520.KS,에이블씨엔씨,10900.0,38.7,274300000000.0,1306796651,25.1,-35.1,2,2,False,False,False,False,True,True,False,False,False,False,False
383220.KS,F&F,69700.0,38.6,2650800000000.0,4989213126,20.2,-21.7,0,3,False,False,False,False,True,False,False,True,False,True,False
257720.KQ,실리콘투,37100.0,38.5,2439400000000.0,55537033346,24.3,-33.9,0,0,False,False,False,False,False,False,False,False,False,False,False
083650.KQ,비에이치아이,59500.0,38.3,1841200000000.0,23007926151,79.5,-47.9,2,4,False,False,False,False,True,True,False,True,True,False,False
200710.KQ,에이디테크놀로지,29600.0,38.2,399800000000.0,3052453364,42.7,-52.3,5,4,False,False,False,False,True,True,False,True,True,False,False
060250.KQ,NHN KCP,13750.0,38.1,556600000000.0,7640168927,26.1,-46.1,0,0,False,False,False,False,False,False,False,False,False,False,False
049630.KQ,재영솔루텍,7270.0,38.0,170800000000.0,3059884280,89.6,-82.0,0,2,False,False,False,False,False,False,False,True,True,False,False
030000.KS,제일기획,18700.0,37.9,2159300000000.0,6634312158,9.4,-19.7,0,1,False,False,False,False,False,False,False,False,False,True,False
012330.KS,현대모비스,383500.0,37.8,34625800000000.0,139181430640,35.5,-53.3,5,3,False,False,False,False,True,True,False,False,True,False,False
138930.KS,BNK금융지주,15940.0,37.7,4915600000000.0,16379805171,16.8,-30.8,5,3,False,False,False,False,True,True,False,True,False,False,False
395400.KS,SK리츠,5330.0,37.6,1595400000000.0,1161102034,12.0,-26.0,5,2,False,False,False,False,True,True,False,False,False,False,False
003230.KS,삼양식품,1211000.0,37.4,9152600000000.0,74568573000,23.4,-24.5,0,3,False,False,False,False,True,False,True,False,False,True,False
209640.KQ,와이제이링크,4150.0,37.3,117000000000.0,2397008114,73.6,-59.9,2,4,False,False,False,False,True,True,False,True,True,False,False
004020.KS,현대제철,30000.0,37.2,4016700000000.0,20187648277,26.8,-40.5,1,2,False,False,False,False,True,True,False,False,False,False,False
214330.KS,금호에이치티,7070.0,37.1,74500000000.0,1567681503,58.0,-46.4,0,2,False,False,False,False,False,False,False,True,True,False,False
053300.KQ,한국정보인증,5190.0,37.0,208500000000.0,1356682438,37.3,-33.0,0,2,False,False,False,False,False,False,False,True,True,False,False
099320.KQ,쎄트렉아이,81800.0,36.9,903500000000.0,3690806400,79.2,-63.5,5,3,False,False,False,False,False,True,False,True,True,False,False
253840.KQ,수젠텍,4600.0,36.8,76400000000.0,1563585013,30.3,-44.2,0,2,False,False,False,False,False,False,False,True,True,False,False
027360.KQ,아주IB투자,3940.0,36.7,478500000000.0,12472493594,106.0,-80.3,5,4,False,False,False,False,True,True,False,True,True,False,False
071050.KS,한국금융지주,181200.0,36.6,10053000000000.0,37324231092,31.2,-39.7,5,3,False,False,False,False,True,True,False,False,True,False,False
217820.KQ,원익피앤이,2400.0,36.4,114100000000.0,1415087521,58.4,-48.1,0,2,False,False,False,False,False,False,False,True,True,False,False
216080.KQ,제테마,6000.0,36.3,224800000000.0,1404568168,57.9,-46.8,1,3,False,False,False,False,False,True,False,True,True,False,False
009450.KS,경동나비엔,61300.0,36.2,893100000000.0,2943827266,15.7,-23.5,1,3,False,False,False,False,True,True,False,False,False,True,False
013580.KS,계룡건설산업,21550.0,36.1,192500000000.0,1622052624,32.2,-35.3,5,4,False,False,False,False,True,True,False,True,True,False,False
009420.KS,한올바이오파마,46100.0,36.0,2424000000000.0,16294159230,51.6,-36.8,5,3,False,False,False,False,True,True,False,False,True,False,False
318060.KQ,그래피,16170.0,35.9,182000000000.0,1385571730,97.0,-76.6,3,2,False,False,False,False,False,True,False,False,True,False,False
372910.KS,한컴라이프케어,2140.0,35.8,59200000000.0,1498630638,40.4,-43.4,0,2,False,False,False,False,False,False,False,True,True,False,False
263800.KQ,데이타솔루션,4705.0,35.7,76300000000.0,2808722564,14.3,-46.1,0,0,False,False,False,False,False,False,False,False,False,False,False
274090.KQ,켄코아에어로스페이스,13480.0,35.5,183500000000.0,6696434061,84.7,-66.0,1,3,False,False,False,False,False,True,False,True,True,False,False
160190.KQ,하이젠알앤엠,28700.0,35.4,898800000000.0,6016403027,160.9,-68.5,0,2,False,False,False,False,False,False,False,True,True,False,False
014280.KS,금강공업,4630.0,35.3,133700000000.0,1969639536,35.4,-45.3,0,2,False,False,False,False,False,False,False,True,True,False,False
048410.KQ,현대바이오,7050.0,35.2,683300000000.0,8110912325,54.4,-67.2,5,4,False,False,False,False,True,True,False,True,True,False,False
006800.KS,미래에셋증권,31650.0,35.1,17159500000000.0,45849213588,60.6,-64.0,5,3,False,False,False,False,True,True,False,False,True,False,False
018000.KQ,유니슨,1137.0,35.0,333400000000.0,2962009549,67.0,-36.6,1,4,False,False,False,True,False,True,False,True,True,False,False
066590.KQ,스모트로닉,2315.0,34.9,89300000000.0,1892719891,30.3,-44.9,0,1,False,False,False,False,False,False,False,False,True,False,False
100840.KS,SNT에너지,36300.0,34.8,724200000000.0,7289944825,71.2,-46.1,0,2,False,False,False,False,False,False,False,True,True,False,False
445680.KQ,큐리옥스바이오시스템즈,58200.0,34.6,973200000000.0,4722372025,83.9,-61.0,0,2,False,False,False,False,False,False,False,True,True,False,False
012200.KS,계양전기,3110.0,34.5,110700000000.0,1816077992,134.5,-78.2,5,2,False,False,False,False,False,True,False,False,True,False,False
320000.KQ,한울반도체,10260.0,34.4,71600000000.0,4052810951,45.0,-64.7,0,2,False,False,False,False,True,False,False,False,True,False,False
950220.KQ,네오이뮨텍,1985.0,34.3,68100000000.0,2997400061,78.0,-55.4,0,2,False,False,False,False,False,False,False,True,True,False,False
456040.KS,OCI,74000.0,34.2,663400000000.0,3870644678,37.8,-54.7,5,3,False,False,False,False,True,True,False,False,True,False,False
142280.KQ,녹십자엠에스,3325.0,34.1,80200000000.0,2670187360,51.1,-50.1,0,2,False,False,False,False,False,False,False,True,True,False,False
006040.KS,동원산업,35350.0,34.0,1564800000000.0,1517261748,18.4,-31.4,0,0,False,False,False,False,False,False,False,False,False,False,False
241560.KS,두산밥캣,55200.0,33.9,5320000000000.0,9493662996,4.2,-30.7,5,2,False,False,False,False,True,True,False,False,False,False,False
393210.KQ,토마토시스템,3430.0,33.7,53600000000.0,3585332821,89.6,-50.6,0,2,False,False,False,False,False,False,False,True,True,False,False
005010.KS,휴스틸,4030.0,33.6,225300000000.0,1994429380,29.6,-44.8,0,2,False,False,False,False,True,False,False,True,False,False,False
092200.KS,디아이씨,5740.0,33.5,224400000000.0,3274250705,51.5,-62.1,0,2,False,False,False,False,False,False,False,True,True,False,False
241520.KQ,DSC인베스트먼트,8480.0,33.4,227400000000.0,1159949213,38.6,-57.0,5,4,False,False,False,False,True,True,False,True,True,False,False
484810.KQ,티엑스알로보틱스,12290.0,33.3,190500000000.0,7772909262,63.0,-53.6,0,1,False,False,False,False,False,False,False,False,True,False,False
094820.KQ,일진파워,12100.0,33.2,184300000000.0,1302559291,34.3,-50.6,5,4,False,False,False,False,True,True,False,True,True,False,False
049720.KQ,고려신용정보,9130.0,33.1,130800000000.0,1556484433,3.5,-23.5,0,1,False,False,False,False,False,False,False,False,False,True,False
088980.KS,맥쿼리인프라,9790.0,33.0,4703000000000.0,11330807828,5.0,-17.7,0,1,False,False,False,False,False,False,False,False,False,True,False
101490.KQ,에스앤에스텍,53000.0,32.9,1141400000000.0,10148571752,66.1,-51.1,0,2,False,False,False,False,False,False,False,True,True,False,False
489790.KS,한화비전,51000.0,32.7,2595100000000.0,9755092431,64.8,-47.9,1,4,False,False,False,False,True,True,False,True,True,False,False
103140.KS,풍산,79800.0,32.6,2216700000000.0,10842345850,44.6,-49.9,0,2,False,False,False,False,False,False,False,True,True,False,False
031210.KS,서울보증보험,42050.0,32.5,2950000000000.0,2083561630,6.1,-35.1,0,0,False,False,False,False,False,False,False,False,False,False,False
081660.KS,미스토홀딩스,38950.0,32.4,2073200000000.0,4959550209,8.2,-30.2,0,0,False,False,False,False,False,False,False,False,False,False,False
140430.KQ,카티스,2485.0,32.3,26600000000.0,1126999976,65.7,-75.9,0,2,False,False,False,False,False,False,False,True,True,False,False
004000.KS,롯데정밀화학,42850.0,32.2,1105500000000.0,2300713720,3.6,-40.3,5,2,False,False,False,False,True,True,False,False,False,False,False
007820.KQ,엠엑스로보틱스,3535.0,32.1,82100000000.0,4693350165,42.8,-53.4,0,1,False,False,False,False,False,False,False,False,True,False,False
293490.KQ,카카오게임즈,10140.0,32.0,1086700000000.0,4033534551,49.6,-45.0,0,2,False,False,False,False,False,False,False,True,True,False,False
009520.KQ,포스코엠텍,13120.0,31.8,553000000000.0,2263717474,58.6,-43.2,0,2,False,False,False,False,False,False,False,True,True,False,False
003000.KS,부광약품,4100.0,31.7,406500000000.0,1726203995,18.5,-58.5,5,2,False,False,False,False,True,True,False,False,False,False,False
117580.KS,대성에너지,7080.0,31.6,195300000000.0,1515209356,10.6,-56.2,0,2,False,False,False,False,True,False,False,True,False,False,False
062970.KQ,한국첨단소재,3040.0,31.5,91600000000.0,8934835166,67.5,-69.9,0,3,False,False,False,False,True,False,False,True,True,False,False
062970.KQ,한국첨단소재,3040.0,31.5,91600000000.0,8934835166,67.5,-69.9,0,3,False,False,False,False,True,False,False,True,True,False,False
006280.KS,녹십자,125800.0,31.3,1479500000000.0,3547360286,18.8,-31.6,0,1,False,False,False,False,False,False,False,True,False,False,False
039440.KQ,에스티아이,25850.0,31.2,402400000000.0,2204388005,49.2,-40.2,0,2,False,False,False,False,False,False,False,True,True,False,False
025900.KQ,동화기업,7420.0,31.1,376700000000.0,1113334646,64.9,-42.8,0,2,False,False,False,False,False,False,False,True,True,False,False
001680.KS,대상,17830.0,30.9,617100000000.0,1993668497,12.3,-26.2,0,0,False,False,False,False,False,False,False,False,False,False,False
004090.KS,한국석유공업,12000.0,30.8,152100000000.0,4687444853,23.8,-64.3,0,1,False,False,False,False,False,False,False,True,False,False,False
010130.KS,고려아연,1080000.0,30.7,22605400000000.0,29399236860,23.1,-50.6,5,1,False,False,False,False,False,True,False,False,False,False,False
079900.KS,전진건설로봇,40200.0,30.6,591700000000.0,4185665136,57.0,-45.9,0,2,False,False,False,False,False,False,False,True,True,False,False
025860.KS,남해화학,6000.0,30.5,299600000000.0,3039232123,14.3,-53.2,0,2,False,False,False,False,True,False,False,True,False,False,False
469610.KQ,이노테크,15730.0,30.4,141500000000.0,2538564503,79.6,-81.5,0,2,False,False,False,False,False,,False,True,True,False,False
111770.KS,영원무역,66800.0,30.3,2982200000000.0,5106994814,17.6,-35.3,0,0,False,False,False,False,False,False,False,False,False,False,False
454910.KS,두산로보틱스,73100.0,30.2,4738300000000.0,29938030580,34.9,-57.0,0,2,False,False,False,False,False,False,False,True,True,False,False
156100.KQ,엘앤케이바이오,6210.0,30.0,141000000000.0,1042838146,127.5,-62.1,0,2,False,False,False,False,False,False,False,True,True,False,False
464080.KQ,에스오에스랩,10510.0,29.9,190400000000.0,1128220029,60.5,-63.4,1,3,False,False,False,False,False,True,False,True,True,False,False
464080.KQ,에스오에스랩,10510.0,29.9,190400000000.0,1128220029,60.5,-63.4,1,3,False,False,False,False,False,True,False,True,True,False,False
009970.KS,영원무역홀딩스,160900.0,29.7,2132200000000.0,2098255414,24.2,-38.6,5,1,False,False,False,False,False,True,False,False,False,False,False
041930.KQ,SY동아,4985.0,29.6,76300000000.0,1094856412,24.2,-42.3,0,1,False,False,False,False,False,False,False,True,False,False,False
051600.KS,한전KPS,44950.0,29.5,2027300000000.0,5908195748,8.3,-34.9,0,0,False,False,False,False,False,False,False,False,False,False,False
051600.KS,한전KPS,44950.0,29.5,2027300000000.0,5908195748,8.3,-34.9,0,0,False,False,False,False,False,False,False,False,False,False,False
026940.KS,부국철강,2120.0,29.3,42200000000.0,1281801302,22.9,-54.8,1,3,False,False,False,False,True,True,False,True,False,False,False
026940.KS,부국철강,2120.0,29.3,42200000000.0,1281801302,22.9,-54.8,1,3,False,False,False,False,True,True,False,True,False,False,False
455900.KQ,엔젤로보틱스,21700.0,29.0,336300000000.0,2287857500,46.0,-50.6,0,2,False,False,False,False,False,False,False,True,True,False,False
007310.KS,오뚜기,316000.0,28.9,1274500000000.0,1445238740,8.8,-28.8,0,0,False,False,False,False,False,False,False,False,False,False,False
025980.KQ,아난티,5090.0,28.8,498200000000.0,20147054171,61.6,-51.4,0,2,False,False,False,False,False,False,False,True,True,False,False
045390.KQ,대아티아이,3115.0,28.7,218500000000.0,5345199410,50.8,-39.4,0,2,False,False,False,False,False,False,False,True,True,False,False
035420.KS,NAVER,192200.0,28.6,29232500000000.0,206520576870,6.1,-36.8,0,0,False,False,False,False,False,False,False,False,False,False,False
382900.KQ,범한퓨얼셀,24950.0,28.5,219500000000.0,3187231181,111.3,-43.6,0,2,False,False,False,False,False,False,False,True,True,False,False
499790.KS,GS피앤엘,38150.0,28.4,756500000000.0,2719018377,18.3,-43.1,0,0,False,False,False,False,False,False,False,False,False,False,False
388720.KQ,유일로보틱스,70900.0,28.3,832900000000.0,2122854128,31.8,-54.3,0,2,False,False,False,False,False,False,False,True,True,False,False
240550.KQ,동방메디컬,6350.0,28.1,133300000000.0,1537111803,41.1,-44.5,0,2,False,False,False,False,False,False,False,True,True,False,False
015750.KQ,성우하이텍,5920.0,28.0,474400000000.0,1265134545,21.3,-50.6,0,1,False,False,False,False,False,False,False,True,False,False,False
064550.KQ,바이오니아,8570.0,27.9,221500000000.0,5306967669,56.7,-45.2,0,2,False,False,False,False,False,False,False,True,True,False,False
004990.KS,롯데지주,23800.0,27.8,2382000000000.0,3080416066,12.5,-39.9,0,1,False,False,False,False,False,False,False,True,False,False,False
035250.KS,강원랜드,14290.0,27.7,3065800000000.0,4324971482,2.7,-27.1,0,0,False,False,False,False,False,False,False,False,False,False,False
011230.KS,삼화전자공업,2680.0,27.6,51300000000.0,2039805842,33.3,-44.4,0,1,False,False,False,False,False,False,False,False,True,False,False
000270.KS,기아,112900.0,27.5,44194800000000.0,107550581450,12.9,-46.9,5,2,False,False,False,False,True,True,False,False,False,False,False
101730.KQ,위메이드맥스,4615.0,27.4,388800000000.0,2585590111,77.5,-43.4,0,2,False,False,False,False,False,False,False,True,True,False,False
357580.KQ,아모센스,7900.0,27.2,95500000000.0,1317364089,93.2,-73.6,0,3,False,False,False,False,True,False,False,True,True,False,False
000080.KS,하이트진로,14770.0,27.1,1038700000000.0,1519927656,6.8,-23.6,0,1,False,False,False,False,False,False,False,False,False,True,False
256840.KQ,한국비엔씨,3155.0,27.0,216100000000.0,7185831773,53.9,-48.9,0,2,False,False,False,False,False,False,False,True,True,False,False
042520.KQ,한스바이오메드,21250.0,26.9,309500000000.0,2560549238,67.2,-63.2,0,2,False,False,False,False,False,False,False,True,True,False,False
207940.KS,삼성바이오로직스,1354000.0,26.8,63233400000000.0,79076649502,10.3,-31.9,0,0,False,False,False,False,False,False,False,False,False,False,False
003680.KS,한성기업,4430.0,26.7,27800000000.0,2836625312,13.2,-74.5,0,0,False,False,False,False,False,False,False,False,False,False,False
950200.KQ,소마젠,2980.0,26.6,57900000000.0,1637428706,25.2,-36.5,0,0,False,False,False,False,False,False,False,False,False,False,False
383310.KQ,에코프로에이치엔,24900.0,26.5,521200000000.0,3808303796,24.5,-46.9,0,1,False,False,False,False,False,False,False,True,False,False,False
000670.KS,영풍,40550.0,26.3,747500000000.0,2863488486,30.8,-43.4,0,2,False,False,False,False,False,False,False,True,True,False,False
303810.KQ,동국생명과학,2805.0,26.2,88900000000.0,4761501299,30.2,-35.7,0,2,False,False,False,False,False,False,False,True,True,False,False
011170.KS,롯데케미칼,61000.0,26.1,2605000000000.0,9432805410,16.2,-49.0,0,1,False,False,False,False,False,False,False,True,False,False,False
000490.KS,대동,7650.0,26.0,220500000000.0,4161733174,39.9,-43.9,0,2,False,False,False,False,False,False,False,True,True,False,False
001720.KS,신영증권,139800.0,25.9,2291700000000.0,1128349532,17.2,-48.6,5,2,False,False,False,False,True,True,False,False,False,False,False
271560.KS,오리온,105300.0,25.8,4178200000000.0,13435556566,6.4,-29.8,5,2,False,False,False,False,True,True,False,False,False,False,False
003540.KS,대신증권,25500.0,25.7,1213100000000.0,1721527214,12.1,-50.4,0,1,False,False,False,False,True,False,False,False,False,False,False
009540.KS,HD한국조선해양,326000.0,25.6,23107400000000.0,62218693490,3.8,-34.1,0,0,False,False,False,False,False,False,False,False,False,False,False
298050.KS,HS효성첨단소재,162800.0,25.5,731100000000.0,2387040584,20.6,-42.3,0,0,False,False,False,False,False,False,False,False,False,False,False
094360.KQ,칩스앤미디어,12850.0,25.3,275100000000.0,1005862636,66.0,-39.2,0,2,False,False,False,False,False,False,False,True,True,False,False
323410.KS,카카오뱅크,19700.0,25.2,9413600000000.0,16748608548,3.1,-33.2,0,1,False,False,False,False,True,False,False,False,False,False,False
102120.KQ,어보브반도체,8770.0,25.1,156500000000.0,1114424698,62.1,-48.0,0,2,False,False,False,False,False,False,False,True,True,False,False
002140.KS,고려산업,1941.0,25.0,48400000000.0,4427108332,17.8,-41.5,0,0,False,False,False,False,False,False,False,False,False,False,False
123330.KQ,제닉,21700.0,24.9,174100000000.0,8661106829,39.4,-44.2,2,4,False,False,False,False,True,True,True,False,True,False,False
215200.KQ,메가스터디교육,37500.0,24.8,391800000000.0,1360782870,11.4,-26.2,0,2,False,False,False,False,True,False,False,True,False,False,False
086960.KQ,MDS테크,2365.0,24.7,100800000000.0,1417917876,52.6,-48.0,0,2,False,False,False,False,False,False,False,True,True,False,False
097950.KS,CJ제일제당,179300.0,24.6,2703700000000.0,11866835708,3.9,-28.8,0,0,False,False,False,False,False,False,False,False,False,False,False
019170.KS,신풍제약,9250.0,24.4,488000000000.0,4312717316,46.6,-41.8,0,2,False,False,False,False,False,False,False,True,True,False,False
082800.KQ,비보존 제약,2960.0,24.3,179400000000.0,1309254344,43.0,-60.1,0,2,False,False,False,False,False,False,False,True,True,False,False
005690.KS,파미셀,12400.0,24.2,744000000000.0,13535984078,52.3,-41.4,0,2,False,False,False,False,False,False,False,True,True,False,False
017510.KQ,세명전기,7900.0,24.1,120900000000.0,1686495251,55.2,-56.0,0,2,False,False,False,False,False,False,False,True,True,False,False
248170.KS,샘표식품,21900.0,24.0,100000000000.0,2753158329,7.1,-39.5,0,0,False,False,False,False,False,False,False,False,False,False,False
365340.KQ,성일하이텍,37700.0,23.9,491600000000.0,1491341186,58.4,-55.9,0,2,False,False,False,False,False,False,False,True,True,False,False
195940.KQ,HK이노엔,40150.0,23.8,1141700000000.0,4783449652,15.4,-31.5,0,0,False,False,False,False,False,False,False,False,False,False,False
272290.KQ,이녹스첨단소재,22550.0,23.7,453600000000.0,1991718017,35.0,-49.2,0,2,False,False,False,False,False,False,False,True,True,False,False
051910.KS,LG화학,262500.0,23.5,18495200000000.0,49304530460,17.2,-40.0,0,0,False,False,False,False,False,False,False,False,False,False,False
058730.KS,다스코,3180.0,23.4,64300000000.0,8393585949,40.1,-45.2,3,3,False,False,False,False,True,True,False,False,True,False,False
058730.KS,다스코,3180.0,23.4,64300000000.0,8393585949,40.1,-45.2,3,3,False,False,False,False,True,True,False,False,True,False,False
145170.KQ,노브랜드,3265.0,23.2,55800000000.0,1054274728,37.5,-46.8,0,2,False,False,False,False,False,False,False,True,True,False,False
064960.KS,SNT모티브,26950.0,23.1,715300000000.0,1889889406,11.8,-33.9,0,1,False,False,False,False,False,False,False,True,False,False,False
039200.KQ,오스코텍,36600.0,23.0,1402200000000.0,5004683500,34.1,-44.5,0,2,False,False,False,False,False,False,False,True,True,False,False
039610.KQ,화성밸브,6310.0,22.9,66600000000.0,1173053624,48.1,-46.0,0,2,False,False,False,False,False,False,False,True,True,False,False
462870.KS,시프트업,31000.0,22.8,1821000000000.0,1447716663,12.7,-26.7,0,0,False,False,False,False,False,False,False,False,False,False,False
226950.KQ,올릭스,116800.0,22.6,2657300000000.0,27948164340,44.2,-46.2,0,3,False,False,False,False,True,False,False,True,True,False,False
065450.KQ,빅텍,3120.0,22.5,91400000000.0,1662634552,24.8,-55.7,0,2,False,False,False,False,True,False,False,True,False,False,False
005300.KS,롯데칠성음료,95500.0,22.4,886100000000.0,1568236836,1.8,-38.3,0,0,False,False,False,False,False,False,False,False,False,False,False
377300.KS,카카오페이,40150.0,22.3,5432300000000.0,14051325927,9.8,-49.3,0,0,False,False,False,False,False,False,False,False,False,False,False
270660.KQ,에브리봇,13620.0,22.2,173100000000.0,1958577093,43.8,-57.3,0,1,False,False,False,False,False,False,False,False,True,False,False
108230.KQ,톱텍,3240.0,22.1,123800000000.0,2489871374,27.1,-38.4,0,1,False,False,False,False,False,False,False,True,False,False,False
139480.KS,이마트,71900.0,22.0,1986900000000.0,8010284344,2.3,-47.3,0,0,False,False,False,False,False,False,False,False,False,False,False
073010.KQ,케이에스피,3295.0,21.9,133400000000.0,1195214083,60.7,-53.5,0,2,False,False,False,False,False,False,False,True,True,False,False
302440.KS,SK바이오사이언스,36500.0,21.8,2863700000000.0,2790366407,14.8,-40.5,0,1,False,False,False,False,False,False,False,True,False,False,False
278280.KQ,천보,38000.0,21.6,467500000000.0,1170269244,46.7,-52.9,0,2,False,False,False,False,False,False,False,True,True,False,False
041510.KQ,에스엠,79200.0,21.5,1804100000000.0,8604675034,23.9,-47.8,0,1,False,False,False,False,False,False,False,True,False,False,False
196170.KQ,알테오젠,259500.0,21.4,18075500000000.0,150105177531,33.3,-40.7,0,1,False,False,False,False,False,False,False,False,True,False,False
028300.KQ,HLB,40450.0,21.3,5414500000000.0,44786371723,67.5,-41.5,0,2,False,False,False,False,False,False,False,True,True,False,False
009580.KS,무림P&P,1753.0,21.2,109800000000.0,1126810420,23.9,-60.3,0,1,False,False,False,False,False,False,False,True,False,False,False
108860.KQ,셀바스AI,8960.0,21.1,242000000000.0,7426584664,46.9,-49.0,0,1,False,False,False,False,False,False,False,False,True,False,False
094940.KQ,푸른로보틱스,6240.0,21.0,52300000000.0,1622009490,32.3,-60.3,0,2,False,False,False,False,False,False,False,True,True,False,False
003530.KS,한화투자증권,4665.0,20.9,1003000000000.0,7440581278,32.7,-54.7,0,3,False,False,False,False,True,False,False,True,True,False,False
042000.KQ,카페24,20700.0,20.7,495700000000.0,2477529710,39.2,-52.9,0,2,False,False,False,False,False,False,False,True,True,False,False
459510.KQ,나우로보틱스,15710.0,20.6,206000000000.0,2095901336,46.8,-58.9,0,2,False,False,False,False,False,False,False,True,True,False,False
001550.KS,조비,10190.0,20.5,53000000000.0,1873696621,17.9,-51.4,0,1,False,False,False,False,True,False,False,False,False,False,False
022100.KS,포스코DX,20850.0,20.4,3185100000000.0,16079098579,26.3,-54.3,0,1,False,False,False,False,False,False,False,True,False,False,False
009470.KS,삼화전기,27650.0,20.3,182500000000.0,1420506878,55.3,-53.5,0,2,False,False,False,False,False,False,False,True,True,False,False
281740.KQ,레이크머티리얼즈,12550.0,20.2,830200000000.0,4388470819,36.4,-56.3,0,2,False,False,False,False,False,False,False,True,True,False,False
168360.KQ,펨트론,16040.0,20.1,359200000000.0,1421587125,85.0,-53.8,0,3,False,False,False,False,True,False,False,True,True,False,False
317330.KQ,덕산테코피아,12940.0,20.0,267600000000.0,1385738859,64.8,-60.8,0,2,False,False,False,False,False,False,False,True,True,False,False
361610.KS,SK아이이테크놀로지,17680.0,19.8,1452500000000.0,8895755942,49.3,-49.6,0,2,False,False,False,False,False,False,False,True,True,False,False
010140.KS,삼성중공업,19960.0,19.7,17529600000000.0,64612862156,8.2,-43.5,0,0,False,False,False,False,False,False,False,False,False,False,False
114190.KQ,강원에너지,8950.0,19.6,234300000000.0,1078777451,48.2,-55.8,0,2,False,False,False,False,False,False,False,True,True,False,False
006220.KS,제주은행,9690.0,19.5,365500000000.0,2845240689,21.1,-48.6,0,1,False,False,False,False,False,False,False,True,False,False,False
185750.KS,종근당,65200.0,19.4,901300000000.0,1402516526,3.5,-33.5,0,0,False,False,False,False,False,False,False,False,False,False,False
199820.KQ,제일일렉트릭,7900.0,19.3,176000000000.0,1329518629,46.0,-64.6,0,2,False,False,False,False,False,False,False,True,True,False,False
094480.KQ,갤럭시아머니트리,5920.0,19.2,234200000000.0,5330743151,46.0,-51.7,0,2,False,False,False,False,False,False,False,True,True,False,False
025540.KS,한국단자공업,56100.0,19.1,568500000000.0,1236042102,4.1,-40.3,0,0,False,False,False,False,False,False,False,False,False,False,False
056080.KQ,유진로봇,12660.0,18.9,484800000000.0,4496804871,36.9,-74.4,1,3,False,False,False,False,False,True,False,True,True,False,False
008770.KS,호텔신라,39300.0,18.8,1546400000000.0,9870871887,1.6,-44.1,0,1,False,False,False,False,True,False,False,False,False,False,False
069960.KS,현대백화점,88800.0,18.7,1915000000000.0,15767238864,19.8,-60.0,5,2,False,False,False,False,True,True,False,False,False,False,False
005420.KS,코스모화학,11190.0,18.6,431300000000.0,1096920649,56.3,-48.3,0,2,False,False,False,False,False,False,False,True,True,False,False
263750.KQ,펄어비스,33400.0,18.5,2102100000000.0,12195835359,13.4,-56.8,0,1,False,False,False,False,True,False,False,False,False,False,False
052020.KQ,에스티큐브,7840.0,18.4,533000000000.0,1285229531,30.4,-65.2,2,3,False,False,False,False,True,True,False,False,True,False,False
123690.KS,한국화장품,6490.0,18.3,104100000000.0,1309694556,32.3,-50.4,0,2,False,False,False,False,False,False,False,True,True,False,False
005860.KQ,한일사료,2365.0,18.2,93200000000.0,2676159395,18.3,-55.7,0,0,False,False,False,False,False,False,False,False,False,False,False
475430.KQ,키스트론,4500.0,18.1,80500000000.0,1192330896,35.7,-42.5,0,2,False,False,False,False,False,False,False,True,True,False,False
029780.KS,삼성카드,41950.0,17.9,4889200000000.0,4701959123,1.0,-39.4,0,0,False,False,False,False,False,False,False,False,False,False,False
137400.KQ,피엔티,32400.0,17.8,773500000000.0,4005467496,40.9,-47.7,0,2,False,False,False,False,False,False,False,True,True,False,False
000120.KS,CJ대한통운,70700.0,17.7,1612800000000.0,3367552910,2.2,-54.1,0,0,False,False,False,False,False,False,False,False,False,False,False
011210.KS,현대위아,53200.0,17.6,1449500000000.0,3874269898,13.3,-52.8,0,0,False,False,False,False,False,False,False,False,False,False,False
137310.KS,에스디바이오센서,6340.0,17.5,765500000000.0,1009406663,9.3,-42.0,0,1,False,False,False,False,False,False,False,True,False,False,False
000100.KS,유한양행,74100.0,17.4,5462300000000.0,20003673860,14.0,-42.6,0,0,False,False,False,False,False,False,False,False,False,False,False
267260.KS,HD현대일렉트릭,678000.0,17.3,24440000000000.0,101159742860,26.0,-52.6,0,1,False,False,False,False,True,False,False,False,False,False,False
003030.KS,세아제강지주,115300.0,17.2,477900000000.0,2581425090,22.4,-55.7,0,2,False,False,False,False,True,False,False,True,False,False,False
017860.KS,DS단석,13020.0,17.0,230200000000.0,1133080115,36.2,-50.8,0,2,False,False,False,False,False,False,False,True,True,False,False
008970.KS,KBI동양철관,1340.0,16.9,141200000000.0,2426513390,50.6,-54.9,0,2,False,False,False,False,False,False,False,True,True,False,False
225190.KQ,LK삼양,5010.0,16.8,69500000000.0,3888401177,104.9,-68.2,0,2,False,False,False,False,False,False,False,True,True,False,False
060280.KQ,큐렉소,8780.0,16.7,362300000000.0,1808232731,26.0,-61.1,0,1,False,False,False,False,False,False,False,True,False,False,False
299170.KQ,더블유에스아이,1475.0,16.6,61400000000.0,1638771098,45.8,-70.5,0,2,False,False,False,False,False,False,False,True,True,False,False
023790.KQ,동일스틸럭스,1592.0,16.5,21100000000.0,1950378479,60.6,-77.7,0,2,False,False,False,False,False,False,False,True,True,False,False
365550.KS,ESR켄달스퀘어리츠,3100.0,16.4,767800000000.0,1257751644,6.0,-35.3,0,0,False,False,False,False,False,False,False,False,False,False,False
041020.KQ,폴라리스오피스,3190.0,16.3,158700000000.0,1190067874,35.5,-47.6,0,2,False,False,False,False,False,False,False,True,True,False,False
010690.KS,화신,7660.0,16.1,267800000000.0,2961568311,19.5,-54.2,0,1,False,False,False,False,True,False,False,False,False,False,False
304100.KQ,솔트룩스,15460.0,16.0,194400000000.0,3456261413,55.2,-57.1,0,2,False,False,False,False,False,False,False,True,True,False,False
417860.KQ,오브젠,7280.0,15.9,34600000000.0,1259454465,25.3,-59.0,0,1,False,False,False,False,False,False,False,True,False,False,False
030520.KQ,한컴,17180.0,15.8,415900000000.0,2002990060,16.1,-38.2,0,0,False,False,False,False,False,False,False,False,False,False,False
486990.KQ,노타,20450.0,15.7,438500000000.0,5468149109,35.2,-68.7,0,2,False,False,False,False,False,False,False,True,True,False,False
039490.KS,키움증권,259500.0,15.6,6793100000000.0,25444660100,9.3,-49.8,0,1,False,False,False,False,True,False,False,False,False,False,False
002700.KS,신일전자,1010.0,15.5,69400000000.0,1874732596,9.9,-32.7,0,1,False,False,False,False,False,False,False,True,False,False,False
011090.KS,에넥스,1338.0,15.4,15900000000.0,1244635092,47.4,-67.9,0,1,False,False,False,False,False,False,False,False,True,False,False
333430.KQ,일승,3900.0,15.2,120300000000.0,5087486474,36.8,-58.5,0,2,False,False,False,False,False,False,False,True,True,False,False
108320.KS,LX세미콘,37400.0,15.1,611500000000.0,3342561822,26.8,-44.4,0,1,False,False,False,False,False,False,False,True,False,False,False
052400.KQ,코나아이,37700.0,15.0,550500000000.0,2280876332,14.4,-48.0,0,0,False,False,False,False,False,False,False,False,False,False,False
329180.KS,HD현대중공업,426000.0,14.9,44713500000000.0,116028754830,3.5,-44.3,0,0,False,False,False,False,False,False,False,False,False,False,False
105840.KS,우진,13560.0,14.8,276500000000.0,4260854190,31.3,-57.2,0,1,False,False,False,False,False,False,False,False,True,False,False
018290.KQ,브이티,12590.0,14.7,440300000000.0,2719291328,22.4,-60.0,0,1,False,False,False,False,False,False,False,True,False,False,False
215600.KQ,신라젠,2360.0,14.6,327000000000.0,4715625623,32.6,-56.3,0,2,False,False,False,False,False,False,False,True,True,False,False
247540.KQ,에코프로비엠,115700.0,14.5,11309200000000.0,42664147113,31.0,-55.5,0,2,False,False,False,False,False,False,False,True,True,False,False
460930.KQ,현대힘스,13110.0,14.4,464800000000.0,9068195231,26.3,-54.3,0,0,False,False,False,False,False,False,False,False,False,False,False
460940.KQ,피앤에스로보틱스,5280.0,14.2,71300000000.0,1036676334,46.5,-64.3,0,2,False,False,False,False,False,False,False,True,True,False,False
218150.KQ,미래생명자원,1930.0,14.1,39500000000.0,2062648151,24.9,-55.1,0,0,False,False,False,False,False,False,False,False,False,False,False
456160.KQ,지투지바이오,43600.0,14.0,729200000000.0,6177364142,94.6,-64.8,0,2,False,False,False,False,False,False,False,True,True,False,False
458870.KQ,씨어스,27000.0,13.9,1035300000000.0,6122099468,42.4,-57.9,0,2,False,False,False,False,False,False,False,True,True,False,False
214450.KQ,파마리서치,306000.0,13.8,3189600000000.0,61296677740,20.0,-51.4,0,0,False,False,False,False,False,False,False,False,False,False,False
230240.KQ,에치에프알,14360.0,13.7,193200000000.0,2492247069,28.8,-63.8,0,2,False,False,False,False,True,False,False,True,False,False,False
475960.KQ,토모큐브,34300.0,13.6,466300000000.0,1298754484,31.9,-49.4,0,2,False,False,False,False,False,False,False,True,True,False,False
003620.KS,KG모빌리티,2535.0,13.5,515000000000.0,1265683876,2.8,-45.7,0,0,False,False,False,False,False,False,False,False,False,False,False
051370.KQ,인터플렉스,7140.0,13.3,167700000000.0,1000432617,29.8,-51.3,0,1,False,False,False,False,False,False,False,True,False,False,False
100130.KQ,동국S&C,1565.0,13.2,90000000000.0,1039725696,27.3,-44.0,0,1,False,False,False,False,False,False,False,True,False,False,False
064260.KQ,다날,4550.0,13.1,345300000000.0,18807741520,19.6,-59.5,0,0,False,False,False,False,False,False,False,False,False,False,False
053950.KQ,경남제약,1996.0,13.0,39300000000.0,1047490301,41.1,-64.2,0,2,False,False,False,False,False,False,False,True,True,False,False
069620.KS,대웅제약,109000.0,12.9,1266400000000.0,3065182576,3.9,-45.3,0,0,False,False,False,False,False,False,False,False,False,False,False
068760.KQ,셀트리온제약,38400.0,12.8,1709500000000.0,3434690218,3.8,-51.0,0,0,False,False,False,False,False,False,False,False,False,False,False
251270.KS,넷마블,35350.0,12.7,2931300000000.0,12792724531,4.6,-48.8,0,0,False,False,False,False,False,False,False,False,False,False,False
259960.KS,크래프톤,199100.0,12.6,9160300000000.0,21201826952,2.5,-37.8,0,0,False,False,False,False,False,False,False,False,False,False,False
000250.KQ,삼천당제약,207000.0,12.4,4926100000000.0,28179308236,72.5,-83.2,0,3,False,False,False,False,True,False,False,True,True,False,False
092220.KS,KEC,3215.0,12.3,129500000000.0,1260132465,50.2,-69.2,0,3,False,False,False,False,True,False,False,True,True,False,False
213420.KQ,덕산네오룩스,30050.0,12.2,748700000000.0,5111724396,22.7,-47.6,0,1,False,False,False,False,True,False,False,False,False,False,False
035760.KQ,CJ ENM,35200.0,12.1,769700000000.0,2846241668,25.3,-57.2,0,1,False,False,False,False,False,False,False,True,False,False,False
095700.KQ,제넥신,2770.0,12.0,128200000000.0,1322392382,29.4,-63.0,0,1,False,False,False,False,False,False,False,True,False,False,False
206650.KQ,유바이오로직스,8450.0,11.9,313500000000.0,1053922939,21.6,-52.3,0,0,False,False,False,False,False,False,False,False,False,False,False
012690.KS,모나리자,1421.0,11.8,52000000000.0,1851363144,11.5,-47.3,0,0,False,False,False,False,False,False,False,False,False,False,False
475400.KQ,씨메스로보틱스,19130.0,11.7,226500000000.0,1793588501,42.5,-59.3,0,2,False,False,False,False,False,False,False,True,True,False,False
065350.KQ,신성델타테크,32550.0,11.5,901500000000.0,3884799690,44.0,-60.8,0,2,False,False,False,False,False,False,False,True,True,False,False
326030.KS,에스케이바이오팜,75800.0,11.4,5983100000000.0,10923183640,3.8,-47.4,0,0,False,False,False,False,False,False,False,False,False,False,False
237690.KQ,에스티팜,93300.0,11.3,1947800000000.0,15633251980,10.9,-45.8,0,0,False,False,False,False,False,False,False,False,False,False,False
015760.KS,한국전력공사,30050.0,11.2,19323100000000.0,53717556465,0.8,-56.8,0,0,False,False,True,False,False,False,False,False,False,False,False
015760.KS,한국전력공사,30050.0,11.2,19323100000000.0,53717556465,0.8,-56.8,0,0,False,False,True,False,False,False,False,False,False,False,False
006650.KS,대한유화,91500.0,11.0,595400000000.0,3999799282,15.4,-54.8,0,0,False,False,False,False,False,False,False,False,False,False,False
377480.KQ,마음AI,10180.0,10.9,72100000000.0,1742782447,31.7,-61.6,0,1,False,False,False,False,False,False,False,False,True,False,False
475560.KS,더본코리아,14290.0,10.8,213400000000.0,1108227522,17.8,-47.1,0,0,False,False,False,False,False,False,False,False,False,False,False
036620.KQ,감성코퍼레이션,3725.0,10.7,334300000000.0,1300241734,5.2,-51.6,0,0,False,False,False,False,False,False,False,False,False,False,False
001040.KS,CJ,131500.0,10.5,3822200000000.0,15188650868,12.5,-44.0,0,0,False,False,False,False,False,False,False,False,False,False,False
450080.KS,에코프로머티,38000.0,10.4,2705100000000.0,11231470769,40.2,-57.2,0,2,False,False,False,False,False,False,False,True,True,False,False
039980.KQ,폴라리스AI,5080.0,10.3,73100000000.0,6340010621,35.1,-65.8,0,1,False,False,False,False,False,False,False,False,True,False,False
011330.KS,유니켐,4195.0,10.2,41700000000.0,1483068030,37.1,-73.7,0,1,False,False,False,False,False,False,False,False,True,False,False
228760.KQ,지노믹트리,12200.0,10.1,302800000000.0,1216561603,22.9,-63.4,0,1,False,False,False,False,False,False,False,True,False,False,False
035720.KS,카카오,33450.0,10.0,14796200000000.0,74789965092,3.7,-52.0,0,0,False,False,False,False,False,False,False,False,False,False,False
475580.KQ,에이럭스,7460.0,9.9,102200000000.0,1408520829,48.6,-52.3,0,2,False,False,False,False,False,False,False,True,True,False,False
003570.KS,SNT다이내믹스,32600.0,9.8,1092400000000.0,2309633793,25.9,-57.3,0,1,False,False,False,False,False,False,False,True,False,False,False
034220.KS,LG디스플레이,8570.0,9.6,4285000000000.0,38650240190,5.5,-52.3,0,0,False,False,False,False,False,False,False,False,False,False,False
033500.KQ,동성화인텍,16370.0,9.5,491200000000.0,1655677588,16.5,-49.9,0,0,False,False,False,False,False,False,False,False,False,False,False
122870.KQ,와이지엔터테인먼트,40650.0,9.4,760700000000.0,5032564605,18.5,-61.6,0,0,False,False,False,False,False,False,False,False,False,False,False
290650.KQ,엘앤씨바이오,53700.0,9.3,1456400000000.0,12541982791,27.4,-57.0,0,1,False,False,False,False,False,False,False,True,False,False,False
042660.KS,한화오션,78800.0,9.2,24114700000000.0,82974409990,10.5,-49.1,0,0,False,False,False,False,False,False,False,False,False,False,False
208370.KQ,셀바스헬스케어,2660.0,9.1,69000000000.0,1183681644,24.9,-64.5,0,1,False,False,False,False,False,False,False,True,False,False,False
054540.KQ,삼영엠텍,7220.0,9.0,93300000000.0,1588534865,39.9,-68.3,0,2,False,False,False,False,False,False,False,True,True,False,False
336570.KQ,원텍,5010.0,8.9,452700000000.0,2410710525,21.3,-52.2,0,1,False,False,False,False,False,False,False,True,False,False,False
376900.KQ,로킷헬스케어,27750.0,8.7,485900000000.0,6283241451,66.9,-82.0,0,1,False,False,False,False,False,False,False,False,True,False,False
394800.KQ,쓰리빌리언,6040.0,8.6,192500000000.0,2569450317,50.2,-70.0,0,2,False,False,False,False,False,False,False,True,True,False,False
047920.KQ,HLB제약,10010.0,8.5,329300000000.0,4516556632,66.8,-55.0,0,2,False,False,False,False,False,False,False,True,True,False,False
194700.KQ,노바렉스,10380.0,8.4,190400000000.0,1859807483,4.1,-51.7,0,0,False,False,False,False,False,False,False,False,False,False,False
310210.KQ,보로노이,144100.0,8.3,2697500000000.0,14074746682,47.8,-61.6,0,2,False,False,False,False,True,False,False,False,True,False,False
014940.KQ,오리엔탈정공,4590.0,8.2,209200000000.0,1512772473,30.0,-64.4,0,1,False,False,False,False,False,False,False,False,True,False,False
328130.KQ,루닛,10570.0,8.1,787000000000.0,5809307059,29.2,-56.9,0,1,False,False,False,False,False,False,False,True,False,False,False
078590.KQ,휴림에이텍,2710.0,8.0,27200000000.0,1480592332,42.6,-81.9,0,1,False,False,False,False,False,False,False,False,True,False,False
051980.KQ,중앙첨단소재,10300.0,7.8,113500000000.0,1014431903,28.0,-76.3,0,1,False,False,False,False,False,False,False,True,False,False,False
900300.KQ,오가닉티코스메틱,2990.0,7.7,61700000000.0,2143595172,94.0,-87.9,0,2,False,False,False,False,False,False,False,True,True,False,False
114090.KS,GKL,8500.0,7.6,529500000000.0,1008324770,0.2,-52.0,0,0,False,False,True,False,False,False,False,False,False,False,False
484590.KQ,삼양컴텍,7550.0,7.5,310700000000.0,1255308720,60.3,-64.4,0,2,False,False,False,False,False,False,False,True,True,False,False
138610.KQ,나이벡,15980.0,7.4,182300000000.0,1376404755,42.3,-70.6,0,2,False,False,False,False,False,False,False,True,True,False,False
462350.KQ,이노스페이스,6470.0,7.3,218500000000.0,1672060858,34.5,-68.9,0,2,False,False,False,False,False,False,False,True,True,False,False
348210.KQ,넥스틴,38100.0,7.2,410700000000.0,2670173947,53.6,-62.1,0,2,False,False,False,False,False,False,False,True,True,False,False
008830.KQ,대동기어,6430.0,7.1,123100000000.0,2976832972,17.9,-63.0,0,1,False,False,False,False,False,False,False,True,False,False,False
439260.KS,대한조선,45850.0,7.0,1754000000000.0,2702703084,8.9,-58.2,0,0,False,False,False,False,False,False,False,False,False,False,False
439260.KS,대한조선,45850.0,7.0,1754000000000.0,2702703084,8.9,-58.2,0,0,False,False,False,False,False,False,False,False,False,False,False
389260.KQ,대명에너지,13370.0,6.7,239200000000.0,3916013068,26.3,-51.6,0,0,False,False,False,False,False,False,False,False,False,False,False
145020.KQ,휴젤,180100.0,6.6,2257700000000.0,12052218830,2.6,-42.6,0,1,False,False,False,False,True,False,False,False,False,False,False
253450.KQ,스튜디오드래곤,20400.0,6.5,619200000000.0,1406312157,7.4,-59.6,0,0,False,False,False,False,False,False,False,False,False,False,False
290660.KQ,다이나믹솔루션,1305.0,6.4,55300000000.0,1589225121,8.7,-62.5,0,1,False,False,False,False,True,False,False,False,False,False,False
086900.KQ,메디톡스,66600.0,6.3,488300000000.0,1803570936,1.5,-52.8,0,0,False,False,False,False,False,False,False,False,False,False,False
466100.KQ,클로봇,23750.0,6.2,736700000000.0,11804850256,18.5,-71.1,0,0,False,False,False,False,False,False,False,False,False,False,False
097230.KS,HJ중공업,15320.0,6.1,1384200000000.0,4790546299,18.7,-55.0,0,0,False,False,False,False,False,False,False,False,False,False,False
358570.KQ,지아이이노베이션,8820.0,5.9,578700000000.0,3314049071,36.3,-58.0,0,2,False,False,False,False,False,False,False,True,True,False,False
085660.KQ,차바이오텍,8460.0,5.8,793100000000.0,2439782566,11.3,-64.7,0,0,False,False,False,False,False,False,False,False,False,False,False
338220.KQ,뷰노,8350.0,5.7,117500000000.0,1348217826,97.2,-70.5,0,2,False,False,False,False,False,False,False,True,True,False,False
025320.KQ,시노펙스,3985.0,5.6,368400000000.0,2418065237,33.3,-52.2,0,2,False,False,False,False,False,False,False,True,True,False,False
322310.KQ,오로스테크놀로지,16400.0,5.5,153000000000.0,1795381994,50.3,-68.5,0,2,False,False,False,False,False,False,False,True,True,False,False
357880.KQ,SKAI,1727.0,5.4,94000000000.0,1577828010,22.2,-72.0,1,2,False,False,False,False,True,True,False,False,False,False,False
098070.KQ,한텍,23500.0,5.3,260200000000.0,2088590350,13.0,-62.2,0,0,False,False,False,False,False,False,False,False,False,False,False
290690.KQ,아리바이오홀딩스,3055.0,5.2,162900000000.0,2448115253,13.1,-57.4,0,0,False,False,False,False,False,False,False,False,False,False,False
044340.KQ,위닉스,2890.0,5.0,52400000000.0,7523868108,9.5,-56.2,0,0,False,False,False,False,False,False,False,False,False,False,False
017960.KS,한국카본,20550.0,4.9,1067100000000.0,5580714632,10.9,-62.0,0,0,False,False,False,False,False,False,False,False,False,False,False
077970.KS,STX엔진,22650.0,4.8,913400000000.0,4026343585,20.3,-66.5,0,0,False,False,False,False,False,False,False,False,False,False,False
376300.KQ,디어유,18750.0,4.7,446000000000.0,1656286245,12.4,-61.1,0,1,False,False,False,False,False,False,False,True,False,False,False
465770.KS,STX그린로지스,2240.0,4.6,16200000000.0,7554624021,34.2,-76.7,0,1,False,False,False,False,False,False,False,False,True,False,False
084110.KQ,휴온스글로벌,22550.0,4.5,289900000000.0,1032413355,12.2,-70.6,0,0,False,False,False,False,False,False,False,False,False,False,False
071970.KS,HD현대마린엔진,49100.0,4.4,1663800000000.0,11306490086,5.6,-58.5,0,0,False,False,False,False,False,False,False,False,False,False,False
010780.KS,아이에스동서,14580.0,4.3,435800000000.0,1643598321,1.8,-57.7,0,0,False,False,False,False,False,False,False,False,False,False,False
424870.KQ,이뮨온시아,3445.0,4.1,314000000000.0,2374869297,49.8,-78.6,0,2,False,False,False,False,False,False,False,True,True,False,False
249420.KS,일동제약,14510.0,4.0,459700000000.0,4839371939,29.0,-67.8,0,0,False,False,False,False,False,False,False,False,False,False,False
032350.KS,롯데관광개발,10880.0,3.9,869800000000.0,4360258583,7.2,-60.7,0,0,False,False,False,False,False,False,False,False,False,False,False
112040.KQ,위메이드,15600.0,3.8,531600000000.0,3405913683,24.1,-55.2,0,0,False,False,False,False,False,False,False,False,False,False,False
067160.KQ,SOOP,36300.0,3.7,406100000000.0,1994029806,1.1,-53.3,0,0,False,False,False,False,False,False,False,False,False,False,False
352820.KS,하이브,155300.0,3.6,6698800000000.0,40721416202,1.3,-61.7,0,0,False,False,True,False,False,False,False,False,False,False,False
900340.KQ,윙입푸드,1278.0,3.5,45300000000.0,1103431935,41.2,-73.4,0,1,False,False,False,False,False,False,False,False,True,False,False
347850.KQ,디앤디파마텍,43000.0,3.4,2005400000000.0,53976577118,10.4,-63.1,0,0,False,False,False,False,False,False,False,False,False,False,False
463020.KQ,뉴엔AI,6930.0,3.3,62000000000.0,8267739065,27.2,-77.6,0,0,False,False,False,False,False,False,False,False,False,False,False
035900.KQ,JYP Ent.,37400.0,3.1,1332500000000.0,9899794990,1.2,-57.7,0,0,False,False,False,False,False,False,False,False,False,False,False
075580.KS,세진중공업,10020.0,3.0,569100000000.0,2052967166,17.9,-60.5,0,0,False,False,False,False,False,False,False,False,False,False,False
064350.KS,현대로템,116500.0,2.9,12638700000000.0,54271290730,5.8,-58.7,0,0,False,False,False,False,False,False,False,False,False,False,False
214150.KQ,클래시스,30650.0,2.8,2012500000000.0,9242294841,3.2,-60.5,0,0,False,False,False,False,False,False,False,False,False,False,False
348370.KQ,엔켐,22600.0,2.7,501800000000.0,5789768285,61.2,-78.5,0,2,False,False,False,False,False,False,False,True,True,False,False
194480.KQ,데브시스터즈,14010.0,2.6,170700000000.0,1667606738,6.9,-75.9,0,0,False,False,False,False,False,False,False,False,False,False,False
100090.KS,SK오션플랜트,11990.0,2.5,751600000000.0,25948881803,8.9,-62.1,0,0,False,False,False,False,False,False,False,False,False,False,False
255220.KQ,SG,1121.0,2.4,166400000000.0,1943451253,8.3,-69.1,0,0,False,False,False,False,False,False,False,False,False,False,False
214370.KQ,케어젠,42550.0,2.2,2282900000000.0,3987372135,8.3,-72.3,0,0,False,False,False,False,False,False,False,False,False,False,False
034230.KS,파라다이스,9330.0,2.1,869800000000.0,3888063062,1.9,-61.1,0,0,False,False,False,False,False,False,False,False,False,False,False
321370.KQ,센서뷰,1890.0,2.0,131100000000.0,8650522802,95.9,-92.6,0,2,False,False,False,False,False,False,False,True,True,False,False
087010.KQ,펩트론,129500.0,1.9,3045200000000.0,26118668212,32.1,-67.0,0,1,False,False,False,False,False,False,False,False,True,False,False
389650.KQ,넥스트바이오메디컬,31750.0,1.8,264000000000.0,1018096405,12.8,-68.6,0,0,False,False,False,False,False,False,False,False,False,False,False
419530.KQ,SAMG엔터,18030.0,1.7,183500000000.0,2035637388,7.7,-72.7,0,0,False,False,False,False,False,False,False,False,False,False,False
082270.KQ,젬백스,11150.0,1.6,511200000000.0,1863292917,24.2,-81.7,0,1,False,False,False,False,False,False,False,True,False,False,False
900270.KQ,헝셩그룹,2590.0,1.5,32600000000.0,1633727780,23.3,-81.0,0,0,False,False,False,False,False,False,False,False,False,False,False
389020.KQ,자람테크놀로지,17060.0,1.3,118600000000.0,1147546236,18.1,-73.7,0,0,False,False,False,False,False,False,False,False,False,False,False
389470.KQ,인벤티지랩,28300.0,1.2,378600000000.0,1828845232,24.9,-72.2,0,1,False,False,False,False,False,False,False,True,False,False,False
484870.KS,엠앤씨솔루션,18650.0,1.1,508600000000.0,2466890478,43.4,-75.7,0,2,False,False,False,False,False,False,False,True,True,False,False
141080.KQ,리가켐바이오,82300.0,1.0,3072600000000.0,25135626498,7.0,-63.4,0,0,False,False,False,False,False,False,False,False,False,False,False
002020.KS,코오롱,23550.0,0.9,305300000000.0,1757356185,16.6,-73.3,0,0,False,False,False,False,False,False,False,False,False,False,False
397030.KQ,에이프릴바이오,17020.0,0.8,465200000000.0,5427290067,3.5,-77.8,0,0,False,False,False,False,False,False,False,False,False,False,False
298380.KQ,에이비엘바이오,51400.0,0.7,2900200000000.0,23213006362,8.6,-80.0,0,0,False,False,False,False,False,False,False,False,False,False,False
475830.KQ,오름테라퓨틱,21150.0,0.6,457900000000.0,10850226640,1.4,-85.6,0,0,False,False,False,False,False,False,False,False,False,False,False
102940.KQ,코오롱생명과학,14440.0,0.4,191800000000.0,3151581496,9.3,-80.1,0,0,False,False,False,False,False,False,False,False,False,False,False
179900.KQ,유티아이,2315.0,0.3,49900000000.0,1297550852,37.8,-92.1,0,1,False,False,False,False,False,False,False,False,True,False,False
210980.KS,SK디앤디,3355.0,0.2,63100000000.0,1894366143,27.1,-75.7,0,0,False,False,False,False,False,False,False,False,False,False,False
950160.KQ,코오롱티슈진,16130.0,0.1,1379100000000.0,54765606678,40.6,-89.2,0,1,False,False,False,False,False,False,False,False,True,False,False
