ticker,name,close,rs,mcap,dvol_50d,vs_52w_low,from_52w_high,sma200_up_months,n_pass,pass_all,new_52w_high,new_52w_low,1_price_gt_150_200,2_150_gt_200,3_200ma_rising_1m,4_50_gt_150_gt_200,5_price_gt_50,6_ge_30pct_above_52wlow,7_within_25pct_of_52whigh,8_rs_ge_70
BYND,"Beyond Meat, Inc. - Common stock",11.57,99.0,198934187.0,22256336,2214.0,-37.5,2,7,False,False,False,True,True,True,True,True,True,False,True
SNDK,Sandisk Corporation - Common Stock When-Issued,1553.4,99.0,227447276153.0,22594514035,2966.9,-34.0,5,6,False,False,False,True,True,True,True,False,True,False,True
AXTI,AXT Inc - Common Stock,56.95,98.9,3734394423.0,676181163,1857.0,-60.2,5,4,False,False,False,False,True,True,False,False,True,False,True
REAX,"The Real Brokerage, Inc. - Common Shares",18.03,98.9,395217600.0,12755077,1063.2,-35.3,1,5,False,False,False,True,False,True,False,True,True,False,True
CLYM,"Climb Bio, Inc. - Common Stock",15.05,98.8,864415638.0,19217249,877.3,-17.9,5,8,True,False,False,True,True,True,True,True,True,True,True
MRNA,"Moderna, Inc. - Common Stock",150.81,98.8,60208764420.0,2197950779,576.9,-14.6,5,8,True,False,False,True,True,True,True,True,True,True,True
SLS,"SELLAS Life Sciences Group, Inc.  - Common Stock",14.16,98.8,2859551239.0,113617489,918.7,-10.8,5,8,True,False,False,True,True,True,True,True,True,True,True
ERAS,"Erasca, Inc. - Common Stock",16.37,98.7,5725604513.0,82315851,1130.8,-32.6,5,6,False,False,False,True,True,True,True,False,True,False,True
QTTB,Q32 Bio Inc. - Common Stock,13.59,98.7,404567043.0,23182220,738.9,-42.3,5,6,False,False,False,True,True,True,True,False,True,False,True
AGL,"agilon health, inc. Common Stock",87.38,98.6,1467215930.0,35518188,1068.2,-34.3,4,6,False,False,False,True,True,True,True,False,True,False,True
ANRO,"Alto Neuroscience, Inc. Common Stock",36.64,98.6,1437830691.0,17138983,974.5,-2.2,5,8,True,False,False,True,True,True,True,True,True,True,True
FTH,"Faeth Therapeutics, Inc.  - Common Stock",39.12,98.5,1010877426.0,8100301,425.1,-4.3,5,8,True,True,False,True,True,True,True,True,True,True,True
MU,"Micron Technology, Inc. - Common Stock",956.08,98.5,1079790203808.0,39284097676,715.1,-23.8,5,8,True,False,False,True,True,True,True,True,True,True,True
TWST,Twist Bioscience Corporation - Common Stock,131.0,98.5,8685453794.0,186421384,462.2,-15.7,5,8,True,False,False,True,True,True,True,True,True,True,True
ETON,"Eton Pharmaceuticals, Inc. - Common Stock",61.96,98.4,1771011045.0,28790275,334.2,-6.6,5,8,True,False,False,True,True,True,True,True,True,True,True
ORKA,"Oruka Therapeutics, Inc. - Common Stock",91.63,98.4,6066794719.0,105658288,524.6,-20.7,5,7,False,False,False,True,True,True,True,False,True,True,True
IMMX,"Immix Biopharma, Inc. - Common Stock",13.96,98.3,998688823.0,19746173,619.6,-7.5,5,8,True,False,False,True,True,True,True,True,True,True,True
NVCT,"Nuvectis Pharma, Inc. - Common Stock",23.92,98.3,780128459.0,8131413,331.0,-18.3,5,8,True,False,False,True,True,True,True,True,True,True,True
PLSE,"Pulse Biosciences, Inc - Common Stock",52.68,98.3,3757274937.0,16476867,319.4,-3.1,5,8,True,False,False,True,True,True,True,True,True,True,True
QMCO,Quantum Corporation - Common Stock,22.78,98.2,897759823.0,27063122,443.7,-18.1,4,8,True,False,False,True,True,True,True,True,True,True,True
TXG,"10x Genomics, Inc. - Common Stock",61.65,98.2,8032450507.0,153917011,452.4,-7.9,5,8,True,False,False,True,True,True,True,True,True,True,True
AMLX,"Amylyx Pharmaceuticals, Inc. - Common Stock",34.49,98.1,4327056181.0,74666480,277.1,-16.2,5,8,True,False,False,True,True,True,True,True,True,True,True
DMRA,"Damora Therapeutics, Inc. - Ordinary Shares",28.18,98.1,1739706925.0,16442418,1050.2,-26.5,5,6,False,False,False,True,True,True,True,False,True,False,True
DELL,Dell Technologies Inc. Class C Common Stock ,492.2,98.1,318998753170.0,3123610180,346.6,-4.2,5,8,True,False,False,True,True,True,True,True,True,True,True
CDNA,"CareDx, Inc. - Common Stock",49.6,98.0,2566017461.0,47078519,301.0,-7.6,4,8,True,False,False,True,True,True,True,True,True,True,True
PRAX,"Praxis Precision Medicines, Inc. - Common Stock",357.5,98.0,9981395710.0,154483751,861.3,-9.0,5,8,True,False,False,True,True,True,True,True,True,True,True
ABCL,AbCellera Biologics Inc. - Common Shares,11.36,97.9,3347400444.0,71154160,313.8,-9.7,5,8,True,False,False,True,True,True,True,True,True,True,True
QURE,uniQure N.V. - Ordinary Shares,46.23,97.9,3206809227.0,69806244,429.6,-35.3,0,6,False,False,False,True,True,False,True,True,True,False,True
DFTX,"Definium Therapeutics, Inc.  - Common Shares",38.9,97.8,5226874355.0,121167324,347.1,-21.7,5,7,False,False,False,True,True,True,True,False,True,True,True
DRTS,Alpha Tau Medical Ltd. - Ordinary Shares,14.33,97.8,1325211947.0,9235156,327.8,-5.1,5,8,True,False,False,True,True,True,True,True,True,True,True
RVMD,"Revolution Medicines, Inc. - Common Stock",209.23,97.8,44845608738.0,439372974,452.3,-6.7,5,8,True,False,False,True,True,True,True,True,True,True,True
CHRN,ChronoScale Holdings Corporation - Common Stock,19.01,97.7,2768567963.0,5935256,447.8,-36.6,5,6,False,False,False,True,True,True,True,False,True,False,True
SYRE,"Spyre Therapeutics, Inc. - Common Stock",87.05,97.7,7675525982.0,123418448,500.1,-21.0,5,7,False,False,False,True,True,True,True,False,True,True,True
ATEX,Anterix Inc. - Common Stock,86.61,97.6,1698403565.0,38366581,392.7,-23.4,5,7,False,False,False,True,True,True,True,False,True,True,True
MXL,"MaxLinear, Inc - Common Stock",60.1,97.6,5450660779.0,276649954,370.6,-53.2,5,6,False,False,False,True,True,True,True,False,True,False,True
SLN,Silence Therapeutics Plc - American Depository Share,14.79,97.6,692172000.0,15307658,253.0,-15.9,5,8,True,False,False,True,True,True,True,True,True,True,True
LITE,Lumentum Holdings Inc. - Common Stock,870.58,97.5,78091026000.0,3838815237,596.5,-19.8,5,8,True,False,False,True,True,True,True,True,True,True,True
XNCR,"Xencor, Inc. - Common Stock",26.9,97.5,2000106379.0,24936725,240.1,-12.1,5,6,False,False,False,True,False,True,False,True,True,True,True
MBX,"MBX Biosciences, Inc. - Common Stock",60.89,97.4,2932468245.0,41352966,532.3,-16.2,5,7,False,False,False,True,True,True,True,False,True,True,True
OMER,Omeros Corporation - Common Stock,18.86,97.4,1365243640.0,27687959,378.7,-4.0,5,8,True,False,False,True,True,True,True,True,True,True,True
STX,Seagate Technology Holdings PLC - Ordinary Shares (Ireland),808.54,97.4,183251158584.0,4200086473,393.4,-29.4,5,6,False,False,False,True,True,True,True,False,True,False,True
RLAY,"Relay Therapeutics, Inc. - Common Stock",18.51,97.3,4056311590.0,57305675,418.5,-13.0,5,7,False,False,False,True,True,True,True,False,True,True,True
WDC,Western Digital Corporation - Common Stock,448.9,97.3,161846829762.0,4344620046,476.3,-43.9,5,6,False,False,False,True,True,True,True,False,True,False,True
DNTH,"Dianthus Therapeutics, Inc. - Common Stock",106.24,97.2,5942468319.0,97956031,354.2,-9.9,5,8,True,False,False,True,True,True,True,True,True,True,True
PAYS,"Paysign, Inc. - Common Stock",12.53,97.2,707470815.0,7338031,306.8,-13.2,3,8,True,False,False,True,True,True,True,True,True,True,True
APGE,"Apogee Therapeutics, Inc. - Common Stock",135.07,97.1,10223142366.0,269508899,281.7,-0.0,5,8,True,True,False,True,True,True,True,True,True,True,True
ELVN,"Enliven Therapeutics, Inc.  - Common Stock",59.01,97.1,4323707607.0,64046896,299.1,-5.3,5,8,True,False,False,True,True,True,True,True,True,True,True
TVTX,"Travere Therapeutics, Inc. - Common Stock",67.23,97.1,6337172543.0,96315024,289.3,-0.9,5,8,True,False,False,True,True,True,True,True,True,True,True
BAND,Bandwidth Inc. - Class A Common Stock,47.55,97.0,1530196469.0,62784811,280.4,-39.9,5,6,False,False,False,True,True,True,True,False,True,False,True
CADL,"Candel Therapeutics, Inc. - Common Stock",13.2,97.0,1010045058.0,14966539,203.4,-5.7,5,8,True,False,False,True,True,True,True,True,True,True,True
BLZE,"Backblaze, Inc. - Common Stock",13.2,96.9,817080000.0,61992969,304.8,-45.0,4,6,False,False,False,True,True,True,True,False,True,False,True
CLMT,"Calumet, Inc - Common Stock",53.07,96.9,4664759278.0,50284255,231.7,-2.8,5,8,True,True,False,True,True,True,True,True,True,True,True
MNPR,Monopar Therapeutics Inc. - Common Stock,116.28,96.9,780491360.0,26245184,254.8,-6.8,5,8,True,False,False,True,True,True,True,True,True,True,True
FCUV,Focus Universal Inc. - Common Stock,15.16,96.8,10653614.0,37370962,746.9,-92.8,0,3,False,False,False,False,False,False,False,True,True,False,True
NESR,National Energy Services Reunited Corp - Ordinary Shares,34.74,96.8,3503589934.0,67363053,279.7,-6.0,5,8,True,False,False,True,True,True,True,True,True,True,True
AAOI,"Applied Optoelectronics, Inc. - Common Stock",103.13,96.7,8756385585.0,1282460880,457.5,-55.9,5,4,False,False,False,False,True,True,False,False,True,False,True
PBF,PBF Energy Inc. Class A Common Stock,75.48,96.7,8947160532.0,194086157,194.6,-3.2,5,8,True,True,False,True,True,True,True,True,True,True,True
HELP,Cybin Inc. - Common Stock,11.95,96.6,740709732.0,16963004,217.8,-16.7,2,6,False,False,False,True,False,True,False,True,True,True,True
NBTX,Nanobiotix S.A. - ADSs,41.67,96.6,2117165318.0,5638605,418.9,-27.1,5,7,False,False,False,True,True,True,True,True,True,False,True
REPL,"Replimune Group, Inc. - Common Stock",15.98,96.6,1505629751.0,55988247,965.3,-2.1,3,6,False,True,False,True,False,True,False,True,True,True,True
INBX,"Inhibrx Biosciences, Inc. - Common Stock",124.97,96.5,1839265970.0,28570835,377.2,-19.5,5,8,True,False,False,True,True,True,True,True,True,True,True
FET,"Forum Energy Technologies, Inc. Common Stock",82.22,96.5,943285312.0,12525368,228.0,-5.9,5,8,True,False,False,True,True,True,True,True,True,True,True
AEHR,Aehr Test Systems - Common Stock,80.24,96.4,2617464908.0,247073497,329.1,-45.6,5,6,False,False,False,True,True,True,True,False,True,False,True
MEI,"Methode Electronics, Inc. Common Stock",18.1,96.4,642039689.0,12673331,270.9,-11.2,4,8,True,False,False,True,True,True,True,True,True,True,True
RNG,"RingCentral, Inc. Class A Common Stock",72.58,96.4,6060877238.0,102324528,200.7,-0.4,5,8,True,True,False,True,True,True,True,True,True,True,True
ARCT,Arcturus Therapeutics Holdings Inc. - Common Stock,16.74,96.3,475802175.0,9449803,204.4,-30.7,0,6,False,False,False,True,True,False,True,True,True,False,True
PSNL,"Personalis, Inc. - Common Stock",16.73,96.3,1786761859.0,64483903,258.2,-11.4,4,8,True,False,False,True,True,True,True,True,True,True,True
ANAB,"AnaptysBio, Inc. - Common Stock",55.84,96.2,1653337579.0,35500745,389.7,-22.8,5,7,False,False,False,True,True,True,True,False,True,True,True
KRT,Karat Packaging Inc. - Common Stock,47.38,96.2,944364941.0,6081635,129.9,-6.8,5,8,True,False,False,True,True,True,True,True,True,True,True
ECO,Okeanis Eco Tankers Corp. Common Stock,69.02,96.2,2694862088.0,29857473,161.1,-0.2,5,8,True,True,False,True,True,True,True,True,True,True,True
MAN,ManpowerGroup Common Stock,60.27,96.1,2802890704.0,65540365,139.6,-5.0,2,8,True,False,False,True,True,True,True,True,True,True,True
UMC,United Microelectronics Corporation (NEW) Common Stock,19.97,96.1,50277096442.0,323488371,204.4,-31.0,5,6,False,False,False,True,True,True,True,False,True,False,True
INTC,Intel Corporation - Common Stock,90.05,96.0,475920509466.0,10963620498,279.6,-36.7,5,6,False,False,False,True,True,True,True,False,True,False,True
URGN,UroGen Pharma Ltd. - Ordinary Shares,44.42,96.0,2171274653.0,36406233,180.1,-12.6,5,8,True,False,False,True,True,True,True,True,True,True,True
KOD,Kodiak Sciences Inc - Common Stock,37.5,95.9,2356854638.0,27037139,352.4,-21.6,5,7,False,False,False,True,True,True,True,False,True,True,True
LBRX,LB Pharmaceuticals Inc - Common Stock,49.48,95.9,1596183979.0,14248651,270.4,-1.4,2,8,True,False,False,True,True,True,True,True,True,True,True
MRVL,"Marvell Technology, Inc. - Common Stock",206.48,95.9,181062312000.0,5940288649,236.1,-37.4,5,6,False,False,False,True,True,True,True,False,True,False,True
KNSA,"Kiniksa Pharmaceuticals International, plc - Class A Ordinary Shares",79.89,95.8,6233338399.0,53865352,138.8,-3.7,5,8,True,False,False,True,True,True,True,True,True,True,True
LFST,"LifeStance Health Group, Inc. - Common Stock",12.89,95.8,4924696800.0,44795623,170.2,-2.0,5,8,True,True,False,True,True,True,True,True,True,True,True
LQDA,Liquidia Corporation - Common Stock,69.68,95.7,6236979525.0,122741888,229.5,-25.6,5,6,False,False,False,True,True,True,True,False,True,False,True
TNGX,"Tango Therapeutics, Inc. - Common Stock",22.32,95.7,3763383391.0,81531719,257.1,-35.1,5,5,False,False,False,False,True,True,True,False,True,False,True
DK,"Delek US Holdings, Inc. Common Stock",71.45,95.7,4375038832.0,87381800,176.4,-7.7,5,8,True,False,False,True,True,True,True,True,True,True,True
CMPS,COMPASS Pathways Plc - American Depository Shares,13.23,95.6,1832048355.0,46353159,200.7,-14.1,5,8,True,False,False,True,True,True,True,True,True,True,True
KYMR,"Kymera Therapeutics, Inc. - Common Stock",118.63,95.6,9864157813.0,96420720,197.8,-8.8,5,8,True,False,False,True,True,True,True,True,True,True,True
ARWR,"Arrowhead Pharmaceuticals, Inc. - Common Stock",85.37,95.5,12058893848.0,173050158,275.6,-10.6,5,8,True,False,False,True,True,True,True,True,True,True,True
CGEM,"Cullinan Therapeutics, Inc. - Common Stock",22.33,95.5,1437040317.0,14167950,293.1,-3.7,5,8,True,False,False,True,True,True,True,True,True,True,True
BE,Bloom Energy Corporation Class A Common Stock,217.28,95.5,63994901739.0,3506364164,334.1,-38.1,5,6,False,False,False,True,True,True,True,False,True,False,True
CAKE,The Cheesecake Factory Incorporated - Common Stock,108.57,95.4,5402512033.0,166977625,152.1,-8.3,3,8,True,False,False,True,True,True,True,True,True,True,True
VSXY,Victorias Secret & Co. Common Stock ,84.81,95.4,6741692773.0,145642631,285.1,-17.2,5,7,False,False,False,True,True,True,True,False,True,True,True
ALM,Almonty Industries Inc. - Common Shares,17.69,95.3,5103224468.0,100069931,344.5,-27.5,5,6,False,False,False,True,True,True,False,True,True,False,True
CORT,Corcept Therapeutics Incorporated - Common Stock,110.43,95.3,11937305981.0,112509942,285.3,-12.6,3,8,True,False,False,True,True,True,True,True,True,True,True
DSGN,"Design Therapeutics, Inc. - Common Stock",15.53,95.2,971893040.0,9695217,194.1,-10.0,5,8,True,False,False,True,True,True,True,True,True,True,True
DINO,HF Sinclair Corporation Common Stock,106.06,95.2,18855755025.0,235173054,132.0,-1.2,5,8,True,True,False,True,True,True,True,True,True,True,True
VLO,Valero Energy Corporation Common Stock,366.09,95.2,105407364197.0,846253834,142.0,-1.1,5,8,True,True,False,True,True,True,True,True,True,True,True
BVS,Bioventus Inc. - Class A Common Stock,14.37,95.1,1208400316.0,9536787,129.7,-9.6,5,8,True,False,False,True,True,True,True,True,True,True,True
HPE,Hewlett Packard Enterprise Company Common Stock,51.83,95.1,68633468493.0,912938690,161.2,-19.3,5,8,True,False,False,True,True,True,True,True,True,True,True
AYA,Aya Gold & Silver Inc. - Common Shares,28.35,95.0,4083425363.0,17932120,230.0,-6.2,5,8,True,False,False,True,True,True,True,True,True,True,True
NRIX,"Nurix Therapeutics, Inc. - Common stock",25.82,95.0,2679643055.0,34720183,215.1,-8.5,5,8,True,False,False,True,True,True,True,True,True,True,True
MPC,Marathon Petroleum Corporation Common Stock,387.0,95.0,108679183281.0,740215126,139.0,-1.3,5,8,True,True,False,True,True,True,True,True,True,True,True
TH,Target Hospitality Corp. - Common Stock,18.39,94.9,1832074749.0,21792675,208.0,-11.8,5,8,True,False,False,True,True,True,True,True,True,True,True
HZO,"MarineMax, Inc.  (FL) Common Stock",52.11,94.9,1150940334.0,27229379,143.3,-0.7,5,8,True,False,False,True,True,True,True,True,True,True,True
AVAH,Aveanna Healthcare Holdings Inc. - Common Stock,13.2,94.8,2880499987.0,31166393,122.6,-5.7,2,6,False,False,False,True,False,True,False,True,True,True,True
HYMC,Hycroft Mining Holding Corporation - Class A Common Stock,23.21,94.8,2162746816.0,44982230,406.8,-60.5,5,5,False,False,False,False,True,True,False,True,True,False,True
RAPP,"Rapport Therapeutics, Inc. - Common Stock",48.69,94.8,2336062745.0,15570088,245.1,-8.0,5,8,True,False,False,True,True,True,True,True,True,True,True
PUBM,"PubMatic, Inc. - Class A Common Stock",17.38,94.7,791660060.0,9862109,182.6,-5.7,3,8,True,False,False,True,True,True,True,True,True,True,True
VOR,Vor Biopharma Inc. - Common Stock,24.76,94.7,1464858399.0,23552215,280.9,-50.4,0,6,False,False,False,True,True,False,True,True,True,False,True
AMD,"Advanced Micro Devices, Inc. - Common Stock",457.06,94.6,746139042697.0,12844066223,206.3,-21.8,5,7,False,False,False,True,True,True,True,False,True,True,True
NBIS,Nebius Group N.V. - Class A Ordinary Shares,204.09,94.6,55482931442.0,4640782314,222.6,-31.9,5,6,False,False,False,True,True,True,True,False,True,False,True
FCEL,"FuelCell Energy, Inc. - Common Stock",14.4,94.5,1151340422.0,248917865,278.0,-62.0,5,5,False,False,False,False,True,True,True,False,True,False,True
PTGX,"Protagonist Therapeutics, Inc. - Common Stock",146.08,94.5,9452586273.0,90580397,168.0,-9.2,5,8,True,False,False,True,True,True,True,True,True,True,True
STRZ,Starz Entertainment Corp. - Common Shares,26.9,94.5,460640200.0,5190617,220.2,-17.4,4,7,False,False,False,True,True,True,True,False,True,True,True
ICHR,Ichor Holdings - Ordinary Shares,52.63,94.4,1971216072.0,83500281,274.3,-53.7,5,5,False,False,False,False,True,True,True,False,True,False,True
INSW,"International Seaways, Inc. Common Stock ",101.19,94.4,5012073360.0,50663234,139.4,-1.1,5,8,True,False,False,True,True,True,True,True,True,True,True
AXGN,"Axogen, Inc. - Common Stock",48.3,94.3,2596681078.0,52998082,216.9,-8.7,5,8,True,False,False,True,True,True,True,True,True,True,True
NUTX,Nutex Health Inc. - Common Stock,192.0,94.3,1314810816.0,25673497,148.7,-5.9,4,6,False,False,False,True,False,True,False,True,True,True,True
SILC,Silicom Ltd - Ordinary Shares,39.505,94.3,227059373.0,8385725,196.1,-25.4,5,6,False,False,False,True,True,True,True,False,True,False,True
GTE,Gran Tierra Energy Inc. Common Stock,10.19,94.2,391296000.0,8542672,229.8,-11.5,5,8,True,False,False,True,True,True,True,True,True,True,True
HNGE,"Hinge Health, Inc. Class A Common Stock",91.85,94.2,7411782201.0,164043445,205.4,-3.9,4,8,True,False,False,True,True,True,True,True,True,True,True
IRDM,Iridium Communications Inc - Common Stock,46.97,94.1,4976959190.0,90802283,200.1,-17.9,5,7,False,False,False,True,True,True,True,False,True,True,True
MRX,Marex Group Limited - Ordinary Shares,71.67,94.1,5313100428.0,51385670,156.8,-4.9,5,8,True,False,False,True,True,True,True,True,True,True,True
TGTX,"TG Therapeutics, Inc. - Common Stock",56.9,94.1,8709629116.0,124465231,112.6,-4.0,4,8,True,False,False,True,True,True,True,True,True,True,True
AUGO,Aura Minerals Inc. - Common Shares,84.6,94.0,7088568266.0,66714019,190.6,-23.3,3,7,False,False,False,True,True,True,False,True,True,True,True
FDMT,"4D Molecular Therapeutics, Inc. - Common Stock",14.94,94.0,825348512.0,12631587,150.3,-11.8,5,8,True,False,False,True,True,True,True,True,True,True,True
NEO,"NeoGenomics, Inc. - Common Stock",17.4,93.9,2235472656.0,40938793,146.1,-11.9,5,6,False,False,False,True,False,True,False,True,True,True,True
DOCN,"DigitalOcean Holdings, Inc. Common Stock",104.87,93.9,12330567409.0,432427055,239.5,-44.1,5,5,False,False,False,False,True,True,True,False,True,False,True
SDOT,Sadot Group Inc. - Common Stock,13.22,93.8,19232826.0,89886716,402.7,-94.9,0,2,False,False,False,False,False,False,False,False,True,False,True
SLDB,Solid Biosciences Inc. - Common Stock,10.285,93.8,1102811573.0,12552658,171.4,-10.2,5,8,True,False,False,True,True,True,True,True,True,True,True
PARR,"Par Pacific Holdings, Inc.  Common Stock",80.16,93.8,4015986100.0,72515241,148.6,-7.9,5,8,True,False,False,True,True,True,True,True,True,True,True
ATRC,"AtriCure, Inc. - Common Stock",52.59,93.7,2675058401.0,34598202,107.4,-0.2,1,6,False,True,False,True,False,True,False,True,True,True,True
HTFL,"Heartflow, Inc. - Common Stock",50.0,93.7,4347681350.0,70352513,148.4,-3.4,1,6,False,True,False,True,False,True,False,True,True,True,True
TSEM,Tower Semiconductor Ltd. - Ordinary Shares,206.81,93.6,23375941110.0,425126655,265.8,-35.4,5,5,False,False,False,False,True,True,True,False,True,False,True
OSCR,"Oscar Health, Inc. Class A Common Stock",30.33,93.6,9361202850.0,165153985,183.7,-9.6,4,8,True,False,False,True,True,True,True,True,True,True,True
UMAC,"Unusual Machines, Inc. Common Stock",23.55,93.6,1176475693.0,103626450,225.1,-32.6,5,7,False,False,False,True,True,True,True,True,True,False,True
MGTX,MeiraGTx Holdings plc - Ordinary Shares,14.06,93.5,1350364524.0,11004686,112.4,-8.4,5,8,True,False,False,True,True,True,True,True,True,True,True
NGNE,Neurogene Inc. - Common Stock,38.36,93.5,767636614.0,9041926,140.8,-12.1,5,8,True,False,False,True,True,True,True,True,True,True,True
PTEN,"Patterson-UTI Energy, Inc. - Common Stock",13.15,93.4,5015211093.0,93692062,157.8,-1.2,5,8,True,True,False,True,True,True,True,True,True,True,True
MTW,"Manitowoc Company, Inc. (The) Common Stock",20.22,93.4,729173013.0,5524144,109.3,-5.2,5,8,True,False,False,True,True,True,True,True,True,True,True
PACS,"PACS Group, Inc. Common Stock",43.09,93.4,6822681521.0,39545797,474.5,-12.9,5,7,False,False,False,True,True,True,True,False,True,True,True
IMNM,"Immunome, Inc. - Common Stock",27.33,93.3,3104076601.0,32206355,215.4,-9.1,5,8,True,False,False,True,True,True,True,True,True,True,True
FRO,Frontline Plc Ordinary Shares,45.42,93.3,10111531618.0,91876924,123.6,-0.4,5,8,True,True,False,True,True,True,True,True,True,True,True
OKTA,"Okta, Inc. - Class A Common Stock",163.15,93.2,28522034403.0,477546450,160.4,-6.7,3,8,True,False,False,True,True,True,True,True,True,True,True
CRL,"Charles River Laboratories International, Inc. Common Stock",291.76,93.2,13928293295.0,232484633,102.2,-3.8,5,8,True,False,False,True,True,True,True,True,True,True,True
CHEF,"The Chefs' Warehouse, Inc. - Common Stock",113.43,93.1,4627499695.0,67262169,113.2,-3.6,4,8,True,False,False,True,True,True,True,True,True,True,True
PVLA,"Palvella Therapeutics, Inc. - Common Stock",152.95,93.1,2203765851.0,34705359,201.0,-5.2,5,8,True,False,False,True,True,True,True,True,True,True,True
TEAM,Atlassian Corporation  - Class A Common Stock,186.44,93.1,47195200669.0,576557688,232.9,-5.5,1,6,False,False,False,True,False,True,False,True,True,True,True
CGON,"CG Oncology, Inc. - Common stock",74.59,93.0,6611685571.0,70656947,184.2,-7.9,5,8,True,False,False,True,True,True,True,True,True,True,True
OII,"Oceaneering International, Inc. Common Stock",51.63,93.0,5138715571.0,51391071,134.5,-4.8,5,8,True,False,False,True,True,True,True,True,True,True,True
IMVT,"Immunovant, Inc.  - Common Stock",39.49,92.9,8156765412.0,47619635,170.9,-13.1,5,7,False,False,False,True,True,True,True,False,True,True,True
VREX,Varex Imaging Corporation - Common Stock,18.47,92.9,777587000.0,14100826,103.2,-0.9,1,6,False,False,False,True,False,True,False,True,True,True,True
GKOS,Glaukos Corporation Common Stock,179.53,92.9,10589386210.0,131672882,145.4,-6.3,5,8,True,False,False,True,True,True,True,True,True,True,True
JBIO,"Jade Biosciences, Inc. - Common Stock",21.4,92.8,1360984082.0,19556706,209.7,-23.6,5,7,False,False,False,True,True,True,True,False,True,True,True
PSX,Phillips 66 Common Stock,256.09,92.8,102185266378.0,576452717,102.1,-0.9,5,8,True,True,False,True,True,True,True,True,True,True,True
DCTH,"Delcath Systems, Inc. - Common Stock",16.58,92.7,575306021.0,8048865,104.2,-4.8,4,8,True,False,False,True,True,True,True,True,True,True,True
PRCH,"Porch Group, Inc. - Common Stock",17.74,92.7,2338700461.0,26700881,178.9,-8.7,1,8,True,False,False,True,True,True,True,True,True,True,True
UTZ,Utz Brands Inc Class A Common Stock ,14.2,92.7,2044263425.0,52682384,109.4,-0.5,1,6,False,False,False,True,False,True,False,True,True,True,True
EWTX,"Edgewise Therapeutics, Inc. - Common Stock",41.98,92.6,4559201335.0,51888825,206.8,-13.3,5,7,False,False,False,True,True,True,True,False,True,True,True
CXW,"CoreCivic, Inc. Common Stock",32.61,92.6,3224916676.0,45226081,107.2,-6.5,4,8,True,False,False,True,True,True,True,True,True,True,True
SEPN,"Septerna, Inc. - Common Stock",37.5,92.5,1750385513.0,17973055,213.0,-26.6,5,7,False,False,False,True,True,True,True,True,True,False,True
WNC,Wabash National Corporation Common Stock,14.22,92.5,579282600.0,14855843,114.5,-0.7,2,8,True,False,False,True,True,True,True,True,True,True,True
GH,"Guardant Health, Inc. - Common Stock",163.06,92.4,21882027480.0,419348396,205.4,-7.7,5,8,True,False,False,True,True,True,True,True,True,True,True
PENG,"Penguin Solutions, Inc. - Common Stock",47.59,92.4,2438640045.0,210419764,196.7,-47.0,5,6,False,False,False,True,True,True,True,False,True,False,True
SGMT,Sagimet Biosciences Inc. - Series A Common Stock,10.99,92.4,676886837.0,10980729,144.2,-1.4,2,8,True,False,False,True,True,True,True,True,True,True,True
ROIV,Roivant Sciences Ltd. - Common Shares,34.18,92.3,24689000653.0,223558579,186.3,-10.0,5,7,False,False,False,True,True,True,True,False,True,True,True
LPG,Dorian LPG Ltd. Common Stock,52.13,92.3,2230261161.0,27961704,119.4,-0.5,5,8,True,True,False,True,True,True,True,True,True,True,True
ATI,ATI Inc. Common Stock,201.69,92.2,27464204547.0,352981026,170.9,-17.2,5,7,False,False,False,True,True,True,True,False,True,True,True
CGAU,Centerra Gold Inc. Common Shares,22.26,92.2,4445551745.0,29093145,170.8,-8.5,5,8,True,False,False,True,True,True,True,True,True,True,True
MCS,Marcus Corporation (The) Common Stock,28.07,92.2,865458703.0,8393600,118.4,-13.4,5,8,True,False,False,True,True,True,True,True,True,True,True
KRYS,"Krystal Biotech, Inc. - Common Stock",369.23,92.1,10928778216.0,146585055,170.0,-3.5,5,8,True,False,False,True,True,True,True,True,True,True,True
ZBIO,"Zenas BioPharma, Inc. - Common Stock",33.13,92.1,2159304833.0,26196431,145.4,-25.7,5,5,False,False,False,True,False,True,False,True,True,False,True
GEO,Geo Group Inc (The) REIT,30.56,92.0,4022294487.0,60788132,144.3,-7.8,3,7,False,False,False,True,True,True,True,False,True,True,True
OOMA,"Ooma, Inc. Common Stock",22.53,92.0,619575000.0,8182186,130.1,-14.0,5,8,True,False,False,True,True,True,True,True,True,True,True
DAVE,Dave Inc.  - Class A Common Stock,372.85,91.9,4755890785.0,180005504,145.0,-18.6,4,7,False,False,False,True,True,True,True,False,True,True,True
ILMN,"Illumina, Inc. - Common Stock",213.25,91.9,32200750000.0,382508079,142.3,-8.0,5,8,True,False,False,True,True,True,True,True,True,True,True
VIR,"Vir Biotechnology, Inc. - Common Stock",11.5,91.9,1945983517.0,18043795,142.1,-3.7,5,8,True,True,False,True,True,True,True,True,True,True,True
GHRS,GH Research PLC - Ordinary Shares,28.07,91.8,1924399874.0,8128274,137.3,-10.7,5,8,True,False,False,True,True,True,True,True,True,True,True
SENEA,Seneca Foods Corp. - Class A Common Stock,207.3,91.8,1403515736.0,19153690,108.2,-0.8,5,8,True,True,False,True,True,True,True,True,True,True,True
ECPG,Encore Capital Group Inc - Common Stock,96.55,91.7,2047764287.0,34710386,141.7,-8.0,5,8,True,False,False,True,True,True,True,True,True,True,True
NIQ,NIQ Global Intelligence plc Ordinary Shares,18.35,91.7,5412440104.0,22428498,131.4,-5.5,1,6,False,False,False,True,False,True,False,True,True,True,True
SPHR,Sphere Entertainment Co. Class A Common Stock,140.63,91.7,5050530552.0,113733654,219.2,-22.6,5,7,False,False,False,True,True,True,True,False,True,True,True
ENVA,"Enova International, Inc. Common Stock",226.89,91.6,5649191396.0,88081350,120.2,-15.2,5,7,False,False,False,True,True,True,True,False,True,True,True
VSTS,Vestis Corporation Common Stock,12.17,91.6,1608388478.0,19326011,205.8,-28.0,5,6,False,False,False,True,True,True,True,False,True,False,True
AAMI,Acadian Asset Management Inc. Common Stock,90.01,91.5,3194466421.0,36208126,117.0,-8.4,5,8,True,False,False,True,True,True,True,True,True,True,True
EAT,"Brinker International, Inc. Common Stock",231.0,91.5,9647717310.0,217810149,130.3,-9.4,2,8,True,False,False,True,True,True,True,True,True,True,True
KFRC,"Kforce, Inc. Common Stock",54.04,91.5,967802360.0,14193158,120.7,-12.4,4,7,False,False,False,True,True,True,True,False,True,True,True
HP,"Helmerich & Payne, Inc. Common Stock",47.64,91.4,4761091340.0,49778289,144.3,-1.1,5,8,True,True,False,True,True,True,True,True,True,True,True
NSP,"Insperity, Inc. Common Stock",50.52,91.4,1929625040.0,27733215,172.1,-11.7,2,6,False,False,False,True,False,True,False,True,True,True,True
MSBI,"Midland States Bancorp, Inc. - Common Stock",33.22,91.3,689385161.0,6034846,133.3,-5.4,5,8,True,False,False,True,True,True,True,True,True,True,True
CMBT,CMB.TECH NV Ordinary Shares,18.75,91.3,5924580881.0,16214324,122.7,-0.5,5,8,True,False,False,True,True,True,True,True,True,True,True
HALO,"Halozyme Therapeutics, Inc. - Common Stock",109.66,91.2,12446190680.0,182885019,79.1,-0.1,2,8,True,True,False,True,True,True,True,True,True,True,True
UCTT,"Ultra Clean Holdings, Inc. - Common Stock",66.07,91.2,2991453306.0,131409640,207.4,-54.2,5,5,False,False,False,False,True,True,True,False,True,False,True
WTTR,"Select Water Solutions, Inc. Class A common stock",19.77,91.2,2737766068.0,35996231,140.4,-12.3,5,8,True,False,False,True,True,True,True,True,True,True,True
ADPT,Adaptive Biotechnologies Corporation - Common Stock,24.66,91.1,3935633464.0,60388966,105.5,-8.2,5,8,True,False,False,True,True,True,True,True,True,True,True
NTRA,"Natera, Inc. - Common Stock",325.165,91.1,46870639038.0,411440981,106.6,-5.2,5,8,True,False,False,True,True,True,True,True,True,True,True
CBRL,"Cracker Barrel Old Country Store, Inc. - Common Stock",54.8,91.0,1224860008.0,48972274,120.5,-9.1,2,8,True,False,False,True,True,True,True,True,True,True,True
CHYM,"Chime Financial, Inc. - Class A Common Stock",33.41,91.0,12648528559.0,202389853,110.4,-1.7,1,6,False,False,False,True,False,True,False,True,True,True,True
TRLV,Trulieve Cannabis Corp. Subordinate Voting Shares,11.69,91.0,2251088380.0,10519137,153.2,-12.0,5,8,True,False,False,True,True,True,True,True,True,True,True
FTNT,"Fortinet, Inc. - Common Stock",154.54,90.9,113388107935.0,824062105,110.1,-11.1,4,7,False,False,False,True,True,True,True,False,True,True,True
XMTR,"Xometry, Inc. - Class A Common Stock",92.23,90.9,5286953138.0,68202254,157.2,-13.1,5,8,True,False,False,True,True,True,True,True,True,True,True
BJRI,"BJ's Restaurants, Inc. - Common Stock",60.71,90.8,1291530273.0,33602337,113.3,-18.6,4,7,False,False,False,True,True,True,True,False,True,True,True
HAE,Haemonetics Corporation Common Stock,102.92,90.8,4682556489.0,65668115,117.5,-6.1,3,6,False,False,False,True,False,True,False,True,True,True,True
WT,"WisdomTree, Inc. Common Stock",23.74,90.8,3596897515.0,54508607,122.1,-7.0,5,8,True,False,False,True,True,True,True,True,True,True,True
PESI,"Perma-Fix Environmental Services, Inc. - Common Stock",18.03,90.7,382566869.0,8210505,124.8,-15.4,2,8,True,False,False,True,True,True,True,True,True,True,True
CNC,Centene Corporation Common Stock,67.34,90.7,33265623300.0,303677616,138.5,-2.9,4,8,True,False,False,True,True,True,True,True,True,True,True
MGNI,"Magnite, Inc. - Common Stock",24.88,90.6,3568393026.0,58870260,129.9,-5.0,1,8,True,False,False,True,True,True,True,True,True,True,True
NEOG,Neogen Corporation - Common Stock,11.81,90.6,2575831919.0,21159652,141.0,-8.1,5,8,True,False,False,True,True,True,True,True,True,True,True
CBLL,"CeriBell, Inc. - Common Stock",24.81,90.5,952160686.0,8371344,128.7,-2.1,5,6,False,False,False,True,False,True,False,True,True,True,True
LRCX,Lam Research Corporation - Common Stock,288.32,90.5,360780870720.0,3604683981,206.4,-34.2,5,6,False,False,False,True,True,True,True,False,True,False,True
ANF,Abercrombie & Fitch Company Common Stock,136.6,90.5,6069371586.0,177487161,108.7,-11.6,2,6,False,False,False,True,False,True,False,True,True,True,True
KELYA,"Kelly Services, Inc. - Class A Common Stock",16.48,90.4,572382421.0,5499657,106.5,-7.2,2,8,True,False,False,True,True,True,True,True,True,True,True
MATX,"Matson, Inc. Common Stock",218.21,90.4,6525233570.0,63857075,150.9,-5.4,5,8,True,False,False,True,True,True,True,True,True,True,True
CTRN,"Citi Trends, Inc. - Common Stock",67.5,90.3,562264740.0,11557749,128.0,-13.4,5,8,True,False,False,True,True,True,True,True,True,True,True
PANW,"Palo Alto Networks, Inc. - Common Stock",328.48,90.3,267711200000.0,2279505701,135.4,-17.6,4,7,False,False,False,True,True,True,True,False,True,True,True
NBR,Nabors Industries Ltd.,95.61,90.3,1600930937.0,21974796,175.5,-15.3,5,7,False,False,False,True,True,True,False,True,True,True,True
CRWD,"CrowdStrike Holdings, Inc. - Class A Common Stock",203.42,90.2,208288825560.0,1926740052,137.4,-13.0,4,8,True,False,False,True,True,True,True,True,True,True,True
WYY,WidePoint Corporation Common Stock,10.44,90.2,104381782.0,5305411,163.6,-57.0,5,6,False,False,False,True,True,True,True,False,True,False,True
ELF,"e.l.f. Beauty, Inc. Common Stock",107.36,90.1,6335098451.0,214848739,119.9,-28.9,0,4,False,False,False,True,False,False,False,True,True,False,True
MYE,"Myers Industries, Inc. Common Stock",30.85,90.1,1160517460.0,15935455,98.5,-17.6,5,7,False,False,False,True,True,True,True,False,True,True,True
RCUS,"Arcus Biosciences, Inc. Common Stock",29.85,90.1,3800901274.0,37011701,182.9,-5.9,5,8,True,False,False,True,True,True,True,True,True,True,True
BTSG,"BrightSpring Health Services, Inc. - Common Stock",60.25,90.0,11921320520.0,239340278,163.6,-18.3,5,7,False,False,False,True,True,True,True,False,True,True,True
HUT,Hut 8 Corp. - Common Stock,80.68,90.0,9944573878.0,456526280,233.4,-42.7,5,5,False,False,False,False,True,True,True,False,True,False,True
HUM,Humana Inc. Common Stock,400.97,89.9,48148601099.0,513241201,145.8,-6.5,4,8,True,False,False,True,True,True,True,True,True,True,True
TWLO,Twilio Inc. Class A Common Stock,226.75,89.9,34823181135.0,457241022,130.3,-12.2,5,8,True,False,False,True,True,True,True,True,True,True,True
VCTR,"Victory Capital Holdings, Inc. - Common Stock",111.37,89.8,6850321034.0,57169802,95.3,-9.6,5,8,True,False,False,True,True,True,True,True,True,True,True
CIEN,Ciena Corporation Common Stock,354.16,89.8,50132382856.0,947367132,293.5,-44.4,5,4,False,False,False,False,True,True,False,False,True,False,True
SN,"SharkNinja, Inc. Ordinary Shares",175.25,89.8,24687739488.0,274554369,110.8,-9.7,3,8,True,False,False,True,True,True,True,True,True,True,True
RHI,Robert Half Inc. Common Stock,42.9,89.7,4391322421.0,88980631,96.5,-8.1,2,8,True,False,False,True,True,True,True,True,True,True,True
TGT,Target Corporation Common Stock,163.36,89.7,74213914793.0,653543030,95.8,-4.3,5,8,True,False,False,True,True,True,True,True,True,True,True
DYN,"Dyne Therapeutics, Inc. - Common Stock",25.14,89.6,4694805275.0,55385923,110.9,-7.9,5,8,True,False,False,True,True,True,True,True,True,True,True
VSAT,"ViaSat, Inc. - Common Stock",69.92,89.6,9631886235.0,176016899,167.9,-24.8,5,7,False,False,False,True,True,True,True,False,True,True,True
MTRN,Materion Corporation,237.97,89.6,4957801538.0,95721152,120.9,-21.9,5,7,False,False,False,True,True,True,True,False,True,True,True
FORM,"FormFactor, Inc. - Common Stock",96.58,89.5,7544899621.0,187010491,247.3,-39.7,5,5,False,False,False,False,True,True,True,False,True,False,True
SMTI,Sanara MedTech Inc. - Common Stock,34.8,89.5,319743618.0,8456541,116.8,-3.2,1,8,True,False,False,True,True,True,True,True,True,True,True
APA,APA Corporation - Common Stock,44.695,89.4,15658960739.0,205013613,107.2,-2.1,5,8,True,False,False,True,True,True,True,True,True,True,True
BWLP,BW LPG Limited Common Shares,24.35,89.4,3878516700.0,7845226,107.8,-4.4,5,8,True,False,False,True,True,True,True,True,True,True,True
PATH,"UiPath, Inc. Class A Common Stock",17.99,89.4,9320983585.0,989814343,95.5,-9.3,1,6,False,False,False,True,False,True,False,True,True,True,True
FROG,JFrog Ltd. - Ordinary shares,91.73,89.3,11310429258.0,244318550,169.4,-12.5,5,8,True,False,False,True,True,True,True,True,True,True,True
RELY,"Remitly Global, Inc. - Common stock",26.82,89.3,5677366328.0,79029841,122.0,-1.2,4,8,True,True,False,True,True,True,True,True,True,True,True
CVE,Cenovus Energy Inc Common Stock,32.81,89.2,61518750000.0,204516515,109.9,-1.8,5,8,True,False,False,True,True,True,True,True,True,True,True
PAYC,"Paycom Software, Inc. Common Stock",236.25,89.2,10648169989.0,152860858,125.2,-2.9,1,6,False,False,False,True,False,True,False,True,True,True,True
ATRO,Astronics Corporation - Common Stock,73.46,89.1,3159445841.0,52634368,158.7,-22.2,5,7,False,False,False,True,True,True,True,False,True,True,True
VICR,Vicor Corporation - Common Stock,181.59,89.1,8372521464.0,223260432,281.8,-52.5,5,5,False,False,False,False,True,True,True,False,True,False,True
EQNR,Equinor ASA,43.58,89.1,108961811487.0,126496122,95.8,-1.7,5,8,True,False,False,True,True,True,True,True,True,True,True
TIGO,Millicom International Cellular S.A. - Common Stock,95.25,89.0,15958263962.0,133205593,112.2,-11.1,5,8,True,False,False,True,True,True,True,True,True,True,True
TRVI,"Trevi Therapeutics, Inc. - Common Stock",17.05,89.0,2429213089.0,41131282,146.0,-15.7,5,7,False,False,False,True,True,True,True,False,True,True,True
AMRX,"Amneal Pharmaceuticals, Inc. - Class A Common Stock",18.06,88.9,6290226067.0,34771205,93.8,-6.2,5,8,True,False,False,True,True,True,True,True,True,True,True
FIVN,"Five9, Inc. - Common Stock",33.59,88.9,2509963406.0,73813108,152.7,-3.5,2,8,True,True,False,True,True,True,True,True,True,True,True
TER,"Teradyne, Inc. - Common Stock",341.62,88.9,53409127015.0,1373501421,211.8,-30.0,5,5,False,False,False,False,True,True,True,False,True,False,True
AMAT,"Applied Materials, Inc. - Common Stock",438.46,88.8,347960734858.0,5110369033,183.8,-40.7,5,5,False,False,False,False,True,True,True,False,True,False,True
PLPC,Preformed Line Products Company - Common Stock,390.41,88.8,1908597757.0,39108611,112.2,-22.6,5,8,True,False,False,True,True,True,True,True,True,True,True
CUE,"Cue Biopharma, Inc. - Common Stock",26.96,88.7,195848601.0,5002323,441.4,-40.7,4,6,False,False,False,True,True,True,True,False,True,False,True
LTH,"Life Time Group Holdings, Inc. Common Stock",43.49,88.7,9718360119.0,129035848,80.2,-7.9,4,8,True,False,False,True,True,True,True,True,True,True,True
NEXA,Nexa Resources S.A. Common Shares,13.34,88.7,1766736260.0,9513989,178.4,-21.0,5,7,False,False,False,True,True,True,True,False,True,True,True
FSLY,"Fastly, Inc. - Class A Common Stock",20.43,88.6,3254499000.0,124092221,189.6,-41.3,5,5,False,False,False,False,True,True,True,False,True,False,True
MLAB,"Mesa Laboratories, Inc. - Common Stock",130.65,88.6,731100285.0,18082720,122.1,-0.6,4,8,True,True,False,True,True,True,True,True,True,True,True
ACMR,"ACM Research, Inc. - Class A Common Stock",69.9,88.5,4868478800.0,109988889,167.8,-45.0,5,5,False,False,False,False,True,True,True,False,True,False,True
FTRE,Fortrea Holdings Inc. - Common Stock,18.36,88.5,1746036000.0,26407394,121.1,-14.2,5,6,False,False,False,True,False,True,False,True,True,True,True
LIND,Lindblad Expeditions Holdings Inc.  - Common Stock,25.39,88.4,1666083904.0,27813323,123.3,-27.5,5,6,False,False,False,True,True,True,True,False,True,False,True
DHT,"DHT Holdings, Inc.",20.07,88.4,3232105655.0,59804064,85.3,-2.7,5,8,True,False,False,True,True,True,True,True,True,True,True
FTI,TechnipFMC plc Ordinary Share,79.67,88.4,31243736792.0,261006873,125.8,-1.1,5,8,True,False,False,True,True,True,True,True,True,True,True
ROKU,"Roku, Inc. - Class A Common Stock",157.7,88.3,23405671411.0,443017722,100.8,-1.4,5,8,True,False,False,True,True,True,True,True,True,True,True
SSRM,SSR Mining Inc. - Common Stock,37.75,88.3,7697576528.0,96631604,107.5,-4.3,5,8,True,False,False,True,True,True,True,True,True,True,True
CRSR,"Corsair Gaming, Inc. - Common Stock",12.1,88.2,1308941204.0,20366900,170.1,-19.2,3,8,True,False,False,True,True,True,True,True,True,True,True
AMN,AMN Healthcare Services Inc,33.38,88.2,1292807100.0,26213512,123.0,-10.3,4,7,False,False,False,True,True,True,True,False,True,True,True
SM,SM Energy Company Common Stock,38.29,88.2,9107432264.0,115895739,119.4,-1.7,5,8,True,True,False,True,True,True,True,True,True,True,True
QNST,"QuinStreet, Inc. - Common Stock",19.21,88.1,1096629917.0,16241479,86.7,-13.8,2,6,False,False,False,True,False,True,False,True,True,True,True
TEN,Tsakos Energy Navigation Ltd Common Shares,43.25,88.1,1303018830.0,9395152,111.0,-5.7,5,8,True,False,False,True,True,True,True,True,True,True,True
GRAL,"GRAIL, Inc. - Common Stock",80.56,88.0,3598311811.0,45169046,161.4,-32.2,0,4,False,False,False,True,False,False,False,True,True,False,True
MT,Arcelor Mittal NY Registry Shares NEW,75.13,88.0,57183382781.0,105852007,135.3,-1.1,5,8,True,False,False,True,True,True,True,True,True,True,True
AMPL,"Amplitude, Inc. - Class A Common Stock",13.29,87.9,1660134517.0,22638350,141.2,-7.2,1,6,False,False,False,True,False,True,False,True,True,True,True
GCT,GigaCloud Technology Inc - Class A Ordinary Shares,50.5,87.9,1803366969.0,27325775,100.8,-10.3,5,8,True,False,False,True,True,True,True,True,True,True,True
OBE,Obsidian Energy Ltd. Common Shares,12.08,87.9,806044886.0,7776237,122.1,-17.2,5,7,False,False,False,True,True,True,False,True,True,True,True
GSAT,"Globalstar, Inc. - Common Stock",81.46,87.8,10554233749.0,84942767,177.5,-4.0,5,8,True,False,False,True,True,True,True,True,True,True,True
VIRT,"Virtu Financial, Inc. Class A Common Stock",62.69,87.8,9729502231.0,81306673,98.7,-8.7,5,8,True,False,False,True,True,True,True,True,True,True,True
DAR,Darling Ingredients Inc. Common Stock,67.62,87.7,10670633180.0,154554283,132.0,-3.4,5,8,True,False,False,True,True,True,True,True,True,True,True
TBBB,BBB Foods Inc. Class A Common Shares,49.35,87.7,5816250303.0,30787940,107.3,-4.4,5,8,True,False,False,True,True,True,True,True,True,True,True
TDW,Tidewater Inc. Common Stock,100.61,87.7,5005974401.0,55583848,115.7,-1.0,5,8,True,True,False,True,True,True,True,True,True,True,True
CLDX,"Celldex Therapeutics, Inc. - Common Stock",39.48,87.6,3100345923.0,38883640,81.4,-12.5,5,8,True,False,False,True,True,True,True,True,True,True,True
OGN,Organon & Co. Common Stock ,13.77,87.6,3616131892.0,36789558,142.0,-0.1,4,8,True,False,False,True,True,True,True,True,True,True,True
COHU,"Cohu, Inc. - Common Stock",45.75,87.5,2165733310.0,63465676,145.0,-38.7,5,6,False,False,False,True,True,True,True,False,True,False,True
STRO,"Sutro Biopharma, Inc. - Common Stock",20.47,87.5,339416570.0,9188919,186.3,-53.3,5,4,False,False,False,False,True,True,False,False,True,False,True
VIAV,Viavi Solutions Inc. - Common Stock,34.5,87.5,8512869066.0,224421412,209.1,-42.9,5,5,False,False,False,False,True,True,True,False,True,False,True
TNK,Teekay Tankers Ltd.,90.75,87.4,3143930114.0,32394440,92.3,-3.9,5,8,True,False,False,True,True,True,True,True,True,True,True
ZETA,Zeta Global Holdings Corp. Class A Common Stock,30.44,87.4,7640854136.0,215994593,111.9,-5.0,5,8,True,False,False,True,True,True,True,True,True,True,True
SLDE,"Slide Insurance Holdings, Inc. - Common Stock",24.18,87.3,2824507365.0,25010104,93.0,-0.2,3,8,True,True,False,True,True,True,True,True,True,True,True
CON,"Concentra Group Holdings Parent, Inc. Common Stock",34.03,87.3,4339428556.0,30882829,83.5,-5.2,5,8,True,False,False,True,True,True,True,True,True,True,True
CYRX,"CryoPort, Inc. - Common Stock",15.78,87.2,799242798.0,10382619,107.4,-8.3,5,8,True,False,False,True,True,True,True,True,True,True,True
SAFT,"Safety Insurance Group, Inc. - Common Stock",103.12,87.2,1513851304.0,22816866,53.8,-0.7,4,8,True,False,False,True,True,True,True,True,True,True,True
SITM,SiTime Corporation - Common Stock,568.82,87.2,17105006698.0,325064909,156.1,-36.9,5,6,False,False,False,True,True,True,True,False,True,False,True
CLBK,"Columbia Financial, Inc. - Common Stock",11.65,87.1,1212153014.0,64417898,87.6,-2.9,5,8,True,False,False,True,True,True,True,True,True,True,True
SBLK,Star Bulk Carriers Corp. - Common Shares,31.82,87.1,3548889373.0,39383110,90.3,-0.2,5,8,True,True,False,True,True,True,True,True,True,True,True
UFCS,"United Fire Group, Inc - Common Stock",54.85,87.0,1409943329.0,8392480,84.4,-1.7,5,8,True,False,False,True,True,True,True,True,True,True,True
MRK,"Merck & Company, Inc. Common Stock (new)",151.64,87.0,374121907186.0,1377209536,95.5,-3.4,5,8,True,False,False,True,True,True,True,True,True,True,True
WHD,"Cactus, Inc. Class A Common Stock",72.14,87.0,5784143142.0,49347750,117.3,-2.6,5,8,True,False,False,True,True,True,True,True,True,True,True
CRVS,"Corvus Pharmaceuticals, Inc. - Common Stock",14.2,86.9,1194517405.0,14494150,154.5,-47.3,5,4,False,False,False,False,True,True,False,False,True,False,True
AVTR,"Avantor, Inc. Common Stock",14.65,86.9,9908657006.0,117573581,101.7,-8.0,1,6,False,False,False,True,False,True,False,True,True,True,True
CBL,"CBL & Associates Properties, Inc. Common Stock",54.49,86.8,1686070829.0,16035259,94.4,-9.8,5,7,False,False,False,True,True,True,True,False,True,True,True
EPC,Edgewell Personal Care Company Common Stock,28.4,86.8,1308925186.0,20806726,80.5,-5.2,2,8,True,False,False,True,True,True,True,True,True,True,True
SVM,Silvercorp Metals Inc. Common Shares,12.78,86.8,2823241443.0,29214100,167.9,-19.0,5,7,False,False,False,True,True,True,False,True,True,True,True
ONTO,Onto Innovation Inc. Common Stock,254.55,86.7,12491849574.0,368053905,152.0,-34.1,5,5,False,False,False,False,True,True,True,False,True,False,True
STT,State Street Corporation Common Stock,190.04,86.7,52204323421.0,362514333,81.6,-3.0,5,8,True,False,False,True,True,True,True,True,True,True,True
AMCX,AMC Global Media Inc. - Class A Common Stock,12.65,86.6,521812133.0,7031758,95.5,-2.2,5,8,True,False,False,True,True,True,True,True,True,True,True
QLYS,"Qualys, Inc. - Common Stock",170.83,86.6,5909864021.0,123717848,129.3,-15.2,2,6,False,False,False,True,False,True,False,True,True,True,True
NSIT,"Insight Enterprises, Inc. - Common Stock",152.06,86.5,4462786131.0,52781323,139.0,-4.6,2,8,True,False,False,True,True,True,True,True,True,True,True
CF,"CF Industries Holdings, Inc. Common Stock",139.27,86.5,21076861365.0,301272881,84.7,-1.9,5,8,True,False,False,True,True,True,True,True,True,True,True
NHC,National HealthCare Corporation Common Stock,217.34,86.5,3403847589.0,26124277,95.4,-9.2,5,7,False,False,False,True,True,True,True,False,True,True,True
CTNM,"Contineum Therapeutics, Inc. - Common stock",17.24,86.4,648588316.0,7140377,100.5,-1.5,5,8,True,False,False,True,True,True,True,True,True,True,True
GTLB,GitLab Inc. - Class A Common Stock,49.59,86.4,8375751000.0,186244636,164.8,-10.7,0,5,False,True,False,True,False,False,False,True,True,True,True
ALKS,Alkermes plc - Ordinary Shares,47.72,86.3,8005663340.0,94348820,89.6,-14.3,5,7,False,False,False,True,True,True,True,False,True,True,True
KURA,"Kura Oncology, Inc. - Common Stock",13.11,86.3,1166273715.0,20735334,78.2,-5.7,5,6,False,False,False,True,False,True,False,True,True,True,True
OPY,"Oppenheimer Holdings, Inc. Class A Common Stock (DE)",117.36,86.3,1256691467.0,14190845,83.9,-4.8,5,8,True,False,False,True,True,True,True,True,True,True,True
FRNM,"Freenome, Inc. - Common stock",15.95,86.2,1713776683.0,7809609,60.3,-0.5,5,6,False,True,False,True,False,True,False,True,True,True,True
SMTC,Semtech Corporation - Common Stock,133.85,86.2,12491635040.0,431286402,142.6,-24.5,5,7,False,False,False,True,True,True,True,False,True,True,True
BLFS,"BioLife Solutions, Inc. - Common Stock",35.92,86.1,1756728808.0,37711365,101.1,-5.7,4,8,True,False,False,True,True,True,True,True,True,True,True
NTAP,"NetApp, Inc. - Common Stock",180.77,86.1,35473268084.0,457882480,92.9,-13.5,5,8,True,False,False,True,True,True,True,True,True,True,True
SXC,"SunCoke Energy, Inc. Common Stock",10.57,86.1,897127165.0,13415041,91.5,-1.0,4,8,True,True,False,True,True,True,True,True,True,True,True
ASST,"Strive, Inc. - Class A Common Stock",24.32,86.0,2181100847.0,85948290,246.4,-90.3,0,4,False,False,False,True,False,False,False,True,True,False,True
PR,Permian Resources Corporation Class A Common Stock,23.82,86.0,19950608431.0,199156380,99.8,-1.1,5,8,True,False,False,True,True,True,True,True,True,True,True
ENLT,Enlight Renewable Energy Ltd. - Ordinary Shares,76.48,85.9,10664681709.0,18315099,183.0,-29.6,5,5,False,False,False,False,True,True,True,False,True,False,True
FIGS,"FIGS, Inc. Class A Common Stock",15.0,85.9,2492103630.0,36369120,130.9,-14.2,5,7,False,False,False,True,True,True,False,True,True,True,True
ALAB,"Astera Labs, Inc. - Common Stock",274.13,85.8,47557471560.0,1502576318,180.0,-45.1,5,6,False,False,False,True,True,True,True,False,True,False,True
BHVN,Biohaven Ltd. Common Shares ,15.69,85.8,2369876924.0,42376258,109.8,-15.5,2,8,True,False,False,True,True,True,True,True,True,True,True
HRTG,"Heritage Insurance Holdings, Inc. Common Stock",34.35,85.8,1021308490.0,10050942,67.7,-5.9,5,6,False,False,False,True,False,True,False,True,True,True,True
CARE,"Carter Bankshares, Inc. - Common Stock",31.61,85.7,700601859.0,13189064,88.4,-12.3,5,7,False,False,False,True,True,True,True,False,True,True,True
NWPX,"NWPX Infrastructure, Inc. - Common Stock",109.88,85.7,1058935756.0,26135506,123.1,-27.7,5,6,False,False,False,True,True,True,True,False,True,False,True
ALNT,Allient Inc. - Common Stock,88.69,85.6,1507952701.0,26789325,112.4,-25.3,5,6,False,False,False,True,True,True,True,False,True,False,True
AMBQ,"Ambiq Micro, Inc. Common Stock",57.3,85.6,1385773913.0,40298236,159.0,-37.5,3,6,False,False,False,True,True,True,True,False,True,False,True
ITGR,Integer Holdings Corporation Common Stock,125.31,85.6,4259543535.0,118661357,102.1,-0.7,1,8,True,False,False,True,True,True,True,True,True,True,True
ZYME,Zymeworks Inc. - Common Stock,31.05,85.5,2203284433.0,15530007,128.3,-0.4,5,6,False,True,False,True,False,True,False,True,True,True,True
TBN,Tamboran Resources Corporation Common stock,38.55,85.5,1343714683.0,5080004,97.2,-26.2,5,7,False,False,False,True,True,True,True,True,True,False,True
ARCB,ArcBest Corporation - Common Stock,133.93,85.4,2993516841.0,52615108,125.4,-24.2,5,7,False,False,False,True,True,True,True,False,True,True,True
ASML,ASML Holding N.V. - New York Registry Shares,1682.3,85.4,648388137830.0,2992596541,134.9,-15.9,5,7,False,False,False,True,True,True,True,False,True,True,True
NKTR,Nektar Therapeutics - Common Stock,72.74,85.4,2483561384.0,59645488,161.0,-33.3,5,7,False,False,False,True,True,True,True,True,True,False,True
ERO,Ero Copper Corp. Common Shares,34.76,85.3,3624702168.0,41428028,149.9,-14.9,5,8,True,False,False,True,True,True,True,True,True,True,True
PBR,Petroleo Brasileiro S.A. Petrobras ADS,20.86,85.3,134429482708.0,299804807,82.5,-6.2,5,7,False,False,False,True,True,True,False,True,True,True,True
ABNB,"Airbnb, Inc. - Class A Common Stock",183.26,85.2,109733464083.0,728059751,65.4,-5.3,4,8,True,False,False,True,True,True,True,True,True,True,True
ZD,"Ziff Davis, Inc. - Common Stock",56.69,85.2,1943741822.0,33656017,152.5,-2.4,5,8,True,False,False,True,True,True,True,True,True,True,True
DGII,Digi International Inc. - Common Stock,69.61,85.1,2641568842.0,30143951,108.4,-19.8,5,7,False,False,False,True,True,True,True,False,True,True,True
LGND,Ligand Pharmaceuticals Incorporated - Common Stock,286.92,85.1,5719924934.0,111379289,78.4,-12.2,5,7,False,False,False,True,True,True,True,False,True,True,True
RPRX,Royalty Pharma plc - Class A Ordinary Shares,63.11,85.1,36288325984.0,169508497,85.2,-0.3,5,8,True,True,False,True,True,True,True,True,True,True,True
DAC,Danaos Corporation Common Stock,153.31,85.0,2790774752.0,15444227,83.5,-0.1,5,8,True,True,False,True,True,True,True,True,True,True,True
DCO,Ducommun Incorporated Common Stock,165.6,85.0,2500523402.0,50726466,95.4,-21.3,5,7,False,False,False,True,True,True,True,False,True,True,True
ANGO,"AngioDynamics, Inc. - Common Stock",15.62,84.9,645611916.0,6638358,66.3,-4.1,5,8,True,False,False,True,True,True,True,True,True,True,True
MITK,"Mitek Systems, Inc. - Common Stock",17.96,84.9,810397837.0,15715278,110.6,-14.7,5,7,False,False,False,True,True,True,True,False,True,True,True
PBI,Pitney Bowes Inc. Common Stock,17.4,84.9,2385369689.0,34176054,94.4,-8.8,5,8,True,False,False,True,True,True,True,True,True,True,True
RIGL,"Rigel Pharmaceuticals, Inc. - Common Stock",49.42,84.8,923158879.0,14230722,98.1,-5.4,2,6,False,False,False,True,False,True,False,True,True,True,True
BBVA,Banco Bilbao Vizcaya Argentaria S.A. Common Stock,29.16,84.8,166473527292.0,39153285,64.1,-0.5,5,8,True,False,False,True,True,True,True,True,True,True,True
CBZ,"CBIZ, Inc. Common Stock",54.46,84.7,2955210850.0,68988505,124.2,-15.2,1,6,False,False,False,True,False,True,False,True,True,True,True
FTK,"Flotek Industries, Inc. Common Stock",23.37,84.7,846471426.0,14659624,113.4,-41.1,5,6,False,False,False,True,True,True,True,False,True,False,True
NUE,Nucor Corporation Common Stock,263.97,84.7,59888372194.0,371355964,101.0,-5.8,5,8,True,False,False,True,True,True,True,True,True,True,True
MRAM,"Everspin Technologies, Inc. - Common Stock",15.9,84.6,387165143.0,24017927,156.5,-69.1,5,5,False,False,False,False,True,True,True,False,True,False,True
IMAX,Imax Corporation Common Stock,51.68,84.6,2834240452.0,62111813,81.8,-7.0,5,8,True,False,False,True,True,True,True,True,True,True,True
DXPE,"DXP Enterprises, Inc. - Common Stock",180.48,84.5,2800534871.0,26261144,114.8,-13.2,5,8,True,False,False,True,True,True,True,True,True,True,True
STM,STMicroelectronics N.V. Common Stock,50.71,84.5,45260967447.0,616044422,140.2,-37.7,5,5,False,False,False,False,True,True,True,False,True,False,True
ATLC,Atlanticus Holdings Corporation - Common Stock,93.82,84.4,1423252965.0,17398235,97.5,-17.9,5,7,False,False,False,True,True,True,True,False,True,True,True
BFH,"Bread Financial Holdings, Inc. Common Stock",106.48,84.4,4090883657.0,60251231,97.8,-7.0,5,8,True,False,False,True,True,True,True,True,True,True,True
VSH,"Vishay Intertechnology, Inc. Common Stock",30.61,84.4,4694936302.0,235037888,160.1,-55.9,5,5,False,False,False,False,True,True,True,False,True,False,True
AVT,"Avnet, Inc. - Common Stock",89.99,84.3,7385747380.0,106686218,103.4,-10.0,5,8,True,False,False,True,True,True,True,True,True,True,True
VAC,Marriott Vacations Worldwide Corporation Common Stock,100.02,84.3,3440219906.0,52445688,124.4,-23.8,3,7,False,False,False,True,True,True,True,False,True,True,True
EZPW,"EZCORP, Inc. - Class A Non-Voting Common Stock",32.59,84.2,2002439656.0,34838274,99.8,-12.2,5,8,True,False,False,True,True,True,True,True,True,True,True
HL,Hecla Mining Company Common Stock,20.77,84.2,13952630312.0,644162066,146.7,-39.2,5,5,False,False,False,True,False,True,False,True,True,False,True
MFG,"Mizuho Financial Group, Inc. Sponosred ADR (Japan)",11.07,84.2,137813119678.0,36592747,81.8,-0.2,5,8,True,True,False,True,True,True,True,True,True,True,True
COHR,Coherent Corp. Common Stock,268.64,84.1,52608374565.0,1883623420,208.3,-38.9,5,5,False,False,False,False,True,True,True,False,True,False,True
IQV,"IQVIA Holdings, Inc. Common Stock",263.84,84.1,43428064000.0,310329709,70.8,-0.8,2,6,False,True,False,True,False,True,False,True,True,True,True
BCAX,Bicara Therapeutics Inc. - Common Stock,23.56,84.0,1559034325.0,19985851,128.8,-24.0,5,7,False,False,False,True,True,True,True,False,True,True,True
SEZL,Sezzle Inc. - Common Stock,121.5,84.0,4091514201.0,103100776,145.5,-37.9,3,6,False,False,False,True,True,True,True,False,True,False,True
PEB,Pebblebrook Hotel Trust Common Shares of Beneficial Interest,18.19,84.0,2052609004.0,41671201,82.1,-8.7,5,7,False,False,False,True,True,True,True,False,True,True,True
LNTH,"Lantheus Holdings, Inc. - Common Stock",100.81,83.9,6580107519.0,149053471,103.0,-9.9,4,7,False,False,False,True,True,True,True,False,True,True,True
TRGP,"Targa Resources, Inc. Common Stock",293.46,83.9,62926927423.0,354818094,103.6,-4.7,5,8,True,False,False,True,True,True,True,True,True,True,True
GTX,Garrett Motion Inc. - Common Stock,27.01,83.8,5037187112.0,81203020,120.2,-25.5,5,6,False,False,False,True,True,True,True,False,True,False,True
ODC,Oil-Dri Corporation Of America Common Stock,90.65,83.8,1313367568.0,12544162,98.8,-15.3,5,7,False,False,False,True,True,True,True,False,True,True,True
GSHD,"Goosehead Insurance, Inc. - Class A Common Stock",68.8,83.7,2443494264.0,29726011,104.3,-19.6,0,5,False,False,False,True,False,False,False,True,True,True,True
AMTB,Amerant Bancorp Inc. Class A Common Stock,29.16,83.7,1142776259.0,11045906,86.7,-4.7,5,8,True,False,False,True,True,True,True,True,True,True,True
NVRI,Enviri Corporation Common Stock,22.79,83.7,642452812.0,9108988,110.8,-5.8,5,8,True,False,False,True,True,True,True,True,True,True,True
AMAL,Amalgamated Financial Corp. - Common Stock,48.14,83.6,1439393077.0,8246534,91.6,-6.7,5,8,True,False,False,True,True,True,True,True,True,True,True
VOYA,"Voya Financial, Inc. Common Stock",102.39,83.6,9276160174.0,96895891,58.7,-1.4,5,8,True,False,False,True,True,True,True,True,True,True,True
AVTX,"Avalo Therapeutics, Inc. - Common Stock",19.34,83.5,1037203987.0,21502615,123.6,-20.3,5,6,False,False,False,True,False,True,False,True,True,True,True
VELO,"Velo3D, Inc. - Common stock",11.62,83.5,373572751.0,29453672,304.9,-63.4,5,4,False,False,False,False,True,True,False,False,True,False,True
OVV,Ovintiv Inc. (DE),66.91,83.5,18915457000.0,197319327,88.6,-0.9,5,8,True,True,False,True,True,True,True,True,True,True,True
TRMD,TORM plc - Class A Common Stock,33.85,83.4,3430112132.0,21079532,75.4,-4.2,5,8,True,False,False,True,True,True,True,True,True,True,True
ETSY,"Etsy, Inc. Common Stock",81.72,83.4,7500404447.0,238275061,85.7,-7.1,5,8,True,False,False,True,True,True,True,True,True,True,True
KRNY,Kearny Financial - Common Stock,10.04,83.3,651890995.0,6508401,61.2,-0.3,5,8,True,True,False,True,True,True,True,True,True,True,True
MSGS,Madison Square Garden Sports Corp. Class A Common Stock (New),387.05,83.3,9320141164.0,88767581,99.6,-11.8,5,7,False,False,False,True,True,True,True,False,True,True,True
RDVT,"Red Violet, Inc. - Common Stock ",71.47,83.2,1146877303.0,16413287,114.0,-6.2,4,6,False,False,False,True,False,True,False,True,True,True,True
ARIS,Aris Mining Corporation Common Shares,19.69,83.2,4064016000.0,24508733,129.2,-15.5,5,7,False,False,False,True,True,True,False,True,True,True,True
WLY,"John Wiley & Sons, Inc. Common Stock",51.05,83.2,2591481270.0,26250618,79.9,-11.1,4,7,False,False,False,True,True,True,True,False,True,True,True
PCVX,"Vaxcyte, Inc. - Common Stock",61.58,83.1,9163429019.0,74231724,99.9,-5.3,5,8,True,False,False,True,True,True,True,True,True,True,True
CODI,D/B/A Compass Diversified Holdings Shares of Beneficial Interest,11.56,83.1,869727767.0,8072027,152.4,-12.8,5,8,True,False,False,True,True,True,True,True,True,True,True
MOV,Movado Group Inc. Common Stock,33.7,83.0,751922657.0,7786438,95.5,-16.8,5,7,False,False,False,True,True,True,True,False,True,True,True
TALO,"Talos Energy, Inc. Common Stock",17.23,83.0,2876815014.0,29869920,94.3,-6.6,5,8,True,False,False,True,True,True,True,True,True,True,True
VIA,"Via Transportation, Inc. Class A Common Stock",27.47,83.0,2238959189.0,18987278,112.1,-51.2,0,4,False,False,False,True,False,False,False,True,True,False,True
INCY,Incyte Corporation - Common Stock,128.83,82.9,26113550617.0,204187541,58.9,-2.8,5,8,True,False,False,True,True,True,True,True,True,True,True
UVE,UNIVERSAL INSURANCE HOLDINGS INC Common Stock,43.92,82.9,1222309192.0,9582522,82.3,-2.7,5,8,True,False,False,True,True,True,True,True,True,True,True
ING,"ING Group, N.V. Common Stock",36.37,82.8,105561658713.0,84604142,53.9,-0.1,5,8,True,True,False,True,True,True,True,True,True,True,True
KMX,CarMax Inc,61.43,82.8,8717598627.0,136899480,103.0,-5.9,2,8,True,False,False,True,True,True,True,True,True,True,True
MSGE,Madison Square Garden Entertainment Corp. Class A Common Stock,77.09,82.8,3646760489.0,33237662,93.5,-14.7,5,7,False,False,False,True,True,True,True,False,True,True,True
ALRS,Alerus Financial Corporation - Common Stock,33.31,82.7,829526858.0,7323145,64.0,-3.2,5,8,True,False,False,True,True,True,True,True,True,True,True
HBT,"HBT Financial, Inc. - Common Stock",36.19,82.7,1316071498.0,5514507,61.9,-3.5,5,8,True,False,False,True,True,True,True,True,True,True,True
CSTL,"Castle Biosciences, Inc. - Common stock",33.42,82.6,1020964524.0,11651857,88.6,-24.5,2,6,False,False,False,True,False,True,False,True,True,True,True
SNX,TD SYNNEX Corporation Common Stock,253.06,82.6,20234361781.0,197903652,77.9,-14.6,5,7,False,False,False,True,True,True,True,False,True,True,True
UFPT,"UFP Technologies, Inc. - Common Stock",292.44,82.5,2265178828.0,53088140,68.2,-13.7,3,8,True,False,False,True,True,True,True,True,True,True,True
CRGY,Crescent Energy Company Class A Common Stock,14.27,82.5,4714860742.0,66031008,85.8,-1.8,5,7,False,True,False,True,True,True,False,True,True,True,True
SCCO,Southern Copper Corporation Common Stock,204.26,82.5,170420594268.0,218525678,125.5,-7.9,5,8,True,False,False,True,True,True,True,True,True,True,True
EXPE,"Expedia Group, Inc. - Common Stock",308.06,82.4,35271604181.0,457759215,66.2,-9.9,5,6,False,False,False,True,False,True,False,True,True,True,True
ARW,"Arrow Electronics, Inc. Common Stock",208.13,82.4,10594945689.0,124917291,104.5,-12.3,5,7,False,False,False,True,True,True,True,False,True,True,True
IDYA,"IDEAYA Biosciences, Inc. - Common Stock",40.17,82.3,3875982572.0,36280704,72.9,-5.9,5,6,False,False,False,True,False,True,False,True,True,True,True
KARO,Karooooo Ltd. - Ordinary shares,64.64,82.3,1996942912.0,6883418,56.7,-4.4,2,8,True,False,False,True,True,True,True,True,True,True,True
THC,Tenet Healthcare Corporation Common Stock,258.53,82.3,20816577070.0,257614768,64.1,-8.7,2,8,True,False,False,True,True,True,True,True,True,True,True
ZBRA,Zebra Technologies Corporation - Class A Common Stock,351.11,82.2,16611245833.0,234333095,76.4,-9.1,1,8,True,False,False,True,True,True,True,True,True,True,True
WKC,World Kinect Corporation Common Stock,35.13,82.2,1796956411.0,43124219,58.2,-14.7,4,7,False,False,False,True,True,True,True,False,True,True,True
FA,First Advantage Corporation - Common Stock,20.07,82.1,3447096578.0,43812411,127.6,-20.2,3,7,False,False,False,True,True,True,True,False,True,True,True
CVI,CVR Energy Inc. Common Stock,42.92,82.1,4314773309.0,34257313,118.8,-3.2,0,7,False,True,False,True,True,False,True,True,True,True,True
ZIM,ZIM Integrated Shipping Services Ltd. Ordinary Shares,28.02,82.1,3375454742.0,39535198,127.3,-6.5,5,8,True,False,False,True,True,True,True,True,True,True,True
KALU,Kaiser Aluminum Corporation - Common Stock,162.59,82.0,2658198868.0,48954994,122.5,-18.7,5,7,False,False,False,True,True,True,True,False,True,True,True
ORIC,"Oric Pharmaceuticals, Inc. - Common Stock",13.13,82.0,1360959373.0,18439567,81.6,-12.1,1,8,True,False,False,True,True,True,True,True,True,True,True
ATKR,Atkore Inc. Common Stock,93.55,81.9,3159422053.0,73622406,74.0,-0.6,4,8,True,False,False,True,True,True,True,True,True,True,True
PK,Park Hotels & Resorts Inc. Common Stock ,15.56,81.9,3132824415.0,69882067,58.1,-4.0,5,8,True,False,False,True,True,True,True,True,True,True,True
JAZZ,Jazz Pharmaceuticals plc - Ordinary Shares,245.57,81.8,15941072674.0,225337155,98.2,-7.8,5,7,False,False,False,True,True,True,True,False,True,True,True
VRNS,"Varonis Systems, Inc. - Common Stock",46.76,81.8,5370876279.0,90842379,137.4,-26.8,0,4,False,False,False,True,False,False,False,True,True,False,True
VG,"Venture Global, Inc. Class A common stock",14.73,81.8,36826367695.0,189403591,157.5,-16.4,1,8,True,False,False,True,True,True,True,True,True,True,True
MUFG,"Mitsubishi UFJ Financial Group, Inc. Common Stock",23.42,81.7,277941789746.0,66546690,60.2,-0.2,5,8,True,True,False,True,True,True,True,True,True,True,True
REPX,"Riley Exploration Permian, Inc. Common Stock",41.22,81.7,913179018.0,7471575,71.2,-0.9,5,8,True,True,False,True,True,True,True,True,True,True,True
AMGN,Amgen Inc. - Common Stock,442.84,81.6,239413477094.0,971301161,64.2,-0.9,5,8,True,False,False,True,True,True,True,True,True,True,True
ASC,Ardmore Shipping Corporation Common Stock,18.07,81.6,737303235.0,10503030,75.3,-9.8,5,8,True,False,False,True,True,True,True,True,True,True,True
VEEV,Veeva Systems Inc. Class A Common Stock,280.72,81.6,45451052372.0,420187856,89.6,-9.6,0,5,False,False,False,True,False,False,False,True,True,True,True
MLKN,"MillerKnoll, Inc. - Common Stock",22.355,81.5,1536527623.0,16051216,62.3,-9.5,2,8,True,False,False,True,True,True,True,True,True,True,True
PAGP,"Plains GP Holdings, L.P. - Class A Shares representing limited partner interests",28.35,81.5,5610581915.0,37341672,70.0,-1.2,5,8,True,False,False,True,True,True,True,True,True,True,True
FLEX,Flex Ltd. - Ordinary Shares,105.95,81.4,39138245519.0,570171244,104.7,-36.5,5,6,False,False,False,True,True,True,True,False,True,False,True
SRRK,Scholar Rock Holding Corporation - Common Stock,56.1,81.4,6832154320.0,70826141,107.2,-9.2,5,8,True,False,False,True,True,True,True,True,True,True,True
GNK,Genco Shipping & Trading Limited Ordinary Shares New (Marshall Islands),27.0,81.4,1176838335.0,11058515,73.6,-2.7,5,8,True,False,False,True,True,True,True,True,True,True,True
FLYW,Flywire Corporation - Voting Common Stock,18.83,81.3,2291002301.0,38240064,78.5,-4.6,5,8,True,False,False,True,True,True,True,True,True,True,True
EGO,Eldorado Gold Corporation Ordinary Shares,43.15,81.3,,95583384,77.1,-15.7,5,7,False,False,False,True,True,True,False,True,True,True,True
COGT,"Cogent Biosciences, Inc. - Common Stock",34.57,81.2,5998758628.0,90125726,198.0,-20.9,5,4,False,False,False,False,False,True,False,False,True,True,True
TSAT,Telesat Corporation - Class A Common Shares and Class B Variable Voting Shares,43.21,81.2,1562387526.0,10940465,117.9,-29.8,5,6,False,False,False,True,True,True,True,False,True,False,True
APPN,Appian Corporation - Class A Common Stock,39.89,81.1,2857224844.0,24450066,114.1,-13.4,1,6,False,False,False,True,False,True,False,True,True,True,True
INTA,"Intapp, Inc. - Common Stock",41.49,81.1,3174447531.0,24155579,118.3,-13.4,1,6,False,False,False,True,False,True,False,True,True,True,True
TNET,"TriNet Group, Inc. Common Stock",67.35,81.1,3091684104.0,24178259,100.4,-7.8,1,6,False,False,False,True,False,True,False,True,True,True,True
RLJ,RLJ Lodging Trust Common Shares of Beneficial Interest $0.01 par value,11.08,81.0,1688324662.0,22417669,69.4,-14.0,5,7,False,False,False,True,True,True,True,False,True,True,True
YPF,YPF Sociedad Anonima Common Stock,53.91,81.0,21203492671.0,60088817,136.2,-6.2,5,8,True,False,False,True,True,True,True,True,True,True,True
ASMB,"Assembly Biosciences, Inc. - Common Stock",36.72,80.9,747641085.0,7300092,81.5,-7.5,2,6,False,False,False,True,False,True,False,True,True,True,True
EXEL,"Exelixis, Inc. - Common Stock",58.53,80.9,14502662433.0,141061509,73.4,-1.0,5,8,True,True,False,True,True,True,True,True,True,True,True
MBIN,Merchants Bancorp - Common Stock,52.56,80.9,2414505222.0,9359577,73.1,-7.6,5,8,True,False,False,True,True,True,True,True,True,True,True
SDGR,"Schrodinger, Inc. - Common Stock",20.88,80.8,1561941513.0,20590862,90.8,-9.3,0,5,False,False,False,True,False,False,False,True,True,True,True
HSBC,"HSBC Holdings, plc. Common Stock",104.94,80.8,360648637874.0,125720383,65.1,-2.8,5,8,True,False,False,True,True,True,True,True,True,True,True
WBD,"Warner Bros. Discovery, Inc. - Series A Common Stock",28.39,80.7,71278867084.0,581645403,152.4,-5.4,5,7,False,False,False,True,True,True,False,True,True,True,True
BNY,The Bank of New York Mellon Corporation Common Stock,162.04,80.7,109944811170.0,542007271,57.9,-2.2,5,8,True,False,False,True,True,True,True,True,True,True,True
JXN,Jackson Financial Inc. Class A Common Stock ,137.1,80.7,9285610802.0,74043319,52.9,-1.1,5,8,True,True,False,True,True,True,True,True,True,True,True
HBM,Hudbay Minerals Inc. Ordinary Shares (Canada),27.32,80.6,12134034843.0,119417207,135.1,-15.0,5,8,True,False,False,True,True,True,True,True,True,True,True
KB,KB Financial Group Inc,126.25,80.6,45271699903.0,31681172,65.4,-0.8,5,8,True,True,False,True,True,True,True,True,True,True,True
KOP,Koppers Holdings Inc. Common Stock,46.72,80.5,883548457.0,8629087,86.9,-11.8,5,7,False,False,False,True,True,True,True,False,True,True,True
TK,Teekay Corporation Ltd. Common Stock,13.36,80.5,1159361188.0,6636362,71.3,-7.1,5,8,True,False,False,True,True,True,True,True,True,True,True
PGC,Peapack-Gladstone Financial Corporation - Common Stock,45.44,80.4,805558139.0,9656209,83.9,-7.5,5,7,False,False,False,True,True,True,True,False,True,True,True
RVTY,"Revvity, Inc. Common Stock",130.94,80.4,14611123347.0,181008724,61.2,-0.6,4,6,False,True,False,True,False,True,False,True,True,True,True
SAN,"Banco Santander, S.A. Sponsored ADR (Spain)",14.75,80.4,216667462655.0,193811342,58.4,-1.7,5,8,True,False,False,True,True,True,True,True,True,True,True
HG,"Hamilton Insurance Group, Ltd. Class B Common Shares",35.5,80.3,2953981164.0,15706639,56.7,-4.9,5,8,True,False,False,True,True,True,True,True,True,True,True
SNOW,Snowflake Inc. Common Stock,305.84,80.3,106004144000.0,1491919539,158.5,-10.6,3,6,False,False,False,True,False,True,False,True,True,True,True
RGEN,Repligen Corporation - Common Stock,172.94,80.2,9759976296.0,175617804,71.2,-8.4,3,6,False,False,False,True,False,True,False,True,True,True,True
SRPT,"Sarepta Therapeutics, Inc. - Common Stock",23.21,80.2,2451603157.0,61505010,58.1,-8.3,0,5,False,False,False,True,False,False,False,True,True,True,True
VTRS,Viatris Inc. - Common Stock,17.09,80.2,19629417866.0,161343559,81.2,-7.1,5,8,True,False,False,True,True,True,True,True,True,True,True
IAG,Iamgold Corporation Ordinary Shares,20.2,80.1,11534200000.0,91871890,120.8,-18.8,5,7,False,False,False,True,True,True,False,True,True,True,True
U,Unity Software Inc. Common Stock,40.76,80.1,17938024909.0,361410936,142.9,-21.8,1,6,False,False,False,True,False,True,False,True,True,True,True
ACNB,ACNB Corporation - Common Stock,65.2,80.0,663079436.0,5013838,53.3,-2.0,5,8,True,False,False,True,True,True,True,True,True,True,True
BZH,"Beazer Homes USA, Inc. Common Stock",33.2,80.0,885763484.0,20439444,86.2,-3.9,3,8,True,False,False,True,True,True,True,True,True,True,True
ESTC,Elastic N.V. Ordinary Shares,89.58,80.0,9405118862.0,156874147,113.0,-12.5,0,5,False,False,False,True,False,False,False,True,True,True,True
HRMY,"Harmony Biosciences Holdings, Inc. - Common Stock",42.86,79.9,2496011804.0,30113810,67.9,-0.4,2,6,False,True,False,True,False,True,False,True,True,True,True
TECK,Teck Resources Ltd Ordinary Shares,67.07,79.9,32833637608.0,197632252,111.7,-6.8,5,8,True,False,False,True,True,True,True,True,True,True,True
MKSI,MKS Inc. - Common Stock,251.38,79.8,16997701730.0,485283088,157.8,-43.8,5,5,False,False,False,False,True,True,True,False,True,False,True
VET,Vermilion Energy Inc. Common (Canada),13.17,79.8,2017644000.0,15640771,85.5,-11.1,5,7,False,False,False,True,True,True,False,True,True,True,True
ASH,Ashland Inc. Common Stock,74.22,79.7,3398783921.0,57233734,60.3,-5.2,5,8,True,False,False,True,True,True,True,True,True,True,True
INVX,"Innovex International, Inc. Common Stock",31.15,79.7,2178501011.0,16708723,91.2,-7.6,5,8,True,False,False,True,True,True,True,True,True,True,True
KNTK,Kinetik Holdings Inc. Class A Common Stock,54.12,79.7,8787958461.0,52464295,72.7,-3.5,5,8,True,False,False,True,True,True,True,True,True,True,True
CNQ,Canadian Natural Resources Limited Common Stock,51.81,79.6,107186600400.0,320963392,74.6,-0.5,5,8,True,True,False,True,True,True,True,True,True,True,True
NP,Neptune Insurance Holdings Inc. Class A Common Stock,33.28,79.6,4567117235.0,24425966,125.2,-5.3,1,8,True,False,False,True,True,True,True,True,True,True,True
OMDA,"Omada Health, Inc. - Common Stock",23.31,79.5,1426961347.0,30428502,126.8,-13.4,0,7,False,False,False,True,True,False,True,True,True,True,True
HPQ,HP Inc. Common Stock,31.99,79.5,28848293098.0,406255327,82.2,-1.7,1,8,True,True,False,True,True,True,True,True,True,True,True
LB,LandBridge Company LLC Class A Shares Representing Limited Liability Company Interests,85.5,79.5,6590802726.0,27214237,95.4,-6.8,5,8,True,False,False,True,True,True,True,True,True,True,True
BWIN,"The Baldwin Insurance Group, Inc. - Class A Common Stock",31.01,79.4,4325843337.0,37100824,95.3,-4.8,1,6,False,False,False,True,False,True,False,True,True,True,True
TTMI,"TTM Technologies, Inc. - Common Stock",115.6,79.4,12178328678.0,430371116,170.8,-48.4,5,5,False,False,False,False,True,True,True,False,True,False,True
TECH,Bio-Techne Corp - Common Stock,72.3,79.3,11337958607.0,372479045,67.4,-0.4,3,6,False,False,False,True,False,True,False,True,True,True,True
PAY,"Paymentus Holdings, Inc. Class A Common Stock",36.28,79.3,4569090393.0,44453092,80.4,-19.9,1,6,False,False,False,True,False,True,False,True,True,True,True
FTDR,"Frontdoor, Inc. - Common Stock",81.06,79.2,5584492195.0,45052498,67.2,-13.2,4,8,True,False,False,True,True,True,True,True,True,True,True
AU,AngloGold Ashanti PLC Ordinary Shares,107.83,79.2,54537098874.0,278536304,90.4,-16.5,5,7,False,False,False,True,True,True,False,True,True,True,True
HRB,"H&R Block, Inc. Common Stock",50.96,79.2,6281631385.0,98037196,81.0,-13.1,1,6,False,False,False,True,False,True,False,True,True,True,True
FEIM,"Frequency Electronics, Inc. - Common Stock",59.07,79.1,660256697.0,21043165,126.8,-26.7,5,5,False,False,False,False,True,True,True,False,True,False,True
GEF,Greif Inc. Class A Common Stock,85.57,79.1,3950623228.0,21536557,53.5,-5.5,5,8,True,False,False,True,True,True,True,True,True,True,True
CHRD,Chord Energy Corporation - Common Stock,149.58,79.0,8181707694.0,102102273,77.5,-2.2,5,8,True,False,False,True,True,True,True,True,True,True,True
FCX,"Freeport-McMoRan, Inc. Common Stock",73.93,79.0,106164775475.0,978511082,110.3,-7.9,5,8,True,False,False,True,True,True,True,True,True,True,True
IBTA,"Ibotta, Inc. Class A Common Stock",37.69,79.0,873262752.0,7624653,97.3,-6.9,3,8,True,False,False,True,True,True,True,True,True,True,True
MEOH,Methanex Corporation - Common Stock,60.57,78.9,4685953410.0,46680366,89.3,-9.3,5,7,False,False,False,True,True,True,False,True,True,True,True
PHVS,Pharvaris N.V. - Ordinary Shares,35.17,78.9,2450169152.0,19624375,70.3,-7.8,5,8,True,False,False,True,True,True,True,True,True,True,True
KSPI,Joint Stock Company Kaspi.kz - American Depository Shares,106.81,78.8,20222707397.0,44338035,55.7,-2.8,2,8,True,False,False,True,True,True,True,True,True,True,True
FIX,"Comfort Systems USA, Inc. Common Stock",1560.13,78.8,54907728503.0,843887182,132.8,-24.8,5,6,False,False,False,False,True,True,True,False,True,True,True
HNI,HNI Corporation Common Stock,48.35,78.8,3489990030.0,27936703,67.1,-8.4,1,6,False,False,False,True,False,True,False,True,True,True,True
ASYS,"Amtech Systems, Inc. - Common Stock",14.6,78.7,255618275.0,7926680,159.3,-43.2,5,5,False,False,False,False,True,True,True,False,True,False,True
BRZE,"Braze, Inc. - Class A Common Stock",32.94,78.7,4037778579.0,64018581,115.9,-11.8,1,6,False,False,False,True,False,True,False,True,True,True,True
XENE,Xenon Pharmaceuticals Inc. - Common Shares,60.16,78.6,5825920389.0,72932991,69.0,-17.2,5,7,False,False,False,True,True,True,True,False,True,True,True
SFL,SFL Corporation Ltd,12.47,78.6,1658420016.0,16609083,85.3,-3.6,5,8,True,False,False,True,True,True,True,True,True,True,True
BMY,Bristol-Myers Squibb Company Common Stock,67.66,78.5,138210073625.0,705782535,59.1,-1.4,5,8,True,False,False,True,True,True,True,True,True,True,True
EE,"Excelerate Energy, Inc. Class A Common Stock",40.22,78.5,4561032663.0,13309544,75.9,-6.8,5,8,True,False,False,True,True,True,True,True,True,True,True
JHX,James Hardie Industries plc. Ordinary Shares,28.46,78.5,16521670008.0,190470185,72.9,-9.2,3,8,True,False,False,True,True,True,True,True,True,True,True
HQH,abrdn Healthcare Investors Shares of Beneficial Interest,22.74,78.4,1076596329.0,5391715,39.0,-8.5,5,8,True,False,False,True,True,True,True,True,True,True,True
PAG,"Penske Automotive Group, Inc. Common Stock",218.06,78.4,14318446086.0,84337435,55.6,-3.9,2,8,True,False,False,True,True,True,True,True,True,True,True
KLIC,"Kulicke and Soffa Industries, Inc. - Common Stock",78.95,78.3,4131383629.0,111286341,125.4,-41.9,5,5,False,False,False,False,True,True,True,False,True,False,True
SCSC,"ScanSource, Inc. - Common Stock",56.64,78.3,1140888872.0,13768421,67.8,-15.2,4,8,True,False,False,True,True,True,True,True,True,True,True
SLB,SLB Limited Common Shares,58.13,78.3,86273246018.0,656238311,83.7,-3.9,5,7,False,False,False,True,True,True,False,True,True,True,True
ARX,Accelerant Holdings Class A Common Shares,19.7,78.2,4278614474.0,74117840,114.6,-9.1,1,6,False,False,False,True,False,True,False,True,True,True,True
SU,Suncor Energy  Inc. Common Stock,68.39,78.2,79990969165.0,256440782,81.1,-2.7,5,8,True,False,False,True,True,True,True,True,True,True,True
COP,ConocoPhillips Common Stock,137.2,78.1,164823502119.0,810242517,60.3,-0.1,5,8,True,True,False,True,True,True,True,True,True,True,True
JNJ,Johnson & Johnson Common Stock,275.21,78.1,663228192880.0,1994477521,58.8,-2.1,5,8,True,True,False,True,True,True,True,True,True,True,True
PD,"PagerDuty, Inc. Common Stock",13.77,78.1,1083008751.0,16692200,141.6,-20.4,0,5,False,False,False,True,False,False,False,True,True,True,True
SPB,"Spectrum Brands Holdings, Inc. Common Stock",89.29,78.0,2053276767.0,31780213,78.6,-9.9,5,8,True,False,False,True,True,True,True,True,True,True,True
UBS,UBS Group AG Registered Ordinary Shares,54.9,78.0,170378595719.0,90415977,51.3,-1.9,5,8,True,False,False,True,True,True,True,True,True,True,True
ASTH,Astrana Health Inc. - Common Stock,38.57,77.9,1913240397.0,25192472,113.3,-25.3,5,6,False,False,False,True,True,True,True,False,True,False,True
DE,Deere & Company Common Stock,698.37,77.9,188298298978.0,768097328,61.3,-0.3,5,8,True,True,False,True,True,True,True,True,True,True,True
PNTG,"The Pennant Group, Inc. - Common Stock",37.86,77.8,1322414742.0,11542071,70.1,-11.3,5,7,False,False,False,True,True,True,True,False,True,True,True
GSL,Global Ship Lease Inc New Class A Common Shares,45.13,77.8,1620990352.0,13369700,65.4,-0.7,5,8,True,False,False,True,True,True,True,True,True,True,True
SDRL,Seadrill Limited Common Shares,50.49,77.8,3157717457.0,34173061,79.7,-9.0,5,7,False,False,False,True,True,True,False,True,True,True,True
NE,Noble Corporation plc A Ordinary Shares,48.08,77.7,7675597841.0,64629670,80.1,-12.6,5,7,False,False,False,True,True,True,False,True,True,True,True
SMBK,"SmartFinancial, Inc. Common Stock",50.93,77.7,870825230.0,6203324,54.3,-5.9,5,8,True,False,False,True,True,True,True,True,True,True,True
DIOD,Diodes Incorporated - Common Stock,90.03,77.6,4146035001.0,61887169,112.9,-28.5,5,6,False,False,False,True,True,True,True,False,True,False,True
ACA,"Arcosa, Inc. Common Stock ",145.45,77.6,7142585369.0,114824724,63.4,-1.0,5,8,True,False,False,True,True,True,True,True,True,True,True
TD,Toronto Dominion Bank (The) Common Stock,121.47,77.6,199016083590.0,311482640,64.6,-3.2,5,8,True,False,False,True,True,True,True,True,True,True,True
BRKR,Bruker Corporation - Common Stock,59.02,77.5,8992246830.0,128695760,106.9,-9.6,4,8,True,False,False,True,True,True,True,True,True,True,True
TILE,"Interface, Inc. - Common Stock",36.85,77.5,2129946951.0,17485866,51.0,-9.0,5,8,True,False,False,True,True,True,True,True,True,True,True
BAX,Baxter International Inc. Common Stock,25.7,77.4,13286797174.0,160097106,63.4,-14.3,2,8,True,False,False,True,True,True,True,True,True,True,True
FBP,First BanCorp. New Common Stock,28.42,77.4,4338832177.0,39487838,48.3,-4.9,5,8,True,False,False,True,True,True,True,True,True,True,True
VAL,Valaris Limited Common Shares,92.52,77.4,6424200864.0,81064456,98.1,-18.9,5,7,False,False,False,True,True,True,False,True,True,True,True
REGN,"Regeneron Pharmaceuticals, Inc. - Common Stock",852.03,77.3,87720738426.0,570185589,57.5,-0.3,5,6,False,True,False,True,False,True,False,True,True,True,True
AMR,"Alpha Metallurgical Resources, Inc. Common Stock",233.29,77.3,2957894408.0,51989634,74.6,-8.1,1,6,False,False,False,True,False,True,False,True,True,True,True
KEYS,Keysight Technologies Inc. Common Stock,321.58,77.2,54956532441.0,467683632,102.5,-14.2,5,7,False,False,False,True,True,True,True,False,True,True,True
MD,"Pediatrix Medical Group, Inc. Common Stock",26.86,77.2,2182462859.0,20800056,71.1,-3.9,5,8,True,False,False,True,True,True,True,True,True,True,True
HELE,Helen of Troy Limited - Common Stock,28.59,77.1,665920024.0,13186330,106.4,-6.8,4,8,True,False,False,True,True,True,True,True,True,True,True
VRTX,Vertex Pharmaceuticals Incorporated - Common Stock,556.75,77.1,141114369437.0,761756697,48.8,-0.3,3,8,True,True,False,True,True,True,True,True,True,True,True
ARMK,Aramark Common Stock,56.72,77.1,14952812496.0,150517891,61.7,-9.5,5,7,False,False,False,True,True,True,True,False,True,True,True
ADEA,Adeia Inc.  - Common Stock,24.98,77.0,2754798147.0,36421483,115.2,-27.3,5,5,False,False,False,False,True,True,True,False,True,False,True
WASH,"Washington Trust Bancorp, Inc. - Common Stock",39.46,77.0,752672707.0,6241450,56.4,-2.6,5,8,True,False,False,True,True,True,True,True,True,True,True
MANH,"Manhattan Associates, Inc. - Common Stock",216.77,76.9,12638768780.0,151685698,82.1,-4.5,1,6,False,False,False,True,False,True,False,True,True,True,True
BAP,Credicorp Ltd. Common Stock,379.56,76.9,35823752241.0,113635806,64.7,-8.2,5,7,False,False,False,True,True,True,True,False,True,True,True
PSTL,"Postal Realty Trust, Inc. Class A Common Stock",23.85,76.9,721435621.0,7629142,67.4,-5.4,5,8,True,False,False,True,True,True,True,True,True,True,True
STLD,"Steel Dynamics, Inc. - Common Stock",247.64,76.8,35493767712.0,293780658,95.2,-14.2,5,8,True,False,False,True,True,True,True,True,True,True,True
KGS,"Kodiak Gas Services, Inc. Common Stock",61.43,76.8,6210820624.0,118372401,88.7,-20.9,5,7,False,False,False,True,True,True,True,False,True,True,True
RRBI,"Red River Bancshares, Inc. - Common Stock",102.81,76.7,676911938.0,7715533,66.9,-1.5,5,8,True,False,False,True,True,True,True,True,True,True,True
BNS,Bank Nova Scotia Halifax Pfd 3 Ordinary Shares,93.31,76.7,114471528562.0,224963044,51.3,-1.7,5,8,True,False,False,True,True,True,True,True,True,True,True
CNO,"CNO Financial Group, Inc. Common Stock",55.32,76.7,5118282244.0,43690357,44.7,-3.9,5,8,True,False,False,True,True,True,True,True,True,True,True
FISI,"Financial Institutions, Inc. - Common Stock",40.84,76.6,804807742.0,6939246,59.5,-5.0,5,8,True,False,False,True,True,True,True,True,True,True,True
GRC,Gorman-Rupp Company (The) Common Stock,73.94,76.6,1952773367.0,15671073,76.7,-20.3,5,7,False,False,False,True,True,True,True,False,True,True,True
BIIB,Biogen Inc. - Common Stock,222.67,76.5,32900382735.0,238522791,66.8,-1.3,5,8,True,True,False,True,True,True,True,True,True,True,True
OBK,"Origin Bancorp, Inc. Common Stock",53.82,76.5,1660329670.0,9439819,67.5,-3.1,5,8,True,False,False,True,True,True,True,True,True,True,True
RBCAA,"Republic Bancorp, Inc. - Class A Common Stock",96.345,76.4,1891652278.0,10511384,50.6,-5.7,5,8,True,False,False,True,True,True,True,True,True,True,True
AG,First Majestic Silver Corp. Ordinary Shares (Canada),21.2,76.4,10449615320.0,185531759,134.5,-33.8,5,6,False,False,False,True,True,True,False,True,True,False,True
HCC,"Warrior Met Coal, Inc. Common Stock",108.53,76.4,5730610502.0,59123830,98.6,-2.6,5,7,False,True,False,True,True,True,False,True,True,True,True
SLAB,"Silicon Laboratories, Inc. - Common Stock",220.23,76.3,7348361775.0,78433188,90.7,-0.3,5,8,True,False,False,True,True,True,True,True,True,True,True
EXPD,"Expeditors International of Washington, Inc. Common Stock",186.16,76.3,24199054192.0,194257699,64.8,-2.9,5,8,True,False,False,True,True,True,True,True,True,True,True
FIVE,"Five Below, Inc. - Common Stock",243.08,76.2,13441193921.0,234254061,76.4,-7.9,5,7,False,False,False,True,True,True,False,True,True,True,True
OSBC,"Old Second Bancorp, Inc. - Common Stock",25.53,76.2,1298857029.0,10603093,53.3,-2.0,5,8,True,False,False,True,True,True,True,True,True,True,True
ZVRA,"Zevra Therapeutics, Inc.  - Common Stock",12.3,76.2,730420506.0,15730586,71.8,-18.2,3,8,True,False,False,True,True,True,True,True,True,True,True
LXP,LXP Industrial Trust Common Stock (Maryland REIT),60.73,76.1,3580474643.0,44056687,38.0,-1.4,5,8,True,False,False,True,True,True,True,True,True,True,True
SWK,"Stanley Black & Decker, Inc. Common Stock",96.89,76.1,14632002346.0,170736394,56.5,-7.4,5,8,True,False,False,True,True,True,True,True,True,True,True
SEIC,SEI Investments Company - Common Stock,109.12,76.0,13096493140.0,70443934,45.3,-2.5,4,8,True,False,False,True,True,True,True,True,True,True,True
BH,Biglari Holdings Inc. Class B Common Stock,393.99,76.0,916637435.0,59452799,67.7,-18.5,3,6,False,False,False,True,False,True,False,True,True,True,True
CAH,"Cardinal Health, Inc. Common Stock",245.49,76.0,57095015467.0,480812079,68.3,-5.0,5,8,True,False,False,True,True,True,True,True,True,True,True
NTNX,"Nutanix, Inc. - Class A Common Stock",66.85,75.9,18070926027.0,182684057,96.6,-18.9,0,5,False,False,False,True,False,False,False,True,True,True,True
UNF,Unifirst Corporation Common Stock,275.26,75.9,4977849460.0,48791267,86.4,-10.2,5,7,False,False,False,True,True,True,True,False,True,True,True
NVEC,NVE Corporation - Common Stock,98.5,75.8,476460851.0,23402624,72.2,-27.0,5,6,False,False,False,True,True,True,True,False,True,False,True
BSTZ,BlackRock Science and Technology Term Trust Common Shares of Beneficial Interest,30.68,75.8,679802224.0,6484814,48.3,-3.8,5,8,True,False,False,True,True,True,True,True,True,True,True
SKM,"SK Telecom Co., Ltd. Common Stock",37.07,75.7,14219310600.0,80148088,88.6,-21.4,5,8,True,False,False,True,True,True,True,True,True,True,True
SXT,Sensient Technologies Corporation Common Stock,135.89,75.7,5783860387.0,59667121,64.5,-2.1,4,8,True,False,False,True,True,True,True,True,True,True,True
TMP,Tompkins Financial Corporation Common Stock,97.56,75.7,1403196212.0,10031532,57.7,-4.9,5,8,True,False,False,True,True,True,True,True,True,True,True
NVCR,NovoCure Limited - Ordinary Shares,17.83,75.6,2076229327.0,26913254,81.6,-16.9,4,8,True,False,False,True,True,True,True,True,True,True,True
PLGO,Pelagos Insurance Capital Limited Common Shares,24.95,75.6,2157679618.0,10820531,47.1,-5.3,5,8,True,False,False,True,True,True,True,True,True,True,True
BPOP,"Popular, Inc. - Common Stock",170.57,75.5,10878698916.0,84112959,56.9,-4.8,5,7,False,False,False,True,True,True,True,False,True,True,True
AIR,AAR Corp. Common Stock,123.87,75.5,4986862511.0,64606257,69.6,-19.6,5,7,False,False,False,True,True,True,True,False,True,True,True
NEM,Newmont Corporation,125.16,75.5,131880124638.0,838563049,70.4,-7.5,5,7,False,False,False,True,True,True,False,True,True,True,True
MAMA,"Mama's Creations, Inc. - Common Stock",15.63,75.4,726752658.0,11572286,92.3,-25.6,5,5,False,False,False,False,True,True,True,False,True,False,True
BIO,"Bio-Rad Laboratories, Inc. Class A Common Stock",388.51,75.4,10388048369.0,99360424,64.1,-1.9,5,6,False,False,False,True,False,True,False,True,True,True,True
CAC,Camden National Corporation - Common Stock,57.09,75.3,964652527.0,5739339,63.1,-5.8,5,8,True,False,False,True,True,True,True,True,True,True,True
TRST,TrustCo Bank Corp NY - Common Stock,57.28,75.3,975348947.0,6967076,66.9,-2.9,5,8,True,False,False,True,True,True,True,True,True,True,True
TARS,"Tarsus Pharmaceuticals, Inc. - Common Stock",82.76,75.2,3631756749.0,68897174,71.7,-2.9,0,5,False,False,False,True,False,False,False,True,True,True,True
GOLD,"Gold.com, Inc. Common Stock",43.82,75.2,1270971669.0,17997645,99.2,-34.3,5,5,False,False,False,False,True,True,False,True,True,False,True
RGA,"Reinsurance Group of America, Incorporated Common Stock",252.37,75.2,16480181196.0,84060434,41.6,-0.4,5,8,True,True,False,True,True,True,True,True,True,True,True
CRS,Carpenter Technology Corporation Common Stock,460.97,75.1,22845012169.0,440474782,102.2,-26.4,5,5,False,False,False,False,True,True,True,False,True,False,True
PL,Planet Labs PBC Class A Common Stock,19.99,75.1,7124486495.0,199038944,219.6,-61.4,5,4,False,False,False,False,True,True,False,False,True,False,True
PDFS,"PDF Solutions, Inc. - Common Stock",42.05,75.0,1775654433.0,32780468,122.1,-41.3,5,5,False,False,False,False,True,True,True,False,True,False,True
IVZ,Invesco Ltd Common Stock,31.72,75.0,14004373022.0,143704137,53.5,-5.7,5,8,True,False,False,True,True,True,True,True,True,True,True
MATV,"Mativ Holdings, Inc. Common Stock",12.48,75.0,688772423.0,5926048,76.5,-19.4,1,6,False,False,False,True,False,True,False,True,True,True,True
KMTS,"Kestra Medical Technologies, Ltd. - Common Stock",25.73,74.9,1507858303.0,9756229,66.9,-14.2,5,6,False,False,False,True,False,True,False,True,True,True,True
USFD,US Foods Holding Corp. Common Stock,104.79,74.9,22669296463.0,248968057,50.0,-6.0,5,8,True,False,False,True,True,True,True,True,True,True,True
ANET,"Arista Networks, Inc. Common Stock",186.1,74.8,234713906993.0,1378477141,62.5,-13.4,5,8,True,False,False,True,True,True,True,True,True,True,True
PRLB,"Proto Labs, Inc. Common stock",78.59,74.8,1880021885.0,16898395,74.3,-15.5,5,7,False,False,False,True,True,True,True,False,True,True,True
TPC,Tutor Perini Corporation Common Stock,87.78,74.8,4614517090.0,66395772,55.0,-14.2,5,8,True,False,False,True,True,True,True,True,True,True,True
LNG,"Cheniere Energy, Inc. Common Stock",295.86,74.7,61105195986.0,486923672,58.9,-1.7,5,8,True,False,False,True,True,True,True,True,True,True,True
SKE,Skeena Resources Limited Common Shares,31.75,74.7,3983440884.0,18858714,105.8,-18.1,5,7,False,False,False,True,True,True,False,True,True,True,True
SRCE,1st Source Corporation - Common Stock,86.07,74.6,2072722764.0,11734009,51.3,-5.9,5,8,True,False,False,True,True,True,True,True,True,True,True
NOV,NOV Inc. Common Stock,21.71,74.6,7739140094.0,70435453,76.6,-0.5,5,8,True,True,False,True,True,True,True,True,True,True,True
CTBI,"Community Trust Bancorp, Inc. - Common Stock",77.06,74.5,1400022535.0,9277593,53.4,-3.6,5,8,True,False,False,True,True,True,True,True,True,True,True
SJM,The J.M. Smucker Company Common Stock,131.44,74.5,14040839174.0,169530003,48.9,-3.3,3,8,True,False,False,True,True,True,True,True,True,True,True
TSM,Taiwan Semiconductor Manufacturing Company Ltd.,415.5,74.5,2154992787612.0,5336727841,81.8,-13.3,5,7,False,False,False,True,True,True,True,False,True,True,True
SPT,"Sprout Social, Inc - Class A Common Stock",11.34,74.4,687115684.0,11393203,130.5,-27.8,0,4,False,False,False,True,False,False,False,True,True,False,True
HLX,"Helix Energy Solutions Group, Inc. Common Stock",10.33,74.4,,15112780,71.3,-7.2,5,8,True,True,False,True,True,True,True,True,True,True,True
BBNX,"Beta Bionics, Inc. - Common Stock",19.415,74.3,873474793.0,19106949,120.6,-40.6,0,4,False,False,False,True,False,False,False,True,True,False,True
DRH,Diamondrock Hospitality Company - Common Stock,12.29,74.3,2514603819.0,33031191,64.3,-10.9,5,7,False,False,False,True,True,True,True,False,True,True,True
PLXS,Plexus Corp. - Common Stock,239.29,74.3,6377580770.0,81449066,81.2,-22.1,5,6,False,False,False,False,True,True,True,False,True,True,True
CBIO,"Crescent Biopharma, Inc. - Common Stock",18.54,74.2,688648648.0,5903057,112.6,-32.4,5,7,False,False,False,True,True,True,True,True,True,False,True
AMG,"Affiliated Managers Group, Inc. Common Stock",356.47,74.2,9218290317.0,98908259,58.7,-9.3,5,7,False,False,False,True,True,True,True,False,True,True,True
E,ENI S.p.A. Common Stock,55.21,74.1,86866450972.0,22203382,62.2,-4.8,5,8,True,False,False,True,True,True,True,True,True,True,True
IFS,Intercorp Financial Services Inc. Common Shares,55.54,74.1,6131488536.0,13654685,45.1,-9.5,5,7,False,False,False,True,True,True,True,False,True,True,True
SCL,Stepan Company Common Stock,62.16,74.1,1413054686.0,8631321,48.6,-8.6,3,8,True,False,False,True,True,True,True,True,True,True,True
NTRS,Northern Trust Corporation - Common Stock,183.98,74.0,33660181039.0,189533798,51.9,-6.0,5,8,True,False,False,True,True,True,True,True,True,True,True
TRV,"The Travelers Companies, Inc. Common Stock",366.18,74.0,76376001556.0,687155220,45.2,-8.2,5,8,True,False,False,True,True,True,True,True,True,True,True
JBHT,"J.B. Hunt Transport Services, Inc. - Common Stock",260.22,73.9,24438545427.0,259436672,100.0,-13.2,5,7,False,False,False,True,True,True,True,False,True,True,True
AGM,Federal Agricultural Mortgage Corporation Common Stock,222.63,73.9,2416250142.0,25609519,63.0,-10.3,2,8,True,False,False,True,True,True,True,True,True,True,True
KLAC,KLA Corporation  - Common Stock,172.26,73.8,225065748840.0,2538710224,107.0,-44.0,5,5,False,False,False,False,True,True,True,False,True,False,True
MLR,"Miller Industries, Inc. Common Stock",55.23,73.8,626981122.0,5001275,54.6,-7.5,5,8,True,False,False,True,True,True,True,True,True,True,True
PKE,Park Aerospace Corp. Common Stock,31.31,73.8,681030416.0,10033910,72.1,-21.5,5,6,False,False,False,False,True,True,True,False,True,True,True
CART,Maplebear Inc. - Common Stock,51.53,73.7,11929198453.0,197422231,57.4,-1.0,2,6,False,False,False,True,False,True,False,True,True,True,True
TENB,"Tenable Holdings, Inc. - Common Stock",34.24,73.7,3771193018.0,124781935,117.7,-21.6,2,7,False,False,False,True,True,True,True,False,True,True,True
ACAD,ACADIA Pharmaceuticals Inc. - Common Stock,28.93,73.6,4984798636.0,45729303,46.9,-6.6,2,6,False,False,False,True,False,True,False,True,True,True,True
IPAR,"Interparfums, Inc. - Common Stock",116.46,73.6,3729722455.0,34602050,50.8,-9.9,2,7,False,False,False,True,True,True,True,False,True,True,True
BSAC,Banco Santander - Chile ADS,35.74,73.6,16837661430.0,10536864,50.7,-5.2,5,8,True,False,False,True,True,True,True,True,True,True,True
ELE,Elemental Royalty Corporation - Common Stock,21.31,73.5,1370363161.0,6812262,69.4,-21.0,1,7,False,False,False,True,True,True,False,True,True,True,True
STNG,Scorpio Tankers Inc. Common Shares,81.42,73.5,4214526362.0,61960168,66.4,-6.8,5,8,True,False,False,True,True,True,True,True,True,True,True
CYTK,"Cytokinetics, Incorporated - Common Stock",71.93,73.4,9999954457.0,159185935,60.2,-18.5,5,7,False,False,False,True,True,True,True,False,True,True,True
PGY,Pagaya Technologies Ltd. - Class A Ordinary Shares,22.0,73.4,1835368546.0,59548102,111.5,-51.1,0,4,False,False,False,True,False,False,False,True,True,False,True
DGX,Quest Diagnostics Incorporated Common Stock,240.8,73.4,26577905088.0,217942826,40.7,-2.6,5,8,True,False,False,True,True,True,True,True,True,True,True
ACHC,"Acadia Healthcare Company, Inc. - Common Stock",27.75,73.3,2583532631.0,84496978,142.8,-22.6,5,7,False,False,False,True,True,True,True,False,True,True,True
EVER,"EverQuote, Inc. - Class A Common Stock",25.5,73.3,898613651.0,17128391,83.7,-11.2,2,6,False,False,False,True,False,True,False,True,True,True,True
CNH,CNH Industrial N.V. Common Shares,13.65,73.2,16894959327.0,185717364,51.7,-1.7,1,7,False,True,False,True,True,True,False,True,True,True,True
FSM,Fortuna Mining Corp. Common Shares,12.26,73.2,3733873565.0,51825683,62.4,-11.5,1,7,False,False,False,True,True,True,False,True,True,True,True
GLW,Corning Incorporated Common Stock,144.13,73.1,124151900147.0,2397831795,117.9,-47.0,5,5,False,False,False,False,True,True,True,False,True,False,True
IPI,"Intrepid Potash, Inc Common Stock",41.25,73.1,555087803.0,7507659,82.9,-18.1,5,7,False,False,False,True,True,True,False,True,True,True,True
THG,Hanover Insurance Group Inc,227.12,73.1,7908368594.0,70415177,36.4,-3.8,5,8,True,False,False,True,True,True,True,True,True,True,True
THFF,First Financial Corporation  - Common Stock,78.77,73.0,936724648.0,8633769,53.8,-6.4,5,8,True,False,False,True,True,True,True,True,True,True,True
IDT,IDT Corporation Class B Common Stock,68.94,73.0,1714438940.0,11924507,50.8,-1.2,2,8,True,False,False,True,True,True,True,True,True,True,True
CLPT,ClearPoint Neuro Inc. - Common Stock,14.31,72.9,436515488.0,9959064,73.0,-52.5,0,3,False,False,False,True,False,False,False,False,True,False,True
BEN,"Franklin Resources, Inc. Common Stock",33.01,72.9,16771618799.0,140429565,56.4,-9.0,5,7,False,False,False,True,True,True,True,False,True,True,True
XPRO,Expro Ltd Ordinary Shares,18.45,72.9,2092142971.0,17431369,59.1,-4.1,5,7,False,False,False,True,True,True,False,True,True,True,True
AXSM,"Axsome Therapeutics, Inc. - Common Stock",209.92,72.8,10995781315.0,205913087,85.9,-19.3,5,7,False,False,False,True,True,True,True,False,True,True,True
GRND,Grindr Inc. Common Stock,15.67,72.8,2723769225.0,26236741,61.0,-15.3,2,7,False,False,False,True,True,True,True,False,True,True,True
DXCM,"DexCom, Inc. - Common Stock",89.69,72.7,33845487013.0,383963740,65.8,-3.1,2,8,True,False,False,True,True,True,True,True,True,True,True
NTR,Nutrien Ltd. Common Shares,80.29,72.7,38696747688.0,182835470,51.4,-5.9,5,7,False,False,False,True,True,True,False,True,True,True,True
SQM,Sociedad Quimica y Minera S.A. Common Stock,81.14,72.7,23176651741.0,68648189,100.0,-17.2,5,7,False,False,False,True,True,True,False,True,True,True,True
BELFB,Bel Fuse Inc. - Class B Common Stock,240.71,72.6,3475720010.0,76064474,85.2,-28.2,5,5,False,False,False,False,True,True,True,False,True,False,True
RY,Royal Bank Of Canada Common Stock,207.86,72.6,287767578020.0,315415488,45.2,-4.9,5,7,False,False,False,True,True,True,True,False,True,True,True
ICUI,"ICU Medical, Inc. - Common Stock",169.85,72.5,4247445404.0,51074890,51.0,-11.9,3,6,False,False,False,True,False,True,False,True,True,True,True
MTCH,"Match Group, Inc. - Common Stock",42.44,72.5,9742143803.0,129914944,47.3,-0.6,2,8,True,True,False,True,True,True,True,True,True,True,True
DDOG,"Datadog, Inc. - Class A Common Stock",209.23,72.4,75129267272.0,1154340936,113.5,-28.5,4,6,False,False,False,True,True,True,True,False,True,False,True
BOW,Bowhead Specialty Holdings Inc. Common Stock,33.65,72.4,1108532118.0,10625253,58.7,-4.0,2,8,True,False,False,True,True,True,True,True,True,True,True
MFC,Manulife Financial Corporation Common Stock,43.29,72.4,72246270351.0,94843878,43.3,-4.5,5,8,True,False,False,True,True,True,True,True,True,True,True
CNXN,"PC Connection, Inc. - Common Stock",80.97,72.3,2043528876.0,12295071,47.3,-8.3,4,8,True,False,False,True,True,True,True,True,True,True,True
AVNT,Avient Corporation Common Stock,43.59,72.3,3998055185.0,36010699,58.6,-6.5,5,8,True,False,False,True,True,True,True,True,True,True,True
DLO,DLocal Limited - Class A Common Shares,15.57,72.2,4592090555.0,39021663,46.3,-7.2,2,6,False,False,False,True,False,True,False,True,True,True,True
GIC,Global Industrial Company Common Stock,39.01,72.2,1486606382.0,5012951,47.8,-4.2,1,8,True,False,False,True,True,True,True,True,True,True,True
NPK,"National Presto Industries, Inc. Common Stock",144.69,72.2,1032517534.0,12735379,58.5,-8.5,5,7,False,False,False,True,True,True,False,True,True,True,True
BCRX,"BioCryst Pharmaceuticals, Inc. - Common Stock",10.17,72.1,2598792018.0,42306219,69.5,-9.4,4,8,True,False,False,True,True,True,True,True,True,True,True
FRSH,Freshworks Inc. - Class A Common Stock,13.19,72.1,3441544983.0,161119366,94.3,-5.5,1,6,False,False,False,True,False,True,False,True,True,True,True
PDEX,"Pro-Dex, Inc. - Common Stock",62.58,72.0,199802858.0,5187600,166.6,-10.4,5,8,True,False,False,True,True,True,True,True,True,True,True
BY,"Byline Bancorp, Inc. Common Stock",38.29,72.0,1730188022.0,11626260,49.7,-4.3,5,8,True,False,False,True,True,True,True,True,True,True,True
CPAY,"Corpay, Inc. Common Stock",416.4,72.0,27340657024.0,219088756,64.7,-2.2,4,8,True,False,False,True,True,True,True,True,True,True,True
DCOM,"Dime Commercial Bancshares, Inc. Common Stock",40.4,71.9,1783926438.0,13271958,57.6,-3.7,5,8,True,False,False,True,True,True,True,True,True,True,True
EFXT,Enerflex Ltd Common Shares,21.32,71.9,2603233466.0,13312059,117.3,-26.9,5,4,False,False,False,False,True,True,False,False,True,False,True
AVBP,"ArriVent BioPharma, Inc. - Common Stock",30.51,71.8,1504378812.0,16683742,79.5,-14.8,5,7,False,False,False,True,True,True,True,False,True,True,True
SLF,Sun Life Financial Inc. Common Stock,79.46,71.8,44248477326.0,65479687,38.9,-5.8,5,7,False,False,False,True,True,True,True,False,True,True,True
DASH,"DoorDash, Inc. - Common Stock",226.24,71.7,98029325267.0,862015485,57.9,-20.8,0,5,False,False,False,True,False,False,False,True,True,True,True
GLUE,"Monte Rosa Therapeutics, Inc. - Common Stock",14.22,71.7,1213156562.0,29179590,209.1,-44.8,5,5,False,False,False,False,True,True,True,False,True,False,True
PDS,Precision Drilling Corporation Common Stock,93.96,71.7,1197657194.0,8798359,75.9,-9.5,5,7,False,False,False,True,True,True,False,True,True,True,True
PEBO,Peoples Bancorp Inc. - Common Stock,39.5,71.6,1419721443.0,12022451,43.7,-6.6,5,7,False,False,False,True,True,True,True,False,True,True,True
RIO,Rio Tinto Plc Common Stock,102.75,71.6,129057964506.0,249368137,67.3,-8.7,5,7,False,False,False,True,True,True,False,True,True,True,True
BDX,"Becton, Dickinson and Company Common Stock",187.52,71.5,51077972736.0,341882678,47.0,-2.9,2,8,True,False,False,True,True,True,True,True,True,True,True
TRIN,Trinity Capital Inc. Common Stock,18.43,71.5,1745202569.0,18441362,30.4,-2.3,5,8,True,False,False,True,True,True,True,True,True,True,True
XOM,ExxonMobil Holdings Corporation Common Stock,164.15,71.5,674970348234.0,2224122357,51.5,-6.9,5,8,True,False,False,True,True,True,True,True,True,True,True
ASND,Ascendis Pharma A/S - Ordinary Share,267.31,71.4,17555125546.0,170768830,43.7,-5.3,5,8,True,False,False,True,True,True,True,True,True,True,True
BHE,"Benchmark Electronics, Inc. Common Stock",70.64,71.4,2537384067.0,36373984,96.7,-29.6,5,5,False,False,False,False,True,True,True,False,True,False,True
ALL,Allstate Corporation (The) Common Stock,259.34,71.3,65576180753.0,434296242,37.9,-6.4,5,8,True,False,False,True,True,True,True,True,True,True,True
CNK,"Cinemark Holdings Inc Cinemark Holdings, Inc. Common Stock",35.19,71.3,4078938177.0,85709455,62.9,-9.7,3,8,True,False,False,True,True,True,True,True,True,True,True
KN,Knowles Corporation Common Stock,34.47,71.3,2944093937.0,37847163,67.6,-19.7,5,7,False,False,False,True,True,True,True,False,True,True,True
WSFS,WSFS Financial Corporation - Common Stock,78.61,71.2,4016232459.0,34296393,57.5,-5.2,5,7,False,False,False,True,True,True,True,False,True,True,True
MAX,"MediaAlpha, Inc. Class A Common Stock",12.53,71.2,767637644.0,11572932,76.7,-14.8,2,5,False,False,False,True,False,True,False,False,True,True,True
BXC,Bluelinx Holdings Inc. Common Stock,75.8,71.1,595804449.0,11568195,69.3,-19.2,1,6,False,False,False,True,False,True,False,True,True,True,True
OFG,OFG Bancorp Common Stock,52.71,71.1,2227814189.0,16057884,47.6,-3.2,5,8,True,False,False,True,True,True,True,True,True,True,True
LH,Labcorp Holdings Inc. Common Stock,331.66,71.0,26897626000.0,209648763,35.6,-3.0,2,8,True,False,False,True,True,True,True,True,True,True,True
S,"SentinelOne, Inc. Class A Common Stock",19.68,71.0,6849606623.0,146238328,66.6,-17.8,2,8,True,False,False,True,True,True,True,True,True,True,True
WPM,Wheaton Precious Metals Corp Common Shares (Canada),150.91,71.0,68537280771.0,262667050,63.0,-9.0,5,7,False,False,False,True,True,True,False,True,True,True,True
LIVN,LivaNova PLC - Ordinary Shares,82.4,70.9,4539704977.0,54652084,68.8,-3.9,5,8,True,False,False,True,True,True,True,True,True,True,True
WELL,Welltower Inc. Common Stock,238.59,70.9,171962537859.0,723119367,45.7,-6.5,5,8,True,False,False,True,True,True,True,True,True,True,True
PSMT,"PriceSmart, Inc. - Common Stock",172.07,70.8,5310170365.0,54622341,61.0,-13.9,5,7,False,False,False,True,True,True,True,False,True,True,True
SHBI,"Shore Bancshares, Inc. - Common Stock",23.11,70.8,771233298.0,5019188,54.8,-7.2,5,7,False,False,False,True,True,True,True,False,True,True,True
WEX,WEX Inc. common stock,192.84,70.8,6572297865.0,117878861,53.9,-5.5,2,8,True,False,False,True,True,True,True,True,True,True,True
PTRN,Pattern Group Inc. - Series A Common Stock,20.4,70.7,3618941416.0,48268555,128.7,-31.5,1,6,False,False,False,True,True,True,True,False,True,False,True
SIRI,SiriusXM Holdings Inc. - Common Stock,29.7,70.7,10010886663.0,120419813,50.2,-9.1,5,8,True,False,False,True,True,True,True,True,True,True,True
MMSI,"Merit Medical Systems, Inc. - Common Stock",90.13,70.6,5381700155.0,74912493,50.9,-4.9,1,6,False,False,False,True,False,True,False,True,True,True,True
CVX,Chevron Corporation Common Stock,211.78,70.6,418428840408.0,1566901273,44.6,-1.4,5,8,True,False,False,True,True,True,True,True,True,True,True
OSPN,OneSpan Inc. - Common Stock,16.17,70.5,595899637.0,6140760,60.6,-12.5,1,8,True,False,False,True,True,True,True,True,True,True,True
SNEX,StoneX Group Inc. - Common Stock,66.86,70.5,8064434902.0,87986897,83.4,-29.4,5,5,False,False,False,False,True,True,True,False,True,False,True
CM,Canadian Imperial Bank of Commerce Common Stock,115.66,70.5,105014206921.0,153787550,52.0,-7.4,5,7,False,False,False,True,True,True,True,False,True,True,True
SAIC,Science Applications International Corporation - Common Stock,127.18,70.4,5376765840.0,57563327,56.9,-10.9,2,8,True,False,False,True,True,True,True,True,True,True,True
NET,"Cloudflare, Inc. Class A Common Stock",272.74,70.4,97117181469.0,981653936,71.7,-17.9,5,7,False,False,False,True,True,True,True,False,True,True,True
ADM,Archer-Daniels-Midland Company Common Stock,85.38,70.3,41149709197.0,295795694,53.6,-3.5,5,8,True,False,False,True,True,True,True,True,True,True,True
MET,"MetLife, Inc. Common Stock",96.42,70.3,61272685301.0,328915133,43.2,-4.5,4,8,True,False,False,True,True,True,True,True,True,True,True
NMAX,"Newsmax, Inc. Class B Common Stock",11.0,70.3,1420767095.0,9949849,115.3,-23.0,0,5,False,False,False,True,False,False,False,True,True,True,True
ANDE,"The Andersons, Inc. - Common Stock",70.92,70.2,2409547424.0,24545612,88.2,-13.6,5,8,True,False,False,True,True,True,True,True,True,True,True
WST,"West Pharmaceutical Services, Inc. Common Stock",342.63,70.2,24112847334.0,244681440,53.1,-11.2,5,7,False,False,False,True,True,True,True,False,True,True,True
DJCO,Daily Journal Corp. (S.C.) - Common Stock,617.54,70.1,850940478.0,31435661,77.1,-8.5,5,8,True,False,False,True,True,True,True,True,True,True,True
BCH,Banco De Chile ADS,42.38,70.1,21405519506.0,12111936,49.7,-9.4,5,8,True,False,False,True,True,True,True,True,True,True,True
LAD,"Lithia Motors, Inc. Common Stock",372.22,70.1,8182555438.0,103914479,55.2,-15.3,2,6,False,False,False,True,False,True,False,True,True,True,True
FRPT,"Freshpet, Inc. - Common Stock",70.765,70.0,3400829607.0,86494530,52.3,-17.7,2,7,False,False,False,True,True,True,False,True,True,True,True
FSBC,Five Star Bancorp - Common Stock,46.36,70.0,1137517425.0,8870125,51.1,-7.8,5,7,False,False,False,True,True,True,True,False,True,True,True
FFIV,"F5, Inc. - Common Stock",391.08,69.9,22145758337.0,250738115,74.8,-10.1,5,6,False,False,False,True,True,True,True,False,True,True,False
KFY,Korn Ferry Common Stock,83.59,69.9,4292859157.0,36349333,41.8,-3.3,2,7,False,False,False,True,True,True,True,True,True,True,False
FMBH,"First Mid Bancshares, Inc. - Common Stock",50.63,69.8,1346854805.0,7332863,48.2,-5.1,5,7,False,False,False,True,True,True,True,True,True,True,False
LQDT,"Liquidity Services, Inc. - Common Stock",39.39,69.8,1234152433.0,9051923,81.8,-10.7,5,6,False,False,False,True,True,True,True,False,True,True,False
MEDP,"Medpace Holdings, Inc. - Common Stock",593.02,69.8,16552169648.0,175140908,59.0,-12.5,5,5,False,False,False,True,False,True,False,True,True,True,False
HOPE,"Hope Bancorp, Inc. - Common Stock",13.96,69.7,1783276031.0,14988931,42.4,-4.3,5,7,False,False,False,True,True,True,True,True,True,True,False
BOX,"Box, Inc. Class A Common Stock",34.59,69.7,4745774738.0,89622833,62.1,-4.8,1,5,False,False,False,True,False,True,False,True,True,True,False
CSCO,"Cisco Systems, Inc. - Common Stock",109.455,69.6,431409731258.0,2518277298,65.5,-16.0,5,6,False,False,False,True,True,True,True,False,True,True,False
DNLI,Denali Therapeutics Inc. - Common Stock,22.85,69.6,3652513159.0,39077606,81.6,-16.3,5,6,False,False,False,True,True,True,True,False,True,True,False
CRM,"Salesforce, Inc. Common Stock",256.93,69.6,211453390000.0,2763227698,75.6,-4.5,0,4,False,False,False,True,False,False,False,True,True,True,False
BBY,"Best Buy Co., Inc. Common Stock",87.0,69.5,18336739962.0,312778367,57.9,-4.7,3,7,False,False,False,True,True,True,True,True,True,True,False
NIC,Nicolet Bankshares Inc. Common Stock,169.66,69.5,3555651656.0,34797449,48.7,-5.7,5,7,False,False,False,True,True,True,True,True,True,True,False
BMO,Bank Of Montreal Common Stock,172.82,69.4,120480840502.0,145049713,44.6,-7.7,5,6,False,False,False,True,True,True,True,False,True,True,False
PRSU,"Pursuit Attractions and Hospitality, Inc. Common Stock",48.09,69.4,1311133214.0,13923235,50.1,-14.9,5,6,False,False,False,True,True,True,True,False,True,True,False
VPG,"Vishay Precision Group, Inc. Common Stock",61.35,69.4,817208381.0,56317319,122.8,-59.6,5,4,False,False,False,False,True,True,True,False,True,False,False
IMO,Imperial Oil Limited Common Stock,133.44,69.3,64530649920.0,63411888,60.2,-4.3,5,7,False,False,False,True,True,True,True,True,True,True,False
RS,"Reliance, Inc. Common Stock",400.21,69.3,20432543457.0,142691476,53.7,-7.6,5,7,False,False,False,True,True,True,True,True,True,True,False
ENTG,"Entegris, Inc. - Common Stock",131.31,69.2,20064168000.0,413637380,93.2,-29.8,5,4,False,False,False,False,True,True,True,False,True,False,False
USB,U.S. Bancorp Common Stock,62.77,69.2,97798889265.0,481359287,39.4,-5.0,5,6,False,False,False,True,True,True,True,False,True,True,False
ACT,"Enact Holdings, Inc. - Common Stock",48.72,69.1,6698204451.0,16525349,40.6,-3.6,5,7,False,False,False,True,True,True,True,True,True,True,False
CFR,"Cullen/Frost Bankers, Inc. Common Stock",161.66,69.1,10046972583.0,92128047,35.8,-5.4,5,7,False,False,False,True,True,True,True,True,True,True,False
FLR,Fluor Corporation Common Stock,56.6,69.1,7569744392.0,128482715,43.9,-2.3,3,7,False,False,False,True,True,True,True,True,True,True,False
DB,Deutsche Bank AG Common Stock,40.5,69.0,76196700000.0,70743525,44.0,-0.4,2,5,False,False,False,True,False,True,False,True,True,True,False
UNM,Unum Group Common Stock,92.8,69.0,14690870854.0,125473214,35.1,-1.9,4,7,False,False,False,True,True,True,True,True,True,True,False
ADV,Advantage Solutions Inc.  - Class A Common Stock,31.92,68.9,409285582.0,5047860,161.1,-37.7,0,4,False,False,False,True,True,False,True,False,True,False,False
CSX,CSX Corporation - Common Stock,48.65,68.9,90122904712.0,595847156,53.0,-9.2,5,6,False,False,False,True,True,True,True,False,True,True,False
SLG,SL Green Realty Corp Common Stock,55.17,68.9,3908789369.0,53870809,58.7,-16.8,1,7,False,False,False,True,True,True,True,True,True,True,False
FCFS,"FirstCash Holdings, Inc. - Common Stock",220.1,68.8,9546133180.0,100805364,52.3,-7.9,5,7,False,False,False,True,True,True,True,True,True,True,False
PFG,Principal Financial Group Inc - Common Stock,111.31,68.8,23831987590.0,155746225,42.9,-4.5,5,6,False,False,False,True,True,True,True,False,True,True,False
ROST,"Ross Stores, Inc. - Common Stock",230.85,68.7,74052311395.0,651827164,61.0,-10.2,5,6,False,False,False,True,True,True,True,False,True,True,False
FDX,FedEx Corporation Common Stock,316.54,68.7,74915659495.0,570984486,77.5,-8.3,5,6,False,False,False,True,True,True,True,False,True,True,False
MOH,Molina Healthcare Inc Common Stock,202.62,68.7,10576764000.0,239564734,67.4,-17.3,4,6,False,False,False,True,True,True,True,False,True,True,False
MBWM,Mercantile Bank Corporation - Common Stock,61.0,68.6,1054441669.0,7580934,42.7,-2.2,5,7,False,False,False,True,True,True,True,True,True,True,False
APLE,"Apple Hospitality REIT, Inc. Common Shares",15.75,68.6,3718302494.0,48201688,45.2,-8.9,5,6,False,False,False,True,True,True,True,False,True,True,False
SLP,"Simulations Plus, Inc. - Common Stock",18.43,68.5,372743764.0,6926854,66.2,-12.3,4,5,False,False,False,True,False,True,False,True,True,True,False
CAT,"Caterpillar, Inc. Common Stock",792.28,68.5,364191221057.0,2879083202,93.0,-26.2,5,4,False,False,False,False,True,True,True,False,True,False,False
BVN,Buenaventura Mining Company Inc.,34.21,68.4,8688890720.0,33100389,77.0,-23.4,5,6,False,False,False,True,True,True,False,True,True,True,False
CFG,"Citizens Financial Group, Inc. Common Stock",69.78,68.4,29389716267.0,291700151,45.5,-7.4,5,6,False,False,False,True,True,True,True,False,True,True,False
RNR,RenaissanceRe Holdings Ltd. Common Stock,331.21,68.4,13762402481.0,101273634,43.3,-1.4,5,7,False,False,False,True,True,True,True,True,True,True,False
IART,Integra LifeSciences Holdings Corporation - Common Stock,16.81,68.3,1307355826.0,15109511,93.2,-18.0,4,6,False,False,False,True,True,True,True,False,True,True,False
WSBC,"WesBanco, Inc. - Common Stock",40.46,68.3,3880352269.0,39771242,36.8,-6.0,5,6,False,False,False,True,True,True,True,False,True,True,False
RUSHB,"Rush Enterprises, Inc. - Class B Common Stock",49.26,68.2,5750137386.0,6960984,54.9,-9.4,5,6,False,False,False,True,True,True,True,False,True,True,False
TFSL,TFS Financial Corporation - Common Stock,17.47,68.2,4899334930.0,15977128,39.3,-10.4,5,6,False,False,False,True,True,True,True,False,True,True,False
DBRG,"DigitalBridge Group, Inc.",15.97,68.2,2994299638.0,55824262,78.6,-0.1,5,7,False,False,False,True,True,True,True,True,True,True,False
CCNE,CNB Financial Corporation - Common Stock,34.11,68.1,1010368387.0,5676403,49.6,-5.7,5,7,False,False,False,True,True,True,True,True,True,True,False
M,Macy's Inc Common Stock,22.42,68.1,5897310929.0,122631549,71.3,-15.7,5,4,False,False,False,True,False,True,False,False,True,True,False
BBIO,"BridgeBio Pharma, Inc. - Common Stock",76.5,68.0,14954791761.0,257827521,56.8,-18.1,5,4,False,False,False,True,False,True,False,False,True,True,False
BGC,"BGC Group, Inc. - Class A Common Stock",11.85,68.0,5634278286.0,34880399,43.3,-8.1,5,7,False,False,False,True,True,True,True,True,True,True,False
SIBN,"SI-BONE, Inc. - Common Stock",19.16,68.0,858723897.0,10514662,66.9,-12.5,2,5,False,False,False,True,False,True,False,True,True,True,False
AIZ,"Assurant, Inc. Common Stock",284.07,67.9,14011402492.0,102255639,38.6,-6.5,5,7,False,False,False,True,True,True,True,True,True,True,False
ALSN,"Allison Transmission Holdings, Inc. Common Stock",126.71,67.9,10463463195.0,135376988,66.7,-7.9,5,7,False,False,False,True,True,True,True,True,True,True,False
GSBC,"Great Southern Bancorp, Inc. - Common Stock",79.49,67.8,866242831.0,8495289,47.9,-4.1,5,7,False,False,False,True,True,True,True,True,True,True,False
IBKR,"Interactive Brokers Group, Inc. - Class A Common Stock",89.12,67.8,40378326600.0,414278669,51.2,-9.8,5,6,False,False,False,True,True,True,True,False,True,True,False
DBX,"Dropbox, Inc. - Class A Common Stock",34.5,67.7,7786970333.0,122307596,59.0,-5.0,1,5,False,False,False,True,False,True,False,True,True,True,False
BAC,Bank of America Corporation Common Stock,62.6,67.7,437746047649.0,1925628379,35.7,-4.0,5,7,False,False,False,True,True,True,True,True,True,True,False
CNMD,CONMED Corporation Common Stock,49.43,67.7,1480490189.0,25008524,57.2,-12.7,1,5,False,False,False,True,False,True,False,True,True,True,False
BWMN,Bowman Consulting Group Ltd. - Common Stock,42.6,67.6,738492811.0,12118124,69.9,-7.0,0,4,False,False,False,True,False,False,False,True,True,True,False
CHE,Chemed Corp,523.99,67.6,6848528864.0,85846420,43.5,-5.9,2,7,False,False,False,True,True,True,True,True,True,True,False
NWBI,"Northwest Bancshares, Inc. - Common Stock",15.43,67.5,2259864252.0,16420609,37.2,-4.5,5,7,False,False,False,True,True,True,True,True,True,True,False
EXK,Endeavour Silver Corporation Ordinary Shares (Canada),11.13,67.5,3295245766.0,66883382,93.6,-26.5,5,5,False,False,False,True,True,True,False,True,True,False,False
NEU,NewMarket Corp Common Stock,909.15,67.5,8360912515.0,104410346,56.7,-7.4,1,7,False,False,False,True,True,True,True,True,True,True,False
CDE,"Coeur Mining, Inc. Common Stock",21.42,67.4,22018367657.0,644966556,58.1,-22.9,1,6,False,False,False,True,True,True,False,True,True,True,False
SII,Sprott Inc. Common Shares,127.83,67.4,3298014000.0,23033080,97.0,-24.6,5,5,False,False,False,False,True,True,False,True,True,True,False
CVEO,Civeo Corporation (Canada) Common Shares,33.59,67.3,347215094.0,5497262,70.1,-8.0,5,7,False,False,False,True,True,True,True,True,True,True,False
LXFR,Luxfer Holdings PLC Ordinary Shares,17.19,67.3,459991353.0,5289211,52.7,-11.6,5,7,False,False,False,True,True,True,True,True,True,True,False
OKE,"ONEOK, Inc. Common Stock",96.01,67.3,60521791729.0,334510070,50.0,-3.8,5,7,False,False,False,True,True,True,True,True,True,True,False
GPC,Genuine Parts Company Common Stock,137.15,67.2,18907465810.0,203429499,51.1,-9.5,1,5,False,False,False,True,False,True,False,True,True,True,False
HAL,Halliburton Company Common Stock,37.63,67.2,31350695710.0,392726232,75.8,-13.7,5,6,False,False,False,True,True,True,False,True,True,True,False
TTE,TotalEnergies SE Ordinary Shares,90.22,67.1,196847571957.0,134595049,57.2,-4.2,5,6,False,False,False,True,True,True,False,True,True,True,False
UHAL,U-Haul Holding Company Common Stock,66.56,67.1,12938831027.0,12563419,58.7,-12.9,3,6,False,False,False,True,True,True,True,False,True,True,False
HURN,Huron Consulting Group Inc. - Common Stock,156.64,67.0,2492153678.0,41544004,84.5,-16.1,0,4,False,False,False,True,False,False,False,True,True,True,False
IFF,"International Flavors & Fragrances, Inc. Common Stock",86.94,67.0,22182737783.0,142349992,47.0,-2.7,4,7,False,False,False,True,True,True,True,True,True,True,False
UNH,UnitedHealth Group Incorporated Common Stock (DE),399.66,67.0,358732756552.0,2105330064,56.1,-13.4,5,6,False,False,False,True,True,True,True,False,True,True,False
LFUS,"Littelfuse, Inc. - Common Stock",410.52,66.9,10426693618.0,140630131,75.9,-18.0,5,6,False,False,False,True,True,True,True,False,True,True,False
NDSN,Nordson Corporation - Common Stock,316.63,66.9,17636090257.0,116828859,43.9,-6.6,5,7,False,False,False,True,True,True,True,True,True,True,False
ESTA,Establishment Labs Holdings Inc. - Common Shares,74.92,66.8,2232757674.0,52475804,105.1,-23.2,5,6,False,False,False,True,True,True,True,False,True,True,False
LION,Lionsgate Studios Corp Common Shares,11.17,66.8,3323741626.0,35133679,90.1,-33.1,5,4,False,False,False,False,True,True,True,False,True,False,False
NVT,nVent Electric plc Ordinary Shares ,148.17,66.8,23982490822.0,363433044,70.0,-19.8,5,6,False,False,False,True,True,True,True,False,True,True,False
ITIC,Investors Title Company - Common Stock,291.71,66.7,550747313.0,17824418,39.1,-4.9,5,5,False,False,False,True,False,True,False,True,True,True,False
RAL,Ralliant Corporation Common Stock,61.65,66.7,6820956493.0,108636019,65.4,-18.2,4,6,False,False,False,True,True,True,True,False,True,True,False
COKE,"Coca-Cola Consolidated, Inc. - Common Stock",195.26,66.6,12997344046.0,95944566,76.5,-11.1,5,7,False,False,False,True,True,True,True,True,True,True,False
LNC,Lincoln National Corporation Common Stock,44.12,66.6,8446656464.0,83457094,37.1,-7.4,2,5,False,False,False,True,False,True,False,True,True,True,False
TECX,"Tectonic Therapeutic, Inc. - Common Stock",30.38,66.5,593909739.0,7190956,111.1,-23.1,5,6,False,False,False,True,True,True,True,False,True,True,False
CALY,Callaway Golf Company Common Stock,15.72,66.5,2806185390.0,34662619,87.4,-22.5,5,5,False,False,False,False,True,True,True,False,True,True,False
EDU,"New Oriental Education & Technology Group, Inc. Sponsored ADR representing 10 Ordinary Share (Cayman Islands)",59.15,66.5,9413470935.0,42292253,33.7,-9.0,0,4,False,False,False,True,False,False,False,True,True,True,False
BUSE,First Busey Corporation - Common Stock,30.46,66.4,2515294080.0,24676067,38.5,-3.9,5,7,False,False,False,True,True,True,True,True,True,True,False
LSCC,Lattice Semiconductor Corporation - Common Stock,113.88,66.4,16174407375.0,234529891,88.2,-27.5,5,4,False,False,False,False,True,True,True,False,True,False,False
BELFA,Bel Fuse Inc. - Class A Common Stock,202.51,66.3,2924133020.0,42638659,83.0,-31.0,5,4,False,False,False,False,True,True,True,False,True,False,False
ELV,"Elevance Health, Inc. Common Stock",405.84,66.3,88014232654.0,517491986,47.7,-7.0,4,7,False,False,False,True,True,True,True,True,True,True,False
RHP,"Ryman Hospitality Properties, Inc. (REIT)",122.64,66.3,8460118657.0,99262135,46.3,-10.8,5,6,False,False,False,True,True,True,True,False,True,True,False
HTO,H2O America  - Common Stock,63.45,66.2,2655814214.0,27964785,45.0,-5.4,5,7,False,False,False,True,True,True,True,True,True,True,False
BWA,BorgWarner Inc. Common Stock,65.18,66.2,13274972954.0,149492118,60.9,-17.3,5,6,False,False,False,True,True,True,True,False,True,True,False
AIP,"Arteris, Inc.  - Common Stock",20.84,66.1,1024329806.0,26425655,147.5,-58.5,5,4,False,False,False,False,True,True,True,False,True,False,False
CECO,CECO Environmental Corp. - Common Stock,71.11,66.1,4164900611.0,67281697,66.1,-29.8,5,4,False,False,False,False,True,True,True,False,True,False,False
AGRO,Adecoagro S.A. Common Shares,11.78,66.1,1699953729.0,8219918,71.0,-25.9,5,5,False,False,False,True,True,True,False,True,True,False,False
EGBN,"Eagle Bancorp, Inc. - Common Stock",27.7,66.0,844406052.0,8132467,84.3,-5.4,5,6,False,False,False,True,True,True,True,False,True,True,False
GEV,GE Vernova Inc. Common Stock,921.94,66.0,245543581667.0,2670834177,73.9,-22.9,5,5,False,False,False,False,True,True,True,False,True,True,False
BEAM,Beam Therapeutics Inc. - Common Stock,29.29,65.9,3025295708.0,64135510,82.8,-23.4,5,6,False,False,False,True,True,True,True,False,True,True,False
RBRK,"Rubrik, Inc. Class A Common Stock",87.18,65.9,17944134384.0,288249945,106.3,-19.2,1,5,False,False,False,True,False,True,False,True,True,True,False
PNRG,PrimeEnergy Resources Corporation - Common Stock,216.04,65.8,341904904.0,15928730,70.9,-22.5,5,6,False,False,False,True,True,True,False,True,True,True,False
ABBV,AbbVie Inc. Common Stock,261.72,65.8,462489935830.0,1682127820,37.2,-2.1,5,7,False,False,False,True,True,True,True,True,True,True,False
GL,Globe Life Inc. Common Stock,173.34,65.8,13321083143.0,110623664,35.6,-9.5,5,6,False,False,False,True,True,True,True,False,True,True,False
SKWD,"Skyward Specialty Insurance Group, Inc. - Common Stock",56.32,65.7,2500410486.0,35486808,38.7,-14.3,3,6,False,False,False,True,True,True,True,False,True,True,False
CTVA,"Corteva, Inc. Common Stock ",89.97,65.7,60027624120.0,367931449,48.6,-1.1,5,7,False,False,False,True,True,True,True,True,True,True,False
APH,Amphenol Corporation Common Stock,80.04,65.6,197375991797.0,1090643363,47.3,-10.3,5,6,False,False,False,True,True,True,True,False,True,True,False
CLH,"Clean Harbors, Inc. Common Stock",315.22,65.6,16639596315.0,144341597,56.6,-6.2,5,7,False,False,False,True,True,True,True,True,True,True,False
SOLV,Solventum Corporation Common Stock,91.9,65.6,15643560695.0,97234110,47.3,-2.4,3,5,False,False,False,True,False,True,False,True,True,True,False
TKR,Timken Company (The) Common Stock,120.23,65.5,8331558953.0,124547426,70.4,-17.9,5,6,False,False,False,True,True,True,True,False,True,True,False
XHR,"Xenia Hotels & Resorts, Inc. Common Stock",18.44,65.5,1701013197.0,14859990,56.9,-16.4,5,6,False,False,False,True,True,True,True,False,True,True,False
CROX,"Crocs, Inc. - Common Stock",115.79,65.4,5551560234.0,133416233,58.2,-18.0,4,6,False,False,False,True,True,True,True,False,True,True,False
QUIK,QuickLogic Corporation - Common Stock,10.5,65.4,192336281.0,5296799,118.8,-56.8,5,4,False,False,False,False,True,True,True,False,True,False,False
VRT,"Vertiv Holdings, LLC Class A Common Stock",256.7,65.4,98826464009.0,1647091021,116.3,-32.4,5,4,False,False,False,False,True,True,True,False,True,False,False
CVS,CVS Health Corporation Common Stock,97.23,65.3,124354288978.0,775997365,39.9,-12.2,5,6,False,False,False,True,True,True,True,False,True,True,False
EMBJ,Embraer S.A. Common Stock,72.21,65.3,13047735742.0,79715799,34.8,-10.6,5,5,False,False,False,True,False,True,False,True,True,True,False
MIRM,"Mirum Pharmaceuticals, Inc. - common stock",99.83,65.2,6482181825.0,84697365,57.9,-23.2,5,5,False,False,False,False,True,True,True,False,True,True,False
C,"Citigroup, Inc. Common Stock",134.34,65.2,225346857428.0,1505915066,44.5,-9.2,5,6,False,False,False,True,True,True,True,False,True,True,False
GPN,Global Payments Inc. Common Stock,92.81,65.1,24559232776.0,266413978,51.7,-3.2,1,5,False,False,False,True,False,True,False,True,True,True,False
LLY,Eli Lilly and Company Common Stock,1160.08,65.1,1092049503965.0,3321852356,62.9,-10.3,5,6,False,False,False,True,True,True,True,False,True,True,False
MAC,Macerich Company (The) Common Stock,23.42,65.1,6640960563.0,84017537,46.1,-12.2,5,6,False,False,False,True,True,True,True,False,True,True,False
HSIC,"Henry Schein, Inc. - Common Stock",90.39,65.0,10073652931.0,108873619,45.9,-1.9,5,7,False,False,False,True,True,True,True,True,True,True,False
UVSP,Univest Financial Corporation - Common Stock,41.63,65.0,1148187372.0,10917368,48.5,-8.4,5,6,False,False,False,True,True,True,True,False,True,True,False
RGLD,"Royal Gold, Inc. - Common Stock",258.38,64.9,21891983692.0,155030643,53.0,-15.6,5,6,False,False,False,True,True,True,False,True,True,True,False
SRZN,"Surrozen, Inc. - Common Stock",22.6,64.9,265630411.0,5186179,100.9,-35.4,5,3,False,False,False,False,True,True,False,False,True,False,False
CRBG,Corebridge Financial Inc. Common Stock,33.54,64.9,14951210388.0,133586501,51.1,-3.6,1,5,False,False,False,True,False,True,False,True,True,True,False
DVN,Devon Energy Corporation Common Stock,49.03,64.8,53933000000.0,490397529,55.8,-7.0,5,6,False,False,False,True,True,True,False,True,True,True,False
SOBO,South Bow Corporation Common Shares,37.39,64.8,7798979204.0,24451776,49.5,-4.2,5,7,False,False,False,True,True,True,True,True,True,True,False
BMRN,BioMarin Pharmaceutical Inc. - Common Stock,66.97,64.7,12963634640.0,123915476,36.0,-5.6,2,7,False,False,False,True,True,True,True,True,True,True,False
CATY,Cathay General Bancorp - Common Stock,62.0,64.7,4136256840.0,30229204,39.1,-5.0,5,6,False,False,False,True,True,True,True,False,True,True,False
STBA,"S&T Bancorp, Inc. - Common Stock",49.88,64.7,1759042741.0,13068099,45.1,-6.8,5,6,False,False,False,True,True,True,True,False,True,True,False
CACC,Credit Acceptance Corporation - Common Stock,607.77,64.6,6309005107.0,80844445,51.2,-9.1,4,7,False,False,False,True,True,True,True,True,True,True,False
GCMG,GCM Grosvenor Inc. - Class A Common Stock,13.08,64.6,2652520668.0,6831083,40.6,-12.0,2,7,False,False,False,True,True,True,True,True,True,True,False
WRLD,World Acceptance Corporation - Common Stock,190.57,64.5,888662213.0,21873424,73.2,-16.3,3,6,False,False,False,True,True,True,True,False,True,True,False
GRMN,Garmin Ltd. Common Stock (Switzerland),276.04,64.5,53235014037.0,259582265,47.9,-12.2,5,7,False,False,False,True,True,True,True,True,True,True,False
EOG,"EOG Resources, Inc. Common Stock",148.96,64.4,78133866057.0,439615102,46.6,-3.1,5,7,False,False,False,True,True,True,True,True,True,True,False
MUSA,Murphy USA Inc. Common Stock,520.47,64.4,9566419203.0,166024142,48.8,-18.2,5,6,False,False,False,True,True,True,True,False,True,True,False
TMO,Thermo Fisher Scientific Inc Common Stock,608.54,64.4,225006013422.0,1144843039,39.8,-5.9,2,5,False,False,False,True,False,True,False,True,True,True,False
FFBC,First Financial Bancorp. - Common Stock,32.67,64.3,3429335270.0,33838649,41.7,-9.9,5,6,False,False,False,True,True,True,True,False,True,True,False
MSM,"MSC Industrial Direct Company, Inc. Common Stock",116.47,64.3,6504418328.0,88863270,47.8,-10.7,5,6,False,False,False,True,True,True,True,False,True,True,False
HSTM,"HealthStream, Inc. - Common Stock",29.77,64.2,870473460.0,5623192,52.7,-4.3,2,7,False,False,False,True,True,True,True,True,True,True,False
OXY,Occidental Petroleum Corporation Common Stock,60.91,64.2,60887912268.0,476602443,57.0,-9.7,5,7,False,False,False,True,True,True,True,True,True,True,False
WAB,Westinghouse Air Brake Technologies Corporation Common Stock,279.81,64.2,47262945218.0,275344755,51.9,-8.7,5,6,False,False,False,True,True,True,True,False,True,True,False
SPSC,"SPS Commerce, Inc. - Common Stock",82.82,64.1,2981534411.0,42690033,68.9,-27.9,0,3,False,False,False,True,False,False,False,True,True,False,False
CNR,"Core Natural Resources, Inc. Common Stock",102.66,64.1,5095658144.0,49279963,45.9,-10.6,1,6,False,False,False,True,True,True,False,True,True,True,False
AMP,"Ameriprise Financial, Inc. Common Stock",551.85,64.0,49609705805.0,299805100,30.7,-3.6,2,7,False,False,False,True,True,True,True,True,True,True,False
RAMP,"LiveRamp Holdings, Inc. Common Stock",37.8,64.0,2298050320.0,37496021,74.1,-1.1,4,7,False,False,False,True,True,True,True,True,True,True,False
W,Wayfair Inc. Class A Common Stock,94.54,64.0,12948961338.0,307860195,70.0,-21.2,5,4,False,False,False,True,False,True,False,False,True,True,False
GABC,"German American Bancorp, Inc. - Common Stock",49.58,63.9,1863157301.0,8352107,33.3,-5.1,5,7,False,False,False,True,True,True,True,True,True,True,False
AHR,"American Healthcare REIT, Inc. Common Stock",56.21,63.9,13107340092.0,187276316,40.5,-4.2,5,7,False,False,False,True,True,True,True,True,True,True,False
DSGR,"Distribution Solutions Group, Inc. - Common Stock",34.66,63.8,1603212927.0,7916515,82.2,-1.1,2,7,False,False,False,True,True,True,True,True,True,True,False
HIW,"Highwoods Properties, Inc. Common Stock",30.86,63.8,3404049671.0,51524720,50.9,-12.9,3,6,False,False,False,True,True,True,True,False,True,True,False
GFF,Griffon Corporation Common Stock,95.83,63.7,4340592634.0,33274295,47.4,-11.7,5,7,False,False,False,True,True,True,True,True,True,True,False
MS,Morgan Stanley Common Stock,211.82,63.7,332677351971.0,1116811060,45.4,-8.8,5,6,False,False,False,True,True,True,True,False,True,True,False
PRGO,Perrigo Company plc Ordinary Shares,14.49,63.7,2010766360.0,38418088,57.0,-39.5,0,3,False,False,False,True,False,False,False,True,True,False,False
SHC,Sotera Health Company - Common Stock,18.96,63.6,5410706113.0,52173538,44.8,-4.5,5,5,False,False,False,True,False,True,False,True,True,True,False
CVSA,Covista Inc. Common Shares,134.16,63.6,4566648091.0,46638865,54.3,-14.1,1,7,False,False,False,True,True,True,True,True,True,True,False
CASY,"Caseys General Stores, Inc. - Common Stock",753.59,63.5,27886533141.0,325686098,53.6,-18.8,5,5,False,False,False,False,True,True,True,False,True,True,False
RUSHA,"Rush Enterprises, Inc. - Class A Common Stock",49.325,63.5,5757724859.0,38082921,62.0,-11.5,5,6,False,False,False,True,True,True,True,False,True,True,False
SPNT,SiriusPoint Ltd. Common Shares,24.32,63.5,2825133189.0,17490014,41.6,-8.2,5,7,False,False,False,True,True,True,True,True,True,True,False
CENX,Century Aluminum Company - Common Stock,47.28,63.4,4680402988.0,98089461,126.1,-32.9,5,4,False,False,False,False,True,True,False,True,True,False,False
GRDN,"Guardian Pharmacy Services, Inc. Class A Common Stock",39.04,63.4,2472883548.0,15652840,68.7,-17.0,5,6,False,False,False,True,True,True,True,False,True,True,False
MPB,Mid Penn Bancorp - Common Stock,36.91,63.3,935122786.0,6029638,39.0,-5.7,5,7,False,False,False,True,True,True,True,True,True,True,False
VECO,Veeco Instruments Inc. - Common Stock,43.02,63.3,2629797113.0,59105575,84.6,-50.3,5,4,False,False,False,False,True,True,True,False,True,False,False
RSI,"Rush Street Interactive, Inc. Class A Common Stock",26.17,63.3,6065508779.0,73490369,68.7,-24.2,5,6,False,False,False,True,True,True,True,False,True,True,False
PRAA,"PRA Group, Inc. - Common Stock",18.75,63.2,705900113.0,7807733,82.9,-16.9,2,7,False,False,False,True,True,True,True,True,True,True,False
FCF,First Commonwealth Financial Corporation Common Stock,20.99,63.2,2121163866.0,16320409,39.9,-6.0,5,7,False,False,False,True,True,True,True,True,True,True,False
GILD,"Gilead Sciences, Inc. - Common Stock",149.61,63.1,185509690740.0,920843443,37.9,-4.9,5,6,False,False,False,True,True,True,False,True,True,True,False
P,"Everpure, Inc. Class A common stock",92.43,63.1,30724187865.0,264705361,62.8,-22.4,1,7,False,False,False,True,True,True,True,True,True,True,False
FULT,Fulton Financial Corporation - Common Stock,23.69,63.0,4522765997.0,43931613,42.7,-6.1,5,6,False,False,False,True,True,True,True,False,True,True,False
GLNG,Golar LNG Limited - Common Shares,53.13,63.0,5397437809.0,63461220,51.7,-8.1,5,7,False,False,False,True,True,True,True,True,True,True,False
NVAX,"Novavax, Inc. - Common Stock",10.32,63.0,1702239892.0,36427700,66.5,-13.8,1,6,False,False,False,True,True,True,False,True,True,True,False
EQH,"Equitable Holdings, Inc. Common Stock",51.52,62.9,14066771289.0,140488198,46.4,-6.6,1,5,False,False,False,True,False,True,False,True,True,True,False
NVST,Envista Holdings Corporation Common Stock,27.39,62.9,4399319050.0,74106366,45.9,-10.0,5,7,False,False,False,True,True,True,True,True,True,True,False
UBSI,"United Bankshares, Inc. - Common Stock",47.3,62.8,6442854608.0,46002836,38.7,-4.7,5,6,False,False,False,True,True,True,True,False,True,True,False
HOG,"Harley-Davidson, Inc. Common Stock",27.81,62.8,2894256420.0,66452120,62.7,-11.0,1,7,False,False,False,True,True,True,True,True,True,True,False
SCHW,Charles Schwab Corporation (The) Common Stock,108.24,62.8,187183297683.0,866705709,28.9,-5.5,2,4,False,False,False,True,False,True,False,True,False,True,False
FANG,"Diamondback Energy, Inc. - Common Stock",203.42,62.7,56962553887.0,386411761,51.5,-6.2,5,7,False,False,False,True,True,True,True,True,True,True,False
NMIH,NMI Holdings Inc - Common Stock,44.57,62.7,3352459619.0,22350602,27.9,-4.6,2,6,False,False,False,True,True,True,True,True,False,True,False
AGYS,"Agilysys, Inc. - Common Stock",113.51,62.6,3201638996.0,34380143,84.6,-21.9,0,4,False,False,False,True,False,False,False,True,True,True,False
KO,Coca-Cola Company (The) Common Stock,88.24,62.6,379656945202.0,1456803720,35.0,-4.6,5,7,False,False,False,True,True,True,True,True,True,True,False
NTB,Bank of N.T. Butterfield & Son Limited (The) Voting Ordinary Shares,59.58,62.6,2383200000.0,11485955,46.8,-7.2,5,6,False,False,False,True,True,True,True,False,True,True,False
SNDR,"Schneider National, Inc. Common Stock",33.58,62.5,5886604188.0,29884934,67.0,-14.5,5,6,False,False,False,True,True,True,True,False,True,True,False
VTR,"Ventas, Inc. Common Stock",92.06,62.5,47221841810.0,321542166,38.7,-9.4,5,6,False,False,False,True,True,True,True,False,True,True,False
FMX,Fomento Economico Mexicano S.A.B. de C.V. Common Stock,121.37,62.4,41348509771.0,62630127,45.6,-14.2,5,6,False,False,False,True,True,True,True,False,True,True,False
WTS,"Watts Water Technologies, Inc. Class A Common Stock",351.84,62.4,11745492312.0,111528340,35.3,-10.8,5,6,False,False,False,True,True,True,True,False,True,True,False
AZTA,"Azenta, Inc. - Common Stock",31.73,62.3,1390040310.0,20646701,99.2,-24.0,1,5,False,False,False,True,False,True,False,True,True,True,False
JPM,JP Morgan Chase & Co. Common Stock,356.22,62.3,946899086383.0,2732820188,27.6,-2.8,5,6,False,False,False,True,True,True,True,True,False,True,False
MTG,MGIC Investment Corporation Common Stock,31.04,62.3,6367075034.0,51842551,25.7,-2.7,2,4,False,False,False,True,False,True,False,True,False,True,False
GO,Grocery Outlet Holding Corp. - Common Stock,12.01,62.2,1190004749.0,25813548,112.4,-36.1,0,3,False,False,False,True,False,False,False,True,True,False,False
MTDR,Matador Resources Company Common Stock,59.58,62.2,7373276189.0,105049790,60.4,-10.9,5,6,False,False,False,True,True,True,False,True,True,True,False
NBN,Northeast Bank - Common Stock,129.55,62.1,1053241500.0,15914626,60.4,-9.0,5,6,False,False,False,True,True,True,True,False,True,True,False
SWBI,"Smith & Wesson Brands, Inc. - Common Stock",12.78,62.1,573051110.0,8075764,59.6,-27.2,5,4,False,False,False,False,True,True,True,False,True,False,False
HIPO,Hippo Holdings Inc. Common Stock,33.9,62.1,894600016.0,5778300,40.8,-13.0,0,4,False,False,False,True,False,False,False,True,True,True,False
EIG,Employers Holdings Inc Common Stock,49.34,62.0,886171366.0,9972492,38.1,-6.2,3,6,False,False,False,True,True,True,True,False,True,True,False
SGHC,Super Group (SGHC) Limited Ordinary Shares,13.79,62.0,7006378907.0,36845617,63.0,-13.1,5,6,False,False,False,True,True,True,True,False,True,True,False
GNW,Genworth Financial Inc Common Stock,10.13,61.9,3827631005.0,28242701,29.2,-1.5,5,6,False,False,False,True,True,True,True,True,False,True,False
WAT,Waters Corporation Common Stock,412.2,61.9,40497871354.0,330911750,45.8,-3.3,4,5,False,False,False,True,False,True,False,True,True,True,False
DLTR,"Dollar Tree, Inc. - Common Stock",131.91,61.8,24750312741.0,362220851,55.7,-7.4,3,5,False,False,False,True,False,True,False,True,True,True,False
ZION,Zions Bancorporation N.A. - Common Stock,68.02,61.8,9927747207.0,108721827,47.3,-7.3,5,6,False,False,False,True,True,True,True,False,True,True,False
CSTM,Constellium SE Ordinary Shares (France),26.6,61.8,3605037565.0,49926016,95.9,-28.1,5,4,False,False,False,False,True,True,True,False,True,False,False
CMPR,Cimpress plc - Ordinary Shares,90.78,61.7,2210445431.0,18824046,61.1,-14.8,5,6,False,False,False,True,True,True,True,False,True,True,False
NBTB,NBT Bancorp Inc. - Common Stock,51.21,61.7,2660874724.0,18577683,30.6,-6.0,5,6,False,False,False,True,True,True,True,False,True,True,False
JCAP,"Jefferson Capital, Inc. - Common Stock",21.15,61.6,1214550086.0,7786349,36.5,-13.5,2,5,False,False,False,True,False,True,False,True,True,True,False
CARS,Cars.com Inc. Common Stock ,11.99,61.6,641857241.0,7736295,62.0,-14.2,1,5,False,False,False,True,False,True,False,True,True,True,False
TTC,Toro Company (The) Common Stock,99.15,61.6,9442008296.0,60589678,46.6,-5.7,5,7,False,False,False,True,True,True,True,True,True,True,False
NTCT,"NetScout Systems, Inc. - Common Stock",37.49,61.5,2725797127.0,24687737,54.5,-17.2,5,6,False,False,False,True,True,True,True,False,True,True,False
CCK,"Crown Holdings, Inc.",117.0,61.5,12724979787.0,115373649,31.2,-4.8,3,7,False,False,False,True,True,True,True,True,True,True,False
AAPL,Apple Inc. - Common Stock,324.96,61.4,4742524732800.0,17015188579,43.8,-5.7,5,7,False,False,False,True,True,True,True,True,True,True,False
EBC,"Eastern Bankshares, Inc. - Common Stock",22.01,61.4,5029539260.0,56431226,32.5,-7.4,5,6,False,False,False,True,True,True,True,False,True,True,False
DV,"DoubleVerify Holdings, Inc. Common Stock",13.35,61.4,2069074407.0,47656580,74.7,-18.0,1,5,False,False,False,True,False,True,False,True,True,True,False
OUT,OUTFRONT Media Inc. Common Stock,29.55,61.3,5204796667.0,56274277,74.1,-15.5,5,5,False,False,False,False,True,True,True,False,True,True,False
PRU,"Prudential Financial, Inc. Common Stock",119.84,61.3,41344800000.0,212293809,30.4,-6.2,4,5,False,False,False,True,False,True,False,True,True,True,False
IOSP,Innospec Inc. - Common Stock,93.76,61.2,2309406967.0,15353465,43.1,-2.7,2,7,False,False,False,True,True,True,True,True,True,True,False
AWR,American States Water Company Common Stock,88.25,61.2,3497843995.0,25260483,27.1,-3.8,5,6,False,False,False,True,True,True,True,True,False,True,False
CAI,"Caris Life Sciences, Inc. - Common Stock",24.8,61.1,7008360613.0,93644668,74.8,-35.9,0,3,False,False,False,True,False,False,False,True,True,False,False
SFST,"Southern First Bancshares, Inc. - Common Stock",62.57,61.1,592647710.0,7423820,53.0,-3.9,5,7,False,False,False,True,True,True,True,True,True,True,False
WDAY,"Workday, Inc. - Class A Common Stock",200.87,61.1,48409670000.0,758683357,82.0,-19.6,0,4,False,False,False,True,False,False,False,True,True,True,False
QCRH,"QCR Holdings, Inc. - Common Stock",101.41,61.0,1660651016.0,13109940,52.2,-6.2,5,7,False,False,False,True,True,True,True,True,True,True,False
DOC,"Healthpeak Properties, Inc. Common Stock",21.03,61.0,14500758278.0,126132437,33.9,-8.4,5,6,False,False,False,True,True,True,True,False,True,True,False
MTSI,"MACOM Technology Solutions Holdings, Inc. - Common Stock",257.56,60.9,19670096988.0,476187395,111.2,-38.5,5,4,False,False,False,False,True,True,True,False,True,False,False
ALX,"Alexander's, Inc. Common Stock",265.01,60.9,1353482923.0,9339208,31.7,-8.4,5,6,False,False,False,True,True,True,True,False,True,True,False
IEX,IDEX Corporation Common Stock,224.61,60.9,16558225841.0,151179769,42.0,-7.9,5,6,False,False,False,True,True,True,True,False,True,True,False
PCTY,Paylocity Holding Corporation - Common Stock,154.6,60.8,8202606480.0,100078489,66.3,-13.6,1,5,False,False,False,True,False,True,False,True,True,True,False
PI,"Impinj, Inc. - Common Stock",175.05,60.8,5348549996.0,62788986,100.4,-29.1,0,3,False,False,False,True,False,False,False,True,True,False,False
VERA,"Vera Therapeutics, Inc. - Class A Common Stock",35.66,60.7,2569778526.0,87073293,64.7,-36.4,5,2,False,False,False,False,False,True,False,False,True,False,False
MUR,Murphy Oil Corporation Common Stock,37.69,60.7,5404034601.0,63224517,53.9,-13.0,5,6,False,False,False,True,True,True,False,True,True,True,False
NVS,Novartis AG Common Stock,162.46,60.7,309998321770.0,301800957,33.6,-4.7,5,7,False,False,False,True,True,True,True,True,True,True,False
CGNX,Cognex Corporation - Common Stock,59.94,60.6,10083337089.0,145605733,73.2,-17.8,5,6,False,False,False,True,True,True,True,False,True,True,False
PAYX,"Paychex, Inc. - Common Stock",124.0,60.6,44104674640.0,341541302,45.1,-10.8,1,5,False,False,False,True,False,True,False,True,True,True,False
UMBF,UMB Financial Corporation - Common Stock,141.91,60.5,10778068757.0,91849487,37.3,-7.4,5,6,False,False,False,True,True,True,True,False,True,True,False
DVA,DaVita Inc. Common Stock,179.39,60.5,11445082000.0,177204593,77.6,-27.5,5,5,False,False,False,True,True,True,True,False,True,False,False
CTO,"CTO Realty Growth, Inc. Common Stock",21.43,60.4,803313279.0,8359053,42.2,-5.6,5,6,False,False,False,True,True,True,True,False,True,True,False
KNX,Knight-Swift Transportation Holdings Inc.,67.42,60.4,10973009520.0,255034649,74.5,-18.6,5,6,False,False,False,True,True,True,True,False,True,True,False
WBI,WaterBridge Infrastructure LLC Class A Shares Representing Limited Liability Company Interests,32.26,60.4,3982697302.0,26659716,73.1,-12.6,1,6,False,False,False,True,True,True,True,False,True,True,False
NVDA,NVIDIA Corporation - Common Stock,224.41,60.3,5408281000000.0,27563908509,36.8,-5.1,5,7,False,False,False,True,True,True,True,True,True,True,False
ORRF,"Orrstown Financial Services, Inc. - Common Stock",42.15,60.3,829074736.0,5298266,32.3,-3.8,5,7,False,False,False,True,True,True,True,True,True,True,False
BFST,"Business First Bancshares, Inc. - Common Stock",31.31,60.2,1019136837.0,7733679,38.8,-3.7,5,7,False,False,False,True,True,True,True,True,True,True,False
CHCO,City Holding Company - Common Stock,144.0,60.2,2022503040.0,18438324,27.2,-3.3,5,6,False,False,False,True,True,True,True,True,False,True,False
PFE,"Pfizer, Inc. Common Stock",29.02,60.2,165404527553.0,1093480311,23.1,-0.2,5,5,False,True,False,True,True,True,False,True,False,True,False
SMBC,"Southern Missouri Bancorp, Inc. - Common Stock",73.01,60.1,804251292.0,7936330,53.4,-8.6,5,6,False,False,False,True,True,True,True,False,True,True,False
PNC,"PNC Financial Services Group, Inc. (The) Common Stock",242.46,60.1,96727881501.0,450154016,37.1,-6.4,5,6,False,False,False,True,True,True,True,False,True,True,False
WTW,Willis Towers Watson Public Limited Company - Ordinary Shares,337.73,60.0,31365639283.0,174275361,40.4,-4.3,1,5,False,False,False,True,False,True,False,True,True,True,False
CPF,Central Pacific Financial Corp New,37.56,60.0,967073546.0,6142549,37.2,-8.4,5,6,False,False,False,True,True,True,True,False,True,True,False
SNDA,"Sonida Senior Living, Inc. Common Stock",37.58,60.0,1805643464.0,23320957,50.6,-15.3,5,6,False,False,False,True,True,True,True,False,True,True,False
MGA,"Magna International, Inc. Common Stock",65.78,59.9,17461586880.0,86632570,52.6,-10.2,5,6,False,False,False,True,True,True,True,False,True,True,False
UNP,Union Pacific Corporation Common Stock,289.73,59.9,172121494036.0,825298811,37.4,-8.3,5,6,False,False,False,True,True,True,True,False,True,True,False
PRK,Park National Corporation Common Stock,192.95,59.8,3485479865.0,21530424,29.4,-10.3,5,5,False,False,False,True,True,True,True,False,False,True,False
WK,Workiva Inc. Class A Common Stock,75.75,59.8,4122048966.0,50274001,74.8,-22.0,0,4,False,False,False,True,False,False,False,True,True,True,False
CNOB,"ConnectOne Bancorp, Inc. - Common Stock",31.73,59.7,1722792407.0,14670206,36.8,-7.1,5,6,False,False,False,True,True,True,True,False,True,True,False
MDGL,"Madrigal Pharmaceuticals, Inc. - Common Stock",546.93,59.7,12636339633.0,192789722,39.0,-11.1,5,5,False,False,False,True,False,True,False,True,True,True,False
LYB,LyondellBasell Industries NV Ordinary Shares Class A (Netherlands),66.57,59.7,21504636465.0,277856977,60.1,-20.7,5,6,False,False,False,True,True,True,False,True,True,True,False
NWSA,News Corporation - Class A Common Stock,30.65,59.6,16583263355.0,115164308,38.1,-3.2,1,7,False,False,False,True,True,True,True,True,True,True,False
SBH,"Sally Beauty Holdings, Inc. (Name to be changed from Sally Holdings, Inc.) Common Stock",16.33,59.6,1528852028.0,21303368,41.5,-8.9,1,5,False,False,False,True,False,True,False,True,True,True,False
HST,"Host Hotels & Resorts, Inc. - Common Stock",22.11,59.5,15148100462.0,225626357,41.6,-14.0,5,6,False,False,False,True,True,True,True,False,True,True,False
OUST,"Ouster, Inc. - Common Stock",34.83,59.5,2511672558.0,163947936,112.4,-45.4,5,5,False,False,False,True,True,True,True,False,True,False,False
BALL,Ball Corporation Common Stock,63.3,59.5,16755722498.0,128661421,41.2,-7.3,5,7,False,False,False,True,True,True,True,True,True,True,False
SBUX,Starbucks Corporation - Common Stock,106.72,59.4,121660800000.0,745686669,36.8,-3.4,5,7,False,False,False,True,True,True,True,True,True,True,False
EG,"Everest Group, Ltd. Common Stock",378.28,59.4,14504289418.0,129332417,25.1,-5.7,2,6,False,False,False,True,True,True,True,True,False,True,False
ACIW,"ACI Worldwide, Inc. - Common Stock",52.46,59.3,5296111943.0,57421398,37.9,-14.1,2,4,False,False,False,True,False,True,False,False,True,True,False
CDP,COPT Defense Properties Common Shares of Beneficial Interest,35.46,59.3,4021534841.0,35539231,31.0,-8.8,5,6,False,False,False,True,True,True,True,False,True,True,False
MCK,McKesson Corporation Common Stock,924.78,59.3,107820435895.0,871440451,35.5,-7.4,5,6,False,False,False,True,True,True,False,True,True,True,False
ADP,"Automatic Data Processing, Inc. - Common Stock",281.16,59.2,111694391135.0,624038966,49.4,-7.1,1,5,False,False,False,True,False,True,False,True,True,True,False
AGIO,"Agios Pharmaceuticals, Inc. - Common Stock",34.13,59.2,2037625233.0,40980339,53.5,-25.8,0,4,False,False,False,True,True,False,True,False,True,False,False
BCAT,BlackRock Capital Allocation Term Trust Common Shares of Beneficial Interest,15.9,59.1,1719346500.0,10863968,15.8,-1.9,5,6,False,False,False,True,True,True,True,True,False,True,False
PRG,"PROG Holdings, Inc. Common Stock",38.75,59.1,1543475779.0,25202795,50.2,-18.8,5,6,False,False,False,True,True,True,True,False,True,True,False
CCEP,Coca-Cola Europacific Partners plc - Ordinary Shares,107.78,59.0,48930226629.0,199757766,27.3,-5.2,3,6,False,False,False,True,True,True,True,True,False,True,False
CCSI,"Consensus Cloud Solutions, Inc. - Common Stock",33.59,59.0,615534130.0,6064944,66.3,-18.9,5,6,False,False,False,True,True,True,True,False,True,True,False
ESNT,Essent Group Ltd. Common Shares,68.97,59.0,6198781722.0,43433340,24.6,-2.0,2,4,False,False,False,True,False,True,False,True,False,True,False
CVLG,"Covenant Logistics Group, Inc. Class A Common Stock",33.49,58.9,849901785.0,8193162,86.1,-32.9,5,4,False,False,False,False,True,True,True,False,True,False,False
LTC,"LTC Properties, Inc. Common Stock",41.57,58.9,2240854254.0,22393810,23.6,-3.3,5,6,False,False,False,True,True,True,True,True,False,True,False
GEN,Gen Digital Inc. - Common Stock,30.65,58.8,18346692531.0,142169884,72.4,-1.6,1,5,False,False,False,True,False,True,False,True,True,True,False
HBCP,"Home Bancorp, Inc. - Common Stock",69.34,58.8,545757805.0,6887905,37.2,-6.9,5,6,False,False,False,True,True,True,True,False,True,True,False
HWC,Hancock Whitney Corporation - Common Stock,74.84,58.8,6003893661.0,63977591,38.5,-6.6,5,6,False,False,False,True,True,True,True,False,True,True,False
CELC,Celcuity Inc. - Common Stock,96.2,58.7,4707249550.0,119750196,116.6,-36.3,5,4,False,False,False,False,True,True,False,True,True,False,False
FLNG,FLEX LNG Ltd. Ordinary Shares,31.78,58.7,1719055709.0,11596685,32.4,-4.9,5,7,False,False,False,True,True,True,True,True,True,True,False
FNV,Franco-Nevada Corporation,259.71,58.6,50091257195.0,174191106,43.1,-9.1,1,6,False,False,False,True,True,True,False,True,True,True,False
KSS,Kohl's Corporation Common Stock,19.21,58.6,2178413866.0,75520179,68.8,-23.8,5,5,False,False,False,True,False,True,False,True,True,True,False
RHLD,Resolute Holdings Management Common Stock ,131.8,58.6,1030622621.0,22219620,110.7,-44.2,5,2,False,False,False,False,False,True,False,False,True,False,False
HAFC,Hanmi Financial Corporation - Common Stock,31.6,58.5,936916458.0,7981748,38.3,-5.7,5,6,False,False,False,True,True,True,True,False,True,True,False
AXTA,Axalta Coating Systems Ltd. Common Shares,35.79,58.5,7659775693.0,55126235,43.5,-7.3,3,7,False,False,False,True,True,True,True,True,True,True,False
HOOD,"Robinhood Markets, Inc. - Class A Common Stock",106.99,58.4,96192812388.0,2156442087,68.4,-30.5,0,3,False,False,False,True,False,False,False,True,True,False,False
NOG,"Northern Oil and Gas, Inc. Common Stock",26.6,58.4,2834206805.0,63011115,54.8,-14.7,1,6,False,False,False,True,True,True,False,True,True,True,False
GM,General Motors Company Common Stock,84.87,58.3,74469312285.0,542539566,56.2,-7.6,5,7,False,False,False,True,True,True,True,True,True,True,False
PSO,"Pearson, Plc Common Stock",16.12,58.3,10248659761.0,11928448,34.1,-9.2,4,6,False,False,False,True,True,True,True,False,True,True,False
XYZ,"Block, Inc. Class A Common Stock,",82.46,58.3,49541555700.0,406871411,71.0,-5.1,2,7,False,False,False,True,True,True,True,True,True,True,False
ASB,Associated Banc-Corp Common Stock,30.58,58.2,5775022572.0,58170108,28.2,-5.8,5,5,False,False,False,True,True,True,True,False,False,True,False
FITB,Fifth Third Bancorp Common Stock,54.4,58.2,49334955482.0,338057158,35.8,-8.6,5,6,False,False,False,True,True,True,True,False,True,True,False
EWBC,"East West Bancorp, Inc. - Common Stock",128.97,58.1,17670419068.0,104037704,39.2,-6.2,5,6,False,False,False,True,True,True,True,False,True,True,False
RDNT,"RadNet, Inc. - Common Stock",75.7,58.1,5957382355.0,53532368,49.0,-11.8,0,4,False,False,False,True,False,False,False,True,True,True,False
DIN,"Dine Brands Global, Inc. Common Stock",32.82,58.1,415473303.0,9520085,46.1,-17.3,5,4,False,False,False,True,False,True,False,False,True,True,False
NVGS,Navigator Holdings Ltd. Ordinary Shares (Marshall Islands),22.51,58.0,1388866347.0,10025450,59.9,-7.6,5,7,False,False,False,True,True,True,True,True,True,True,False
SON,Sonoco Products Company Common Stock,54.74,58.0,5412417664.0,60901962,41.6,-9.8,5,6,False,False,False,True,True,True,True,False,True,True,False
BKR,Baker Hughes Company - Common Stock,64.63,57.9,64156525209.0,499459913,47.2,-8.2,5,6,False,False,False,True,True,True,False,True,True,True,False
ISTR,Investar Holding Corporation - Common Stock,30.4,57.9,418821590.0,5289748,41.9,-4.3,5,7,False,False,False,True,True,True,True,True,True,True,False
IRON,"Disc Medicine, Inc. - Common Stock",80.05,57.8,3073347162.0,40202509,100.1,-19.5,0,4,False,False,False,True,False,False,False,True,True,True,False
NWS,News Corporation - Class B Common Stock,34.41,57.8,18617621274.0,41384823,35.0,-3.8,1,7,False,False,False,True,True,True,True,True,True,True,False
V,Visa Inc.,378.4,57.8,676108177140.0,2789165295,28.8,-1.9,2,4,False,False,False,True,False,True,False,True,False,True,False
GWW,"W.W. Grainger, Inc. Common Stock",1284.85,57.7,60517645329.0,392020431,41.7,-9.5,5,6,False,False,False,True,True,True,True,False,True,True,False
ROG,Rogers Corporation Common Stock,124.06,57.7,2216745640.0,34022473,65.1,-26.6,5,4,False,False,False,False,True,True,True,False,True,False,False
LAUR,"Laureate Education, Inc. - Common Stock",36.185,57.6,4984460592.0,41428046,44.9,-11.6,5,6,False,False,False,True,True,True,True,False,True,True,False
BCS,Barclays PLC Common Stock,26.2,57.6,91084903543.0,114508316,35.8,-8.7,5,6,False,False,False,True,True,True,True,False,True,True,False
TFX,Teleflex Incorporated Common Stock,140.97,57.6,5973236805.0,71477656,40.7,-2.8,5,7,False,False,False,True,True,True,True,True,True,True,False
HASI,"HA Sustainable Infrastructure Capital, Inc. Common Stock",39.83,57.5,5117987316.0,38785082,46.0,-9.7,5,7,False,False,False,True,True,True,True,True,True,True,False
R,"Ryder System, Inc. Common Stock",243.13,57.5,9323274017.0,88478104,54.2,-14.5,5,6,False,False,False,True,True,True,True,False,True,True,False
BP,BP p.l.c. Common Stock,43.93,57.4,115005682516.0,383263657,34.3,-9.0,5,6,False,False,False,True,True,True,False,True,True,True,False
DG,Dollar General Corporation Common Stock,130.89,57.4,28876531643.0,300570476,37.6,-17.3,5,5,False,False,False,True,False,True,False,True,True,True,False
DT,"Dynatrace, Inc. Common Stock",50.87,57.4,14701538251.0,284240146,60.8,-7.2,1,5,False,False,False,True,False,True,False,True,True,True,False
DUOL,"Duolingo, Inc. - Class A Common Stock",157.85,57.3,7385212562.0,171380843,79.6,-55.3,0,3,False,False,False,True,False,False,False,True,True,False,False
BG,Bunge Limited Common Shares,122.86,57.3,23603755452.0,164376729,61.6,-8.9,5,6,False,False,False,True,True,True,False,True,True,True,False
HFWA,Heritage Financial Corporation - Common Stock,29.23,57.2,1195961760.0,11541338,37.1,-6.5,5,6,False,False,False,True,True,True,True,False,True,True,False
WABC,Westamerica Bancorporation - Common Stock,58.92,57.2,1361709135.0,10415566,31.1,-7.4,5,6,False,False,False,True,True,True,True,False,True,True,False
BFC,Bank First Corporation - Common Stock,153.63,57.1,1703081803.0,13698681,29.0,-3.4,5,6,False,False,False,True,True,True,True,True,False,True,False
CBAN,"Colony Bankcorp, Inc. Common Stock",21.29,57.1,451794345.0,5706712,34.7,-5.2,5,7,False,False,False,True,True,True,True,True,True,True,False
DNOW,DNOW Inc. Common Stock,15.8,57.1,2856417078.0,37318315,44.5,-8.5,1,5,False,False,False,True,False,True,False,True,True,True,False
NCNO,"nCino, Inc. - Common Stock",22.96,57.0,2427702555.0,53404445,66.4,-28.1,0,3,False,False,False,True,False,False,False,True,True,False,False
TCBX,"Third Coast Bancshares, Inc. Common Stock",44.83,57.0,746642305.0,5183200,25.5,-3.3,5,6,False,False,False,True,True,True,True,True,False,True,False
CSWC,Capital Southwest Corporation - Common Stock,24.74,56.9,1576775870.0,16221074,27.7,-3.9,5,6,False,False,False,True,True,True,True,True,False,True,False
JANX,"Janux Therapeutics, Inc. - Common Stock",19.7,56.9,1204394428.0,16526213,62.5,-44.3,0,3,False,False,False,True,False,False,False,True,True,False,False
PRM,"Perimeter Solutions, SA Common Stock",30.91,56.9,5059562790.0,54593321,56.9,-19.0,5,6,False,False,False,True,True,True,True,False,True,True,False
AM,Antero Midstream Corporation Common Stock,22.51,56.8,10684911740.0,51770718,32.7,-5.6,5,7,False,False,False,True,True,True,True,True,True,True,False
B,Barrick Mining Corporation Common Shares,44.13,56.8,72632879410.0,406433677,66.2,-19.3,5,5,False,False,False,True,False,True,False,True,True,True,False
ADUS,Addus HomeCare Corporation - Common Stock,118.17,56.7,2206742031.0,26651541,34.4,-5.0,1,5,False,False,False,True,False,True,False,True,True,True,False
GPRE,"Green Plains, Inc. - Common Stock",15.215,56.7,1066500416.0,22630278,75.9,-22.6,5,5,False,False,False,False,True,True,True,False,True,True,False
HXL,Hexcel Corporation Common Stock,91.75,56.7,6938451721.0,99219460,52.3,-17.9,5,5,False,False,False,False,True,True,True,False,True,True,False
EPD,Enterprise Products Partners L.P. Common Stock,39.36,56.6,84997021372.0,114828558,31.2,-2.0,5,7,False,False,False,True,True,True,True,True,True,True,False
HMN,Horace Mann Educators Corporation Common Stock,51.5,56.6,2085804281.0,13571899,24.7,-7.3,5,5,False,False,False,True,True,True,True,False,False,True,False
WFRD,Weatherford International plc - Ordinary shares,97.71,56.5,7004384636.0,109152822,62.2,-13.6,5,6,False,False,False,True,True,True,False,True,True,True,False
XPEL,"XPEL, Inc. - Common Stock",49.56,56.5,1366406271.0,11254038,57.3,-11.4,5,5,False,False,False,True,False,True,False,True,True,True,False
SCHL,Scholastic Corporation - Common Stock,38.39,56.4,728057290.0,14541758,69.2,-20.1,5,5,False,False,False,False,True,True,True,False,True,True,False
TXN,Texas Instruments Incorporated - Common Stock,254.8,56.4,232695510393.0,2218884242,66.8,-23.7,5,5,False,False,False,False,True,True,True,False,True,True,False
VLY,Valley National Bancorp - Common Stock,13.81,56.4,7631478171.0,96609250,43.3,-9.1,5,6,False,False,False,True,True,True,True,False,True,True,False
KWR,Quaker Houghton Common Stock,162.83,56.3,2801930117.0,25787368,45.2,-11.0,5,7,False,False,False,True,True,True,True,True,True,True,False
MTB,M&T Bank Corporation Common Stock,235.48,56.3,34007141376.0,259642224,34.7,-8.0,5,6,False,False,False,True,True,True,True,False,True,True,False
CWBC,Community West Bancshares - Common Stock,26.24,56.2,711919487.0,8609261,32.6,-6.9,5,7,False,False,False,True,True,True,True,True,True,True,False
LPLA,LPL Financial Holdings Inc. - Common Stock,355.1,56.2,27961387179.0,261619506,36.5,-11.3,1,5,False,False,False,True,False,True,False,True,True,True,False
BBT,Beacon Financial Corporation Common stock,31.27,56.2,2620929009.0,26064927,37.1,-4.8,5,7,False,False,False,True,True,True,True,True,True,True,False
FBNC,First Bancorp - Common Stock,64.11,56.1,2652501308.0,15629888,39.5,-4.0,5,7,False,False,False,True,True,True,True,True,True,True,False
RJF,"Raymond James Financial, Inc. Common Stock",175.95,56.1,33846043050.0,210294789,26.7,-3.7,2,4,False,False,False,True,False,True,False,True,False,True,False
BLCO,Bausch + Lomb Corporation Common Shares,18.0,56.0,6428974428.0,6857434,30.8,-4.8,5,5,False,False,False,True,False,True,False,True,True,True,False
MPTI,"M-tron Industries, Inc. Common Stock",73.01,56.0,317336213.0,18321220,68.0,-30.4,5,4,False,False,False,False,True,True,True,False,True,False,False
QSR,Restaurant Brands International Inc. Common Shares,78.87,56.0,35847116391.0,197693127,28.6,-3.8,5,6,False,False,False,True,True,True,True,True,False,True,False
PWR,"Quanta Services, Inc. Common Stock",610.78,55.9,89986082418.0,822884871,68.3,-22.6,5,5,False,False,False,False,True,True,True,False,True,True,False
WSM,"Williams-Sonoma, Inc. Common Stock (DE)",221.72,55.9,26113998238.0,245401033,34.0,-13.0,5,6,False,False,False,True,True,True,True,False,True,True,False
FRHC,Freedom Holding Corp. - Common Stock,169.0,55.8,10780115554.0,22620236,56.5,-7.1,1,7,False,False,False,True,True,True,True,True,True,True,False
PLMR,"Palomar Holdings, Inc. - Common stock",132.12,55.8,3477092278.0,37156889,31.1,-10.5,2,4,False,False,False,True,False,True,False,False,True,True,False
ADX,Adams Diversified Equity Fund Inc.,25.91,55.7,,7327942,23.9,-2.4,5,6,False,False,False,True,True,True,True,True,False,True,False
KEX,Kirby Corporation Common Stock,141.62,55.7,7477536000.0,76240145,78.1,-10.2,5,7,False,False,False,True,True,True,True,True,True,True,False
RTX,RTX Corporation Common Stock,200.78,55.7,270602880152.0,981736433,33.3,-11.5,5,6,False,False,False,True,True,True,True,False,True,True,False
HCI,"HCI Group, Inc. Common Stock",187.37,55.6,2330670510.0,30726987,29.4,-11.0,0,3,False,False,False,True,False,False,False,True,False,True,False
HTGC,"Hercules Capital, Inc. Common Stock",17.71,55.6,3314674440.0,25776567,29.3,-9.7,1,4,False,False,False,True,False,True,False,True,False,True,False
FMNB,Farmers National Banc Corp. - Common Stock,15.73,55.5,931964308.0,6832568,29.8,-4.4,5,6,False,False,False,True,True,True,True,True,False,True,False
A,"Agilent Technologies, Inc. Common Stock",151.39,55.5,42757372002.0,308826426,39.7,-7.5,3,5,False,False,False,True,False,True,False,True,True,True,False
WMB,"Williams Companies, Inc. (The) Common Stock",75.16,55.5,91933267196.0,536143622,34.0,-6.1,5,7,False,False,False,True,True,True,True,True,True,True,False
ICFI,"ICF International, Inc. - Common Stock",88.32,55.4,1583920635.0,19586913,50.1,-13.0,1,5,False,False,False,True,False,True,False,True,True,True,False
PFS,"Provident Financial Services, Inc Common Stock",23.39,55.4,3050585035.0,23220298,32.2,-8.2,5,6,False,False,False,True,True,True,True,False,True,True,False
HCSG,"Healthcare Services Group, Inc. - Common Stock",21.77,55.3,1494123038.0,17128077,43.9,-15.5,5,6,False,False,False,True,True,True,True,False,True,True,False
WIX,Wix.com Ltd. - Ordinary Shares,86.69,55.3,3627934109.0,99279106,115.9,-54.6,0,3,False,False,False,True,False,False,False,True,True,False,False
WCC,"WESCO International, Inc. Common Stock",332.86,55.3,16221217782.0,225393167,63.6,-13.6,5,6,False,False,False,True,True,True,True,False,True,True,False
AJG,Arthur J. Gallagher & Co. Common Stock,264.46,55.2,67781098000.0,385730411,38.6,-15.7,0,4,False,False,False,True,False,False,False,True,True,True,False
PBA,Pembina Pipeline Corp. Ordinary Shares (Canada),48.59,55.2,28257757450.0,44031452,34.2,-5.8,5,6,False,False,False,True,True,True,True,False,True,True,False
BLX,"Bladex, Inc. Class E Common Stock",55.41,55.1,2083356102.0,10944253,44.3,-12.3,5,6,False,False,False,True,True,True,True,False,True,True,False
FDS,FactSet Research Systems Inc. Common Stock,306.07,55.1,10885545746.0,246914809,65.4,-18.8,1,5,False,False,False,True,False,True,False,True,True,True,False
PCRX,"Pacira BioSciences, Inc. - Common Stock",26.58,55.0,1059528930.0,14746371,41.4,-3.9,2,5,False,False,False,True,False,True,False,True,True,True,False
COMP,"Compass, Inc. Class A Common Stock",10.59,55.0,8022160066.0,150255584,66.2,-24.1,5,4,False,False,False,True,False,True,False,False,True,True,False
OMF,"OneMain Holdings, Inc. Common Stock",63.14,55.0,7263718353.0,64637995,37.9,-12.2,5,5,False,False,False,True,False,True,False,True,True,True,False
WERN,"Werner Enterprises, Inc. - Common Stock",37.88,54.9,2271934669.0,46525057,64.3,-20.2,5,6,False,False,False,True,True,True,True,False,True,True,False
JLL,Jones Lang LaSalle Incorporated Common Stock,349.93,54.9,16099475511.0,125091970,34.7,-11.1,2,5,False,False,False,True,False,True,False,True,True,True,False
ITRN,Ituran Location and Control Ltd. - Ordinary Shares,51.4,54.8,1022530012.0,8132356,57.1,-24.7,5,5,False,False,False,False,True,True,True,False,True,True,False
BNL,"Broadstone Net Lease, Inc. Common Stock",21.02,54.8,4033590250.0,46153215,22.5,-9.0,5,5,False,False,False,True,True,True,True,False,False,True,False
CMG,"Chipotle Mexican Grill, Inc. Common Stock",38.52,54.8,48743901360.0,633318485,37.4,-10.0,0,4,False,False,False,True,False,False,False,True,True,True,False
VCEL,Vericel Corporation - Common Stock,40.89,54.7,2093838446.0,24839815,41.2,-17.1,3,6,False,False,False,True,True,True,True,False,True,True,False
GHM,Graham Corporation Common Stock,83.22,54.7,976755886.0,25112644,78.7,-33.9,5,4,False,False,False,False,True,True,True,False,True,False,False
BHRB,Burke & Herbert Financial Services Corp. - Common Stock,72.23,54.6,1458109394.0,10594735,25.8,-3.8,5,6,False,False,False,True,True,True,True,True,False,True,False
INDV,"Indivior Pharmaceuticals, Inc.  - Common Stock",35.05,54.6,4136965170.0,81410025,57.7,-18.1,5,5,False,False,False,False,True,True,True,False,True,True,False
PGNY,"Progyny, Inc. - Common Stock",26.29,54.6,2017147519.0,33170802,63.3,-20.5,3,4,False,False,False,True,False,True,False,False,True,True,False
TNDM,"Tandem Diabetes Care, Inc. - Common Stock",20.56,54.5,1430538216.0,35896942,79.4,-30.7,5,4,False,False,False,True,False,True,False,True,True,False,False
MCY,Mercury General Corporation Common Stock,102.91,54.5,5700043605.0,31225782,38.5,-9.0,5,6,False,False,False,True,True,True,True,False,True,True,False
MCHB,Mechanics Bancorp - Class A Common Stock,15.75,54.4,3469914961.0,9491157,25.8,-9.4,5,5,False,False,False,True,True,True,True,False,False,True,False
CNS,Cohen & Steers Inc Common Stock,77.23,54.4,3971284994.0,22552714,32.3,-10.8,3,6,False,False,False,True,True,True,True,False,True,True,False
HBNC,"Horizon Bancorp, Inc. - Common Stock",19.65,54.3,1008919798.0,13787046,31.3,-6.6,5,6,False,False,False,True,True,True,True,False,True,True,False
NBBK,"NB Bancorp, Inc. - Common Stock",22.6,54.3,990297874.0,7295650,34.2,-3.7,5,7,False,False,False,True,True,True,True,True,True,True,False
LYV,"Live Nation Entertainment, Inc. Common Stock",179.59,54.3,42317484917.0,380198520,43.3,-5.1,5,6,False,False,False,True,True,True,True,False,True,True,False
AUB,Atlantic Union Bankshares Corporation Common Stock,40.6,54.2,5798284778.0,45972074,31.5,-6.9,5,6,False,False,False,True,True,True,True,False,True,True,False
HWM,Howmet Aerospace Inc. Common Stock,252.96,54.2,100880801891.0,772555240,48.1,-18.4,5,5,False,False,False,False,True,True,True,False,True,True,False
AIT,"Applied Industrial Technologies, Inc. Common Stock",319.45,54.1,11723449549.0,94736146,34.0,-14.8,5,6,False,False,False,True,True,True,True,False,True,True,False
CURB,Curbline Properties Corp. Common Stock,29.44,54.1,3386719456.0,45634929,34.2,-8.4,5,6,False,False,False,True,True,True,True,False,True,True,False
MANU,Manchester United Ltd. Class A Ordinary Shares,21.24,54.1,3662388965.0,6447710,45.6,-13.1,4,6,False,False,False,True,True,True,True,False,True,True,False
MDB,"MongoDB, Inc. - Class A Common Stock",375.4,54.0,30194145396.0,605252701,74.1,-20.7,5,5,False,False,False,True,False,True,False,True,True,True,False
SYBT,"Stock Yards Bancorp, Inc. - Common Stock",79.46,54.0,2468555453.0,15238131,29.2,-10.9,2,5,False,False,False,True,True,True,True,False,False,True,False
BOKF,BOK Financial Corporation - Common Stock,136.12,53.9,8271585936.0,34243128,32.5,-7.3,5,6,False,False,False,True,True,True,True,False,True,True,False
SFNC,Simmons First National Corporation - Common Stock,22.67,53.9,3276127597.0,32471444,33.4,-6.8,5,6,False,False,False,True,True,True,True,False,True,True,False
GS,"Goldman Sachs Group, Inc. (The) Common Stock",1004.42,53.9,292458385623.0,2088657892,39.3,-13.0,5,6,False,False,False,True,True,True,True,False,True,True,False
BATRK,"Atlanta Braves Holdings, Inc. - Series C Common Stock",51.27,53.8,3289888079.0,29980634,35.8,-5.9,5,6,False,False,False,True,True,True,True,False,True,True,False
CVBF,CVB Financial Corporation - Common Stock,22.29,53.8,3922982826.0,31583979,24.2,-4.8,5,5,False,False,False,True,True,True,True,False,False,True,False
DAL,"Delta Air Lines, Inc. Common Stock",78.14,53.7,51386663564.0,540907431,42.0,-18.3,5,6,False,False,False,True,True,True,True,False,True,True,False
FAF,First American Corporation (New) Common Stock,74.05,53.7,7560505000.0,56918660,31.8,-7.3,5,7,False,False,False,True,True,True,True,True,True,True,False
TTEK,"Tetra Tech, Inc. - Common Stock",35.91,53.6,9194555409.0,95584671,39.1,-16.8,1,5,False,False,False,True,False,True,False,True,True,True,False
AMCR,Amcor plc Ordinary Shares,46.68,53.6,21582296809.0,162851261,28.8,-8.4,2,6,False,False,False,True,True,True,True,True,False,True,False
CNI,Canadian National Railway Company Common Stock,121.45,53.6,73367945000.0,183726850,33.8,-7.7,5,6,False,False,False,True,True,True,True,False,True,True,False
BILL,"BILL Holdings, Inc. Common Stock",48.76,53.5,4158095890.0,106736545,55.2,-14.8,0,4,False,False,False,True,False,False,False,True,True,True,False
FHI,"Federated Hermes, Inc. Common Stock",60.73,53.5,4534118865.0,34360803,30.2,-9.6,5,7,False,False,False,True,True,True,True,True,True,True,False
AFRM,"Affirm Holdings, Inc. - Class A Common Stock",74.09,53.4,24999540857.0,339398921,76.0,-20.5,1,4,False,False,False,True,False,True,False,False,True,True,False
COLD,"Americold Realty Trust, Inc. Common Stock",14.59,53.4,4165161239.0,61356743,44.5,-13.6,3,6,False,False,False,True,True,True,True,False,True,True,False
MHK,"Mohawk Industries, Inc. Common Stock",129.22,53.4,8753123097.0,109995832,39.0,-9.7,1,7,False,False,False,True,True,True,True,True,True,True,False
JBL,Jabil Inc. Common Stock,299.39,53.3,31372206576.0,395243551,57.9,-30.2,5,4,False,False,False,False,True,True,True,False,True,False,False
VIK,Viking Holdings Ltd Ordinary Shares,85.76,53.3,38230610705.0,276622367,52.1,-22.1,5,5,False,False,False,False,True,True,True,False,True,True,False
EQIX,"Equinix, Inc. - Common Stock",1019.24,53.2,100570129239.0,634806140,41.4,-9.7,5,6,False,False,False,True,True,True,True,False,True,True,False
LYFT,"Lyft, Inc. - Class A Common Stock",17.35,53.2,6567673320.0,184704245,39.2,-32.1,0,3,False,False,False,True,False,False,False,True,True,False,False
GOOGL,Alphabet Inc. - Class A Common Stock,337.12,53.1,4122977600000.0,10384249887,50.0,-17.5,5,5,False,False,False,False,True,True,True,False,True,True,False
RYTM,"Rhythm Pharmaceuticals, Inc. - Common Stock",105.42,53.1,7258386484.0,78835134,41.5,-13.7,2,4,False,False,False,True,False,True,False,False,True,True,False
APD,"Air Products and Chemicals, Inc. Common Stock",309.45,53.1,68910037259.0,356985920,35.1,-1.7,2,7,False,False,False,True,True,True,True,True,True,True,False
HMY,Harmony Gold Mining Company Limited,19.45,53.0,12346232232.0,60160822,49.3,-25.4,1,4,False,False,False,True,False,True,False,True,True,False,False
PRI,"Primerica, Inc. Common Stock",293.51,53.0,9033459999.0,55890191,27.6,-10.3,5,5,False,False,False,True,True,True,True,False,False,True,False
XP,XP Inc. - Class A Common Stock,19.99,52.9,10361055661.0,83592218,35.1,-13.6,0,5,False,False,False,True,True,False,False,True,True,True,False
ETD,Ethan Allen Interiors Inc. Common Stock,24.71,52.9,628779037.0,12490839,35.2,-19.8,0,4,False,False,False,True,False,False,False,True,True,True,False
SBSW,D/B/A Sibanye-Stillwater Limited ADS,12.56,52.9,8887981209.0,51384742,59.6,-41.0,1,4,False,False,False,True,False,True,False,True,True,False,False
EBAY,eBay Inc. - Common Stock,106.7,52.8,47481500000.0,424312471,36.7,-10.6,5,6,False,False,False,True,True,True,True,False,True,True,False
MA,Mastercard Incorporated Common Stock,588.14,52.8,515216486112.0,1795265115,26.6,-2.2,1,4,False,False,False,True,False,True,False,True,False,True,False
ALRM,"Alarm.com Holdings, Inc. - Common Stock",56.55,52.7,2776052393.0,23608132,36.3,-2.8,1,5,False,False,False,True,False,True,False,True,True,True,False
SIGI,"Selective Insurance Group, Inc. - Common Stock",92.23,52.7,5494059845.0,50776522,26.7,-8.1,4,5,False,False,False,True,True,True,True,False,False,True,False
PUMP,ProPetro Holding Corp. Common Stock,11.23,52.7,1379312588.0,48084394,148.5,-39.3,5,3,False,False,False,False,True,True,False,False,True,False,False
EL,"Estee Lauder Companies, Inc. (The) Common Stock",101.15,52.6,36595925052.0,271209284,52.7,-16.8,0,4,False,False,False,True,False,False,False,True,True,True,False
EQBK,"Equity Bancshares, Inc. Class A Common Stock",49.57,52.6,1020769729.0,6595944,28.4,-5.2,5,5,False,False,False,True,True,True,True,False,False,True,False
POWL,"Powell Industries, Inc. - Common Stock",170.51,52.5,6212116488.0,175382499,103.4,-48.0,5,3,False,False,False,False,True,True,False,False,True,False,False
PJT,PJT Partners Inc. Class A Common Stock,181.15,52.5,7429252970.0,76635622,41.8,-7.4,1,5,False,False,False,True,False,True,False,True,True,True,False
DRI,"Darden Restaurants, Inc. Common Stock",220.03,52.4,25100575519.0,278700298,30.2,-4.2,3,7,False,False,False,True,True,True,True,True,True,True,False
ENS,EnerSys Common Stock,180.08,52.4,6494625538.0,111340990,82.9,-26.3,5,4,False,False,False,False,True,True,True,False,True,False,False
VZ,Verizon Communications Inc. Common Stock,50.22,52.4,208652810644.0,1209145462,30.8,-2.8,5,6,False,False,False,True,True,True,False,True,True,True,False
MSI,"Motorola Solutions, Inc. Common Stock",478.92,52.3,79258284949.0,432945819,33.3,-3.2,1,7,False,False,False,True,True,True,True,True,True,True,False
PM,Philip Morris International Inc Common Stock,187.94,52.3,292925809726.0,915761470,32.2,-9.5,4,7,False,False,False,True,True,True,True,True,True,True,False
PRGS,Progress Software Corporation - Common Stock,43.33,52.2,1777090777.0,27133321,81.9,-8.5,0,4,False,False,False,True,False,False,False,True,True,True,False
BTU,Peabody Energy Corporation Common Stock ,29.43,52.2,3587517000.0,59156694,78.8,-28.5,0,3,False,False,False,True,False,False,False,True,True,False,False
INGM,Ingram Micro Holding Corporation Common Stock,27.69,52.2,6387028122.0,31144510,47.5,-12.6,5,6,False,False,False,True,True,True,True,False,True,True,False
HMC,"Honda Motor Company, Ltd. Common Stock",32.44,52.1,42091769846.0,36958369,39.5,-7.0,1,5,False,False,False,True,False,True,False,True,True,True,False
SSB,SouthState Bank Corporation Common Stock,106.29,52.1,10307423219.0,89998141,25.8,-5.3,2,6,False,False,False,True,True,True,True,True,False,True,False
AUPH,Aurinia Pharmaceuticals Inc - Common Shares,16.29,52.0,2167403527.0,23655141,57.5,-15.4,5,5,False,False,False,True,False,True,False,True,True,True,False
KDP,Keurig Dr Pepper Inc. - Common Stock,32.59,52.0,44349320578.0,423973895,31.0,-3.6,3,7,False,False,False,True,True,True,True,True,True,True,False
TCBK,TriCo Bancshares - Common Stock,53.83,52.0,1720763693.0,22032508,33.1,-12.8,5,6,False,False,False,True,True,True,True,False,True,True,False
HTLD,"Heartland Express, Inc. - Common Stock",12.1,51.9,935724593.0,9508673,72.9,-27.3,5,4,False,False,False,False,True,True,True,False,True,False,False
PAHC,Phibro Animal Health Corporation - Class A Common Stock,39.92,51.9,1620815992.0,8525956,41.3,-33.6,0,3,False,False,False,False,True,False,False,True,True,False,False
SGML,Sigma Lithium Corporation - common shares,12.85,51.8,1446502822.0,18592297,178.4,-47.5,5,4,False,False,False,False,True,True,False,True,True,False,False
UNFI,"United Natural Foods, Inc. Common Stock",44.41,51.8,2687655007.0,26153322,60.7,-22.1,5,5,False,False,False,False,True,True,True,False,True,True,False
ONB,Old National Bancorp - Common Stock,25.65,51.7,9812920500.0,112594888,32.3,-6.2,5,6,False,False,False,True,True,True,True,False,True,True,False
NPO,Enpro Inc. Common Stock,290.59,51.7,6151116422.0,84017176,43.9,-25.6,5,4,False,False,False,False,True,True,True,False,True,False,False
RF,Regions Financial Corporation Common Stock,29.93,51.7,25498250115.0,279218277,31.9,-7.8,5,6,False,False,False,True,True,True,True,False,True,True,False
REX,REX American Resources Corporation,42.8,51.6,1409734330.0,7945494,42.6,-19.8,5,5,False,False,False,False,True,True,True,False,True,True,False
RLI,RLI Corp. Common Stock (DE),63.35,51.6,5813817650.0,50230478,34.0,-7.2,2,5,False,False,False,True,False,True,False,True,True,True,False
ARQT,"Arcutis Biotherapeutics, Inc. - Common stock",23.85,51.5,2997753270.0,42906495,57.6,-24.9,5,3,False,False,False,False,False,True,False,False,True,True,False
FSUN,FirstSun Capital Bancorp - Common Stock,40.17,51.5,1871278195.0,12068854,34.1,-5.1,1,7,False,False,False,True,True,True,True,True,True,True,False
GOOG,Alphabet Inc. - Class C Capital Stock,333.78,51.5,4082129400000.0,6939586802,48.3,-17.5,5,5,False,False,False,False,True,True,True,False,True,True,False
BLKB,"Blackbaud, Inc. - Common Stock",47.47,51.4,2154667905.0,23487488,85.6,-32.9,0,3,False,False,False,True,False,False,False,True,True,False,False
PCAR,PACCAR Inc. - Common Stock,122.13,51.4,64284951710.0,415579547,32.4,-12.3,5,6,False,False,False,True,True,True,True,False,True,True,False
AEIS,"Advanced Energy Industries, Inc. - Common Stock",268.19,51.3,10741128040.0,244160677,86.1,-32.5,5,3,False,False,False,False,True,True,False,False,True,False,False
MCRI,"Monarch Casino & Resort, Inc. - Common Stock",118.57,51.3,2125073315.0,18937572,34.5,-12.8,5,6,False,False,False,True,True,True,True,False,True,True,False
ARDT,"Ardent Health, Inc. Common Stock",10.91,51.3,1538810845.0,5040513,41.5,-29.5,0,5,False,False,False,True,True,False,True,True,True,False,False
TYRA,"Tyra Biosciences, Inc. - Common Stock",25.13,51.2,1499681477.0,19733118,114.7,-38.2,5,3,False,False,False,False,True,True,False,False,True,False,False
URBN,"Urban Outfitters, Inc. - Common Stock",78.75,51.2,6743762786.0,87124089,32.3,-7.8,2,5,False,False,False,True,False,True,False,True,True,True,False
FIBK,"First Interstate BancSystem, Inc. - Common Stock",37.16,51.1,3541519196.0,42088226,27.7,-8.5,5,5,False,False,False,True,True,True,True,False,False,True,False
SBRA,"Sabra Health Care REIT, Inc. - Common Stock",20.86,51.1,5328953090.0,59733203,21.5,-8.4,5,6,False,False,False,True,True,True,True,True,False,True,False
CZR,"Caesars Entertainment, Inc. - Common Stock",29.69,51.0,6048457845.0,118931643,66.2,-3.9,3,6,False,False,False,True,True,True,True,False,True,True,False
SLM,SLM Corporation - Common Stock,26.51,51.0,4982473857.0,67354698,49.2,-17.2,1,5,False,False,False,True,False,True,False,True,True,True,False
J,Jacobs Solutions Inc. Common Stock,147.08,51.0,17214038906.0,127291973,39.2,-12.7,0,4,False,False,False,True,False,False,False,True,True,True,False
SBCF,Seacoast Banking Corporation of Florida - Common Stock,34.14,50.9,3305530358.0,35390641,19.5,-5.9,5,6,False,False,False,True,True,True,True,True,False,True,False
ATEN,"A10 Networks, Inc. Common Stock",24.76,50.9,1797799360.0,41649038,49.9,-35.7,5,4,False,False,False,False,True,True,True,False,True,False,False
IDCC,"InterDigital, Inc. - Common Stock",329.79,50.8,8510563049.0,76913625,32.4,-20.1,0,4,False,False,False,True,False,False,False,True,True,True,False
VRDN,"Viridian Therapeutics, Inc.  - Common Stock",22.78,50.8,2580797888.0,39864396,72.8,-33.6,0,2,False,False,False,False,False,False,False,True,True,False,False
PH,Parker-Hannifin Corporation Common Stock,949.38,50.8,119666946119.0,620548668,32.7,-13.7,5,6,False,False,False,True,True,True,True,False,True,True,False
SPFI,"South Plains Financial, Inc. - Common Stock",44.58,50.7,839847301.0,6710469,26.1,-5.0,5,6,False,False,False,True,True,True,True,True,False,True,False
IIPR,"Innovative Industrial Properties, Inc. Common Stock",56.83,50.7,1566879764.0,20438380,27.5,-13.1,5,5,False,False,False,True,True,True,True,False,False,True,False
BUD,Anheuser-Busch Inbev SA Sponsored ADR (Belgium),79.02,50.6,155837953927.0,172425115,36.7,-8.8,5,6,False,False,False,True,True,True,True,False,True,True,False
CACI,"CACI International, Inc. Class A Common Stock",614.27,50.6,13575083822.0,158316560,41.3,-10.1,1,5,False,False,False,True,False,True,False,True,True,True,False
OPLN,"OPENLANE, Inc. Common Stock",34.63,50.6,4227279425.0,48863602,42.4,-19.3,5,6,False,False,False,True,True,True,True,False,True,True,False
CUZ,Cousins Properties Incorporated Common Stock,28.84,50.5,4747123353.0,46668925,37.1,-12.5,3,6,False,False,False,True,True,True,True,False,True,True,False
MSA,MSA Safety Incorporated Common Stock,188.53,50.5,7273164825.0,50142651,24.8,-9.8,2,6,False,False,False,True,True,True,True,True,False,True,False
SHOO,"Steven Madden, Ltd. - Common Stock",41.99,50.4,3072706219.0,46869321,47.1,-15.5,5,4,False,False,False,True,False,True,False,False,True,True,False
QTWO,"Q2 Holdings, Inc. Common Stock",64.01,50.4,3991324027.0,48817417,56.9,-24.9,1,5,False,False,False,True,False,True,False,True,True,True,False
BANR,Banner Corporation - Common Stock,70.04,50.3,2380303026.0,25727181,22.8,-6.4,5,6,False,False,False,True,True,True,True,True,False,True,False
LAMR,Lamar Advertising Company - Class A Common Stock,151.5,50.3,15384777126.0,101388048,32.4,-8.9,5,6,False,False,False,True,True,True,True,False,True,True,False
SHO,"Sunstone Hotel Investors, Inc. Sunstone Hotel Investors, Inc. Common Shares",11.0,50.3,2045383351.0,31458404,26.6,-8.9,5,5,False,False,False,True,True,True,True,False,False,True,False
CB,Chubb Limited  Common Stock,339.42,50.2,130948188142.0,630458949,27.9,-7.2,5,5,False,False,False,True,True,True,True,False,False,True,False
TFII,TFI International Inc. Common Shares,128.97,50.2,10600048298.0,44319424,60.0,-23.1,5,5,False,False,False,False,True,True,True,False,True,True,False
VCYT,"Veracyte, Inc. - Common Stock",44.88,50.1,3607936007.0,66584735,52.8,-26.3,5,3,False,False,False,True,False,True,False,False,True,False,False
KEY,KeyCorp Common Stock,21.8,50.1,23263402477.0,233147053,32.4,-9.4,5,6,False,False,False,True,True,True,True,False,True,True,False
ZGN,Ermenegildo Zegna N.V. Ordinary Shares,12.56,50.1,3369999348.0,15472095,52.6,-21.3,5,6,False,False,False,True,True,True,True,False,True,True,False
MLYS,"Mineralys Therapeutics, Inc. - Common Stock",29.04,50.0,2567335940.0,26291560,32.0,-39.1,0,2,False,False,False,False,False,False,False,True,True,False,False
WGS,GeneDx Holdings Corp. - Class A Common Stock,86.72,50.0,2586210756.0,53223588,169.2,-49.2,0,3,False,False,False,True,False,False,False,True,True,False,False
MSFT,Microsoft Corporation - Common Stock,496.82,49.9,3689159510839.0,15741082071,42.3,-10.3,0,4,False,False,False,True,False,False,False,True,True,True,False
PLTR,Palantir Technologies Inc. - Class A Common Stock,169.46,49.9,407051982721.0,6107413551,59.3,-18.3,0,4,False,False,False,True,False,False,False,True,True,True,False
NLY,Annaly Capital Management Inc. Common Stock,22.71,49.9,17116854978.0,166308200,13.5,-7.4,5,5,False,False,False,True,True,True,True,False,False,True,False
OCSL,Oaktree Specialty Lending Corporation - Closed End Fund,13.17,49.8,1160086338.0,6634052,23.9,-8.0,2,4,False,False,False,True,False,True,False,True,False,True,False
TOWN,Towne Bank - Common Stock,37.27,49.8,2780987889.0,24195447,16.8,-4.5,5,6,False,False,False,True,True,True,True,True,False,True,False
DOCU,"DocuSign, Inc. - Common Stock",65.39,49.7,12485867917.0,174447754,62.8,-24.5,0,4,False,False,False,True,False,False,False,True,True,True,False
GLBE,Global-E Online Ltd. - ordinary shares,38.8,49.7,6501649574.0,56752349,44.5,-11.8,2,5,False,False,False,True,False,True,False,True,True,True,False
APEI,"American Public Education, Inc. - Common Stock",45.75,49.6,837295592.0,16803647,57.5,-25.7,5,3,False,False,False,False,True,True,False,False,True,False,False
EHC,Encompass Health Corporation Common Stock,121.18,49.6,11954817073.0,115799401,30.6,-5.3,1,5,False,False,False,True,False,True,False,True,True,True,False
OSK,Oshkosh Corporation (Holding Company)Common Stock,152.89,49.6,9439390225.0,111277640,30.9,-15.3,5,7,False,False,False,True,True,True,True,True,True,True,False
HAS,"Hasbro, Inc. - Common Stock",93.5,49.5,13187657665.0,176037215,34.5,-12.6,5,6,False,False,False,True,True,True,False,True,True,True,False
TTAN,"ServiceTitan, Inc. - Class A Common Stock",92.17,49.5,8792794856.0,117288958,70.1,-23.2,0,4,False,False,False,True,False,False,False,True,True,True,False
AEM,Agnico Eagle Mines Limited Common Stock,196.66,49.4,99816945867.0,523919873,46.3,-23.0,1,6,False,False,False,True,True,True,False,True,True,True,False
AR,Antero Resources Corporation Common Stock,39.59,49.4,12171510010.0,154811052,36.0,-13.5,4,6,False,False,False,True,True,True,False,True,True,True,False
TEX,Terex Corporation Common Stock,61.81,49.4,7064883000.0,90458100,48.2,-17.2,5,5,False,False,False,False,True,True,True,False,True,True,False
AGNC,AGNC Investment Corp. - Common Stock,10.62,49.3,12589812967.0,193566958,10.3,-12.9,5,5,False,False,False,True,True,True,True,False,False,True,False
THRM,Gentherm Inc - Common Stock,39.48,49.3,1212245915.0,16549104,46.2,-18.3,2,5,False,False,False,True,False,True,False,True,True,True,False
STOK,"Stoke Therapeutics, Inc. - Common Stock",30.5,49.2,1968050381.0,29000148,62.2,-24.2,5,4,False,False,False,False,True,True,False,False,True,True,False
TBBK,"The Bancorp, Inc. - Common Stock",66.45,49.2,2710283458.0,26108354,32.4,-18.6,0,3,False,False,False,True,False,False,False,False,True,True,False
GOOD,Gladstone Commercial Corporation - Real Estate Investment Trust,13.0,49.1,629297513.0,5659286,25.8,-3.5,4,6,False,False,False,True,True,True,True,True,False,True,False
ICLR,ICON plc - Ordinary Shares,159.84,49.1,12238521228.0,134324741,140.1,-21.6,0,3,False,False,False,True,False,False,False,False,True,True,False
OC,Owens Corning Inc Common Stock New,134.25,49.1,10612285693.0,156117273,37.6,-16.0,2,6,False,False,False,True,True,True,True,False,True,True,False
SNDX,"Syndax Pharmaceuticals, Inc. - Common Stock",20.78,49.0,1855593447.0,35012918,60.0,-18.8,5,4,False,False,False,False,True,True,False,False,True,True,False
DEA,"Easterly Government Properties, Inc. Common Stock",24.49,49.0,1158906400.0,9333207,19.1,-5.7,5,5,False,False,False,True,True,True,True,False,False,True,False
CENTA,Central Garden & Pet Company - Class A Common Stock Nonvoting,36.64,48.9,2293392791.0,13210830,41.1,-10.2,3,6,False,False,False,True,True,True,True,False,True,True,False
WAFD,"WaFd, Inc. - Common Stock",35.94,48.9,2659388854.0,21267813,36.6,-9.0,5,6,False,False,False,True,True,True,True,False,True,True,False
NU,Nu Holdings Ltd. Class A Ordinary Shares,15.4,48.9,74777373933.0,1126555481,37.5,-18.9,0,4,False,False,False,True,False,False,False,True,True,True,False
APPF,"AppFolio, Inc. - Class A Common Stock",224.27,48.8,7942968796.0,74141613,57.3,-22.3,0,4,False,False,False,True,False,False,False,True,True,True,False
FCNCA,"First Citizens BancShares, Inc. - Class A Common Stock",2177.1101,48.8,24586364483.0,153658398,34.1,-5.2,3,5,False,False,False,True,False,True,False,True,True,True,False
RPD,"Rapid7, Inc. - Common Stock",11.07,48.7,746125085.0,27592065,122.7,-47.2,0,3,False,False,False,True,False,False,False,True,True,False,False
FLS,Flowserve Corporation Common Stock,77.74,48.7,9881747517.0,139162855,59.6,-15.9,5,6,False,False,False,True,True,True,False,True,True,True,False
NSC,Norfolk Southern Corporation Common Stock,330.06,48.7,74134239592.0,385887713,23.1,-8.0,5,5,False,False,False,True,True,True,True,False,False,True,False
TXRH,"Texas Roadhouse, Inc. - Common Stock",190.88,48.6,12529539955.0,176549567,24.1,-11.8,3,5,False,False,False,True,True,True,True,False,False,True,False
VTOL,"Bristow Group, Inc. Common Stock",45.19,48.6,1339521980.0,10261700,29.0,-10.3,5,5,False,False,False,True,True,True,False,True,False,True,False
CRVL,CorVel Corp. - Common Stock,70.39,48.5,3555861433.0,11918646,57.0,-24.7,0,4,False,False,False,True,False,False,False,True,True,True,False
SPG,"Simon Property Group, Inc. Common Stock",210.2,48.5,68010528453.0,375785631,22.1,-11.9,5,5,False,False,False,True,True,True,True,False,False,True,False
CWT,California Water Service Group Common Stock,50.14,48.4,3100612524.0,26590280,21.4,-6.8,3,6,False,False,False,True,True,True,True,True,False,True,False
FRT,Federal Realty Investment Trust Common Stock,117.94,48.4,10247704346.0,98792884,31.0,-8.0,5,6,False,False,False,True,True,True,True,False,True,True,False
MCB,Metropolitan Bank Holding Corp. Common Stock,91.45,48.4,1133776798.0,13629411,41.4,-10.4,5,6,False,False,False,True,True,True,True,False,True,True,False
ESLT,Elbit Systems Ltd. - Ordinary Shares,709.2,48.3,32984135284.0,63850519,56.6,-30.2,5,3,False,False,False,False,True,True,False,False,True,False,False
TRMK,Trustmark Corporation - Common Stock,45.82,48.3,2660793838.0,19256960,26.1,-6.5,5,5,False,False,False,True,True,True,True,False,False,True,False
AMKR,"Amkor Technology, Inc. - Common Stock",47.17,48.2,11719503104.0,311733709,101.8,-51.2,5,4,False,False,False,False,True,True,True,False,True,False,False
CSW,"CSW Industrials, Inc. Common Stock",301.8,48.2,4917374377.0,45744694,31.0,-15.1,3,4,False,False,False,True,False,True,False,False,True,True,False
CXT,"Crane NXT, Co. Common Stock",50.07,48.2,2882094491.0,39567077,40.2,-27.4,0,2,False,False,False,True,False,False,False,False,True,False,False
COR,"Cencora, Inc. Common Stock",336.36,48.1,64186625219.0,453673533,37.4,-10.9,0,4,False,False,False,True,False,False,False,True,True,True,False
FLOC,Flowco Holdings Inc. Class A Common Stock,21.76,48.1,1966086241.0,13715112,55.1,-23.0,5,5,False,False,False,False,True,True,False,True,True,True,False
MSEX,Middlesex Water Company - Common Stock,57.91,48.0,1091252913.0,9643467,31.1,-6.9,3,7,False,False,False,True,True,True,True,True,True,True,False
DAN,Dana Incorporated Common Stock ,30.67,48.0,3299376745.0,44632877,72.9,-22.5,5,5,False,False,False,False,True,True,False,True,True,True,False
NGVT,Ingevity Corporation Common Stock ,68.97,48.0,2371045280.0,18865031,50.4,-13.0,5,5,False,False,False,False,True,True,True,False,True,True,False
TPG,TPG Inc. - Class A Common Stock,52.32,47.9,19772709837.0,124125864,41.6,-25.7,0,3,False,False,False,True,False,False,False,True,True,False,False
VNOM,"Viper Energy, Inc.  - Class A Common Stock",45.12,47.9,16206873572.0,70690234,28.5,-11.8,5,5,False,False,False,True,True,True,False,True,False,True,False
CBSH,"Commerce Bancshares, Inc. - Common Stock",57.96,47.8,8313329037.0,64088431,23.3,-4.9,2,5,False,False,False,True,True,True,True,False,False,True,False
USPH,"U.S. Physical Therapy, Inc. Common Stock",78.24,47.8,1167551892.0,16960776,34.5,-16.3,0,4,False,False,False,True,False,False,False,True,True,True,False
IBCP,Independent Bank Corporation - Common Stock,36.75,47.7,815824091.0,7442667,23.2,-6.3,5,5,False,False,False,True,True,True,True,False,False,True,False
KGC,Kinross Gold Corporation Common Stock,30.26,47.7,36133466000.0,218707698,45.3,-22.6,1,6,False,False,False,True,True,True,False,True,True,True,False
SA,"Seabridge Gold, Inc. Common Shares New",31.11,47.7,3355873530.0,19959274,81.6,-22.3,5,6,False,False,False,True,True,True,False,True,True,True,False
LW,"Lamb Weston Holdings, Inc. Common Stock ",52.41,47.6,7205379787.0,82110249,39.3,-21.9,0,4,False,False,False,True,False,False,False,True,True,True,False
WFC,Wells Fargo & Company Common Stock,89.27,47.6,269952420725.0,1241949555,22.7,-8.7,3,4,False,False,False,True,False,True,False,True,False,True,False
BKNG,Booking Holdings Inc. - Common Stock,199.6,47.5,149975547800.0,1214760474,32.9,-11.7,1,5,False,False,False,True,False,True,False,True,True,True,False
CTS,CTS Corporation Common Stock,57.01,47.5,1627988677.0,15538933,58.2,-18.0,5,5,False,False,False,False,True,True,True,False,True,True,False
HESM,Hess Midstream LP Class A Representing Limited Partner Interests,40.03,47.5,5137885766.0,42510747,26.6,-3.8,2,6,False,False,False,True,True,True,True,True,False,True,False
ESQ,"Esquire Financial Holdings, Inc. - Common Stock",114.47,47.4,1385611616.0,17653483,24.3,-15.1,5,5,False,False,False,True,True,True,True,False,False,True,False
ABM,ABM Industries Incorporated Common Stock,46.46,47.4,2721669683.0,20740808,25.7,-7.3,2,5,False,False,False,True,True,True,True,False,False,True,False
EPR,EPR Properties Common Stock,59.61,47.3,4566657840.0,42195867,23.9,-8.2,4,5,False,False,False,True,True,True,True,False,False,True,False
RRC,Range Resources Corporation Common Stock,42.48,47.3,9926705797.0,112182273,30.0,-12.1,5,5,False,False,False,True,True,True,False,True,False,True,False
RVT,"Royce Small-Cap Trust, Inc. Common Stock",18.32,47.3,1977767019.0,5352936,22.4,-4.2,5,5,False,False,False,True,True,True,True,False,False,True,False
AZZ,AZZ Inc.,135.15,47.2,4061460360.0,42928997,45.4,-16.7,5,5,False,False,False,False,True,True,True,False,True,True,False
SXI,Standex International Corporation Common Stock,277.93,47.2,3368362907.0,53697266,41.1,-23.6,5,5,False,False,False,False,True,True,True,False,True,True,False
PTCT,"PTC Therapeutics, Inc. - Common Stock",71.79,47.1,5991650976.0,118715214,45.4,-21.0,5,3,False,False,False,False,False,True,False,False,True,True,False
UTL,UNITIL Corporation Common Stock,53.53,47.1,976209159.0,7186462,20.0,-6.5,5,6,False,False,False,True,True,True,True,True,False,True,False
SANM,Sanmina Corporation - Common Stock,187.67,47.0,10058615801.0,190120942,69.9,-35.0,5,4,False,False,False,False,True,True,True,False,True,False,False
OGC,OceanaGold Corporation Common Shares,29.09,47.0,6522502289.0,12446079,60.2,-32.9,5,4,False,False,False,False,True,True,False,True,True,False,False
SPXX,Nuveen S&P 500 Dynamic Overwrite Fund,19.06,47.0,,5031753,20.8,-1.7,5,6,False,False,False,True,True,True,True,True,False,True,False
TROW,"T. Rowe Price Group, Inc. - Common Stock",109.38,46.9,23332487673.0,218494210,28.4,-10.3,5,5,False,False,False,True,True,True,True,False,False,True,False
MNTN,"MNTN, Inc. Class A Common Stock",13.13,46.9,982165530.0,13350554,71.2,-39.5,0,3,False,False,False,True,False,False,False,True,True,False,False
CNA,CNA Financial Corporation Common Stock,48.56,46.8,13140381064.0,23328516,16.9,-12.8,2,5,False,False,False,True,True,True,True,False,False,True,False
TOST,"Toast, Inc. Class A Common Stock",34.04,46.8,19675120000.0,360138211,52.9,-23.5,0,4,False,False,False,True,False,False,False,True,True,True,False
VVX,"V2X, Inc. Common Stock",74.99,46.8,2350588396.0,54423735,47.4,-20.2,5,6,False,False,False,True,True,True,True,False,True,True,False
AME,"AMETEK, Inc.",233.19,46.7,53461429488.0,290074620,30.1,-10.7,5,6,False,False,False,True,True,True,True,False,True,True,False
CBOE,"Cboe Global Markets, Inc. Common Stock",294.12,46.7,32888130750.0,327155786,29.5,-20.8,5,5,False,False,False,True,True,True,False,True,False,True,False
HQY,"HealthEquity, Inc. - Common Stock",98.54,46.6,8150765268.0,81317661,35.4,-8.4,2,5,False,False,False,True,False,True,False,True,True,True,False
TRNS,"Transcat, Inc. - Common Stock",85.56,46.6,800825600.0,12497765,70.3,-14.4,3,6,False,False,False,True,True,True,True,False,True,True,False
AFG,"American Financial Group, Inc. Common Stock",142.6,46.6,11824601052.0,57028164,15.9,-4.9,5,6,False,False,False,True,True,True,True,True,False,True,False
AGCO,AGCO Corporation Common Stock,126.69,46.5,8872319747.0,102642393,29.0,-11.9,5,5,False,False,False,True,True,True,False,True,False,True,False
UCB,"United Community Banks, Inc. Common Stock",34.97,46.5,4216525340.0,32884113,22.1,-5.9,5,5,False,False,False,True,True,True,True,False,False,True,False
DOW,Dow Inc. Common Stock ,31.28,46.4,22594817440.0,305364981,51.5,-26.8,5,4,False,False,False,False,True,True,False,True,True,False,False
WTRG,"Essential Utilities, Inc. Common Stock",41.55,46.4,11791001038.0,82969350,15.1,-1.9,2,6,False,False,False,True,True,True,True,True,False,True,False
EFSC,Enterprise Financial Services Corporation - Common Stock,63.64,46.3,2303291973.0,15445917,24.3,-7.4,5,5,False,False,False,True,True,True,True,False,False,True,False
SHOP,Shopify Inc. - Class A Subordinate Voting Shares,141.87,46.3,183836710117.0,1217103826,50.9,-22.1,0,4,False,False,False,True,False,False,False,True,True,True,False
SW,Smurfit WestRock plc Ordinary Shares,45.36,46.3,23792359107.0,248533976,38.6,-13.8,2,6,False,False,False,True,True,True,True,False,True,True,False
VKTX,"Viking Therapeutics, Inc. - Common Stock",33.5,46.2,3907873390.0,81788108,45.9,-22.4,0,2,False,False,False,False,False,False,False,False,True,True,False
ELAN,Elanco Animal Health Incorporated Common Stock,24.68,46.2,12330666764.0,148658896,44.2,-11.8,5,7,False,False,False,True,True,True,True,True,True,True,False
TBPH,"Theravance Biopharma, Inc. - Ordinary Shares",17.07,46.1,886253131.0,11884043,30.5,-18.8,5,4,False,False,False,False,False,True,False,True,True,True,False
CUBI,"Customers Bancorp, Inc Common Stock",78.66,46.1,2657433629.0,23346957,32.6,-6.8,5,6,False,False,False,True,True,True,True,False,True,True,False
JCI,Johnson Controls International plc Ordinary Share,139.25,46.1,84349499698.0,545740629,34.1,-11.3,5,5,False,False,False,False,True,True,True,False,True,True,False
ADI,"Analog Devices, Inc. - Common Stock",355.71,46.0,172364781555.0,1584240306,59.2,-20.2,5,5,False,False,False,False,True,True,True,False,True,True,False
AAT,"American Assets Trust, Inc. Common Stock",22.4,46.0,1375454371.0,10018181,26.4,-13.7,5,5,False,False,False,True,True,True,True,False,False,True,False
FOXF,Fox Factory Holding Corp. - Common Stock,20.41,45.9,857852730.0,10958942,56.0,-31.9,0,5,False,False,False,True,True,False,True,True,True,False,False
QRVO,"Qorvo, Inc. - Common Stock",100.63,45.9,8877742929.0,107741564,34.3,-8.1,1,7,False,False,False,True,True,True,True,True,True,True,False
NXG,NXG NextGen Infrastructure Income Fund Common Shares of Beneficial Interest,54.7,45.9,142313756.0,7157963,19.4,-16.8,5,4,False,False,False,False,True,True,True,False,False,True,False
LLYVK,"Liberty Live Holdings, Inc. - Series C Liberty Live Group Common Stock",102.51,45.8,9431471094.0,33645781,33.2,-6.6,5,6,False,False,False,True,True,True,True,False,True,True,False
SKY,"Champion Homes, Inc. Common Stock",86.06,45.8,4671348332.0,61410310,35.1,-13.2,5,4,False,False,False,True,False,True,False,False,True,True,False
AROC,"Archrock, Inc. Common Stock",32.3,45.7,5663423376.0,72882010,41.2,-23.5,5,5,False,False,False,False,True,True,True,False,True,True,False
FNB,F.N.B. Corporation Common Stock,18.28,45.7,6452857768.0,92533751,26.4,-6.7,5,5,False,False,False,True,True,True,True,False,False,True,False
CARG,"CarGurus, Inc. - Class A Common Stock",34.63,45.6,3084614543.0,37724730,31.2,-16.0,1,4,False,False,False,True,False,True,False,False,True,True,False
COLB,"Columbia Banking System, Inc. - Common Stock",30.08,45.6,8509700221.0,92480923,26.2,-10.7,5,5,False,False,False,True,True,True,True,False,False,True,False
AX,"Axos Financial, Inc. Common Stock",95.95,45.6,5443708090.0,35041813,28.1,-9.3,5,5,False,False,False,True,True,True,True,False,False,True,False
KHC,The Kraft Heinz Company - Common Stock,26.26,45.5,31139731885.0,359268303,24.8,-6.5,2,6,False,False,False,True,True,True,True,True,False,True,False
VNO,Vornado Realty Trust Common Stock,36.57,45.5,6828369819.0,59827965,48.8,-15.7,1,4,False,False,False,True,False,True,False,False,True,True,False
INDB,Independent Bank Corp. - Common Stock,81.65,45.4,3867686933.0,30790927,28.9,-6.7,5,5,False,False,False,True,True,True,True,False,False,True,False
SSNC,"SS&C Technologies Holdings, Inc. - Common Stock",82.55,45.4,19370769920.0,132231106,34.4,-8.5,0,4,False,False,False,True,False,False,False,True,True,True,False
SF,Stifel Financial Corporation Common Stock,80.01,45.4,12081648737.0,94294533,18.0,-10.9,2,4,False,False,False,True,False,True,False,True,False,True,False
JKHY,"Jack Henry & Associates, Inc. - Common Stock",167.03,45.3,11710908914.0,169710178,38.0,-13.6,2,5,False,False,False,True,False,True,False,True,True,True,False
UMH,"UMH Properties, Inc. Common Stock",16.06,45.3,1371292736.0,10426072,15.3,-4.2,3,6,False,False,False,True,True,True,True,True,False,True,False
BX,Blackstone Inc. Common Stock,136.82,45.2,102700528097.0,597151436,34.5,-28.0,0,3,False,False,False,True,False,False,False,True,True,False,False
COF,Capital One Financial Corporation Common Stock,216.6,45.2,132880815478.0,807872206,24.3,-16.6,1,4,False,False,False,True,False,True,False,True,False,True,False
BRUN,Boost Run Inc. - Class A Common Stock,16.55,45.1,1315517149.0,44717057,61.1,-60.6,5,4,False,False,False,False,True,True,True,False,True,False,False
KMI,"Kinder Morgan, Inc. Common Stock",31.97,45.1,71190862785.0,332509731,24.9,-8.2,5,6,False,False,False,True,True,True,True,True,False,True,False
SFBS,"ServisFirst Bancshares, Inc. Common Stock",42.3,45.1,2312647173.0,25950583,25.9,-8.1,2,5,False,False,False,True,True,True,True,False,False,True,False
LOB,"Live Oak Bancshares, Inc. Common Stock",39.51,45.0,1828665826.0,10377535,34.6,-11.3,5,6,False,False,False,True,True,True,True,False,True,True,False
OMC,Omnicom Group Inc. Common Stock,81.76,45.0,22430526262.0,255935882,23.3,-8.7,2,5,False,False,False,True,True,True,True,False,False,True,False
AVPT,"AvePoint, Inc. - Class A Common Stock",13.35,44.9,2824398437.0,27367987,51.1,-20.4,0,4,False,False,False,True,False,False,False,True,True,True,False
TEM,"Tempus AI, Inc. - Class A Common Stock",61.94,44.9,11176128787.0,370986527,51.9,-40.6,0,3,False,False,False,True,False,False,False,True,True,False,False
TFC,Truist Financial Corporation Common Stock,50.81,44.9,62070826612.0,375113610,24.6,-9.6,5,5,False,False,False,True,True,True,True,False,False,True,False
IBN,ICICI Bank Limited Common Stock,30.58,44.8,109478121195.0,188533914,21.9,-7.4,0,3,False,False,False,True,False,False,False,True,False,True,False
SYF,Synchrony Financial Common Stock,78.39,44.8,29165591188.0,275450128,24.3,-11.7,5,4,False,False,False,True,False,True,False,True,False,True,False
LWAY,"Lifeway Foods, Inc. - Common Stock",26.19,44.7,395645704.0,5419635,51.3,-23.4,2,6,False,False,False,True,True,True,True,False,True,True,False
AER,AerCap Holdings N.V. Ordinary Shares,144.92,44.7,22380005020.0,161148354,21.9,-8.7,5,5,False,False,False,True,True,True,True,False,False,True,False
GTY,Getty Realty Corporation Common Stock,32.49,44.7,2012193391.0,18020531,28.0,-11.8,5,4,False,False,False,False,True,True,True,False,False,True,False
AMZN,"Amazon.com, Inc. - Common Stock",254.98,44.6,2750294234589.0,12134983569,30.1,-11.2,5,7,False,False,False,True,True,True,True,True,True,True,False
CP,Canadian Pacific Kansas City Limited Common Shares,89.54,44.6,79893309337.0,234916010,30.9,-7.6,5,6,False,False,False,True,True,True,True,False,True,True,False
CVLT,"Commvault Systems, Inc. - Common Stock",131.555,44.5,5452239617.0,93216260,83.4,-33.6,0,2,False,False,False,True,False,False,False,False,True,False,False
NX,Quanex Building Products Corporation Common Stock,18.93,44.5,869416377.0,6274974,71.5,-17.6,2,7,False,False,False,True,True,True,True,True,True,True,False
UTHR,United Therapeutics Corporation - Common Stock,492.02,44.4,21103078278.0,265273859,31.0,-19.3,5,4,False,False,False,False,True,True,False,False,True,True,False
DXYZ,Destiny Tech100 Inc. Common Stock,32.7,44.4,,34605646,65.9,-55.1,1,5,False,False,False,True,True,True,False,True,True,False,False
RACE,Ferrari N.V. Common Shares,413.23,44.4,96672899785.0,185389657,32.2,-18.1,1,5,False,False,False,True,False,True,False,True,True,True,False
CMCO,Columbus McKinnon Corporation - Common Stock,17.54,44.3,506278840.0,10427545,46.3,-28.1,2,4,False,False,False,True,False,True,False,True,True,False,False
LSTR,"Landstar System, Inc. - Common Stock",174.7,44.3,5928780798.0,91932535,46.4,-23.5,5,5,False,False,False,False,True,True,True,False,True,True,False
DDS,"Dillard's, Inc. Common Stock",636.66,44.2,9944292407.0,85681304,26.6,-14.2,1,4,False,False,False,True,False,True,False,True,False,True,False
ORI,Old Republic International Corporation Common Stock,42.09,44.2,10161911687.0,53958268,14.8,-10.0,5,4,False,False,False,True,False,True,False,True,False,True,False
SVV,"Savers Value Village, Inc. Common Stock",10.25,44.2,1581125384.0,14729546,48.4,-26.2,0,2,False,False,False,True,False,False,False,False,True,False,False
MPWR,"Monolithic Power Systems, Inc. - Common Stock",1219.36,44.1,59923008480.0,1214183878,52.2,-28.9,5,4,False,False,False,False,True,True,True,False,True,False,False
SKT,Tanger Inc. Common Stock,37.7,44.1,4330937885.0,37968576,21.1,-11.4,5,5,False,False,False,True,True,True,True,False,False,True,False
VRSN,"VeriSign, Inc. - Common Stock",289.96,44.0,26183388000.0,217749406,38.8,-7.2,1,7,False,False,False,True,True,True,True,True,True,True,False
CNNE,"Cannae Holdings, Inc. Common Stock",15.79,44.0,684879044.0,7050978,51.0,-20.6,0,4,False,False,False,True,False,False,False,True,True,True,False
HOMB,"Home BancShares, Inc. Common Stock",29.69,44.0,5939473515.0,53586426,16.4,-6.3,2,5,False,False,False,True,True,True,True,False,False,True,False
ECAT,BlackRock ESG Capital Allocation Term Trust Common Shares of Beneficial Interest,15.24,43.9,1647977400.0,7561623,14.1,-9.5,5,6,False,False,False,True,True,True,True,True,False,True,False
HTB,"HomeTrust Bancshares, Inc. Common Stock",47.04,43.9,785247187.0,8536935,22.8,-10.4,5,5,False,False,False,True,True,True,True,False,False,True,False
OCUL,"Ocular Therapeutix, Inc. - Common Stock",10.9,43.8,2393812961.0,24744911,75.0,-33.7,0,3,False,False,False,True,False,False,False,True,True,False,False
KIM,Kimco Realty Corporation (HC) Common Stock,24.08,43.8,16152608102.0,108531394,21.9,-9.6,5,5,False,False,False,True,True,True,True,False,False,True,False
LLYVA,"Liberty Live Holdings, Inc. - Series A Liberty Live Group Common Stock",98.76,43.7,9086450934.0,18378094,32.8,-6.9,5,6,False,False,False,True,True,True,True,False,True,True,False
NTLA,"Intellia Therapeutics, Inc. - Common Stock",12.76,43.7,1788016603.0,52831107,60.5,-54.8,0,2,False,False,False,False,True,False,False,False,True,False,False
MO,"Altria Group, Inc.",69.56,43.7,116147387493.0,606062825,27.2,-9.7,5,5,False,False,False,True,True,True,True,False,False,True,False
PYPL,"PayPal Holdings, Inc. - Common Stock",54.67,43.6,46768045982.0,839022762,42.1,-31.0,0,3,False,False,False,True,False,False,False,True,True,False,False
KVUE,Kenvue Inc. Common Stock,19.13,43.6,36744396424.0,399562418,36.4,-8.1,2,7,False,False,False,True,True,True,True,True,True,True,False
CBT,Cabot Corporation Common Stock,82.84,43.5,4277112620.0,42693485,42.0,-12.4,5,6,False,False,False,True,True,True,True,False,True,True,False
NTST,NetSTREIT Corp. Common Stock,20.41,43.5,2072186439.0,46873758,19.9,-9.2,5,5,False,False,False,True,True,True,True,False,False,True,False
STVN,Stevanato Group S.p.A. Ordinary Shares,20.73,43.5,5659366577.0,7835301,60.8,-26.0,0,3,False,False,False,True,False,False,False,True,True,False,False
AAUC,Allied Gold Corporation Common Shares,23.75,43.4,3309512459.0,16126090,72.4,-26.2,5,4,False,False,False,False,True,True,False,True,True,False,False
TFIN,"Triumph Financial, Inc. Common Stock",68.94,43.4,1647289381.0,19312739,48.5,-17.5,5,6,False,False,False,True,True,True,True,False,True,True,False
BCPC,Balchem Corporation - Common Stock,175.47,43.3,5593636345.0,36309018,26.1,-4.6,5,6,False,False,False,True,True,True,True,True,False,True,False
MKTX,"MarketAxess Holdings, Inc. - Common Stock",162.83,43.3,5730458442.0,159277444,49.7,-16.9,0,4,False,False,False,True,False,False,False,True,True,True,False
GWRE,"Guidewire Software, Inc. Common Stock",192.76,43.3,16048496725.0,200217091,88.4,-29.3,0,3,False,False,False,True,False,False,False,True,True,False,False
FOXA,Fox Corporation - Class A Common Stock,67.52,43.2,28334778060.0,344045531,39.7,-11.6,1,5,False,False,False,True,False,True,False,True,True,True,False
LECO,"Lincoln Electric Holdings, Inc. - Common Shares",272.59,43.2,14857724301.0,114620611,26.1,-12.1,5,6,False,False,False,True,True,True,True,True,False,True,False
EXLS,"ExlService Holdings, Inc. - Common Stock",36.91,43.1,5596017338.0,80940038,48.5,-18.1,0,4,False,False,False,True,False,False,False,True,True,True,False
MDT,Medtronic plc. Ordinary Shares,92.18,43.1,117988635767.0,674038567,25.7,-13.3,0,3,False,False,False,True,False,False,False,True,False,True,False
CRDO,Credo Technology Group Holding Ltd - Ordinary Shares,165.22,43.0,31050565517.0,1594567217,91.0,-46.5,5,4,False,False,False,False,True,True,True,False,True,False,False
MUX,McEwen Inc. Common Stock,20.12,43.0,1234534348.0,21555411,62.5,-32.3,5,4,False,False,False,False,True,True,False,True,True,False,False
ST,Sensata Technologies Holding plc Ordinary Shares,42.04,43.0,6118327638.0,73632808,49.3,-22.0,5,5,False,False,False,False,True,True,True,False,True,True,False
FDUS,Fidus Investment Corporation - Closed End Fund,19.6,42.9,743905534.0,7728663,16.2,-9.6,2,5,False,False,False,True,True,True,True,False,False,True,False
LXU,"LSB Industries, Inc. Common Stock",11.54,42.9,830851196.0,8861406,49.7,-33.0,5,4,False,False,False,False,True,True,False,True,True,False,False
ITT,ITT Inc. Common Stock ,201.0,42.8,17969400000.0,183647974,20.4,-12.7,5,6,False,False,False,True,True,True,True,True,False,True,False
NVO,Novo Nordisk A/S Common Stock,46.77,42.8,207094310420.0,568523638,33.2,-27.1,0,2,False,False,False,True,False,False,False,False,True,False,False
UGI,UGI Corporation Common Stock,37.9,42.8,8129359249.0,67102536,19.9,-8.3,3,4,False,False,False,True,False,True,False,True,False,True,False
CVNA,Carvana Co. Class A Common Stock,74.16,42.7,81610393183.0,686445846,36.2,-23.8,1,5,False,False,False,True,False,True,False,True,True,True,False
NATL,NCR Atleos Corporation Common Stock,45.79,42.7,3383740608.0,31932927,37.5,-5.6,5,6,False,False,False,True,True,True,True,False,True,True,False
NWE,"NorthWestern Energy Group, Inc.  - Common Stock",70.19,42.6,4317937892.0,29033521,26.5,-6.6,5,5,False,False,False,True,True,True,True,False,False,True,False
ENR,"Energizer Holdings, Inc. Common Stock",20.92,42.6,1432677686.0,22194439,32.8,-30.9,0,4,False,False,False,True,True,False,True,False,True,False,False
MLI,"Mueller Industries, Inc. Common Stock",62.07,42.6,13728728753.0,90842406,31.8,-12.7,5,5,False,False,False,False,True,True,True,False,True,True,False
ACLS,"Axcelis Technologies, Inc. - Common Stock",110.77,42.5,3420742537.0,67712701,50.5,-42.8,5,4,False,False,False,False,True,True,True,False,True,False,False
NBIX,"Neurocrine Biosciences, Inc. - Common Stock",157.79,42.5,16039224270.0,210064976,29.2,-15.2,5,5,False,False,False,True,True,True,True,False,False,True,False
AWK,"American Water Works Company, Inc. Common Stock",139.49,42.4,27720706676.0,303560552,15.7,-4.2,1,6,False,False,False,True,True,True,True,True,False,True,False
CNX,CNX Resources Corporation Common Stock,37.58,42.4,5559721878.0,57363971,30.9,-13.8,5,5,False,False,False,True,False,True,False,True,True,True,False
AMPH,"Amphastar Pharmaceuticals, Inc. - Common Stock",23.74,42.3,1009850791.0,9124791,42.6,-24.1,0,4,False,False,False,True,False,False,False,True,True,True,False
EMR,Emerson Electric Company Common Stock,148.98,42.3,83101044000.0,410672544,21.5,-10.4,3,6,False,False,False,True,True,True,True,True,False,True,False
SNA,Snap-On Incorporated Common Stock,380.59,42.3,19686826123.0,137698639,19.2,-10.0,5,5,False,False,False,True,True,True,True,False,False,True,False
DNP,"DNP Select Income Fund, Inc. Common Stock",10.81,42.2,,6798779,11.6,-3.1,5,5,False,False,False,True,True,True,True,False,False,True,False
EVTC,"Evertec, Inc. Common Stock",30.02,42.2,1793771311.0,12745713,37.6,-15.2,1,5,False,False,False,True,False,True,False,True,True,True,False
CINF,Cincinnati Financial Corporation - Common Stock,171.69,42.1,26350645546.0,131886728,14.5,-11.9,5,5,False,False,False,True,True,True,True,False,False,True,False
BRC,Brady Corporation Common Stock,90.18,42.1,4248631402.0,17391600,27.8,-9.2,5,5,False,False,False,True,True,True,True,False,False,True,False
MTUS,Metallus Inc. Common Shares,19.59,42.1,811991474.0,7734164,38.1,-13.2,5,6,False,False,False,True,True,True,True,False,True,True,False
MRP,"Millrose Properties, Inc. Class A Common Stock",30.86,42.0,5124239027.0,35461073,17.3,-12.9,1,6,False,False,False,True,True,True,True,True,False,True,False
RDW,Redwire Corporation Common Stock,10.33,42.0,2582423651.0,187112065,112.1,-61.2,3,3,False,False,False,False,True,True,False,False,True,False,False
VSEC,VSE Corporation - Common Stock,196.57,41.9,5516731546.0,96262471,27.1,-20.7,5,4,False,False,False,False,True,True,True,False,False,True,False
IVT,InvenTrust Properties Corp. Common Stock,32.78,41.9,2556132968.0,24022267,22.3,-11.9,5,5,False,False,False,True,True,True,True,False,False,True,False
PAM,Pampa Energia S.A.,86.42,41.9,4713417232.0,13585190,57.3,-8.6,5,5,False,False,False,True,False,True,False,True,True,True,False
FAST,Fastenal Company - Common Stock,47.93,41.8,54999558674.0,382148890,23.0,-9.4,2,5,False,False,False,True,True,True,True,False,False,True,False
URI,"United Rentals, Inc. Common Stock",979.82,41.8,60986435572.0,509663810,39.7,-16.9,5,6,False,False,False,True,True,True,True,False,True,True,False
BKD,Brookdale Senior Living Inc. Common Stock,11.92,41.7,2846701644.0,74838322,63.5,-30.3,5,3,False,False,False,False,True,True,False,False,True,False,False
GD,General Dynamics Corporation Common Stock,364.07,41.7,98501757984.0,406167556,18.7,-9.0,5,5,False,False,False,True,True,True,True,False,False,True,False
ABCB,Ameris Bancorp Common Stock,84.97,41.6,5702102098.0,40424061,23.5,-8.9,5,5,False,False,False,True,True,True,True,False,False,True,False
KRG,Kite Realty Group Trust Common Stock,26.26,41.6,5261110461.0,72734228,23.1,-12.2,5,4,False,False,False,False,True,True,True,False,False,True,False
MMM,3M Company Common Stock,168.75,41.6,87028157869.0,562412901,21.1,-8.7,3,3,False,False,False,True,False,True,False,False,False,True,False
IRM,Iron Mountain Incorporated (Delaware)Common Stock REIT,111.84,41.5,33295082494.0,234206736,43.8,-17.0,5,5,False,False,False,False,True,True,True,False,True,True,False
PAAS,Pan American Silver Corp. Common Stock,51.54,41.5,21369411720.0,215151030,55.8,-26.4,5,4,False,False,False,False,True,True,False,True,True,False,False
PLUS,ePlus inc. - Common Stock,87.27,41.4,2276910779.0,20809535,26.4,-11.1,5,4,False,False,False,True,False,True,False,True,False,True,False
ROP,"Roper Technologies, Inc. - Common Stock",415.79,41.4,41121994400.0,329176046,35.9,-21.5,0,4,False,False,False,True,False,False,False,True,True,True,False
BXP,"BXP, Inc. Common Stock",67.1,41.4,10713290408.0,93195909,35.0,-15.4,0,3,False,False,False,True,False,False,False,False,True,True,False
FRME,First Merchants Corporation - Common Stock,41.67,41.3,2616935296.0,19219190,20.2,-8.1,5,5,False,False,False,True,True,True,True,False,False,True,False
FR,"First Industrial Realty Trust, Inc. Common Stock",61.65,41.3,8173122121.0,70225815,22.7,-11.8,5,5,False,False,False,True,True,True,True,False,False,True,False
AESI,Atlas Energy Solutions Inc. Common Stock,13.03,41.2,1628794967.0,42879726,70.5,-35.3,4,3,False,False,False,False,True,True,False,False,True,False,False
EGP,"EastGroup Properties, Inc. Common Stock",197.49,41.2,,92386747,21.1,-12.9,5,5,False,False,False,True,True,True,True,False,False,True,False
OHI,"Omega Healthcare Investors, Inc. Common Stock",46.99,41.2,14238580870.0,89196979,19.7,-10.3,5,5,False,False,False,True,True,True,True,False,False,True,False
DLX,Deluxe Corporation Common Stock,23.78,41.1,1090462576.0,10371800,33.9,-25.8,5,3,False,False,False,False,True,True,False,False,True,False,False
RXO,"RXO, Inc. Common Stock",19.79,41.1,3263888073.0,43465330,89.8,-33.8,5,4,False,False,False,False,True,True,True,False,True,False,False
DHR,Danaher Corporation Common Stock,209.91,41.0,147563802595.0,962824153,30.4,-13.5,0,4,False,False,False,True,False,False,False,True,True,True,False
ZBH,"Zimmer Biomet Holdings, Inc. Common Stock",99.5,41.0,18978400056.0,209224431,25.8,-6.9,1,6,False,False,False,True,True,True,True,True,False,True,False
ESE,ESCO Technologies Inc. Common Stock,266.9,40.9,6914729632.0,73953429,37.8,-26.3,5,4,False,False,False,False,True,True,True,False,True,False,False
GE,GE Aerospace Common Stock,329.5,40.9,341876848034.0,1463716045,22.9,-15.3,5,5,False,False,False,True,True,True,True,False,False,True,False
PLOW,"Douglas Dynamics, Inc. Common Stock",41.63,40.9,960697425.0,13850509,46.0,-24.3,5,5,False,False,False,False,True,True,True,False,True,True,False
PKG,Packaging Corporation of America Common Stock,233.54,40.8,20808016748.0,149417934,22.0,-10.2,5,5,False,False,False,True,True,True,True,False,False,True,False
SEI,"Solaris Energy Infrastructure, Inc. Class A Common Stock",52.77,40.8,4040408506.0,184450472,114.8,-38.8,5,3,False,False,False,False,True,True,False,False,True,False,False
DEC,Diversified Energy Company Common Stock,15.25,40.7,1170533438.0,13032096,23.7,-19.3,2,5,False,False,False,True,True,True,False,True,False,True,False
JOE,St. Joe Company (The) Common Stock,65.42,40.7,3724390104.0,15181571,41.1,-11.0,5,5,False,False,False,False,True,True,False,True,True,True,False
RDN,Radian Group Inc. Common Stock,36.49,40.7,4827675094.0,44459215,15.8,-11.1,4,5,False,False,False,True,True,True,True,False,False,True,False
NDAQ,"Nasdaq, Inc. - Common Stock",95.72,40.6,53505314048.0,342766941,25.0,-6.0,2,4,False,False,False,True,False,True,False,True,False,True,False
ETR,Entergy Corporation Common Stock,106.75,40.6,49812912412.0,287670504,23.6,-9.9,5,4,False,False,False,False,True,True,True,False,False,True,False
FOX,Fox Corporation - Class B Common Stock,60.27,40.5,25292314480.0,73378395,36.7,-11.6,1,5,False,False,False,True,False,True,False,True,True,True,False
GRPN,"Groupon, Inc. - Common Stock",18.83,40.5,765727524.0,37414491,105.3,-37.0,2,5,False,False,False,True,True,True,True,False,True,False,False
INMD,InMode Ltd.  - Ordinary Shares,14.95,40.4,859337541.0,9389017,17.5,-10.7,2,3,False,False,False,True,False,True,False,False,False,True,False
NTSK,"Netskope, Inc. - Class A Common Stock",13.75,40.4,5553950174.0,61748887,79.4,-50.9,0,3,False,False,False,True,False,False,False,True,True,False,False
FHN,First Horizon Corporation Common Stock,24.57,40.4,11640704772.0,130368996,24.1,-7.5,5,5,False,False,False,True,True,True,True,False,False,True,False
WTFC,Wintrust Financial Corporation - Common Stock,152.22,40.3,10269669497.0,97192247,27.3,-9.0,5,5,False,False,False,True,True,True,True,False,False,True,False
APAM,Artisan Partners Asset Management Inc. Class A Common Stock,41.17,40.3,3337761783.0,35043294,21.2,-13.3,1,4,False,False,False,True,False,True,False,True,False,True,False
MAZE,"Maze Therapeutics, Inc. - Common Stock",26.72,40.2,1484273769.0,15432245,88.7,-50.2,0,1,False,False,False,False,False,False,False,False,True,False,False
BOH,Bank of Hawaii Corporation Common Stock,76.51,40.2,3018349798.0,32092771,28.9,-11.4,5,4,False,False,False,False,True,True,True,False,False,True,False
TFPM,Triple Flag Precious Metals Corp. Common Shares,34.1,40.2,7045193399.0,19330251,28.1,-18.2,1,4,False,False,False,True,False,True,False,True,False,True,False
CTRE,"CareTrust REIT, Inc. Common Stock",39.57,40.1,9350121884.0,100752060,20.7,-9.3,5,5,False,False,False,True,True,True,True,False,False,True,False
MTD,"Mettler-Toledo International, Inc. Common Stock",1367.74,40.1,27404803207.0,252156601,33.7,-10.3,2,5,False,False,False,True,False,True,False,True,True,True,False
AVO,"Mission Produce, Inc. - Common Stock",12.77,40.0,1127843935.0,11984245,26.8,-17.8,2,3,False,False,False,False,True,True,False,False,False,True,False
PNFP,"Pinnacle Financial Partners, Inc. Common stock",100.09,40.0,15124864138.0,119373508,23.4,-9.3,3,5,False,False,False,True,True,True,True,False,False,True,False
TRNO,Terreno Realty Corporation Common Stock,65.74,40.0,7163708179.0,58806312,18.0,-16.7,5,5,False,False,False,True,True,True,True,False,False,True,False
MELI,"MercadoLibre, Inc. - Common Stock",2006.58,39.9,101727188957.0,782841801,34.2,-21.3,0,4,False,False,False,True,False,False,False,True,True,True,False
NNN,"NNN REIT, Inc. Common Stock",45.07,39.9,8650348198.0,68910983,15.9,-9.9,5,5,False,False,False,True,True,True,True,False,False,True,False
EXPO,"Exponent, Inc. - Common Stock",70.03,39.8,3329652263.0,32158284,34.9,-14.5,1,5,False,False,False,True,False,True,False,True,True,True,False
SWX,"Southwest Gas Holdings, Inc. Common Stock (DE)",89.14,39.8,6457823336.0,46083989,16.4,-5.6,5,5,False,False,False,True,True,True,True,False,False,True,False
AES,The AES Corporation Common Stock,14.8,39.7,10558891724.0,115294533,20.0,-16.1,5,6,False,False,False,True,True,True,True,True,False,True,False
ESI,Element Solutions Inc. Common Stock,34.43,39.7,8390278169.0,204447073,50.6,-30.1,5,4,False,False,False,False,True,True,True,False,True,False,False
MRSH,Marsh Common Stock,187.84,39.7,89639364581.0,445403172,19.9,-9.6,1,4,False,False,False,True,False,True,False,True,False,True,False
ACGL,Arch Capital Group Ltd. - Common Stock,98.21,39.6,33512112464.0,182665102,19.1,-8.3,5,5,False,False,False,True,True,True,True,False,False,True,False
MAIN,Main Street Capital Corporation Common Stock,57.87,39.6,5411334638.0,32622681,18.2,-14.1,1,4,False,False,False,True,False,True,False,True,False,True,False
CRSP,CRISPR Therapeutics AG - Common Shares,56.92,39.5,5503745809.0,87262755,29.0,-27.5,0,2,False,False,False,True,False,False,False,True,False,False,False
EXTR,"Extreme Networks, Inc. - Common Stock",22.01,39.5,2872099273.0,52878447,63.3,-34.7,4,4,False,False,False,False,True,True,True,False,True,False,False
SYNA,Synaptics Incorporated - Common Stock,95.99,39.5,3753879586.0,115367915,64.7,-35.6,5,4,False,False,False,False,True,True,True,False,True,False,False
QGEN,Qiagen N.V. Common Shares,44.2,39.4,9108504083.0,128826016,35.9,-23.6,0,4,False,False,False,True,False,False,False,True,True,True,False
SAH,"Sonic Automotive, Inc. Common Stock",77.88,39.4,2462160780.0,24475660,43.9,-31.5,4,5,False,False,False,True,True,True,True,False,True,False,False
AFL,AFLAC Incorporated Common Stock,117.24,39.3,58777488258.0,251877328,12.0,-10.0,5,5,False,False,False,True,True,True,True,False,False,True,False
RNST,Renasant Corporation Common Stock,40.65,39.3,3715591502.0,28324367,23.0,-8.7,5,5,False,False,False,True,True,True,True,False,False,True,False
SCI,Service Corporation International Common Stock,81.09,39.3,11078473147.0,89288593,18.5,-10.9,1,6,False,False,False,True,True,True,True,True,False,True,False
HROW,"Harrow, Inc. - Common Stock",39.05,39.2,1463900543.0,25299286,36.8,-28.8,1,2,False,False,False,False,False,True,False,False,True,False,False
BLK,"BlackRock, Inc. Common Stock",1107.08,39.2,171452659254.0,807020233,20.7,-9.3,1,4,False,False,False,True,False,True,False,True,False,True,False
F,Ford Motor Company Common Stock,14.14,39.1,55382754377.0,689275223,27.3,-20.5,5,6,False,False,False,True,True,True,True,True,False,True,False
HR,Healthcare Realty Trust Incorporated Common Stock,19.3,39.1,6614491368.0,73836510,18.3,-12.4,5,5,False,False,False,True,True,True,True,False,False,True,False
ZM,"Zoom Communications, Inc. - Class A Common Stock",95.86,39.0,27970386536.0,313341024,35.6,-16.5,5,7,False,False,False,True,True,True,True,True,True,True,False
DLR,"Digital Realty Trust, Inc. Common Stock",183.76,39.0,67997847702.0,566943998,25.7,-11.7,5,4,False,False,False,False,True,True,True,False,False,True,False
XPO,"XPO, Inc. Common Stock",185.98,39.0,21775740761.0,208323812,53.1,-19.9,5,4,False,False,False,False,True,True,False,False,True,True,False
ALOY,REalloys Inc. - Common Stock,10.21,38.9,704363825.0,33238329,72.5,-62.0,5,3,False,False,False,False,True,True,False,False,True,False,False
PB,"Prosperity Bancshares, Inc. Common Stock",72.09,38.9,8663543421.0,85782564,18.0,-6.6,4,5,False,False,False,True,True,True,True,False,False,True,False
FWONA,Liberty Media Corporation - Series A Liberty Formula One Common Stock,90.19,38.8,22611398262.0,14362695,22.4,-9.4,1,3,False,False,False,True,False,True,False,False,False,True,False
OCFC,OceanFirst Financial Corp. - Common Stock,19.09,38.8,1844957231.0,19961489,12.0,-7.4,5,5,False,False,False,True,True,True,True,False,False,True,False
KNSL,"Kinsale Capital Group, Inc. Common Stock",376.78,38.8,8582454972.0,103292983,31.2,-22.3,0,4,False,False,False,True,False,False,False,True,True,True,False
HTH,Hilltop Holdings Inc.,38.53,38.7,2207245647.0,9613950,25.2,-4.7,5,5,False,False,False,True,True,True,True,False,False,True,False
UTF,"Cohen & Steers Infrastructure Fund, Inc Common Stock",26.9,38.7,,6752269,14.9,-4.3,5,5,False,False,False,True,True,True,True,False,False,True,False
OTTR,Otter Tail Corporation - Common Stock,88.88,38.6,3731678350.0,22232744,19.9,-6.5,5,5,False,False,False,True,True,True,True,False,False,True,False
APO,"Apollo Global Management, Inc. (New) Common Stock",132.29,38.6,78122954504.0,523438084,32.9,-13.7,1,5,False,False,False,True,False,True,False,True,True,True,False
NJR,NewJersey Resources Corporation Common Stock,53.64,38.6,5442740623.0,37422313,23.4,-11.9,5,4,False,False,False,False,True,True,True,False,False,True,False
ARCC,Ares Capital Corporation - Closed End Fund,20.02,38.5,14374817357.0,85794656,15.1,-11.1,1,4,False,False,False,True,False,True,False,True,False,True,False
COCO,"The Vita Coco Company, Inc. - Common Stock",57.69,38.5,3386068283.0,75929838,65.5,-32.8,5,4,False,False,False,False,True,True,True,False,True,False,False
MDLZ,"Mondelez International, Inc. - Class A Common Stock",62.45,38.4,79705438160.0,537378240,22.0,-6.3,1,6,False,False,False,True,True,True,True,True,False,True,False
HLIO,"Helios Technologies, Inc. Common Stock",70.51,38.4,2323345184.0,26849274,50.0,-25.8,5,4,False,False,False,False,True,True,True,False,True,False,False
CTAS,Cintas Corporation - Common Stock,198.09,38.3,79269588338.0,425932584,22.9,-9.6,1,4,False,False,False,True,False,True,False,True,False,True,False
WWD,"Woodward, Inc. - Common Stock",335.52,38.3,19811053526.0,260146186,43.8,-25.6,5,4,False,False,False,False,True,True,True,False,True,False,False
CCS,"Century Communities, Inc. Common Stock",63.63,38.3,1809185427.0,19507718,34.6,-16.3,2,6,False,False,False,True,True,True,True,False,True,True,False
CDW,CDW Corporation - Common Stock,148.67,38.2,18586340723.0,265810202,53.1,-13.3,0,4,False,False,False,True,False,False,False,True,True,True,False
SYY,Sysco Corporation Common Stock,81.76,38.2,39170890268.0,268929436,19.9,-11.0,2,5,False,False,False,True,True,True,True,False,False,True,False
BKH,Black Hills Corporation Common Stock,72.59,38.1,5535215505.0,57836196,25.0,-7.8,5,5,False,False,False,True,True,True,True,False,False,True,False
CAG,"ConAgra Brands, Inc. Common Stock",16.18,38.1,7767494108.0,242302193,29.1,-20.4,0,3,False,False,False,True,False,False,False,True,False,True,False
EW,Edwards Lifesciences Corporation Common Stock,90.82,38.1,52348648000.0,381904406,25.6,-5.7,5,4,False,False,False,True,False,True,False,True,False,True,False
HPP,"Hudson Pacific Properties, Inc. Common Stock",13.08,38.0,709835132.0,11278914,148.7,-39.7,0,2,False,False,False,True,False,False,False,False,True,False,False
LEA,Lear Corporation Common Stock,129.6,38.0,6392489414.0,83378769,34.9,-13.8,5,6,False,False,False,True,True,True,True,False,True,True,False
PECO,"Phillips Edison & Company, Inc. - Common Stock",39.21,37.9,5046327000.0,39516441,18.9,-11.6,5,4,False,False,False,False,True,True,True,False,False,True,False
CHD,"Church & Dwight Company, Inc. Common Stock",99.32,37.9,23559092043.0,179741106,22.1,-6.3,4,6,False,False,False,True,True,True,True,True,False,True,False
MGY,Magnolia Oil & Gas Corporation Class A Common Stock,27.38,37.9,6488200049.0,123432794,30.0,-16.4,5,4,False,False,False,False,True,True,False,True,False,True,False
CR,Crane Company Common Stock,199.1,37.8,11508050880.0,97306278,24.8,-13.6,3,5,False,False,False,True,True,True,True,False,False,True,False
ED,"Consolidated Edison, Inc. Common Stock",107.67,37.8,39819448915.0,244642812,13.4,-7.4,5,4,False,False,False,False,True,True,True,False,False,True,False
CMRE,Costamare Inc. Common Stock $0.0001 par value,15.44,37.7,1861890439.0,5785844,42.4,-14.5,5,5,False,False,False,False,True,True,False,True,True,True,False
D,"Dominion Energy, Inc. Common Stock",66.05,37.7,58092688931.0,293652972,18.3,-9.5,5,5,False,False,False,True,True,True,True,False,False,True,False
RARE,Ultragenyx Pharmaceutical Inc. - Common Stock,26.53,37.6,2615562801.0,72667630,45.1,-33.5,0,2,False,False,False,True,False,False,False,False,True,False,False
HRI,Herc Holdings Inc. Common Stock ,137.77,37.6,4605850040.0,77025834,55.8,-26.9,4,2,False,False,False,False,False,True,False,False,True,False,False
LMT,Lockheed Martin Corporation Common Stock,531.55,37.6,122676824757.0,645233674,21.6,-23.2,5,3,False,False,False,False,True,True,False,False,False,True,False
HIMS,"Hims & Hers Health, Inc. Class A Common Stock",28.68,37.5,6691428685.0,444490481,108.7,-56.1,0,2,False,False,False,True,False,False,False,False,True,False,False
NBHC,National Bank Holdings Corporation Common Stock,41.58,37.5,1851954364.0,18627471,18.6,-12.1,5,5,False,False,False,True,True,True,True,False,False,True,False
JBSS,"John B. Sanfilippo & Son, Inc. - Common Stock",73.9,37.4,864148246.0,11336077,25.1,-19.7,5,4,False,False,False,False,True,True,True,False,False,True,False
ATR,"AptarGroup, Inc. Common Stock",130.33,37.4,8286528543.0,59293310,26.3,-11.3,1,5,False,False,False,True,True,True,True,False,False,True,False
EFC,Ellington Financial Inc. Common Stock ,13.33,37.4,1718068855.0,16359121,18.2,-5.6,5,3,False,False,False,True,False,True,False,False,False,True,False
CBU,"Community Financial System, Inc. Common Stock",62.99,37.3,3314275856.0,18476053,17.8,-11.4,5,5,False,False,False,True,True,True,True,False,False,True,False
PGR,Progressive Corporation (The) Common Stock,221.38,37.3,128704082443.0,627918224,17.0,-11.4,1,4,False,False,False,True,False,True,False,True,False,True,False
KMB,Kimberly-Clark Corporation - Common Stock,109.29,37.2,36347563063.0,427435567,18.3,-16.9,1,5,False,False,False,True,True,True,True,False,False,True,False
NOVT,Novanta Inc. - Common Shares,144.52,37.2,5465424120.0,72022506,47.1,-18.1,4,6,False,False,False,True,True,True,True,False,True,True,False
ITW,Illinois Tool Works Inc. Common Stock,269.09,37.2,76636832000.0,367014728,12.7,-11.2,2,4,False,False,False,False,True,True,True,False,False,True,False
ESS,"Essex Property Trust, Inc. Common Stock",277.29,37.1,17820995450.0,134666672,16.3,-8.6,4,5,False,False,False,True,True,True,True,False,False,True,False
PLD,"Prologis, Inc. Common Stock",136.59,37.1,129497700840.0,619007624,23.6,-10.9,5,4,False,False,False,False,True,True,True,False,False,True,False
ABT,Abbott Laboratories Common Stock,110.47,37.0,191155442709.0,1075066631,34.8,-19.7,0,4,False,False,False,True,False,False,False,True,True,True,False
BMA,Banco Macro S.A.  ADR (representing Ten Class B Common Shares),79.07,37.0,5055659102.0,23323671,106.4,-25.5,5,2,False,False,False,False,False,True,False,False,True,False,False
FWONK,Liberty Media Corporation - Series C Liberty Formula One Common Stock,97.4,36.9,24419006439.0,205509475,21.5,-10.9,1,3,False,False,False,True,False,True,False,False,False,True,False
CMP,Compass Minerals Intl Inc Common Stock,25.59,36.9,1074290566.0,12828380,56.0,-25.8,5,4,False,False,False,False,True,True,True,False,True,False,False
VLTO,Veralto Corp Common Stock ,97.21,36.9,23699150970.0,170896404,21.5,-11.5,0,3,False,False,False,True,False,False,False,True,False,True,False
DX,"Dynex Capital, Inc. Common Stock",12.75,36.8,3164128192.0,71287337,7.8,-14.6,5,5,False,False,False,True,True,True,True,False,False,True,False
NWN,Northwest Natural Holding Company Common Stock,49.24,36.8,2072685811.0,12253160,20.4,-12.1,5,3,False,False,False,False,True,True,False,False,False,True,False
AVY,Avery Dennison Corporation Common Stock,174.42,36.7,13218967728.0,153923372,14.4,-12.6,2,4,False,False,False,True,False,True,False,True,False,True,False
DD,"DuPont de Nemours, Inc. Common Stock",132.93,36.7,17951262667.0,207371270,43.7,-15.9,5,4,False,False,False,False,True,True,False,False,True,True,False
PEN,"Penumbra, Inc. Common Stock",322.8,36.7,12714905422.0,108739194,45.9,-10.9,5,5,False,False,False,False,True,True,False,True,True,True,False
FBK,FB Financial Corporation Common Stock,56.26,36.6,2811770044.0,21573234,14.3,-10.2,5,3,False,False,False,True,False,True,False,False,False,True,False
NOMD,Nomad Foods Limited Ordinary Shares,11.59,36.6,1646777806.0,19293867,28.9,-25.6,1,3,False,False,False,True,False,True,False,True,False,False,False
ETN,"Eaton Corporation, PLC Ordinary Shares",390.85,36.5,151806140000.0,910816586,25.3,-18.2,5,4,False,False,False,False,True,True,True,False,False,True,False
ROK,"Rockwell Automation, Inc. Common Stock",425.36,36.5,47331488648.0,390458273,27.8,-14.5,5,5,False,False,False,True,True,True,True,False,False,True,False
CL,Colgate-Palmolive Company Common Stock,90.1,36.4,71825271893.0,414866940,20.9,-9.3,4,5,False,False,False,True,True,True,True,False,False,True,False
ES,Eversource Energy (D/B/A) Common Stock,70.44,36.4,26532969672.0,163133073,12.8,-8.0,5,5,False,False,False,True,True,True,True,False,False,True,False
GFL,"GFL Environmental Inc. Subordinate voting shares, no par value",42.59,36.4,15926703117.0,111364380,27.8,-14.8,0,3,False,False,False,True,False,False,False,True,False,True,False
CGBD,"Carlyle Secured Lending, Inc. - Closed End Fund",11.56,36.3,795380956.0,6431173,16.2,-17.3,0,3,False,False,False,True,False,False,False,True,False,True,False
ALLE,Allegion plc Ordinary Shares,155.07,36.3,13186654405.0,213191605,24.1,-15.3,0,3,False,False,False,True,False,False,False,True,False,True,False
UAL,"United Airlines Holdings, Inc. - Common Stock",108.35,36.2,35168651696.0,502533708,28.0,-21.9,5,5,False,False,False,True,True,True,True,False,False,True,False
ALLY,Ally Financial Inc. Common Stock,42.66,36.2,12977158903.0,134981572,18.8,-9.8,5,3,False,False,False,True,False,True,False,False,False,True,False
INSP,"Inspire Medical Systems, Inc. Common Stock",63.07,36.2,1823377351.0,44882067,62.1,-57.1,0,2,False,False,False,False,False,False,False,True,True,False,False
DCI,"Donaldson Company, Inc. Common Stock",89.91,36.1,10421563045.0,63480072,14.5,-20.3,5,2,False,False,False,False,False,True,False,False,False,True,False
GDOT,"Green Dot Corporation Class A Common Stock, $0.001 par value",13.3,36.1,757902881.0,5241323,31.7,-13.7,1,6,False,False,False,True,True,True,True,False,True,True,False
NVTS,Navitas Semiconductor Corporation - Common Stock,11.21,36.0,2926858000.0,204980223,106.1,-67.2,5,3,False,False,False,False,True,True,False,False,True,False,False
DEO,Diageo plc Common Stock,91.14,36.0,50728810635.0,98299924,25.8,-18.0,0,3,False,False,False,True,False,False,False,True,False,True,False
UPS,"United Parcel Service, Inc. Common Stock",103.01,36.0,87639010762.0,522655060,25.6,-15.8,5,4,False,False,False,False,True,True,True,False,False,True,False
ADUR,Aduro Clean Technologies Inc. - Common Stock,13.8,35.9,492725522.0,7484392,53.3,-24.1,5,6,False,False,False,True,True,True,True,False,True,True,False
MRTN,"Marten Transport, Ltd. - Common Stock",13.99,35.9,1142446749.0,11056984,49.6,-24.3,5,5,False,False,False,False,True,True,True,False,True,True,False
GATX,GATX Corporation Common Stock,175.78,35.8,6205034000.0,40997445,16.9,-14.5,5,3,False,False,False,False,True,True,False,False,False,True,False
TR,"Tootsie Roll Industries, Inc. Common Stock",39.94,35.8,2998361621.0,8845978,19.4,-11.4,1,4,False,False,False,False,True,True,False,True,False,True,False
RDWR,Radware Ltd. - Ordinary Shares,27.8,35.7,1176133766.0,6791194,28.2,-15.2,4,5,False,False,False,True,True,True,True,False,False,True,False
ARR,"ARMOUR Residential REIT, Inc.",16.15,35.7,2698622978.0,63265940,15.5,-16.4,5,4,False,False,False,False,True,True,True,False,False,True,False
PSA,Public Storage Common Stock,301.33,35.7,52919916308.0,331747058,17.5,-10.2,5,4,False,False,False,False,True,True,True,False,False,True,False
FSK,FS KKR Capital Corp. Common Stock,12.25,35.6,3385168430.0,26244064,26.0,-32.7,0,2,False,False,False,True,False,False,False,True,False,False,False
UHT,Universal Health Realty Income Trust Common Stock,41.32,35.6,574293623.0,5438382,17.2,-10.8,5,5,False,False,False,True,True,True,True,False,False,True,False
BANC,"Banc of California, Inc. Common Stock",18.85,35.5,2977367472.0,61169185,23.0,-14.0,5,4,False,False,False,False,True,True,True,False,False,True,False
HIG,"The Hartford Insurance Group, Inc. Common Stock",137.21,35.5,37166347394.0,218097416,14.0,-6.1,2,5,False,False,False,True,True,True,True,False,False,True,False
IOT,Samsara Inc. Class A Common Stock,36.79,35.5,21437903917.0,198378489,57.4,-22.5,1,4,False,False,False,True,False,True,False,False,True,True,False
AMH,American Homes 4 Rent Common Shares of Beneficial Interest,32.99,35.4,11849346353.0,71432766,21.2,-7.4,2,5,False,False,False,True,True,True,True,False,False,True,False
TRP,TC Energy Corporation Common Stock,62.49,35.4,62490000000.0,156766043,26.8,-12.6,5,4,False,False,False,False,True,True,True,False,False,True,False
EVRG,"Evergy, Inc. - Common Stock",80.77,35.3,18622910482.0,173939185,14.7,-8.9,5,4,False,False,False,False,True,True,True,False,False,True,False
PRDO,Perdoceo Education Corporation - Common Stock,33.09,35.3,2070674750.0,23569768,24.1,-14.1,0,3,False,False,False,False,True,False,False,True,False,True,False
O,Realty Income Corporation Common Stock,61.5,35.3,58192409030.0,343538982,10.1,-9.5,5,4,False,False,False,False,True,True,True,False,False,True,False
MORN,"Morningstar, Inc. - Common Stock",209.8,35.2,7870347196.0,72518286,48.3,-19.9,0,4,False,False,False,True,False,False,False,True,True,True,False
AYI,Acuity Inc. Common Stock,330.59,35.2,9896392483.0,117606970,28.6,-13.0,0,2,False,False,False,True,False,False,False,False,False,True,False
ARQQ,Arqit Quantum Inc. - Ordinary Shares,20.54,35.1,494820616.0,11964209,78.3,-66.9,0,2,False,False,False,True,False,False,False,False,True,False,False
MHO,"M/I Homes, Inc. Common Stock",146.8,35.1,3711548951.0,36031017,25.7,-10.3,2,5,False,False,False,True,True,True,True,False,False,True,False
FTS,Fortis Inc. Common Shares,55.05,35.0,28125045000.0,42706110,13.2,-7.3,5,4,False,False,False,False,True,True,True,False,False,True,False
GIS,"General Mills, Inc. Common Stock",40.58,35.0,21695263974.0,363469121,27.8,-20.9,0,3,False,False,False,True,False,False,False,True,False,True,False
SPIR,"Spire Global, Inc. Class A Common Stock",11.91,35.0,483812439.0,10952641,80.5,-54.1,5,3,False,False,False,False,True,True,False,False,True,False,False
CME,CME Group Inc. - Class A Common Stock,277.77,34.9,99880331884.0,668930104,27.2,-15.6,1,4,False,False,False,False,True,True,False,True,False,True,False
WWW,"Wolverine World Wide, Inc. Common Stock",19.28,34.9,1582239016.0,15927883,43.1,-41.2,0,5,False,False,False,True,True,False,True,True,True,False,False
BRO,"Brown & Brown, Inc. Common Stock",72.04,34.8,24105330118.0,169568541,33.9,-25.8,0,3,False,False,False,True,False,False,False,True,True,False,False
BRX,Brixmor Property Group Inc. Common Stock,29.4,34.8,9022046090.0,70985051,19.2,-10.5,5,4,False,False,False,False,True,True,True,False,False,True,False
MAS,Masco Corporation Common Stock,70.94,34.8,13988476284.0,183425126,22.0,-15.2,5,5,False,False,False,True,True,True,True,False,False,True,False
MC,Moelis & Company Class A Common Stock,67.52,34.7,5284727471.0,58197229,32.2,-13.7,1,5,False,False,False,True,False,True,False,True,True,True,False
WOR,"Worthington Enterprises, Inc. Common Shares",59.54,34.7,2913100719.0,15600286,32.3,-10.4,1,7,False,False,False,True,True,True,True,True,True,True,False
BKU,"BankUnited, Inc. Common Stock",45.44,34.6,3236793395.0,44468187,29.5,-12.8,5,4,False,False,False,False,True,True,True,False,False,True,False
KRC,Kilroy Realty Corporation Common Stock,36.47,34.6,4241788792.0,47358007,33.3,-19.0,0,3,False,False,False,True,False,False,False,False,True,True,False
MCO,Moody's Corporation Common Stock,490.0,34.6,84868000000.0,418699446,21.8,-10.4,2,4,False,False,False,True,False,True,False,True,False,True,False
ULTA,"Ulta Beauty, Inc. - Common Stock",551.74,34.5,23591007050.0,323227947,24.4,-22.8,1,3,False,False,False,False,False,True,False,True,False,True,False
RYZ,Ryerson Holding Corporation Common Stock,26.29,34.5,1364415587.0,13419819,35.9,-17.8,5,6,False,False,False,True,True,True,True,False,True,True,False
OZK,Bank OZK - Common Stock,49.32,34.4,5579874030.0,59800731,16.4,-8.1,3,5,False,False,False,True,True,True,True,False,False,True,False
L,Loews Corporation Common Stock,108.94,34.4,22270355817.0,86481181,14.6,-10.0,5,4,False,False,False,False,True,True,True,False,False,True,False
PNW,Pinnacle West Capital Corporation Common Stock,97.38,34.3,11802186647.0,122480939,14.1,-12.4,5,4,False,False,False,False,True,True,True,False,False,True,False
RYAN,"Ryan Specialty Holdings, Inc. Class A Common Stock",42.34,34.3,10831197997.0,86243403,44.6,-28.5,0,3,False,False,False,True,False,False,False,True,True,False,False
WTM,"White Mountains Insurance Group, Ltd. Common Stock",2104.75,34.3,5023451025.0,41348086,27.7,-9.8,5,3,False,False,False,False,True,True,False,False,False,True,False
CRAI,"CRA International,Inc. - Common Stock",170.98,34.2,1073217523.0,25608811,29.4,-24.8,0,3,False,False,False,True,False,False,False,True,False,True,False
TRU,TransUnion Common Stock,82.39,34.2,15785924000.0,175443265,30.0,-13.7,1,5,False,False,False,True,False,True,False,True,True,True,False
HIFS,Hingham Institution for Savings - Common Stock,295.21,34.1,633933954.0,12799951,18.8,-12.7,5,5,False,False,False,True,True,True,True,False,False,True,False
ODFL,"Old Dominion Freight Line, Inc. - Common Stock",187.61,34.1,38902175853.0,353198073,48.9,-25.6,5,4,False,False,False,False,True,True,True,False,True,False,False
RMD,ResMed Inc. Common Stock,230.87,34.1,33303529886.0,317701124,28.1,-19.0,0,3,False,False,False,True,False,False,False,True,False,True,False
CWST,"Casella Waste Systems, Inc. - Class A Common Stock",93.4,34.0,5943980296.0,59253548,26.1,-13.5,2,4,False,False,False,True,False,True,False,True,False,True,False
EQX,Equinox Gold Corp. Common Shares,12.63,34.0,14745017552.0,145494092,48.9,-33.4,1,3,False,False,False,False,False,True,False,True,True,False,False
LIN,Linde plc - Ordinary Shares,487.45,33.9,224704780454.0,1073337919,25.7,-11.1,5,4,False,False,False,False,True,True,True,False,False,True,False
EMN,Eastman Chemical Company Common Stock,72.16,33.9,8253474699.0,81824267,28.6,-13.5,4,5,False,False,False,True,True,True,False,True,False,True,False
TDY,Teledyne Technologies Incorporated Common Stock,606.36,33.9,28108225880.0,231778143,25.5,-13.1,5,4,False,False,False,False,True,True,True,False,False,True,False
FLGT,"Fulgent Genetics, Inc. - Common Stock",20.04,33.8,551406472.0,5444618,48.9,-35.4,0,2,False,False,False,False,False,False,False,True,True,False,False
ECL,Ecolab Inc. Common Stock,279.9,33.8,78463975980.0,389484007,15.1,-9.5,2,6,False,False,False,True,True,True,True,True,False,True,False
NGS,"Natural Gas Services Group, Inc. Common Stock",35.3,33.7,455309461.0,5297185,38.3,-20.9,5,4,False,False,False,False,True,True,False,False,True,True,False
VRTS,"Virtus Investment Partners, Inc. Common Stock",156.77,33.7,1038239111.0,21606199,28.9,-23.0,1,3,False,False,False,True,False,True,False,False,False,True,False
HBAN,Huntington Bancshares Incorporated - Common Stock,16.88,33.6,34104602263.0,407762251,13.4,-13.3,3,3,False,False,False,True,False,True,False,False,False,True,False
DIS,Walt Disney Company (The) Common Stock,107.98,33.6,186447651678.0,1048477519,17.1,-9.9,0,3,False,False,False,True,False,False,False,True,False,True,False
UE,Urban Edge Properties Common Shares of Beneficial Interest,21.31,33.6,2690269570.0,20422295,15.4,-11.6,5,4,False,False,False,False,True,True,True,False,False,True,False
MTX,Minerals Technologies Inc. Common Stock,70.97,33.5,2209208239.0,18506741,31.6,-15.9,5,5,False,False,False,False,True,True,True,False,True,True,False
RSG,"Republic Services, Inc. Common Stock",222.52,33.5,68138511865.0,308614340,13.3,-5.4,1,6,False,False,False,True,True,True,True,True,False,True,False
REG,Regency Centers Corporation - Common Stock,75.81,33.4,13882368668.0,105112943,13.4,-9.4,5,4,False,False,False,False,True,True,True,False,False,True,False
STRA,"Strategic Education, Inc. - Common Stock",82.17,33.4,1824795123.0,23740630,17.9,-8.4,1,6,False,False,False,True,True,True,True,True,False,True,False
FCPT,"Four Corners Property Trust, Inc. Common Stock",24.73,33.4,2714275920.0,20445029,8.6,-7.9,4,5,False,False,False,True,True,True,True,False,False,True,False
ALB,Albemarle Corporation Common Stock,137.75,33.3,16255196602.0,289944762,93.3,-37.7,5,4,False,False,False,False,True,True,False,True,True,False,False
BMNR,"BitMine Immersion Technologies, Inc. Common Stock",23.06,33.3,13910400646.0,705858671,80.2,-64.8,0,3,False,False,False,True,False,False,False,True,True,False,False
JACK,Jack In The Box Inc. - Common Stock,15.86,33.2,304184174.0,16615951,77.8,-33.5,1,2,False,False,False,False,False,True,False,False,True,False,False
INVH,Invitation Homes Inc. Common Stock,28.84,33.2,17033573838.0,126017027,18.9,-7.4,2,5,False,False,False,True,True,True,True,False,False,True,False
TPL,Texas Pacific Land Corporation Common Stock,367.32,33.2,25335780560.0,143980923,36.4,-32.9,5,3,False,False,False,False,True,True,False,False,True,False,False
FFIN,"First Financial Bankshares, Inc. - Common Stock",33.22,33.1,4761339783.0,28841272,18.1,-12.2,2,5,False,False,False,True,True,True,True,False,False,True,False
CPK,Chesapeake Utilities Corporation Common Stock,130.86,33.1,3154570701.0,26914628,10.1,-7.1,5,5,False,False,False,True,True,True,True,False,False,True,False
TCBI,"Texas Capital Bancshares, Inc. - Common Stock",96.68,33.0,4203101995.0,49011407,28.2,-11.2,5,4,False,False,False,False,True,True,True,False,False,True,False
EME,"EMCOR Group, Inc. Common Stock",734.26,33.0,32388135908.0,347561334,30.0,-22.9,5,3,False,False,False,False,True,True,False,False,False,True,False
TRS,TriMas Corporation - Common Stock,39.19,32.9,1405897083.0,17343899,28.8,-13.7,5,5,False,False,False,True,True,True,True,False,False,True,False
CMI,Cummins Inc. Common Stock,550.9,32.9,75839365888.0,639752166,41.4,-25.3,5,4,False,False,False,False,True,True,True,False,True,False,False
VMI,"Valmont Industries, Inc. Common Stock",463.92,32.9,8955909723.0,105537518,28.7,-20.8,5,4,False,False,False,False,True,True,True,False,False,True,False
SWKS,"Skyworks Solutions, Inc. - Common Stock",71.67,32.8,10784384286.0,375497805,38.0,-21.2,0,6,False,False,False,True,True,False,True,True,True,True,False
TREX,"Trex Company, Inc. Common Stock",43.73,32.8,4454564759.0,90997894,46.9,-33.8,1,5,False,False,False,True,True,True,True,False,True,False,False
FIGR,"Figure Technology Solutions, Inc. - Class A Common Stock",33.19,32.7,7447101572.0,127299585,37.7,-57.4,0,2,False,False,False,False,False,False,False,True,True,False,False
ON,ON Semiconductor Corporation - Common Stock,72.34,32.7,28163308464.0,898670572,62.3,-46.4,5,3,False,False,False,False,True,True,False,False,True,False,False
CHT,"Chunghwa Telecom Co., Ltd.",43.48,32.7,33729377556.0,7641215,10.7,-6.5,3,6,False,False,False,True,True,True,True,True,False,True,False
DFIN,"Donnelley Financial Solutions, Inc. Common Stock ",47.87,32.6,1176902284.0,11687172,32.6,-16.6,0,4,False,False,False,True,False,False,False,True,True,True,False
SMG,Scotts Miracle-Gro Company (The) Common Stock,59.97,32.6,3491469832.0,63829098,15.3,-20.4,3,4,False,False,False,False,True,True,True,False,False,True,False
GMED,"Globus Medical, Inc. Class A Common Stock",80.66,32.5,10829565983.0,127138989,49.0,-20.5,5,3,False,False,False,False,False,True,False,False,True,True,False
PFGC,Performance Food Group Company Common Stock,99.32,32.5,15646180738.0,185080842,22.9,-15.5,3,5,False,False,False,True,True,True,True,False,False,True,False
TYG,Tortoise Energy Infrastructure Corporation Common Stock,43.19,32.5,515166131.0,6158319,7.0,-15.6,5,4,False,False,False,False,True,True,False,True,False,True,False
TCMD,"Tactile Systems Technology, Inc. - Common Stock",22.41,32.4,507637729.0,8280974,73.6,-40.7,5,2,False,False,False,False,False,True,False,False,True,False,False
CUBE,CubeSmart Common Shares,39.46,32.4,8884902503.0,86414710,12.5,-8.8,4,5,False,False,False,True,True,True,True,False,False,True,False
MAR,Marriott International - Class A Common Stock,333.14,32.3,86871681184.0,581820952,29.7,-18.9,5,4,False,False,False,False,True,True,True,False,False,True,False
BXSL,Blackstone Secured Lending Fund Common Shares of Beneficial Interest,24.68,32.3,,37956251,9.8,-17.5,1,4,False,False,False,True,False,True,False,True,False,True,False
ARES,Ares Management Corporation Class A Common Stock,138.06,32.2,45598074236.0,290542465,44.1,-26.1,0,3,False,False,False,True,False,False,False,True,True,False,False
GBCI,"Glacier Bancorp, Inc. Common Stock",46.4,32.2,6041834619.0,60068114,16.3,-15.0,5,4,False,False,False,False,True,True,True,False,False,True,False
NPKI,NPK International Inc. Common Stock,13.25,32.2,1125056096.0,13690476,31.1,-19.7,5,4,False,False,False,False,True,True,False,False,True,True,False
ECG,"Everus Construction Group, Inc. Common Stock",112.71,32.1,5755404956.0,83187038,54.4,-34.3,5,4,False,False,False,False,True,True,True,False,True,False,False
PRKS,United Parks & Resorts Inc. Common Stock,40.86,32.1,1852645886.0,29496859,42.0,-28.3,0,4,False,False,False,True,True,False,True,False,True,False,False
HLIT,Harmonic Inc. - Common Stock,11.79,32.0,1285893387.0,22842242,39.2,-33.3,5,4,False,False,False,False,True,True,True,False,True,False,False
MCHP,Microchip Technology Incorporated - Common Stock,72.76,32.0,39509312357.0,874925172,50.0,-31.3,5,3,False,False,False,False,True,True,False,False,True,False,False
BC,Brunswick Corporation Common Stock,74.45,32.0,4824168515.0,56497231,27.1,-17.5,5,4,False,False,False,False,True,True,True,False,False,True,False
ELS,"Equity Lifestyle Properties, Inc. Common Stock",63.12,31.9,12249358751.0,96762925,7.5,-8.5,5,4,False,False,False,False,True,True,True,False,False,True,False
GHC,Graham Holdings Company Common Stock,1113.13,31.9,4714025405.0,30257241,19.7,-11.8,5,4,False,False,False,False,True,True,True,False,False,True,False
LGIH,"LGI Homes, Inc. - Common Stock",53.45,31.8,1242620138.0,19472551,59.3,-23.1,2,6,False,False,False,True,True,True,True,False,True,True,False
NCI,Neo-Concept International Group Holdings Limited - Class A Ordinary Shares,13.48,31.8,31870521.0,6743269,426.6,-87.8,1,4,False,False,False,False,True,True,False,True,True,False,False
AXP,American Express Company Common Stock,329.98,31.7,222838738693.0,975188088,13.4,-14.8,0,1,False,False,False,False,False,False,False,False,False,True,False
FLG,"Flagstar Bank, N.A. Common Stock",13.49,31.7,5599602358.0,65460316,27.6,-12.6,5,4,False,False,False,False,True,True,True,False,False,True,False
PHIN,PHINIA Inc. Common Stock,67.82,31.7,2484795128.0,28926232,33.5,-22.0,5,5,False,False,False,False,True,True,True,False,True,True,False
AN,"AutoNation, Inc. Common Stock",205.84,31.6,6805236307.0,83628968,16.5,-12.7,1,4,False,False,False,True,False,True,False,True,False,True,False
MAGN,Magnera Corporation Common Stock,12.58,31.6,450364000.0,5641181,60.9,-18.9,2,4,False,False,False,True,False,True,False,False,True,True,False
CPA,"Copa Holdings, S.A. Class A Common Stock",128.88,31.5,5301936711.0,40161089,20.0,-19.7,5,4,False,False,False,False,True,True,True,False,False,True,False
RITM,Rithm Capital Corp. Common Stock,10.02,31.5,5595238451.0,52606590,18.9,-21.4,1,4,False,False,False,True,False,True,False,True,False,True,False
WPC,W. P. Carey Inc. REIT,70.58,31.5,16079315320.0,98533744,11.9,-8.6,5,4,False,False,False,False,True,True,True,False,False,True,False
HAPN,"Happen, Inc. - Common Stock",17.36,31.4,2003473575.0,32952136,33.0,-19.9,5,3,False,False,False,False,False,True,False,False,True,True,False
STRL,"Sterling Infrastructure, Inc. - Common Stock",457.6,31.4,13997305837.0,515054447,71.9,-54.5,5,4,False,False,False,False,True,True,True,False,True,False,False
ALKT,"Alkami Technology, Inc. - Common Stock",19.88,31.3,2126006562.0,29103032,42.2,-26.1,0,3,False,False,False,True,False,False,False,True,True,False,False
DTM,"DT Midstream, Inc. Common Stock ",128.89,31.3,13148751501.0,121504751,26.7,-15.7,5,4,False,False,False,False,True,True,True,False,False,True,False
HLT,Hilton Worldwide Holdings Inc. Common Stock ,311.51,31.3,70109970114.0,740782383,22.9,-13.0,5,4,False,False,False,False,True,True,True,False,False,True,False
WDFC,WD-40 Company - Common Stock,212.08,31.2,2846346040.0,36811466,20.9,-29.0,3,3,False,False,False,False,True,True,True,False,False,False,False
NFG,National Fuel Gas Company Common Stock,83.21,31.2,7908702688.0,51791133,10.7,-14.3,1,4,False,False,False,False,True,True,False,True,False,True,False
IBOC,International Bancshares Corporation - Common Stock,70.62,31.1,4391964719.0,25632562,11.7,-10.0,5,4,False,False,False,False,True,True,True,False,False,True,False
SMA,"SmartStop Self Storage REIT, Inc. Common Stock",32.46,31.1,1797274591.0,24959245,10.4,-18.4,0,4,False,False,False,True,True,False,True,False,False,True,False
COO,"The Cooper Companies, Inc.  - Common Stock",69.73,31.0,13599485830.0,154122095,18.4,-22.4,2,2,False,False,False,False,False,True,False,False,False,True,False
KYIV,Kyivstar Group Ltd. - Common Shares,13.59,31.0,3137436650.0,7881119,46.3,-17.9,5,4,False,False,False,True,False,True,False,False,True,True,False
FTV,Fortive Corporation Common Stock ,56.6,31.0,17094165143.0,156818559,21.6,-12.3,5,4,False,False,False,False,True,True,True,False,False,True,False
GRBK,"Green Brick Partners, Inc. Common Stock",70.98,30.9,3052899202.0,20149641,17.4,-14.7,5,5,False,False,False,True,True,True,True,False,False,True,False
ICE,Intercontinental Exchange Inc. Common Stock,157.85,30.9,88616119773.0,597529360,29.6,-10.8,1,4,False,False,False,True,False,True,False,True,False,True,False
PRMB,Primo Brands Corporation Class A Common Stock,22.05,30.8,7989906692.0,88062067,53.6,-15.9,2,6,False,False,False,True,True,True,True,False,True,True,False
SHW,Sherwin-Williams Company (The) Common Stock,331.25,30.8,80413637519.0,728319164,14.3,-12.3,1,2,False,False,False,False,False,True,False,False,False,True,False
SLGN,Silgan Holdings Inc. Common Stock,41.33,30.8,4367837887.0,54002336,15.8,-16.6,2,4,False,False,False,False,True,True,True,False,False,True,False
NOW,"ServiceNow, Inc. Common Stock",136.72,30.7,141368480000.0,2426691829,68.3,-29.8,0,3,False,False,False,True,False,False,False,True,True,False,False
OGE,OGE Energy Corp Common Stock,46.46,30.7,9597766594.0,67187742,11.4,-8.2,5,4,False,False,False,False,True,True,True,False,False,True,False
ERIE,Erie Indemnity Company - Class A Common Stock,258.41,30.6,11935717062.0,73547589,26.3,-27.2,0,2,False,False,False,True,False,False,False,True,False,False,False
FE,FirstEnergy Corp. Common Stock,46.29,30.6,26785242452.0,200527296,8.0,-11.6,5,4,False,False,False,False,True,True,True,False,False,True,False
FSS,Federal Signal Corporation Common Stock,115.12,30.6,7027110258.0,63517814,13.8,-14.4,1,4,False,False,False,False,True,True,True,False,False,True,False
CI,The Cigna Group Common Stock,282.84,30.5,74737779060.0,486203956,18.1,-10.3,0,4,False,False,False,True,True,False,True,False,False,True,False
IDA,"IDACORP, Inc. Common Stock",135.13,30.5,7816195271.0,79085313,10.5,-12.8,5,4,False,False,False,False,True,True,True,False,False,True,False
CMC,Commercial Metals Company Common Stock,69.15,30.4,7649672765.0,88344437,30.3,-18.5,5,5,False,False,False,False,True,True,False,True,True,True,False
POR,Portland General Electric Co Common Stock,48.69,30.4,5726320861.0,57992630,16.5,-10.9,5,4,False,False,False,False,True,True,True,False,False,True,False
BCC,"Boise Cascade, L.L.C. Common Stock",76.31,30.3,2662558995.0,30524943,17.4,-17.0,1,4,False,False,False,False,True,True,True,False,False,True,False
MDU,"MDU Resources Group, Inc. Common Stock (Holding Company)",19.81,30.3,4167022723.0,30935962,25.7,-13.8,5,3,False,False,False,False,True,True,False,False,False,True,False
MGM,MGM Resorts International Common Stock,41.44,30.3,10704911046.0,113800059,42.0,-19.7,5,6,False,False,False,True,True,True,True,False,True,True,False
GBDC,"Golub Capital BDC, Inc. - Closed End Fund",12.95,30.2,3362488078.0,14476148,10.0,-13.1,2,3,False,False,False,True,False,True,False,False,False,True,False
PPG,"PPG Industries, Inc. Common Stock",111.31,30.2,24744213000.0,206374600,19.2,-16.6,3,4,False,False,False,False,True,True,True,False,False,True,False
AEP,"American Electric Power Company, Inc. - Common Stock",123.57,30.1,67271180787.0,566147842,16.9,-12.1,5,4,False,False,False,False,True,True,True,False,False,True,False
CASH,"Pathward Financial, Inc. - Common Stock",81.84,30.1,1700091946.0,18478988,24.2,-19.2,5,3,False,False,False,False,True,True,False,False,False,True,False
KKR,KKR & Co. Inc. Common Stock,106.43,30.1,95535357014.0,464595953,28.7,-30.0,0,2,False,False,False,True,False,False,False,True,False,False,False
SMP,"Standard Motor Products, Inc. Common Stock",38.51,30.0,860324683.0,5917987,12.4,-16.3,1,6,False,False,False,True,True,True,True,True,False,True,False
VOYG,"Voyager Technologies, Inc. Class A Common Stock",33.27,30.0,2061667309.0,55356255,91.1,-36.5,1,6,False,False,False,True,True,True,True,True,True,False,False
JJSF,J & J Snack Foods Corp. - Common Stock,86.37,29.9,1613530483.0,19643740,25.4,-22.5,1,4,False,False,False,True,False,True,False,True,False,True,False
MOS,Mosaic Company (The) Common Stock,25.78,29.9,8195349754.0,183524892,30.2,-30.3,0,3,False,False,False,True,False,False,False,True,True,False,False
WMK,"Weis Markets, Inc. Common Stock",70.39,29.9,1741772183.0,12726866,17.3,-15.9,3,4,False,False,False,False,True,True,True,False,False,True,False
MYRG,"MYR Group, Inc. - Common Stock",282.65,29.8,4400648513.0,116089139,64.8,-43.9,5,4,False,False,False,False,True,True,True,False,True,False,False
OGS,"ONE Gas, Inc. Common Stock",79.95,29.8,5025358787.0,44074964,8.0,-11.9,5,4,False,False,False,False,True,True,False,True,False,True,False
FHB,"First Hawaiian, Inc. - Common Stock",25.75,29.7,3133276326.0,64949589,13.7,-15.8,5,4,False,False,False,False,True,True,True,False,False,True,False
ALG,"Alamo Group, Inc. Common Stock",171.31,29.7,2085008014.0,25397170,17.5,-22.1,0,3,False,False,False,True,False,False,False,True,False,True,False
CMCSA,Comcast Corporation - Class A Common Stock,26.81,29.6,95138946522.0,785317953,26.0,-18.4,1,5,False,False,False,True,True,True,False,True,False,True,False
MGRC,McGrath RentCorp - Common Stock,109.48,29.6,2674121585.0,21075972,15.3,-14.3,2,4,False,False,False,False,True,True,True,False,False,True,False
EMA,Emera Incorporated Common Shares,49.95,29.6,15344640000.0,24992538,9.1,-10.0,5,4,False,False,False,False,True,True,True,False,False,True,False
ITRI,"Itron, Inc. - Common Stock",96.12,29.5,4208782698.0,77039137,23.6,-32.3,0,2,False,False,False,True,False,False,False,True,False,False,False
STAG,"Stag Industrial, Inc. Common Stock",37.43,29.5,7216815754.0,65283437,8.8,-12.2,0,3,False,False,False,False,True,False,True,False,False,True,False
CAMT,Camtek Ltd. - Ordinary Shares,131.91,29.4,6140226749.0,76618282,74.1,-38.9,5,3,False,False,False,False,True,True,False,False,True,False,False
IMKTA,"Ingles Markets, Incorporated - Class A Common Stock",81.4,29.4,1546142206.0,10982331,22.2,-14.9,5,4,False,False,False,False,True,True,True,False,False,True,False
AEE,Ameren Corporation Common Stock,105.89,29.4,29314931848.0,179259163,9.7,-10.5,5,4,False,False,False,False,True,True,True,False,False,True,False
AXS,Axis Capital Holdings Limited Common Stock,99.67,29.3,7272552815.0,74714585,13.2,-16.9,4,4,False,False,False,False,True,True,True,False,False,True,False
RVLV,"Revolve Group, Inc. Class A Common Stock",21.84,29.3,1552505573.0,20336605,25.9,-31.1,2,1,False,False,False,False,False,True,False,False,False,False,False
AD,"Array Digital Infrastructure, Inc. Common Shares",37.96,29.2,3283540000.0,8705008,12.6,-37.6,5,4,False,False,False,True,True,True,False,True,False,False,False
SPOT,Spotify Technology S.A. Ordinary Shares,559.36,29.2,115134482303.0,890328679,38.1,-24.9,0,4,False,False,False,True,False,False,False,True,True,True,False
YUM,"Yum! Brands, Inc.",151.27,29.2,41281747128.0,395926835,10.2,-11.1,5,3,False,False,False,False,True,True,False,False,False,True,False
CVCO,"Cavco Industries, Inc. - Common Stock",561.85,29.1,4320290514.0,65301798,26.7,-21.2,5,3,False,False,False,True,False,True,False,False,False,True,False
WFG,West Fraser Timber Co. Ltd Common stock,66.9,29.1,5238525692.0,14834882,16.7,-13.1,1,5,False,False,False,True,True,True,True,False,False,True,False
EXR,Extra Space Storage Inc Common Stock,139.93,29.0,29562949251.0,162847449,11.3,-11.9,4,4,False,False,False,False,True,True,True,False,False,True,False
TM,Toyota Motor Corporation Common Stock,198.3,29.0,258462870965.0,76743535,19.4,-20.3,0,2,False,False,False,False,False,False,False,True,False,True,False
AIN,Albany International Corporation Common Stock,58.78,28.9,1669352000.0,18830455,42.8,-23.7,3,5,False,False,False,False,True,True,True,False,True,True,False
MSDL,Morgan Stanley Direct Lending Fund Common Stock,15.27,28.9,,7067700,11.8,-16.0,0,3,False,False,False,True,False,False,False,True,False,True,False
NEE,"NextEra Energy, Inc. Common Stock",83.1,28.9,173344789168.0,951377494,20.0,-15.8,5,3,False,False,False,False,True,True,False,False,False,True,False
OR,OR Royalties Inc. Common Shares,36.81,28.8,6901722754.0,34796453,33.7,-23.4,1,5,False,False,False,True,False,True,False,True,True,True,False
TXNM,"TXNM Energy, Inc. Common Stock",58.07,28.8,5983887666.0,70972021,4.4,-2.5,5,5,False,False,False,True,True,True,False,True,False,True,False
STEP,StepStone Group Inc. - Class A Common Stock,50.5,28.7,6094171734.0,63068063,30.0,-35.1,0,1,False,False,False,False,False,False,False,True,False,False,False
PII,Polaris Inc. Common Stock,61.72,28.7,3512085501.0,57387707,30.9,-20.9,5,3,False,False,False,False,False,True,False,False,True,True,False
SR,Spire Inc. Common Stock,82.77,28.7,4892767035.0,43310975,12.0,-13.2,0,3,False,False,False,False,True,False,False,True,False,True,False
CTSH,Cognizant Technology Solutions Corporation - Class A Common Stock,63.4,28.6,28558162851.0,473362281,71.0,-27.2,0,3,False,False,False,True,False,False,False,True,True,False,False
PG,Procter & Gamble Company (The) Common Stock,147.64,28.6,343179296978.0,1342637239,7.3,-11.7,0,4,False,False,False,True,True,False,False,True,False,True,False
GOLF,Acushnet Holdings Corp. Common Stock,86.87,28.5,5073646172.0,38580897,18.9,-27.4,5,3,False,False,False,False,True,True,True,False,False,False,False
LSPD,Lightspeed Commerce Inc. Subordinate Voting Shares,10.41,28.5,1387803601.0,8613291,33.0,-24.1,0,4,False,False,False,True,False,False,False,True,True,True,False
REXR,"Rexford Industrial Realty, Inc. Common Stock",36.63,28.5,8168054982.0,95925241,14.0,-17.5,0,3,False,False,False,True,False,False,False,True,False,True,False
SONO,"Sonos, Inc. - Common Stock",15.975,28.4,1889746315.0,29451269,28.4,-19.4,0,3,False,False,False,True,False,False,False,True,False,True,False
AIG,"American International Group, Inc. New Common Stock",76.13,28.4,39807856956.0,276383954,6.8,-12.8,2,2,False,False,False,False,False,True,False,False,False,True,False
GEHC,GE HealthCare Technologies Inc. - Common Stock,70.56,28.3,31870981941.0,299717715,20.1,-21.4,0,2,False,False,False,False,False,False,False,True,False,True,False
OWL,Blue Owl Capital Inc. Class A Common Stock,11.6,28.3,18085469787.0,207669241,45.9,-39.9,0,3,False,False,False,True,False,False,False,True,True,False,False
AGX,"Argan, Inc. Common Stock",410.4,28.2,5753498969.0,193345715,108.3,-49.1,5,4,False,False,False,False,True,True,True,False,True,False,False
STC,Stewart Information Services Corporation Common Stock,68.06,28.2,2077340864.0,16580550,19.2,-13.4,0,2,False,False,False,True,False,False,False,False,False,True,False
T,AT&T Inc.,25.95,28.2,177819407618.0,1436625540,30.5,-12.9,1,6,False,False,False,True,True,True,False,True,True,True,False
JBS,JBS N.V. Class A Common Shares,13.54,28.1,14500381192.0,76304539,17.8,-27.4,1,3,False,False,False,False,True,True,False,True,False,False,False
KT,KT Corporation Common Stock,19.65,28.1,9475035976.0,28245223,14.7,-20.1,1,4,False,False,False,False,True,True,False,True,False,True,False
BLBD,Blue Bird Corporation - Common Stock,61.71,28.0,1954728367.0,38449022,33.7,-26.0,5,4,False,False,False,False,True,True,True,False,True,False,False
PPLI,People Incorporated - Common Stock,38.91,28.0,2897391322.0,40766022,31.6,-19.5,5,5,False,False,False,False,True,True,True,False,True,True,False
DLB,Dolby Laboratories Common Stock,61.79,28.0,5787794843.0,53186281,28.0,-16.3,0,3,False,False,False,True,False,False,False,True,False,True,False
SAIL,"SailPoint, Inc. - Common Stock",18.31,27.9,10385120675.0,61350712,77.8,-23.7,0,4,False,False,False,True,False,False,False,True,True,True,False
TT,Trane Technologies plc,439.02,27.9,96594575167.0,556601522,26.1,-13.2,5,4,False,False,False,False,True,True,True,False,False,True,False
LKFN,Lakeland Financial Corporation - Common Stock,59.9,27.8,1488984616.0,11685550,10.2,-12.6,1,5,False,False,False,True,True,True,True,False,False,True,False
REYN,Reynolds Consumer Products Inc. - Common Stock,22.53,27.8,4749120824.0,33246483,10.2,-17.5,5,2,False,False,False,False,False,True,False,False,False,True,False
FWRD,Forward Air Corporation - Common Stock,15.98,27.7,539818175.0,10945736,103.3,-48.9,0,2,False,False,False,False,False,False,False,True,True,False,False
ABG,Asbury Automotive Group Inc Common Stock,213.07,27.7,3825014955.0,54010571,23.9,-18.9,0,1,False,False,False,False,False,False,False,False,False,True,False
IRT,"Independence Realty Trust, Inc. Common Stock",16.32,27.7,3847351333.0,45887399,11.8,-10.2,2,3,False,False,False,True,False,True,False,False,False,True,False
AEO,"American Eagle Outfitters, Inc. Common Stock",16.66,27.6,2791771728.0,76456470,32.2,-41.5,5,2,False,False,False,False,False,True,False,False,True,False,False
BJ,"BJ's Wholesale Club Holdings, Inc. Common Stock",92.75,27.6,11715687683.0,172659892,11.5,-12.3,1,4,False,False,False,False,True,True,False,True,False,True,False
ALV,"Autoliv, Inc. Common Stock",121.17,27.5,8874153584.0,79100471,22.2,-8.3,1,4,False,False,False,True,False,True,False,True,False,True,False
CPT,Camden Property Trust Common Stock,105.54,27.5,10610922999.0,103410393,9.3,-11.9,3,4,False,False,False,False,True,True,True,False,False,True,False
NAD,Nuveen Quality Municipal Income Fund Common Stock,11.41,27.5,,6846977,2.7,-7.3,5,4,False,False,False,False,True,True,True,False,False,True,False
RIOT,"Riot Platforms, Inc. - Common Stock",18.635,27.4,6992950254.0,415761248,62.0,-38.5,5,4,False,False,False,False,True,True,True,False,True,False,False
UDR,"UDR, Inc. Common Stock",36.59,27.4,11755057883.0,123580665,11.1,-12.9,3,4,False,False,False,False,True,True,True,False,False,True,False
EXE,Expand Energy Corporation - Common Stock,99.32,27.3,22992956323.0,318697480,16.9,-21.6,0,2,False,False,False,False,False,False,False,True,False,True,False
TRUP,"Trupanion, Inc. - Common Stock",28.26,27.3,1239839987.0,12933953,33.6,-39.8,0,2,False,False,False,False,False,False,False,True,True,False,False
LOAR,Loar Holdings Inc. Common Stock,67.74,27.3,6346457026.0,52037159,27.5,-18.8,0,2,False,False,False,True,False,False,False,False,False,True,False
KMT,Kennametal Inc. Common Stock,29.45,27.2,2244650198.0,43035460,44.7,-32.8,5,3,False,False,False,False,True,True,False,False,True,False,False
RQI,Cohen & Steers Quality Income Realty Fund Inc Common Shares,12.11,27.2,1626377941.0,8728587,7.2,-10.8,5,3,False,False,False,False,True,True,False,False,False,True,False
HEI,Heico Corporation Common Stock,322.9,27.1,45127666075.0,163610569,26.1,-14.3,3,3,False,False,False,True,False,True,False,False,False,True,False
WCN,"Waste Connections, Inc. Common Shares",164.09,27.1,41879874845.0,221178340,11.7,-11.4,0,1,False,False,False,False,False,False,False,False,False,True,False
LUNR,"Intuitive Machines, Inc. - Class A Common Stock",14.86,27.0,3401811650.0,163752587,91.0,-68.2,5,3,False,False,False,False,True,True,False,False,True,False,False
MMYT,MakeMyTrip Limited - Ordinary Shares,57.68,27.0,5425303624.0,46541056,76.6,-44.1,0,3,False,False,False,True,False,False,False,True,True,False,False
UI,Ubiquiti Inc. Common Stock,598.37,27.0,36218367339.0,68951100,18.3,-45.6,0,2,False,False,False,False,True,False,False,True,False,False,False
AWI,Armstrong World Industries Inc Common Stock,169.11,26.9,7147066505.0,79099495,12.5,-17.9,0,2,False,False,False,False,False,False,False,True,False,True,False
KTB,"Kontoor Brands, Inc. Common Stock ",72.49,26.9,3961840914.0,62867757,29.0,-18.5,5,4,False,False,False,False,True,True,True,False,False,True,False
INVA,"Innoviva, Inc. - Common Stock",21.35,26.8,1542441105.0,16551867,29.2,-15.1,5,3,False,False,False,False,True,True,False,False,False,True,False
SPGI,S&P Global Inc. Common Stock,431.71,26.8,127268108000.0,930842360,19.6,-17.4,0,3,False,False,False,True,False,False,False,True,False,True,False
WM,"Waste Management, Inc. Common Stock",219.04,26.8,87553613903.0,470896375,12.8,-11.7,2,4,False,False,False,False,True,True,True,False,False,True,False
ALGN,"Align Technology, Inc. - Common Stock",159.15,26.7,11305992446.0,164266769,30.5,-20.6,3,4,False,False,False,False,True,True,False,False,True,True,False
LBRT,Liberty Energy Inc. Class A common stock,20.11,26.7,3281779376.0,98043215,103.1,-41.7,5,3,False,False,False,False,True,True,False,False,True,False,False
ALMS,Alumis Inc. - Common Stock,10.35,26.6,1339654724.0,39973749,175.3,-67.0,5,4,False,False,False,False,True,True,True,False,True,False,False
FELE,"Franklin Electric Co., Inc. - Common Stock",97.59,26.6,4314596772.0,28624521,9.0,-15.7,5,4,False,False,False,False,True,True,True,False,False,True,False
SKYW,"SkyWest, Inc. - Common Stock",94.96,26.6,3687137742.0,41249953,21.9,-23.2,1,2,False,False,False,False,False,True,False,False,False,True,False
BBAR,Banco BBVA Argentina S.A. ADS,15.26,26.5,3116651935.0,11514941,96.6,-32.1,3,2,False,False,False,False,False,True,False,False,True,False,False
OBDC,Blue Owl Capital Corporation Common Stock,11.36,26.5,5602099584.0,42842704,8.0,-21.3,0,3,False,False,False,True,False,False,False,True,False,True,False
LNN,Lindsay Corporation Common Stock,120.11,26.4,1221384777.0,16709130,23.5,-18.8,0,3,False,False,False,True,False,False,False,True,False,True,False
NEA,Nuveen AMT-Free Quality Municipal Income Fund Common Shares of Beneficial Interest Par Value $.01,11.0,26.4,,9268066,2.2,-7.6,5,4,False,False,False,False,True,True,True,False,False,True,False
CBRE,CBRE Group Inc Common Stock Class A,142.06,26.3,41137066834.0,241147752,16.7,-18.5,0,1,False,False,False,False,False,False,False,False,False,True,False
GCO,Genesco Inc. Common Stock,33.52,26.3,372305735.0,6925266,52.8,-23.1,5,6,False,False,False,True,True,True,True,False,True,True,False
TOL,"Toll Brothers, Inc. Common Stock",140.7,26.3,12965082900.0,141911366,14.3,-16.4,5,4,False,False,False,False,True,True,True,False,False,True,False
PCOR,"Procore Technologies, Inc. Common Stock",59.49,26.2,9039823058.0,178661465,56.4,-27.7,0,3,False,False,False,True,False,False,False,True,True,False,False
STE,STERIS plc (Ireland) Ordinary Shares,230.35,26.2,22459150339.0,163584158,18.0,-14.5,0,2,False,False,False,False,False,False,False,True,False,True,False
BAM,Brookfield Asset Management Inc Class A Limited Voting Shares,49.67,26.1,79334762684.0,122035335,17.7,-20.6,0,3,False,False,False,True,False,False,False,True,False,True,False
EQT,EQT Corporation Common Stock,55.75,26.1,34872517000.0,380058845,16.3,-18.3,0,3,False,False,False,False,True,False,False,True,False,True,False
PHM,"PulteGroup, Inc. Common Stock",123.7,26.1,23187879198.0,213510302,14.0,-14.4,1,4,False,False,False,False,True,True,True,False,False,True,False
BZ,KANZHUN LIMITED - American Depository Shares,17.3,26.0,8006538662.0,73700892,37.6,-31.5,0,3,False,False,False,True,False,False,False,True,True,False,False
MTN,"Vail Resorts, Inc. Common Stock",136.3,26.0,4856849594.0,93400517,15.0,-16.6,2,3,False,False,False,True,False,True,False,False,False,True,False
XRAY,DENTSPLY SIRONA Inc. - Common Stock,11.29,25.9,2250705260.0,63363434,20.0,-24.0,0,3,False,False,False,False,True,False,True,False,False,True,False
LUV,Southwest Airlines Company Common Stock,38.61,25.9,18888328641.0,250313197,32.0,-29.9,5,4,False,False,False,False,True,True,True,False,True,False,False
TGS,Transportadora de Gas del Sur SA TGS Common Stock,29.67,25.9,4466884130.0,6413648,50.3,-18.4,5,4,False,False,False,False,False,True,False,True,True,True,False
DUK,Duke Energy Corporation (Holding Company) Common Stock,120.56,25.8,94000896388.0,512140034,5.8,-10.4,5,3,False,False,False,False,True,True,False,False,False,True,False
YOU,"Clear Secure, Inc. Class A Common Stock",44.03,25.8,5956734250.0,80117458,49.6,-36.3,5,4,False,False,False,False,True,True,True,False,True,False,False
DXC,DXC Technology Company Common Stock ,11.63,25.7,1858226153.0,42399069,47.2,-25.8,0,2,False,False,False,False,False,False,False,True,True,False,False
OTF,Blue Owl Technology Finance Corp. Common Stock,11.41,25.7,5227895288.0,27695359,17.0,-27.9,0,2,False,False,False,True,False,False,False,True,False,False,False
OSW,OneSpaWorld Holdings Limited - Common Shares,21.9,25.6,2222821793.0,25476680,14.9,-25.1,5,3,False,False,False,False,True,True,True,False,False,False,False
REAL,"The RealReal, Inc. - Common Stock",10.1,25.6,1228878262.0,37654265,38.4,-41.9,0,1,False,False,False,False,False,False,False,False,True,False,False
ZWS,Zurn Elkay Water Solutions Corporation Common Stock,46.9,25.6,7779026149.0,49316300,8.9,-14.7,5,4,False,False,False,False,True,True,True,False,False,True,False
APOG,"Apogee Enterprises, Inc. - Common Stock",38.06,25.5,794247270.0,10196637,23.8,-25.2,1,4,False,False,False,True,True,True,True,False,False,False,False
USLM,"United States Lime & Minerals, Inc. - Common Stock",115.47,25.5,3312645276.0,18809669,19.9,-18.4,0,2,False,False,False,False,False,False,False,True,False,True,False
HLNE,Hamilton Lane Incorporated - Class A Common Stock,103.16,25.4,5685213416.0,69337007,43.5,-33.7,0,2,False,False,False,False,False,False,False,True,True,False,False
AKR,Acadia Realty Trust Common Stock,20.39,25.4,2800214202.0,33056530,9.6,-11.5,5,4,False,False,False,False,True,True,True,False,False,True,False
SAP,SAP  SE ADS,209.69,25.4,257605052408.0,516668163,44.6,-25.5,0,3,False,False,False,True,False,False,False,True,True,False,False
H,Hyatt Hotels Corporation Class A Common Stock,165.02,25.3,15545148197.0,146239125,23.0,-20.2,5,4,False,False,False,False,True,True,True,False,False,True,False
JEF,Jefferies Financial Group Inc. Common Stock,52.9,25.3,10248988301.0,117709458,48.9,-25.5,1,3,False,False,False,True,False,True,False,False,True,False,False
LNT,Alliant Energy Corporation - Common Stock,67.74,25.2,17563945510.0,177631401,7.0,-14.0,5,4,False,False,False,False,True,True,True,False,False,True,False
ADC,Agree Realty Corporation Common Stock,72.63,25.2,9033669285.0,101322389,4.4,-11.5,5,4,False,False,False,False,True,True,True,False,False,True,False
ALC,Alcon Inc. Ordinary Shares,72.24,25.2,36098328000.0,137545908,16.8,-17.6,0,2,False,False,False,False,False,False,False,True,False,True,False
PHG,Koninklijke Philips N.V. NY Registry Shares,26.37,25.1,25918671833.0,27446461,10.6,-21.1,0,2,False,False,False,False,True,False,False,False,False,True,False
TPR,"Tapestry, Inc. Common Stock",123.14,25.1,24553091229.0,410125344,32.4,-25.3,5,3,False,False,False,False,True,True,False,False,True,False,False
EPAC,Enerpac Tool Group Corp. Common Stock,36.52,25.0,1867546832.0,17797878,12.9,-18.8,0,2,False,False,False,False,False,False,False,True,False,True,False
NVG,Nuveen AMT-Free Municipal Credit Income Fund ,11.92,25.0,,6150960,1.2,-12.3,5,4,False,False,False,False,True,True,True,False,False,True,False
LINE,"Lineage, Inc. - Common Stock",38.78,24.9,8830594265.0,40495605,23.8,-15.2,3,4,False,False,False,False,True,True,True,False,False,True,False
TRI,Thomson Reuters Corp - Common Shares,105.87,24.9,45862884000.0,197667865,38.8,-41.2,0,3,False,False,False,True,False,False,False,True,True,False,False
UPBD,"Upbound Group, Inc. - Common Stock",18.8,24.9,1096028814.0,20838125,18.8,-32.9,0,2,False,False,False,False,True,False,True,False,False,False,False
DSL,DoubleLine Income Solutions Fund Common Shares of Beneficial Interests,10.54,24.8,1075046567.0,5997169,0.5,-16.8,1,4,False,False,False,False,True,True,True,False,False,True,False
WRB,W.R. Berkley Corporation Common Stock,68.12,24.8,25288019275.0,132920104,8.4,-13.7,0,1,False,False,False,False,False,False,False,False,False,True,False
ROCK,"Gibraltar Industries, Inc. - Common Stock",44.24,24.7,1313215249.0,14383245,31.8,-41.1,0,1,False,False,False,False,False,False,False,False,True,False,False
PTY,Pimco Corporate & Income Opportunity Fund,11.76,24.7,,13556026,1.6,-19.9,0,2,False,False,False,False,False,False,False,True,False,True,False
YETI,"YETI Holdings, Inc. Common Stock",41.45,24.7,3025385594.0,68644393,30.9,-23.2,5,5,False,False,False,False,True,True,True,False,True,True,False
MGEE,MGE Energy Inc. - Common Stock,77.01,24.6,2909746764.0,17561402,6.7,-12.4,0,1,False,False,False,False,False,False,False,False,False,True,False
GDDY,GoDaddy Inc. Class A Common Stock,101.87,24.6,12901601606.0,185095143,42.3,-32.3,0,3,False,False,False,True,False,False,False,True,True,False,False
G,Genpact Limited Common Stock,37.49,24.5,6299609918.0,79909347,39.6,-22.9,0,4,False,False,False,True,False,False,False,True,True,True,False
NZF,Nuveen Municipal Credit Income Fund ,11.83,24.5,,6561755,0.0,-9.1,5,4,False,False,True,False,True,True,True,False,False,True,False
RBC,RBC Bearings Incorporated Common Stock,490.89,24.5,15541206778.0,140156125,34.7,-26.5,5,3,False,False,False,False,True,True,False,False,True,False,False
DOO,BRP Inc. - Common Subordinate Voting Shares,63.3,24.4,4674491869.0,13402542,29.6,-22.7,0,2,False,False,False,False,False,False,False,True,False,True,False
PLAB,"Photronics, Inc. - Common Stock",27.87,24.4,1643318263.0,39503874,39.0,-50.2,5,3,False,False,False,False,True,True,False,False,True,False,False
ENB,Enbridge Inc Common Stock,50.31,24.3,109856810299.0,236207278,11.7,-13.9,5,4,False,False,False,False,True,True,True,False,False,True,False
NNI,"Nelnet, Inc. Common Stock",127.26,24.3,4553291280.0,17286214,9.1,-11.9,0,1,False,False,False,False,False,False,False,False,False,True,False
DORM,"Dorman Products, Inc. - Common Stock",128.54,24.2,3814503938.0,40522552,30.6,-23.0,0,3,False,False,False,True,False,False,False,False,True,True,False
USAR,"USA Rare Earth, Inc. - Common Stock",17.85,24.2,4368253767.0,210603820,55.9,-59.4,0,3,False,False,False,False,True,False,False,True,True,False,False
TNL,Travel   Leisure Co. Common  Stock,67.22,24.2,4114148475.0,54137022,15.8,-17.0,5,4,False,False,False,False,True,True,True,False,False,True,False
BBSI,"Barrett Business Services, Inc. - Common Stock",33.71,24.1,816967918.0,9023856,33.1,-32.1,0,2,False,False,False,True,False,False,False,False,True,False,False
AON,Aon plc Class A Ordinary Shares (Ireland),330.88,24.1,70188063602.0,476081953,8.6,-13.5,2,2,False,False,False,False,False,True,False,False,False,True,False
CLF,Cleveland-Cliffs Inc. Common Stock,12.42,24.0,7086107384.0,229326648,60.7,-25.6,0,3,False,False,False,True,False,False,False,True,True,False,False
HLF,Herbalife Ltd. Common Shares,12.16,24.0,1274409101.0,20853952,60.8,-40.4,5,3,False,False,False,False,True,True,False,False,True,False,False
YUMC,"Yum China Holdings, Inc. Common Stock",44.75,24.0,15325001586.0,71898459,11.5,-23.4,2,4,False,False,False,False,True,True,False,True,False,True,False
ALGM,"Allegro MicroSystems, Inc. - Common Stock",35.47,23.9,6611680572.0,138137186,58.3,-50.6,5,4,False,False,False,False,True,True,True,False,True,False,False
ATO,Atmos Energy Corporation Common Stock,167.68,23.9,28336000567.0,187005333,4.7,-12.9,0,2,False,False,False,False,True,False,False,False,False,True,False
CNXC,Concentrix Corporation - Common Stock,32.37,23.8,1975163990.0,41657567,69.3,-44.1,0,3,False,False,False,True,False,False,False,True,True,False,False
MAA,"Mid-America Apartment Communities, Inc. Common Stock",128.61,23.8,14921583890.0,132898903,6.9,-12.2,2,2,False,False,False,False,False,True,False,False,False,True,False
NXE,Nexgen Energy Ltd. Common Shares,10.22,23.8,6852572352.0,48284625,39.4,-26.8,5,4,False,False,False,False,True,True,False,True,True,False,False
CAR,"Avis Budget Group, Inc. - Common Stock",137.84,23.7,4869301931.0,81487847,60.4,-83.7,0,2,False,False,False,False,True,False,False,False,True,False,False
HUBB,Hubbell Inc Common Stock,450.08,23.7,23778883556.0,265255795,11.5,-20.4,5,3,False,False,False,False,True,True,False,False,False,True,False
AAL,"American Airlines Group, Inc. - Common Stock",13.11,23.6,8678426058.0,1546713700,29.9,-30.2,5,1,False,False,False,False,False,True,False,False,False,False,False
CNP,"CenterPoint Energy, Inc (Holding Co) Common Stock",39.51,23.6,26026038579.0,280801580,8.0,-12.7,5,3,False,False,False,False,True,True,False,False,False,True,False
IRMD,iRadimed Corporation - Common Stock,86.17,23.5,1101855014.0,11657703,27.0,-20.1,5,2,False,False,False,False,False,True,False,False,False,True,False
DTE,DTE Energy Company Common Stock,136.05,23.5,28310381787.0,186562236,7.8,-12.6,5,4,False,False,False,False,True,True,True,False,False,True,False
WRBY,Warby Parker Inc. Class A Common Stock,23.91,23.5,2955468571.0,70417064,59.8,-22.9,2,5,False,False,False,False,True,True,True,False,True,True,False
AVGO,Broadcom Inc. - Common Stock,367.24,23.4,1747173751914.0,8136585225,26.7,-25.8,5,3,False,False,False,False,True,True,True,False,False,False,False
GTES,Gates Industrial Corporation Ltd. Common Shares,24.91,23.4,6305995645.0,53827861,19.3,-17.9,5,4,False,False,False,False,True,True,True,False,False,True,False
XEL,Xcel Energy Inc. - Common Stock,75.51,23.3,47166136446.0,398746443,5.9,-10.4,0,3,False,False,False,False,True,False,True,False,False,True,False
APG,APi Group Corporation Common Stock,39.36,23.3,17009829290.0,115601377,17.8,-21.3,5,3,False,False,False,False,True,True,False,False,False,True,False
PDO,PIMCO Dynamic Income Opportunities Fund Common Shares of Beneficial Interest,12.45,23.3,1818439094.0,8428749,0.7,-12.6,5,2,False,False,False,False,False,True,False,False,False,True,False
BANF,BancFirst Corporation - Common Stock,111.13,23.2,3733828532.0,17734983,9.5,-19.9,1,4,False,False,False,False,True,True,True,False,False,True,False
DSGX,The Descartes Systems Group Inc. - Common Stock,78.49,23.2,6725873011.0,40385205,25.5,-28.0,0,2,False,False,False,True,False,False,False,True,False,False,False
COST,Costco Wholesale Corporation - Common Stock,928.48,23.1,411761199938.0,2080557729,10.0,-15.3,5,3,False,False,False,False,True,True,False,False,False,True,False
POWI,"Power Integrations, Inc. - Common Stock",50.3,23.1,2810426889.0,53143995,63.0,-44.8,5,4,False,False,False,False,True,True,True,False,True,False,False
RRR,"Red Rock Resorts, Inc. - Class A Common Stock",56.84,23.0,5969120183.0,45872174,12.5,-17.6,3,4,False,False,False,False,True,True,True,False,False,True,False
BCO,Brinks Company (The) Common Stock,107.47,23.0,4426649966.0,58029898,18.0,-21.2,1,2,False,False,False,False,False,True,False,False,False,True,False
CRC,California Resources Corporation Common Stock,53.57,23.0,4758081668.0,43291934,23.9,-25.6,1,3,False,False,False,False,True,True,False,True,False,False,False
BDC,Belden Inc Common Stock,115.76,22.9,4523691390.0,59159105,18.1,-27.6,1,2,False,False,False,False,True,True,False,False,False,False,False
SUI,"Sun Communities, Inc. Common Stock",121.24,22.9,14767148027.0,226629764,4.6,-12.0,1,4,False,False,False,False,True,True,False,True,False,True,False
SO,Southern Company (The) Common Stock,88.31,22.8,101588553527.0,509052678,5.4,-12.4,0,3,False,False,False,False,True,False,True,False,False,True,False
TSLX,"Sixth Street Specialty Lending, Inc. Common Stock",18.2,22.8,1735245130.0,9575100,13.5,-26.6,0,1,False,False,False,False,False,False,False,True,False,False,False
TYL,"Tyler Technologies, Inc. Common Stock",374.88,22.8,15352188477.0,288340700,38.5,-33.8,0,3,False,False,False,True,False,False,False,True,True,False,False
RCI,"Rogers Communication, Inc. Common Stock",36.65,22.7,19799219789.0,43929859,16.8,-10.9,0,3,False,False,False,True,False,False,False,True,False,True,False
WAL,Western Alliance Bancorporation Common Stock (DE),79.12,22.7,8632060360.0,83358677,20.2,-18.6,1,2,False,False,False,False,False,True,False,False,False,True,False
DOLE,Dole plc Ordinary Shares,14.06,22.6,1328090826.0,14848715,12.3,-15.1,2,3,False,False,False,False,False,True,False,True,False,True,False
EPRT,"Essential Properties Realty Trust, Inc. Common Stock",29.97,22.6,6481701930.0,54858637,3.5,-13.7,5,3,False,False,False,False,True,True,False,False,False,True,False
IT,"Gartner, Inc. Common Stock",186.75,22.6,11793071268.0,226575460,50.3,-29.8,0,3,False,False,False,True,False,False,False,True,True,False,False
EXC,Exelon Corporation - Common Stock,43.97,22.5,45388206929.0,374520854,3.3,-13.2,0,2,False,False,False,False,True,False,False,False,False,True,False
GVA,Granite Construction Incorporated Common Stock,119.03,22.5,5209289625.0,113666018,22.4,-26.6,5,2,False,False,False,False,True,True,False,False,False,False,False
CSL,Carlisle Companies Incorporated Common Stock,341.93,22.4,13579453497.0,204009425,16.5,-21.0,2,4,False,False,False,False,True,True,True,False,False,True,False
RL,Ralph Lauren Corporation Common Stock,336.5,22.4,20049423424.0,236708855,14.9,-20.2,5,4,False,False,False,False,True,True,True,False,False,True,False
CPB,The Campbell's Company - Common Stock,23.78,22.3,7091344459.0,141333308,21.6,-30.4,0,2,False,False,False,True,False,False,False,True,False,False,False
MIDD,The Middleby Corporation - Common Stock,112.44,22.3,5084800922.0,86146522,26.1,-24.3,4,4,False,False,False,False,True,True,True,False,False,True,False
GPOR,Gulfport Energy Corporation Common Shares,180.45,22.3,3191053620.0,66276828,21.0,-20.1,0,2,False,False,False,False,False,False,False,True,False,True,False
BCE,"BCE, Inc. Common Stock",23.4,22.2,21821104118.0,82297786,12.1,-11.8,1,4,False,False,False,False,True,True,False,True,False,True,False
WEC,"WEC Energy Group, Inc. Common Stock",105.73,22.2,34452055265.0,245871679,2.7,-11.8,0,2,False,False,False,False,True,False,False,False,False,True,False
OLMA,"Olema Pharmaceuticals, Inc. - Common Stock",10.83,22.1,947599084.0,14323353,102.1,-70.1,5,2,False,False,False,False,False,True,False,False,True,False,False
AA,Alcoa Corporation Common Stock ,51.05,22.1,13472577167.0,279339368,69.0,-39.5,5,4,False,False,False,False,True,True,False,True,True,False,False
WY,Weyerhaeuser Company Common Stock,23.19,22.1,16713867840.0,129986029,9.6,-16.4,1,3,False,False,False,False,True,True,False,False,False,True,False
MIAX,"Miami International Holdings, Inc. Common Stock",40.62,22.0,4030759077.0,69646494,19.4,-28.9,0,0,False,False,False,False,False,False,False,False,False,False,False
PPL,PPL Corporation Common Stock,34.54,22.0,25992898808.0,304372918,4.1,-13.9,0,2,False,False,False,False,True,False,False,False,False,True,False
BA,Boeing Company (The) Common Stock,208.87,21.9,165084586077.0,1237015263,18.2,-17.9,2,3,False,False,False,False,True,True,False,False,False,True,False
NYT,New York Times Company (The) Common Stock,67.68,21.9,10862833700.0,135910062,25.1,-22.3,5,3,False,False,False,False,True,True,False,False,False,True,False
UTG,Reaves Utility Income Fund Common Shares of Beneficial Interest,37.71,21.9,,11104164,5.3,-14.1,5,3,False,False,False,False,True,True,False,False,False,True,False
AKAM,"Akamai Technologies, Inc. - Common Stock",105.09,21.8,15103178440.0,418010444,48.4,-36.5,5,4,False,False,False,False,True,True,True,False,True,False,False
INSM,Insmed Incorporated - Common Stock,126.63,21.8,27653649725.0,315135804,40.1,-40.5,0,2,False,False,False,False,False,False,False,True,True,False,False
BTI,"British American Tobacco  Industries, p.l.c. Common Stock ADR",55.68,21.7,120707021144.0,258330754,11.6,-17.3,5,4,False,False,False,False,True,True,True,False,False,True,False
DEI,"Douglas Emmett, Inc. Common Stock",11.33,21.7,1897608075.0,22433606,25.3,-33.3,0,3,False,False,False,True,True,False,True,False,False,False,False
ENSG,"The Ensign Group, Inc. - Common Stock",172.7,21.6,10065376352.0,103347949,22.0,-20.8,0,2,False,False,False,False,True,False,False,False,False,True,False
FIZZ,National Beverage Corp. - Common Stock,32.09,21.6,3004115041.0,15831257,6.9,-24.0,1,5,False,False,False,True,True,True,False,True,False,True,False
IBP,"Installed Building Products, Inc. Common Stock",235.52,21.6,6259927767.0,87160281,22.0,-32.5,0,1,False,False,False,False,False,False,False,True,False,False,False
PPTA,Perpetua Resources Corp. - Common Shares,24.47,21.5,3061094299.0,26612358,48.9,-34.5,1,3,False,False,False,False,False,True,False,True,True,False,False
SSD,"Simpson Manufacturing Company, Inc. Common Stock",177.56,21.5,7277240136.0,57313944,13.6,-16.8,5,4,False,False,False,False,True,True,True,False,False,True,False
ADBE,Adobe Inc. - Common Stock,279.79,21.4,111216525000.0,1277354558,47.2,-24.6,0,4,False,False,False,True,False,False,False,True,True,True,False
GGG,Graco Inc. Common Stock,77.66,21.4,12577333972.0,144520276,7.1,-18.8,1,2,False,False,False,False,False,True,False,False,False,True,False
UBER,"Uber Technologies, Inc. Common Stock",76.45,21.4,156153721250.0,1405674789,16.9,-25.0,0,1,False,False,False,False,False,False,False,True,False,False,False
PEP,"PepsiCo, Inc. - Common Stock",140.52,21.3,191794561730.0,1121747652,5.1,-18.1,0,3,False,False,False,False,True,False,False,True,False,True,False
ZS,"Zscaler, Inc. - Common Stock",172.73,21.3,27932086253.0,380105688,50.7,-48.7,0,2,False,False,False,False,False,False,False,True,True,False,False
RKLB,Rocket Lab Corporation - Common Stock,63.1,21.2,37762809531.0,1537281098,68.0,-58.2,5,3,False,False,False,False,True,True,False,False,True,False,False
STRT,STRATTEC SECURITY CORPORATION - Common Stock,73.07,21.2,291184900.0,7923256,28.2,-21.4,5,4,False,False,False,False,True,True,True,False,False,True,False
IIIN,"Insteel Industries, Inc. Common Stock",30.34,21.2,587329214.0,7594897,24.6,-24.0,1,2,False,False,False,False,False,True,False,False,False,True,False
EEFT,"Euronet Worldwide, Inc. - Common Stock",72.965,21.1,2729153309.0,49434834,16.7,-21.2,0,2,False,False,False,True,False,False,False,False,False,True,False
SBGI,"Sinclair, Inc. - Class A Common Stock",13.75,21.1,994373325.0,7707277,10.4,-23.1,5,2,False,False,False,False,False,True,False,False,False,True,False
WAY,Waystar Holding Corp. - Common Stock,25.72,21.0,4931769260.0,65254436,49.0,-38.0,0,3,False,False,False,True,False,False,False,True,True,False,False
TDC,Teradata Corporation Common Stock,28.26,21.0,2628180000.0,98263821,39.6,-32.4,5,2,False,False,False,False,False,True,False,False,True,False,False
PIPR,Piper Sandler Companies Common Stock,75.19,20.9,5313699180.0,45606322,9.5,-20.9,0,2,False,False,False,False,False,False,False,True,False,True,False
PUK,Prudential Public Limited Company Common Stock,27.29,20.9,34866235636.0,28194059,10.9,-19.8,5,2,False,False,False,False,False,True,False,False,False,True,False
TSN,"Tyson Foods, Inc. Common Stock",55.81,20.9,19634042385.0,175032321,10.4,-19.7,5,3,False,False,False,False,True,True,False,False,False,True,False
DMC,Del Monte Corporation Ordinary Shares,32.37,20.8,1526123077.0,12086403,22.3,-25.7,0,1,False,False,False,False,False,False,False,True,False,False,False
IR,Ingersoll Rand Inc. Common Stock,75.0,20.8,29099957175.0,330833204,10.2,-25.7,2,2,False,False,False,False,True,True,False,False,False,False,False
COLM,Columbia Sportswear Company - Common Stock,56.86,20.7,2910845011.0,38546875,19.8,-17.7,4,4,False,False,False,False,True,True,True,False,False,True,False
MSCI,MSCI Inc. Common Stock,560.63,20.7,40757801000.0,408296738,11.9,-13.0,4,4,False,False,False,False,True,True,True,False,False,True,False
UHS,"Universal Health Services, Inc. Common Stock",167.49,20.7,9871276897.0,136603876,19.6,-32.0,0,1,False,False,False,False,False,False,False,True,False,False,False
MRCY,Mercury Systems Inc - Common Stock,82.57,20.6,4965440502.0,76535168,27.0,-35.7,5,3,False,False,False,False,True,True,True,False,False,False,False
RIVN,"Rivian Automotive, Inc. - Class A Common Stock",15.61,20.6,22601104434.0,515043118,26.0,-31.2,5,1,False,False,False,False,False,True,False,False,False,False,False
PENN,"PENN Entertainment, Inc. - Common Stock",16.89,20.5,2264384722.0,61922548,45.0,-24.5,3,5,False,False,False,False,True,True,True,False,True,True,False
SBAC,SBA Communications Corporation - Class A Common Stock,186.42,20.5,19776945466.0,181971201,14.8,-16.9,0,3,False,False,False,False,True,False,False,True,False,True,False
TEL,TE Connectivity plc Ordinary Shares,202.21,20.5,58542469834.0,494853447,6.3,-19.9,0,1,False,False,False,False,False,False,False,False,False,True,False
BR,"Broadridge Financial Solutions, Inc. Common Stock",178.06,20.4,20302721352.0,206522914,33.0,-30.6,0,3,False,False,False,True,False,False,False,True,True,False,False
CHCT,Community Healthcare Trust Incorporated Common Stock,14.9,20.4,426942246.0,5175500,12.6,-22.3,5,4,False,False,False,False,True,True,True,False,False,True,False
DAKT,"Daktronics, Inc. - Common Stock",19.13,20.3,924090451.0,11606042,13.3,-32.3,1,2,False,False,False,False,True,True,False,False,False,False,False
IP,International Paper Company Common Stock,36.3,20.3,19223387189.0,192728074,24.1,-27.8,0,0,False,False,False,False,False,False,False,False,False,False,False
CEG,Constellation Energy Corporation - Common Stock When-Issued,290.04,20.2,102763312205.0,776775543,26.9,-29.7,0,1,False,False,False,False,False,False,False,True,False,False,False
CRI,"Carter's, Inc. Common Stock",32.41,20.2,1189809506.0,40983893,19.4,-27.1,5,3,False,False,False,False,True,True,True,False,False,False,False
MTH,Meritage Homes Corporation Common Stock,67.37,20.2,4390778645.0,61647201,16.1,-21.1,2,4,False,False,False,False,True,True,True,False,False,True,False
ARE,"Alexandria Real Estate Equities, Inc. Common Stock",52.72,20.1,9186331890.0,97334355,33.8,-40.3,0,3,False,False,False,True,False,False,False,True,True,False,False
CAAP,Corporacion America Airports SA Common Shares,24.18,20.1,3994998950.0,5244258,39.3,-20.7,5,4,False,False,False,False,True,True,False,False,True,True,False
QCOM,QUALCOMM Incorporated - Common Stock,169.96,20.0,178497757213.0,2410976968,39.3,-34.6,0,2,False,False,False,True,False,False,False,False,True,False,False
MKC,"McCormick & Company, Incorporated Common Stock",53.8,20.0,14464213498.0,180961542,20.0,-25.7,0,1,False,False,False,False,False,False,False,True,False,False,False
NHI,"National Health Investors, Inc. Common Stock",71.51,20.0,3511887135.0,47193889,5.3,-21.7,2,3,False,False,False,False,True,True,False,False,False,True,False
ATMU,Atmus Filtration Technologies Inc. Common Stock,47.29,19.9,3858652472.0,35773080,11.0,-28.9,5,2,False,False,False,False,True,True,False,False,False,False,False
HOV,"Hovnanian Enterprises, Inc. Class A Common Stock",117.69,19.9,701419454.0,18789200,28.6,-27.4,1,3,False,False,False,False,True,True,True,False,False,False,False
WMG,Warner Music Group Corp. - Class A Common Stock,28.35,19.8,14830161951.0,56752797,21.5,-20.0,0,3,False,False,False,True,False,False,False,True,False,True,False
AVA,Avista Corporation Common Stock,37.25,19.8,3119792918.0,26429756,4.9,-14.4,5,3,False,False,False,False,True,True,False,False,False,True,False
WS,"Worthington Steel, Inc. Common Shares",36.02,19.8,1835097216.0,10277677,32.3,-26.7,5,4,False,False,False,False,True,True,False,True,True,False,False
ALH,Alliance Laundry Holdings Inc. Common Stock,22.44,19.7,4460827314.0,28719986,20.4,-20.5,0,3,False,False,False,False,True,False,True,False,False,True,False
CCJ,Cameco Corporation Common Stock,96.38,19.7,41976668420.0,311216488,31.7,-28.7,5,4,False,False,False,False,True,True,False,True,True,False,False
RPM,RPM International Inc. Common Stock,103.23,19.6,13186745961.0,130338740,11.1,-19.7,1,4,False,False,False,False,True,True,True,False,False,True,False
VNT,Vontier Corporation Common Stock ,32.48,19.6,4391296000.0,48797593,19.2,-32.6,0,1,False,False,False,False,False,False,False,True,False,False,False
GLXY,Galaxy Digital Inc. - Class A common stock,24.06,19.5,9404791505.0,160006086,46.4,-47.6,0,2,False,False,False,False,False,False,False,True,True,False,False
IMXI,"International Money Express, Inc. - Common Stock",14.385,19.5,434594254.0,7648671,29.0,-9.8,0,2,False,False,False,False,False,False,False,True,False,True,False
SUPN,"Supernus Pharmaceuticals, Inc. - Common Stock",44.03,19.5,2559332382.0,42207518,3.7,-26.2,0,1,False,False,False,False,True,False,False,False,False,False,False
GIII,"G-III Apparel Group, LTD. - Common Stock",28.47,19.4,1201165613.0,17957588,15.7,-24.2,5,4,False,False,False,False,True,True,True,False,False,True,False
INGR,Ingredion Incorporated Common Stock,102.6,19.4,6470364245.0,69563185,8.6,-21.3,0,2,False,False,False,False,False,False,False,True,False,True,False
TTWO,"Take-Two Interactive Software, Inc. - Common Stock",216.14,19.3,40413952950.0,582171374,15.2,-18.7,0,1,False,False,False,False,False,False,False,False,False,True,False
TW,Tradeweb Markets Inc. - Class A Common Stock,103.47,19.3,24214904269.0,158539999,13.2,-19.0,0,3,False,False,False,False,True,False,False,True,False,True,False
EFOR,"Everforth, Inc. Common Stock",30.88,19.3,1266080000.0,22881553,82.7,-43.8,0,2,False,False,False,False,False,False,False,True,True,False,False
TAP,Molson Coors Beverage Company Class B Common Stock,40.54,19.2,7558842444.0,121242151,6.6,-26.0,0,0,False,False,False,False,False,False,False,False,False,False,False
TKO,"TKO Group Holdings, Inc. Class A Common Stock",189.79,19.2,35921498830.0,224054219,7.8,-16.4,1,2,False,False,False,False,False,True,False,False,False,True,False
DPZ,Domino's Pizza Inc - Common Stock,346.68,19.1,11468775890.0,308115952,22.9,-26.1,0,1,False,False,False,False,False,False,False,True,False,False,False
MBUU,"Malibu Boats, Inc. - Common Stock",27.06,19.1,532467089.0,6711028,13.5,-22.8,0,1,False,False,False,False,False,False,False,False,False,True,False
ECVT,Ecovyst Inc. Common Stock,10.37,19.0,1135187287.0,18221933,39.9,-31.3,5,3,False,False,False,False,True,True,False,False,True,False,False
GAP,"Gap, Inc. (The) Common Stock",22.06,19.0,7749019222.0,157265642,21.8,-24.9,0,2,False,False,False,False,False,False,False,True,False,True,False
HCA,"HCA Healthcare, Inc. Common Stock",402.06,19.0,87046593090.0,590449950,13.6,-27.8,0,1,False,False,False,False,False,False,False,True,False,False,False
CHH,"Choice Hotels International, Inc. Common Stock",100.4,18.9,4536015776.0,61403575,19.5,-18.9,2,4,False,False,False,False,True,True,True,False,False,True,False
PBH,Prestige Consumer Healthcare Inc. Common Stock,52.83,18.9,2502795997.0,27970072,24.0,-25.7,0,1,False,False,False,False,False,False,False,True,False,False,False
ECHO,EchoStar Corporation - Common stock,86.69,18.8,25182639477.0,488607191,43.6,-41.1,5,3,False,False,False,False,True,True,False,False,True,False,False
DOV,Dover Corporation Common Stock,188.9,18.8,25441094503.0,237223015,18.8,-20.5,5,3,False,False,False,False,True,True,False,False,False,True,False
HRL,Hormel Foods Corporation Common Stock,22.05,18.8,12135235140.0,106233431,11.9,-17.1,2,4,False,False,False,False,True,True,True,False,False,True,False
MKL,Markel Group Inc. Common Stock,1816.0601,18.7,22500907125.0,129367683,5.6,-17.7,0,1,False,False,False,False,False,False,False,False,False,True,False
SRE,DBA Sempra Common Stock,83.79,18.7,54790310159.0,335767224,6.1,-17.1,0,2,False,False,False,False,True,False,False,False,False,True,False
GNTX,Gentex Corporation - Common Stock,22.86,18.6,4816220947.0,62331119,11.6,-22.2,0,3,False,False,False,False,True,False,True,False,False,True,False
SFD,"Smithfield Foods, Inc. - Common Stock",22.4,18.6,8820390454.0,33794796,6.3,-24.8,5,3,False,False,False,False,True,True,False,False,False,True,False
FERG,Ferguson Enterprises Inc. Common Stock,221.23,18.6,42797544582.0,623692341,6.5,-18.6,0,2,False,False,False,False,True,False,False,False,False,True,False
RYN,Rayonier Inc. REIT Common Stock,20.23,18.5,6019786297.0,60693645,3.8,-25.2,0,0,False,False,False,False,False,False,False,False,False,False,False
TRN,"Trinity Industries, Inc. Common Stock",28.0,18.5,2230745608.0,24379225,13.1,-26.9,5,3,False,False,False,False,True,True,True,False,False,False,False
CRCL,"Circle Internet Group, Inc. Class A Common Stock",88.64,18.4,22503558092.0,1016913382,77.6,-44.4,0,4,False,False,False,True,True,False,False,True,True,False,False
CX,"Cemex, S.A.B. de C.V. Sponsored ADR",10.58,18.4,16038392497.0,73584206,21.2,-22.6,5,3,False,False,False,False,True,True,False,False,False,True,False
GLPI,"Gaming and Leisure Properties, Inc. - Common Stock",42.34,18.3,12317554621.0,136733209,2.8,-15.2,5,3,False,False,False,False,True,True,False,False,False,True,False
SMCI,"Super Micro Computer, Inc. - Common Stock",37.0,18.3,23932797949.0,1568823009,89.9,-37.1,0,3,False,False,False,True,False,False,False,True,True,False,False
WMT,Walmart Inc. - Common Stock,106.09,18.3,841691138708.0,2745332465,8.8,-21.5,5,3,False,False,False,False,True,True,False,False,False,True,False
CEVA,"CEVA, Inc. - Common Stock",26.25,18.2,739044390.0,29100879,54.2,-49.1,4,4,False,False,False,False,True,True,True,False,True,False,False
CAL,"Caleres, Inc. Common Stock",12.23,18.2,410802569.0,6521827,39.0,-24.2,1,3,False,False,False,False,False,True,False,False,True,True,False
CIFR,Cipher Digital Inc. - Common Stock,15.18,18.1,6300166360.0,601710953,114.3,-49.6,0,3,False,False,False,False,True,False,True,False,True,False,False
CE,Celanese Corporation Common Stock,46.66,18.1,5120884887.0,83674795,32.8,-34.0,5,4,False,False,False,False,True,True,False,True,True,False,False
CMS,CMS Energy Corporation Common Stock,68.06,18.1,21342059876.0,259966661,1.3,-15.3,0,2,False,False,True,False,True,False,False,False,False,True,False
DRVN,Driven Brands Holdings Inc. - Common Stock,12.88,18.0,2124940030.0,12058074,31.4,-34.8,0,1,False,False,False,False,False,False,False,False,True,False,False
ODD,ODDITY Tech Ltd. - Class A Ordinary Shares,14.49,18.0,820955366.0,14993251,56.6,-77.4,0,1,False,False,False,False,False,False,False,False,True,False,False
CG,The Carlyle Group Inc. - Common Stock,47.14,17.9,16797528098.0,177827556,19.0,-32.5,0,1,False,False,False,False,False,False,False,True,False,False,False
CAVA,"CAVA Group, Inc. Common Stock",61.79,17.9,7217454974.0,226572891,42.3,-37.5,3,3,False,False,False,False,True,True,False,False,True,False,False
PDI,PIMCO Dynamic Income Fund Common Stock,15.33,17.9,3726569700.0,48955707,3.0,-24.0,0,2,False,False,False,False,True,False,False,False,False,True,False
OPCH,"Option Care Health, Inc. - Common Stock",23.85,17.8,3572378046.0,53393966,32.4,-35.2,0,2,False,False,False,False,False,False,False,True,True,False,False
LEVI,Levi Strauss & Co Class A Common Stock,20.46,17.8,7874042499.0,62362372,15.5,-20.4,5,4,False,False,False,False,True,True,True,False,False,True,False
AGO,Assured Guaranty Ltd. Common Stock,75.03,17.7,3299759976.0,27876163,3.1,-18.8,0,1,False,False,False,False,False,False,False,False,False,True,False
GIB,CGI Inc. Common Stock,72.85,17.7,16893068556.0,32443066,22.2,-25.3,0,1,False,False,False,False,False,False,False,True,False,False,False
CALM,"Cal-Maine Foods, Inc. - Common Stock",78.82,17.6,3697910844.0,79709428,9.6,-32.4,0,0,False,False,False,False,False,False,False,False,False,False,False
CHDN,"Churchill Downs, Incorporated - Common Stock",89.18,17.6,6215867671.0,88965729,12.3,-24.6,0,2,False,False,False,False,False,False,False,True,False,True,False
KAI,Kadant Inc Common Stock,295.09,17.6,3484752336.0,41802128,20.5,-16.7,2,3,False,False,False,False,True,True,False,False,False,True,False
AGI,Alamos Gold Inc. Class A Common Shares,36.13,17.5,15173350299.0,146823527,33.6,-34.8,1,4,False,False,False,False,True,True,False,True,True,False,False
AMT,American Tower Corporation (REIT) Common Stock,172.92,17.5,80573811500.0,506405812,8.0,-15.7,0,3,False,False,False,False,True,False,False,True,False,True,False
NMRK,"Newmark Group, Inc. - Class A Common Stock",14.5,17.4,2627815092.0,21617175,8.5,-26.9,0,0,False,False,False,False,False,False,False,False,False,False,False
HSY,The Hershey Company Common Stock,177.43,17.4,35650239322.0,292242417,9.9,-25.9,1,2,False,False,False,False,True,True,False,False,False,False,False
LCII,LCI Industries,102.69,17.4,2496548654.0,46141262,21.8,-35.7,2,1,False,False,False,False,False,True,False,False,False,False,False
IRTC,"iRhythm Holdings, Inc.  - Common Stock",122.485,17.3,4037473422.0,75002349,21.5,-42.2,0,1,False,False,False,False,False,False,False,True,False,False,False
BKV,BKV Corporation Common Stock,25.12,17.3,2749078290.0,22723454,25.1,-23.4,5,3,False,False,False,False,True,True,False,False,False,True,False
ALGT,Allegiant Travel Company - Common Stock,74.78,17.2,2044317319.0,56181598,30.9,-39.5,5,4,False,False,False,False,True,True,True,False,True,False,False
CLX,Clorox Company (The) Common Stock,94.27,17.2,11400165841.0,263274569,11.3,-26.9,0,1,False,False,False,False,True,False,False,False,False,False,False
FCN,"FTI Consulting, Inc. Common Stock",149.99,17.2,4141460134.0,64169327,9.0,-20.8,0,1,False,False,False,False,False,False,False,False,False,True,False
AOS,A.O. Smith Corporation Common Stock,59.26,17.1,8053942036.0,97525674,9.4,-27.6,0,0,False,False,False,False,False,False,False,False,False,False,False
DBD,Diebold Nixdorf Incorporated Common stock,67.63,17.1,2295807746.0,23534252,24.1,-26.6,5,3,False,False,False,False,True,True,True,False,False,False,False
HD,"Home Depot, Inc. (The) Common Stock",318.51,17.0,317774122777.0,1375486384,10.2,-25.4,0,0,False,False,False,False,False,False,False,False,False,False,False
HII,"Huntington Ingalls Industries, Inc. Common Stock",288.72,17.0,11376895535.0,144527864,9.5,-37.2,5,2,False,False,False,False,True,True,False,False,False,False,False
NSSC,"NAPCO Security Technologies, Inc. - Common Stock",35.65,16.9,1275144779.0,14634990,5.1,-31.1,0,0,False,False,False,False,False,False,False,False,False,False,False
NXPI,NXP Semiconductors N.V. - Common Stock,228.5,16.9,57619513759.0,992738377,24.9,-32.8,4,3,False,False,False,False,True,True,True,False,False,False,False
EFX,"Equifax, Inc. Common Stock",185.48,16.9,21791098510.0,260707129,23.0,-31.8,0,1,False,False,False,False,False,False,False,True,False,False,False
CARR,Carrier Global Corporation Common Stock ,57.58,16.8,47464636782.0,398528979,14.6,-25.0,3,4,False,False,False,False,True,True,True,False,False,True,False
NI,NiSource Inc Common Stock,41.15,16.8,19733898115.0,246231396,7.0,-16.4,0,2,False,False,False,False,True,False,False,False,False,True,False
IONS,"Ionis Pharmaceuticals, Inc. - Common Stock",61.33,16.7,10192084468.0,199067926,24.8,-29.3,0,0,False,False,False,False,False,False,False,False,False,False,False
FBIN,"Fortune Brands Innovations, Inc. Common Stock",42.89,16.7,5119842649.0,130624630,32.6,-33.9,0,1,False,False,False,False,False,False,False,False,True,False,False
STWD,"STARWOOD PROPERTY TRUST, INC. Starwood Property Trust Inc.",15.82,16.7,5856072789.0,68075712,2.1,-24.1,0,1,False,False,False,False,False,False,False,False,False,True,False
KBR,"KBR, Inc. Common Stock",36.93,16.6,4655682192.0,57901490,23.3,-29.3,0,1,False,False,False,False,False,False,False,True,False,False,False
OXM,"Oxford Industries, Inc. Common Stock",37.74,16.6,563493374.0,13076869,23.5,-26.9,1,3,False,False,False,False,True,True,False,True,False,False,False
GLIBK,Liberty Capital Corporation - Series C GCI Group Common Stock,26.17,16.5,1044313693.0,13780339,35.6,-36.4,0,2,False,False,False,False,False,False,False,True,True,False,False
ORLY,"O'Reilly Automotive, Inc. - Common Stock",86.97,16.5,70355320080.0,641291879,5.3,-20.0,0,1,False,False,False,False,False,False,False,False,False,True,False
WGO,"Winnebago Industries, Inc. Common Stock",30.33,16.5,857395525.0,20432868,13.2,-39.5,0,0,False,False,False,False,False,False,False,False,False,False,False
UFPI,"UFP Industries, Inc. - Common Stock",82.91,16.4,4573439219.0,39639766,6.4,-29.7,0,0,False,False,False,False,False,False,False,False,False,False,False
SAM,"Boston Beer Company, Inc. (The) Common Stock",175.43,16.4,1805469598.0,50814950,10.6,-33.7,0,1,False,False,False,False,True,False,False,False,False,False,False
MQ,"Marqeta, Inc. - Class A Common Stock",16.82,16.3,1750942388.0,18030988,13.6,-33.1,0,1,False,False,False,False,False,False,False,True,False,False,False
BBWI,"Bath & Body Works, Inc.",18.53,16.3,3736487650.0,116513728,29.8,-42.7,0,2,False,False,False,False,True,False,True,False,False,False,False
DHI,"D.R. Horton, Inc. Common Stock",142.26,16.2,39790302243.0,344141928,8.0,-22.9,0,1,False,False,False,False,False,False,False,False,False,True,False
MH,"McGraw Hill, Inc. Common Stock",12.85,16.2,2458318260.0,8651538,43.7,-28.6,1,3,False,False,False,False,False,True,False,True,True,False,False
MWA,MUELLER WATER PRODUCTS Common Stock,23.82,16.2,3718913674.0,28969007,4.7,-23.2,1,3,False,False,False,False,True,True,False,False,False,True,False
PRVA,"Privia Health Group, Inc. - Common Stock",20.72,16.1,2646652769.0,29645491,6.1,-28.1,0,0,False,False,False,False,False,False,False,False,False,False,False
TNC,Tennant Company Common Stock,70.23,16.1,1197372550.0,15863735,16.7,-23.6,0,3,False,False,False,False,True,False,True,False,False,True,False
WULF,TeraWulf Inc. - Common Stock,14.82,16.0,7394715793.0,651313040,72.3,-50.3,5,3,False,False,False,False,True,True,False,False,True,False,False
CRK,"Comstock Resources, Inc. Common Stock",15.54,16.0,4562863316.0,36002591,28.2,-44.7,0,1,False,False,False,False,False,False,False,True,False,False,False
FNF,"Fidelity National Financial, Inc. Common Stock",46.18,16.0,12385144751.0,80544346,7.9,-22.0,0,1,False,False,False,False,False,False,False,False,False,True,False
NVMI,Nova Ltd. - Ordinary Shares,349.6,15.9,11111327011.0,231103091,50.2,-43.2,5,3,False,False,False,False,True,True,False,False,True,False,False
SYK,Stryker Corporation Common Stock,312.19,15.9,119747669231.0,806314077,11.1,-21.3,0,1,False,False,False,False,False,False,False,False,False,True,False
AMBA,"Ambarella, Inc. - Ordinary Shares",67.14,15.8,2945309941.0,129087413,39.0,-30.6,0,1,False,False,False,False,False,False,False,False,True,False,False
PEG,Public Service Enterprise Group Incorporated Common Stock,73.32,15.8,36544156600.0,227965825,1.1,-16.3,0,2,False,False,False,False,True,False,False,False,False,True,False
VTS,"Vitesse Energy, Inc. Common Stock",17.62,15.8,741878066.0,7832062,17.5,-34.1,0,1,False,False,False,False,False,False,False,True,False,False,False
FWRG,"First Watch Restaurant Group, Inc. - Common Stock",12.11,15.7,747337588.0,13959889,21.5,-36.5,0,0,False,False,False,False,False,False,False,False,False,False,False
BYD,Boyd Gaming Corporation Common Stock,76.7,15.7,5572670254.0,77098157,0.6,-16.1,3,4,False,False,False,False,True,True,True,False,False,True,False
CRTO,Criteo S.A. - Ordinary Shares,18.3,15.6,896655330.0,10034899,17.5,-27.6,0,0,False,False,False,False,False,False,False,False,False,False,False
CC,Chemours Company (The) Common Stock,15.68,15.6,2359824242.0,46946285,50.2,-45.3,5,3,False,False,False,False,True,True,False,False,True,False,False
LYTS,LSI Industries Inc. - Common Stock,19.91,15.5,730943964.0,8320103,15.7,-27.2,5,3,False,False,False,False,True,True,True,False,False,False,False
SLRC,SLR Investment Corp. - Closed End Fund,12.7,15.5,692843852.0,5332591,4.7,-24.5,0,1,False,False,False,False,False,False,False,False,False,True,False
LRN,"Stride, Inc. Common Stock",85.1,15.5,3536742810.0,75207558,40.4,-49.0,0,2,False,False,False,False,True,False,False,False,True,False,False
PWP,Perella Weinberg Partners - Class A Common Stock,16.39,15.4,1541287442.0,19236794,16.2,-36.8,0,1,False,False,False,False,False,False,False,True,False,False,False
WMS,"Advanced Drainage Systems, Inc. Common Stock",132.64,15.4,10001764563.0,101985185,3.6,-26.0,2,1,False,False,False,False,False,True,False,False,False,False,False
ASIX,AdvanSix Inc. Common Stock ,17.62,15.3,475760897.0,5228619,25.0,-34.1,0,1,False,False,False,False,True,False,False,False,False,False,False
KVYO,"Klaviyo, Inc. Series A Common Stock",19.31,15.3,5498086808.0,102902627,54.1,-46.7,0,2,False,False,False,False,False,False,False,True,True,False,False
WLK,Westlake Corporation Common Stock,76.27,15.3,9747042716.0,82519558,35.4,-38.6,1,4,False,False,False,False,True,True,False,True,True,False,False
BHF,"Brighthouse Financial, Inc. - Common Stock",53.62,15.2,3083770008.0,45876086,27.5,-19.7,5,2,False,False,False,False,False,True,False,False,False,True,False
PAX,Patria Investments Limited - Class A Common Shares,11.33,15.2,1838708549.0,11689196,7.4,-36.3,0,1,False,False,False,False,False,False,False,True,False,False,False
CWK,Cushman & Wakefield Ltd. Common Shares,13.04,15.1,3060666752.0,27918740,12.7,-25.1,0,0,False,False,False,False,False,False,False,False,False,False,False
VMC,Vulcan Materials Company (Holding Company) Common Stock,263.93,15.1,34199716584.0,301488559,4.6,-20.3,0,1,False,False,False,False,False,False,False,False,False,True,False
AEVA,"Aeva Technologies, Inc. - Common Stock",15.17,15.0,1057436349.0,39348017,71.8,-51.5,3,4,False,False,False,False,True,True,True,False,True,False,False
INOD,Innodata Inc. - Common Stock,54.29,15.0,1866634123.0,83753388,58.6,-56.6,0,3,False,False,False,False,True,False,True,False,True,False,False
NXST,"Nexstar Media Group, Inc. - Common Stock",177.19,15.0,5458922854.0,70435431,14.7,-30.3,0,1,False,False,False,False,True,False,False,False,False,False,False
ADSK,"Autodesk, Inc. - Common Stock",241.73,14.9,50521570000.0,494133162,30.3,-26.5,0,2,False,False,False,False,False,False,False,True,True,False,False
VVV,Valvoline Inc. Common Stock,31.83,14.9,4061075685.0,76232154,11.7,-23.0,2,4,False,False,False,False,True,True,True,False,False,True,False
AXON,"Axon Enterprise, Inc. - Common Stock",506.98,14.8,41185744657.0,545436710,49.5,-36.0,0,2,False,False,False,True,False,False,False,False,True,False,False
VC,Visteon Corporation - Common Stock,101.72,14.8,2715459038.0,57551128,21.8,-21.2,0,3,False,False,False,False,True,False,True,False,False,True,False
CIM,Chimera Investment Corporation Common Stock,11.48,14.8,961011671.0,9260153,1.6,-22.8,5,3,False,False,False,False,True,True,False,False,False,True,False
ANIP,"ANI Pharmaceuticals, Inc. - Common Stock",73.06,14.7,1677420193.0,28014142,4.1,-26.6,0,0,False,False,False,False,False,False,False,False,False,False,False
LOPE,"Grand Canyon Education, Inc. - Common Stock",149.59,14.7,3899068885.0,49943058,11.4,-32.9,0,1,False,False,False,False,False,False,False,True,False,False,False
FER,Ferrovial N.V. - Ordinary Shares,57.84,14.6,41613436376.0,93436651,8.8,-22.7,5,3,False,False,False,False,True,True,False,False,False,True,False
PTC,PTC Inc. - Common Stock,149.13,14.6,16181538703.0,198143800,37.4,-30.8,0,3,False,False,False,True,False,False,False,True,True,False,False
STAA,STAAR Surgical Company - Common Stock,23.11,14.6,1158827470.0,23034652,48.2,-35.6,0,3,False,False,False,False,True,False,True,False,True,False,False
SHEN,Shenandoah Telecommunications Co - Common Stock,12.63,14.5,673995908.0,6094828,30.6,-27.2,1,3,False,False,False,False,True,True,False,False,True,False,False
KBH,KB Home Common Stock,52.08,14.5,3193010634.0,64219909,18.3,-24.2,0,1,False,False,False,False,False,False,False,False,False,True,False
MEC,"Mayville Engineering Company, Inc. Common Stock",19.23,14.4,490371365.0,16640620,57.0,-50.4,5,4,False,False,False,False,True,True,True,False,True,False,False
SARO,"StandardAero, Inc. Common Stock",24.07,14.4,7965230704.0,97580931,1.0,-30.2,0,0,False,False,False,False,False,False,False,False,False,False,False
VRSK,"Verisk Analytics, Inc. - Common Stock",188.16,14.3,24490155218.0,329217851,20.7,-31.3,0,0,False,False,False,False,False,False,False,False,False,False,False
LMND,"Lemonade, Inc. Common Stock",53.14,14.3,4112856121.0,82441745,15.1,-46.8,0,0,False,False,False,False,False,False,False,False,False,False,False
STZ,"Constellation Brands, Inc. Common Stock",129.35,14.3,22090190438.0,280601793,2.3,-23.3,1,3,False,False,False,False,True,True,False,False,False,True,False
TMUS,"T-Mobile US, Inc. - Common Stock",187.3,14.2,200911393115.0,894287389,13.1,-27.6,0,1,False,False,False,False,False,False,False,True,False,False,False
TNXP,Tonix Pharmaceuticals Holding Corp. - Common Stock,13.38,14.2,229480701.0,6295625,42.3,-57.6,0,2,False,False,False,False,False,False,False,True,True,False,False
META,"Meta Platforms, Inc. - Class A Common Stock",592.85,14.1,1510289065491.0,10643789709,14.0,-25.0,0,0,False,False,False,False,False,False,False,False,False,False,False
SFM,"Sprouts Farmers Market, Inc. - Common Stock",78.76,14.1,7344182945.0,163258435,21.6,-44.2,0,0,False,False,False,False,False,False,False,False,False,False,False
NVR,"NVR, Inc. Common Stock",6326.9502,14.1,16860435977.0,204762852,15.0,-26.6,0,0,False,False,False,False,False,False,False,False,False,False,False
DOX,Amdocs Limited - Ordinary Shares,62.46,14.0,6742528206.0,74904781,25.6,-27.5,0,1,False,False,False,False,False,False,False,True,False,False,False
AZN,AstraZeneca PLC Ordinary Shares,161.63,14.0,250643822206.0,569129248,10.9,-24.0,0,2,False,False,False,False,True,False,False,False,False,True,False
GFS,GlobalFoundries Inc. - Ordinary Share,43.97,13.9,24465666746.0,221617133,39.2,-52.5,5,3,False,False,False,False,True,True,False,False,True,False,False
OMCL,"Omnicell, Inc. - Common Stock",34.71,13.9,1583292624.0,30222559,19.4,-36.9,5,1,False,False,False,False,False,True,False,False,False,False,False
KR,Kroger Company (The) Common Stock,58.22,13.9,35668324758.0,407585583,7.5,-24.0,0,3,False,False,False,False,True,False,False,True,False,True,False
GBX,"Greenbrier Companies, Inc. (The) Common Stock",42.75,13.8,1322671577.0,22583226,11.8,-27.8,5,2,False,False,False,False,True,True,False,False,False,False,False
KMPR,Kemper Corporation,28.19,13.8,1661043711.0,29655635,24.2,-48.4,0,1,False,False,False,False,False,False,False,True,False,False,False
PINS,"Pinterest, Inc. Class A Common Stock",21.22,13.7,12017162433.0,258811911,53.3,-45.0,0,1,False,False,False,False,False,False,False,False,True,False,False
UUUU,Energy Fuels Inc Ordinary Shares (Canada),14.29,13.7,3570599430.0,98018518,33.7,-48.8,0,3,False,False,False,False,True,False,False,True,True,False,False
SAIA,"Saia, Inc. - Common Stock",332.04,13.6,8857050786.0,173834437,33.2,-32.9,5,3,False,False,False,False,True,True,False,False,True,False,False
WLDN,"Willdan Group, Inc. - Common Stock",87.56,13.6,1333721888.0,22628352,35.4,-36.1,0,2,False,False,False,False,False,False,False,True,True,False,False
ORA,"Ormat Technologies, Inc. Common Stock",104.69,13.6,6438114753.0,90356503,17.5,-28.5,0,1,False,False,False,False,True,False,False,False,False,False,False
SHAK,"Shake Shack, Inc. Class A Common Stock",67.9,13.5,2906047890.0,108934165,31.6,-36.8,0,2,False,False,False,False,False,False,False,True,True,False,False
VICI,VICI Properties Inc. Common Stock,25.61,13.5,28198596363.0,261136959,1.0,-24.3,0,2,False,False,True,False,True,False,False,False,False,True,False
APLD,Applied Digital Corporation - Common Stock,24.91,13.4,7260495580.0,557791737,89.3,-50.9,0,2,False,False,False,False,True,False,False,False,True,False,False
LOGI,Logitech International S.A. - Registered Shares,99.14,13.4,14195691234.0,106689010,19.0,-23.5,0,1,False,False,False,False,False,False,False,False,False,True,False
HAYW,"Hayward Holdings, Inc. Common Stock",13.63,13.4,2891189903.0,41442188,5.4,-23.1,0,1,False,False,False,False,False,False,False,False,False,True,False
BMI,"Badger Meter, Inc. Common Stock",132.6,13.3,3843655912.0,61339360,18.3,-35.0,0,0,False,False,False,False,False,False,False,False,False,False,False
CLB,Core Laboratories Inc. Common Stock,12.49,13.3,573097930.0,10115352,27.6,-38.7,0,1,False,False,False,False,False,False,False,True,False,False,False
HON,Honeywell International Inc. - Common Stock,206.07,13.2,65311827861.0,915746216,5.2,-20.8,5,3,False,False,False,False,True,True,False,False,False,True,False
MNDY,monday.com Ltd. - Ordinary Shares,94.44,13.2,4052131791.0,118375081,64.2,-57.2,0,2,False,False,False,False,False,False,False,True,True,False,False
GPGI,"GPGI, Inc. Class A Common Stock",14.25,13.2,4130933669.0,21307797,27.0,-46.8,0,0,False,False,False,False,False,False,False,False,False,False,False
CLS,"Celestica, Inc. Common Stock",277.77,13.1,31936079931.0,823355790,51.2,-41.4,5,3,False,False,False,False,True,True,False,False,True,False,False
SPXC,"SPX Technologies, Inc. Common Stock",193.27,13.1,9680094162.0,146960002,7.6,-23.0,5,3,False,False,False,False,True,True,False,False,False,True,False
KE,"Kimball Electronics, Inc. - Common Stock",24.21,13.0,580240949.0,5299295,15.2,-27.1,0,0,False,False,False,False,False,False,False,False,False,False,False
PPC,Pilgrim's Pride Corporation - Common Stock,31.12,13.0,7409937267.0,46921809,20.2,-31.5,0,1,False,False,False,False,False,False,False,True,False,False,False
FSV,FirstService Corporation - Common Shares,138.1,12.9,6030795237.0,28772330,15.7,-34.1,0,0,False,False,False,False,False,False,False,False,False,False,False
RCL,Royal Caribbean Cruises Ltd. Common Stock,265.6,12.9,71035273510.0,656272186,14.4,-26.8,1,3,False,False,False,False,True,True,True,False,False,False,False
TXT,Textron Inc. Common Stock,79.24,12.9,13628243303.0,140663849,1.4,-22.0,5,3,False,False,False,False,True,True,False,False,False,True,False
TSLA,"Tesla, Inc.  - Common Stock",357.01,12.8,1410027915132.0,13995816897,20.1,-28.4,0,0,False,False,False,False,False,False,False,False,False,False,False
WH,"Wyndham Hotels & Resorts, Inc. Common Stock ",71.28,12.8,5289768776.0,103063377,3.0,-21.1,1,3,False,False,False,False,True,True,False,False,False,True,False
TATT,TAT Technologies Ltd. - Ordinary Shares,37.03,12.7,480765563.0,8508607,17.5,-42.6,0,0,False,False,False,False,False,False,False,False,False,False,False
NOC,Northrop Grumman Corporation Common Stock,523.82,12.7,74415454279.0,459023639,9.4,-32.3,0,1,False,False,False,False,True,False,False,False,False,False,False
RDY,Dr. Reddy's Laboratories Ltd Common Stock,12.17,12.7,10157775325.0,37258443,7.1,-22.3,0,1,False,False,False,False,False,False,False,False,False,True,False
SGRY,"Surgery Partners, Inc. - Common Stock",13.98,12.6,1830237275.0,29686838,22.5,-40.4,0,0,False,False,False,False,False,False,False,False,False,False,False
SIG,Signet Jewelers Limited Common Shares,81.73,12.6,3214423165.0,63090644,14.1,-25.8,0,0,False,False,False,False,False,False,False,False,False,False,False
FTAI,FTAI Aviation Ltd. - Common Stock,185.61,12.5,19063463161.0,313281466,25.4,-42.6,5,2,False,False,False,False,True,True,False,False,False,False,False
BKE,"Buckle, Inc. (The) Common Stock",43.26,12.5,2228672400.0,21082134,6.2,-29.9,0,0,False,False,False,False,False,False,False,False,False,False,False
WOLF,"Wolfspeed, Inc. Common Stock New",26.65,12.5,1412327303.0,138603592,231.1,-67.0,1,3,False,False,False,False,True,True,False,False,True,False,False
ARLO,"Arlo Technologies, Inc. Common Stock",13.04,12.4,1403277484.0,17511929,18.0,-34.6,0,0,False,False,False,False,False,False,False,False,False,False,False
MTZ,"MasTec, Inc. Common Stock",235.33,12.4,18898163413.0,457838093,37.6,-46.7,5,3,False,False,False,False,True,True,False,False,True,False,False
CHRW,"C.H. Robinson Worldwide, Inc. - Common Stock",145.2,12.3,16966802662.0,317908482,17.4,-31.0,5,2,False,False,False,False,True,True,False,False,False,False,False
SEB,Seaboard Corporation Common Stock,4262.4902,12.3,4082587347.0,52086553,35.7,-28.8,5,3,False,False,False,False,True,True,False,False,True,False,False
BSY,"Bentley Systems, Incorporated - Class B Common Stock",35.12,12.2,10609502262.0,93099418,25.1,-38.7,0,1,False,False,False,False,False,False,False,True,False,False,False
ACN,Accenture plc Class A Ordinary Shares (Ireland),187.68,12.2,125278316213.0,1212520602,58.8,-35.5,0,2,False,False,False,False,False,False,False,True,True,False,False
OTIS,Otis Worldwide Corporation Common Stock ,70.83,12.2,26962809281.0,255840722,2.4,-25.1,0,0,False,False,False,False,False,False,False,False,False,False,False
RRX,Regal Rexnord Corporation Common Stock,160.77,12.1,10705974458.0,244886611,25.6,-35.1,5,2,False,False,False,False,True,True,False,False,False,False,False
TDG,Transdigm Group Incorporated Common Stock,1153.75,12.1,63775290719.0,503307366,2.7,-21.1,0,1,False,False,False,False,False,False,False,False,False,True,False
LBTYA,Liberty Global Ltd. - Class A Common Shares,10.68,12.0,3642815205.0,24450029,13.3,-21.0,0,3,False,False,False,False,True,False,False,True,False,True,False
HGV,Hilton Grand Vacations Inc. Common Stock ,42.17,12.0,3277627195.0,54693940,14.6,-23.9,3,4,False,False,False,False,True,True,True,False,False,True,False
MOD,Modine Manufacturing Company Common Stock,179.51,12.0,9534262213.0,354162654,61.5,-44.5,5,3,False,False,False,False,True,True,False,False,True,False,False
MAT,"Mattel, Inc. - Common Stock",14.64,11.9,4182648000.0,61630169,15.0,-34.9,0,1,False,False,False,False,False,False,False,True,False,False,False
GIL,"Gildan Activewear, Inc. Class A Sub. Vot. Common Stock",51.46,11.9,9529972498.0,70504289,10.5,-30.2,0,0,False,False,False,False,False,False,False,False,False,False,False
CAE,CAE Inc - Common Shares,23.72,11.8,7626185415.0,17236165,4.2,-30.7,0,0,False,False,False,False,False,False,False,False,False,False,False
CORZ,"Core Scientific, Inc. - Common Stock",16.81,11.8,5401732813.0,264197372,28.0,-44.8,0,2,False,False,False,False,True,False,True,False,False,False,False
CHWY,"Chewy, Inc. Class A Common Stock",24.17,11.8,9895783083.0,173068320,38.9,-44.4,0,2,False,False,False,False,False,False,False,True,True,False,False
BN,Brookfield Corporation Class A Limited Voting Shares,39.71,11.7,97319269197.0,169923216,4.7,-19.9,0,1,False,False,False,False,False,False,False,False,False,True,False
CWEN,"Clearway Energy, Inc. Class C Common Stock",31.42,11.7,5150168768.0,40362866,13.6,-24.7,5,3,False,False,False,False,True,True,False,False,False,True,False
PAR,PAR Technology Corporation Common Stock,18.75,11.6,775550775.0,17371772,61.8,-63.4,0,2,False,False,False,False,False,False,False,True,True,False,False
UVV,Universal Corporation Common Stock,46.3,11.6,1152835599.0,14458014,6.8,-22.0,0,2,False,False,False,False,True,False,False,False,False,True,False
EVR,Evercore Inc. Class A Common Stock,288.69,11.5,11102375931.0,159522373,8.6,-25.7,0,0,False,False,False,False,False,False,False,False,False,False,False
GXO,"GXO Logistics, Inc. Common Stock ",46.37,11.5,5317923928.0,71996418,3.0,-30.6,0,0,False,False,False,False,False,False,False,False,False,False,False
RH,RH Common Stock,147.68,11.5,2791295102.0,129474944,38.9,-42.5,0,1,False,False,False,False,False,False,False,False,True,False,False
AORT,"Artivion, Inc. Common Stock",26.34,11.4,1284238861.0,18605161,37.5,-45.4,0,2,False,False,False,False,False,False,False,True,True,False,False
BLSH,Bullish Ordinary Shares,32.64,11.4,5210689486.0,39804368,58.8,-56.5,0,2,False,False,False,False,False,False,False,True,True,False,False
SOFI,"SoFi Technologies, Inc.  - Common Stock",17.84,11.3,23041614580.0,1211634295,19.9,-45.5,0,1,False,False,False,False,False,False,False,True,False,False,False
CSR,D/B/A Centerspace Common Stock,52.78,11.3,886395290.0,7915594,1.5,-24.2,0,1,False,False,True,False,False,False,False,False,False,True,False
CYD,China Yuchai International Limited Common Stock,37.8,11.3,1418192572.0,6646471,31.9,-38.5,5,3,False,False,False,False,True,True,False,False,True,False,False
EXP,Eagle Materials Inc Common Stock,194.66,11.2,5971258765.0,94206734,13.2,-20.7,0,1,False,False,False,False,False,False,False,False,False,True,False
HHH,Howard Hughes Holdings Inc. Common Stock,63.18,11.2,3773175054.0,27509141,3.6,-30.6,0,0,False,False,False,False,False,False,False,False,False,False,False
BKSY,BlackSky Technology Inc. Class A Common Stock,21.76,11.1,890524649.0,30185014,75.3,-58.9,5,3,False,False,False,False,True,True,False,False,True,False,False
MCD,McDonald's Corporation Common Stock,260.95,11.1,184659057514.0,1240700928,0.4,-23.6,0,1,False,False,False,False,False,False,False,False,False,True,False
ULS,UL Solutions Inc. Class A Common Stock,74.12,11.1,14964692583.0,88332051,20.2,-31.1,0,1,False,False,False,False,True,False,False,False,False,False,False
HNRG,Hallador Energy Company - Common Stock,16.35,11.0,770793887.0,12285810,19.8,-33.8,0,1,False,False,False,False,False,False,False,True,False,False,False
LMAT,"LeMaitre Vascular, Inc. - Common Stock",81.72,11.0,1868875682.0,34206390,4.4,-30.8,0,1,False,False,False,False,True,False,False,False,False,False,False
CPRT,"Copart, Inc. - Common Stock",32.16,10.9,29774097261.0,353421598,20.0,-35.8,0,1,False,False,False,False,False,False,False,True,False,False,False
FUL,H. B. Fuller Company Common Stock,53.91,10.9,2899679327.0,45347128,10.7,-21.4,1,3,False,False,False,False,True,True,False,False,False,True,False
LKQ,LKQ Corporation - Common Stock,24.73,10.8,6256741587.0,78818819,16.8,-33.4,0,0,False,False,False,False,False,False,False,False,False,False,False
IDR,"Idaho Strategic Resources, Inc. Common Stock",31.85,10.8,504063515.0,7376398,22.4,-41.8,0,1,False,False,False,False,False,False,False,True,False,False,False
SNN,"Smith & Nephew SNATS, Inc. Common Stock",28.66,10.8,12176545207.0,52058871,0.4,-26.1,0,0,False,False,False,False,False,False,False,False,False,False,False
EPAM,"EPAM Systems, Inc. Common Stock",117.2,10.7,6045994173.0,155174795,60.4,-47.3,0,2,False,False,False,False,False,False,False,True,True,False,False
YELP,Yelp Inc. Common Stock,22.42,10.7,1216590383.0,28025072,14.4,-35.0,0,0,False,False,False,False,False,False,False,False,False,False,False
CRWV,"CoreWeave, Inc. - Class A Common Stock",80.93,10.6,44635857200.0,2398463272,33.7,-47.2,0,2,False,False,False,False,True,False,False,False,True,False,False
HUBG,"Hub Group, Inc. - Class A Common Stock",35.93,10.6,2197245614.0,44349200,9.2,-32.5,5,3,False,False,False,False,True,True,True,False,False,False,False
TDS,"Telephone and Data Systems, Inc. Common Shares",35.87,10.6,4128637000.0,39696935,13.8,-27.0,0,2,False,False,False,False,True,False,False,True,False,False,False
ROOT,"Root, Inc. - Common Stock",54.87,10.5,850114737.0,14378898,34.1,-47.5,0,1,False,False,False,False,False,False,False,False,True,False,False
AI,"C3.ai, Inc. Class A Common Stock",10.52,10.5,1684117186.0,47998210,37.1,-48.0,0,2,False,False,False,False,False,False,False,True,True,False,False
PSKY,Paramount Skydance Corporation - Class B Common Stock,10.97,10.4,12307745196.0,98380867,44.0,-47.4,0,2,False,False,False,False,False,False,False,True,True,False,False
RDDT,"Reddit, Inc. Class A Common Stock",158.1,10.4,30417888231.0,1023391321,32.6,-44.1,0,1,False,False,False,False,False,False,False,False,True,False,False
LBTYK,Liberty Global Ltd. - Class C Common Shares,10.42,10.3,3554132438.0,13185376,12.0,-20.6,0,3,False,False,False,False,True,False,False,True,False,True,False
LZB,La-Z-Boy Incorporated Common Stock,31.93,10.3,1278884978.0,22593259,10.0,-28.9,3,1,False,False,False,False,False,True,False,False,False,False,False
TJX,"TJX Companies, Inc. (The) Common Stock",131.31,10.3,144437593950.0,933778493,0.1,-22.8,5,3,False,False,True,False,True,True,False,False,False,True,False
BV,"BrightView Holdings, Inc. Common Stock",11.24,10.2,1040824000.0,13887427,7.9,-25.1,0,0,False,False,False,False,False,False,False,False,False,False,False
CTGO,Contango Silver & Gold Inc. Common Stock,19.61,10.2,655771951.0,7313653,35.2,-43.0,0,2,False,False,False,False,False,False,False,True,True,False,False
NN,NextNav Inc. - Common stock,15.35,10.1,2591232119.0,41708938,41.2,-37.1,1,3,False,False,False,False,True,True,False,False,True,False,False
BAH,Booz Allen Hamilton Holding Corporation Common Stock,73.17,10.1,8801251474.0,151926137,23.0,-33.8,0,1,False,False,False,False,False,False,False,True,False,False,False
BRSL,"Brightstar Lottery PLC Trading under the Legal Name to begin at the market open on July 21, 2025. Ordinary Shares",11.17,10.1,2060865000.0,19653462,12.8,-39.8,0,1,False,False,False,False,False,False,False,True,False,False,False
DRS,"Leonardo DRS, Inc. - Common Stock",37.02,10.0,9880323885.0,43560064,14.2,-26.8,3,3,False,False,False,False,True,True,True,False,False,False,False
RKT,"Rocket Companies, Inc. Class A Common Stock",13.56,10.0,38397071229.0,418312523,11.4,-44.3,0,0,False,False,False,False,False,False,False,False,False,False,False
OTEX,Open Text Corporation - Common Shares,23.58,9.9,5909213482.0,38654178,19.2,-40.9,0,0,False,False,False,False,False,False,False,False,False,False,False
SMMT,Summit Therapeutics Inc.  - Common Stock,14.6,9.9,11647144189.0,65782660,21.0,-50.1,0,1,False,False,False,False,False,False,False,True,False,False,False
ALK,"Alaska Air Group, Inc. Common Stock",41.59,9.9,4641573761.0,134664718,25.9,-36.9,1,1,False,False,False,False,False,True,False,False,False,False,False
TRMB,Trimble Inc. - Common Stock,59.11,9.8,13783260815.0,183174793,23.4,-30.0,0,1,False,False,False,False,False,False,False,True,False,False,False
BURL,"Burlington Stores, Inc. Common Stock",257.07,9.8,16147902179.0,298743654,6.9,-32.1,5,3,False,False,False,False,True,True,True,False,False,False,False
LOW,"Lowe's Companies, Inc. Common Stock",199.84,9.7,112121035157.0,643810256,0.3,-31.8,0,0,False,False,True,False,False,False,False,False,False,False,False
SGI,Somnigroup International Inc. Common Stock,67.82,9.7,15614821866.0,205186602,12.3,-31.2,0,0,False,False,False,False,False,False,False,False,False,False,False
CHTR,"Charter Communications, Inc. - Class A Common Stock",158.97,9.6,18214383903.0,431624180,42.5,-44.4,0,2,False,False,False,False,False,False,False,True,True,False,False
IDXX,"IDEXX Laboratories, Inc. - Common Stock",538.99,9.6,42462233713.0,352714226,3.9,-30.0,0,0,False,False,False,False,False,False,False,False,False,False,False
VST,Vistra Corp. Common Stock,143.46,9.6,48150225075.0,643296072,8.1,-34.7,0,0,False,False,False,False,False,False,False,False,False,False,False
CDNS,"Cadence Design Systems, Inc. - Common Stock",306.67,9.5,84454771310.0,773057635,16.7,-26.4,0,2,False,False,False,False,True,False,True,False,False,False,False
EIX,Edison International Common Stock,55.19,9.5,21237883501.0,268559381,6.1,-32.4,5,3,False,False,False,False,True,True,True,False,False,False,False
TMDX,"TransMedics Group, Inc. - Common Stock",84.29,9.4,2922767972.0,73252975,40.2,-46.0,0,2,False,False,False,False,False,False,False,True,True,False,False
PAC,"Grupo Aeroportuario Del Pacifico, S.A. B. de C.V. Grupo Aeroportuario Del Pacifico, S.A. de C.V. (each representing 10 Series B shares)",208.45,9.4,12403154379.0,28962895,3.5,-30.6,0,0,False,False,False,False,False,False,False,False,False,False,False
TAC,TransAlta Corporation Ordinary Shares,11.84,9.4,3741440000.0,21957600,4.0,-33.8,0,0,False,False,False,False,False,False,False,False,False,False,False
LAZ,"Lazard, Inc. Common Stock",42.95,9.3,4185502067.0,72486455,11.1,-26.9,0,1,False,False,False,False,False,False,False,True,False,False,False
UEC,Uranium Energy Corp. Common Stock,11.62,9.3,5750416893.0,88785755,30.4,-42.9,0,2,False,False,False,False,False,False,False,True,True,False,False
CLSK,"CleanSpark, Inc. - Common Stock",11.33,9.2,2909737437.0,283719614,41.6,-52.0,0,3,False,False,False,False,True,False,True,False,True,False,False
OSIS,"OSI Systems, Inc. - Common Stock",206.75,9.2,3296001884.0,52638923,10.9,-33.7,0,0,False,False,False,False,False,False,False,False,False,False,False
ROAD,"Construction Partners, Inc. - Common Stock",101.13,9.2,5802288747.0,105628683,8.3,-33.0,0,1,False,False,False,False,True,False,False,False,False,False,False
DOCS,"Doximity, Inc. Class A Common Stock",26.32,9.1,4691434194.0,120825185,53.5,-65.6,0,2,False,False,False,False,False,False,False,True,True,False,False
FMC,FMC Corporation Common Stock,13.33,9.1,1669273764.0,45509822,34.0,-65.7,0,2,False,False,False,False,False,False,False,True,True,False,False
LHX,"L3Harris Technologies, Inc. Common Stock",261.31,9.0,48659741307.0,446916953,1.1,-31.1,0,1,False,False,False,False,True,False,False,False,False,False,False
XYL,Xylem Inc. Common Stock New,106.74,9.0,24922382313.0,220162333,1.4,-30.8,0,0,False,False,False,False,False,False,False,False,False,False,False
CCL,Carnival Corporation Ltd. Common Shares,23.74,8.9,32515470085.0,519031719,2.9,-30.2,0,0,False,False,False,False,False,False,False,False,False,False,False
FG,"F&G Annuities & Life, Inc. Common Stock",23.97,8.9,3138516960.0,16787109,16.5,-32.7,0,0,False,False,False,False,False,False,False,False,False,False,False
LDOS,"Leidos Holdings, Inc. Common Stock",133.78,8.9,16788347720.0,182483993,35.3,-35.0,0,2,False,False,False,False,False,False,False,True,True,False,False
NFLX,"Netflix, Inc. - Common Stock",82.73,8.8,344482729395.0,2957339116,27.1,-34.7,0,1,False,False,False,False,False,False,False,True,False,False,False
WSC,WillScot Holdings Corporation - Class A Common Stock,19.58,8.8,3547718958.0,62342526,31.3,-34.2,3,4,False,False,False,False,True,True,True,False,True,False,False
SNPS,"Synopsys, Inc. - Common Stock",415.97,8.7,79715095637.0,776492410,13.7,-32.4,0,1,False,False,False,False,False,False,False,True,False,False,False
ADNT,Adient plc Ordinary Shares ,19.24,8.7,1483344972.0,19758526,8.8,-29.6,0,1,False,False,False,False,True,False,False,False,False,False,False
TLK,"PT Telekomunikasi Indonesia, Tbk",14.73,8.7,14591864505.0,11015001,11.3,-37.4,0,1,False,False,False,False,False,False,False,True,False,False,False
IREN,IREN Limited - Ordinary Shares,39.6,8.6,15604722461.0,1818144341,56.5,-48.5,0,1,False,False,False,False,False,False,False,False,True,False,False
PVH,PVH Corp. Common Stock,72.29,8.6,3333153971.0,74679768,21.3,-28.2,0,2,False,False,False,False,True,False,True,False,False,False,False
GRRR,Gorilla Technology Group Inc. - Ordinary shares,13.72,8.5,380832543.0,19299947,51.8,-41.6,0,3,False,False,False,False,True,False,True,False,True,False,False
BIPC,Brookfield Infrastructure Corporation Brookfield Infrastructure Corporation,36.61,8.5,4503601006.0,40619713,7.1,-29.2,0,0,False,False,False,False,False,False,False,False,False,False,False
KLAR,Klarna Group plc Ordinary Shares,14.55,8.5,10267127460.0,98209005,20.6,-69.4,0,0,False,False,False,False,False,False,False,False,False,False,False
ALHC,"Alignment Healthcare, Inc. - Common Stock",13.59,8.4,2819043675.0,88502883,7.0,-45.9,0,0,False,False,False,False,False,False,False,False,False,False,False
STNE,StoneCo Ltd. - Class A Common Share,10.37,8.4,2558431097.0,50974968,14.2,-48.0,0,0,False,False,False,False,False,False,False,False,False,False,False
LGN,Legence Corp. - Class A Common stock,51.35,8.3,5549675898.0,101974695,90.5,-52.1,2,3,False,False,False,False,True,True,False,False,True,False,False
GPK,Graphic Packaging Holding Company,10.98,8.3,3250865872.0,51076532,24.9,-50.5,0,0,False,False,False,False,False,False,False,False,False,False,False
POOL,Pool Corporation - Common Stock,182.99,8.2,6649993294.0,149055052,6.0,-45.6,0,0,False,False,False,False,False,False,False,False,False,False,False
BWXT,"BWX Technologies, Inc. Common Stock",155.67,8.2,14262793627.0,175306818,5.4,-35.6,0,1,False,False,False,False,True,False,False,False,False,False,False
MLM,"Martin Marietta Materials, Inc. Common Stock",517.07,8.2,31058243372.0,348608932,2.9,-27.3,0,0,False,False,False,False,False,False,False,False,False,False,False
PEGA,Pegasystems Inc. - Common Stock,37.32,8.1,6135592547.0,84685741,48.7,-45.2,0,2,False,False,False,False,False,False,False,True,True,False,False
LPX,Louisiana-Pacific Corporation Common Stock,68.31,8.1,4776468137.0,88758207,3.3,-32.6,0,0,False,False,False,False,False,False,False,False,False,False,False
TSCO,Tractor Supply Company - Common Stock,34.86,8.0,18163459176.0,358683569,22.9,-44.0,0,1,False,False,False,False,False,False,False,True,False,False,False
GNRC,Generac Holdlings Inc. Common Stock,180.76,8.0,10665989814.0,233099363,34.1,-39.0,5,3,False,False,False,False,True,True,False,False,True,False,False
THO,"Thor Industries, Inc. Common Stock",75.71,8.0,3941263710.0,47419857,8.6,-38.4,0,0,False,False,False,False,False,False,False,False,False,False,False
FIG,"Figma, Inc. Class A Common Stock",25.73,7.9,13714343878.0,502211157,55.0,-64.0,0,2,False,False,False,False,False,False,False,True,True,False,False
MP,MP Materials Corp. Common Stock,54.7,7.9,9742156864.0,301808735,44.7,-45.4,0,2,False,False,False,False,False,False,False,True,True,False,False
ASTS,"AST SpaceMobile, Inc. - Class A Common Stock",62.4,7.8,24284051626.0,966835664,72.9,-53.4,0,2,False,False,False,False,True,False,False,False,True,False,False
COIN,"Coinbase Global, Inc. - Class A Common Stock",174.96,7.8,46160908048.0,1387632294,25.8,-56.5,0,1,False,False,False,False,False,False,False,True,False,False,False
SLVM,Sylvamo Corporation Common Stock,35.81,7.8,1423814302.0,11208268,4.6,-37.0,0,0,False,False,False,False,False,False,False,False,False,False,False
ASTE,"Astec Industries, Inc. - Common Stock",42.32,7.7,974433531.0,12161882,4.6,-35.6,0,1,False,False,True,False,True,False,False,False,False,False,False
POST,"Post Holdings, Inc. Common Stock",84.32,7.7,3706437798.0,82389081,11.8,-28.1,0,0,False,False,False,False,False,False,False,False,False,False,False
HLI,"Houlihan Lokey, Inc. Class A Common Stock",133.21,7.6,9309580665.0,119548514,18.1,-37.1,0,1,False,False,False,False,False,False,False,True,False,False,False
REZI,"Resideo Technologies, Inc. Common Stock ",19.39,7.6,2944320659.0,58951815,4.3,-38.5,0,0,False,False,False,False,False,False,False,False,False,False,False
LINC,Lincoln Educational Services Corporation - Common Stock,24.76,7.5,785423820.0,31547824,43.2,-56.1,5,3,False,False,False,False,True,True,False,False,True,False,False
CCI,Crown Castle Inc. Common Stock,75.38,7.5,32070830992.0,297971853,8.1,-25.0,0,1,False,False,False,False,False,False,False,False,False,True,False
PHR,"Phreesia, Inc. Common Stock",11.85,7.5,732470885.0,9310495,52.5,-62.8,0,2,False,False,False,False,False,False,False,True,True,False,False
AOSL,Alpha and Omega Semiconductor Limited - Common Shares,24.62,7.4,744982858.0,21368732,44.7,-54.7,5,4,False,False,False,False,True,True,True,False,True,False,False
WSO,"Watsco, Inc. Common Stock",308.92,7.4,12743627770.0,164979095,4.5,-32.7,0,1,False,False,False,False,True,False,False,False,False,False,False
MATW,Matthews International Corporation - Class A Common Stock,20.83,7.3,650170394.0,13199226,3.1,-32.7,5,2,False,False,False,False,True,True,False,False,False,False,False
JBTM,JBT Marel Corporation Common Stock,116.03,7.3,6019267077.0,79114953,2.5,-31.8,0,0,False,False,False,False,False,False,False,False,False,False,False
NXRT,"NexPoint Residential Trust, Inc. Common Stock",24.1,7.3,615750493.0,7425615,4.3,-30.9,0,0,False,False,False,False,False,False,False,False,False,False,False
HWKN,"Hawkins, Inc. - Common Stock",126.37,7.2,2637988535.0,23818884,8.9,-32.1,0,1,False,False,False,False,True,False,False,False,False,False,False
MARA,"MARA Holdings, Inc. - Common Stock",10.47,7.2,4044553640.0,556101039,57.2,-55.4,0,3,False,False,False,False,True,False,True,False,True,False,False
ASO,"Academy Sports and Outdoors, Inc. - Common Stock",43.6,7.1,2704000976.0,71155919,5.6,-30.2,0,1,False,False,False,False,True,False,False,False,False,False,False
AZO,"AutoZone, Inc. Common Stock",2934.52,7.1,47907080755.0,863909659,1.1,-33.1,0,0,False,False,False,False,False,False,False,False,False,False,False
CRH,CRH PLC Ordinary Shares,92.67,7.1,62027685163.0,440475420,2.7,-29.6,0,0,False,False,True,False,False,False,False,False,False,False,False
CHKP,Check Point Software Technologies Ltd. - Ordinary Shares,133.89,7.0,13670253886.0,152200609,19.3,-36.4,0,1,False,False,False,False,False,False,False,True,False,False,False
CDRE,"Cadre Holdings, Inc. Common Stock",28.61,7.0,1225101200.0,11556644,11.2,-41.3,0,0,False,False,False,False,False,False,False,False,False,False,False
BL,"BlackLine, Inc. - Common Stock",32.18,6.9,1870471189.0,31998724,30.3,-46.0,0,2,False,False,False,False,False,False,False,True,True,False,False
GME,GameStop Corporation Common Stock,18.97,6.9,8511673145.0,109198302,6.6,-32.5,0,1,False,False,False,False,True,False,False,False,False,False,False
LASR,"nLIGHT, Inc. - Common Stock",39.39,6.8,2272416860.0,83421379,44.7,-54.7,5,3,False,False,False,False,True,True,False,False,True,False,False
NAMS,NewAmsterdam Pharma Company N.V. - Ordinary Shares,25.59,6.8,3058956155.0,31963984,11.0,-39.4,0,0,False,False,False,False,False,False,False,False,False,False,False
STN,Stantec Inc Common Stock,72.66,6.8,8166962420.0,31077939,9.7,-36.6,0,1,False,False,False,False,False,False,False,True,False,False,False
CIGI,Colliers International Group Inc.  - Subordinate Voting Shares,97.77,6.7,4996420579.0,22385358,10.6,-43.0,0,0,False,False,False,False,False,False,False,False,False,False,False
DKNG,DraftKings Inc. - Class A Common Stock,24.21,6.7,12019152502.0,286467323,18.3,-50.4,0,0,False,False,False,False,False,False,False,False,False,False,False
ASR,"Grupo Aeroportuario del Sureste, S.A. de C.V. Common Stock",255.74,6.6,7672200000.0,17209264,2.5,-33.0,0,0,False,False,False,False,False,False,False,False,False,False,False
BOOT,"Boot Barn Holdings, Inc. Common Stock",148.66,6.6,4502144909.0,108160190,11.6,-29.3,0,0,False,False,False,False,False,False,False,False,False,False,False
CNM,"Core & Main, Inc. Class A Common Stock",43.77,6.6,8470371932.0,95788699,5.3,-34.8,0,0,False,False,True,False,False,False,False,False,False,False,False
FUN,Six Flags Entertainment Corporation Common Stock New,15.47,6.5,1582833347.0,41673727,23.7,-43.5,0,1,False,False,False,False,True,False,False,False,False,False,False
TPB,"Turning Point Brands, Inc. Common Stock",76.84,6.5,1540559166.0,29088428,16.8,-47.7,0,0,False,False,False,False,False,False,False,False,False,False,False
FIS,"Fidelity National Information Services, Inc. Common Stock",41.87,6.4,21592606745.0,249853495,11.9,-40.4,0,1,False,False,False,False,False,False,False,True,False,False,False
IBM,International Business Machines Corporation Common Stock,231.7,6.4,218292538163.0,2221240530,16.3,-30.3,0,0,False,False,False,False,False,False,False,False,False,False,False
FSLR,"First Solar, Inc. - Common Stock",202.6,6.3,21773379049.0,473399479,10.7,-36.9,0,0,False,False,False,False,False,False,False,False,False,False,False
NTGR,"NETGEAR, Inc. - Common Stock",20.95,6.3,569400490.0,8100493,10.3,-43.2,0,0,False,False,False,False,False,False,False,False,False,False,False
HUBS,"HubSpot, Inc. Common Stock",245.51,6.3,12242651008.0,381998059,44.7,-53.3,0,2,False,False,False,False,False,False,False,True,True,False,False
WYNN,"Wynn Resorts, Limited - Common Stock",91.52,6.2,9424170504.0,152174677,2.3,-32.1,0,0,False,False,False,False,False,False,False,False,False,False,False
LEU,Centrus Energy Corp. Class A Common Stock,171.49,6.2,3421715618.0,123149090,20.7,-63.1,0,0,False,False,False,False,False,False,False,False,False,False,False
VERX,"Vertex, Inc. - Class A Common Stock",13.48,6.1,2186698370.0,26374347,32.0,-49.2,0,2,False,False,False,False,False,False,False,True,True,False,False
WYFI,"WhiteFiber, Inc. - Ordinary Shares",17.31,6.1,672460923.0,81404588,64.7,-63.1,0,3,False,False,False,False,True,False,True,False,True,False,False
BEPC,Brookfield Renewable Corporation Brookfield Renewable Corporation Class A Subordinate Voting Shares,31.38,6.1,11826690023.0,58198431,0.5,-30.5,0,0,False,False,False,False,False,False,False,False,False,False,False
CRUS,"Cirrus Logic, Inc. - Common Stock",113.06,6.0,5666291447.0,98221294,6.4,-37.3,0,1,False,False,False,False,True,False,False,False,False,False,False
HE,"Hawaiian Electric Industries, Inc. Common Stock",10.95,6.0,1891371644.0,24248827,1.5,-37.0,5,2,False,False,False,False,True,True,False,False,False,False,False
ETOR,eToro Group Ltd. - Class A Common Shares,31.85,5.9,2565400706.0,35586321,28.7,-33.2,0,0,False,False,False,False,False,False,False,False,False,False,False
MZTI,The Marzetti Company - Common Stock,111.37,5.9,3039398670.0,37082460,6.8,-40.4,0,0,False,False,False,False,False,False,False,False,False,False,False
BROS,Dutch Bros Inc. Class A Common Stock,48.13,5.9,8407430991.0,214305346,8.0,-35.0,0,0,False,False,False,False,False,False,False,False,False,False,False
METC,"Ramaco Resources, Inc. - Class A Common Stock",14.41,5.8,913424524.0,22820168,68.3,-75.1,0,2,False,False,False,False,False,False,False,True,True,False,False
ONT,"Onterris, Inc. Common Stock",17.33,5.8,608584958.0,13272038,36.7,-44.4,0,1,False,False,False,False,False,False,False,False,True,False,False
BTDR,Bitdeer Technologies Group - Ordinary Shares,10.74,5.7,2918941311.0,140405528,55.3,-61.4,0,1,False,False,False,False,False,False,False,False,True,False,False
PATK,"Patrick Industries, Inc. - Common Stock",82.75,5.7,2657786346.0,58640808,2.5,-44.3,0,0,False,False,False,False,False,False,False,False,False,False,False
ISRG,"Intuitive Surgical, Inc. - Common Stock",371.88,5.6,131377036771.0,1197565047,13.2,-38.4,0,0,False,False,False,False,False,False,False,False,False,False,False
NXT,Nextpower Inc. - Class A Common Stock,82.55,5.6,12525271876.0,325662309,28.4,-49.4,0,1,False,False,False,False,True,False,False,False,False,False,False
PCG,Pacific Gas & Electric Co. Common Stock,13.33,5.6,35725872912.0,499540163,5.9,-30.4,5,3,False,False,True,False,True,True,True,False,False,False,False
KRUS,"Kura Sushi USA, Inc. - Class A Common Stock",44.91,5.5,545649135.0,13358065,5.4,-49.0,0,0,False,False,False,False,False,False,False,False,False,False,False
BBUC,Brookfield Business Corporation Class A Subordinate Voting Shares,27.12,5.5,5638248000.0,14491979,0.7,-29.1,0,0,False,False,False,False,False,False,False,False,False,False,False
CELH,"Celsius Holdings, Inc. - Common Stock",31.29,5.4,7917466621.0,293836384,32.8,-53.1,0,2,False,False,False,False,False,False,False,True,True,False,False
FOUR,"Shift4 Payments, Inc. Class A Common Stock",44.23,5.4,3492406108.0,76858817,28.0,-50.6,0,0,False,False,False,False,False,False,False,False,False,False,False
MMS,"Maximus, Inc. Common Stock",57.59,5.4,3015283571.0,38273574,9.2,-42.4,0,1,False,False,False,False,False,False,False,True,False,False,False
TLN,Talen Energy Corporation - Common Stock,302.03,5.3,14471543646.0,295027166,4.7,-33.1,0,0,False,False,False,False,False,False,False,False,False,False,False
KD,"Kyndryl Holdings, Inc. Common Stock",13.09,5.3,2851241063.0,53116180,29.6,-61.4,0,1,False,False,False,False,False,False,False,True,False,False,False
EYE,"National Vision Holdings, Inc. - Common Stock",16.82,5.2,1329945845.0,40354298,14.0,-44.0,0,0,False,False,False,False,False,False,False,False,False,False,False
LVS,Las Vegas Sands Corp. Common Stock,44.54,5.2,28848610735.0,226544006,2.7,-36.8,0,0,False,False,False,False,False,False,False,False,False,False,False
SITE,"SiteOne Landscape Supply, Inc. Common Stock",98.29,5.2,4290888283.0,84210069,9.1,-41.7,0,0,False,False,False,False,False,False,False,False,False,False,False
INTU,Intuit Inc. - Common Stock,342.94,5.1,93806778780.0,1345359508,35.6,-51.4,0,2,False,False,False,False,False,False,False,True,True,False,False
HDB,HDFC Bank Limited Common Stock,23.21,5.1,119093359631.0,214440855,4.1,-38.0,0,0,False,False,False,False,False,False,False,False,False,False,False
CSV,"Carriage Services, Inc. Common Stock",33.35,5.0,529674572.0,5920466,0.8,-36.0,0,0,False,False,False,False,False,False,False,False,False,False,False
RBA,"RB Global, Inc. Common Stock",82.9,5.0,15494010000.0,158980760,1.2,-30.7,0,0,False,False,True,False,False,False,False,False,False,False,False
CLFD,"Clearfield, Inc. - Common Stock",28.72,4.9,390131188.0,6465205,20.9,-45.5,0,1,False,False,False,False,True,False,False,False,False,False,False
CSIQ,Canadian Solar Inc. - Common Shares,13.36,4.9,906031433.0,32724448,37.9,-61.4,0,1,False,False,False,False,False,False,False,False,True,False,False
ENPH,"Enphase Energy, Inc. - Common Stock",35.52,4.9,4693777897.0,203570729,37.8,-51.8,4,3,False,False,False,False,True,True,False,False,True,False,False
AMRZ,Amrize Ltd Ordinary Shares,42.97,4.8,23501394923.0,161284172,3.3,-34.8,0,1,False,False,True,False,True,False,False,False,False,False,False
KEP,Korea Electric Power Corporation Common Stock,11.6,4.8,14893566586.0,13066401,3.9,-50.4,0,0,False,False,False,False,False,False,False,False,False,False,False
RMBS,"Rambus, Inc. - Common Stock",84.72,4.7,9188867006.0,294546953,16.9,-51.3,0,1,False,False,False,False,True,False,False,False,False,False,False
ENOV,Enovis Corporation Common Stock,20.2,4.7,1164923779.0,30630051,5.5,-41.1,0,0,False,False,False,False,False,False,False,False,False,False,False
VFC,V.F. Corporation Common Stock,13.22,4.7,5197239015.0,109568437,1.7,-40.6,0,0,False,False,False,False,False,False,False,False,False,False,False
DY,"Dycom Industries, Inc. Common Stock",296.98,4.6,8957201010.0,249113839,22.4,-47.6,5,3,False,False,False,False,True,True,True,False,False,False,False
FND,"Floor & Decor Holdings, Inc. Common Stock",47.95,4.6,5106193822.0,139305145,12.5,-48.1,0,0,False,False,False,False,False,False,False,False,False,False,False
OLED,Universal Display Corporation - Common Stock,83.56,4.5,3840988733.0,62717849,9.3,-45.5,0,0,False,False,False,False,False,False,False,False,False,False,False
CALX,"Calix, Inc Common Stock",37.58,4.5,2366186707.0,45093678,9.7,-47.2,0,0,False,False,False,False,False,False,False,False,False,False,False
GPI,"Group 1 Automotive, Inc. Common Stock",276.41,4.5,3295422212.0,62968244,10.8,-43.4,0,0,False,False,False,False,False,False,False,False,False,False,False
DECK,Deckers Outdoor Corporation Common Stock,83.76,4.4,11426055654.0,237695622,6.1,-33.2,1,2,False,False,False,False,True,True,False,False,False,False,False
TGLS,Tecnoglass Holdings Inc. Common Stock,38.52,4.4,1708925008.0,11542296,3.1,-47.9,0,0,False,False,True,False,False,False,False,False,False,False,False
LEN,Lennar Corporation Class A Common Stock,83.58,4.3,20134015968.0,207610261,4.7,-42.1,0,0,False,False,False,False,False,False,False,False,False,False,False
NCLH,Norwegian Cruise Line Holdings Ltd. Ordinary Shares,15.57,4.3,7149554762.0,288095919,7.2,-42.7,0,0,False,False,False,False,False,False,False,False,False,False,False
MLTX,MoonLake Immunotherapeutics - Class A Ordinary Shares,15.06,4.2,1281706676.0,24202644,153.1,-76.0,1,4,False,False,False,False,True,True,True,False,True,False,False
BXMT,"Blackstone Mortgage Trust, Inc. Common Stock",14.02,4.2,2362981146.0,33298371,2.9,-32.2,0,0,False,False,False,False,False,False,False,False,False,False,False
CPS,Cooper-Standard Holdings Inc. Common Stock,25.75,4.2,457557106.0,5347303,2.8,-46.3,0,0,False,False,False,False,False,False,False,False,False,False,False
ALNY,"Alnylam Pharmaceuticals, Inc. - Common Stock",267.4,4.1,35780558153.0,482358789,35.2,-46.0,0,2,False,False,False,False,False,False,False,True,True,False,False
CTRI,"Centuri Holdings, Inc. Common Stock",20.52,4.1,2071761848.0,46940203,7.8,-52.3,5,2,False,False,False,False,True,True,False,False,False,False,False
FISV,"Fiserv, Inc. - Common Stock",51.98,4.0,27641234158.0,388204171,10.5,-62.6,0,1,False,False,False,False,False,False,False,True,False,False,False
FN,Fabrinet Ordinary Shares,395.35,4.0,14167313482.0,506174625,26.3,-47.2,5,2,False,False,False,False,True,True,False,False,False,False,False
IE,Ivanhoe Electric Inc. Common Stock,10.09,4.0,1610265713.0,21122742,28.5,-53.2,0,1,False,False,False,False,False,False,False,True,False,False,False
QBTS,D-Wave Quantum Inc. - Common Stock,16.49,3.9,6089160672.0,358826406,29.3,-64.7,0,0,False,False,False,False,False,False,False,False,False,False,False
AS,"Amer Sports, Inc. Ordinary Shares",28.56,3.9,15926980573.0,180801483,0.1,-33.2,2,1,False,False,True,False,False,True,False,False,False,False,False
MSTR,Strategy Inc - Class A Common Stock,123.19,3.8,47332770266.0,2407202326,50.6,-66.3,0,2,False,False,False,False,False,False,False,True,True,False,False
WINA,Winmark Corporation - Common Stock,319.52,3.8,1147769839.0,17756992,0.5,-39.4,0,0,False,False,False,False,False,False,False,False,False,False,False
AAP,Advance Auto Parts Inc.,42.8,3.8,2585120000.0,104546554,13.0,-34.4,0,1,False,False,False,False,True,False,False,False,False,False,False
LULU,lululemon athletica inc. - Common Stock,120.07,3.7,13020145497.0,362438053,15.0,-46.9,0,1,False,False,False,False,False,False,False,True,False,False,False
CPNG,"Coupang, Inc. Class A Common Stock",15.97,3.7,28706261881.0,297540534,7.0,-53.1,0,0,False,False,False,False,False,False,False,False,False,False,False
AMTM,"Amentum Holdings, Inc. Common Stock",19.9,3.6,4865677619.0,46973604,0.5,-47.8,0,0,False,False,True,False,False,False,False,False,False,False,False
FICO,Fair Isaac Corporation Common Stock,1099.45,3.6,23745519801.0,349422364,26.4,-45.0,0,0,False,False,False,False,False,False,False,False,False,False,False
LIF,"Life360, Inc. - Common Stock",43.17,3.5,3517507530.0,42261844,16.6,-61.6,0,0,False,False,False,False,False,False,False,False,False,False,False
GLOB,Globant S.A. Common Shares,38.88,3.5,1678821137.0,69599606,41.1,-46.1,0,2,False,False,False,False,False,False,False,True,True,False,False
KNF,Knife Riv Holding Co. Common Stock,61.24,3.5,3476191841.0,52153175,4.3,-36.4,2,2,False,False,False,False,True,True,False,False,False,False,False
BIRK,Birkenstock Holding plc Ordinary Shares,33.79,3.4,5579614433.0,89617828,8.6,-35.0,0,0,False,False,False,False,False,False,False,False,False,False,False
MIR,"Mirion Technologies, Inc. Class A Common Stock",15.57,3.4,3877516164.0,65132885,10.3,-48.6,0,0,False,False,False,False,False,False,False,False,False,False,False
CLBT,Cellebrite DI Ltd. - Ordinary Shares,11.62,3.3,2898490674.0,37249078,21.3,-41.8,0,0,False,False,False,False,False,False,False,False,False,False,False
IONQ,"IonQ, Inc. Common Stock",37.64,3.3,14340927099.0,854227754,45.4,-55.5,0,1,False,False,False,False,False,False,False,False,True,False,False
NRG,"NRG Energy, Inc. Common Stock",111.09,3.3,23352282556.0,364226675,2.5,-41.5,0,0,False,False,False,False,False,False,False,False,False,False,False
AMSF,"AMERISAFE, Inc. - Common Stock",26.14,3.2,484532556.0,9603962,2.0,-45.4,0,0,False,False,False,False,False,False,False,False,False,False,False
GILT,Gilat Satellite Networks Ltd. - Ordinary Shares,10.12,3.2,763765994.0,6861453,11.2,-51.6,0,1,False,False,False,False,True,False,False,False,False,False,False
MNRO,"Monro, Inc.  - Common Stock",12.41,3.1,387986985.0,14481718,12.2,-48.1,0,0,False,False,False,False,False,False,False,False,False,False,False
OLLI,"Ollie's Bargain Outlet Holdings, Inc. - Common Stock",73.87,3.1,4465684680.0,138462731,22.5,-46.9,0,1,False,False,False,False,False,False,False,True,False,False,False
SHOE,"Shoe Station Group, Inc. - Common Stock",13.49,3.1,366271145.0,10568015,5.6,-49.2,0,0,False,False,False,False,False,False,False,False,False,False,False
ACI,"Albertsons Companies, Inc. Class A Common Stock",12.48,3.0,6056864524.0,104533779,14.9,-37.6,0,0,False,False,False,False,False,False,False,False,False,False,False
ACM,AECOM Common Stock,66.46,3.0,8553164406.0,136991391,10.1,-51.0,0,0,False,False,False,False,False,False,False,False,False,False,False
UPST,"Upstart Holdings, Inc. - Common stock",28.17,2.9,2741308506.0,129138326,17.5,-61.3,0,0,False,False,False,False,False,False,False,False,False,False,False
OLN,Olin Corporation Common Stock,17.66,2.9,2012930773.0,64742515,3.9,-42.0,0,1,False,False,False,False,True,False,False,False,False,False,False
QDEL,QuidelOrtho Corporation - Common Stock,13.95,2.8,956627207.0,23990369,40.6,-60.8,0,1,False,False,False,False,False,False,False,False,True,False,False
FLUT,Flutter Entertainment plc Ordinary Shares,101.98,2.8,17864970006.0,296993233,13.7,-66.1,0,0,False,False,False,False,False,False,False,False,False,False,False
PFSI,"PennyMac Financial Services, Inc. Common Stock",72.18,2.8,3749864467.0,46932557,2.1,-55.0,0,0,False,False,False,False,False,False,False,False,False,False,False
IPGP,IPG Photonics Corporation - Common Stock,76.48,2.7,3253041543.0,43048498,10.2,-50.9,0,1,False,False,False,False,True,False,False,False,False,False,False
JBGS,JBG SMITH Properties Common Shares ,11.93,2.7,890198085.0,9742798,10.8,-50.9,0,0,False,False,False,False,False,False,False,False,False,False,False
PRCT,PROCEPT BioRobotics Corporation - Common Stock,21.97,2.6,1258302288.0,31137966,31.8,-48.2,0,2,False,False,False,False,False,False,False,True,True,False,False
SEDG,"SolarEdge Technologies, Inc. - Common Stock",33.98,2.6,2090644917.0,122505342,20.5,-58.2,0,1,False,False,False,False,True,False,False,False,False,False,False
ZTS,Zoetis Inc. Class A Common Stock,76.17,2.6,31475241764.0,468274030,7.3,-51.0,0,1,False,False,False,False,False,False,False,True,False,False,False
SYM,Symbotic Inc. - Class A Common Stock,39.87,2.5,24113444098.0,73326249,5.8,-54.6,0,0,False,False,False,False,False,False,False,False,False,False,False
DFH,"Dream Finders Homes, Inc. Class A Common Stock",13.38,2.5,1211359879.0,9792083,9.7,-57.5,0,0,False,False,False,False,False,False,False,False,False,False,False
RGTI,"Rigetti Computing, Inc.  - Common stock",14.87,2.4,4963141268.0,345632842,18.7,-74.4,0,0,False,False,False,False,False,False,False,False,False,False,False
ZG,"Zillow Group, Inc. - Class A Common Stock",35.44,2.4,7969568370.0,41482720,22.1,-60.7,0,1,False,False,False,False,False,False,False,True,False,False,False
WD,"Walker & Dunlop, Inc Common Stock",40.07,2.4,1375432602.0,17149629,2.7,-55.5,0,0,False,False,False,False,False,False,False,False,False,False,False
FLY,Firefly Aerospace Inc. - Common Stock,21.07,2.3,3527215870.0,89397039,31.7,-66.1,0,2,False,False,False,False,True,False,False,False,True,False,False
IIIV,"i3 Verticals, Inc. - Common Stock",16.8,2.3,442209751.0,8521133,7.9,-50.5,0,0,False,False,False,False,False,False,False,False,False,False,False
SRAD,Sportradar Group AG - Class A Ordinary Shares,12.92,2.2,4027905143.0,32596742,11.9,-59.2,0,0,False,False,False,False,False,False,False,False,False,False,False
ORCL,Oracle Corporation Common Stock,145.75,2.2,419828648250.0,4458555471,27.3,-57.8,0,1,False,False,False,False,False,False,False,True,False,False,False
FLNC,"Fluence Energy, Inc. - Class A Common Stock",10.56,2.1,1949337657.0,111772808,60.0,-68.5,0,1,False,False,False,False,False,False,False,False,True,False,False
BSX,Boston Scientific Corporation Common Stock,48.37,2.1,70099232173.0,937593394,14.6,-55.8,0,1,False,False,False,False,False,False,False,True,False,False,False
ESAB,ESAB Corporation Common Stock,73.97,2.1,4598552906.0,62192394,0.9,-46.2,0,0,False,False,True,False,False,False,False,False,False,False,False
BRBR,"BellRing Brands, Inc. Common Stock ",10.72,2.0,1246502240.0,56151713,37.1,-75.1,0,1,False,False,False,False,False,False,False,False,True,False,False
QXO,"QXO, Inc. Common Stock",13.22,2.0,13715627173.0,350222335,3.3,-52.1,0,0,False,False,True,False,False,False,False,False,False,False,False
PODD,Insulet Corporation - Common Stock,148.14,1.9,10274131040.0,252546362,17.2,-58.3,0,0,False,False,False,False,False,False,False,False,False,False,False
SMPL,The Simply Good Foods Company - Common Stock,11.28,1.9,997834948.0,27829241,14.2,-61.0,0,0,False,False,False,False,False,False,False,False,False,False,False
LII,"Lennox International, Inc. Common Stock",374.0,1.9,12925692450.0,250208564,0.6,-36.3,0,1,False,False,True,False,True,False,False,False,False,False,False
Z,"Zillow Group, Inc. - Class C Capital Stock",34.58,1.8,7776175909.0,124024234,18.3,-63.2,0,1,False,False,False,False,False,False,False,True,False,False,False
NKE,"Nike, Inc. Common Stock",38.24,1.8,56728990403.0,1066914586,0.7,-50.3,0,0,False,False,False,False,False,False,False,False,False,False,False
AAON,"AAON, Inc. - Common Stock",74.62,1.7,6152690542.0,109952896,2.0,-50.4,0,1,False,False,False,False,True,False,False,False,False,False,False
PLNT,"Planet Fitness, Inc. Common Stock",51.68,1.7,3887212751.0,99609134,39.6,-54.8,0,1,False,False,False,False,False,False,False,False,True,False,False
AMSC,American Superconductor Corporation - Common Stock,28.49,1.6,1380116654.0,25641519,14.6,-59.6,0,1,False,False,False,False,True,False,False,False,False,False,False
AMRC,"Ameresco, Inc. Class A Common Stock",21.82,1.6,1157904724.0,16223649,18.7,-51.4,0,0,False,False,False,False,False,False,False,False,False,False,False
WHR,Whirlpool Corporation Common Stock,38.92,1.6,2537559792.0,93339903,9.8,-59.7,0,0,False,False,False,False,False,False,False,False,False,False,False
FUBO,FuboTV Inc. Class A Common Stock,11.27,1.5,1230647880.0,14701150,41.8,-80.1,0,2,False,False,False,False,False,False,False,True,True,False,False
PNR,Pentair plc. Ordinary Share,59.84,1.5,9552734928.0,233712865,3.9,-47.5,0,0,False,False,False,False,False,False,False,False,False,False,False
PSIX,"Power Solutions International, Inc. - Common Stock",35.69,1.4,823205911.0,15712481,41.2,-70.2,0,2,False,False,False,False,False,False,False,True,True,False,False
BBW,"Build-A-Bear Workshop, Inc. Common Stock",30.12,1.4,377627783.0,16991074,9.5,-60.3,0,0,False,False,False,False,False,False,False,False,False,False,False
ROL,"Rollins, Inc. Common Stock",35.71,1.4,17181702377.0,214290353,0.6,-46.0,0,0,False,False,True,False,False,False,False,False,False,False,False
COLL,"Collegium Pharmaceutical, Inc. - Common Stock",24.3,1.3,791101396.0,19303188,1.9,-52.2,0,0,False,False,True,False,False,False,False,False,False,False,False
KTOS,"Kratos Defense & Security Solutions, Inc. - Common Stock",47.78,1.3,8969325004.0,229392042,10.9,-64.3,0,0,False,False,False,False,False,False,False,False,False,False,False
CSGP,"CoStar Group, Inc. - Common Stock",31.26,1.2,12666476601.0,220894717,20.7,-66.0,0,1,False,False,False,False,False,False,False,True,False,False,False
BLDR,"Builders FirstSource, Inc. Common Stock",63.09,1.2,6788260472.0,163688992,1.3,-58.2,0,0,False,False,False,False,False,False,False,False,False,False,False
ONON,On Holding AG Class A Ordinary Shares,27.8,1.2,16775383746.0,218681995,0.9,-45.6,0,0,False,False,True,False,False,False,False,False,False,False,False
DKS,Dick's Sporting Goods Inc Common Stock,137.34,1.1,12292278432.0,438604777,14.1,-43.8,0,0,False,False,False,False,False,False,False,False,False,False,False
KRMN,Karman Holdings Inc. Common Stock,40.42,1.1,5357012477.0,158445853,1.7,-65.9,0,0,False,False,True,False,False,False,False,False,False,False,False
PSN,Parsons Corporation Common Stock,45.37,1.0,4845760726.0,70516349,25.1,-49.3,0,0,False,False,False,False,False,False,False,False,False,False,False
UTI,Universal Technical Institute Inc Common Stock,20.92,1.0,1152592233.0,44318229,2.0,-59.3,0,1,False,False,True,False,True,False,False,False,False,False,False
AVAV,"AeroVironment, Inc. - Common Stock",145.39,0.9,7389099995.0,269810562,7.5,-65.2,0,0,False,False,False,False,False,False,False,False,False,False,False
CPRI,Capri Holdings Limited Ordinary Shares,12.71,0.9,1444512065.0,59473608,0.7,-55.0,0,0,False,False,True,False,False,False,False,False,False,False,False
RBLX,Roblox Corporation Class A Common Stock,41.21,0.9,29439432529.0,513378025,21.6,-71.0,0,0,False,False,False,False,False,False,False,False,False,False,False
ALMU,"Aeluma, Inc. - Common Stock",12.85,0.8,235223555.0,8858126,25.5,-59.6,0,1,False,False,False,False,True,False,False,False,False,False,False
PZZA,"Papa John's International, Inc. - Common Stock",22.63,0.8,745017777.0,35102745,0.9,-59.4,0,0,False,False,True,False,False,False,False,False,False,False,False
IESC,"IES Holdings, Inc. - Common Stock",302.64,0.7,6029907100.0,170572154,3.0,-62.9,5,3,False,False,False,False,True,True,True,False,False,False,False
VITL,"Vital Farms, Inc. - Common Stock",10.12,0.7,434467003.0,19574711,27.3,-80.8,0,0,False,False,False,False,False,False,False,False,False,False,False
ALIT,"Alight, Inc. Class A Common Stock",14.16,0.7,381457557.0,12670809,47.8,-82.9,0,1,False,False,False,False,False,False,False,False,True,False,False
APP,Applovin Corporation - Class A Common Stock,319.05,0.6,106770401550.0,2404219633,7.2,-57.2,0,0,False,False,False,False,False,False,False,False,False,False,False
APTV,Aptiv PLC Ordinary Shares,45.03,0.6,9349728895.0,200564059,1.1,-49.4,0,0,False,False,False,False,False,False,False,False,False,False,False
NNE,Nano Nuclear Energy Inc. - common stock,17.59,0.5,944550388.0,39273067,19.6,-71.1,0,0,False,False,False,False,False,False,False,False,False,False,False
TREE,"LendingTree, Inc. - Common Stock",27.82,0.5,390580587.0,13797096,2.8,-64.0,0,0,False,False,True,False,False,False,False,False,False,False,False
PRIM,Primoris Services Corporation Common Stock,74.24,0.5,3996511956.0,145095002,14.2,-63.9,0,0,False,False,False,False,False,False,False,False,False,False,False
CCB,Coastal Financial Corporation - Common Stock,48.52,0.4,741692586.0,13344521,32.5,-59.6,0,1,False,False,False,False,False,False,False,False,True,False,False
LMB,"Limbach Holdings, Inc. - Common Stock",48.58,0.4,579316160.0,19066248,19.2,-57.7,0,1,False,False,False,False,True,False,False,False,False,False,False
MNST,Monster Beverage Corporation - Common Stock,44.42,0.3,130531749586.0,533304082,0.9,-55.7,0,1,False,False,True,False,True,False,False,False,False,False,False
OKLO,Oklo Inc. Class A common stock,39.52,0.3,7351417528.0,426316283,7.9,-79.6,0,0,False,False,False,False,False,False,False,False,False,False,False
CCOI,"Cogent Communications Holdings, Inc. - Common Stock",10.22,0.2,523424822.0,18375061,15.1,-77.6,0,0,False,False,False,False,False,False,False,False,False,False,False
TTD,"The Trade Desk, Inc. - Class A Common Stock",14.55,0.2,6836756823.0,343789515,13.4,-74.2,0,0,False,False,False,False,False,False,False,False,False,False,False
WING,Wingstop Inc. - Common Stock,113.155,0.2,3082630293.0,168354121,7.3,-65.8,0,0,False,False,False,False,False,False,False,False,False,False,False
BETR,Better Home & Finance Holding Company - Class A Common Stock,12.3,0.1,233682522.0,10059132,10.7,-86.9,0,0,False,False,False,False,False,False,False,False,False,False,False
CABO,"Cable One, Inc. Common Stock",28.51,0.1,161763602.0,9595745,29.7,-84.2,0,0,False,False,False,False,False,False,False,False,False,False,False
WLFC,Willis Lease Finance Corporation - Common Stock,54.9,0.0,1160811694.0,22106147,4.4,-77.6,0,1,False,False,False,False,True,False,False,False,False,False,False
