ticker,name,close,rs,mcap,dvol_50d,vs_52w_low,from_52w_high,sma200_up_months,n_pass,pass_all,new_52w_high,new_52w_low,1_price_gt_150_200,2_150_gt_200,3_200ma_rising_1m,4_50_gt_150_gt_200,5_price_gt_50,6_ge_30pct_above_52wlow,7_within_25pct_of_52whigh,8_rs_ge_70
001210.KS,금호전기,8220.0,99.0,101700000000.0,33429030332,1667.7,-15.6,2,8,True,False,False,True,True,True,True,True,True,True,True
010170.KQ,대한광통신,14860.0,98.9,2310500000000.0,132041617951,1510.0,-52.8,5,7,False,False,False,True,True,True,True,True,True,False,True
043260.KQ,성호전자,16520.0,98.8,1213100000000.0,50829169882,1518.0,-72.3,5,4,False,False,False,False,True,True,False,False,True,False,True
009150.KS,삼성전기,1385000.0,98.7,103450800000000.0,1481636530900,800.5,-42.7,5,6,False,False,False,True,True,True,True,False,True,False,True
327260.KQ,RF머트리얼즈,38250.0,98.6,688100000000.0,11718114086,1226.2,-39.6,5,6,False,False,False,True,True,True,False,True,True,False,True
002990.KS,금호건설,15150.0,98.5,564500000000.0,131035275715,373.4,-21.8,5,8,True,False,False,True,True,True,True,True,True,True,True
002990.KS,금호건설,15150.0,98.5,564500000000.0,131035275715,373.4,-21.8,5,8,True,False,False,True,True,True,True,True,True,True,True
036930.KQ,주성엔지니어링,179100.0,98.2,8324800000000.0,339297826382,583.6,-36.7,5,7,False,False,False,True,True,True,True,True,True,False,True
000500.KS,가온전선,211500.0,98.1,6298000000000.0,51401205326,623.8,-40.0,5,7,False,False,False,True,True,True,True,True,True,False,True
079650.KQ,서산,4750.0,98.0,95000000000.0,37319332119,398.9,-53.9,3,6,False,False,False,True,True,True,True,False,True,False,True
079650.KQ,서산,4750.0,98.0,95000000000.0,37319332119,398.9,-53.9,3,6,False,False,False,True,True,True,True,False,True,False,True
159010.KQ,아스플로,20450.0,97.8,272700000000.0,3225765538,498.0,-16.2,5,8,True,False,False,True,True,True,True,True,True,True,True
131290.KQ,티에스이,253000.0,97.7,2798500000000.0,30440250854,599.9,-13.9,5,8,True,False,False,True,True,True,True,True,True,True,True
047040.KS,대우건설,20000.0,97.6,8218200000000.0,120388371847,502.4,-50.4,5,6,False,False,False,True,True,True,False,True,True,False,True
319660.KQ,피에스케이,133400.0,97.5,3864200000000.0,88013779564,578.9,-39.2,5,6,False,False,False,True,True,True,True,False,True,False,True
402340.KS,SK스퀘어,1068000.0,97.4,140894800000000.0,1379429894300,715.9,-51.2,5,6,False,False,False,True,True,True,True,False,True,False,True
317400.KS,자이에스앤디,11030.0,97.3,427800000000.0,9730090742,261.6,-4.6,5,8,True,True,False,True,True,True,True,True,True,True,True
126640.KQ,화신정공,4250.0,97.1,149000000000.0,16403703266,245.5,-46.1,5,7,False,False,False,True,True,True,True,True,True,False,True
017900.KS,광전자,7880.0,97.0,456600000000.0,22674284470,347.7,-64.9,5,7,False,False,False,True,True,True,True,True,True,False,True
095610.KQ,테스,146000.0,96.9,2826600000000.0,81415830624,445.8,-38.3,5,6,False,False,False,True,True,True,True,False,True,False,True
006340.KS,대원전선,14140.0,96.8,1108800000000.0,177075936804,411.4,-30.3,5,7,False,False,False,True,True,True,True,True,True,False,True
000660.KS,SK하이닉스,1730000.0,96.7,1263751800000000.0,11498740382040,606.1,-42.1,5,6,False,False,False,True,True,True,True,False,True,False,True
032580.KQ,피델릭스,4360.0,96.6,144500000000.0,6255739910,412.9,-55.5,4,6,False,False,False,True,True,True,True,False,True,False,True
080220.KQ,제주반도체,77700.0,96.5,2676200000000.0,250976874320,480.7,-43.7,5,6,False,False,False,True,True,True,True,False,True,False,True
457600.KQ,벡트,5010.0,96.4,68700000000.0,1039335955,257.6,-1.8,1,6,False,False,False,True,False,True,False,True,True,True,True
189330.KQ,씨이랩,14500.0,96.3,136000000000.0,7971781142,326.5,-24.1,3,8,True,False,False,True,True,True,True,True,True,True,True
222800.KQ,심텍,126900.0,96.2,4818900000000.0,95664499970,457.8,-22.7,5,8,True,False,False,True,True,True,True,True,True,True,True
003010.KS,혜인,12400.0,96.0,157600000000.0,5356344408,215.9,-3.9,1,8,True,False,False,True,True,True,True,True,True,True,True
001820.KS,삼화콘덴서공업,108300.0,95.9,1125800000000.0,94466799684,334.1,-45.0,5,7,False,False,False,True,True,True,True,True,True,False,True
085620.KS,미래에셋생명,25950.0,95.8,3507900000000.0,15654023304,281.6,-30.4,5,7,False,False,False,True,True,True,True,True,True,False,True
226340.KQ,본느,6800.0,95.7,57100000000.0,8692168516,457.4,-29.8,1,5,False,False,False,True,False,True,False,True,True,False,True
089970.KQ,브이엠,60500.0,95.6,1592800000000.0,59044114758,476.2,-50.5,5,6,False,False,False,True,True,True,True,False,True,False,True
420770.KQ,기가비스,108200.0,95.5,1371500000000.0,20422116148,365.4,-47.5,5,6,False,False,False,True,True,True,True,False,True,False,True
085910.KQ,네오티스,17400.0,95.4,240000000000.0,3819317534,463.1,-52.1,5,4,False,False,False,False,True,True,False,False,True,False,True
046970.KQ,우리로,4575.0,95.3,200500000000.0,11355153565,279.4,-71.8,5,4,False,False,False,False,True,True,False,False,True,False,True
046970.KQ,우리로,4575.0,95.3,200500000000.0,11355153565,279.4,-71.8,5,4,False,False,False,False,True,True,False,False,True,False,True
219130.KQ,타이거일렉,62600.0,95.1,395300000000.0,5003801582,320.1,-28.8,5,6,False,False,False,True,True,True,True,False,True,False,True
069540.KQ,빛과전자,3100.0,95.0,349300000000.0,29243300723,423.6,-61.7,5,6,False,False,False,True,True,True,False,True,True,False,True
440110.KQ,파두,64500.0,94.8,3232200000000.0,54550709222,476.9,-50.2,5,5,False,False,False,False,True,True,True,False,True,False,True
092190.KQ,서울바이오시스,8930.0,94.7,409600000000.0,1643818545,318.3,-53.7,5,7,False,False,False,True,True,True,True,True,True,False,True
024840.KQ,KBI메탈,5590.0,94.6,241300000000.0,28154710396,245.1,-52.5,5,7,False,False,False,True,True,True,True,True,True,False,True
052460.KQ,아이크래프트,6010.0,94.5,87800000000.0,3196821308,167.1,-30.2,2,7,False,False,False,True,True,True,True,True,True,False,True
181710.KS,NHN,70100.0,94.4,2296000000000.0,11966564472,184.4,-10.4,5,8,True,False,False,True,True,True,True,True,True,True,True
417840.KQ,저스템,12720.0,94.3,290900000000.0,11414921205,329.2,-42.8,5,7,False,False,False,True,True,True,True,True,True,False,True
031980.KQ,피에스케이홀딩스,127000.0,94.2,2738400000000.0,27420322794,320.5,-26.6,5,7,False,False,False,True,True,True,True,True,True,False,True
353200.KS,대덕전자,111300.0,94.1,5500100000000.0,122313790890,423.8,-43.8,5,6,False,False,False,True,True,True,True,False,True,False,True
319400.KQ,현대무벡스,24150.0,94.0,2689700000000.0,39954877647,460.3,-52.1,5,5,False,False,False,False,True,True,False,True,True,False,True
475150.KS,SK이터닉스,55800.0,93.9,1900900000000.0,326364275466,224.2,-36.4,5,7,False,False,False,True,True,True,True,True,True,False,True
078930.KS,GS,123200.0,93.8,11444700000000.0,45699301208,187.9,-7.5,5,8,True,True,False,True,True,True,True,True,True,True,True
241710.KQ,코스메카코리아,139000.0,93.6,1484500000000.0,14202859660,144.7,-3.5,5,8,True,False,False,True,True,True,True,True,True,True,True
025560.KS,미래산업,6710.0,93.5,186400000000.0,7477682789,229.2,-49.9,5,6,False,False,False,True,True,True,True,False,True,False,True
064290.KQ,인텍플러스,33200.0,93.4,430200000000.0,14905980172,269.7,-38.6,5,6,False,False,False,True,True,True,True,False,True,False,True
000650.KS,천일고속,153500.0,93.3,219400000000.0,1379310602,317.1,-70.4,5,3,False,False,False,False,False,True,False,False,True,False,True
005930.KS,삼성전자,266000.0,93.2,1555110100000000.0,8307998724820,294.1,-29.0,5,6,False,False,False,True,True,True,True,False,True,False,True
161890.KS,한국콜마,145800.0,93.1,3441600000000.0,48276428732,140.6,-5.0,2,8,True,False,False,True,True,True,True,True,True,True,True
011070.KS,LG이노텍,597000.0,93.0,14129300000000.0,227176144140,278.8,-66.6,5,6,False,False,False,True,True,True,True,False,True,False,True
005090.KS,SGC에너지,62600.0,92.9,902000000000.0,7288873254,210.7,-11.5,5,7,False,False,False,True,True,True,False,True,True,True,True
222040.KQ,코스맥스엔비티,8400.0,92.8,173300000000.0,2830274845,193.7,-25.0,4,8,True,False,False,True,True,True,True,True,True,True,True
010120.KS,엘에스일렉트릭,219500.0,92.7,32925000000000.0,196000960476,333.8,-34.5,5,7,False,False,False,True,True,True,True,True,True,False,True
322000.KS,HD현대에너지솔루션,142000.0,92.6,1590400000000.0,53876386108,243.8,-44.5,5,6,False,False,False,True,True,True,False,True,True,False,True
058610.KQ,에스피지,94200.0,92.4,2089100000000.0,51229722918,318.7,-43.2,5,5,False,False,False,False,True,True,False,True,True,False,True
007810.KS,코리아써키트,60900.0,92.3,1460500000000.0,26066884425,440.9,-58.9,5,4,False,False,False,False,True,True,False,False,True,False,True
019210.KQ,와이지-원,14530.0,92.2,540400000000.0,19980791117,196.5,-49.0,5,5,False,False,False,False,True,True,True,False,True,False,True
032820.KQ,우리기술,12240.0,92.1,2114900000000.0,36226187748,288.0,-59.5,5,5,False,False,False,False,True,True,False,True,True,False,True
006110.KS,삼아알미늄,64400.0,92.0,974000000000.0,8239911514,238.9,-38.4,5,6,False,False,False,True,True,True,False,True,True,False,True
041830.KQ,인바디,60500.0,91.9,815600000000.0,7825414513,132.7,-17.7,5,8,True,False,False,True,True,True,True,True,True,True,True
010060.KS,OCI홀딩스,276000.0,91.8,5153000000000.0,72695794740,230.9,-33.3,5,7,False,False,False,True,True,True,True,True,True,False,True
119850.KQ,지엔씨에너지,50300.0,91.7,827400000000.0,33053578097,174.1,-13.3,1,8,True,False,False,True,True,True,True,True,True,True,True
034730.KS,SK,556000.0,91.6,40311500000000.0,175326569760,214.3,-37.0,5,6,False,False,False,True,True,True,True,False,True,False,True
080580.KQ,오킨스전자,19410.0,91.5,409400000000.0,4431362286,234.7,-29.4,5,6,False,False,False,True,True,True,False,True,True,False,True
084670.KS,동양고속,25000.0,91.4,72400000000.0,2661081984,248.7,-85.5,5,3,False,False,False,False,False,True,False,False,True,False,True
091590.KQ,남화토건,6180.0,91.2,72600000000.0,13398570158,93.1,-49.3,2,6,False,False,False,True,True,True,True,False,True,False,True
091590.KQ,남화토건,6180.0,91.2,72600000000.0,13398570158,93.1,-49.3,2,6,False,False,False,True,True,True,True,False,True,False,True
040350.KQ,크레오에스지,6330.0,91.0,125700000000.0,1191051300,168.2,-50.5,3,6,False,False,False,True,True,True,True,False,True,False,True
170920.KQ,엘티씨,35600.0,90.9,376100000000.0,15000251458,242.3,-41.4,5,5,False,False,False,False,True,True,True,False,True,False,True
037460.KQ,삼지전자,31700.0,90.8,517300000000.0,3491721617,190.8,-50.9,5,6,False,False,False,True,True,True,True,False,True,False,True
006360.KS,GS건설,36900.0,90.7,3158000000000.0,84682738011,107.4,-17.7,5,8,True,False,False,True,True,True,True,True,True,True,True
066570.KS,LG전자,198300.0,90.6,32300000000000.0,279789377598,175.4,-54.7,5,7,False,False,False,True,True,True,True,True,True,False,True
192820.KS,코스맥스,283000.0,90.5,3211900000000.0,24570838370,100.7,-4.7,1,8,True,False,False,True,True,True,True,True,True,True,True
123330.KQ,제닉,33800.0,90.4,269300000000.0,8097565763,117.1,-4.0,1,8,True,False,False,True,True,True,True,True,True,True,True
098120.KQ,마이크로컨텍솔,41850.0,90.3,347900000000.0,4462266423,170.0,-4.2,5,7,False,False,False,True,True,True,False,True,True,True,True
079940.KQ,가비아,45550.0,90.1,611300000000.0,1193172486,104.7,-4.9,5,8,True,False,False,True,True,True,True,True,True,True,True
252990.KQ,샘씨엔에스,13330.0,90.0,802700000000.0,9793678760,213.3,-21.4,5,8,True,False,False,True,True,True,True,True,True,True,True
093370.KS,후성,13060.0,89.9,1400800000000.0,62329646132,160.2,-44.5,5,7,False,False,False,True,True,True,True,True,True,False,True
278470.KS,에이피알,434500.0,89.8,16266900000000.0,108357261620,117.4,-8.1,5,8,True,False,False,True,True,True,True,True,True,True,True
240810.KQ,원익IPS,112700.0,89.7,5531800000000.0,208381456306,203.4,-40.0,5,5,False,False,False,False,True,True,True,False,True,False,True
065170.KQ,비엘팜텍,1921.0,89.6,53600000000.0,7448320604,410.9,-76.4,5,4,False,False,False,False,True,True,False,False,True,False,True
032830.KS,삼성생명,307000.0,89.5,61400000000000.0,174583980180,150.0,-40.6,5,6,False,False,False,True,True,True,True,False,True,False,True
356860.KQ,티엘비,41500.0,89.4,983600000000.0,17765572252,260.8,-35.9,5,6,False,False,False,True,True,True,False,True,True,False,True
006400.KS,삼성SDI,569000.0,89.3,45853200000000.0,228627676420,189.1,-21.3,5,7,False,False,False,True,True,True,False,True,True,True,True
031330.KQ,에스에이엠티,8060.0,89.2,806000000000.0,13218371274,181.8,-59.6,5,5,False,False,False,False,True,True,True,False,True,False,True
084370.KQ,유진테크,138000.0,89.1,3162400000000.0,33261124724,210.1,-40.4,5,6,False,False,False,True,True,True,True,False,True,False,True
121440.KQ,골프존홀딩스,7570.0,88.9,324300000000.0,2599851214,85.1,-9.1,2,8,True,False,False,True,True,True,True,True,True,True,True
089860.KS,롯데렌탈,47250.0,88.8,1715600000000.0,4727963583,77.3,-3.1,3,8,True,False,False,True,True,True,True,True,True,True,True
010950.KS,S-Oil,136700.0,88.7,15390100000000.0,54238732146,136.5,-22.8,5,8,True,False,False,True,True,True,True,True,True,True,True
298000.KS,효성화학,59200.0,88.6,224500000000.0,8318742829,52.2,-32.3,3,6,False,False,False,True,True,True,True,False,True,False,True
001450.KS,현대해상,48950.0,88.5,4172900000000.0,22156455195,90.8,-5.5,5,8,True,False,False,True,True,True,True,True,True,True,True
020120.KS,키다리스튜디오,5800.0,88.4,215000000000.0,1931860231,107.1,-9.2,0,7,False,False,False,True,True,False,True,True,True,True,True
007340.KS,DN오토모티브,46400.0,88.3,2714900000000.0,11007113945,115.3,-31.3,5,7,False,False,False,True,True,True,True,True,True,False,True
067310.KQ,하나마이크론,38750.0,88.2,2576500000000.0,80430584171,239.6,-33.8,5,7,False,False,False,True,True,True,True,True,True,False,True
004170.KS,신세계,425000.0,88.1,4014200000000.0,49987815510,164.3,-46.3,5,5,False,False,False,False,True,True,True,False,True,False,True
144960.KQ,뉴파워프라즈마,10010.0,88.0,437400000000.0,12873538810,112.5,-24.6,5,8,True,False,False,True,True,True,True,True,True,True,True
091580.KQ,상신이디피,22450.0,87.9,299200000000.0,3170720174,136.8,-28.8,5,6,False,False,False,True,True,True,False,True,True,False,True
095340.KQ,ISC,171200.0,87.7,3628900000000.0,40493535580,210.7,-41.5,5,5,False,False,False,False,True,True,False,True,True,False,True
138080.KQ,오이솔루션,24950.0,87.6,308800000000.0,6798523912,190.1,-56.9,5,5,False,False,False,False,True,True,False,True,True,False,True
138080.KQ,오이솔루션,24950.0,87.6,308800000000.0,6798523912,190.1,-56.9,5,5,False,False,False,False,True,True,False,True,True,False,True
028050.KS,삼성E&A,50100.0,87.4,9819600000000.0,102331827249,116.4,-25.6,5,7,False,False,False,True,True,True,True,True,True,False,True
228340.KQ,동양파일,2780.0,87.3,55600000000.0,6075459781,79.4,-61.9,2,6,False,False,False,True,True,True,True,False,True,False,True
270520.KQ,앱튼,3460.0,87.2,80100000000.0,1251162232,374.0,-73.9,0,4,False,False,False,True,False,False,False,True,True,False,True
281820.KS,케이씨텍,68700.0,87.1,1360200000000.0,22117051514,122.7,-45.0,5,6,False,False,False,True,True,True,True,False,True,False,True
417310.KS,코람코더원리츠,10930.0,87.0,441600000000.0,1616681036,105.1,-1.3,5,8,True,False,False,True,True,True,True,True,True,True,True
093320.KQ,케이아이엔엑스,142000.0,86.9,693000000000.0,1904426068,78.4,-13.3,5,8,True,False,False,True,True,True,True,True,True,True,True
236200.KQ,슈프리마,55200.0,86.8,385000000000.0,1534199785,82.8,-15.1,5,8,True,False,False,True,True,True,True,True,True,True,True
090360.KQ,로보스타,79900.0,86.7,779000000000.0,15523693960,220.2,-53.4,5,6,False,False,False,True,True,True,False,True,True,False,True
028260.KS,삼성물산,375500.0,86.5,60893900000000.0,238754237520,141.8,-33.5,5,6,False,False,False,True,True,True,True,False,True,False,True
375500.KS,DL이앤씨,74300.0,86.4,2874900000000.0,27775177808,93.2,-30.3,5,6,False,False,False,True,True,True,False,True,True,False,True
036170.KQ,에이치엠넥스,2355.0,86.3,144500000000.0,1311810104,194.0,-77.0,5,4,False,False,False,False,True,True,False,False,True,False,True
307950.KS,현대오토에버,413500.0,86.2,11339800000000.0,46398332840,180.1,-61.2,5,4,False,False,False,False,True,True,False,False,True,False,True
036710.KQ,심텍홀딩스,4160.0,86.1,219800000000.0,1587316277,184.3,-36.0,0,6,False,False,False,True,True,False,True,True,True,False,True
076610.KQ,해성옵틱스,1313.0,86.0,77800000000.0,2300543124,170.7,-55.2,5,5,False,False,False,False,True,True,False,True,True,False,True
083450.KQ,GST,45100.0,85.9,831200000000.0,8596479128,148.5,-36.3,5,6,False,False,False,True,True,True,True,False,True,False,True
011560.KQ,세보엠이씨,23350.0,85.8,235500000000.0,1139100846,98.2,-20.3,5,8,True,False,False,True,True,True,True,True,True,True,True
446540.KQ,메가터치,7140.0,85.7,207600000000.0,1760222739,120.0,-35.0,5,7,False,False,False,True,True,True,True,True,True,False,True
008060.KS,대덕,16500.0,85.6,516200000000.0,1475918193,114.3,-32.2,5,7,False,False,False,True,True,True,True,True,True,False,True
017670.KS,SK텔레콤,99100.0,85.5,21285700000000.0,133574802286,92.8,-29.0,5,7,False,False,False,True,True,True,True,True,True,False,True
377450.KQ,리파인,16400.0,85.3,284200000000.0,1702964142,94.8,-9.6,1,6,False,False,False,True,False,True,False,True,True,True,True
000720.KS,현대건설,129300.0,85.2,14398300000000.0,77179672986,139.0,-34.8,5,5,False,False,False,False,True,True,False,True,True,False,True
049080.KQ,기가레인,8800.0,85.1,74700000000.0,10242712079,145.8,-71.8,5,5,False,False,False,False,True,True,False,True,True,False,True
073240.KS,금호타이어,7110.0,85.0,2042400000000.0,50776104529,68.5,-19.7,2,8,True,False,False,True,True,True,True,True,True,True,True
073240.KS,금호타이어,7110.0,85.0,2042400000000.0,50776104529,68.5,-19.7,2,8,True,False,False,True,True,True,True,True,True,True,True
298040.KS,효성중공업,3079000.0,84.8,28710300000000.0,154393069380,187.0,-35.1,5,6,False,False,False,True,True,True,False,True,True,False,True
413630.KQ,씨피시스템,4000.0,84.7,145700000000.0,23951060089,172.7,-35.4,5,5,False,False,False,True,False,True,False,True,True,False,True
038500.KQ,삼표시멘트,7860.0,84.6,848200000000.0,6158769352,172.0,-66.6,5,4,False,False,False,False,True,True,False,False,True,False,True
012200.KS,계양전기,3805.0,84.5,103600000000.0,4764503403,187.0,-73.3,5,4,False,False,False,False,True,True,False,False,True,False,True
042700.KS,한미반도체,222000.0,84.4,21159300000000.0,215233863382,172.7,-47.9,5,4,False,False,False,False,True,True,False,False,True,False,True
000810.KS,삼성화재해상보험,682000.0,84.2,30449600000000.0,80048866740,62.8,-9.9,5,8,True,False,False,True,True,True,True,True,True,True,True
127120.KQ,제이에스링크,34000.0,84.1,1245600000000.0,5211238554,145.3,-31.9,5,4,False,False,False,False,True,True,False,False,True,False,True
041960.KQ,코미팜,9240.0,84.0,682700000000.0,1931398003,76.0,-14.4,5,7,False,False,False,True,True,True,False,True,True,True,True
307180.KQ,아이엘,5780.0,83.9,213400000000.0,2183539284,140.8,-44.4,5,6,False,False,False,True,True,True,False,True,True,False,True
064760.KQ,티씨케이,242500.0,83.8,2711000000000.0,18035234890,139.4,-30.4,5,6,False,False,False,True,True,True,False,True,True,False,True
365270.KQ,큐라클,10610.0,83.7,235100000000.0,1583032208,194.7,-48.9,5,5,False,False,False,False,True,True,False,True,True,False,True
388790.KQ,라이콤,4215.0,83.6,129000000000.0,3340193276,99.8,-54.8,5,4,False,False,False,False,True,True,False,False,True,False,True
290550.KQ,디케이티,15500.0,83.5,310000000000.0,6992223513,132.7,-55.7,5,5,False,False,False,False,True,True,True,False,True,False,True
092870.KQ,엑시콘,26150.0,83.4,341300000000.0,5432309717,179.7,-37.3,5,6,False,False,False,True,True,True,False,True,True,False,True
035890.KQ,서희건설,2305.0,83.3,478500000000.0,1235730017,42.0,-42.4,4,7,False,False,False,True,True,True,True,True,True,False,True
108490.KQ,로보티즈,255000.0,83.2,3738600000000.0,50376790168,240.0,-45.0,5,5,False,False,False,False,True,True,False,True,True,False,True
009420.KS,한올바이오파마,64300.0,83.0,3359100000000.0,26148834632,134.7,-11.9,5,8,True,False,False,True,True,True,True,True,True,True,True
122640.KQ,예스티,28650.0,82.9,620300000000.0,25605849644,88.5,-34.9,5,7,False,False,False,True,True,True,True,True,True,False,True
403870.KQ,HPSP,50500.0,82.8,4156200000000.0,186874983888,104.5,-45.1,5,6,False,False,False,True,True,True,False,True,True,False,True
003350.KS,한국화장품제조,13420.0,82.7,304100000000.0,9526450337,98.8,-10.2,0,5,False,False,False,True,False,False,False,True,True,True,True
029460.KS,케이씨,38650.0,82.6,425900000000.0,1297687322,85.4,-10.1,5,7,False,False,False,True,True,True,False,True,True,True,True
079550.KS,LIG디펜스앤에어로스페이스,745000.0,82.5,16390000000000.0,119125876220,106.9,-33.4,5,6,False,False,False,True,True,True,True,False,True,False,True
448900.KQ,한국피아이엠,48050.0,82.4,291900000000.0,5779909517,325.2,-73.1,5,4,False,False,False,False,True,True,False,False,True,False,True
005830.KS,DB손해보험,184000.0,82.3,12052100000000.0,34713547418,55.8,-14.0,5,7,False,False,False,True,True,True,False,True,True,True,True
131970.KQ,두산테스나,83100.0,82.2,1606100000000.0,26796092272,151.4,-57.8,5,4,False,False,False,False,True,True,False,False,True,False,True
053610.KQ,프로텍,62900.0,82.1,566100000000.0,2579304569,143.8,-38.3,5,5,False,False,False,False,True,True,True,False,True,False,True
160980.KQ,싸이맥스,25900.0,82.0,282900000000.0,6429262671,119.1,-45.9,5,5,False,False,False,False,True,True,True,False,True,False,True
265740.KQ,엔에프씨,7470.0,81.8,133400000000.0,1904137149,85.8,-24.2,1,7,False,False,False,True,True,True,False,True,True,True,True
026910.KQ,광진실업,3565.0,81.7,28300000000.0,1051663787,147.2,-47.6,3,6,False,False,False,True,True,True,True,False,True,False,True
088350.KS,한화생명,5480.0,81.6,4759500000000.0,21597314664,87.0,-27.5,5,7,False,False,False,True,True,True,True,True,True,False,True
086790.KS,하나금융지주,133600.0,81.5,36655500000000.0,106362859632,66.0,-6.2,5,8,True,False,False,True,True,True,True,True,True,True,True
017890.KQ,한국알콜,14240.0,81.4,294400000000.0,1224550923,61.1,-12.5,5,8,True,False,False,True,True,True,True,True,True,True,True
483650.KS,달바글로벌,222500.0,81.3,2787000000000.0,41134854636,91.5,-21.4,4,7,False,False,False,True,True,True,True,False,True,True,True
355150.KQ,코스텍시스,23150.0,81.2,180500000000.0,2106464873,152.2,-63.9,5,5,False,False,False,False,True,True,False,True,True,False,True
092730.KQ,네오팜,23500.0,81.1,376700000000.0,1360502047,50.7,-9.6,2,8,True,False,False,True,True,True,True,True,True,True,True
055550.KS,신한지주,108800.0,81.0,51076200000000.0,130936902680,71.1,-4.0,5,8,True,False,False,True,True,True,True,True,True,True,True
332570.KQ,PS일렉트로닉스,7790.0,80.9,363900000000.0,28780649145,108.6,-48.0,5,6,False,False,False,True,True,True,False,True,True,False,True
064850.KQ,에프앤가이드,16540.0,80.8,188700000000.0,1529984324,109.4,-55.3,5,5,False,False,False,False,True,True,True,False,True,False,True
019010.KQ,베뉴지,4475.0,80.6,215700000000.0,2299317337,98.9,-38.7,5,4,False,False,False,False,True,True,False,False,True,False,True
082920.KQ,비츠로셀,29200.0,80.5,1318100000000.0,12386989206,134.1,-56.9,5,4,False,False,False,False,True,True,False,False,True,False,True
368770.KQ,파이버프로,12800.0,80.4,420500000000.0,2451025559,142.4,-57.3,5,4,False,False,False,False,True,True,False,False,True,False,True
475830.KQ,오름테라퓨틱,66800.0,80.3,1450900000000.0,8167762293,194.9,-54.4,5,4,False,False,False,False,False,True,False,True,True,False,True
382800.KQ,지앤비에스 에코,5170.0,80.2,164600000000.0,3038593668,102.7,-49.1,5,5,False,False,False,False,True,True,False,True,True,False,True
242040.KQ,나무기술,3175.0,80.1,109900000000.0,3145379174,142.7,-71.4,5,4,False,False,False,False,True,True,False,False,True,False,True
124500.KQ,아이티센글로벌,37750.0,80.0,876000000000.0,12505465863,169.8,-50.0,5,5,False,False,False,False,True,True,False,True,True,False,True
067290.KQ,JW신약,1990.0,79.9,111500000000.0,34200838988,59.7,-42.6,5,6,False,False,False,True,True,True,True,False,True,False,True
217730.KQ,강스템바이오텍,2370.0,79.8,222900000000.0,1949857575,119.4,-49.5,5,4,False,False,False,False,True,True,False,False,True,False,True
003550.KS,LG,114500.0,79.7,17311500000000.0,37233986982,63.3,-38.4,5,7,False,False,False,True,True,True,True,True,True,False,True
001510.KS,SK증권,2615.0,79.5,604800000000.0,13949197387,114.7,-57.8,5,5,False,False,False,False,True,True,False,True,True,False,True
030530.KQ,원익홀딩스,20250.0,79.4,1564100000000.0,15165621190,262.3,-60.0,0,3,False,False,False,False,False,False,False,True,True,False,True
018260.KS,삼성에스디에스,234000.0,79.3,18106400000000.0,68892783898,62.8,-39.8,5,7,False,False,False,True,True,True,True,True,True,False,True
033640.KQ,네패스,24100.0,79.2,555700000000.0,4720975931,127.8,-41.4,5,6,False,False,False,True,True,True,False,True,True,False,True
489460.KQ,바이오비쥬,11490.0,79.1,169500000000.0,1297249604,104.8,-37.1,0,4,False,False,False,True,False,False,False,True,True,False,True
105560.KS,KB금융,168100.0,79.0,59623000000000.0,219439805914,58.9,-13.6,5,8,True,False,False,True,True,True,True,True,True,True,True
005180.KS,빙그레,90600.0,78.9,839800000000.0,5185482738,47.3,-4.6,1,7,False,False,False,True,True,True,False,True,True,True,True
014910.KS,성문전자,2020.0,78.8,44200000000.0,4861890617,94.4,-51.3,5,5,False,False,False,False,True,True,True,False,True,False,True
024850.KQ,HLB이노베이션,14300.0,78.7,454100000000.0,2510632474,95.9,-50.9,5,5,False,False,False,False,True,True,False,True,True,False,True
028670.KS,팬오션,5620.0,78.6,3004300000000.0,17474872584,61.3,-14.8,5,8,True,False,False,True,True,True,True,True,True,True,True
198440.KQ,강동씨앤엘,1317.0,78.5,80200000000.0,10574050060,44.7,-55.1,2,6,False,False,False,True,True,True,True,False,True,False,True
198440.KQ,강동씨앤엘,1317.0,78.5,80200000000.0,10574050060,44.7,-55.1,2,6,False,False,False,True,True,True,True,False,True,False,True
059120.KQ,아진엑스텍,6490.0,78.2,118800000000.0,7138280066,113.1,-55.2,5,5,False,False,False,False,True,True,False,True,True,False,True
098460.KQ,고영,29150.0,78.1,1988200000000.0,35808868944,115.1,-35.2,5,5,False,False,False,False,True,True,False,True,True,False,True
347700.KQ,스피어,23150.0,78.0,1193400000000.0,29889980030,228.4,-59.6,5,5,False,False,False,False,True,True,False,True,True,False,True
033160.KQ,엠케이전자,14580.0,77.9,352800000000.0,17017275177,89.4,-60.6,5,4,False,False,False,False,True,True,False,False,True,False,True
194370.KS,제이에스코퍼레이션,13370.0,77.8,388000000000.0,1268349281,40.7,-16.9,5,8,True,False,False,True,True,True,True,True,True,True,True
251970.KQ,펌텍코리아,56600.0,77.7,701800000000.0,4096362161,80.3,-19.4,0,5,False,False,False,True,False,False,False,True,True,True,True
051160.KQ,지어소프트,9270.0,77.6,143400000000.0,1236079392,47.8,-20.4,1,8,True,False,False,True,True,True,True,True,True,True,True
000150.KS,두산,1214000.0,77.5,19659300000000.0,101603540280,159.4,-51.2,5,5,False,False,False,False,True,True,True,False,True,False,True
257720.KQ,실리콘투,49150.0,77.4,3223100000000.0,41981538098,64.7,-12.4,0,5,False,False,False,True,False,False,False,True,True,True,True
001540.KQ,안국약품,10850.0,77.3,141500000000.0,1131029432,49.0,-20.5,5,7,False,False,False,True,True,True,True,False,True,True,True
178320.KQ,서진시스템,41350.0,77.1,2632000000000.0,51878251266,124.6,-50.4,5,4,False,False,False,False,True,True,False,False,True,False,True
311320.KQ,지오엘리먼트,8860.0,77.0,111800000000.0,1523695458,73.4,-25.7,5,7,False,False,False,True,True,True,True,True,True,False,True
000370.KS,한화손해보험,7730.0,76.9,902400000000.0,3550039265,53.1,-28.4,5,6,False,False,False,True,True,True,False,True,True,False,True
062040.KS,산일전기,201500.0,76.8,6174500000000.0,54771443362,98.1,-40.9,5,6,False,False,False,True,True,True,False,True,True,False,True
094170.KQ,동운아나텍,32700.0,76.7,683800000000.0,3491057571,100.9,-42.0,5,5,False,False,False,False,True,True,False,True,True,False,True
039030.KQ,이오테크닉스,406500.0,76.6,5007900000000.0,59023675120,115.4,-34.8,5,5,False,False,False,False,True,True,False,True,True,False,True
003690.KS,코리안리,14500.0,76.5,2562500000000.0,4621098657,44.9,-6.5,5,8,True,False,False,True,True,True,True,True,True,True,True
396300.KQ,세아메카닉스,4650.0,76.4,123200000000.0,6488602548,104.8,-36.6,5,6,False,False,False,True,True,True,False,True,True,False,True
005430.KS,한국공항,83300.0,76.3,263800000000.0,1312058436,53.7,-13.1,5,7,False,False,False,True,True,True,True,False,True,True,True
005950.KS,이수화학,11880.0,76.2,312400000000.0,9293213488,134.8,-34.0,5,6,False,False,False,True,True,True,True,False,True,False,True
004800.KS,효성,167000.0,76.1,2795600000000.0,4358470418,106.4,-47.5,5,5,False,False,False,False,True,True,False,True,True,False,True
006260.KS,LS,313000.0,75.9,9765600000000.0,59508707720,110.6,-48.2,5,4,False,False,False,False,True,True,False,False,True,False,True
010130.KS,고려아연,1372000.0,75.8,28637700000000.0,29113628440,78.0,-37.3,5,5,False,False,False,False,True,True,False,True,True,False,True
100790.KQ,미래에셋벤처투자,16180.0,75.7,859500000000.0,16247593816,174.2,-77.1,5,4,False,False,False,False,True,True,False,False,True,False,True
037710.KS,광주신세계,37550.0,75.6,286400000000.0,18686212977,29.0,-37.0,5,5,False,False,False,True,True,True,True,False,False,False,True
037710.KS,광주신세계,37550.0,75.6,286400000000.0,18686212977,29.0,-37.0,5,5,False,False,False,True,True,True,True,False,False,False,True
053260.KQ,금강철강,5400.0,75.4,101100000000.0,3982861320,45.2,-33.6,5,7,False,False,False,True,True,True,True,True,True,False,True
007070.KS,GS리테일,25750.0,75.3,2152900000000.0,5000258172,61.4,-14.0,5,8,True,False,False,True,True,True,True,True,True,True,True
001800.KS,오리온홀딩스,25300.0,75.2,1522000000000.0,2322105296,37.8,-15.5,5,7,False,False,False,True,True,True,True,False,True,True,True
077360.KQ,덕산하이메탈,10020.0,75.1,455300000000.0,7283503897,132.5,-52.5,5,5,False,False,False,False,True,True,False,True,True,False,True
006910.KQ,보성파워텍,7470.0,75.0,367000000000.0,9565077639,129.5,-59.0,5,5,False,False,False,False,True,True,False,True,True,False,True
012750.KS,에스원,85500.0,74.9,3248900000000.0,4775132196,28.0,-17.0,1,6,False,False,False,True,True,True,False,True,False,True,True
437730.KQ,삼현,33000.0,74.7,1046300000000.0,7849261780,200.0,-57.1,5,4,False,False,False,False,True,True,False,False,True,False,True
058730.KS,다스코,3455.0,74.6,70000000000.0,31405870881,52.2,-40.4,2,5,False,False,False,False,True,True,True,False,True,False,True
058730.KS,다스코,3455.0,74.6,70000000000.0,31405870881,52.2,-40.4,2,5,False,False,False,False,True,True,True,False,True,False,True
122350.KQ,삼기,1542.0,74.4,59100000000.0,9756589647,84.4,-34.2,2,6,False,False,False,True,True,True,True,False,True,False,True
161390.KS,한국타이어앤테크놀로지,65600.0,74.3,8126200000000.0,23885882134,74.2,-16.3,5,7,False,False,False,True,True,True,True,False,True,True,True
096530.KQ,씨젠,31900.0,74.2,1666000000000.0,8675729392,47.0,-6.0,3,8,True,False,False,True,True,True,True,True,True,True,True
452260.KS,한화갤러리아,2030.0,74.1,393500000000.0,2700871673,103.2,-50.7,5,4,False,False,False,False,True,True,False,False,True,False,True
166090.KQ,하나머티리얼즈,54000.0,74.0,1068000000000.0,10542153511,130.3,-38.6,5,4,False,False,False,False,True,True,False,False,True,False,True
048550.KQ,SM C&C,1276.0,73.9,123400000000.0,1537902746,64.2,-32.8,2,4,False,False,False,True,False,True,False,False,True,False,True
101160.KQ,월덱스,29300.0,73.8,483800000000.0,3428262399,46.1,-17.2,5,8,True,False,False,True,True,True,True,True,True,True,True
003490.KS,대한항공,28200.0,73.6,10383800000000.0,76602911110,34.3,-9.6,5,8,True,False,False,True,True,True,True,True,True,True,True
282330.KS,BGF리테일,139700.0,73.5,2414600000000.0,9844278470,38.0,-10.8,5,8,True,False,False,True,True,True,True,True,True,True,True
900290.KQ,GRT,3890.0,73.4,324900000000.0,2313795000,83.5,-48.1,1,5,False,False,False,False,True,True,False,True,True,False,True
128940.KS,한미약품,504000.0,73.3,6456700000000.0,55725232010,82.9,-22.1,5,7,False,False,False,True,True,True,False,True,True,True,True
046890.KQ,서울반도체,9870.0,73.2,575500000000.0,4076780808,72.3,-47.9,5,5,False,False,False,False,True,True,False,True,True,False,True
067170.KQ,오텍,2760.0,73.1,75800000000.0,3222138645,67.3,-46.9,4,7,False,False,False,True,True,True,True,True,True,False,True
045100.KQ,한양이엔지,30050.0,73.0,525900000000.0,4474645633,68.4,-23.7,5,6,False,False,False,False,True,True,True,False,True,True,True
298020.KS,효성티앤씨,333000.0,72.9,1441100000000.0,6971615860,67.3,-40.2,5,5,False,False,False,False,True,True,False,True,True,False,True
060370.KQ,LS마린솔루션,34450.0,72.8,1799600000000.0,4226893181,59.1,-33.2,5,6,False,False,False,True,True,True,False,True,True,False,True
340570.KQ,티앤엘,31300.0,72.7,254400000000.0,3090865950,45.2,-12.6,4,8,True,False,False,True,True,True,True,True,True,True,True
280360.KS,롯데웰푸드,136000.0,72.6,1251800000000.0,3185413198,51.1,-5.2,1,6,False,False,False,True,False,True,False,True,True,True,True
214450.KQ,파마리서치,432500.0,72.4,4493500000000.0,71257115530,69.6,-39.3,0,4,False,False,False,True,False,False,False,True,True,False,True
011090.KS,에넥스,2295.0,72.3,27200000000.0,1521635046,152.8,-45.0,0,4,False,False,False,True,False,False,False,True,True,False,True
330860.KQ,네패스아크,27250.0,72.2,332000000000.0,8512007043,104.1,-57.1,5,5,False,False,False,False,True,True,True,False,True,False,True
138360.KQ,앤로보틱스,1731.0,72.1,152300000000.0,2550915004,137.8,-65.2,5,4,False,False,False,False,True,True,False,False,True,False,True
053690.KS,한미글로벌,22800.0,72.0,249800000000.0,4051804879,65.9,-34.4,0,5,False,False,False,True,True,False,False,True,True,False,True
175330.KS,JB금융지주,28000.0,71.9,5222600000000.0,11765712812,29.0,-27.3,5,5,False,False,False,True,True,True,False,True,False,False,True
072950.KQ,빛샘전자,8970.0,71.8,72200000000.0,3463174421,95.0,-65.1,5,5,False,False,False,False,True,True,False,True,True,False,True
008930.KS,한미사이언스,42100.0,71.7,2879300000000.0,13642726096,64.5,-26.8,1,5,False,False,False,True,False,True,False,True,True,False,True
001740.KS,SK네트웍스,6860.0,71.6,1376100000000.0,25263709549,60.5,-57.8,5,5,False,False,False,False,True,True,True,False,True,False,True
316140.KS,우리금융지주,32950.0,71.5,23990600000000.0,67100782244,38.7,-20.6,5,7,False,False,False,True,True,True,False,True,True,True,True
474610.KQ,RF시스템즈,7240.0,71.4,104400000000.0,1389145424,86.4,-59.2,5,5,False,False,False,False,True,True,False,True,True,False,True
003230.KS,삼양식품,1480000.0,71.2,11148900000000.0,72805893420,50.9,-11.1,0,5,False,False,False,True,False,False,False,True,True,True,True
187870.KQ,디바이스,11120.0,71.1,154200000000.0,2005022950,107.3,-62.6,5,4,False,False,False,False,True,True,False,False,True,False,True
460860.KS,동국제강,10840.0,71.0,537800000000.0,1948466427,39.7,-38.8,1,6,False,False,False,True,True,True,False,True,True,False,True
090430.KS,아모레퍼시픽,142400.0,70.9,8329400000000.0,44197447330,51.5,-15.7,1,7,False,False,False,True,True,True,False,True,True,True,True
078340.KQ,컴투스,35100.0,70.8,424400000000.0,2405018233,56.3,-16.8,0,6,False,False,False,True,True,False,False,True,True,True,True
267270.KS,HD건설기계,140600.0,70.7,6737800000000.0,39198354538,65.4,-35.4,5,6,False,False,False,True,True,True,False,True,True,False,True
103590.KS,일진전기,75100.0,70.6,3581200000000.0,24952544890,124.2,-49.2,5,5,False,False,False,False,True,True,False,True,True,False,True
212560.KQ,네오오토,9230.0,70.5,124500000000.0,2509226760,84.8,-42.7,5,5,False,False,False,False,True,True,True,False,True,False,True
004430.KS,송원산업,11440.0,70.4,274600000000.0,2102401209,35.1,-31.6,2,6,False,False,False,True,True,True,True,False,True,False,True
126730.KQ,코칩,18700.0,70.3,164000000000.0,12030519518,100.9,-48.8,5,6,False,False,False,True,True,True,False,True,True,False,True
059090.KQ,미코,19320.0,70.2,645600000000.0,5168711702,71.0,-33.9,5,6,False,False,False,True,True,True,False,True,True,False,True
005440.KS,현대지에프홀딩스,12020.0,70.0,2204400000000.0,3959020860,68.1,-39.3,5,4,False,False,False,False,True,True,False,False,True,False,True
089030.KQ,테크윙,49700.0,69.9,1841600000000.0,61542834134,87.5,-32.8,0,3,False,False,False,False,True,False,False,True,True,False,False
005850.KS,에스엘,52600.0,69.8,2443200000000.0,6304375827,62.6,-33.8,5,3,False,False,False,False,True,True,False,False,True,False,False
051900.KS,LG생활건강,298500.0,69.7,4470200000000.0,23502560670,42.1,-11.0,1,5,False,False,False,True,False,True,False,True,True,True,False
033780.KS,케이티앤지,174500.0,69.6,18114900000000.0,49005997070,34.5,-9.3,5,6,False,False,False,True,True,True,True,False,True,True,False
183300.KQ,코미코,25450.0,69.5,1307200000000.0,12120887433,79.2,-54.3,5,4,False,False,False,False,True,True,True,False,True,False,False
119830.KQ,아이텍,7560.0,69.4,200600000000.0,1420623162,75.8,-22.3,1,6,False,False,False,True,True,True,False,True,True,True,False
180640.KS,한진칼,126600.0,69.3,8452100000000.0,14143933796,36.0,-28.0,3,5,False,False,False,True,True,True,False,True,True,False,False
290660.KQ,다이나믹솔루션,2145.0,69.2,91900000000.0,1457696361,78.8,-38.4,1,5,False,False,False,True,True,True,False,True,True,False,False
356680.KQ,엑스게이트,11800.0,69.1,336800000000.0,16899422935,93.4,-61.4,4,4,False,False,False,False,True,True,True,False,True,False,False
200470.KQ,에이팩트,6110.0,69.0,258800000000.0,5492540261,144.4,-53.4,5,3,False,False,False,False,True,True,False,False,True,False,False
090710.KQ,휴림로봇,6600.0,68.8,789100000000.0,15558964034,182.1,-75.2,5,3,False,False,False,False,True,True,False,False,True,False,False
033790.KQ,피노,6650.0,68.7,554100000000.0,4313971188,93.0,-65.3,5,4,False,False,False,False,True,True,False,True,True,False,False
195870.KS,해성디에스,55600.0,68.6,945200000000.0,10896421344,156.8,-48.8,5,3,False,False,False,False,True,True,False,False,True,False,False
294870.KS,IPARK현대산업개발,23000.0,68.5,1515900000000.0,4102792148,36.1,-8.2,1,6,False,False,False,True,True,True,False,True,True,True,False
001230.KS,동국홀딩스,2030.0,68.4,315700000000.0,1002002457,48.0,-20.2,5,6,False,False,False,True,True,True,False,True,True,True,False
037350.KQ,성도이엔지,7370.0,68.3,112100000000.0,2705215297,63.1,-49.0,5,3,False,False,False,False,True,True,False,False,True,False,False
439090.KQ,마녀공장,16910.0,68.2,277200000000.0,7189199297,52.9,-20.4,1,7,False,False,False,True,True,True,True,True,True,True,False
047770.KQ,코데즈컴바인,3455.0,68.1,130700000000.0,5506426017,84.0,-42.0,5,4,False,False,False,False,True,True,False,True,True,False,False
012330.KS,현대모비스,451500.0,68.0,40554000000000.0,187201546150,59.5,-45.1,5,4,False,False,False,False,True,True,True,False,True,False,False
007660.KS,이수페타시스,112800.0,67.9,8280600000000.0,91984595866,110.4,-31.4,5,3,False,False,False,False,False,True,False,True,True,False,False
012630.KS,HDC,23200.0,67.7,1386000000000.0,1477099444,46.4,-24.3,2,6,False,False,False,True,True,True,False,True,True,True,False
021240.KS,코웨이,98300.0,67.6,6956400000000.0,17938426082,42.9,-10.1,1,7,False,False,False,True,True,True,True,True,True,True,False
412350.KQ,레이저쎌,4435.0,67.5,64800000000.0,2597181769,181.9,-69.7,5,3,False,False,False,False,True,True,False,False,True,False,False
000990.KS,DB하이텍,95400.0,67.4,4150300000000.0,64802896140,124.7,-58.6,5,3,False,False,False,False,True,True,False,False,True,False,False
476060.KQ,온코닉테라퓨틱스,14370.0,67.3,652500000000.0,7355709620,153.8,-50.3,0,3,False,False,False,False,True,False,False,True,True,False,False
425420.KQ,티에프이,47550.0,67.2,587100000000.0,3637366799,102.3,-38.8,0,3,False,False,False,False,True,False,False,True,True,False,False
066970.KS,엘앤에프,129800.0,67.1,5280900000000.0,42988404090,119.3,-42.3,0,3,False,False,False,False,True,False,False,True,True,False,False
218410.KQ,RFHIC,48800.0,67.0,1296900000000.0,16857454382,112.2,-61.5,5,3,False,False,False,False,True,True,False,False,True,False,False
139130.KS,iM금융지주,17710.0,66.9,2804600000000.0,8875268729,35.7,-19.5,5,6,False,False,False,True,True,True,False,True,True,True,False
336260.KS,두산퓨얼셀,45200.0,66.8,2960300000000.0,32783303314,147.9,-58.5,0,3,False,False,False,False,True,False,False,True,True,False,False
039830.KQ,오로라,17860.0,66.7,192200000000.0,2393113328,97.6,-32.3,0,2,False,False,False,True,False,False,False,False,True,False,False
003470.KS,유안타증권,4750.0,66.5,915200000000.0,2135873068,45.5,-43.5,5,4,False,False,False,False,True,True,False,True,True,False,False
012450.KS,한화에어로스페이스,1150000.0,66.4,59297900000000.0,233938146100,46.9,-30.5,5,4,False,False,False,False,True,True,False,True,True,False,False
023530.KS,롯데쇼핑,104100.0,66.3,2944900000000.0,21777136772,66.0,-50.7,5,4,False,False,False,False,True,True,True,False,True,False,False
005380.KS,현대자동차,398000.0,66.2,81493600000000.0,405456080680,86.9,-49.2,5,3,False,False,False,False,True,True,False,False,True,False,False
204320.KS,HL만도,50400.0,66.1,2366600000000.0,39370578595,56.8,-36.3,5,4,False,False,False,False,True,True,False,True,True,False,False
112610.KS,씨에스윈드,49850.0,66.0,2102200000000.0,23462634679,44.5,-37.2,1,4,False,False,False,False,True,True,False,True,True,False,False
052690.KS,한전기술,126300.0,65.9,4827200000000.0,23745603374,63.8,-36.2,5,4,False,False,False,False,True,True,False,True,True,False,False
079160.KS,CJ CGV,5370.0,65.8,889200000000.0,2733693763,29.4,-19.4,1,4,False,False,False,True,False,True,False,True,False,True,False
443060.KS,HD현대마린솔루션,221000.0,65.7,9908200000000.0,26562694588,39.9,-23.0,0,6,False,False,False,True,True,False,True,True,True,True,False
009240.KS,한샘,38850.0,65.6,914300000000.0,1770929571,37.3,-29.1,0,2,False,False,False,False,False,False,False,True,True,False,False
033240.KS,자화전자,30000.0,65.5,648200000000.0,3176686403,80.7,-50.0,5,4,False,False,False,False,True,True,False,True,True,False,False
271560.KS,오리온,126200.0,65.3,4988500000000.0,15395873810,27.5,-15.9,5,4,False,False,False,False,True,True,True,False,False,True,False
950200.KQ,소마젠,3680.0,65.2,70800000000.0,1239490290,54.6,-21.5,0,4,False,False,False,True,False,False,False,True,True,True,False
089890.KQ,코세스,25650.0,65.1,425400000000.0,6496590356,149.8,-50.1,0,2,False,False,False,False,True,False,False,False,True,False,False
000210.KS,DL,50000.0,65.0,1047800000000.0,4293111275,47.5,-35.6,5,4,False,False,False,False,True,True,False,True,True,False,False
187660.KQ,페니트리움바이오,3980.0,64.9,220800000000.0,3329097631,148.4,-81.5,5,3,False,False,False,False,True,True,False,False,True,False,False
078520.KS,에이블씨엔씨,11490.0,64.8,298900000000.0,1261510699,31.9,-31.6,1,5,False,False,False,True,True,True,False,True,True,False,False
357780.KQ,솔브레인,341000.0,64.7,2652500000000.0,20467287940,70.5,-35.7,5,4,False,False,False,False,True,True,False,True,True,False,False
002900.KS,TYM,6940.0,64.6,287300000000.0,1593897776,29.0,-29.9,5,4,False,False,False,True,True,True,False,True,False,False,False
171090.KQ,선익시스템,68300.0,64.5,691700000000.0,3414308920,100.9,-52.6,5,4,False,False,False,False,True,True,False,True,True,False,False
033100.KQ,제룡전기,50100.0,64.4,804700000000.0,8948325331,57.3,-46.6,5,4,False,False,False,False,True,True,False,True,True,False,False
011200.KS,HMM,21450.0,64.3,20232500000000.0,31478755313,19.8,-14.0,1,6,False,False,False,True,True,True,True,True,False,True,False
138040.KS,메리츠금융지주,119000.0,64.1,19914300000000.0,31873958780,21.4,-20.6,1,6,False,False,False,True,True,True,True,True,False,True,False
388050.KQ,지투파워,10230.0,64.0,191400000000.0,10794914603,91.2,-44.6,0,4,False,False,False,True,True,False,False,True,True,False,False
077500.KS,유니퀘스트,7080.0,63.9,152900000000.0,1109634141,73.7,-25.6,0,4,False,False,False,True,True,False,False,True,True,False,False
083650.KQ,비에이치아이,64000.0,63.8,1980400000000.0,16483169164,93.1,-44.0,1,4,False,False,False,False,True,True,False,True,True,False,False
006800.KS,미래에셋증권,36100.0,63.7,19603100000000.0,84982614088,112.7,-58.9,5,3,False,False,False,False,True,True,False,False,True,False,False
125020.KQ,티씨머티리얼즈,5860.0,63.6,205300000000.0,3866460943,96.0,-43.7,4,5,False,False,False,True,True,True,False,True,True,False,False
295310.KQ,에이치브이엠,48850.0,63.5,599600000000.0,9381793983,122.6,-66.1,5,4,False,False,False,False,True,True,False,True,True,False,False
001120.KS,LX인터내셔널,38150.0,63.4,1478700000000.0,4290968225,34.1,-33.9,5,4,False,False,False,False,True,True,False,True,True,False,False
217190.KQ,제너셈,6180.0,63.3,81300000000.0,1006015883,55.9,-36.1,0,4,False,False,False,True,True,False,False,True,True,False,False
004370.KS,농심,427000.0,63.2,2597300000000.0,11846085670,33.9,-26.3,0,3,False,False,False,True,False,False,False,True,True,False,False
289080.KQ,SV인베스트먼트,2515.0,63.0,151200000000.0,2281251423,74.8,-50.0,5,4,False,False,False,False,True,True,False,True,True,False,False
030190.KS,NICE평가정보,15530.0,62.9,914900000000.0,1118231497,19.4,-16.1,1,4,False,False,False,True,False,True,False,True,False,True,False
323280.KQ,태성,50600.0,62.8,1545200000000.0,13099701919,120.0,-46.2,5,4,False,False,False,False,True,True,False,True,True,False,False
047810.KS,한국항공우주,137600.0,62.7,13412600000000.0,64509824716,61.7,-36.1,5,3,False,False,False,False,True,True,False,False,True,False,False
013580.KS,계룡건설산업,22250.0,62.6,198700000000.0,6498567823,36.5,-33.2,5,4,False,False,False,False,True,True,False,True,True,False,False
001430.KS,세아베스틸지주,43450.0,62.5,1558200000000.0,6314106364,88.5,-53.0,5,4,False,False,False,False,True,True,False,True,True,False,False
004310.KS,현대약품,6010.0,62.4,192300000000.0,30999909182,71.7,-62.3,5,3,False,False,False,False,True,True,False,False,True,False,False
389500.KQ,에스비비테크,39150.0,62.3,260900000000.0,4193387006,110.5,-66.0,5,4,False,False,False,False,True,True,False,True,True,False,False
073490.KQ,LIG아큐버,30600.0,62.2,232700000000.0,2203309941,67.4,-51.0,5,4,False,False,False,False,True,True,False,True,True,False,False
126340.KQ,비나텍,67300.0,62.1,483200000000.0,9005622285,140.3,-67.1,5,3,False,False,False,False,True,True,False,False,True,False,False
091440.KQ,한울소재과학,2785.0,62.0,96100000000.0,1037446943,55.6,-29.5,2,4,False,False,False,False,True,True,False,True,True,False,False
174900.KQ,앱클론,27650.0,61.8,551700000000.0,4932903752,183.0,-71.1,5,4,False,False,False,False,True,True,False,True,True,False,False
204620.KQ,글로벌텍스프리,5170.0,61.7,363400000000.0,4328057632,30.7,-28.5,0,3,False,False,False,True,False,False,False,True,True,False,False
001200.KS,유진증권,4340.0,61.6,420400000000.0,2246696830,39.8,-37.3,5,4,False,False,False,False,True,True,False,True,True,False,False
036540.KQ,SFA반도체,5780.0,61.5,950600000000.0,12983945066,80.9,-50.3,5,4,False,False,False,False,True,True,False,True,True,False,False
005940.KS,NH투자증권,26600.0,61.4,9820900000000.0,19149000637,45.0,-37.6,5,3,False,False,False,False,True,True,False,False,True,False,False
140860.KQ,파크시스템스,271500.0,61.3,1901200000000.0,10256910090,32.4,-22.5,1,6,False,False,False,True,True,True,False,True,True,True,False
003160.KS,디아이,25050.0,61.2,708900000000.0,6067348491,100.7,-39.9,5,4,False,False,False,False,True,True,False,True,True,False,False
395400.KS,SK리츠,5510.0,61.1,1658600000000.0,1312242664,17.5,-23.5,5,3,False,False,False,False,True,True,False,False,False,True,False
272210.KS,한화시스템,77900.0,61.0,14716800000000.0,45631495668,74.1,-57.7,5,4,False,False,False,False,True,True,False,True,True,False,False
064400.KS,LG씨엔에스,74400.0,60.9,7208300000000.0,79456672898,37.5,-51.5,3,5,False,False,False,True,True,True,False,True,True,False,False
068270.KS,셀트리온,191300.0,60.8,44499700000000.0,118846972216,20.7,-20.0,5,5,False,False,False,True,True,True,False,True,False,True,False
140410.KQ,메지온,66400.0,60.6,2033300000000.0,8185163744,85.2,-63.1,0,3,False,False,False,False,True,False,False,True,True,False,False
007610.KS,선도전기,4190.0,60.5,75400000000.0,5758158560,40.8,-74.7,4,3,False,False,False,False,True,True,False,False,True,False,False
001790.KS,대한제당,2840.0,60.4,244900000000.0,1318333584,32.1,-12.9,1,5,False,False,False,True,False,True,False,True,True,True,False
032190.KQ,다우데이타,20000.0,60.3,766000000000.0,1579102680,33.8,-36.4,5,4,False,False,False,False,True,True,False,True,True,False,False
008490.KS,서흥,21900.0,60.2,253400000000.0,1278121396,36.9,-32.8,0,3,False,False,False,True,False,False,False,True,True,False,False
306200.KS,세아제강,138900.0,60.1,394000000000.0,1129808566,24.0,-26.5,1,4,False,False,False,True,True,True,False,True,False,False,False
482630.KQ,삼양엔씨켐,13510.0,60.0,295700000000.0,4403303637,81.0,-46.0,5,3,False,False,False,False,True,True,False,False,True,False,False
081660.KS,미스토홀딩스,40800.0,59.9,2166100000000.0,6448821496,13.3,-26.9,5,3,False,False,False,False,True,True,True,False,False,False,False
005880.KS,대한해운,2115.0,59.8,682600000000.0,5222462969,29.0,-37.5,5,3,False,False,False,False,True,True,False,True,False,False,False
001440.KS,대한전선,29800.0,59.7,5840600000000.0,79610919343,102.2,-60.7,5,4,False,False,False,False,True,True,False,True,True,False,False
000850.KS,화천기공,35850.0,59.6,78900000000.0,1950321736,21.7,-20.1,5,4,False,False,False,False,True,True,False,True,False,True,False
000850.KS,화천기공,35850.0,59.6,78900000000.0,1950321736,21.7,-20.1,5,4,False,False,False,False,True,True,False,True,False,True,False
066430.KQ,아이로보틱스,2115.0,59.3,82800000000.0,4839696636,111.1,-58.4,5,3,False,False,False,False,True,True,False,False,True,False,False
074600.KQ,원익QnC,26700.0,59.2,701900000000.0,9761378895,59.0,-41.2,5,3,False,False,False,False,True,True,False,False,True,False,False
120110.KS,코오롱인더,53000.0,59.1,1587100000000.0,11144916759,57.0,-49.5,5,3,False,False,False,False,True,True,False,False,True,False,False
069960.KS,현대백화점,95200.0,59.0,2053000000000.0,24525378540,37.9,-57.1,5,4,False,False,False,False,True,True,True,False,True,False,False
049070.KQ,인탑스,17900.0,58.9,281800000000.0,2301962339,37.7,-28.3,5,3,False,False,False,False,True,True,False,False,True,False,False
204270.KQ,제이앤티씨,21000.0,58.8,1214800000000.0,9579006482,88.5,-30.2,0,3,False,False,False,True,False,False,False,True,True,False,False
078350.KQ,한양디지텍,21150.0,58.7,322400000000.0,3413741230,143.4,-52.3,5,3,False,False,False,False,True,True,False,False,True,False,False
207940.KS,삼성바이오로직스,1594000.0,58.6,73787800000000.0,89681121200,29.8,-19.8,0,3,False,False,False,True,False,False,False,True,False,True,False
013360.KS,일성건설,1503.0,58.5,81200000000.0,3742672559,36.0,-46.9,2,3,False,False,False,False,False,True,False,True,True,False,False
066590.KQ,스모트로닉,2695.0,58.4,104200000000.0,3506302519,51.7,-35.8,0,4,False,False,False,True,True,False,False,True,True,False,False
086280.KS,현대글로비스,203500.0,58.2,15262500000000.0,39751497140,30.4,-31.2,5,4,False,False,False,False,True,True,False,True,True,False,False
241560.KS,두산밥캣,61900.0,58.1,5933500000000.0,12116146834,19.3,-22.3,5,3,False,False,False,False,True,True,False,False,False,True,False
099440.KQ,스맥,4055.0,58.0,276700000000.0,1914917945,67.9,-51.4,0,2,False,False,False,False,False,False,False,True,True,False,False
058430.KS,포스코스틸리온,4760.0,57.9,285600000000.0,6436477598,33.7,-54.7,5,3,False,False,False,False,True,True,False,False,True,False,False
330350.KQ,위더스제약,7500.0,57.8,99000000000.0,5025015819,26.9,-37.2,1,3,False,False,False,False,True,True,False,True,False,False,False
267260.KS,HD현대일렉트릭,821000.0,57.7,29594700000000.0,135055715540,89.4,-42.6,5,3,False,False,False,False,True,True,False,False,True,False,False
066980.KQ,한성크린텍,1567.0,57.6,84300000000.0,4649436974,45.9,-42.9,4,4,False,False,False,False,True,True,True,False,True,False,False
243840.KQ,신흥에스이씨,6090.0,57.5,234800000000.0,1036735782,77.8,-50.4,0,3,False,False,False,False,True,False,False,True,True,False,False
115180.KQ,큐리언트,22300.0,57.4,837000000000.0,3720791660,129.4,-64.5,5,4,False,False,False,False,True,True,False,True,True,False,False
002790.KS,아모레퍼시픽홀딩스,26300.0,57.3,2010900000000.0,2918726950,31.8,-26.8,1,3,False,False,False,False,False,True,False,True,True,False,False
308080.KQ,바이젠셀,5750.0,57.1,117900000000.0,1052344508,87.3,-66.9,5,3,False,False,False,False,False,True,False,True,True,False,False
004490.KS,세방전지,60100.0,57.0,833000000000.0,2542376759,28.1,-22.7,0,3,False,False,False,True,False,False,False,True,False,True,False
030200.KS,케이티,53900.0,56.9,13584000000000.0,21455104178,12.1,-22.3,5,4,False,False,False,False,True,True,False,True,False,True,False
462870.KS,시프트업,32700.0,56.8,1920900000000.0,3099121295,18.9,-26.8,0,1,False,False,False,False,False,False,False,True,False,False,False
024110.KS,기업은행,20500.0,56.7,16347200000000.0,22888260831,9.9,-30.6,5,2,False,False,False,False,True,True,False,False,False,False,False
237880.KQ,클리오,12770.0,56.6,230800000000.0,1650317653,45.1,-16.7,0,4,False,False,False,True,False,False,False,True,True,True,False
012860.KQ,모베이스전자,2265.0,56.5,165900000000.0,1219465765,79.5,-68.0,5,3,False,False,False,False,True,True,False,False,True,False,False
005680.KS,삼영전자공업,12280.0,56.4,245600000000.0,1061884460,21.9,-31.7,5,3,False,False,False,False,True,True,True,False,False,False,False
456040.KS,OCI,80100.0,56.3,717100000000.0,4974410704,52.6,-50.9,5,3,False,False,False,False,True,True,False,False,True,False,False
018000.KQ,유니슨,1140.0,56.2,295800000000.0,3373339874,67.4,-36.5,0,3,False,False,False,True,False,False,False,True,True,False,False
005810.KS,풍산홀딩스,38550.0,56.1,555800000000.0,1069745395,30.9,-36.7,0,4,False,False,False,True,True,False,False,True,True,False,False
234340.KQ,헥토파이낸셜,21200.0,55.9,296200000000.0,6731592216,49.5,-52.9,5,4,False,False,False,False,True,True,False,True,True,False,False
114810.KQ,한솔아이원스,13300.0,55.8,374300000000.0,3792846063,88.7,-33.2,0,3,False,False,False,False,True,False,False,True,True,False,False
000400.KS,롯데손해보험,2080.0,55.7,645500000000.0,2059021160,32.6,-36.6,5,6,False,False,False,True,True,True,True,True,True,False,False
036890.KQ,진성티이씨,13610.0,55.6,299900000000.0,1006940335,21.4,-35.5,5,2,False,False,False,False,True,True,False,False,False,False,False
071050.KS,한국금융지주,191400.0,55.5,10666000000000.0,51273232606,57.1,-36.3,5,3,False,False,False,False,True,True,False,False,True,False,False
300720.KS,한일시멘트,16330.0,55.4,1201000000000.0,1485336338,28.5,-22.8,0,3,False,False,False,True,False,False,False,True,False,True,False
004690.KS,삼천리,130900.0,55.3,474700000000.0,1177027878,21.7,-19.1,0,4,False,False,False,True,True,False,False,True,False,True,False
003380.KQ,하림지주,10560.0,55.2,1182800000000.0,6103688140,49.6,-46.1,5,4,False,False,False,False,True,True,False,True,True,False,False
007390.KQ,네이처셀,26150.0,55.1,1685000000000.0,10515483136,58.0,-29.2,3,4,False,False,False,True,False,True,False,True,True,False,False
277810.KQ,레인보우로보틱스,471000.0,55.0,9137300000000.0,61693074970,88.8,-51.9,5,3,False,False,False,False,True,True,False,False,True,False,False
267250.KS,HD현대,216000.0,54.9,17062500000000.0,35013851346,75.3,-35.1,5,4,False,False,False,False,True,True,False,True,True,False,False
001060.KS,JW중외제약,27000.0,54.7,628700000000.0,1504357304,30.4,-31.2,5,4,False,False,False,False,True,True,False,True,True,False,False
050890.KQ,쏠리드,9320.0,54.6,566300000000.0,8576384632,53.0,-55.4,5,3,False,False,False,False,True,True,False,False,True,False,False
203650.KQ,드림시큐리티,2120.0,54.5,215600000000.0,3868890921,51.4,-55.9,5,4,False,False,False,False,True,True,False,True,True,False,False
214320.KS,이노션,18670.0,54.4,746800000000.0,1565238069,11.6,-17.6,5,3,False,False,False,False,True,True,False,False,False,True,False
263800.KQ,데이타솔루션,4880.0,54.3,79200000000.0,10057300482,18.6,-44.1,0,0,False,False,False,False,False,False,False,False,False,False,False
004000.KS,롯데정밀화학,47200.0,54.2,1217800000000.0,2639663210,17.9,-34.3,5,3,False,False,False,False,True,True,False,True,False,False,False
012210.KQ,삼미금속,8690.0,54.1,200300000000.0,1704711012,116.2,-58.3,0,3,False,False,False,False,True,False,False,True,True,False,False
006920.KQ,모헨즈,3270.0,54.0,35700000000.0,3175400271,22.2,-57.1,5,2,False,False,False,False,True,True,False,False,False,False,False
032640.KS,LG유플러스,14740.0,53.9,6256100000000.0,14819862828,8.4,-21.6,5,4,False,False,False,False,True,True,False,True,False,True,False
192080.KS,더블유게임즈,57200.0,53.8,1211100000000.0,3789850112,21.7,-25.2,4,3,False,False,False,False,True,True,True,False,False,False,False
264850.KQ,이랜시스,5870.0,53.7,177800000000.0,9250405535,66.5,-38.4,1,4,False,False,False,False,True,True,False,True,True,False,False
002380.KS,케이씨씨,469500.0,53.5,4034400000000.0,13294120860,39.7,-32.2,5,4,False,False,False,False,True,True,False,True,True,False,False
010820.KS,퍼스텍,5950.0,53.4,290200000000.0,4343397878,60.8,-68.2,5,3,False,False,False,False,True,True,False,False,True,False,False
005290.KQ,동진쎄미켐,42900.0,53.3,2186600000000.0,26680486986,53.5,-40.6,0,2,False,False,False,False,True,False,False,False,True,False,False
026940.KS,부국철강,2105.0,53.2,42100000000.0,8206474159,22.0,-55.1,0,2,False,False,False,False,True,False,True,False,False,False,False
026940.KS,부국철강,2105.0,53.2,42100000000.0,8206474159,22.0,-55.1,0,2,False,False,False,False,True,False,True,False,False,False,False
035420.KS,NAVER,216500.0,53.0,32924600000000.0,247871913612,19.5,-28.8,0,1,False,False,False,False,False,False,False,True,False,False,False
192650.KS,드림텍,5880.0,52.9,387400000000.0,2188815891,64.9,-35.5,0,2,False,False,False,False,False,False,False,True,True,False,False
111770.KS,영원무역,73400.0,52.8,3252500000000.0,6257048248,33.7,-28.9,5,3,False,False,False,False,True,True,False,False,True,False,False
034020.KS,두산에너빌리티,85900.0,52.7,55024200000000.0,225254779306,68.1,-38.3,0,3,False,False,False,False,True,False,False,True,True,False,False
026960.KS,동서,25850.0,52.6,2577200000000.0,2073176218,15.7,-16.5,0,2,False,False,False,False,False,False,False,True,False,True,False
003000.KS,부광약품,4170.0,52.5,411400000000.0,1407011718,28.9,-57.8,5,3,False,False,False,False,True,True,False,True,False,False,False
011780.KS,금호석유화학,123600.0,52.3,3109400000000.0,11990673824,20.2,-23.8,5,4,False,False,False,False,True,True,False,True,False,True,False
023590.KS,다우기술,38450.0,52.2,1664400000000.0,1857884324,26.5,-38.3,5,3,False,False,False,False,True,True,False,True,False,False,False
030000.KS,제일기획,19000.0,52.1,2185800000000.0,6163135589,7.0,-18.5,0,2,False,False,False,False,False,False,False,True,False,True,False
016380.KS,KG스틸,5600.0,52.0,560000000000.0,1655356051,16.1,-29.1,4,3,False,False,False,False,True,True,False,True,False,False,False
229640.KS,LS에코에너지,48400.0,51.9,1482200000000.0,6044001231,51.2,-55.9,5,4,False,False,False,False,True,True,False,True,True,False,False
000240.KS,한국앤컴퍼니,24150.0,51.8,2292700000000.0,2378036658,15.0,-33.7,5,1,False,False,False,False,False,True,False,False,False,False,False
096770.KS,SK이노베이션,112000.0,51.7,18933900000000.0,89583025266,27.7,-27.9,5,3,False,False,False,False,True,True,False,True,False,False,False
069080.KQ,웹젠,10870.0,51.6,336600000000.0,1452453079,14.1,-39.6,0,0,False,False,False,False,False,False,False,False,False,False,False
009970.KS,영원무역홀딩스,168100.0,51.5,2177500000000.0,2681466502,43.8,-35.8,5,3,False,False,False,False,True,True,False,False,True,False,False
393890.KQ,더블유씨피,9740.0,51.4,329600000000.0,1918028793,76.4,-54.4,5,4,False,False,False,False,True,True,False,True,True,False,False
226950.KQ,올릭스,104800.0,51.2,2207400000000.0,39017986800,108.3,-51.7,5,3,False,False,False,False,True,True,False,False,True,False,False
003680.KS,한성기업,4845.0,51.1,30100000000.0,12560034332,23.8,-72.1,2,1,False,False,False,False,False,True,False,False,False,False,False
003200.KS,일신방직,10650.0,51.0,244500000000.0,1439583555,14.5,-40.2,0,1,False,False,False,False,False,False,False,True,False,False,False
314130.KQ,지놈앤컴퍼니,3985.0,50.9,208400000000.0,1810746730,63.3,-60.9,5,4,False,False,False,False,True,True,False,True,True,False,False
086450.KQ,동국제약,18640.0,50.8,843100000000.0,6243975755,14.6,-40.4,5,2,False,False,False,False,True,True,False,False,False,False,False
001250.KS,GS글로벌,2690.0,50.7,222000000000.0,2026994670,22.3,-52.7,5,3,False,False,False,False,True,True,False,True,False,False,False
016360.KS,삼성증권,88300.0,50.6,7885200000000.0,52312100112,35.4,-45.8,5,3,False,False,False,False,True,True,False,False,True,False,False
006730.KQ,서부T&D,10930.0,50.5,702500000000.0,5231185621,29.3,-46.6,1,3,False,False,False,False,True,True,False,True,False,False,False
007820.KQ,엠엑스로보틱스,4220.0,50.4,84500000000.0,4575196678,70.5,-44.3,0,3,False,False,False,False,True,False,False,True,True,False,False
005490.KS,POSCO홀딩스,339500.0,50.3,26902500000000.0,105340736040,31.3,-37.4,5,4,False,False,False,False,True,True,False,True,True,False,False
162300.KQ,신스틸,1655.0,50.2,68600000000.0,1557200406,24.0,-29.9,0,1,False,False,False,False,False,False,False,True,False,False,False
071320.KS,지역난방공사,74600.0,50.0,863800000000.0,1144131794,23.5,-36.1,0,1,False,False,False,False,False,False,False,True,False,False,False
017800.KS,현대엘리베이터,75500.0,49.9,2951500000000.0,10181451856,22.2,-33.4,5,3,False,False,False,False,True,True,False,True,False,False,False
368600.KQ,아이씨에이치,1050.0,49.8,27100000000.0,1422582847,113.8,-60.9,0,3,False,False,False,True,False,False,False,True,True,False,False
044490.KQ,태웅,32850.0,49.7,657200000000.0,5407760331,64.4,-46.4,0,3,False,False,False,False,True,False,False,True,True,False,False
196170.KQ,알테오젠,311500.0,49.6,21697600000000.0,166369851359,60.1,-28.8,0,3,False,False,False,True,False,False,False,True,True,False,False
018670.KS,SK가스,230500.0,49.5,2136600000000.0,3245640220,17.5,-23.7,0,2,False,False,False,False,False,False,False,True,False,True,False
056190.KQ,SFA,24300.0,49.4,872600000000.0,2339929204,44.2,-33.4,0,3,False,False,False,False,True,False,False,True,True,False,False
092790.KS,넥스틸,12590.0,49.3,327400000000.0,6807558983,39.4,-45.3,0,3,False,False,False,False,True,False,False,True,True,False,False
211050.KQ,인카금융서비스,10650.0,49.2,524700000000.0,1228611124,31.5,-38.5,0,2,False,False,False,False,False,False,False,True,True,False,False
457190.KS,이수스페셜티케미컬,66700.0,49.1,2015600000000.0,8429113447,55.1,-49.4,5,4,False,False,False,False,True,True,False,True,True,False,False
000270.KS,기아,126100.0,49.0,49231100000000.0,139445428408,26.1,-40.7,5,2,False,False,False,False,True,True,False,False,False,False,False
036460.KS,한국가스공사,36900.0,48.8,3406300000000.0,5496397102,18.5,-19.3,0,2,False,False,False,False,False,False,False,True,False,True,False
013030.KQ,하이록코리아,33550.0,48.7,394800000000.0,1269611495,21.8,-30.2,0,2,False,False,False,False,True,False,False,True,False,False,False
001720.KS,신영증권,155200.0,48.6,2551500000000.0,1708082832,30.1,-42.9,5,3,False,False,False,False,True,True,False,False,True,False,False
178920.KS,PI첨단소재,19070.0,48.5,560000000000.0,1341310880,28.2,-40.7,5,2,False,False,False,False,True,True,False,False,False,False,False
031210.KS,서울보증보험,42700.0,48.4,2981400000000.0,1941214361,7.7,-34.1,0,1,False,False,False,False,False,False,False,True,False,False,False
102710.KQ,이엔에프테크놀로지,45300.0,48.3,647200000000.0,4533659478,36.0,-30.3,0,3,False,False,False,False,True,False,False,True,True,False,False
468530.KQ,프로티나,37800.0,48.2,417100000000.0,2673977838,166.2,-68.5,0,2,False,False,False,False,False,False,False,True,True,False,False
036830.KQ,솔브레인홀딩스,44000.0,48.1,902200000000.0,2282939161,70.9,-45.5,0,3,False,False,False,False,True,False,False,True,True,False,False
078600.KQ,대주전자재료,92500.0,48.0,1452600000000.0,15246516440,57.0,-49.5,5,4,False,False,False,False,True,True,False,True,True,False,False
094820.KQ,일진파워,12120.0,47.9,182800000000.0,1663080112,35.1,-50.5,5,4,False,False,False,False,True,True,False,True,True,False,False
484810.KQ,티엑스알로보틱스,13780.0,47.8,212900000000.0,6223806458,82.8,-48.0,0,3,False,False,False,False,True,False,False,True,True,False,False
145020.KQ,휴젤,245500.0,47.6,3072500000000.0,13379386470,17.7,-28.2,0,1,False,False,False,False,True,False,False,False,False,False,False
373220.KS,LG에너지솔루션,370500.0,47.5,86697000000000.0,124915837280,27.5,-29.7,0,1,False,False,False,False,False,False,False,True,False,False,False
058470.KQ,리노공업,66700.0,47.4,5083300000000.0,62970007536,51.2,-48.3,5,3,False,False,False,False,True,True,False,False,True,False,False
017550.KS,수산세보틱스,1970.0,47.3,122900000000.0,1016420025,48.1,-51.3,0,3,False,False,False,False,True,False,False,True,True,False,False
237690.KQ,에스티팜,110900.0,47.2,2315200000000.0,19275358328,31.9,-35.6,5,3,False,False,False,False,True,True,False,False,True,False,False
110990.KQ,디아이티,16320.0,47.1,308400000000.0,1897579727,47.4,-43.7,5,3,False,False,False,False,True,True,False,False,True,False,False
147830.KQ,제룡산업,7110.0,47.0,142200000000.0,1440922631,41.1,-53.9,5,4,False,False,False,False,True,True,False,True,True,False,False
104830.KQ,원익머트리얼즈,33150.0,46.9,418000000000.0,2880458291,44.8,-40.9,5,3,False,False,False,False,True,True,False,False,True,False,False
069260.KS,티케이지휴켐스,16170.0,46.8,661000000000.0,1198821955,13.1,-25.0,0,2,False,False,False,False,False,False,False,True,False,True,False
082740.KS,한화엔진,48300.0,46.7,4030500000000.0,40039803496,34.9,-48.8,0,3,False,False,False,False,True,False,False,True,True,False,False
006040.KS,동원산업,37750.0,46.5,1666300000000.0,1993095152,26.5,-26.7,0,1,False,False,False,False,False,False,False,True,False,False,False
000640.KS,동아쏘시오홀딩스,92200.0,46.4,620700000000.0,1630069350,23.8,-24.3,0,2,False,False,False,False,False,False,False,True,False,True,False
009830.KS,한화솔루션,33400.0,46.3,7511400000000.0,107164717563,51.8,-43.7,5,4,False,False,False,False,True,True,False,True,True,False,False
323410.KS,카카오뱅크,21600.0,46.2,10305800000000.0,19233208189,13.0,-26.8,0,1,False,False,False,False,True,False,False,False,False,False,False
003240.KS,태광산업,899000.0,46.1,1000900000000.0,1916809580,27.0,-45.0,1,3,False,False,False,False,True,True,False,True,False,False,False
053800.KQ,안랩,56900.0,46.0,633100000000.0,2402447180,12.0,-24.1,0,3,False,False,False,False,True,False,False,True,False,True,False
049720.KQ,고려신용정보,9130.0,45.9,130600000000.0,1613111157,3.5,-23.5,0,1,False,False,False,False,False,False,False,False,False,True,False
161000.KS,애경케미칼,10640.0,45.8,517600000000.0,1777065277,52.0,-46.7,0,3,False,False,False,False,True,False,False,True,True,False,False
029780.KS,삼성카드,46350.0,45.7,5370100000000.0,4735365870,5.2,-33.0,0,1,False,False,False,False,True,False,False,False,False,False,False
432470.KQ,케이엔에스,10390.0,45.6,91100000000.0,1562976994,75.5,-49.1,0,3,False,False,False,False,True,False,False,True,True,False,False
130660.KS,한전산업,13070.0,45.5,426100000000.0,4317067840,48.4,-53.0,0,3,False,False,False,False,True,False,False,True,True,False,False
285130.KS,SK케미칼,49950.0,45.3,864100000000.0,2963150579,39.3,-38.9,0,2,False,False,False,False,False,False,False,True,True,False,False
138930.KS,BNK금융지주,14970.0,45.2,4645600000000.0,17532155913,9.7,-35.1,5,2,False,False,False,False,True,True,False,False,False,False,False
036570.KS,NC,223000.0,45.1,4804300000000.0,21988428480,26.6,-35.1,5,2,False,False,False,False,True,True,False,False,False,False,False
225570.KQ,넥슨게임즈,11000.0,45.0,724500000000.0,1427785582,39.9,-28.7,0,2,False,False,False,False,False,False,False,True,True,False,False
027360.KQ,아주IB투자,3480.0,44.9,421600000000.0,11907112351,81.9,-82.6,5,3,False,False,False,False,True,True,False,False,True,False,False
052710.KQ,아모텍,11200.0,44.8,190200000000.0,10358403088,64.1,-62.7,5,4,False,False,False,False,True,True,True,False,True,False,False
086520.KQ,에코프로,92000.0,44.7,12491400000000.0,100747169280,102.0,-51.6,5,4,False,False,False,False,True,True,False,True,True,False,False
037440.KQ,희림,4405.0,44.6,61300000000.0,3963454482,42.3,-41.0,0,3,False,False,False,False,True,False,False,True,True,False,False
047050.KS,포스코인터내셔널,52500.0,44.5,9235900000000.0,27083293387,17.1,-42.4,5,3,False,False,False,False,True,True,False,True,False,False,False
092200.KS,디아이씨,6260.0,44.4,243400000000.0,3878163084,65.2,-58.7,1,3,False,False,False,False,False,True,False,True,True,False,False
001260.KS,남광토건,7750.0,44.3,76200000000.0,4099862811,20.7,-42.2,0,1,False,False,False,False,True,False,False,False,False,False,False
014620.KQ,성광벤드,30150.0,44.1,800700000000.0,4376506818,33.7,-43.4,0,3,False,False,False,False,True,False,False,True,True,False,False
142210.KQ,유니트론텍,6000.0,44.0,124500000000.0,1879249002,34.2,-33.8,0,3,False,False,False,False,True,False,False,True,True,False,False
088980.KS,맥쿼리인프라,9850.0,43.9,4717400000000.0,17843098846,5.7,-17.2,0,1,False,False,False,False,False,False,False,False,False,True,False
004710.KS,한솔테크닉스,6910.0,43.8,367100000000.0,16356930274,54.2,-57.9,5,4,False,False,False,False,True,True,True,False,True,False,False
302430.KQ,이노메트리,7510.0,43.7,73800000000.0,1201096473,86.4,-34.9,0,3,False,False,False,True,False,False,False,True,True,False,False
265520.KQ,AP시스템,19600.0,43.6,295000000000.0,1276374069,25.6,-37.0,0,1,False,False,False,False,True,False,False,False,False,False,False
010960.KS,삼호개발,3115.0,43.5,75100000000.0,9341798288,15.4,-43.4,0,1,False,False,False,False,True,False,False,False,False,False,False
003670.KS,포스코퓨처엠,184000.0,43.4,16366100000000.0,50703764194,60.4,-38.6,0,3,False,False,False,False,True,False,False,True,True,False,False
003720.KS,삼영,6540.0,43.3,222400000000.0,2883476066,50.2,-53.2,5,3,False,False,False,False,True,True,False,False,True,False,False
006120.KS,SK디스커버리,49350.0,43.2,859400000000.0,2127788332,15.4,-27.7,0,0,False,False,False,False,False,False,False,False,False,False,False
383220.KS,F&F,63100.0,43.1,2417200000000.0,6226593452,8.8,-29.1,3,3,False,False,False,False,True,True,True,False,False,False,False
009290.KS,광동제약,6330.0,42.9,315200000000.0,1188594558,22.9,-50.5,1,3,False,False,False,False,True,True,False,True,False,False,False
037030.KQ,파워넷,3330.0,42.8,85000000000.0,1443475813,37.6,-68.0,5,3,False,False,False,False,True,True,False,False,True,False,False
195940.KQ,HK이노엔,43050.0,42.7,1219600000000.0,5865606070,23.7,-26.5,0,1,False,False,False,False,False,False,False,True,False,False,False
023410.KQ,유진기업,3255.0,42.6,251600000000.0,6716655945,10.3,-37.4,5,2,False,False,False,False,True,True,False,False,False,False,False
009450.KS,경동나비엔,62900.0,42.5,916400000000.0,3297160258,18.7,-32.4,0,1,False,False,False,False,True,False,False,False,False,False,False
272110.KQ,케이엔제이,25250.0,42.4,202600000000.0,2648446984,65.0,-43.4,0,2,False,False,False,False,True,False,False,False,True,False,False
107640.KQ,한중엔시에스,40900.0,42.3,370800000000.0,3007664854,76.3,-44.0,0,2,False,False,False,False,False,False,False,True,True,False,False
039490.KS,키움증권,279500.0,42.2,7330800000000.0,35333622040,46.7,-45.9,5,3,False,False,False,False,True,True,False,False,True,False,False
136480.KQ,하림,2655.0,42.1,282000000000.0,1062101047,4.1,-25.5,0,1,False,False,False,False,True,False,False,False,False,False,False
005500.KS,삼진제약,18330.0,42.0,244200000000.0,1067405720,10.6,-29.2,0,1,False,False,False,False,False,False,False,True,False,False,False
000880.KS,한화,130200.0,41.9,6943400000000.0,17042473262,32.9,-40.8,0,3,False,False,False,False,True,False,False,True,True,False,False
499790.KS,GS피앤엘,42400.0,41.7,840800000000.0,4694628087,31.5,-36.7,0,3,False,False,False,False,True,False,False,True,True,False,False
007310.KS,오뚜기,326000.0,41.6,1306600000000.0,1601939230,12.2,-30.6,0,1,False,False,False,False,False,False,False,True,False,False,False
082800.KQ,비보존 제약,3125.0,41.5,189700000000.0,1684894877,51.0,-63.1,0,2,False,False,False,False,False,False,False,True,True,False,False
031430.KS,신세계인터내셔날,10460.0,41.4,366000000000.0,1084642204,9.5,-38.9,5,2,False,False,False,False,True,True,False,False,False,False,False
004980.KS,성신양회,8440.0,41.3,206900000000.0,1591732348,24.5,-44.9,0,1,False,False,False,False,False,False,False,True,False,False,False
006660.KS,삼성공조,13050.0,41.2,106000000000.0,15273674060,48.5,-34.8,0,3,False,False,False,True,False,False,False,True,True,False,False
189300.KQ,인텔리안테크,65700.0,41.1,705500000000.0,6283612725,68.5,-63.5,5,3,False,False,False,False,True,True,False,False,True,False,False
290690.KQ,소룩스,4120.0,41.0,218200000000.0,7783732274,52.6,-42.5,0,1,False,False,False,False,False,False,False,False,True,False,False
003280.KS,흥아해운,1699.0,40.9,408500000000.0,21398295700,11.5,-64.6,0,1,False,False,False,False,True,False,False,False,False,False,False
051600.KS,한전KPS,46900.0,40.8,2110500000000.0,5767490600,13.0,-32.0,0,2,False,False,False,False,True,False,False,True,False,False,False
051600.KS,한전KPS,46900.0,40.8,2110500000000.0,5767490600,13.0,-32.0,0,2,False,False,False,False,True,False,False,True,False,False,False
489790.KS,한화비전,51600.0,40.5,2605200000000.0,14000066371,66.7,-47.3,0,3,False,False,False,False,True,False,False,True,True,False,False
061970.KQ,LB세미콘,4415.0,40.4,309400000000.0,2967569954,53.0,-38.0,0,3,False,False,False,False,True,False,False,True,True,False,False
035250.KS,강원랜드,14540.0,40.3,3110700000000.0,6104538817,4.5,-25.8,0,0,False,False,False,False,False,False,False,False,False,False,False
060250.KQ,NHN KCP,15080.0,40.2,605600000000.0,6616161962,38.3,-40.9,0,3,False,False,False,False,True,False,False,True,True,False,False
036200.KQ,유니셈,9090.0,40.1,278700000000.0,2373094633,51.5,-36.8,0,3,False,False,False,False,True,False,False,True,True,False,False
253590.KQ,네오셈,11040.0,40.0,484300000000.0,4160035042,64.8,-48.4,0,3,False,False,False,False,True,False,False,True,True,False,False
042520.KQ,한스바이오메드,19300.0,39.9,275200000000.0,4109097454,176.9,-66.6,0,2,False,False,False,False,True,False,False,False,True,False,False
457370.KQ,한켐,8410.0,39.8,67800000000.0,10897970439,54.0,-50.6,0,2,False,False,False,False,True,False,False,False,True,False,False
004020.KS,현대제철,31450.0,39.7,4196900000000.0,16802410642,33.0,-37.6,0,3,False,False,False,False,True,False,False,True,True,False,False
023160.KQ,태광,25150.0,39.6,650600000000.0,4250709124,29.5,-51.0,0,2,False,False,False,False,True,False,False,True,False,False,False
009540.KS,HD한국조선해양,360500.0,39.4,25513700000000.0,75673546810,14.8,-27.1,0,0,False,False,False,False,False,False,False,False,False,False,False
377300.KS,카카오페이,46900.0,39.3,6344300000000.0,12310053156,28.3,-40.8,0,2,False,False,False,False,True,False,False,True,False,False,False
039860.KQ,나노엔텍,3800.0,39.2,144800000000.0,1611957300,26.0,-59.5,5,3,False,False,False,False,True,True,False,True,False,False,False
101530.KS,해태제과식품,5580.0,39.1,162500000000.0,1626818576,4.3,-24.4,0,1,False,False,False,False,False,False,False,False,False,True,False
099320.KQ,쎄트렉아이,74200.0,39.0,812600000000.0,4931339748,63.8,-66.9,5,3,False,False,False,False,True,True,False,False,True,False,False
003540.KS,대신증권,26800.0,38.9,1277500000000.0,2180823742,17.8,-47.9,0,2,False,False,False,False,True,False,False,True,False,False,False
215200.KQ,메가스터디교육,35700.0,38.8,370000000000.0,1531257918,2.3,-29.7,0,1,False,False,False,False,True,False,False,False,False,False,False
011210.KS,현대위아,59300.0,38.7,1612700000000.0,6327847540,26.3,-47.3,5,2,False,False,False,False,True,True,False,False,False,False,False
187790.KQ,나노,2960.0,38.6,91300000000.0,1413388649,75.7,-60.8,5,3,False,False,False,False,True,True,False,False,True,False,False
456010.KQ,아이씨티케이,16710.0,38.5,242300000000.0,4982885221,59.8,-58.2,0,3,False,False,False,False,True,False,False,True,True,False,False
419050.KQ,삼기에너지솔루션즈,1583.0,38.4,90500000000.0,12637844381,83.0,-35.8,0,2,False,False,False,False,False,False,False,True,True,False,False
006280.KS,녹십자,127100.0,38.2,1485400000000.0,4956659272,20.0,-30.8,0,1,False,False,False,False,False,False,False,True,False,False,False
014820.KS,동원시스템즈,21600.0,38.1,626200000000.0,1133638186,23.3,-30.1,0,1,False,False,False,False,False,False,False,True,False,False,False
020150.KS,롯데에너지머티리얼즈,35200.0,38.0,1843300000000.0,7408710883,63.0,-57.6,5,4,False,False,False,False,True,True,False,True,True,False,False
454910.KS,두산로보틱스,73100.0,37.9,4738300000000.0,44079333176,34.9,-57.0,0,2,False,False,False,False,True,False,False,False,True,False,False
001550.KS,조비,10900.0,37.8,56600000000.0,1741744514,26.2,-48.0,0,2,False,False,False,False,True,False,False,True,False,False,False
002140.KS,고려산업,2110.0,37.7,52600000000.0,5209840535,28.0,-36.4,0,1,False,False,False,False,False,False,False,True,False,False,False
215600.KQ,신라젠,2655.0,37.6,367900000000.0,4286150253,49.2,-50.8,0,2,False,False,False,False,False,False,False,True,True,False,False
260970.KQ,에스앤디,59300.0,37.5,171500000000.0,1438093164,40.9,-56.4,0,2,False,False,False,False,False,False,False,True,True,False,False
475430.KQ,키스트론,4370.0,37.4,78000000000.0,14718823398,31.8,-44.1,0,2,False,False,False,False,True,False,False,False,True,False,False
043650.KQ,국순당,3540.0,37.3,63200000000.0,1927193611,13.6,-30.7,0,0,False,False,False,False,False,False,False,False,False,False,False
241520.KQ,DSC인베스트먼트,8300.0,37.2,220800000000.0,2022541058,40.7,-57.9,5,3,False,False,False,False,True,True,False,False,True,False,False
103140.KS,풍산,83000.0,37.0,2326000000000.0,10209712494,50.4,-47.9,0,2,False,False,False,False,False,False,False,True,True,False,False
399720.KQ,가온칩스,46050.0,36.9,546100000000.0,11450337612,31.8,-44.7,0,3,False,False,False,False,True,False,False,True,True,False,False
115440.KQ,우리넷,7490.0,36.8,80800000000.0,1525237711,41.6,-64.9,5,4,False,False,False,False,True,True,False,True,True,False,False
001500.KS,현대차증권,8020.0,36.7,495900000000.0,1071525665,22.3,-46.1,0,1,False,False,False,False,True,False,False,False,False,False,False
000080.KS,하이트진로,15180.0,36.6,1064600000000.0,1934719178,9.8,-23.2,0,2,False,False,False,False,False,False,False,True,False,True,False
950220.KQ,네오이뮨텍,2570.0,36.5,87900000000.0,2579579263,130.5,-59.5,0,2,False,False,False,False,False,False,False,True,True,False,False
097950.KS,CJ제일제당,186300.0,36.4,2804600000000.0,13278319582,7.9,-26.1,0,0,False,False,False,False,False,False,False,False,False,False,False
015750.KQ,성우하이텍,5980.0,36.3,478400000000.0,1718248415,22.5,-50.1,0,1,False,False,False,False,True,False,False,False,False,False,False
014680.KS,한솔케미칼,206000.0,36.2,2223600000000.0,12687642070,29.9,-40.5,0,1,False,False,False,False,True,False,False,False,False,False,False
009900.KS,명신산업,7990.0,36.1,419200000000.0,1138648035,48.2,-46.5,0,3,False,False,False,False,True,False,False,True,True,False,False
270660.KQ,에브리봇,14680.0,36.0,186300000000.0,2408890013,55.0,-54.0,0,2,False,False,False,False,False,False,False,True,True,False,False
348340.KQ,뉴로메카,19290.0,35.8,301000000000.0,6684796569,61.6,-76.8,5,3,False,False,False,False,True,True,False,False,True,False,False
046120.KQ,오르비텍,4790.0,35.7,162200000000.0,1619113989,47.8,-70.8,5,3,False,False,False,False,True,True,False,False,True,False,False
139480.KS,이마트,74000.0,35.6,2042100000000.0,10050033996,5.3,-45.7,5,2,False,False,False,False,True,True,False,False,False,False,False
001680.KS,대상,17490.0,35.5,606000000000.0,1625465133,10.1,-27.6,0,0,False,False,False,False,False,False,False,False,False,False,False
290650.KQ,엘앤씨바이오,50400.0,35.4,1359300000000.0,22012468415,73.2,-59.7,5,3,False,False,False,False,True,True,False,False,True,False,False
458870.KQ,씨어스,21800.0,35.3,835900000000.0,9171788541,105.0,-66.0,0,2,False,False,False,False,True,False,False,False,True,False,False
041190.KQ,우리기술투자,6140.0,35.2,515800000000.0,13259927119,64.8,-53.3,0,2,False,False,False,False,False,False,False,True,True,False,False
425040.KQ,티이엠씨,9030.0,35.1,198000000000.0,3785832345,43.3,-70.2,0,2,False,False,False,False,True,False,False,False,True,False,False
452280.KQ,한선엔지니어링,10400.0,35.0,200200000000.0,3742015818,50.5,-72.1,5,3,False,False,False,False,True,True,False,False,True,False,False
042110.KQ,에스씨디,1118.0,34.9,54000000000.0,2561098866,12.0,-33.1,0,1,False,False,False,False,True,False,False,False,False,False,False
020000.KS,한섬,15590.0,34.7,334800000000.0,2475724821,9.9,-45.8,5,2,False,False,False,False,True,True,False,False,False,False,False
069620.KS,대웅제약,124900.0,34.6,1447200000000.0,4801543816,19.0,-37.4,0,1,False,False,False,False,False,False,False,True,False,False,False
302440.KS,SK바이오사이언스,38450.0,34.5,3016700000000.0,3748481309,20.9,-37.3,0,1,False,False,False,False,False,False,False,True,False,False,False
060720.KQ,KH바텍,10630.0,34.4,251700000000.0,3096755810,28.8,-46.7,0,2,False,False,False,False,True,False,False,True,False,False,False
112290.KQ,와이씨켐,10350.0,34.3,209300000000.0,1561850616,39.9,-41.5,0,3,False,False,False,False,True,False,False,True,True,False,False
051910.KS,LG화학,274500.0,34.2,19377600000000.0,58588588200,22.5,-37.3,0,1,False,False,False,False,False,False,False,True,False,False,False
199430.KQ,케이엔알시스템,15300.0,34.1,171300000000.0,2861703459,79.8,-66.2,0,2,False,False,False,False,False,False,False,True,True,False,False
004990.KS,롯데지주,23800.0,34.0,2372000000000.0,3893272893,12.5,-39.9,0,1,False,False,False,False,False,False,False,True,False,False,False
336370.KS,솔루스첨단소재,7810.0,33.9,548400000000.0,1346242279,46.5,-53.8,0,2,False,False,False,False,True,False,False,False,True,False,False
125490.KQ,한라캐스트,10750.0,33.8,392400000000.0,13625696147,146.8,-57.6,0,2,False,False,False,False,False,False,False,True,True,False,False
025860.KS,남해화학,6060.0,33.7,301100000000.0,3135229997,15.4,-52.7,0,2,False,False,False,False,True,False,False,True,False,False,False
097230.KS,HJ중공업,17160.0,33.5,1549500000000.0,9682097018,41.6,-50.0,0,1,False,False,False,False,False,False,False,False,True,False,False
452430.KQ,사피엔반도체,28150.0,33.4,232400000000.0,1060839607,48.2,-49.7,0,2,False,False,False,False,True,False,False,False,True,False,False
326030.KS,에스케이바이오팜,88000.0,33.3,6891600000000.0,13344594702,20.5,-38.9,0,1,False,False,False,False,False,False,False,True,False,False,False
011930.KS,신성이엔지,16870.0,33.2,342600000000.0,4446818512,49.3,-66.1,0,3,False,False,False,False,True,False,False,True,True,False,False
222080.KQ,SFA넥셀,8150.0,33.1,633900000000.0,4867483905,43.2,-59.0,5,4,False,False,False,False,True,True,False,True,True,False,False
294570.KQ,쿠콘,24950.0,33.0,251800000000.0,1211043364,91.9,-47.4,0,2,False,False,False,False,False,False,False,True,True,False,False
441270.KQ,파인엠텍,8080.0,32.9,341000000000.0,2625286238,51.3,-42.5,0,2,False,False,False,False,False,False,False,True,True,False,False
046940.KQ,우원개발,3035.0,32.8,54900000000.0,3740282283,22.9,-54.1,5,2,False,False,False,False,True,True,False,False,False,False,False
005010.KS,휴스틸,3870.0,32.7,217400000000.0,1852307504,24.4,-47.0,0,2,False,False,False,False,True,False,False,True,False,False,False
354320.KQ,알멕,30950.0,32.6,197800000000.0,2880524590,63.8,-70.2,5,4,False,False,False,False,True,True,False,True,True,False,False
008770.KS,호텔신라,42200.0,32.5,1656300000000.0,13113284853,6.3,-40.0,0,1,False,False,False,False,True,False,False,False,False,False,False
001340.KS,PKC,5110.0,32.3,230100000000.0,1694075037,25.4,-37.7,0,1,False,False,False,False,True,False,False,False,False,False,False
117730.KQ,티로보틱스,13290.0,32.2,299800000000.0,1500565987,35.6,-57.0,0,3,False,False,False,False,True,False,False,True,True,False,False
037070.KQ,파세코,5650.0,32.1,113000000000.0,17228725160,13.2,-43.4,0,1,False,False,False,False,True,False,False,False,False,False,False
396470.KQ,워트,6290.0,32.0,101400000000.0,1928198441,52.5,-42.6,0,2,False,False,False,False,False,False,False,True,True,False,False
259960.KS,크래프톤,219500.0,31.9,10041700000000.0,26963807690,10.1,-36.2,0,0,False,False,False,False,False,False,False,False,False,False,False
383310.KQ,에코프로에이치엔,24400.0,31.8,511800000000.0,6107389069,22.0,-48.0,0,1,False,False,False,False,True,False,False,False,False,False,False
318060.KQ,그래피,18050.0,31.7,201900000000.0,2015517737,119.9,-73.8,2,3,False,False,False,False,True,True,False,False,True,False,False
000020.KS,동화약품,5090.0,31.6,142200000000.0,2079728109,14.4,-32.7,0,1,False,False,False,False,False,False,False,True,False,False,False
056090.KQ,시지메드텍,1151.0,31.5,118900000000.0,2049573621,35.4,-67.6,5,4,False,False,False,False,True,True,False,True,True,False,False
000100.KS,유한양행,82700.0,31.4,6586900000000.0,22241147446,27.2,-36.0,0,1,False,False,False,False,False,False,False,True,False,False,False
052020.KQ,에스티큐브,8040.0,31.3,546600000000.0,1802313565,33.8,-64.3,5,3,False,False,False,False,True,True,False,False,True,False,False
000490.KS,대동,7900.0,31.1,227700000000.0,3974819908,44.4,-42.1,0,2,False,False,False,False,False,False,False,True,True,False,False
298050.KS,HS효성첨단소재,171400.0,31.0,767900000000.0,2486426712,27.0,-39.2,0,2,False,False,False,False,True,False,False,True,False,False,False
347850.KQ,디앤디파마텍,56300.0,30.9,2580700000000.0,116060345453,75.4,-51.7,5,2,False,False,False,False,False,True,False,False,True,False,False
010140.KS,삼성중공업,21000.0,30.8,18480000000000.0,83332328193,15.3,-40.6,0,1,False,False,False,False,True,False,False,False,False,False,False
005300.KS,롯데칠성음료,97500.0,30.7,904700000000.0,1975651292,3.8,-37.0,0,0,False,False,False,False,False,False,False,False,False,False,False
097520.KS,엠씨넥스,20000.0,30.6,348000000000.0,1003028400,28.2,-38.5,0,1,False,False,False,False,False,False,False,True,False,False,False
008350.KS,남선알미늄,1048.0,30.5,135300000000.0,1431001795,19.0,-69.9,0,1,False,False,False,False,True,False,False,False,False,False,False
036810.KQ,에프에스티,25200.0,30.4,545600000000.0,3486624675,68.0,-50.6,0,3,False,False,False,False,True,False,False,True,True,False,False
042370.KQ,비츠로테크,8620.0,30.3,225800000000.0,1393400570,32.2,-63.8,0,2,False,False,False,False,True,False,False,False,True,False,False
090460.KS,비에이치,17190.0,30.2,579500000000.0,12127420280,38.2,-60.4,0,2,False,False,False,False,True,False,False,False,True,False,False
108860.KQ,셀바스AI,9530.0,30.0,256500000000.0,7058835639,56.2,-45.8,0,2,False,False,False,False,False,False,False,True,True,False,False
025900.KQ,동화기업,7760.0,29.9,392300000000.0,1131310511,72.4,-40.2,0,2,False,False,False,False,False,False,False,True,True,False,False
014990.KS,인디에프,3025.0,29.8,45400000000.0,1122437574,115.1,-63.1,0,2,False,False,False,False,False,False,False,True,True,False,False
232680.KQ,라온로보틱스,9380.0,29.7,124400000000.0,2144616769,41.9,-60.8,5,3,False,False,False,False,True,True,False,False,True,False,False
030520.KQ,한글과컴퓨터,17670.0,29.6,427300000000.0,2129181030,19.4,-36.4,0,0,False,False,False,False,False,False,False,False,False,False,False
064960.KS,SNT모티브,25700.0,29.5,682100000000.0,1693299825,6.6,-37.0,0,0,False,False,False,False,False,False,False,False,False,False,False
105840.KS,우진,13790.0,29.4,278500000000.0,3047232625,48.8,-56.5,0,2,False,False,False,False,True,False,False,False,True,False,False
013120.KQ,동원개발,2185.0,29.3,198400000000.0,3756088363,13.9,-39.8,0,1,False,False,False,False,True,False,False,False,False,False,False
149950.KQ,아바텍,8860.0,29.2,121100000000.0,3278614506,31.3,-54.5,0,2,False,False,False,False,True,False,False,False,True,False,False
095660.KQ,네오위즈,17970.0,29.1,388800000000.0,1247906222,11.6,-43.0,0,0,False,False,False,False,False,False,False,False,False,False,False
200710.KQ,에이디테크놀로지,26400.0,29.0,355400000000.0,6308232743,28.8,-57.4,5,2,False,False,False,False,True,True,False,False,False,False,False
054920.KQ,한컴위드,3940.0,28.8,111200000000.0,1105653373,41.0,-56.1,0,3,False,False,False,False,True,False,False,True,True,False,False
278280.KQ,천보,40800.0,28.7,499900000000.0,1456201879,57.5,-49.4,0,2,False,False,False,False,False,False,False,True,True,False,False
185750.KS,종근당,67100.0,28.6,926200000000.0,1761723520,6.5,-31.6,0,0,False,False,False,False,False,False,False,False,False,False,False
018880.KS,한온시스템,3480.0,28.5,3571400000000.0,22203406081,26.3,-41.4,0,1,False,False,False,False,True,False,False,False,False,False,False
417010.KQ,나노팀,6150.0,28.4,124100000000.0,1631861226,84.7,-61.4,1,4,False,False,False,False,True,True,False,True,True,False,False
039200.KQ,오스코텍,35050.0,28.3,1340900000000.0,6796569395,28.4,-46.9,0,1,False,False,False,False,False,False,False,True,False,False,False
010690.KS,화신,8020.0,28.2,280100000000.0,11086909726,25.1,-52.0,0,1,False,False,False,False,True,False,False,False,False,False,False
078150.KQ,HB테크놀러지,1931.0,28.1,183300000000.0,2773255541,22.6,-68.6,0,1,False,False,False,False,True,False,False,False,False,False,False
475580.KQ,에이럭스,7570.0,28.0,103100000000.0,1048803911,50.8,-51.6,0,2,False,False,False,False,False,False,False,True,True,False,False
255440.KQ,야스,7460.0,27.9,97400000000.0,2642283131,104.4,-44.5,0,3,False,False,False,False,True,False,False,True,True,False,False
121600.KQ,나노신소재,50900.0,27.8,624100000000.0,2975661132,53.3,-46.6,0,3,False,False,False,False,True,False,False,True,True,False,False
025540.KS,한국단자공업,55800.0,27.6,564400000000.0,1436186870,3.1,-40.6,5,2,False,False,False,False,True,True,False,False,False,False,False
036010.KQ,아비코전자,7000.0,27.5,93100000000.0,1847388733,60.6,-50.9,0,2,False,False,False,False,True,False,False,False,True,False,False
232140.KQ,와이씨,12490.0,27.4,1024700000000.0,10015578237,83.1,-48.3,0,3,False,False,False,False,True,False,False,True,True,False,False
009520.KQ,포스코엠텍,13120.0,27.3,546400000000.0,2258199650,58.6,-43.2,0,3,False,False,False,False,True,False,False,True,True,False,False
388720.KQ,유일로보틱스,68400.0,27.2,805800000000.0,2611922486,27.1,-55.9,0,1,False,False,False,False,True,False,False,False,False,False,False
462860.KQ,더즌,2785.0,27.1,199800000000.0,3520766516,75.4,-51.9,0,2,False,False,False,False,False,False,False,True,True,False,False
006220.KS,제주은행,9870.0,27.0,373100000000.0,6520687675,23.4,-47.6,0,1,False,False,False,False,False,False,False,True,False,False,False
455900.KQ,엔젤로보틱스,20800.0,26.9,320200000000.0,2327906603,40.0,-52.7,0,2,False,False,False,False,False,False,False,True,True,False,False
071090.KS,하이스틸,3100.0,26.8,62600000000.0,1582544968,31.6,-45.4,0,2,False,False,False,False,False,False,False,True,True,False,False
213420.KQ,덕산네오룩스,32350.0,26.7,803300000000.0,4882062272,32.0,-43.5,0,3,False,False,False,False,True,False,False,True,True,False,False
005070.KS,코스모신소재,40750.0,26.6,1353500000000.0,4427623903,53.2,-38.6,0,2,False,False,False,False,False,False,False,True,True,False,False
000670.KS,영풍,40250.0,26.4,741000000000.0,1202230213,29.8,-43.8,0,1,False,False,False,False,False,False,False,True,False,False,False
000120.KS,CJ대한통운,73300.0,26.3,1672100000000.0,3788356712,5.6,-52.4,0,1,False,False,False,False,True,False,False,False,False,False,False
320000.KQ,한울반도체,9060.0,26.2,62600000000.0,20863885177,28.1,-68.8,0,2,False,False,False,False,True,False,True,False,False,False,False
241790.KQ,티이엠씨씨엔에스,5670.0,26.1,56700000000.0,1038266026,41.2,-42.1,0,2,False,False,False,False,False,False,False,True,True,False,False
002680.KQ,한탑,2385.0,26.0,15400000000.0,1245028166,59.5,-53.7,0,2,False,False,False,False,False,False,False,True,True,False,False
032500.KQ,케이엠더블유,15360.0,25.9,648100000000.0,4068486997,38.5,-61.6,5,3,False,False,False,False,True,True,False,False,True,False,False
003530.KS,한화투자증권,4800.0,25.8,1029800000000.0,6750149972,36.6,-53.4,0,3,False,False,False,False,True,False,False,True,True,False,False
254490.KQ,미래반도체,15990.0,25.7,230900000000.0,2250921980,52.0,-66.6,0,2,False,False,False,False,True,False,False,False,True,False,False
453450.KQ,그리드위즈,14330.0,25.6,113800000000.0,1282221160,33.9,-51.9,0,3,False,False,False,False,True,False,False,True,True,False,False
003090.KS,대웅,17480.0,25.5,1016300000000.0,1054106172,13.4,-42.9,0,1,False,False,False,False,False,False,False,True,False,False,False
005360.KS,모나미,1340.0,25.4,25300000000.0,6616227853,25.8,-70.1,0,0,False,False,False,False,False,False,False,False,False,False,False
329180.KS,HD현대중공업,470000.0,25.2,49331800000000.0,149497221800,14.2,-38.6,0,1,False,False,False,False,True,False,False,False,False,False,False
310210.KQ,보로노이,167000.0,25.1,3080000000000.0,15207437972,71.3,-55.5,0,3,False,False,False,False,True,False,False,True,True,False,False
126700.KQ,하이비젼시스템,12070.0,25.0,180400000000.0,1179162364,50.9,-43.9,0,2,False,False,False,False,False,False,False,True,True,False,False
011500.KS,한농화성,14100.0,24.9,220500000000.0,1067109733,52.4,-52.1,0,3,False,False,False,False,True,False,False,True,True,False,False
004090.KS,한국석유공업,11110.0,24.8,141000000000.0,3764633268,14.7,-66.9,0,2,False,False,False,False,True,False,False,True,False,False,False
101730.KQ,위메이드맥스,4260.0,24.7,357000000000.0,3052500311,63.8,-47.8,0,2,False,False,False,False,False,False,False,True,True,False,False
079370.KQ,제우스,10480.0,24.6,325100000000.0,2403284266,59.3,-50.0,0,2,False,False,False,False,False,False,False,True,True,False,False
011230.KS,삼화전자공업,2665.0,24.5,51100000000.0,8309482476,32.6,-54.3,0,1,False,False,False,False,False,False,False,False,True,False,False
015760.KS,한국전력공사,33950.0,24.4,21794700000000.0,70045000568,11.7,-51.2,0,0,False,False,False,False,False,False,False,False,False,False,False
015760.KS,한국전력공사,33950.0,24.4,21794700000000.0,70045000568,11.7,-51.2,0,0,False,False,False,False,False,False,False,False,False,False,False
261780.KQ,아리바이오LAB,2430.0,24.1,70400000000.0,1244890463,33.2,-63.8,0,2,False,False,False,False,True,False,False,False,True,False,False
025980.KQ,아난티,5180.0,24.0,504000000000.0,14884365415,64.4,-52.4,0,2,False,False,False,False,False,False,False,True,True,False,False
060280.KQ,큐렉소,8860.0,23.9,365600000000.0,2015931449,27.1,-60.7,0,2,False,False,False,False,True,False,False,True,False,False,False
466100.KQ,클로봇,26650.0,23.8,678500000000.0,11437919164,67.2,-67.6,0,1,False,False,False,False,False,False,False,False,True,False,False
214330.KS,금호에이치티,6580.0,23.7,68800000000.0,3317959191,47.0,-50.1,0,2,False,False,False,False,False,False,False,True,True,False,False
045390.KQ,대아티아이,3105.0,23.6,218800000000.0,3513272486,50.4,-45.0,0,2,False,False,False,False,False,False,False,True,True,False,False
168360.KQ,펨트론,13600.0,23.5,304500000000.0,1715536604,56.9,-60.8,0,2,False,False,False,False,True,False,False,False,True,False,False
039440.KQ,에스티아이,20550.0,23.4,318700000000.0,3039189355,18.6,-52.4,0,1,False,False,False,False,True,False,False,False,False,False,False
002030.KS,아세아,207000.0,23.3,426200000000.0,1153713050,31.2,-48.5,0,2,False,False,False,False,False,False,False,True,True,False,False
361610.KS,SK아이이테크놀로지,18220.0,23.2,1490200000000.0,5618932805,53.9,-48.1,0,2,False,False,False,False,False,False,False,True,True,False,False
049480.KQ,오픈베이스,1881.0,23.1,59100000000.0,1108856397,23.7,-55.2,0,1,False,False,False,False,False,False,False,True,False,False,False
464080.KQ,에스오에스랩,9820.0,22.9,176900000000.0,1446583953,49.9,-65.8,0,3,False,False,False,False,True,False,False,True,True,False,False
464080.KQ,에스오에스랩,9820.0,22.9,176900000000.0,1446583953,49.9,-65.8,0,3,False,False,False,False,True,False,False,True,True,False,False
049630.KQ,재영솔루텍,7050.0,22.7,164700000000.0,3113262305,98.0,-82.6,5,3,False,False,False,False,False,True,False,True,True,False,False
108230.KQ,톱텍,3345.0,22.6,127200000000.0,1605415575,31.2,-36.4,0,2,False,False,False,False,False,False,False,True,True,False,False
002070.KS,비비안,4945.0,22.5,23700000000.0,1654081914,66.2,-58.1,0,2,False,False,False,False,False,False,False,True,True,False,False
079900.KS,전진건설로봇,40100.0,22.4,585200000000.0,2931168907,56.6,-46.1,0,3,False,False,False,False,True,False,False,True,True,False,False
475960.KQ,토모큐브,30800.0,22.3,415100000000.0,1606192315,17.3,-54.6,0,0,False,False,False,False,False,False,False,False,False,False,False
115500.KQ,케이씨에스,9070.0,22.2,108800000000.0,1629942758,48.2,-67.0,0,3,False,False,False,False,True,False,False,True,True,False,False
064260.KQ,다날,5360.0,22.1,405500000000.0,16754513894,40.9,-52.3,0,2,False,False,False,False,False,False,False,True,True,False,False
003310.KQ,대주산업,1661.0,22.0,58800000000.0,1244834698,22.6,-72.7,1,3,False,False,False,False,True,True,False,True,False,False,False
376900.KQ,로킷헬스케어,27700.0,21.9,482200000000.0,11570564612,96.2,-82.0,0,2,False,False,False,False,True,False,False,False,True,False,False
068760.KQ,셀트리온제약,42000.0,21.7,1864900000000.0,3535276358,13.5,-46.4,0,1,False,False,False,False,False,False,False,True,False,False,False
005860.KQ,한일사료,2405.0,21.6,94800000000.0,4910815910,20.2,-55.0,0,2,False,False,False,False,True,False,False,True,False,False,False
003620.KS,KG모빌리티,2685.0,21.5,543400000000.0,1474835678,6.3,-42.5,0,0,False,False,False,False,False,False,False,False,False,False,False
053700.KQ,삼보모터스,3990.0,21.4,106600000000.0,1301122400,13.4,-60.1,1,3,False,False,False,False,True,True,False,True,False,False,False
011790.KS,SKC,90100.0,21.3,4468800000000.0,29013648076,47.5,-51.1,0,1,False,False,False,False,False,False,False,False,True,False,False
212710.KQ,아이에스티이,7940.0,21.2,77100000000.0,1117131811,42.0,-49.0,0,2,False,False,False,False,True,False,False,False,True,False,False
214430.KQ,아이쓰리시스템,62300.0,21.1,455200000000.0,2270203304,26.5,-54.8,0,1,False,False,False,False,True,False,False,False,False,False,False
100840.KS,SNT에너지,32400.0,21.0,670100000000.0,3847153047,52.8,-52.3,0,3,False,False,False,False,True,False,False,True,True,False,False
011170.KS,롯데케미칼,57400.0,20.9,2455300000000.0,8043555042,9.3,-52.0,0,1,False,False,False,False,True,False,False,False,False,False,False
089010.KQ,켐트로닉스,22750.0,20.8,381500000000.0,2225420258,40.0,-53.5,0,2,False,False,False,False,False,False,False,True,True,False,False
306620.KQ,지아이에스,1936.0,20.7,92800000000.0,1985013391,53.7,-53.2,0,2,False,False,False,False,True,False,False,False,True,False,False
251270.KS,넷마블,36300.0,20.5,3018700000000.0,6535338189,6.1,-47.4,0,0,False,False,False,False,False,False,False,False,False,False,False
460930.KQ,현대힘스,13760.0,20.4,488600000000.0,10124509967,32.6,-58.9,0,2,False,False,False,False,False,False,False,True,True,False,False
417200.KQ,LS머트리얼즈,11740.0,20.3,794200000000.0,8034978039,34.9,-64.1,5,3,False,False,False,False,True,True,False,False,True,False,False
052400.KQ,코나아이,39450.0,20.2,574500000000.0,2652282706,19.7,-45.6,0,1,False,False,False,False,True,False,False,False,False,False,False
036090.KQ,위지트,1375.0,20.1,58500000000.0,1276725698,40.3,-52.3,0,2,False,False,False,False,False,False,False,True,True,False,False
077970.KS,STX엔진,26200.0,20.0,1051900000000.0,6014333891,39.1,-61.3,0,2,False,False,False,False,True,False,False,False,True,False,False
034220.KS,LG디스플레이,9590.0,19.9,4795000000000.0,43595878519,18.1,-46.6,0,0,False,False,False,False,False,False,False,False,False,False,False
048410.KQ,현대바이오,6430.0,19.8,620500000000.0,6562628834,40.9,-70.1,5,3,False,False,False,False,True,True,False,False,True,False,False
100090.KS,SK오션플랜트,13920.0,19.7,869700000000.0,28173944444,26.4,-55.9,0,0,False,False,False,False,False,False,False,False,False,False,False
365550.KS,ESR켄달스퀘어리츠,3055.0,19.6,751800000000.0,1244604346,4.4,-36.3,0,0,False,False,False,False,False,False,False,False,False,False,False
067080.KQ,대화제약,10570.0,19.5,196800000000.0,1188431055,41.7,-57.6,0,2,False,False,False,False,False,False,False,True,True,False,False
206650.KQ,유바이오로직스,8830.0,19.3,324500000000.0,1305500699,27.1,-50.1,0,1,False,False,False,False,False,False,False,True,False,False,False
056080.KQ,유진로봇,12080.0,19.2,461900000000.0,4674259846,30.6,-75.6,0,2,False,False,False,False,True,False,False,False,True,False,False
281740.KQ,레이크머티리얼즈,12200.0,19.1,801900000000.0,4497044255,32.6,-57.5,0,2,False,False,False,False,True,False,False,False,True,False,False
333430.KQ,일승,3830.0,19.0,117700000000.0,4744390534,34.4,-63.3,0,2,False,False,False,False,False,False,False,True,True,False,False
459510.KQ,나우로보틱스,15300.0,18.9,198600000000.0,1632697128,43.0,-60.0,0,2,False,False,False,False,False,False,False,True,True,False,False
064820.KQ,케이프,7850.0,18.8,242300000000.0,1100363927,14.1,-55.1,0,1,False,False,False,False,True,False,False,False,False,False,False
019170.KS,신풍제약,8840.0,18.7,463400000000.0,1491252595,40.1,-44.4,0,2,False,False,False,False,False,False,False,True,True,False,False
201490.KQ,미투온,2485.0,18.6,81300000000.0,1645484219,43.0,-63.5,0,2,False,False,False,False,False,False,False,True,True,False,False
114090.KS,GKL,9270.0,18.5,573400000000.0,1849520236,3.1,-47.6,0,0,False,False,False,False,False,False,False,False,False,False,False
028300.KQ,HLB,35450.0,18.4,4721900000000.0,38297328568,46.8,-48.8,0,2,False,False,False,False,True,False,False,False,True,False,False
272290.KQ,이녹스첨단소재,21100.0,18.2,420700000000.0,2770425082,26.3,-52.5,0,1,False,False,False,False,True,False,False,False,False,False,False
039130.KS,하나투어,32200.0,18.1,498800000000.0,1104358671,12.6,-41.8,0,1,False,False,False,False,False,False,False,True,False,False,False
041510.KQ,에스엠,74600.0,18.0,1707900000000.0,7645044238,16.7,-51.9,0,1,False,False,False,False,False,False,False,True,False,False,False
263750.KQ,펄어비스,31550.0,17.9,1982700000000.0,13050392086,8.8,-59.2,0,1,False,False,False,False,True,False,False,False,False,False,False
218150.KQ,미래생명자원,2060.0,17.8,42100000000.0,3665305994,33.3,-52.1,0,2,False,False,False,False,False,False,False,True,True,False,False
022100.KS,포스코DX,21150.0,17.7,3215500000000.0,7320599883,28.1,-53.6,0,2,False,False,False,False,True,False,False,True,False,False,False
114190.KQ,강원에너지,9370.0,17.6,244800000000.0,1572377149,55.1,-53.7,0,2,False,False,False,False,False,False,False,True,True,False,False
445680.KQ,큐리옥스바이오시스템즈,55700.0,17.5,958700000000.0,5528305767,76.0,-62.7,0,2,False,False,False,False,False,False,False,True,True,False,False
001040.KS,CJ,126600.0,17.4,3693800000000.0,16996104538,8.3,-46.1,0,1,False,False,False,False,True,False,False,False,False,False,False
365340.KQ,성일하이텍,36750.0,17.3,474900000000.0,1838921493,54.4,-57.0,0,3,False,False,False,False,True,False,False,True,True,False,False
053080.KQ,케이엔솔,9140.0,17.2,118800000000.0,1086379756,40.8,-50.4,0,2,False,False,False,False,False,False,False,True,True,False,False
083500.KQ,에프엔에스테크,11990.0,17.0,99600000000.0,1286800905,25.5,-50.4,0,1,False,False,False,False,True,False,False,False,False,False,False
017960.KS,한국카본,23800.0,16.9,1229900000000.0,7565050191,28.4,-56.0,0,1,False,False,False,False,True,False,False,False,False,False,False
035720.KS,카카오,36000.0,16.8,15947300000000.0,81719985249,11.6,-48.4,0,0,False,False,False,False,False,False,False,False,False,False,False
163730.KQ,핑거,9950.0,16.7,119600000000.0,1059923218,60.5,-61.2,0,3,False,False,False,False,True,False,False,True,True,False,False
389260.KQ,대명에너지,13710.0,16.6,245600000000.0,6782750605,29.5,-50.3,0,0,False,False,False,False,False,False,False,False,False,False,False
248070.KS,솔루엠,13130.0,16.5,627800000000.0,1953568073,14.0,-46.1,0,1,False,False,False,False,True,False,False,False,False,False,False
445090.KQ,에이직랜드,21450.0,16.4,234400000000.0,2512277752,54.2,-38.4,0,2,False,False,False,False,False,False,False,True,True,False,False
071670.KQ,에이테크솔루션,4980.0,16.3,49800000000.0,1025931144,24.7,-65.1,0,1,False,False,False,False,True,False,False,False,False,False,False
036620.KQ,감성코퍼레이션,3810.0,16.2,342400000000.0,2016190752,7.6,-50.5,0,0,False,False,False,False,False,False,False,False,False,False,False
417860.KQ,오브젠,6830.0,16.1,32100000000.0,1257502592,17.6,-61.5,0,0,False,False,False,False,False,False,False,False,False,False,False
199800.KQ,툴젠,36250.0,16.0,326200000000.0,1360977745,30.6,-74.5,0,1,False,False,False,False,False,False,False,False,True,False,False
194700.KQ,노바렉스,11510.0,15.8,210100000000.0,2209020334,8.5,-47.7,0,0,False,False,False,False,False,False,False,False,False,False,False
005420.KS,코스모화학,11260.0,15.7,432500000000.0,1379043033,57.3,-48.0,0,2,False,False,False,False,False,False,False,True,True,False,False
024060.KQ,흥구석유,9750.0,15.6,146300000000.0,34730112735,9.3,-73.1,0,1,False,False,False,False,True,False,False,False,False,False,False
033500.KQ,동성화인텍,17770.0,15.5,532900000000.0,2170912431,26.5,-48.2,0,1,False,False,False,False,False,False,False,True,False,False,False
357880.KQ,SKAI,1877.0,15.4,101700000000.0,2855543043,32.8,-69.5,0,2,False,False,False,False,True,False,False,False,True,False,False
017510.KQ,세명전기,7470.0,15.3,113900000000.0,2022336433,46.8,-58.4,0,3,False,False,False,False,True,False,False,True,True,False,False
065680.KQ,우주일렉트로,26800.0,15.2,247600000000.0,1043525947,42.6,-48.2,0,2,False,False,False,False,False,False,False,True,True,False,False
298830.KQ,슈어소프트테크,4245.0,15.1,226900000000.0,1082916249,41.5,-61.0,0,2,False,False,False,False,False,False,False,True,True,False,False
067630.KQ,HLB생명과학,2640.0,15.0,321900000000.0,1093546562,64.2,-50.5,0,1,False,False,False,False,False,False,False,False,True,False,False
042660.KS,한화오션,89600.0,14.9,27454600000000.0,178106109248,25.7,-42.1,0,0,False,False,False,False,False,False,False,False,False,False,False
137400.KQ,피엔티,30350.0,14.8,719000000000.0,4162833658,32.0,-51.0,0,2,False,False,False,False,True,False,False,False,True,False,False
054210.KQ,이랜텍,6850.0,14.6,173200000000.0,1029974707,20.2,-52.7,0,1,False,False,False,False,True,False,False,False,False,False,False
108320.KS,LX세미콘,37800.0,14.5,614800000000.0,3527305100,28.1,-43.8,0,0,False,False,False,False,False,False,False,False,False,False,False
064350.KS,현대로템,138600.0,14.4,15127100000000.0,83421811758,22.5,-50.9,0,1,False,False,False,False,True,False,False,False,False,False,False
065450.KQ,빅텍,2790.0,14.3,82300000000.0,1041507190,11.6,-60.4,0,1,False,False,False,False,True,False,False,False,False,False,False
025320.KQ,시노펙스,4000.0,14.2,368800000000.0,4252993567,33.8,-52.0,0,1,False,False,False,False,False,False,False,False,True,False,False
484590.KQ,삼양컴텍,6580.0,14.1,271200000000.0,1683599343,39.7,-70.9,0,1,False,False,False,False,False,False,False,False,True,False,False
098070.KQ,한텍,25100.0,14.0,279100000000.0,1554405684,20.7,-59.6,0,1,False,False,False,False,True,False,False,False,False,False,False
094480.KQ,갤럭시아머니트리,5850.0,13.9,229500000000.0,3921057341,44.3,-52.2,0,2,False,False,False,False,False,False,False,True,True,False,False
002220.KS,한일철강,2885.0,13.8,77000000000.0,1069521709,23.8,-55.4,0,0,False,False,False,False,False,False,False,False,False,False,False
042940.KQ,상지건설,5990.0,13.7,40900000000.0,2120116276,21.7,-64.0,0,0,False,False,False,False,False,False,False,False,False,False,False
000890.KS,보해양조,1288.0,13.5,35600000000.0,10832610146,4.7,-70.7,0,0,False,False,False,False,False,False,False,False,False,False,False
000890.KS,보해양조,1288.0,13.5,35600000000.0,10832610146,4.7,-70.7,0,0,False,False,False,False,False,False,False,False,False,False,False
230240.KQ,에치에프알,13660.0,13.3,181800000000.0,3155344692,21.4,-65.6,0,1,False,False,False,False,True,False,False,False,False,False,False
109610.KQ,에스와이,1920.0,13.2,93900000000.0,1903019836,29.8,-47.7,0,0,False,False,False,False,False,False,False,False,False,False,False
199820.KQ,제일일렉트릭,7720.0,13.1,171500000000.0,1684079857,42.7,-65.4,0,3,False,False,False,False,True,False,False,True,True,False,False
006650.KS,대한유화,89500.0,13.0,581800000000.0,3101032158,12.9,-55.8,0,0,False,False,False,False,False,False,False,False,False,False,False
304100.KQ,솔트룩스,16230.0,12.9,204400000000.0,3232322863,63.0,-57.7,0,2,False,False,False,False,False,False,False,True,True,False,False
214370.KQ,케어젠,53200.0,12.8,2857600000000.0,5630987526,18.2,-65.4,0,1,False,False,False,False,True,False,False,False,False,False,False
012690.KS,모나리자,1454.0,12.7,53200000000.0,4605035606,14.0,-46.0,0,0,False,False,False,False,False,False,False,False,False,False,False
065770.KQ,CS,1325.0,12.6,13900000000.0,1170570456,10.2,-79.1,0,1,False,False,False,False,True,False,False,False,False,False,False
064550.KQ,바이오니아,8070.0,12.5,208300000000.0,1578311678,47.5,-48.4,0,2,False,False,False,False,False,False,False,True,True,False,False
025950.KQ,동신건설,10550.0,12.3,88600000000.0,3742297479,29.1,-65.1,0,0,False,False,False,False,False,False,False,False,False,False,False
005690.KS,파미셀,10860.0,12.2,651600000000.0,9683128191,33.4,-48.7,0,1,False,False,False,False,False,False,False,False,True,False,False
101490.KQ,에스앤에스텍,42400.0,12.1,904600000000.0,9771001028,32.9,-60.9,0,2,False,False,False,False,True,False,False,False,True,False,False
044340.KQ,위닉스,3475.0,12.0,62100000000.0,10324460249,12.1,-48.3,0,0,False,False,False,False,False,False,False,False,False,False,False
054450.KQ,텔레칩스,9610.0,11.9,145500000000.0,1055679785,36.3,-50.8,0,1,False,False,False,False,False,False,False,False,True,False,False
095500.KQ,미래나노텍,7170.0,11.8,222300000000.0,2914578618,37.4,-49.4,0,2,False,False,False,False,False,False,False,True,True,False,False
086390.KQ,유니테스트,10780.0,11.7,227800000000.0,2285962149,78.8,-54.5,0,3,False,False,False,False,True,False,False,True,True,False,False
247540.KQ,에코프로비엠,118000.0,11.6,11544000000000.0,63141539130,33.6,-54.6,0,2,False,False,False,False,True,False,False,False,True,False,False
228760.KQ,지노믹트리,11760.0,11.5,292300000000.0,1164071855,17.5,-64.7,0,0,False,False,False,False,False,False,False,False,False,False,False
010780.KS,아이에스동서,16200.0,11.4,489000000000.0,1887861753,13.1,-53.0,0,1,False,False,False,False,True,False,False,False,False,False,False
475400.KQ,씨메스로보틱스,18550.0,11.3,219000000000.0,1369198910,38.2,-60.5,0,1,False,False,False,False,False,False,False,False,True,False,False
122870.KQ,와이지엔터테인먼트,39850.0,11.1,744800000000.0,4815755958,16.2,-63.7,0,0,False,False,False,False,False,False,False,False,False,False,False
209640.KQ,와이제이링크,3215.0,11.0,91400000000.0,1966405167,34.5,-68.9,1,3,False,False,False,False,True,True,False,False,True,False,False
253840.KQ,수젠텍,4320.0,10.9,72300000000.0,1180114700,22.4,-50.2,0,1,False,False,False,False,False,False,False,True,False,False,False
009470.KS,삼화전기,23600.0,10.8,156100000000.0,5209175562,32.6,-60.3,0,2,False,False,False,False,True,False,False,False,True,False,False
071970.KS,HD현대마린엔진,53600.0,10.7,1818200000000.0,14556916201,15.3,-54.7,0,0,False,False,False,False,False,False,False,False,False,False,False
018290.KQ,브이티,12230.0,10.6,427300000000.0,2563963411,18.9,-68.9,0,1,False,False,False,False,False,False,False,True,False,False,False
014940.KQ,오리엔탈정공,4875.0,10.5,222200000000.0,1907186988,38.1,-62.5,0,2,False,False,False,False,False,False,False,True,True,False,False
402490.KQ,그린리소스,6890.0,10.4,116700000000.0,1233437983,42.8,-72.3,0,2,False,False,False,False,True,False,False,False,True,False,False
094360.KQ,칩스앤미디어,10690.0,10.3,228300000000.0,1593370396,38.1,-49.5,0,1,False,False,False,False,False,False,False,False,True,False,False
463020.KQ,뉴엔AI,9050.0,10.2,81300000000.0,8245341470,66.1,-70.8,0,2,False,False,False,False,False,False,False,True,True,False,False
439260.KS,대한조선,49350.0,10.1,1879700000000.0,3806042039,17.2,-55.0,0,1,False,False,False,False,True,False,False,False,False,False,False
439260.KS,대한조선,49350.0,10.1,1879700000000.0,3806042039,17.2,-55.0,0,1,False,False,False,False,True,False,False,False,False,False,False
161580.KQ,필옵틱스,28000.0,9.8,656400000000.0,4380412506,44.5,-56.9,0,1,False,False,False,False,False,False,False,False,True,False,False
142280.KQ,녹십자엠에스,2910.0,9.7,69700000000.0,1283351803,32.3,-56.3,0,2,False,False,False,False,False,False,False,True,True,False,False
215100.KQ,로보로보,4165.0,9.6,84800000000.0,1243571548,32.9,-72.8,0,2,False,False,False,False,False,False,False,True,True,False,False
003570.KS,SNT다이내믹스,31150.0,9.5,1035800000000.0,2141532865,11.3,-59.2,0,0,False,False,False,False,False,False,False,False,False,False,False
148780.KQ,비큐AI,3370.0,9.4,21200000000.0,2428508689,82.2,-68.2,0,2,False,False,False,False,False,False,False,True,True,False,False
032350.KS,롯데관광개발,12880.0,9.3,1026900000000.0,7046120475,26.9,-53.5,0,0,False,False,False,False,False,False,False,False,False,False,False
094940.KQ,푸른로보틱스,6400.0,9.2,53500000000.0,1281836516,35.7,-59.2,0,3,False,False,False,False,True,False,False,True,True,False,False
075580.KS,세진중공업,10710.0,9.1,608900000000.0,2584949331,26.0,-60.9,0,0,False,False,False,False,False,False,False,False,False,False,False
406820.KQ,뷰티스킨,1909.0,9.0,27000000000.0,1507098779,25.2,-90.0,0,1,False,False,False,False,False,False,False,True,False,False,False
158430.KQ,아톤,4610.0,8.9,112900000000.0,1017853569,39.7,-59.5,0,2,False,False,False,False,False,False,False,True,True,False,False
293490.KQ,카카오게임즈,8190.0,8.7,874200000000.0,4885495902,20.8,-55.6,0,1,False,False,False,False,False,False,False,True,False,False,False
087010.KQ,펩트론,188200.0,8.6,4388300000000.0,39921848068,92.0,-52.1,0,2,False,False,False,False,False,False,False,True,True,False,False
352820.KS,하이브,178500.0,8.5,7694600000000.0,55846135750,13.0,-56.0,0,0,False,False,False,False,False,False,False,False,False,False,False
112040.KQ,위메이드,15150.0,8.4,514300000000.0,4509376592,20.5,-56.5,0,0,False,False,False,False,False,False,False,False,False,False,False
460940.KQ,피앤에스로보틱스,5130.0,8.3,69000000000.0,1651627556,42.3,-65.3,0,2,False,False,False,False,False,False,False,True,True,False,False
465770.KS,STX그린로지스,3010.0,8.2,21700000000.0,6382280424,80.3,-68.6,0,2,False,False,False,False,False,False,False,True,True,False,False
041020.KQ,폴라리스오피스,2935.0,8.1,145800000000.0,1698940239,24.6,-51.8,0,0,False,False,False,False,False,False,False,False,False,False,False
042000.KQ,카페24,17020.0,8.0,411500000000.0,1274797116,13.4,-61.3,0,0,False,False,False,False,False,False,False,False,False,False,False
008730.KS,율촌화학,16070.0,7.9,398500000000.0,1128489063,44.1,-59.0,0,2,False,False,False,False,False,False,False,True,True,False,False
450080.KS,에코프로머티,38650.0,7.8,2737000000000.0,15261729266,42.6,-56.5,0,1,False,False,False,False,False,False,False,False,True,False,False
030960.KQ,양지사,4475.0,7.6,71500000000.0,3120966230,11.9,-54.4,0,0,False,False,False,False,False,False,False,False,False,False,False
039980.KQ,폴라리스AI,5710.0,7.5,82100000000.0,6146027841,51.9,-61.5,0,2,False,False,False,False,False,False,False,True,True,False,False
377480.KQ,마음AI,10130.0,7.4,72000000000.0,1774156298,31.0,-61.8,0,2,False,False,False,False,False,False,False,True,True,False,False
194480.KQ,데브시스터즈,16220.0,7.3,196700000000.0,1675438212,23.8,-72.1,0,0,False,False,False,False,False,False,False,False,False,False,False
067160.KQ,SOOP,38300.0,7.2,440200000000.0,2654117808,3.7,-52.5,0,0,False,False,False,False,False,False,False,False,False,False,False
092220.KS,KEC,2640.0,7.1,106000000000.0,1504426564,23.4,-74.7,0,1,False,False,False,False,True,False,False,False,False,False,False
003030.KS,세아제강지주,99700.0,7.0,412900000000.0,2943305310,5.8,-61.7,0,1,False,False,False,False,True,False,False,False,False,False,False
456160.KQ,지투지바이오,41250.0,6.9,686000000000.0,5972107955,84.2,-66.7,0,2,False,False,False,False,False,False,False,True,True,False,False
372320.KQ,큐로셀,25000.0,6.8,380700000000.0,1560366685,21.1,-62.1,0,0,False,False,False,False,False,False,False,False,False,False,False
298380.KQ,에이비엘바이오,76000.0,6.7,4255000000000.0,32499405050,27.1,-70.5,0,0,False,False,False,False,False,False,False,False,False,False,False
474650.KQ,링크솔루션,24400.0,6.6,140300000000.0,1163259600,52.3,-73.8,0,2,False,False,False,False,True,False,False,False,True,False,False
253450.KQ,스튜디오드래곤,21700.0,6.4,652300000000.0,1566353714,14.2,-57.9,0,0,False,False,False,False,False,False,False,False,False,False,False
102120.KQ,어보브반도체,7290.0,6.3,129600000000.0,1076550296,34.8,-56.7,0,1,False,False,False,False,False,False,False,False,True,False,False
017860.KS,DS단석,11890.0,6.2,211200000000.0,1206345666,24.4,-55.0,0,1,False,False,False,False,False,False,False,True,False,False,False
389650.KQ,넥스트바이오메디컬,33450.0,6.1,276900000000.0,1596125050,10.9,-66.9,0,0,False,False,False,False,False,False,False,False,False,False,False
299660.KQ,셀리드,2070.0,6.0,61100000000.0,3152961297,112.7,-56.5,0,2,False,False,False,False,False,False,False,True,True,False,False
054540.KQ,삼영엠텍,6560.0,5.9,85300000000.0,1730119455,27.1,-71.2,0,0,False,False,False,False,False,False,False,False,False,False,False
432720.KQ,퀄리타스반도체,9200.0,5.8,130500000000.0,1447963839,60.8,-71.4,0,2,False,False,False,False,False,False,False,True,True,False,False
382900.KQ,범한퓨얼셀,16780.0,5.7,147000000000.0,1337942959,42.1,-62.0,0,1,False,False,False,False,False,False,False,False,True,False,False
274090.KQ,켄코아에어로스페이스,10300.0,5.6,141900000000.0,2836946683,41.1,-74.0,0,2,False,False,False,False,True,False,False,False,True,False,False
141080.KQ,리가켐바이오,99600.0,5.5,3687100000000.0,49013526218,29.5,-55.7,0,0,False,False,False,False,False,False,False,False,False,False,False
035900.KQ,JYP Ent.,39750.0,5.4,1412400000000.0,12081475409,4.2,-55.1,0,0,False,False,False,False,False,False,False,False,False,False,False
035760.KQ,CJ ENM,32650.0,5.2,716000000000.0,2512824832,16.2,-60.3,0,1,False,False,False,False,False,False,False,True,False,False,False
214150.KQ,클래시스,32300.0,5.1,2107100000000.0,12128143046,2.5,-58.4,0,0,False,False,False,False,False,False,False,False,False,False,False
000250.KQ,삼천당제약,172800.0,5.0,4053500000000.0,37547571390,44.0,-86.0,0,2,False,False,False,False,True,False,False,False,True,False,False
086900.KQ,메디톡스,66900.0,4.9,488300000000.0,2153737730,2.0,-52.6,0,0,False,False,False,False,False,False,False,False,False,False,False
008830.KQ,대동기어,6310.0,4.8,121000000000.0,2671389042,15.7,-63.7,0,1,False,False,False,False,True,False,False,False,False,False,False
085660.KQ,차바이오텍,8100.0,4.7,753100000000.0,2986230796,6.6,-66.2,0,1,False,False,False,False,True,False,False,False,False,False,False
034230.KS,파라다이스,9780.0,4.6,905900000000.0,7470510175,6.8,-59.2,0,0,False,False,False,False,False,False,False,False,False,False,False
034940.KQ,조아제약,2670.0,4.5,16500000000.0,2216603943,7.4,-62.4,0,0,False,False,False,False,False,False,False,False,False,False,False
249420.KS,일동제약,14360.0,4.4,454300000000.0,2418195291,27.6,-68.1,0,0,False,False,False,False,False,False,False,False,False,False,False
488280.KQ,에스투더블유,10810.0,4.3,117000000000.0,1133289209,35.0,-73.0,0,1,False,False,False,False,False,False,False,False,True,False,False
138610.KQ,나이벡,16000.0,4.2,181900000000.0,1185338356,42.5,-70.5,0,2,False,False,False,False,False,False,False,True,True,False,False
376300.KQ,디어유,18790.0,4.0,446000000000.0,1698798256,6.3,-68.1,0,0,False,False,False,False,False,False,False,False,False,False,False
099430.KQ,바이오플러스,3430.0,3.9,211400000000.0,1114755610,11.9,-53.3,0,0,False,False,False,False,False,False,False,False,False,False,False
008970.KS,KBI동양철관,1075.0,3.8,111500000000.0,1570467311,20.8,-69.6,0,0,False,False,False,False,False,False,False,False,False,False,False
004870.KS,티웨이홀딩스,1140.0,3.7,25800000000.0,1209195415,55.3,-67.0,0,1,False,False,False,False,False,False,False,False,True,False,False
256840.KQ,한국비엔씨,2385.0,3.6,163100000000.0,1084919792,16.3,-61.4,0,0,False,False,False,False,False,False,False,False,False,False,False
065350.KQ,신성델타테크,31000.0,3.5,852000000000.0,5126612353,37.2,-62.7,0,2,False,False,False,False,False,False,False,True,True,False,False
389470.KQ,인벤티지랩,29200.0,3.4,388600000000.0,1976755439,28.9,-71.3,0,0,False,False,False,False,False,False,False,False,False,False,False
419530.KQ,SAMG엔터,20100.0,3.3,205200000000.0,2861609066,4.4,-75.9,0,0,False,False,False,False,False,False,False,False,False,False,False
451760.KQ,컨텍,7130.0,3.2,117700000000.0,1046530558,23.8,-72.9,0,1,False,False,False,False,True,False,False,False,False,False,False
287840.KQ,인투셀,19380.0,3.1,291100000000.0,1322622830,48.5,-74.1,0,1,False,False,False,False,False,False,False,False,True,False,False
255220.KQ,SG,1299.0,3.0,142300000000.0,2728035608,25.5,-64.2,0,0,False,False,False,False,False,False,False,False,False,False,False
462350.KQ,이노스페이스,6080.0,2.8,206000000000.0,2562872988,26.4,-70.8,0,1,False,False,False,False,True,False,False,False,False,False,False
336570.KQ,원텍,4930.0,2.7,440200000000.0,3693103243,19.4,-62.4,0,0,False,False,False,False,False,False,False,False,False,False,False
078590.KQ,휴림에이텍,3075.0,2.6,30700000000.0,1402845416,61.8,-79.5,0,2,False,False,False,False,False,False,False,True,True,False,False
381620.KQ,제닉스로보틱스,6100.0,2.5,80000000000.0,1209947171,33.8,-69.4,0,2,False,False,False,False,False,False,False,True,True,False,False
322310.KQ,오로스테크놀로지,13480.0,2.4,126300000000.0,2413009857,23.6,-74.1,0,1,False,False,False,False,True,False,False,False,False,False,False
066910.KQ,손오공,1939.0,2.3,29800000000.0,1269232634,24.1,-67.7,0,0,False,False,False,False,False,False,False,False,False,False,False
023790.KQ,동일스틸럭스,1314.0,2.2,17200000000.0,2769840192,32.6,-85.1,0,1,False,False,False,False,False,False,False,False,True,False,False
348210.KQ,넥스틴,33050.0,2.1,346300000000.0,3736112086,33.3,-67.1,0,1,False,False,False,False,False,False,False,False,True,False,False
900300.KQ,오가닉티코스메틱,3470.0,2.0,71400000000.0,1783446722,125.2,-86.0,0,2,False,False,False,False,False,False,False,True,True,False,False
047920.KQ,HLB제약,7200.0,1.9,236200000000.0,2348568375,20.0,-67.6,0,0,False,False,False,False,False,False,False,False,False,False,False
011330.KS,유니켐,4305.0,1.7,43100000000.0,1340121792,40.7,-76.7,0,2,False,False,False,False,False,False,False,True,True,False,False
328130.KQ,루닛,9050.0,1.6,673800000000.0,3869833159,8.4,-63.1,0,0,False,False,False,False,False,False,False,False,False,False,False
358570.KQ,지아이이노베이션,8020.0,1.5,517400000000.0,4236345241,24.0,-61.8,0,0,False,False,False,False,False,False,False,False,False,False,False
002020.KS,코오롱,25850.0,1.4,333700000000.0,3064300854,28.0,-70.7,0,1,False,False,False,False,True,False,False,False,False,False,False
160190.KQ,하이젠알앤엠,18720.0,1.3,578200000000.0,2547721240,70.2,-79.5,0,2,False,False,False,False,False,False,False,True,True,False,False
365330.KQ,에스와이스틸텍,1625.0,1.2,81500000000.0,1760194595,46.4,-71.2,0,2,False,False,False,False,False,False,False,True,True,False,False
900340.KQ,윙입푸드,1533.0,1.1,19300000000.0,1001311217,69.4,-68.1,0,2,False,False,False,False,False,False,False,True,True,False,False
424870.KQ,이뮨온시아,3005.0,1.0,274500000000.0,1126488824,30.7,-81.3,0,1,False,False,False,False,False,False,False,False,True,False,False
397030.KQ,에이프릴바이오,19270.0,0.9,530100000000.0,9326936638,4.3,-74.9,0,1,False,False,False,False,True,False,False,False,False,False,False
348370.KQ,엔켐,22800.0,0.8,499600000000.0,6025827095,62.6,-78.3,0,2,False,False,False,False,False,False,False,True,True,False,False
484870.KS,엠앤씨솔루션,15060.0,0.7,413600000000.0,1864437311,15.8,-80.4,0,0,False,False,False,False,False,False,False,False,False,False,False
082270.KQ,젬백스,10580.0,0.5,468400000000.0,2387448174,17.8,-82.7,0,0,False,False,False,False,False,False,False,False,False,False,False
102940.KQ,코오롱생명과학,15250.0,0.4,199600000000.0,3714725192,15.4,-79.0,0,1,False,False,False,False,True,False,False,False,False,False,False
950160.KQ,코오롱티슈진,18740.0,0.3,1592300000000.0,66333100455,63.4,-87.4,0,2,False,False,False,False,True,False,False,False,True,False,False
321370.KQ,센서뷰,1287.0,0.2,66500000000.0,3696029315,33.4,-95.0,0,2,False,False,False,False,True,False,False,False,True,False,False
179900.KQ,유티아이,2460.0,0.1,48700000000.0,2468339315,46.4,-91.6,0,1,False,False,False,False,False,False,False,False,True,False,False
