ticker,name,close,rs,mcap,dvol_50d,vs_52w_low,from_52w_high,sma200_up_months,n_pass,pass_all,new_52w_high,new_52w_low,1_price_gt_150_200,2_150_gt_200,3_200ma_rising_1m,4_50_gt_150_gt_200,5_price_gt_50,6_ge_30pct_above_52wlow,7_within_25pct_of_52whigh,8_rs_ge_70
079650.KQ,서산,6790.0,99.0,135800000000.0,37519460950,613.2,-34.1,3,7,False,False,False,True,True,True,True,True,True,False,True
079650.KQ,서산,6790.0,99.0,135800000000.0,37519460950,613.2,-34.1,3,7,False,False,False,True,True,True,True,True,True,False,True
010170.KQ,대한광통신,13570.0,98.8,2109900000000.0,124842289735,1370.2,-56.9,5,6,False,False,False,True,True,True,False,True,True,False,True
043260.KQ,성호전자,16580.0,98.7,1217500000000.0,43472000001,1523.9,-72.2,5,4,False,False,False,False,True,True,False,False,True,False,True
002990.KS,금호건설,17100.0,98.6,637100000000.0,158142202195,434.4,-11.8,5,8,True,False,False,True,True,True,True,True,True,True,True
002990.KS,금호건설,17100.0,98.6,637100000000.0,158142202195,434.4,-11.8,5,8,True,False,False,True,True,True,True,True,True,True,True
159010.KQ,아스플로,24100.0,98.3,321400000000.0,3559251589,604.7,-6.6,5,8,True,True,False,True,True,True,True,True,True,True,True
327260.KQ,RF머트리얼즈,35350.0,98.2,635900000000.0,12798858163,1125.7,-44.2,5,6,False,False,False,True,True,True,False,True,True,False,True
009150.KS,삼성전기,1400000.0,98.1,104571200000000.0,1346648144800,810.3,-42.1,5,6,False,False,False,True,True,True,True,False,True,False,True
001210.KS,금호전기,13300.0,98.0,164600000000.0,52114734642,472.0,-7.3,2,8,True,False,False,True,True,True,True,True,True,True,True
036930.KQ,주성엔지니어링,173700.0,97.9,8073800000000.0,313626306050,563.0,-38.6,5,7,False,False,False,True,True,True,True,True,True,False,True
000500.KS,가온전선,201000.0,97.8,5985300000000.0,46619469285,587.8,-43.0,5,7,False,False,False,True,True,True,True,True,True,False,True
131290.KQ,티에스이,234000.0,97.7,2588400000000.0,31259708454,547.3,-20.4,5,8,True,False,False,True,True,True,True,True,True,True,True
126640.KQ,화신정공,4780.0,97.6,167600000000.0,10843903721,288.6,-39.3,5,7,False,False,False,True,True,True,True,True,True,False,True
319660.KQ,피에스케이,124000.0,97.5,3591900000000.0,80797581460,531.0,-43.5,5,6,False,False,False,True,True,True,True,False,True,False,True
032580.KQ,피델릭스,4595.0,97.4,152200000000.0,5924757624,440.6,-53.1,4,7,False,False,False,True,True,True,True,True,True,False,True
457600.KQ,벡트,5470.0,97.2,75000000000.0,1068358396,290.4,-4.0,1,8,True,False,False,True,True,True,True,True,True,True,True
317400.KS,자이에스앤디,10150.0,97.1,393600000000.0,10796130084,232.8,-14.8,5,8,True,False,False,True,True,True,True,True,True,True,True
402340.KS,SK스퀘어,982000.0,97.0,129549400000000.0,1240428225340,650.2,-55.1,5,6,False,False,False,True,True,True,True,False,True,False,True
017900.KS,광전자,7170.0,96.9,415500000000.0,20057317617,307.4,-68.1,5,7,False,False,False,True,True,True,True,True,True,False,True
417840.KQ,저스템,15030.0,96.8,343700000000.0,11629481979,407.2,-32.4,5,7,False,False,False,True,True,True,True,True,True,False,True
046970.KQ,우리로,4950.0,96.7,216900000000.0,5218131302,310.4,-69.4,5,5,False,False,False,False,True,True,False,True,True,False,True
046970.KQ,우리로,4950.0,96.7,216900000000.0,5218131302,310.4,-69.4,5,5,False,False,False,False,True,True,False,True,True,False,True
095610.KQ,테스,136000.0,96.5,2633000000000.0,80044155642,387.5,-42.5,5,6,False,False,False,True,True,True,True,False,True,False,True
001820.KS,삼화콘덴서공업,111500.0,96.4,1159000000000.0,78391928866,346.9,-43.3,5,7,False,False,False,True,True,True,True,True,True,False,True
219130.KQ,타이거일렉,61900.0,96.3,390900000000.0,4514329266,315.4,-29.6,5,6,False,False,False,True,True,True,True,False,True,False,True
222800.KQ,심텍,123400.0,96.1,4686000000000.0,96012056410,442.4,-24.8,5,8,True,False,False,True,True,True,True,True,True,True,True
047040.KS,대우건설,16280.0,96.0,6689600000000.0,105607352420,390.4,-59.7,5,4,False,False,False,False,True,True,False,False,True,False,True
000660.KS,SK하이닉스,1613000.0,95.9,1178284200000000.0,10688696534060,558.4,-46.0,5,6,False,False,False,True,True,True,True,False,True,False,True
080220.KQ,제주반도체,72600.0,95.8,2500500000000.0,172894764930,442.6,-47.4,5,6,False,False,False,True,True,True,True,False,True,False,True
006340.KS,대원전선,12730.0,95.7,998200000000.0,158817222775,360.4,-37.3,5,6,False,False,False,True,True,True,True,False,True,False,True
134580.KQ,탑코미디어,3840.0,95.6,189300000000.0,1099857964,351.8,-10.7,0,5,False,True,False,True,False,False,False,True,True,True,True
226340.KQ,본느,6080.0,95.5,51000000000.0,9701364243,398.4,-37.2,1,5,False,False,False,True,False,True,False,True,True,False,True
091590.KQ,남화토건,8030.0,95.4,94300000000.0,14018189067,150.9,-34.1,3,7,False,False,False,True,True,True,True,True,True,False,True
091590.KQ,남화토건,8030.0,95.4,94300000000.0,14018189067,150.9,-34.1,3,7,False,False,False,True,True,True,True,True,True,False,True
024840.KQ,KBI메탈,5430.0,95.2,235100000000.0,28370602474,235.2,-53.8,5,7,False,False,False,True,True,True,True,True,True,False,True
089970.KQ,브이엠,55800.0,95.0,1469000000000.0,56515888902,431.4,-54.3,5,5,False,False,False,False,True,True,True,False,True,False,True
420770.KQ,기가비스,102300.0,94.9,1296700000000.0,20019270964,340.0,-50.3,5,5,False,False,False,False,True,True,True,False,True,False,True
031980.KQ,피에스케이홀딩스,122000.0,94.8,2630600000000.0,26632304804,304.0,-29.5,5,7,False,False,False,True,True,True,True,True,True,False,True
069540.KQ,빛과전자,2765.0,94.7,311600000000.0,28711763178,367.1,-65.9,5,5,False,False,False,False,True,True,False,True,True,False,True
067290.KQ,JW신약,3100.0,94.6,173700000000.0,31193996063,148.8,-10.7,5,8,True,True,False,True,True,True,True,True,True,True,True
440110.KQ,파두,62800.0,94.5,3147000000000.0,46900979310,461.7,-51.5,5,4,False,False,False,False,True,True,False,False,True,False,True
064290.KQ,인텍플러스,33800.0,94.4,438000000000.0,12800544279,264.2,-37.5,5,6,False,False,False,True,True,True,True,False,True,False,True
353200.KS,대덕전자,108900.0,94.3,5381500000000.0,116372563082,412.5,-45.0,5,6,False,False,False,True,True,True,True,False,True,False,True
228340.KQ,동양파일,3885.0,94.2,77700000000.0,6673001978,150.6,-46.8,5,7,False,False,False,True,True,True,True,True,True,False,True
161890.KS,한국콜마,155000.0,94.1,3658800000000.0,51839507336,155.8,-6.6,3,8,True,False,False,True,True,True,True,True,True,True,True
025560.KS,미래산업,6350.0,94.0,176400000000.0,7114053466,210.7,-52.6,5,6,False,False,False,True,True,True,True,False,True,False,True
078930.KS,GS,120000.0,93.8,11147500000000.0,48317550990,180.4,-9.9,5,8,True,False,False,True,True,True,True,True,True,True,True
198440.KQ,강동씨앤엘,2135.0,93.7,130100000000.0,9868462521,134.6,-27.1,3,7,False,False,False,True,True,True,True,True,True,False,True
198440.KQ,강동씨앤엘,2135.0,93.7,130100000000.0,9868462521,134.6,-27.1,3,7,False,False,False,True,True,True,True,True,True,False,True
006110.KS,삼아알미늄,68300.0,93.5,1032900000000.0,8527846909,259.5,-34.7,5,6,False,False,False,True,True,True,False,True,True,False,True
241710.KQ,코스메카코리아,139400.0,93.4,1488800000000.0,15263917352,145.4,-10.4,5,8,True,False,False,True,True,True,True,True,True,True,True
065170.KQ,비엘팜텍,2220.0,93.3,62000000000.0,7423644525,490.4,-72.8,5,4,False,False,False,False,True,True,False,False,True,False,True
020120.KS,키다리스튜디오,6990.0,93.2,259100000000.0,2258322296,149.6,-4.8,1,8,True,False,False,True,True,True,True,True,True,True,True
222040.KQ,코스맥스엔비티,8650.0,93.1,178400000000.0,3051573109,202.4,-22.8,4,8,True,False,False,True,True,True,True,True,True,True,True
092190.KQ,서울바이오시스,8400.0,93.0,385300000000.0,1474330058,293.4,-56.4,5,7,False,False,False,True,True,True,True,True,True,False,True
475150.KS,SK이터닉스,50900.0,92.9,1734000000000.0,315433293292,195.8,-42.0,5,6,False,False,False,True,True,True,True,False,True,False,True
085910.KQ,네오티스,14890.0,92.7,205400000000.0,3701582648,381.9,-59.0,5,4,False,False,False,False,True,True,False,False,True,False,True
003010.KS,혜인,9520.0,92.6,121000000000.0,5715528525,142.5,-28.4,1,7,False,False,False,True,True,True,True,True,True,False,True
319400.KQ,현대무벡스,21700.0,92.5,2416900000000.0,39378241729,403.5,-56.9,5,4,False,False,False,False,True,True,False,False,True,False,True
085620.KS,미래에셋생명,20450.0,92.4,2764400000000.0,8213924007,200.7,-45.2,5,7,False,False,False,True,True,True,True,True,True,False,True
080580.KQ,오킨스전자,19460.0,92.3,410400000000.0,4679532103,235.5,-29.2,5,6,False,False,False,True,True,True,False,True,True,False,True
098120.KQ,마이크로컨텍솔,41100.0,92.2,341700000000.0,4515036200,165.2,-5.9,5,7,False,False,False,True,True,True,False,True,True,True,True
181710.KS,NHN,68000.0,92.1,2227200000000.0,12230226668,175.9,-13.0,5,8,True,False,False,True,True,True,True,True,True,True,True
007810.KS,코리아써키트,57300.0,92.0,1374200000000.0,23416660887,408.9,-61.4,5,4,False,False,False,False,True,True,False,False,True,False,True
041830.KQ,인바디,58900.0,91.9,794000000000.0,7965009775,126.5,-19.9,5,8,True,False,False,True,True,True,True,True,True,True,True
005930.KS,삼성전자,250500.0,91.8,1464492800000000.0,7796613573360,271.1,-33.1,5,6,False,False,False,True,True,True,True,False,True,False,True
010120.KS,엘에스일렉트릭,195700.0,91.6,29355000000000.0,177376840086,286.8,-41.6,5,6,False,False,False,True,True,True,True,False,True,False,True
011070.KS,LG이노텍,567000.0,91.5,13419200000000.0,206329242540,259.8,-68.3,5,5,False,False,False,False,True,True,True,False,True,False,True
189330.KQ,씨이랩,10660.0,91.4,100000000000.0,8190237954,213.5,-44.2,4,6,False,False,False,True,True,True,True,False,True,False,True
092870.KQ,엑시콘,31050.0,91.3,405200000000.0,5968705443,232.1,-25.5,5,6,False,False,False,True,True,True,False,True,True,False,True
010950.KS,S-Oil,150900.0,91.2,16988700000000.0,57184717244,161.1,-14.8,5,8,True,False,False,True,True,True,True,True,True,True,True
252990.KQ,샘씨엔에스,13530.0,91.1,814700000000.0,9175996338,218.0,-20.2,5,8,True,False,False,True,True,True,True,True,True,True,True
034730.KS,SK,545000.0,91.0,39514000000000.0,165672432180,208.1,-38.3,5,6,False,False,False,True,True,True,True,False,True,False,True
417310.KS,코람코더원리츠,2360.0,90.9,95300000000.0,1638267549,3.5,-78.7,5,6,False,False,False,True,True,True,True,True,False,False,True
322000.KS,HD현대에너지솔루션,132600.0,90.8,1485100000000.0,53644111038,221.1,-48.2,5,5,False,False,False,False,True,True,False,True,True,False,True
001450.KS,현대해상,52400.0,90.7,4467000000000.0,22937167906,100.8,-3.0,5,8,True,True,False,True,True,True,True,True,True,True,True
005090.KS,SGC에너지,54400.0,90.5,783900000000.0,8069010920,170.0,-23.1,5,7,False,False,False,True,True,True,False,True,True,True,True
089860.KS,롯데렌탈,50500.0,90.4,1833600000000.0,5392448605,89.5,-4.9,3,8,True,False,False,True,True,True,True,True,True,True,True
170920.KQ,엘티씨,33700.0,90.3,356000000000.0,13834072712,216.1,-44.5,5,5,False,False,False,False,True,True,True,False,True,False,True
019210.KQ,와이지-원,12840.0,90.2,477600000000.0,18010755186,162.0,-54.9,5,5,False,False,False,False,True,True,True,False,True,False,True
192820.KS,코스맥스,285500.0,90.1,3240300000000.0,28454077014,102.5,-6.9,1,8,True,False,False,True,True,True,True,True,True,True,True
032820.KQ,우리기술,10620.0,90.0,1835000000000.0,33899356809,236.6,-64.8,5,4,False,False,False,False,True,True,False,False,True,False,True
052460.KQ,아이크래프트,4650.0,89.9,67900000000.0,3476859370,106.7,-46.0,2,7,False,False,False,True,True,True,True,True,True,False,True
446540.KQ,메가터치,7340.0,89.8,213400000000.0,1707141825,126.2,-33.2,5,7,False,False,False,True,True,True,True,True,True,False,True
121440.KQ,골프존홀딩스,7610.0,89.7,326000000000.0,2608356413,86.1,-8.9,2,8,True,False,False,True,True,True,True,True,True,True,True
123330.KQ,제닉,34800.0,89.6,277300000000.0,8868097119,123.5,-10.5,1,8,True,False,False,True,True,True,True,True,True,True,True
010060.KS,OCI홀딩스,241000.0,89.5,4499500000000.0,71621039650,189.0,-41.8,5,7,False,False,False,True,True,True,True,True,True,False,True
119850.KQ,지엔씨에너지,41850.0,89.3,688400000000.0,34944252810,128.1,-27.8,2,7,False,False,False,True,True,True,True,True,True,False,True
079940.KQ,가비아,44650.0,89.2,599200000000.0,1218560596,100.7,-6.8,5,8,True,False,False,True,True,True,True,True,True,True,True
037460.KQ,삼지전자,30300.0,89.1,494500000000.0,3221810822,178.0,-53.0,5,5,False,False,False,False,True,True,True,False,True,False,True
007340.KS,DN오토모티브,45150.0,89.0,2641800000000.0,10759693616,109.5,-33.1,5,7,False,False,False,True,True,True,True,True,True,False,True
031330.KQ,에스에이엠티,7890.0,88.9,789000000000.0,10971439856,175.9,-60.5,5,5,False,False,False,False,True,True,True,False,True,False,True
084370.KQ,유진테크,133500.0,88.8,3059300000000.0,30702030060,200.0,-42.3,5,6,False,False,False,True,True,True,True,False,True,False,True
413630.KQ,씨피시스템,4155.0,88.7,151400000000.0,24540678991,183.2,-32.9,5,5,False,False,False,True,False,True,False,True,True,False,True
093370.KS,후성,12530.0,88.6,1343900000000.0,50511607254,129.9,-46.8,5,7,False,False,False,True,True,True,True,True,True,False,True
356860.KQ,티엘비,39600.0,88.5,938600000000.0,17723005300,244.3,-38.8,5,6,False,False,False,True,True,True,False,True,True,False,True
240810.KQ,원익IPS,109700.0,88.4,5384500000000.0,187460297694,195.3,-41.6,5,4,False,False,False,False,True,True,False,False,True,False,True
083450.KQ,GST,44450.0,88.2,819200000000.0,7600680499,144.9,-37.2,5,6,False,False,False,True,True,True,True,False,True,False,True
066570.KS,LG전자,200500.0,88.1,32658400000000.0,252284621596,178.5,-54.2,5,7,False,False,False,True,True,True,True,True,True,False,True
011560.KQ,세보엠이씨,24550.0,88.0,247600000000.0,1303755257,108.4,-16.2,5,8,True,False,False,True,True,True,True,True,True,True,True
058610.KQ,에스피지,85300.0,87.9,1891700000000.0,51265520948,279.1,-48.5,5,4,False,False,False,False,True,True,False,False,True,False,True
013700.KS,까뮤이앤씨,1730.0,87.8,103400000000.0,1263711886,73.5,-13.7,5,8,True,False,False,True,True,True,True,True,True,True,True
396300.KQ,세아메카닉스,5720.0,87.7,151500000000.0,7862456041,152.0,-22.1,5,7,False,False,False,True,True,True,False,True,True,True,True
088350.KS,한화생명,5770.0,87.6,5011400000000.0,18878311330,96.9,-23.7,5,7,False,False,False,True,True,True,False,True,True,True,True
024850.KQ,HLB이노베이션,15690.0,87.5,498200000000.0,2697698843,114.9,-46.1,5,5,False,False,False,False,True,True,False,True,True,False,True
236200.KQ,슈프리마,54700.0,87.4,381500000000.0,1504086010,81.1,-15.8,5,8,True,False,False,True,True,True,True,True,True,True,True
006400.KS,삼성SDI,538000.0,87.3,43355000000000.0,232225309680,173.4,-25.6,5,6,False,False,False,True,True,True,False,True,True,False,True
281820.KS,케이씨텍,65100.0,87.1,1288900000000.0,20981676756,111.0,-47.8,5,6,False,False,False,True,True,True,True,False,True,False,True
006360.KS,GS건설,32250.0,87.0,2760000000000.0,86947945020,81.3,-28.1,5,7,False,False,False,True,True,True,True,True,True,False,True
095340.KQ,ISC,170500.0,86.9,3614100000000.0,37692444268,209.4,-41.7,5,5,False,False,False,False,True,True,False,True,True,False,True
091580.KQ,상신이디피,20900.0,86.8,278600000000.0,3558746768,120.5,-33.8,5,6,False,False,False,True,True,True,False,True,True,False,True
000370.KS,한화손해보험,8580.0,86.7,1001600000000.0,3970882148,69.9,-20.6,1,7,False,False,False,True,True,True,False,True,True,True,True
298000.KS,효성화학,56000.0,86.6,212300000000.0,5326521745,44.0,-36.0,3,6,False,False,False,True,True,True,True,False,True,False,True
403870.KQ,HPSP,50400.0,86.5,4147900000000.0,146829057058,104.0,-45.2,5,6,False,False,False,True,True,True,False,True,True,False,True
067310.KQ,하나마이크론,35350.0,86.4,2350500000000.0,69174443810,209.8,-39.6,5,4,False,False,False,False,True,True,False,False,True,False,True
377450.KQ,리파인,16800.0,86.3,291100000000.0,1958209825,99.5,-7.4,1,6,False,False,False,True,False,True,False,True,True,True,True
278470.KS,에이피알,419000.0,86.2,15686600000000.0,109828435190,105.4,-11.8,5,8,True,False,False,True,True,True,True,True,True,True,True
003160.KS,디아이,30600.0,86.0,866000000000.0,7727416178,145.2,-26.6,5,6,False,False,False,True,True,True,False,True,True,False,True
004310.KS,현대약품,7570.0,85.9,242200000000.0,23715890731,116.3,-52.6,5,5,False,False,False,False,True,True,False,True,True,False,True
036710.KQ,심텍홀딩스,3985.0,85.8,210500000000.0,1474388809,170.4,-38.7,0,6,False,False,False,True,True,False,True,True,True,False,True
290550.KQ,디케이티,15550.0,85.7,311000000000.0,6567239069,133.5,-55.5,5,4,False,False,False,False,True,True,False,False,True,False,True
064760.KQ,티씨케이,247000.0,85.6,2761300000000.0,17184736120,143.8,-29.1,5,6,False,False,False,True,True,True,False,True,True,False,True
144960.KQ,뉴파워프라즈마,8770.0,85.5,383200000000.0,13103026400,86.2,-34.0,5,6,False,False,False,True,True,True,True,False,True,False,True
032830.KS,삼성생명,294000.0,85.4,58800000000000.0,162473369850,132.0,-43.1,5,6,False,False,False,True,True,True,True,False,True,False,True
270520.KQ,앱튼,2675.0,85.3,62000000000.0,1324277086,266.4,-78.7,0,2,False,False,False,False,False,False,False,False,True,False,True
388790.KQ,라이콤,4030.0,85.2,123400000000.0,2818494928,91.0,-56.8,5,4,False,False,False,False,True,True,False,False,True,False,True
000650.KS,천일고속,148900.0,85.1,212800000000.0,1310438210,304.6,-71.3,5,3,False,False,False,False,False,True,False,False,True,False,True
036170.KQ,에이치엠넥스,2220.0,85.0,136200000000.0,1070184767,177.2,-78.3,5,4,False,False,False,False,True,True,False,False,True,False,True
005830.KS,DB손해보험,190900.0,84.8,12504000000000.0,36732069954,61.6,-10.8,5,7,False,False,False,True,True,True,False,True,True,True,True
375500.KS,DL이앤씨,70000.0,84.7,2708600000000.0,24284950908,82.1,-34.3,5,6,False,False,False,True,True,True,False,True,True,False,True
003350.KS,한국화장품제조,13300.0,84.6,301400000000.0,12099013250,97.0,-15.2,1,6,False,False,False,True,False,True,False,True,True,True,True
332570.KQ,PS일렉트로닉스,7960.0,84.5,371800000000.0,29796510533,108.1,-46.9,5,6,False,False,False,True,True,True,False,True,True,False,True
076610.KQ,해성옵틱스,1208.0,84.4,71600000000.0,2197173335,149.1,-58.8,5,5,False,False,False,False,True,True,False,True,True,False,True
014910.KS,성문전자,2170.0,84.3,47400000000.0,2325771534,108.9,-47.7,5,7,False,False,False,True,True,True,True,True,True,False,True
073240.KS,금호타이어,7130.0,84.2,2048200000000.0,52732425640,69.0,-19.4,2,8,True,False,False,True,True,True,True,True,True,True,True
073240.KS,금호타이어,7130.0,84.2,2048200000000.0,52732425640,69.0,-19.4,2,8,True,False,False,True,True,True,True,True,True,True,True
029460.KS,케이씨,37400.0,84.0,412200000000.0,1362123337,79.4,-13.0,5,7,False,False,False,True,True,True,False,True,True,True,True
093320.KQ,케이아이엔엑스,135700.0,83.9,662200000000.0,1891719070,70.5,-17.1,5,8,True,False,False,True,True,True,True,True,True,True,True
086790.KS,하나금융지주,134900.0,83.7,37012200000000.0,109720088712,67.6,-5.3,5,8,True,False,False,True,True,True,True,True,True,True,True
092730.KQ,네오팜,23850.0,83.6,382300000000.0,1492735179,53.0,-8.3,2,8,True,False,False,True,True,True,True,True,True,True,True
008060.KS,대덕,15500.0,83.5,485000000000.0,1424862918,101.3,-36.3,5,7,False,False,False,True,True,True,True,True,True,False,True
004170.KS,신세계,386500.0,83.4,3650600000000.0,48348487170,140.4,-51.2,5,5,False,False,False,False,True,True,True,False,True,False,True
028260.KS,삼성물산,373000.0,83.3,60488500000000.0,217457644190,140.2,-34.0,5,6,False,False,False,True,True,True,True,False,True,False,True
077360.KQ,덕산하이메탈,9950.0,83.2,452100000000.0,6946099802,130.9,-52.8,5,5,False,False,False,False,True,True,False,True,True,False,True
055550.KS,신한지주,110500.0,83.1,51874300000000.0,132607432132,73.7,-3.0,5,8,True,True,False,True,True,True,True,True,True,True,True
033790.KQ,피노,7850.0,83.0,654100000000.0,6137656442,127.9,-59.0,5,5,False,False,False,False,True,True,False,True,True,False,True
122350.KQ,삼기,1637.0,82.9,62800000000.0,9878692372,95.8,-30.2,2,7,False,False,False,True,True,True,True,True,True,False,True
058730.KS,다스코,3940.0,82.8,79800000000.0,31842599924,73.6,-32.1,2,7,False,False,False,True,True,True,True,True,True,False,True
058730.KS,다스코,3940.0,82.8,79800000000.0,31842599924,73.6,-32.1,2,7,False,False,False,True,True,True,True,True,True,False,True
053610.KQ,프로텍,58500.0,82.5,526500000000.0,2365330721,126.7,-42.6,5,4,False,False,False,False,True,True,False,False,True,False,True
138080.KQ,오이솔루션,21500.0,82.4,266100000000.0,6461318371,150.0,-62.9,5,4,False,False,False,False,True,True,False,False,True,False,True
138080.KQ,오이솔루션,21500.0,82.4,266100000000.0,6461318371,150.0,-62.9,5,4,False,False,False,False,True,True,False,False,True,False,True
126730.KQ,코칩,21400.0,82.2,187700000000.0,10426968319,129.9,-41.4,1,6,False,False,False,True,True,True,False,True,True,False,True
280360.KS,롯데웰푸드,148600.0,82.1,1367800000000.0,3793625422,65.1,-4.1,1,6,False,False,False,True,False,True,False,True,True,True,True
017890.KQ,한국알콜,13990.0,82.0,289200000000.0,1269130196,58.3,-14.0,5,8,True,False,False,True,True,True,True,True,True,True,True
005180.KS,빙그레,92800.0,81.9,860200000000.0,5707456600,50.9,-3.3,1,7,False,False,False,True,True,True,False,True,True,True,True
041960.KQ,코미팜,8680.0,81.8,641300000000.0,1930615218,65.3,-19.6,5,7,False,False,False,True,True,True,False,True,True,True,True
008930.KS,한미사이언스,47800.0,81.7,3269100000000.0,14410954622,86.7,-16.9,1,6,False,False,False,True,False,True,False,True,True,True,True
122640.KQ,예스티,27000.0,81.5,584600000000.0,17772601975,77.6,-38.6,5,6,False,False,False,True,True,True,True,False,True,False,True
265740.KQ,엔에프씨,7080.0,81.4,126500000000.0,1980485908,76.1,-28.1,1,6,False,False,False,True,True,True,False,True,True,False,True
012200.KS,계양전기,3535.0,81.3,96200000000.0,4677263576,166.6,-75.2,5,4,False,False,False,False,True,True,False,False,True,False,True
298040.KS,효성중공업,2765000.0,81.2,25782400000000.0,150250405320,157.7,-41.7,5,4,False,False,False,False,True,True,False,False,True,False,True
160980.KQ,싸이맥스,24450.0,81.1,267100000000.0,6100401391,106.9,-48.9,5,5,False,False,False,False,True,True,True,False,True,False,True
042700.KS,한미반도체,213500.0,81.0,20349200000000.0,184838657112,162.3,-49.9,5,4,False,False,False,False,True,True,False,False,True,False,True
038500.KQ,삼표시멘트,7300.0,80.9,787800000000.0,5609415255,152.6,-68.9,5,4,False,False,False,False,True,True,False,False,True,False,True
175330.KS,JB금융지주,30550.0,80.8,5698200000000.0,11487749963,40.8,-20.6,5,7,False,False,False,True,True,True,False,True,True,True,True
039030.KQ,이오테크닉스,402000.0,80.7,4952500000000.0,55593493220,113.0,-35.5,5,5,False,False,False,False,True,True,False,True,True,False,True
131970.KQ,두산테스나,78200.0,80.6,1511400000000.0,24801156620,136.6,-60.3,5,4,False,False,False,False,True,True,False,False,True,False,True
368770.KQ,파이버프로,11800.0,80.5,387700000000.0,2355719467,123.5,-60.6,5,4,False,False,False,False,True,True,False,False,True,False,True
251970.KQ,펌텍코리아,56900.0,80.3,705600000000.0,4388733465,81.2,-18.9,1,6,False,False,False,True,False,True,False,True,True,True,True
108490.KQ,로보티즈,247000.0,80.2,3622800000000.0,50391095438,229.3,-46.8,5,5,False,False,False,False,True,True,False,True,True,False,True
000810.KS,삼성화재해상보험,657000.0,80.1,29333400000000.0,76102607640,56.8,-13.2,5,8,True,False,False,True,True,True,True,True,True,True,True
028050.KS,삼성E&A,43700.0,80.0,8565200000000.0,94936120341,88.8,-35.1,5,5,False,False,False,False,True,True,True,False,True,False,True
365270.KQ,큐라클,9950.0,79.9,220500000000.0,1254276666,176.4,-52.0,5,4,False,False,False,False,True,True,False,False,True,False,True
035890.KQ,서희건설,2200.0,79.8,456700000000.0,1155190720,35.6,-45.0,4,7,False,False,False,True,True,True,True,True,True,False,True
382800.KQ,지앤비에스 에코,4965.0,79.7,158000000000.0,3142982588,94.7,-51.1,5,5,False,False,False,False,True,True,False,True,True,False,True
105560.KS,KB금융,169100.0,79.6,59977700000000.0,224647427330,59.8,-13.1,5,8,True,False,False,True,True,True,True,True,True,True,True
257720.KQ,실리콘투,50900.0,79.5,3337800000000.0,50724991776,70.5,-9.3,1,6,False,False,False,True,False,True,False,True,True,True,True
307180.KQ,아이엘,5590.0,79.4,206400000000.0,1988899782,132.9,-46.2,5,5,False,False,False,False,True,True,False,True,True,False,True
019010.KQ,베뉴지,4535.0,79.2,218600000000.0,2339542136,101.1,-37.9,5,5,False,False,False,False,True,True,False,True,True,False,True
307950.KS,현대오토에버,385500.0,79.1,10571900000000.0,42606041230,161.2,-63.8,5,4,False,False,False,False,True,True,False,False,True,False,True
001540.KQ,안국약품,10980.0,79.0,143200000000.0,1088557620,50.8,-19.6,5,7,False,False,False,True,True,True,True,False,True,True,True
033160.KQ,엠케이전자,14430.0,78.9,354500000000.0,15892409772,87.4,-61.0,5,4,False,False,False,False,True,True,False,False,True,False,True
047770.KQ,코데즈컴바인,3950.0,78.8,149500000000.0,6939077768,110.3,-33.7,5,6,False,False,False,True,True,True,False,True,True,False,True
003690.KS,코리안리,14850.0,78.7,2624300000000.0,4332471500,48.4,-4.2,5,8,True,False,False,True,True,True,True,True,True,True,True
028670.KS,팬오션,5510.0,78.6,2945500000000.0,17373475115,58.1,-16.5,5,8,True,False,False,True,True,True,True,True,True,True,True
311320.KQ,지오엘리먼트,8510.0,78.5,107300000000.0,1082374380,66.5,-28.6,5,6,False,False,False,True,True,True,True,False,True,False,True
082920.KQ,비츠로셀,26800.0,78.4,1209700000000.0,12130627518,114.8,-60.5,5,4,False,False,False,False,True,True,False,False,True,False,True
101160.KQ,월덱스,29700.0,78.3,490400000000.0,2950005156,48.1,-16.1,5,7,False,False,False,True,True,True,False,True,True,True,True
194370.KS,제이에스코퍼레이션,13150.0,78.1,381600000000.0,1223257817,38.4,-18.3,5,8,True,False,False,True,True,True,True,True,True,True,True
448900.KQ,한국피아이엠,46150.0,78.0,280300000000.0,5630974594,308.4,-74.1,5,4,False,False,False,False,True,True,False,False,True,False,True
217730.KQ,강스템바이오텍,2265.0,77.9,213000000000.0,1903040387,109.7,-51.7,5,4,False,False,False,False,True,True,False,False,True,False,True
282330.KS,BGF리테일,149900.0,77.8,2590900000000.0,9632672056,48.1,-4.3,5,8,True,False,False,True,True,True,True,True,True,True,True
005950.KS,이수화학,11300.0,77.7,297100000000.0,8793783479,123.3,-37.2,5,6,False,False,False,True,True,True,True,False,True,False,True
316140.KS,우리금융지주,34500.0,77.6,25419100000000.0,68658924975,45.3,-16.9,5,7,False,False,False,True,True,True,False,True,True,True,True
483650.KS,달바글로벌,202000.0,77.5,2530200000000.0,41190168056,73.8,-28.6,5,6,False,False,False,True,True,True,True,False,True,False,True
079550.KS,LIG디펜스앤에어로스페이스,655000.0,77.4,14410000000000.0,108871666340,81.9,-41.4,5,4,False,False,False,False,True,True,False,False,True,False,True
054940.KQ,엑사이엔씨,4070.0,77.3,27000000000.0,1446161573,435.5,-21.0,2,7,False,False,False,True,True,True,False,True,True,True,True
489460.KQ,바이오비쥬,11500.0,77.2,169700000000.0,1307914544,105.0,-33.6,0,4,False,False,False,True,False,False,False,True,True,False,True
000720.KS,현대건설,112600.0,77.0,12538700000000.0,73072984224,108.1,-43.2,5,5,False,False,False,False,True,True,False,True,True,False,True
900290.KQ,GRT,4200.0,76.9,350700000000.0,2076988010,98.1,-43.9,1,6,False,False,False,True,True,True,False,True,True,False,True
183300.KQ,코미코,26350.0,76.8,1353400000000.0,10616180460,85.6,-52.7,5,4,False,False,False,False,True,True,False,False,True,False,True
098460.KQ,고영,28050.0,76.7,1913100000000.0,32553758902,107.0,-37.7,5,4,False,False,False,False,True,True,False,False,True,False,True
476060.KQ,온코닉테라퓨틱스,16800.0,76.6,762900000000.0,10713049949,196.7,-41.9,0,3,False,False,False,False,False,False,False,True,True,False,True
125020.KQ,티씨머티리얼즈,6170.0,76.5,216200000000.0,3788157706,106.4,-40.7,4,6,False,False,False,True,True,True,False,True,True,False,True
003550.KS,LG,118500.0,76.4,17916300000000.0,36949693126,69.0,-36.3,5,7,False,False,False,True,True,True,True,True,True,False,True
452260.KS,한화갤러리아,2100.0,76.3,407100000000.0,2540469793,110.2,-49.0,5,5,False,False,False,False,True,True,False,True,True,False,True
005430.KS,한국공항,81200.0,76.2,257100000000.0,1293820096,49.8,-15.3,5,7,False,False,False,True,True,True,True,False,True,True,True
014990.KS,인디에프,4170.0,76.1,62600000000.0,1889282295,196.6,-39.8,0,4,False,False,False,True,False,False,False,True,True,False,True
017670.KS,SK텔레콤,91400.0,76.0,19631800000000.0,132671018026,77.8,-34.5,5,7,False,False,False,True,True,True,True,True,True,False,True
007070.KS,GS리테일,25950.0,75.8,2169600000000.0,4957260969,62.7,-13.4,5,8,True,False,False,True,True,True,True,True,True,True,True
171090.KQ,선익시스템,70600.0,75.7,715000000000.0,3431585308,107.6,-51.0,5,5,False,False,False,False,True,True,False,True,True,False,True
138360.KQ,앤로보틱스,1688.0,75.6,148500000000.0,2402288547,131.9,-66.1,5,4,False,False,False,False,True,True,False,False,True,False,True
006260.KS,LS,296500.0,75.5,9250800000000.0,55799539940,99.5,-50.9,5,4,False,False,False,False,True,True,False,False,True,False,True
072950.KQ,빛샘전자,8440.0,75.4,68000000000.0,3370393381,83.5,-67.2,5,5,False,False,False,False,True,True,False,True,True,False,True
045100.KQ,한양이엔지,29800.0,75.3,521500000000.0,4353743921,67.0,-24.4,5,5,False,False,False,False,True,True,False,False,True,True,True
298020.KS,효성티앤씨,345000.0,75.2,1493100000000.0,6764233900,73.4,-38.1,5,5,False,False,False,False,True,True,False,True,True,False,True
059120.KQ,아진엑스텍,6160.0,75.1,112800000000.0,7095507644,102.3,-57.5,5,5,False,False,False,False,True,True,False,True,True,False,True
084670.KS,동양고속,23700.0,75.0,68600000000.0,2550725600,230.5,-86.3,5,3,False,False,False,False,False,True,False,False,True,False,True
003230.KS,삼양식품,1475000.0,74.9,11111200000000.0,73702165020,50.4,-11.4,1,6,False,False,False,True,False,True,False,True,True,True,True
139130.KS,iM금융지주,18860.0,74.7,2986700000000.0,8687123015,44.5,-14.3,5,7,False,False,False,True,True,True,False,True,True,True,True
086450.KQ,동국제약,21850.0,74.6,988300000000.0,7597004156,34.4,-30.1,5,6,False,False,False,True,True,True,False,True,True,False,True
009420.KS,한올바이오파마,55000.0,74.5,2873200000000.0,26272380651,96.1,-24.7,5,7,False,False,False,True,True,True,True,False,True,True,True
003490.KS,대한항공,28900.0,74.4,10641600000000.0,77077096059,37.6,-7.4,5,8,True,False,False,True,True,True,True,True,True,True,True
412350.KQ,레이저쎌,4835.0,74.3,70600000000.0,2448081642,207.4,-67.0,5,5,False,False,False,False,True,True,False,True,True,False,True
018000.KQ,유니슨,1265.0,74.2,328300000000.0,3521689007,85.8,-29.5,0,4,False,False,False,True,False,False,False,True,True,False,True
425420.KQ,티에프이,48500.0,74.1,598800000000.0,3808141363,106.4,-37.6,0,5,False,False,False,True,True,False,False,True,True,False,True
204620.KQ,글로벌텍스프리,5800.0,74.0,407600000000.0,4638557947,46.6,-19.8,0,5,False,False,False,True,False,False,False,True,True,True,True
049080.KQ,기가레인,7830.0,73.9,66500000000.0,10395125564,118.7,-74.9,5,4,False,False,False,False,True,True,False,False,True,False,True
004800.KS,효성,159800.0,73.8,2675100000000.0,4110816940,97.5,-49.7,5,5,False,False,False,False,True,True,False,True,True,False,True
051160.KQ,지어소프트,9110.0,73.6,141000000000.0,1226180084,45.3,-21.7,1,8,True,False,False,True,True,True,True,True,True,True,True
044490.KQ,태웅,37250.0,73.5,745300000000.0,5808206317,86.4,-39.2,1,6,False,False,False,True,True,True,False,True,True,False,True
187660.KQ,페니트리움바이오,4760.0,73.4,304500000000.0,3736190018,159.7,-77.9,5,5,False,False,False,False,True,True,False,True,True,False,True
001800.KS,오리온홀딩스,25550.0,73.3,1537000000000.0,2202834042,39.2,-14.7,5,8,True,False,False,True,True,True,True,True,True,True,True
212560.KQ,네오오토,8720.0,73.2,117600000000.0,2509693649,74.6,-45.8,5,5,False,False,False,False,True,True,True,False,True,False,True
096530.KQ,씨젠,32100.0,73.1,1676500000000.0,9678953536,47.9,-10.2,3,8,True,False,False,True,True,True,True,True,True,True,True
064850.KQ,에프앤가이드,15750.0,73.0,179700000000.0,1220171168,99.4,-57.4,5,4,False,False,False,False,True,True,False,False,True,False,True
001510.KS,SK증권,2430.0,72.9,562000000000.0,13785701029,99.5,-60.7,5,5,False,False,False,False,True,True,False,True,True,False,True
242040.KQ,나무기술,3095.0,72.8,107100000000.0,2057249204,136.6,-72.1,5,4,False,False,False,False,True,True,False,False,True,False,True
004770.KS,써니전자,1865.0,72.7,66200000000.0,1814382906,31.5,-28.0,2,7,False,False,False,True,True,True,True,True,True,False,True
200470.KQ,에이팩트,6070.0,72.5,266000000000.0,4643016848,142.8,-53.7,5,5,False,False,False,False,True,True,False,True,True,False,True
124500.KQ,아이티센글로벌,33750.0,72.4,783200000000.0,13102969057,141.2,-55.3,5,5,False,False,False,False,True,True,False,True,True,False,True
004430.KS,송원산업,11330.0,72.3,271900000000.0,2196828340,33.8,-32.3,2,6,False,False,False,True,True,True,True,False,True,False,True
166090.KQ,하나머티리얼즈,50100.0,72.2,990900000000.0,9912285675,113.6,-43.0,5,4,False,False,False,False,True,True,False,False,True,False,True
090430.KS,아모레퍼시픽,142300.0,72.1,8323500000000.0,45724437106,51.4,-15.8,2,7,False,False,False,True,True,True,False,True,True,True,True
077500.KS,유니퀘스트,7570.0,72.0,163500000000.0,1127292991,85.8,-20.5,0,6,False,False,False,True,True,False,False,True,True,True,True
033640.KQ,네패스,22450.0,71.9,517700000000.0,3989093372,112.2,-45.4,5,5,False,False,False,False,True,True,False,True,True,False,True
180640.KS,한진칼,139100.0,71.8,9286600000000.0,14088726436,49.4,-20.9,3,7,False,False,False,True,True,True,False,True,True,True,True
161390.KS,한국타이어앤테크놀로지,65600.0,71.7,8126200000000.0,23572333464,74.2,-16.3,5,7,False,False,False,True,True,True,True,False,True,True,True
053260.KQ,금강철강,5430.0,71.6,101600000000.0,3480458972,46.0,-33.2,5,7,False,False,False,True,True,True,True,True,True,False,True
067170.KQ,오텍,2495.0,71.5,68500000000.0,3176876093,51.2,-52.0,4,7,False,False,False,True,True,True,True,True,True,False,True
340570.KQ,티앤엘,29900.0,71.3,480500000000.0,3095025971,38.7,-16.5,4,8,True,False,False,True,True,True,True,True,True,True,True
094170.KQ,동운아나텍,31000.0,71.2,648200000000.0,3478476310,90.4,-45.0,5,4,False,False,False,False,True,True,False,False,True,False,True
308080.KQ,바이젠셀,6180.0,71.1,126700000000.0,1336067772,101.3,-64.4,5,4,False,False,False,False,False,True,False,True,True,False,True
138040.KS,메리츠금융지주,129800.0,71.0,21721700000000.0,33187663204,32.4,-13.4,1,8,True,False,False,True,True,True,True,True,True,True,True
037710.KS,광주신세계,35700.0,70.9,272300000000.0,18728824291,22.7,-40.1,5,4,False,False,False,False,True,True,True,False,False,False,True
037710.KS,광주신세계,35700.0,70.9,272300000000.0,18728824291,22.7,-40.1,5,4,False,False,False,False,True,True,True,False,False,False,True
062040.KS,산일전기,183800.0,70.7,5632200000000.0,52430345880,80.7,-46.1,5,5,False,False,False,False,True,True,False,True,True,False,True
018260.KS,삼성에스디에스,233000.0,70.6,18029000000000.0,67384354028,62.1,-40.0,5,7,False,False,False,True,True,True,True,True,True,False,True
218410.KQ,RFHIC,47500.0,70.5,1262300000000.0,16586870218,106.5,-62.6,5,4,False,False,False,False,True,True,False,False,True,False,True
100790.KQ,미래에셋벤처투자,14740.0,70.4,783000000000.0,12731751581,149.8,-79.2,5,4,False,False,False,False,True,True,False,False,True,False,True
439090.KQ,마녀공장,16230.0,70.2,266100000000.0,7265074898,46.7,-23.6,1,7,False,False,False,True,True,True,True,False,True,True,True
005440.KS,현대지에프홀딩스,11850.0,70.1,2173300000000.0,3960370222,65.7,-40.1,5,4,False,False,False,False,True,True,False,False,True,False,True
001120.KS,LX인터내셔널,39500.0,70.0,1531000000000.0,3849791757,38.8,-31.5,5,5,False,False,False,False,True,True,False,True,True,False,True
096770.KS,SK이노베이션,131500.0,69.9,22230400000000.0,103311107666,49.9,-15.4,2,6,False,False,False,True,True,True,False,True,True,True,False
090360.KQ,로보스타,72300.0,69.8,704900000000.0,13809015334,189.8,-57.9,5,3,False,False,False,False,True,True,False,False,True,False,False
120110.KS,코오롱인더,56300.0,69.7,1686000000000.0,10812695275,66.8,-46.3,5,4,False,False,False,False,True,True,False,True,True,False,False
089030.KQ,테크윙,47350.0,69.6,1754500000000.0,53036489799,78.7,-36.0,0,3,False,False,False,False,True,False,False,True,True,False,False
127120.KQ,제이에스링크,30700.0,69.5,1124700000000.0,5145009439,121.5,-38.5,5,3,False,False,False,False,True,True,False,False,True,False,False
000210.KS,DL,51200.0,69.4,1072900000000.0,4201470405,51.0,-34.1,5,4,False,False,False,False,True,True,False,True,True,False,False
330860.KQ,네패스아크,24300.0,69.3,296100000000.0,7747720977,82.0,-61.7,5,3,False,False,False,False,True,True,False,False,True,False,False
294870.KS,IPARK현대산업개발,22800.0,69.1,1502700000000.0,4038648834,34.9,-9.0,1,6,False,False,False,True,True,True,False,True,True,True,False
078340.KQ,컴투스,34050.0,69.0,411700000000.0,3017872325,51.7,-19.3,0,5,False,False,False,True,True,False,False,True,True,True,False
347700.KQ,스피어,19310.0,68.9,995500000000.0,27975090794,173.9,-66.3,5,3,False,False,False,False,True,True,False,False,True,False,False
234340.KQ,헥토파이낸셜,23000.0,68.8,321300000000.0,8766118678,62.2,-48.9,5,4,False,False,False,False,True,True,False,True,True,False,False
051900.KS,LG생활건강,297000.0,68.7,4447700000000.0,24692636470,41.4,-11.5,1,5,False,False,False,True,False,True,False,True,True,True,False
033780.KS,케이티앤지,174400.0,68.6,18104500000000.0,48706653602,34.5,-9.4,5,6,False,False,False,True,True,True,True,False,True,True,False
356680.KQ,엑스게이트,11150.0,68.5,318300000000.0,17293843369,82.8,-63.5,5,4,False,False,False,False,True,True,True,False,True,False,False
030530.KQ,원익홀딩스,17440.0,68.4,1347000000000.0,18620322545,212.0,-65.5,0,1,False,False,False,False,False,False,False,False,True,False,False
475830.KQ,오름테라퓨틱,56300.0,68.3,1222800000000.0,7764586681,148.6,-61.6,5,3,False,False,False,False,False,True,False,True,True,False,False
004490.KS,세방전지,65500.0,68.2,907800000000.0,3215204969,39.7,-15.7,0,4,False,False,False,True,False,False,False,True,True,True,False
048550.KQ,SM C&C,1195.0,68.0,115600000000.0,1357630151,53.8,-37.1,2,2,False,False,False,False,False,True,False,False,True,False,False
033240.KS,자화전자,29850.0,67.9,644900000000.0,3004210460,79.8,-50.2,5,4,False,False,False,False,True,True,False,True,True,False,False
460860.KS,동국제강,10290.0,67.8,510500000000.0,1751501480,32.6,-41.9,1,5,False,False,False,True,True,True,False,True,True,False,False
023530.KS,롯데쇼핑,105300.0,67.7,2978800000000.0,20927374652,67.9,-50.1,5,4,False,False,False,False,True,True,True,False,True,False,False
000400.KS,롯데손해보험,2090.0,67.6,648600000000.0,2089537823,33.2,-36.3,5,6,False,False,False,True,True,True,True,True,True,False,False
003470.KS,유안타증권,4675.0,67.5,900800000000.0,1842818489,41.0,-44.3,5,4,False,False,False,False,True,True,False,True,True,False,False
021240.KS,코웨이,98700.0,67.4,6984700000000.0,17573496172,43.5,-9.7,1,7,False,False,False,True,True,True,True,True,True,True,False
271560.KS,오리온,127500.0,67.3,5039900000000.0,15052560434,28.8,-15.1,5,4,False,False,False,False,True,True,True,False,False,True,False
036540.KQ,SFA반도체,5800.0,67.2,953900000000.0,12451607377,81.5,-50.2,5,4,False,False,False,False,True,True,False,True,True,False,False
004370.KS,농심,437500.0,67.1,2661200000000.0,12429563660,37.1,-24.4,0,4,False,False,False,True,False,False,False,True,True,True,False
355150.KQ,코스텍시스,18820.0,67.0,146700000000.0,2009052331,105.0,-70.6,5,3,False,False,False,False,True,True,False,False,True,False,False
000150.KS,두산,1121000.0,66.8,18153300000000.0,96309201920,139.5,-55.0,5,3,False,False,False,False,True,True,False,False,True,False,False
006910.KQ,보성파워텍,6830.0,66.7,335600000000.0,8702400222,109.5,-62.5,5,4,False,False,False,False,True,True,False,True,True,False,False
000990.KS,DB하이텍,89200.0,66.6,3880600000000.0,56878670838,110.1,-61.3,5,3,False,False,False,False,True,True,False,False,True,False,False
066430.KQ,아이로보틱스,2070.0,66.5,81000000000.0,4366743820,106.6,-59.3,5,3,False,False,False,False,True,True,False,False,True,False,False
114810.KQ,한솔아이원스,13140.0,66.4,369800000000.0,3578056293,86.4,-34.0,0,3,False,False,False,False,True,False,False,True,True,False,False
368600.KQ,아이씨에이치,1077.0,66.3,27800000000.0,1935302372,119.3,-59.8,0,3,False,False,False,True,False,False,False,True,True,False,False
357780.KQ,솔브레인,329500.0,66.2,2563000000000.0,17947130460,64.8,-37.8,5,4,False,False,False,False,True,True,False,True,True,False,False
012630.KS,HDC,22000.0,66.1,1314300000000.0,1464285786,38.8,-28.2,2,4,False,False,False,False,True,True,False,True,True,False,False
002900.KS,TYM,6920.0,66.0,286500000000.0,1572494683,28.6,-30.1,5,4,False,False,False,True,True,True,False,True,False,False,False
053690.KS,한미글로벌,20550.0,65.9,225200000000.0,4498489877,49.6,-40.9,0,3,False,False,False,False,True,False,False,True,True,False,False
079160.KS,CJ CGV,5290.0,65.7,875900000000.0,3086977467,27.5,-20.6,1,4,False,False,False,True,False,True,False,True,False,True,False
187870.KQ,디바이스,10440.0,65.6,144700000000.0,1659043172,94.6,-64.8,5,3,False,False,False,False,True,True,False,False,True,False,False
059090.KQ,미코,18180.0,65.5,607500000000.0,4501149252,60.9,-37.8,1,5,False,False,False,True,True,True,False,True,True,False,False
004710.KS,한솔테크닉스,7580.0,65.4,402600000000.0,8494835457,69.2,-53.9,5,4,False,False,False,False,True,True,True,False,True,False,False
195870.KS,해성디에스,51400.0,65.3,873800000000.0,9505289014,137.4,-52.6,5,3,False,False,False,False,True,True,False,False,True,False,False
128940.KS,한미약품,474000.0,65.2,6072400000000.0,57632674760,72.1,-26.7,5,5,False,False,False,True,True,True,False,True,True,False,False
103590.KS,일진전기,67500.0,65.1,3218800000000.0,23405215082,101.5,-54.4,5,4,False,False,False,False,True,True,False,True,True,False,False
000850.KS,화천기공,35700.0,65.0,78500000000.0,1940179176,21.2,-20.4,5,4,False,False,False,False,True,True,False,True,False,True,False
000850.KS,화천기공,35700.0,65.0,78500000000.0,1940179176,21.2,-20.4,5,4,False,False,False,False,True,True,False,True,False,True,False
306200.KS,세아제강,138500.0,64.8,392800000000.0,1039162322,23.7,-26.7,2,4,False,False,False,True,True,True,False,True,False,False,False
192650.KS,드림텍,6210.0,64.6,409200000000.0,2311234437,74.2,-31.9,0,2,False,False,False,False,False,False,False,True,True,False,False
001790.KS,대한제당,2885.0,64.5,248800000000.0,1320371082,34.2,-11.5,1,5,False,False,False,True,False,True,False,True,True,True,False
032190.KQ,다우데이타,20200.0,64.4,773700000000.0,1562942417,35.1,-35.8,5,4,False,False,False,False,True,True,False,True,True,False,False
013360.KS,일성건설,1490.0,64.3,80500000000.0,2928464646,34.8,-47.3,2,3,False,False,False,False,False,True,False,True,True,False,False
482630.KQ,삼양엔씨켐,12600.0,64.2,275800000000.0,3157026611,68.8,-49.6,5,3,False,False,False,False,True,True,False,False,True,False,False
006120.KS,SK디스커버리,54900.0,64.1,956000000000.0,2163472809,28.4,-19.6,0,3,False,False,False,True,False,False,False,True,False,True,False
214450.KQ,파마리서치,392500.0,64.0,4077900000000.0,75001203380,53.9,-45.0,0,3,False,False,False,True,False,False,False,True,True,False,False
004690.KS,삼천리,135700.0,63.9,492200000000.0,1122207482,26.1,-16.2,1,5,False,False,False,True,True,True,False,True,False,True,False
437730.KQ,삼현,29600.0,63.8,938500000000.0,7693623355,169.1,-61.5,5,2,False,False,False,False,False,True,False,False,True,False,False
078520.KS,에이블씨엔씨,11560.0,63.7,300700000000.0,1354291892,32.7,-31.1,1,5,False,False,False,True,True,True,False,True,True,False,False
090710.KQ,휴림로봇,6140.0,63.5,734100000000.0,14074726524,162.4,-76.9,5,3,False,False,False,False,True,True,False,False,True,False,False
395400.KS,SK리츠,5460.0,63.4,1643600000000.0,1231285462,14.7,-24.2,5,3,False,False,False,False,True,True,False,False,False,True,False
393890.KQ,더블유씨피,10400.0,63.3,352000000000.0,2153323046,88.4,-51.3,5,4,False,False,False,False,True,True,False,True,True,False,False
007660.KS,이수페타시스,112000.0,63.2,8221800000000.0,88746243072,109.0,-31.9,5,3,False,False,False,False,False,True,False,True,True,False,False
950200.KQ,소마젠,3500.0,63.1,67300000000.0,1542029408,47.1,-25.4,0,3,False,False,False,True,False,False,False,True,True,False,False
140410.KQ,메지온,66100.0,63.0,2024100000000.0,8181162088,84.4,-63.3,0,3,False,False,False,False,True,False,False,True,True,False,False
046890.KQ,서울반도체,9790.0,62.9,570800000000.0,3454944419,70.9,-48.4,5,4,False,False,False,False,True,True,False,True,True,False,False
001200.KS,유진증권,4300.0,62.8,416500000000.0,2169219755,38.5,-37.9,5,4,False,False,False,False,True,True,False,True,True,False,False
026940.KS,부국철강,2190.0,62.7,43800000000.0,7296109205,27.0,-53.3,0,1,False,False,False,False,True,False,False,False,False,False,False
026940.KS,부국철강,2190.0,62.7,43800000000.0,7296109205,27.0,-53.3,0,1,False,False,False,False,True,False,False,False,False,False,False
074600.KQ,원익QnC,25400.0,62.5,667700000000.0,8607642803,51.3,-44.1,5,3,False,False,False,False,True,True,False,False,True,False,False
012750.KS,에스원,80200.0,62.3,3047500000000.0,4716699376,20.1,-22.1,1,5,False,False,False,True,True,True,False,True,False,True,False
073490.KQ,LIG아큐버,29300.0,62.2,222800000000.0,2047187693,60.3,-53.1,5,4,False,False,False,False,True,True,False,True,True,False,False
001060.KS,JW중외제약,27750.0,62.1,646200000000.0,1699092777,34.1,-29.3,5,4,False,False,False,False,True,True,False,True,True,False,False
030190.KS,NICE평가정보,15950.0,62.0,939600000000.0,1461100010,22.6,-13.8,1,4,False,False,False,True,False,True,False,True,False,True,False
237880.KQ,클리오,12850.0,61.9,232200000000.0,1743134365,46.0,-16.2,0,4,False,False,False,True,False,False,False,True,True,True,False
083650.KQ,비에이치아이,59600.0,61.8,1844300000000.0,16257684084,79.8,-47.8,1,4,False,False,False,False,True,True,False,True,True,False,False
005880.KS,대한해운,2010.0,61.7,648700000000.0,5102142944,22.6,-40.6,5,3,False,False,False,False,True,True,False,True,False,False,False
078350.KQ,한양디지텍,19590.0,61.6,298600000000.0,3139955349,123.9,-55.8,5,3,False,False,False,False,True,True,False,False,True,False,False
267270.KS,HD건설기계,124700.0,61.5,5975900000000.0,36460924984,46.7,-42.7,5,3,False,False,False,False,True,True,False,False,True,False,False
216080.KQ,제테마,6180.0,61.4,230400000000.0,1066040804,62.6,-45.2,0,3,False,False,False,False,True,False,False,True,True,False,False
012450.KS,한화에어로스페이스,1025000.0,61.2,52852500000000.0,218081313240,30.9,-38.1,1,3,False,False,False,False,True,True,False,False,True,False,False
003380.KQ,하림지주,10700.0,61.1,1198500000000.0,5961499340,51.6,-45.4,5,4,False,False,False,False,True,True,False,True,True,False,False
066970.KS,엘앤에프,124700.0,61.0,5073400000000.0,47335145352,110.6,-44.6,0,3,False,False,False,False,True,False,False,True,True,False,False
007610.KS,선도전기,3990.0,60.9,71800000000.0,5293846301,34.1,-75.9,4,3,False,False,False,False,True,True,False,False,True,False,False
005940.KS,NH투자증권,26050.0,60.8,9617800000000.0,17937210702,42.0,-38.8,5,3,False,False,False,False,True,True,False,False,True,False,False
001430.KS,세아베스틸지주,40200.0,60.7,1441700000000.0,5680585172,74.4,-56.5,5,4,False,False,False,False,True,True,False,True,True,False,False
011200.KS,HMM,20800.0,60.6,19619300000000.0,29804155308,16.1,-16.6,1,6,False,False,False,True,True,True,True,True,False,True,False
010130.KS,고려아연,1216000.0,60.5,25381500000000.0,29671281040,57.7,-44.4,5,4,False,False,False,False,True,True,False,True,True,False,False
049070.KQ,인탑스,17300.0,60.4,272300000000.0,1985327170,33.1,-30.7,5,3,False,False,False,False,True,True,False,False,True,False,False
024110.KS,기업은행,20850.0,60.3,16626300000000.0,22562240953,11.7,-29.4,5,3,False,False,False,False,True,True,False,True,False,False,False
060370.KQ,LS마린솔루션,30550.0,60.1,1595900000000.0,3948595672,41.1,-40.8,5,4,False,False,False,False,True,True,False,True,True,False,False
330350.KQ,위더스제약,7470.0,60.0,98600000000.0,3814328773,26.4,-37.5,1,3,False,False,False,False,True,True,False,True,False,False,False
005850.KS,에스엘,50100.0,59.9,2327100000000.0,5664325263,53.4,-37.0,5,3,False,False,False,False,True,True,False,False,True,False,False
002790.KS,아모레퍼시픽홀딩스,26400.0,59.8,2018500000000.0,2846413916,32.3,-26.6,1,3,False,False,False,False,False,True,False,True,True,False,False
039830.KQ,오로라,16570.0,59.7,178300000000.0,2304319299,83.3,-37.2,0,2,False,False,False,True,False,False,False,False,True,False,False
011780.KS,금호석유화학,127200.0,59.6,3200000000000.0,12057828950,23.7,-21.6,5,4,False,False,False,False,True,True,False,True,False,True,False
289080.KQ,SV인베스트먼트,2310.0,59.5,138900000000.0,2387371633,60.5,-54.1,1,4,False,False,False,False,True,True,False,True,True,False,False
037350.KQ,성도이엔지,7080.0,59.4,107700000000.0,2332209227,56.6,-51.0,5,3,False,False,False,False,True,True,False,False,True,False,False
006920.KQ,모헨즈,3335.0,59.3,36400000000.0,3135619446,24.7,-56.3,5,2,False,False,False,False,True,True,False,False,False,False,False
092790.KS,넥스틸,12680.0,59.2,329700000000.0,4698869856,40.4,-44.9,1,4,False,False,False,False,True,True,False,True,True,False,False
013580.KS,계룡건설산업,21250.0,59.0,189800000000.0,6517360771,30.4,-36.2,5,4,False,False,False,False,True,True,False,True,True,False,False
068270.KS,셀트리온,186300.0,58.9,43336600000000.0,115889538976,17.5,-22.1,5,4,False,False,False,False,True,True,False,True,False,True,False
388050.KQ,지투파워,9160.0,58.8,171400000000.0,10957118698,71.2,-50.4,1,4,False,False,False,False,True,True,False,True,True,False,False
009240.KS,한샘,37750.0,58.7,888400000000.0,1900781534,33.4,-31.1,0,2,False,False,False,False,False,False,False,True,True,False,False
023590.KS,다우기술,38550.0,58.6,1668700000000.0,1739999874,26.8,-38.1,5,3,False,False,False,False,True,True,False,True,False,False,False
066980.KQ,한성크린텍,1538.0,58.5,82700000000.0,4054550065,43.2,-44.0,4,4,False,False,False,False,True,True,True,False,True,False,False
018670.KS,SK가스,230000.0,58.4,2131900000000.0,3263278920,17.3,-23.8,0,3,False,False,False,False,True,False,False,True,False,True,False
203650.KQ,드림시큐리티,2035.0,58.3,207000000000.0,3625577639,45.4,-57.7,5,3,False,False,False,False,True,True,False,False,True,False,False
081660.KS,미스토홀딩스,41350.0,58.2,2195300000000.0,6151729075,14.9,-25.9,5,3,False,False,False,False,True,True,True,False,False,False,False
016380.KS,KG스틸,5440.0,58.1,544000000000.0,1529991641,12.7,-31.1,4,3,False,False,False,False,True,True,False,True,False,False,False
058430.KS,포스코스틸리온,4530.0,58.0,271800000000.0,3434798852,27.2,-56.9,5,2,False,False,False,False,True,True,False,False,False,False,False
001440.KS,대한전선,27550.0,57.8,5399600000000.0,65213395097,86.9,-63.7,5,3,False,False,False,False,True,True,False,False,True,False,False
112610.KS,씨에스윈드,45550.0,57.7,1920900000000.0,20038146044,32.0,-42.6,1,4,False,False,False,False,True,True,False,True,True,False,False
004000.KS,롯데정밀화학,45950.0,57.6,1185500000000.0,2577687800,14.7,-36.0,5,3,False,False,False,False,True,True,False,True,False,False,False
001740.KS,SK네트웍스,6240.0,57.5,1251700000000.0,20599323889,46.0,-61.6,5,4,False,False,False,False,True,True,True,False,True,False,False
214320.KS,이노션,18860.0,57.4,754400000000.0,1461205619,12.7,-16.7,5,4,False,False,False,False,True,True,False,True,False,True,False
323280.KQ,태성,45500.0,57.3,1389500000000.0,12280461876,97.8,-51.6,5,4,False,False,False,False,True,True,False,True,True,False,False
033100.KQ,제룡전기,44250.0,57.2,710800000000.0,8407650411,38.9,-52.8,5,3,False,False,False,False,True,True,False,False,True,False,False
300720.KS,한일시멘트,16390.0,57.1,1205400000000.0,1560385906,29.0,-22.5,0,3,False,False,False,True,False,False,False,True,False,True,False
069080.KQ,웹젠,11450.0,57.0,354600000000.0,1374152224,20.1,-36.4,1,2,False,False,False,False,False,True,False,True,False,False,False
026960.KS,동서,25500.0,56.9,2542400000000.0,2070090065,14.1,-17.6,0,2,False,False,False,False,False,False,False,True,False,True,False
042520.KQ,한스바이오메드,19900.0,56.7,283800000000.0,3953210662,185.5,-65.6,0,2,False,False,False,False,True,False,False,False,True,False,False
253590.KQ,네오셈,11550.0,56.6,506700000000.0,4194798109,72.4,-46.0,0,3,False,False,False,False,True,False,False,True,True,False,False
006800.KS,미래에셋증권,33000.0,56.5,17919700000000.0,75565658492,94.4,-62.4,5,3,False,False,False,False,True,True,False,False,True,False,False
302430.KQ,이노메트리,7410.0,56.4,72900000000.0,1510622298,83.9,-35.8,0,3,False,False,False,True,False,False,False,True,True,False,False
030200.KS,케이티,53800.0,56.3,13558800000000.0,21329220520,11.9,-22.5,5,4,False,False,False,False,True,True,False,True,False,True,False
002380.KS,케이씨씨,479500.0,56.2,4120300000000.0,12800589630,42.7,-30.7,5,4,False,False,False,False,True,True,False,True,True,False,False
002680.KQ,한탑,2615.0,56.1,16900000000.0,1280318195,74.9,-49.2,0,2,False,False,False,False,False,False,False,True,True,False,False
006730.KQ,서부T&D,11420.0,56.0,734000000000.0,5143397992,35.1,-44.2,1,4,False,False,False,False,True,True,False,True,True,False,False
036460.KS,한국가스공사,37000.0,55.9,3415600000000.0,5218074815,18.8,-19.0,0,2,False,False,False,False,False,False,False,True,False,True,False
241560.KS,두산밥캣,60200.0,55.8,5770500000000.0,11600950808,16.0,-24.5,5,3,False,False,False,False,True,True,False,False,False,True,False
012210.KQ,삼미금속,8260.0,55.6,190400000000.0,1848918595,105.5,-60.4,0,3,False,False,False,False,True,False,False,True,True,False,False
008490.KS,서흥,21400.0,55.5,247600000000.0,1283900870,33.7,-32.9,0,3,False,False,False,True,False,False,False,True,True,False,False
192080.KS,더블유게임즈,57500.0,55.4,1217500000000.0,3500232966,22.3,-24.8,4,4,False,False,False,False,True,True,True,False,False,True,False
009970.KS,영원무역홀딩스,168400.0,55.3,2181400000000.0,2627668512,44.1,-35.7,5,3,False,False,False,False,True,True,False,False,True,False,False
039860.KQ,나노엔텍,4140.0,55.2,157700000000.0,1742746793,37.3,-55.9,5,4,False,False,False,False,True,True,False,True,True,False,False
199430.KQ,케이엔알시스템,16570.0,55.1,185500000000.0,3242400661,94.7,-63.4,0,2,False,False,False,False,False,False,False,True,True,False,False
115180.KQ,큐리언트,20500.0,55.0,769500000000.0,3862918713,110.9,-67.4,5,3,False,False,False,False,True,True,False,False,True,False,False
267250.KS,HD현대,209500.0,54.9,16549100000000.0,32609660856,70.0,-37.1,5,3,False,False,False,False,True,True,False,False,True,False,False
013030.KQ,하이록코리아,33200.0,54.8,390700000000.0,1193061472,20.5,-31.0,0,2,False,False,False,False,True,False,False,True,False,False,False
090460.KS,비에이치,20250.0,54.7,682700000000.0,14638876222,62.8,-53.3,1,4,False,False,False,False,True,True,False,True,True,False,False
383220.KS,F&F,67700.0,54.5,2593400000000.0,5852478246,16.7,-23.9,4,4,False,False,False,False,True,True,True,False,False,True,False
178920.KS,PI첨단소재,18930.0,54.4,555900000000.0,1231155605,27.2,-41.1,5,2,False,False,False,False,True,True,False,False,False,False,False
204270.KQ,제이앤티씨,18790.0,54.3,1087000000000.0,8519706062,68.7,-37.6,0,2,False,False,False,False,False,False,False,True,True,False,False
014620.KQ,성광벤드,29750.0,54.2,790100000000.0,4610966919,31.9,-44.2,0,3,False,False,False,False,True,False,False,True,True,False,False
285130.KS,SK케미칼,52200.0,54.1,903000000000.0,3478351607,45.6,-36.2,0,2,False,False,False,False,False,False,False,True,True,False,False
045390.KQ,대아티아이,3770.0,54.0,265700000000.0,4592312128,82.6,-32.2,0,3,False,False,False,True,False,False,False,True,True,False,False
005810.KS,풍산홀딩스,36950.0,53.9,532700000000.0,1057999566,25.5,-39.3,0,2,False,False,False,False,True,False,False,True,False,False,False
243840.KQ,신흥에스이씨,5730.0,53.8,220900000000.0,1134816352,67.3,-53.4,0,3,False,False,False,False,True,False,False,True,True,False,False
211050.KQ,인카금융서비스,10970.0,53.7,540400000000.0,1199964598,35.4,-36.7,0,2,False,False,False,False,False,False,False,True,True,False,False
071050.KS,한국금융지주,185400.0,53.6,10331600000000.0,48667317960,52.2,-38.3,5,3,False,False,False,False,True,True,False,False,True,False,False
000240.KS,한국앤컴퍼니,24200.0,53.5,2297400000000.0,2204116590,15.2,-33.6,5,1,False,False,False,False,False,True,False,False,False,False,False
456040.KS,OCI,78400.0,53.3,701900000000.0,4601694542,49.3,-52.0,5,3,False,False,False,False,True,True,False,False,True,False,False
001260.KS,남광토건,8030.0,53.2,79000000000.0,4104488575,25.1,-40.1,0,1,False,False,False,False,True,False,False,False,False,False,False
006040.KS,동원산업,37800.0,53.1,1668500000000.0,1908862470,26.6,-26.6,0,1,False,False,False,False,False,False,False,True,False,False,False
066590.KQ,스모트로닉,2470.0,53.0,95500000000.0,3502949206,39.0,-41.2,0,1,False,False,False,False,False,False,False,False,True,False,False
443060.KS,HD현대마린솔루션,199000.0,52.9,8921900000000.0,24140222328,25.9,-30.7,0,2,False,False,False,False,True,False,True,False,False,False,False
047810.KS,한국항공우주,122600.0,52.8,11950400000000.0,64545724710,44.1,-43.1,5,3,False,False,False,False,True,True,False,False,True,False,False
111770.KS,영원무역,74200.0,52.7,3287900000000.0,6279132630,35.2,-28.1,5,3,False,False,False,False,True,True,False,False,True,False,False
005290.KQ,동진쎄미켐,40400.0,52.6,2059200000000.0,21450816174,44.5,-44.0,5,3,False,False,False,False,True,True,False,False,True,False,False
010820.KS,퍼스텍,5430.0,52.5,264800000000.0,3645751844,46.8,-71.0,5,3,False,False,False,False,True,True,False,False,True,False,False
005380.KS,현대자동차,378000.0,52.4,77398400000000.0,367547929280,77.5,-51.7,5,3,False,False,False,False,True,True,False,False,True,False,False
071320.KS,지역난방공사,74300.0,52.2,860300000000.0,1121981458,23.0,-36.3,0,1,False,False,False,False,False,False,False,True,False,False,False
007390.KQ,네이처셀,23650.0,52.1,1523900000000.0,10022427606,42.9,-36.0,0,4,False,False,False,True,True,False,True,False,True,False,False
032940.KQ,원익,7220.0,52.0,131400000000.0,3501122349,71.3,-59.4,0,2,False,False,False,False,False,False,False,True,True,False,False
031210.KS,서울보증보험,43500.0,51.9,3037200000000.0,1940463278,9.7,-32.9,0,1,False,False,False,False,False,False,False,True,False,False,False
204320.KS,HL만도,47350.0,51.8,2223400000000.0,30709684830,47.3,-40.1,5,3,False,False,False,False,True,True,False,False,True,False,False
119830.KQ,아이텍,6670.0,51.7,177000000000.0,1370395570,55.1,-31.4,1,4,False,False,False,False,True,True,False,True,True,False,False
005500.KS,삼진제약,18660.0,51.6,248600000000.0,1018890575,12.5,-28.0,0,1,False,False,False,False,False,False,False,True,False,False,False
086280.KS,현대글로비스,195000.0,51.5,14625000000000.0,36799126410,24.9,-34.1,5,2,False,False,False,False,True,True,False,False,False,False,False
225570.KQ,넥슨게임즈,11480.0,51.4,756100000000.0,1577460649,46.1,-25.6,0,3,False,False,False,True,False,False,False,True,True,False,False
462870.KS,시프트업,32650.0,51.3,1917900000000.0,2545877965,18.7,-26.9,0,1,False,False,False,False,False,False,False,True,False,False,False
050890.KQ,쏠리드,8670.0,51.1,526800000000.0,7862439577,42.4,-58.5,5,3,False,False,False,False,True,True,False,False,True,False,False
145020.KQ,휴젤,245500.0,51.0,3072500000000.0,12922150970,17.7,-28.2,0,1,False,False,False,False,True,False,False,False,False,False,False
056190.KQ,SFA,23600.0,50.9,847400000000.0,2483205746,40.1,-35.3,0,3,False,False,False,False,True,False,False,True,True,False,False
207940.KS,삼성바이오로직스,1501000.0,50.8,69482700000000.0,88731174780,22.2,-24.5,0,2,False,False,False,False,False,False,False,True,False,True,False
161000.KS,애경케미칼,10290.0,50.7,500600000000.0,2181369895,47.0,-48.4,0,3,False,False,False,False,True,False,False,True,True,False,False
001250.KS,GS글로벌,2605.0,50.6,215000000000.0,1770740879,18.4,-54.2,5,2,False,False,False,False,True,True,False,False,False,False,False
047050.KS,포스코인터내셔널,53200.0,50.5,9359100000000.0,32062748471,18.6,-41.7,5,3,False,False,False,False,True,True,False,True,False,False,False
012860.KQ,모베이스전자,2115.0,50.4,154900000000.0,1113067234,67.6,-70.1,5,3,False,False,False,False,True,True,False,False,True,False,False
272110.KQ,케이엔제이,24250.0,50.3,194600000000.0,2440310331,58.5,-45.6,0,2,False,False,False,False,True,False,False,False,True,False,False
320000.KQ,한울반도체,10510.0,50.2,72700000000.0,16634382815,48.6,-63.8,0,3,False,False,False,False,True,False,True,False,True,False,False
003200.KS,일신방직,10570.0,50.0,242700000000.0,1439170109,13.7,-40.6,0,1,False,False,False,False,False,False,False,True,False,False,False
003240.KS,태광산업,933000.0,49.9,1038800000000.0,1923270660,31.8,-42.9,1,4,False,False,False,False,True,True,False,True,True,False,False
003000.KS,부광약품,4065.0,49.8,401100000000.0,1832591062,25.7,-58.9,5,2,False,False,False,False,True,True,False,False,False,False,False
030000.KS,제일기획,18880.0,49.7,2172000000000.0,6006473881,6.3,-19.0,0,2,False,False,False,False,False,False,False,True,False,True,False
017800.KS,현대엘리베이터,72800.0,49.6,2845900000000.0,9521375200,17.8,-35.8,5,3,False,False,False,False,True,True,False,True,False,False,False
264850.KQ,이랜시스,5440.0,49.5,164800000000.0,9238494180,54.3,-42.9,1,4,False,False,False,False,True,True,False,True,True,False,False
102710.KQ,이엔에프테크놀로지,41850.0,49.4,597900000000.0,4078108004,25.7,-35.6,0,1,False,False,False,False,True,False,False,False,False,False,False
147830.KQ,제룡산업,6760.0,49.3,135200000000.0,1343392500,34.1,-56.1,5,4,False,False,False,False,True,True,False,True,True,False,False
032640.KS,LG유플러스,14890.0,49.2,6319700000000.0,14336645854,9.5,-20.8,5,4,False,False,False,False,True,True,False,True,False,True,False
142210.KQ,유니트론텍,5950.0,49.1,123500000000.0,1803039734,33.1,-34.3,1,4,False,False,False,False,True,True,False,True,True,False,False
036830.KQ,솔브레인홀딩스,42800.0,49.0,877600000000.0,2316008365,66.2,-47.0,0,3,False,False,False,False,True,False,False,True,True,False,False
036810.KQ,에프에스티,27400.0,48.8,593200000000.0,3655153042,82.7,-46.3,0,3,False,False,False,False,True,False,False,True,True,False,False
025860.KS,남해화학,6510.0,48.7,323400000000.0,3359400671,24.0,-49.2,0,2,False,False,False,False,True,False,False,True,False,False,False
110990.KQ,디아이티,15610.0,48.6,295000000000.0,1671368630,41.0,-46.2,5,3,False,False,False,False,True,True,False,False,True,False,False
003280.KS,흥아해운,1712.0,48.5,411600000000.0,21829537508,12.3,-64.3,0,1,False,False,False,False,True,False,False,False,False,False,False
069260.KS,티케이지휴켐스,16160.0,48.4,660600000000.0,1084507721,13.0,-25.0,0,1,False,False,False,False,False,False,False,True,False,False,False
290690.KQ,소룩스,4005.0,48.3,212100000000.0,7596646604,48.3,-44.1,0,1,False,False,False,False,False,False,False,False,True,False,False
023160.KQ,태광,24700.0,48.2,638900000000.0,3796613224,27.2,-51.9,0,2,False,False,False,False,True,False,False,True,False,False,False
001550.KS,조비,11310.0,48.1,58700000000.0,1857638323,30.9,-46.0,0,3,False,False,False,False,True,False,False,True,True,False,False
196170.KQ,알테오젠,298500.0,48.0,20792100000000.0,175227591158,53.4,-31.8,0,2,False,False,False,False,False,False,False,True,True,False,False
140860.KQ,파크시스템스,250500.0,47.9,1754100000000.0,9989895270,22.2,-28.5,1,2,False,False,False,False,True,True,False,False,False,False,False
052710.KQ,아모텍,10760.0,47.7,182700000000.0,6868879603,57.6,-64.2,5,3,False,False,False,False,True,True,False,False,True,False,False
000880.KS,한화,126500.0,47.6,6746100000000.0,17652792160,29.1,-42.5,0,2,False,False,False,False,True,False,False,True,False,False,False
099440.KQ,스맥,3815.0,47.5,260300000000.0,1883793957,58.0,-54.3,0,2,False,False,False,False,False,False,False,True,True,False,False
229640.KS,LS에코에너지,44300.0,47.4,1356700000000.0,5171710245,38.4,-59.7,5,3,False,False,False,False,True,True,False,False,True,False,False
294570.KQ,쿠콘,27600.0,47.3,278500000000.0,2312599547,112.3,-41.8,0,3,False,False,False,True,False,False,False,True,True,False,False
012330.KS,현대모비스,415500.0,47.2,37320500000000.0,176067134220,46.8,-49.5,5,4,False,False,False,False,True,True,True,False,True,False,False
053800.KQ,안랩,58100.0,47.1,646400000000.0,2351308328,14.4,-22.5,0,3,False,False,False,False,True,False,False,True,False,True,False
195940.KQ,HK이노엔,43450.0,47.0,1230900000000.0,5803123426,24.9,-25.9,0,1,False,False,False,False,False,False,False,True,False,False,False
000640.KS,동아쏘시오홀딩스,92700.0,46.9,624100000000.0,1601416164,24.4,-23.9,0,2,False,False,False,False,False,False,False,True,False,True,False
290660.KQ,다이나믹솔루션,1691.0,46.8,72400000000.0,1592820978,40.9,-51.4,1,3,False,False,False,False,True,True,False,False,True,False,False
069960.KS,현대백화점,92700.0,46.6,1999100000000.0,22910536464,34.3,-58.2,5,4,False,False,False,False,True,True,True,False,True,False,False
178320.KQ,서진시스템,33400.0,46.5,2125900000000.0,48768631291,81.4,-59.9,5,3,False,False,False,False,True,True,False,False,True,False,False
005490.KS,POSCO홀딩스,330000.0,46.4,26149700000000.0,100155818810,27.7,-39.1,5,3,False,False,False,False,True,True,False,True,False,False,False
009290.KS,광동제약,6290.0,46.3,313200000000.0,1106783836,22.1,-50.9,5,3,False,False,False,False,True,True,False,True,False,False,False
419050.KQ,삼기에너지솔루션즈,1596.0,46.2,91300000000.0,12757580513,84.5,-35.3,0,2,False,False,False,False,False,False,False,True,True,False,False
272210.KS,한화시스템,66900.0,46.1,12638700000000.0,41363364514,49.5,-63.6,5,3,False,False,False,False,True,True,False,False,True,False,False
010960.KS,삼호개발,3155.0,46.0,76100000000.0,9391668227,16.9,-42.6,0,1,False,False,False,False,True,False,False,False,False,False,False
290650.KQ,엘앤씨바이오,54000.0,45.9,1456400000000.0,19477269123,85.6,-56.8,5,3,False,False,False,False,True,True,False,False,True,False,False
295310.KQ,에이치브이엠,43300.0,45.8,532600000000.0,7649516819,97.3,-69.9,5,3,False,False,False,False,True,True,False,False,True,False,False
138930.KS,BNK금융지주,15140.0,45.7,4645600000000.0,17128539599,10.9,-34.3,5,2,False,False,False,False,True,True,False,False,False,False,False
462860.KQ,더즌,3265.0,45.5,234300000000.0,4902630312,105.6,-43.0,0,2,False,False,False,False,False,False,False,True,True,False,False
457190.KS,이수스페셜티케미컬,64300.0,45.4,1943100000000.0,8521596529,49.5,-51.2,5,4,False,False,False,False,True,True,False,True,True,False,False
323410.KS,카카오뱅크,21900.0,45.3,10448900000000.0,19103494920,14.6,-25.8,0,2,False,False,False,False,True,False,False,True,False,False,False
336260.KS,두산퓨얼셀,38700.0,45.2,2534600000000.0,32497479321,112.3,-64.5,5,3,False,False,False,False,True,True,False,False,True,False,False
007310.KS,오뚜기,336000.0,45.1,1346600000000.0,1622332200,15.7,-28.5,0,1,False,False,False,False,False,False,False,True,False,False,False
465770.KS,STX그린로지스,3925.0,45.0,28300000000.0,7249058227,135.2,-59.1,0,2,False,False,False,False,False,False,False,True,True,False,False
052690.KS,한전기술,105800.0,44.9,4043700000000.0,22968305396,37.2,-46.6,5,4,False,False,False,False,True,True,False,True,True,False,False
036200.KQ,유니셈,8820.0,44.8,270500000000.0,2174125846,47.0,-38.7,0,3,False,False,False,False,True,False,False,True,True,False,False
104830.KQ,원익머트리얼즈,31800.0,44.7,400900000000.0,2585180457,38.9,-43.3,5,3,False,False,False,False,True,True,False,False,True,False,False
019170.KS,신풍제약,10380.0,44.6,544100000000.0,3454521226,64.5,-34.7,0,2,False,False,False,False,False,False,False,True,True,False,False
001720.KS,신영증권,151000.0,44.5,2482400000000.0,1494853590,26.6,-44.5,5,2,False,False,False,False,True,True,False,False,False,False,False
499790.KS,GS피앤엘,43550.0,44.3,863600000000.0,4369144100,35.0,-35.0,1,4,False,False,False,False,True,True,False,True,True,False,False
003680.KS,한성기업,4730.0,44.2,29400000000.0,12597106440,20.8,-72.7,2,1,False,False,False,False,False,True,False,False,False,False,False
016360.KS,삼성증권,85200.0,44.1,7608400000000.0,49874293126,30.7,-47.7,5,3,False,False,False,False,True,True,False,False,True,False,False
432470.KQ,케이엔에스,9920.0,44.0,87000000000.0,1803895467,67.6,-51.4,0,3,False,False,False,False,True,False,False,True,True,False,False
049720.KQ,고려신용정보,9130.0,43.9,130600000000.0,1610034816,3.5,-23.5,0,1,False,False,False,False,False,False,False,False,False,True,False
443670.KQ,에스피소프트,4350.0,43.8,104400000000.0,2656688707,72.6,-40.3,0,2,False,False,False,False,False,False,False,True,True,False,False
263800.KQ,데이타솔루션,4650.0,43.7,75400000000.0,10087910490,13.0,-46.7,0,0,False,False,False,False,False,False,False,False,False,False,False
006280.KS,녹십자,127000.0,43.6,1484200000000.0,4681159112,19.9,-30.9,0,1,False,False,False,False,False,False,False,True,False,False,False
484810.KQ,티엑스알로보틱스,13250.0,43.5,204700000000.0,6808816595,75.7,-50.0,0,2,False,False,False,False,False,False,False,True,True,False,False
001680.KS,대상,18570.0,43.4,643400000000.0,1902073135,16.9,-23.1,0,2,False,False,False,False,False,False,False,True,False,True,False
417010.KQ,나노팀,6620.0,43.2,133500000000.0,2722672465,98.8,-58.4,1,4,False,False,False,False,True,True,False,True,True,False,False
064550.KQ,바이오니아,9970.0,43.1,257300000000.0,3091406883,82.3,-36.3,0,2,False,False,False,False,False,False,False,True,True,False,False
267260.KS,HD현대일렉트릭,711000.0,43.0,25629500000000.0,131007411640,64.0,-50.3,0,2,False,False,False,False,True,False,False,False,True,False,False
037070.KQ,파세코,6100.0,42.9,122000000000.0,17269632180,22.2,-38.9,0,1,False,False,False,False,True,False,False,False,False,False,False
089890.KQ,코세스,21800.0,42.8,361600000000.0,6436029922,112.3,-57.6,0,2,False,False,False,False,True,False,False,False,True,False,False
034020.KS,두산에너빌리티,76600.0,42.7,49067000000000.0,216346578718,49.9,-45.0,0,2,False,False,False,False,True,False,False,False,True,False,False
064400.KS,LG씨엔에스,74500.0,42.6,7218000000000.0,73670505934,37.7,-51.4,4,5,False,False,False,True,True,True,False,True,True,False,False
009450.KS,경동나비엔,60300.0,42.5,878500000000.0,3161875602,13.8,-27.5,0,1,False,False,False,False,True,False,False,False,False,False,False
241790.KQ,티이엠씨씨엔에스,6000.0,42.4,60000000000.0,1062177338,49.4,-38.8,0,2,False,False,False,False,False,False,False,True,True,False,False
396470.KQ,워트,6260.0,42.3,100900000000.0,1922970956,51.8,-42.9,0,2,False,False,False,False,False,False,False,True,True,False,False
007820.KQ,엠엑스로보틱스,3755.0,42.1,75200000000.0,4609492704,51.7,-50.5,0,3,False,False,False,False,True,False,False,True,True,False,False
261780.KQ,아리바이오LAB,2465.0,42.0,71400000000.0,1206797191,35.1,-63.3,0,3,False,False,False,False,True,False,False,True,True,False,False
174900.KQ,앱클론,22300.0,41.9,444900000000.0,4769398867,128.2,-76.7,5,3,False,False,False,False,True,True,False,False,True,False,False
088980.KS,맥쿼리인프라,9860.0,41.8,4722200000000.0,16297477485,5.8,-17.1,0,1,False,False,False,False,False,False,False,False,False,True,False
039490.KS,키움증권,274000.0,41.7,7186600000000.0,33280237230,43.8,-47.0,5,3,False,False,False,False,True,True,False,False,True,False,False
094820.KQ,일진파워,11120.0,41.6,167700000000.0,1423517222,24.0,-54.6,5,2,False,False,False,False,True,True,False,False,False,False,False
101530.KS,해태제과식품,5620.0,41.5,163600000000.0,1561940146,5.0,-23.8,0,1,False,False,False,False,False,False,False,False,False,True,False
014820.KS,동원시스템즈,21500.0,41.4,623300000000.0,1128218033,22.7,-30.0,0,1,False,False,False,False,False,False,False,True,False,False,False
265520.KQ,AP시스템,18740.0,41.3,282100000000.0,1228658183,20.1,-39.7,0,1,False,False,False,False,True,False,False,False,False,False,False
078600.KQ,대주전자재료,84000.0,41.2,1319100000000.0,14360085046,42.6,-54.2,5,3,False,False,False,False,True,True,False,False,True,False,False
389500.KQ,에스비비테크,35050.0,41.0,233600000000.0,3821307411,88.4,-69.5,5,3,False,False,False,False,True,True,False,False,True,False,False
058470.KQ,리노공업,64400.0,40.9,4908000000000.0,56245430688,46.0,-50.1,5,3,False,False,False,False,True,True,False,False,True,False,False
043650.KQ,국순당,3585.0,40.8,64000000000.0,1845786406,15.1,-29.8,0,0,False,False,False,False,False,False,False,False,False,False,False
029780.KS,삼성카드,45400.0,40.7,5260000000000.0,4987322640,3.1,-34.4,0,0,False,False,False,False,False,False,False,False,False,False,False
082740.KS,한화엔진,44650.0,40.6,3725900000000.0,35854782712,24.7,-52.7,0,1,False,False,False,False,True,False,False,False,False,False,False
004980.KS,성신양회,8330.0,40.5,204200000000.0,1615249187,22.9,-45.6,0,1,False,False,False,False,False,False,False,True,False,False,False
189300.KQ,인텔리안테크,63000.0,40.4,676500000000.0,5806307009,61.5,-65.0,5,3,False,False,False,False,True,True,False,False,True,False,False
000270.KS,기아,124400.0,40.3,48567400000000.0,136238330274,24.4,-41.5,5,2,False,False,False,False,True,True,False,False,False,False,False
024060.KQ,흥구석유,11570.0,40.2,173600000000.0,36342533375,29.7,-68.0,0,2,False,False,False,False,True,False,False,True,False,False,False
277810.KQ,레인보우로보틱스,436500.0,40.1,8468000000000.0,59403686840,74.9,-55.4,5,3,False,False,False,False,True,True,False,False,True,False,False
056090.KQ,시지메드텍,1189.0,40.0,122800000000.0,1710820884,39.9,-66.6,1,4,False,False,False,False,True,True,False,True,True,False,False
162300.KQ,신스틸,1621.0,39.8,67200000000.0,1509886271,21.4,-31.3,0,0,False,False,False,False,False,False,False,False,False,False,False
452280.KQ,한선엔지니어링,9960.0,39.7,191700000000.0,2847248586,44.1,-73.3,5,3,False,False,False,False,True,True,False,False,True,False,False
003540.KS,대신증권,26400.0,39.6,1258400000000.0,2047602044,16.0,-48.6,0,1,False,False,False,False,True,False,False,False,False,False,False
107640.KQ,한중엔시에스,39600.0,39.5,359000000000.0,3332275234,70.7,-45.8,0,2,False,False,False,False,False,False,False,True,True,False,False
042510.KQ,라온시큐어,8670.0,39.4,96300000000.0,1426398602,37.2,-48.9,0,2,False,False,False,False,False,False,False,True,True,False,False
237690.KQ,에스티팜,101200.0,39.3,2112700000000.0,18656237126,20.3,-41.2,5,2,False,False,False,False,True,True,False,False,False,False,False
035250.KS,강원랜드,14600.0,39.2,3123500000000.0,5762053948,4.9,-25.5,0,1,False,False,False,False,False,False,False,True,False,False,False
003720.KS,삼영,6080.0,39.1,206700000000.0,2565115493,39.3,-56.5,5,3,False,False,False,False,True,True,False,False,True,False,False
023410.KQ,유진기업,3175.0,39.0,245500000000.0,6783395193,7.6,-38.9,5,2,False,False,False,False,True,True,False,False,False,False,False
111710.KQ,남화산업,3400.0,38.9,70000000000.0,4449466885,30.8,-56.5,0,1,False,False,False,False,False,False,False,False,True,False,False
111710.KQ,남화산업,3400.0,38.9,70000000000.0,4449466885,30.8,-56.5,0,1,False,False,False,False,False,False,False,False,True,False,False
002140.KS,고려산업,2070.0,38.6,51600000000.0,5315926752,25.6,-37.7,0,1,False,False,False,False,False,False,False,True,False,False,False
037440.KQ,희림,4100.0,38.5,57100000000.0,3790015410,32.5,-45.0,0,3,False,False,False,False,True,False,False,True,True,False,False
130660.KS,한전산업,11860.0,38.4,386600000000.0,3932011628,34.6,-57.3,0,3,False,False,False,False,True,False,False,True,True,False,False
069620.KS,대웅제약,124100.0,38.3,1437900000000.0,4784050074,18.2,-37.8,0,1,False,False,False,False,False,False,False,True,False,False,False
011230.KS,삼화전자공업,2585.0,38.2,49500000000.0,6131092752,28.6,-47.5,0,0,False,False,False,False,False,False,False,False,False,False,False
036570.KS,NC,219000.0,38.1,4718100000000.0,19924167680,24.4,-36.2,5,2,False,False,False,False,True,True,False,False,False,False,False
457370.KQ,한켐,8310.0,38.0,67000000000.0,7691682219,52.2,-51.2,0,3,False,False,False,False,True,False,False,True,True,False,False
097950.KS,CJ제일제당,182600.0,37.9,2748900000000.0,12926674586,5.8,-27.5,0,0,False,False,False,False,False,False,False,False,False,False,False
000080.KS,하이트진로,15510.0,37.8,1087800000000.0,1897572843,12.1,-20.6,0,2,False,False,False,False,False,False,False,True,False,True,False
232680.KQ,라온로보틱스,9330.0,37.6,123700000000.0,2023597608,41.1,-61.0,5,4,False,False,False,False,True,True,False,True,True,False,False
000020.KS,동화약품,5160.0,37.5,144100000000.0,2069981862,16.0,-31.7,0,1,False,False,False,False,False,False,False,True,False,False,False
314130.KQ,지놈앤컴퍼니,3480.0,37.4,182000000000.0,1615583124,42.6,-65.8,5,3,False,False,False,False,True,True,False,False,True,False,False
031430.KS,신세계인터내셔날,10430.0,37.3,364900000000.0,1030324611,9.2,-39.1,5,2,False,False,False,False,True,True,False,False,False,False,False
003670.KS,포스코퓨처엠,176000.0,37.2,15654500000000.0,54080823794,53.4,-41.2,0,3,False,False,False,False,True,False,False,True,True,False,False
475430.KQ,키스트론,4125.0,37.1,73600000000.0,13136836094,24.4,-47.3,0,1,False,False,False,False,True,False,False,False,False,False,False
226950.KQ,올릭스,100200.0,37.0,2110500000000.0,37572810858,93.6,-53.8,5,3,False,False,False,False,True,True,False,False,True,False,False
060720.KQ,KH바텍,10540.0,36.9,249600000000.0,3029970398,27.8,-47.2,0,2,False,False,False,False,True,False,False,True,False,False,False
004990.KS,롯데지주,23950.0,36.8,2386900000000.0,3509890175,13.2,-39.5,0,1,False,False,False,False,False,False,False,True,False,False,False
260970.KQ,에스앤디,55800.0,36.7,161400000000.0,1430021222,32.5,-58.9,0,2,False,False,False,False,False,False,False,True,True,False,False
215200.KQ,메가스터디교육,35350.0,36.5,366400000000.0,1476539804,1.3,-30.4,0,1,False,False,False,False,True,False,False,False,False,False,False
006660.KS,삼성공조,12320.0,36.4,100100000000.0,15269408368,40.2,-38.4,0,2,False,False,False,False,False,False,False,True,True,False,False
001500.KS,현대차증권,7840.0,36.3,484800000000.0,1012630944,19.5,-47.3,0,1,False,False,False,False,True,False,False,False,False,False,False
213420.KQ,덕산네오룩스,32800.0,36.2,814500000000.0,4997570404,33.9,-42.8,0,3,False,False,False,False,True,False,False,True,True,False,False
005010.KS,휴스틸,3775.0,36.1,212100000000.0,1224805059,21.4,-48.3,0,2,False,False,False,False,True,False,False,True,False,False,False
441270.KQ,파인엠텍,7760.0,36.0,327500000000.0,2769012955,45.3,-44.8,0,2,False,False,False,False,False,False,False,True,True,False,False
009270.KS,신원,1164.0,35.9,133600000000.0,1041424898,29.6,-39.8,0,1,False,False,False,False,False,False,False,True,False,False,False
052020.KQ,에스티큐브,7960.0,35.8,541100000000.0,1670414016,32.4,-64.6,1,3,False,False,False,False,True,True,False,False,True,False,False
468530.KQ,프로티나,30700.0,35.7,338800000000.0,2710570435,116.2,-74.4,0,2,False,False,False,False,False,False,False,True,True,False,False
318060.KQ,그래피,17680.0,35.6,197800000000.0,1895163627,115.3,-74.4,2,3,False,False,False,False,True,True,False,False,True,False,False
298050.KS,HS효성첨단소재,174200.0,35.5,780400000000.0,2715792626,29.0,-38.2,0,2,False,False,False,False,True,False,False,True,False,False,False
011930.KS,신성이엔지,16400.0,35.3,333000000000.0,3957018112,45.1,-67.0,0,2,False,False,False,False,True,False,False,False,True,False,False
139480.KS,이마트,72900.0,35.2,2011700000000.0,9585692642,3.7,-46.6,5,2,False,False,False,False,True,True,False,False,False,False,False
051600.KS,한전KPS,44350.0,35.1,1995800000000.0,5328030353,6.9,-35.7,0,1,False,False,False,False,True,False,False,False,False,False,False
051600.KS,한전KPS,44350.0,35.1,1995800000000.0,5328030353,6.9,-35.7,0,1,False,False,False,False,True,False,False,False,False,False,False
037030.KQ,파워넷,3125.0,34.9,79700000000.0,1307629986,29.1,-70.0,5,2,False,False,False,False,True,True,False,False,False,False,False
009900.KS,명신산업,7900.0,34.8,414500000000.0,1184618673,46.6,-47.1,0,3,False,False,False,False,True,False,False,True,True,False,False
456010.KQ,아이씨티케이,15060.0,34.7,218400000000.0,4530860718,44.0,-62.3,0,2,False,False,False,False,True,False,False,False,True,False,False
015750.KQ,성우하이텍,5830.0,34.6,466400000000.0,1610237568,19.5,-51.4,0,1,False,False,False,False,True,False,False,False,False,False,False
008350.KS,남선알미늄,1045.0,34.5,134900000000.0,1382744000,18.6,-70.0,0,2,False,False,False,False,True,False,False,True,False,False,False
060250.KQ,NHN KCP,14660.0,34.4,588800000000.0,7118400058,34.5,-42.5,0,3,False,False,False,False,True,False,False,True,True,False,False
002030.KS,아세아,207500.0,34.2,427200000000.0,1128631092,31.5,-48.4,0,2,False,False,False,False,False,False,False,True,True,False,False
103140.KS,풍산,77200.0,34.1,2163500000000.0,10548782504,39.9,-51.5,0,2,False,False,False,False,False,False,False,True,True,False,False
086520.KQ,에코프로,82000.0,34.0,11133600000000.0,97860223172,80.0,-56.8,5,3,False,False,False,False,True,True,False,False,True,False,False
215600.KQ,신라젠,2465.0,33.9,341500000000.0,4599946368,38.5,-54.4,0,2,False,False,False,False,False,False,False,True,True,False,False
049630.KQ,재영솔루텍,7140.0,33.8,166800000000.0,3106572972,100.6,-82.4,5,3,False,False,False,False,False,True,False,True,True,False,False
006220.KS,제주은행,10020.0,33.7,378700000000.0,4796303602,25.2,-46.8,0,1,False,False,False,False,False,False,False,True,False,False,False
000490.KS,대동,7950.0,33.6,229200000000.0,4010746389,45.3,-41.7,0,2,False,False,False,False,False,False,False,True,True,False,False
009540.KS,HD한국조선해양,329500.0,33.5,23319700000000.0,72805881240,4.9,-33.4,0,0,False,False,False,False,False,False,False,False,False,False,False
078150.KQ,HB테크놀러지,1871.0,33.4,177600000000.0,1820989809,18.8,-69.5,0,1,False,False,False,False,True,False,False,False,False,False,False
185750.KS,종근당,69300.0,33.3,956500000000.0,1716986616,10.0,-29.4,0,1,False,False,False,False,False,False,False,True,False,False,False
008770.KS,호텔신라,42150.0,33.1,1654300000000.0,12444124041,6.2,-40.0,0,1,False,False,False,False,True,False,False,False,False,False,False
326030.KS,에스케이바이오팜,86300.0,33.0,6758400000000.0,12131420172,18.2,-40.1,0,1,False,False,False,False,False,False,False,True,False,False,False
232140.KQ,와이씨,12050.0,32.9,988600000000.0,12011027313,76.7,-50.1,0,3,False,False,False,False,True,False,False,True,True,False,False
046940.KQ,우원개발,2920.0,32.8,52800000000.0,3717696931,18.2,-55.8,5,2,False,False,False,False,True,True,False,False,False,False,False
278280.KQ,천보,40350.0,32.7,494400000000.0,1359605334,55.8,-49.9,0,2,False,False,False,False,False,False,False,True,True,False,False
099320.KQ,쎄트렉아이,69600.0,32.6,762200000000.0,4384196152,53.6,-68.9,5,3,False,False,False,False,True,True,False,False,True,False,False
027360.KQ,아주IB투자,3095.0,32.5,374900000000.0,10116739301,61.8,-84.5,5,3,False,False,False,False,True,True,False,False,True,False,False
241520.KQ,DSC인베스트먼트,7880.0,32.4,209600000000.0,1792757389,33.6,-60.0,5,3,False,False,False,False,True,True,False,False,True,False,False
004020.KS,현대제철,29900.0,32.3,3990000000000.0,16177220020,26.4,-40.7,0,2,False,False,False,False,True,False,False,True,False,False,False
046120.KQ,오르비텍,4310.0,32.2,145900000000.0,1432162638,33.0,-73.7,5,3,False,False,False,False,True,True,False,False,True,False,False
020150.KS,롯데에너지머티리얼즈,36400.0,32.0,1906100000000.0,7787433565,68.5,-56.2,5,4,False,False,False,False,True,True,False,True,True,False,False
042110.KQ,에스씨디,1070.0,31.9,51700000000.0,2579187060,7.2,-36.0,0,1,False,False,False,False,True,False,False,False,False,False,False
125490.KQ,한라캐스트,10690.0,31.8,390200000000.0,13854550684,145.5,-57.8,0,2,False,False,False,False,False,False,False,True,True,False,False
061970.KQ,LB세미콘,3855.0,31.7,270200000000.0,2920568473,33.6,-45.9,0,2,False,False,False,False,True,False,False,False,True,False,False
259960.KS,크래프톤,221000.0,31.6,10110300000000.0,26029210100,10.9,-35.8,0,0,False,False,False,False,False,False,False,False,False,False,False
458870.KQ,씨어스,20750.0,31.5,795700000000.0,8418114796,91.5,-67.7,0,1,False,False,False,False,False,False,False,False,True,False,False
039200.KQ,오스코텍,36600.0,31.4,1400200000000.0,6276375180,34.1,-44.5,0,2,False,False,False,False,False,False,False,True,True,False,False
064960.KS,SNT모티브,25700.0,31.3,682100000000.0,1889308417,6.6,-37.0,0,0,False,False,False,False,False,False,False,False,False,False,False
009830.KS,한화솔루션,30300.0,31.2,6814200000000.0,106922430915,37.7,-48.9,5,3,False,False,False,False,True,True,False,False,True,False,False
425040.KQ,티이엠씨,8430.0,31.1,184800000000.0,2769763802,33.8,-72.2,0,2,False,False,False,False,True,False,False,False,True,False,False
014680.KS,한솔케미칼,193800.0,31.0,2091900000000.0,11923180116,22.2,-44.1,0,1,False,False,False,False,True,False,False,False,False,False,False
013120.KQ,동원개발,2170.0,30.8,197100000000.0,3742514658,13.1,-40.2,0,0,False,False,False,False,False,False,False,False,False,False,False
126340.KQ,비나텍,58900.0,30.7,422900000000.0,7914250309,92.6,-71.2,5,3,False,False,False,False,True,True,False,False,True,False,False
005300.KS,롯데칠성음료,97500.0,30.6,904700000000.0,1922991632,3.8,-37.0,0,0,False,False,False,False,False,False,False,False,False,False,False
004090.KS,한국석유공업,11250.0,30.5,142800000000.0,3867826397,16.1,-66.5,0,2,False,False,False,False,True,False,False,True,False,False,False
126700.KQ,하이비젼시스템,12080.0,30.4,180500000000.0,1040695720,51.0,-43.8,0,2,False,False,False,False,False,False,False,True,True,False,False
149950.KQ,아바텍,8950.0,30.3,122300000000.0,1418708769,32.6,-54.1,0,2,False,False,False,False,True,False,False,False,True,False,False
000100.KS,유한양행,81300.0,30.2,5985000000000.0,22346609092,25.1,-37.1,0,1,False,False,False,False,False,False,False,True,False,False,False
003090.KS,대웅,17450.0,30.1,1014600000000.0,1061440798,13.2,-43.0,0,1,False,False,False,False,False,False,False,True,False,False,False
310210.KQ,보로노이,169500.0,30.0,3139700000000.0,14964967658,73.8,-54.9,0,3,False,False,False,False,True,False,False,True,True,False,False
377300.KS,카카오페이,44750.0,29.9,6053500000000.0,13149013420,22.4,-43.5,0,2,False,False,False,False,True,False,False,True,False,False,False
097230.KS,HJ중공업,15920.0,29.7,1437500000000.0,8234809640,31.4,-53.7,0,1,False,False,False,False,False,False,False,False,True,False,False
187790.KQ,나노,2900.0,29.6,89400000000.0,1259541328,72.1,-61.6,5,3,False,False,False,False,True,True,False,False,True,False,False
399720.KQ,가온칩스,41400.0,29.5,491000000000.0,11254399209,18.5,-50.2,0,1,False,False,False,False,True,False,False,False,False,False,False
373220.KS,LG에너지솔루션,347500.0,29.4,81315000000000.0,121950241180,19.6,-34.1,0,1,False,False,False,False,False,False,False,True,False,False,False
094940.KQ,푸른로보틱스,6960.0,29.3,58200000000.0,1626265928,47.6,-55.7,0,3,False,False,False,False,True,False,False,True,True,False,False
270660.KQ,에브리봇,13610.0,29.2,172700000000.0,2413873783,43.7,-57.3,0,2,False,False,False,False,False,False,False,True,True,False,False
218150.KQ,미래생명자원,2165.0,29.1,44200000000.0,3721389337,40.1,-49.7,0,2,False,False,False,False,False,False,False,True,True,False,False
054920.KQ,한컴위드,3710.0,29.0,104700000000.0,1057487695,32.7,-58.7,0,3,False,False,False,False,True,False,False,True,True,False,False
005360.KS,모나미,1333.0,28.9,25200000000.0,6652523150,25.2,-70.2,0,0,False,False,False,False,False,False,False,False,False,False,False
464080.KQ,에스오에스랩,9650.0,28.8,173800000000.0,1293938894,47.3,-66.4,0,3,False,False,False,False,True,False,False,True,True,False,False
464080.KQ,에스오에스랩,9650.0,28.8,173800000000.0,1293938894,47.3,-66.4,0,3,False,False,False,False,True,False,False,True,True,False,False
302440.KS,SK바이오사이언스,37450.0,28.5,2938200000000.0,3520670458,17.8,-38.9,0,1,False,False,False,False,False,False,False,True,False,False,False
025980.KQ,아난티,5310.0,28.4,516700000000.0,16834580366,68.6,-51.2,0,2,False,False,False,False,False,False,False,True,True,False,False
354320.KQ,알멕,27600.0,28.3,176400000000.0,2210497163,46.0,-73.5,5,3,False,False,False,False,True,True,False,False,True,False,False
255440.KQ,야스,7040.0,28.2,91900000000.0,2664169830,92.9,-47.7,0,1,False,False,False,False,False,False,False,False,True,False,False
020000.KS,한섬,15400.0,28.1,330700000000.0,2339795018,8.6,-46.4,5,2,False,False,False,False,True,True,False,False,False,False,False
222080.KQ,SFA넥셀,7610.0,28.0,591900000000.0,4621372670,33.7,-61.7,5,3,False,False,False,False,True,True,False,False,True,False,False
036010.KQ,아비코전자,6960.0,27.9,92500000000.0,1296053119,59.6,-51.2,0,3,False,False,False,False,True,False,False,True,True,False,False
001340.KS,PKC,4990.0,27.8,224700000000.0,1558607764,22.5,-39.1,0,1,False,False,False,False,True,False,False,False,False,False,False
117730.KQ,티로보틱스,12700.0,27.7,286500000000.0,1438146612,29.6,-58.9,0,0,False,False,False,False,False,False,False,False,False,False,False
042370.KQ,비츠로테크,7950.0,27.5,208300000000.0,1262556050,21.9,-66.6,0,1,False,False,False,False,True,False,False,False,False,False,False
100840.KS,SNT에너지,31350.0,27.4,648300000000.0,4009810826,47.9,-53.8,0,3,False,False,False,False,True,False,False,True,True,False,False
035420.KS,NAVER,209000.0,27.3,31784000000000.0,233598173092,15.4,-31.2,0,1,False,False,False,False,False,False,False,True,False,False,False
005860.KQ,한일사료,2410.0,27.2,95000000000.0,4947388919,20.5,-54.9,0,2,False,False,False,False,True,False,False,True,False,False,False
018880.KS,한온시스템,3405.0,27.1,3494400000000.0,18449980881,23.6,-42.7,0,1,False,False,False,False,True,False,False,False,False,False,False
115500.KQ,케이씨에스,8650.0,27.0,103800000000.0,1555317468,41.3,-68.5,0,3,False,False,False,False,True,False,False,True,True,False,False
082800.KQ,비보존 제약,3085.0,26.9,187300000000.0,1565075450,49.0,-63.6,0,2,False,False,False,False,False,False,False,True,True,False,False
053700.KQ,삼보모터스,3920.0,26.8,104700000000.0,1234919170,11.4,-60.8,1,2,False,False,False,False,True,True,False,False,False,False,False
011210.KS,현대위아,56400.0,26.7,1533800000000.0,5545231684,20.1,-49.9,5,2,False,False,False,False,True,True,False,False,False,False,False
112290.KQ,와이씨켐,9450.0,26.6,191100000000.0,1328549521,27.7,-46.6,0,1,False,False,False,False,True,False,False,False,False,False,False
030520.KQ,한글과컴퓨터,17450.0,26.5,421900000000.0,2159948283,17.9,-37.2,0,0,False,False,False,False,False,False,False,False,False,False,False
105840.KS,우진,12720.0,26.3,256900000000.0,2754016043,37.2,-59.9,0,2,False,False,False,False,True,False,False,False,True,False,False
108860.KQ,셀바스AI,8940.0,26.2,240600000000.0,7138686403,46.6,-49.1,0,2,False,False,False,False,False,False,False,True,True,False,False
025540.KS,한국단자공업,54400.0,26.1,550300000000.0,1440875280,0.6,-42.1,5,2,False,False,False,False,True,True,False,False,False,False,False
003530.KS,한화투자증권,4700.0,26.0,1008400000000.0,6838329903,33.7,-54.4,0,3,False,False,False,False,True,False,False,True,True,False,False
101730.KQ,위메이드맥스,4100.0,25.9,343600000000.0,3088752688,57.7,-49.8,0,2,False,False,False,False,False,False,False,True,True,False,False
010140.KS,삼성중공업,19940.0,25.8,17547200000000.0,76237724593,9.5,-43.6,0,1,False,False,False,False,True,False,False,False,False,False,False
095660.KQ,네오위즈,17770.0,25.7,384500000000.0,1176701058,10.4,-43.7,0,0,False,False,False,False,False,False,False,False,False,False,False
000670.KS,영풍,39900.0,25.6,734600000000.0,1176427947,28.7,-44.3,0,1,False,False,False,False,False,False,False,True,False,False,False
489790.KS,한화비전,48900.0,25.5,2468900000000.0,12932757845,58.0,-50.1,0,3,False,False,False,False,True,False,False,True,True,False,False
950220.KQ,네오이뮨텍,2335.0,25.4,79900000000.0,2677385851,109.4,-61.6,0,2,False,False,False,False,False,False,False,True,True,False,False
048410.KQ,현대바이오,6080.0,25.2,586800000000.0,6274551497,33.2,-71.7,5,3,False,False,False,False,True,True,False,False,True,False,False
067080.KQ,대화제약,10870.0,25.1,202400000000.0,1252955793,45.7,-56.3,0,2,False,False,False,False,False,False,False,True,True,False,False
299660.KQ,셀리드,2430.0,25.0,71700000000.0,4077847436,149.7,-48.9,0,2,False,False,False,False,False,False,False,True,True,False,False
079370.KQ,제우스,9960.0,24.9,308900000000.0,2249168769,51.4,-52.5,0,2,False,False,False,False,False,False,False,True,True,False,False
010690.KS,화신,7650.0,24.8,267100000000.0,5199445186,19.3,-54.2,5,2,False,False,False,False,True,True,False,False,False,False,False
009520.KQ,포스코엠텍,12430.0,24.7,517600000000.0,2336815565,50.3,-46.2,0,2,False,False,False,False,False,False,False,True,True,False,False
041190.KQ,우리기술투자,5840.0,24.6,490600000000.0,17117638431,56.8,-55.6,0,2,False,False,False,False,False,False,False,True,True,False,False
214330.KS,금호에이치티,6030.0,24.5,63100000000.0,3542871564,34.7,-54.2,0,2,False,False,False,False,False,False,False,True,True,False,False
049480.KQ,오픈베이스,1839.0,24.4,57800000000.0,1078557965,20.9,-56.2,0,0,False,False,False,False,False,False,False,False,False,False,False
000120.KS,CJ대한통운,72000.0,24.3,1642500000000.0,3730643382,3.7,-53.2,0,0,False,False,False,False,False,False,False,False,False,False,False
092200.KS,디아이씨,5710.0,24.1,222100000000.0,3557290654,50.7,-62.3,1,3,False,False,False,False,False,True,False,True,True,False,False
383310.KQ,에코프로에이치엔,22800.0,24.0,478200000000.0,5537234353,14.0,-51.4,0,1,False,False,False,False,True,False,False,False,False,False,False
306620.KQ,지아이에스,1826.0,23.9,87500000000.0,1049551114,44.9,-55.9,0,2,False,False,False,False,True,False,False,False,True,False,False
002070.KS,비비안,4720.0,23.8,22700000000.0,1673736555,58.7,-60.0,0,2,False,False,False,False,False,False,False,True,True,False,False
365550.KS,ESR켄달스퀘어리츠,3120.0,23.7,767800000000.0,1435410752,6.7,-34.9,0,0,False,False,False,False,False,False,False,False,False,False,False
336370.KS,솔루스첨단소재,7500.0,23.6,526600000000.0,1192668693,40.7,-55.6,0,2,False,False,False,False,True,False,False,False,True,False,False
025900.KQ,동화기업,7090.0,23.5,358500000000.0,1164145999,57.6,-45.4,0,2,False,False,False,False,False,False,False,True,True,False,False
003310.KQ,대주산업,1657.0,23.4,58600000000.0,1228857999,22.3,-72.8,1,3,False,False,False,False,True,True,False,True,False,False,False
121600.KQ,나노신소재,46650.0,23.3,572000000000.0,2896193723,40.5,-51.0,0,3,False,False,False,False,True,False,False,True,True,False,False
051910.KS,LG화학,269000.0,23.2,18989300000000.0,55135012070,20.1,-38.5,0,1,False,False,False,False,False,False,False,True,False,False,False
254490.KQ,미래반도체,15250.0,23.0,220200000000.0,1868991431,45.0,-68.1,0,2,False,False,False,False,True,False,False,False,True,False,False
272290.KQ,이녹스첨단소재,20650.0,22.9,411700000000.0,2583653725,23.7,-53.5,0,1,False,False,False,False,True,False,False,False,False,False,False
005070.KS,코스모신소재,38150.0,22.8,1267100000000.0,4327509153,43.4,-42.5,0,2,False,False,False,False,False,False,False,True,True,False,False
032500.KQ,케이엠더블유,14390.0,22.7,607100000000.0,3815770891,29.8,-64.0,5,2,False,False,False,False,True,True,False,False,False,False,False
168360.KQ,펨트론,12920.0,22.6,289300000000.0,1614187656,49.0,-62.8,0,2,False,False,False,False,True,False,False,False,True,False,False
039440.KQ,에스티아이,19530.0,22.5,302900000000.0,2827430466,12.8,-54.8,0,1,False,False,False,False,True,False,False,False,False,False,False
068760.KQ,셀트리온제약,41150.0,22.4,1827200000000.0,3486855130,11.2,-47.4,0,0,False,False,False,False,False,False,False,False,False,False,False
475560.KS,더본코리아,15650.0,22.3,232100000000.0,1059478700,29.0,-45.8,0,1,False,False,False,False,False,False,False,True,False,False,False
011500.KS,한농화성,13200.0,22.2,206400000000.0,1058589830,42.7,-55.2,0,3,False,False,False,False,True,False,False,True,True,False,False
365340.KQ,성일하이텍,37100.0,22.1,479400000000.0,1744540267,55.9,-56.6,0,3,False,False,False,False,True,False,False,True,True,False,False
200710.KQ,에이디테크놀로지,23350.0,22.0,314300000000.0,6080204309,13.9,-62.3,5,2,False,False,False,False,True,True,False,False,False,False,False
039130.KS,하나투어,32600.0,21.8,505000000000.0,1018579066,14.0,-40.4,0,1,False,False,False,False,False,False,False,True,False,False,False
453450.KQ,그리드위즈,13100.0,21.7,104100000000.0,1255036955,22.4,-56.0,0,1,False,False,False,False,True,False,False,False,False,False,False
011170.KS,롯데케미칼,57300.0,21.6,2451000000000.0,7328274598,9.1,-52.1,0,1,False,False,False,False,True,False,False,False,False,False,False
114090.KS,GKL,9470.0,21.5,585800000000.0,1716368531,5.3,-46.5,0,0,False,False,False,False,False,False,False,False,False,False,False
206650.KQ,유바이오로직스,8940.0,21.4,328600000000.0,1275274208,28.6,-49.5,0,1,False,False,False,False,False,False,False,True,False,False,False
086390.KQ,유니테스트,10850.0,21.3,229300000000.0,2259943342,79.9,-54.2,0,3,False,False,False,False,True,False,False,True,True,False,False
041510.KQ,에스엠,74300.0,21.2,1701100000000.0,7611786790,16.3,-51.8,0,1,False,False,False,False,False,False,False,True,False,False,False
003620.KS,KG모빌리티,2600.0,21.1,526200000000.0,1413502141,3.0,-44.3,0,0,False,False,False,False,False,False,False,False,False,False,False
060280.KQ,큐렉소,8330.0,21.0,343700000000.0,1908491460,19.5,-63.1,0,1,False,False,False,False,True,False,False,False,False,False,False
000890.KS,보해양조,1340.0,20.9,37000000000.0,8647226905,8.9,-69.5,0,0,False,False,False,False,False,False,False,False,False,False,False
000890.KS,보해양조,1340.0,20.9,37000000000.0,8647226905,8.9,-69.5,0,0,False,False,False,False,False,False,False,False,False,False,False
263750.KQ,펄어비스,30650.0,20.6,1926200000000.0,12464279635,4.1,-60.4,0,1,False,False,False,False,True,False,False,False,False,False,False
108230.KQ,톱텍,3115.0,20.5,118400000000.0,2068126500,22.2,-40.8,0,1,False,False,False,False,False,False,False,True,False,False,False
067630.KQ,HLB생명과학,2660.0,20.4,324300000000.0,1070370721,65.4,-50.1,0,2,False,False,False,False,False,False,False,True,True,False,False
012690.KS,모나리자,1483.0,20.3,54200000000.0,4789477134,16.3,-45.0,0,1,False,False,False,False,False,False,False,True,False,False,False
042940.KQ,상지건설,6010.0,20.2,41000000000.0,1917508900,22.2,-63.8,0,0,False,False,False,False,False,False,False,False,False,False,False
142280.KQ,녹십자엠에스,2985.0,20.1,71500000000.0,1386423410,35.7,-55.2,0,2,False,False,False,False,False,False,False,True,True,False,False
460930.KQ,현대힘스,12980.0,20.0,460900000000.0,10066322846,25.0,-61.2,0,0,False,False,False,False,False,False,False,False,False,False,False
214430.KQ,아이쓰리시스템,58100.0,19.9,424500000000.0,2107554890,18.0,-57.9,0,1,False,False,False,False,True,False,False,False,False,False,False
201490.KQ,미투온,2445.0,19.8,80000000000.0,1781304102,40.7,-64.0,0,2,False,False,False,False,False,False,False,True,True,False,False
005690.KS,파미셀,10550.0,19.6,633000000000.0,9450718988,29.6,-50.1,0,0,False,False,False,False,False,False,False,False,False,False,False
406820.KQ,뷰티스킨,1931.0,19.5,27300000000.0,1542010819,26.6,-89.9,0,1,False,False,False,False,False,False,False,True,False,False,False
417200.KQ,LS머트리얼즈,10750.0,19.4,727300000000.0,7224286559,23.6,-67.2,5,2,False,False,False,False,True,True,False,False,False,False,False
064260.KQ,다날,5000.0,19.3,378200000000.0,17498857381,31.4,-55.5,0,2,False,False,False,False,False,False,False,True,True,False,False
199800.KQ,툴젠,34450.0,19.2,310000000000.0,1116079646,24.1,-75.7,0,0,False,False,False,False,False,False,False,False,False,False,False
333430.KQ,일승,3610.0,19.1,110900000000.0,4732363709,26.7,-65.4,0,1,False,False,False,False,False,False,False,True,False,False,False
015760.KS,한국전력공사,31250.0,19.0,20061400000000.0,63899187542,2.8,-55.0,0,0,False,False,False,False,False,False,False,False,False,False,False
015760.KS,한국전력공사,31250.0,19.0,20061400000000.0,63899187542,2.8,-55.0,0,0,False,False,False,False,False,False,False,False,False,False,False
329180.KS,HD현대중공업,422000.0,18.8,44293600000000.0,135501655760,2.6,-44.8,0,1,False,False,False,False,True,False,False,False,False,False,False
163730.KQ,핑거,9570.0,18.7,115000000000.0,1036318334,54.4,-62.7,0,3,False,False,False,False,True,False,False,True,True,False,False
248070.KS,솔루엠,13090.0,18.5,625900000000.0,1814374731,13.6,-46.2,0,1,False,False,False,False,True,False,False,False,False,False,False
253840.KQ,수젠텍,4280.0,18.4,71700000000.0,1411017205,21.2,-48.1,0,1,False,False,False,False,False,False,False,True,False,False,False
251270.KS,넷마블,37000.0,18.3,3076900000000.0,6029096423,8.2,-46.4,0,0,False,False,False,False,False,False,False,False,False,False,False
083500.KQ,에프엔에스테크,11450.0,18.2,95100000000.0,1189627302,19.9,-52.6,0,1,False,False,False,False,True,False,False,False,False,False,False
023790.KQ,동일스틸럭스,1280.0,18.1,16700000000.0,2149099262,29.2,-85.5,0,0,False,False,False,False,False,False,False,False,False,False,False
036090.KQ,위지트,1276.0,18.0,54300000000.0,1267509948,30.2,-55.7,0,1,False,False,False,False,False,False,False,False,True,False,False
089010.KQ,켐트로닉스,21550.0,17.9,361400000000.0,1863755528,32.6,-55.9,0,1,False,False,False,False,False,False,False,False,True,False,False
017510.KQ,세명전기,7090.0,17.8,108100000000.0,1911227271,39.3,-60.5,0,2,False,False,False,False,True,False,False,False,True,False,False
389260.KQ,대명에너지,12700.0,17.7,227500000000.0,5864200839,19.9,-54.0,0,0,False,False,False,False,False,False,False,False,False,False,False
298830.KQ,슈어소프트테크,4205.0,17.6,224800000000.0,1011538219,40.2,-61.4,0,2,False,False,False,False,False,False,False,True,True,False,False
064820.KQ,케이프,7310.0,17.5,225600000000.0,1037836118,6.2,-58.2,0,1,False,False,False,False,True,False,False,False,False,False,False
006650.KS,대한유화,92000.0,17.3,598000000000.0,3238868742,16.0,-54.6,0,0,False,False,False,False,False,False,False,False,False,False,False
001040.KS,CJ,130300.0,17.2,3801800000000.0,16488763092,11.5,-44.6,0,1,False,False,False,False,True,False,False,False,False,False,False
053080.KQ,케이엔솔,8640.0,17.1,112300000000.0,1031307965,33.1,-53.1,0,1,False,False,False,False,False,False,False,False,True,False,False
137310.KS,에스디바이오센서,6030.0,17.0,728100000000.0,1053945675,4.0,-44.8,0,0,False,False,False,False,False,False,False,False,False,False,False
036620.KQ,감성코퍼레이션,3755.0,16.9,337400000000.0,1843530988,6.1,-51.2,0,0,False,False,False,False,False,False,False,False,False,False,False
018290.KQ,브이티,12350.0,16.8,431500000000.0,2752846499,20.0,-68.6,0,1,False,False,False,False,False,False,False,True,False,False,False
148780.KQ,비큐AI,3595.0,16.7,22600000000.0,2464237173,94.3,-65.3,0,2,False,False,False,False,False,False,False,True,True,False,False
348340.KQ,뉴로메카,16210.0,16.6,379500000000.0,6523797678,35.8,-80.5,5,3,False,False,False,False,True,True,False,False,True,False,False
052400.KQ,코나아이,37600.0,16.5,547600000000.0,2620093068,14.1,-48.1,0,1,False,False,False,False,True,False,False,False,False,False,False
347850.KQ,디앤디파마텍,49050.0,16.4,2248300000000.0,94947946860,52.8,-57.9,5,2,False,False,False,False,False,True,False,False,True,False,False
293490.KQ,카카오게임즈,9020.0,16.2,962800000000.0,4497454449,33.0,-51.1,0,2,False,False,False,False,False,False,False,True,True,False,False
194700.KQ,노바렉스,10760.0,16.1,196400000000.0,2204372709,1.4,-50.0,0,0,False,False,False,False,False,False,False,False,False,False,False
095500.KQ,미래나노텍,6800.0,16.0,210900000000.0,2921427974,30.3,-52.0,0,1,False,False,False,False,False,False,False,False,True,False,False
011790.KS,SKC,83600.0,15.9,4146400000000.0,20188496868,36.8,-54.7,0,1,False,False,False,False,False,False,False,False,True,False,False
065770.KQ,CS,1218.0,15.8,12800000000.0,1182358134,5.8,-80.8,0,1,False,False,False,False,True,False,False,False,False,False,False
114190.KQ,강원에너지,8490.0,15.7,221800000000.0,1329264699,40.6,-58.1,0,1,False,False,False,False,False,False,False,False,True,False,False
056080.KQ,유진로봇,11380.0,15.6,435100000000.0,4500635694,23.0,-77.0,0,1,False,False,False,False,True,False,False,False,False,False,False
009470.KS,삼화전기,22450.0,15.5,148500000000.0,2066601840,26.1,-62.3,0,1,False,False,False,False,True,False,False,False,False,False,False
025950.KQ,동신건설,10120.0,15.4,85000000000.0,3711839338,23.9,-66.5,0,0,False,False,False,False,False,False,False,False,False,False,False
028300.KQ,HLB,33350.0,15.3,4442200000000.0,47564300799,38.1,-51.8,0,1,False,False,False,False,False,False,False,False,True,False,False
455900.KQ,엔젤로보틱스,19810.0,15.1,304900000000.0,2261352736,33.3,-54.9,0,2,False,False,False,False,False,False,False,True,True,False,False
281740.KQ,레이크머티리얼즈,11030.0,15.0,725000000000.0,4525362646,19.9,-61.6,0,1,False,False,False,False,True,False,False,False,False,False,False
094480.KQ,갤럭시아머니트리,5680.0,14.9,222800000000.0,4418677580,40.1,-53.6,0,2,False,False,False,False,False,False,False,True,True,False,False
199820.KQ,제일일렉트릭,7230.0,14.8,160700000000.0,1552682770,33.6,-67.6,0,2,False,False,False,False,True,False,False,False,True,False,False
017960.KS,한국카본,22150.0,14.7,1144600000000.0,7034801711,19.5,-59.1,0,1,False,False,False,False,True,False,False,False,False,False,False
079900.KS,전진건설로봇,37350.0,14.6,545000000000.0,2890021604,45.9,-49.8,0,3,False,False,False,False,True,False,False,True,True,False,False
209640.KQ,와이제이링크,3030.0,14.5,86200000000.0,1743722002,26.8,-70.7,1,2,False,False,False,False,True,True,False,False,False,False,False
388720.KQ,유일로보틱스,63200.0,14.4,744600000000.0,2308540828,17.5,-59.2,0,1,False,False,False,False,True,False,False,False,False,False,False
032350.KS,롯데관광개발,13390.0,14.3,1067500000000.0,6921762026,31.9,-51.7,0,2,False,False,False,False,False,False,False,True,True,False,False
022100.KS,포스코DX,20900.0,14.2,3177500000000.0,6850415331,26.6,-54.2,0,2,False,False,False,False,True,False,False,True,False,False,False
109610.KQ,에스와이,1880.0,14.0,91900000000.0,1884957798,27.1,-48.8,0,0,False,False,False,False,False,False,False,False,False,False,False
025320.KQ,시노펙스,3825.0,13.9,352700000000.0,4138638958,27.9,-54.1,0,0,False,False,False,False,False,False,False,False,False,False,False
042660.KS,한화오션,82000.0,13.8,25125900000000.0,147395762202,15.0,-47.0,0,0,False,False,False,False,False,False,False,False,False,False,False
122870.KQ,와이지엔터테인먼트,40000.0,13.7,747600000000.0,4904544591,16.6,-63.6,0,0,False,False,False,False,False,False,False,False,False,False,False
033500.KQ,동성화인텍,16540.0,13.6,496000000000.0,2053690360,17.7,-51.8,0,0,False,False,False,False,False,False,False,False,False,False,False
402490.KQ,그린리소스,6410.0,13.5,108600000000.0,1034079583,32.8,-74.2,0,2,False,False,False,False,True,False,False,False,True,False,False
014940.KQ,오리엔탈정공,4560.0,13.4,207800000000.0,1717380184,29.2,-64.9,0,0,False,False,False,False,False,False,False,False,False,False,False
361610.KS,SK아이이테크놀로지,15850.0,13.3,1296300000000.0,6247990763,33.9,-54.8,0,2,False,False,False,False,False,False,False,True,True,False,False
454910.KS,두산로보틱스,66000.0,13.2,4278100000000.0,40297346690,21.8,-61.2,0,1,False,False,False,False,True,False,False,False,False,False,False
030960.KQ,양지사,4600.0,13.1,73500000000.0,2335036946,15.0,-53.2,0,0,False,False,False,False,False,False,False,False,False,False,False
005420.KS,코스모화학,10360.0,13.0,397900000000.0,1365276150,44.7,-52.1,0,2,False,False,False,False,False,False,False,True,True,False,False
158430.KQ,아톤,4475.0,12.8,109600000000.0,1007226044,35.6,-60.6,0,2,False,False,False,False,False,False,False,True,True,False,False
008730.KS,율촌화학,16010.0,12.7,397000000000.0,1055304512,43.6,-59.2,0,2,False,False,False,False,False,False,False,True,True,False,False
034940.KQ,조아제약,2900.0,12.6,18000000000.0,2449436570,16.7,-59.2,0,0,False,False,False,False,False,False,False,False,False,False,False
003030.KS,세아제강지주,100200.0,12.5,415000000000.0,2733252956,6.4,-61.5,0,1,False,False,False,False,True,False,False,False,False,False,False
256840.KQ,한국비엔씨,2660.0,12.4,181900000000.0,1912534021,29.8,-57.0,0,1,False,False,False,False,False,False,False,True,False,False,False
054540.KQ,삼영엠텍,6310.0,12.3,82000000000.0,1663675468,22.3,-72.3,0,0,False,False,False,False,False,False,False,False,False,False,False
459510.KQ,나우로보틱스,13990.0,12.2,181600000000.0,1569998724,30.7,-63.4,0,1,False,False,False,False,False,False,False,False,True,False,False
078590.KQ,휴림에이텍,3075.0,12.1,30700000000.0,1447618378,61.8,-79.5,0,2,False,False,False,False,False,False,False,True,True,False,False
475960.KQ,토모큐브,28600.0,12.0,385400000000.0,1509987059,5.1,-57.8,0,0,False,False,False,False,False,False,False,False,False,False,False
010780.KS,아이에스동서,15610.0,11.9,471200000000.0,1867635366,9.0,-54.7,0,1,False,False,False,False,True,False,False,False,False,False,False
317330.KQ,덕산테코피아,11690.0,11.7,239400000000.0,1158314672,48.9,-64.6,0,2,False,False,False,False,False,False,False,True,True,False,False
108320.KS,LX세미콘,36450.0,11.6,592800000000.0,3535761856,23.6,-45.8,0,0,False,False,False,False,False,False,False,False,False,False,False
095700.KQ,제넥신,2815.0,11.5,128200000000.0,1021930008,31.5,-62.4,0,2,False,False,False,False,False,False,False,True,True,False,False
249420.KS,일동제약,16490.0,11.4,521700000000.0,3836290244,46.6,-63.4,0,2,False,False,False,False,False,False,False,True,True,False,False
445090.KQ,에이직랜드,19800.0,11.3,216300000000.0,2282521610,42.3,-43.1,0,1,False,False,False,False,False,False,False,False,True,False,False
086900.KQ,메디톡스,71200.0,11.2,519700000000.0,2240417976,8.5,-49.5,0,0,False,False,False,False,False,False,False,False,False,False,False
094360.KQ,칩스앤미디어,10350.0,11.1,221000000000.0,1535891958,33.7,-51.1,0,1,False,False,False,False,False,False,False,False,True,False,False
035720.KS,카카오,35100.0,11.0,15548600000000.0,81052341594,8.8,-49.6,0,0,False,False,False,False,False,False,False,False,False,False,False
101490.KQ,에스앤에스텍,40300.0,10.9,859800000000.0,9318750090,26.3,-62.8,0,1,False,False,False,False,True,False,False,False,False,False,False
445680.KQ,큐리옥스바이오시스템즈,49350.0,10.8,849400000000.0,5343072955,55.9,-66.9,0,2,False,False,False,False,False,False,False,True,True,False,False
466100.KQ,클로봇,23550.0,10.6,599600000000.0,11579963489,47.7,-71.4,0,1,False,False,False,False,False,False,False,False,True,False,False
357880.KQ,SKAI,1754.0,10.5,95000000000.0,2410571952,24.1,-71.5,0,1,False,False,False,False,True,False,False,False,False,False,False
372320.KQ,큐로셀,24100.0,10.4,367000000000.0,1331140632,16.7,-63.5,0,0,False,False,False,False,False,False,False,False,False,False,False
194480.KQ,데브시스터즈,16330.0,10.3,198700000000.0,1799370263,24.7,-71.9,0,0,False,False,False,False,False,False,False,False,False,False,False
304100.KQ,솔트룩스,15500.0,10.2,195200000000.0,3254287883,55.6,-59.6,0,2,False,False,False,False,False,False,False,True,True,False,False
065680.KQ,우주일렉트로,25400.0,10.1,234700000000.0,1023336334,35.1,-50.9,0,1,False,False,False,False,False,False,False,False,True,False,False
100090.KS,SK오션플랜트,12000.0,10.0,749700000000.0,27725385083,9.0,-62.0,0,0,False,False,False,False,False,False,False,False,False,False,False
077970.KS,STX엔진,23200.0,9.9,931400000000.0,5137553999,23.2,-65.7,0,0,False,False,False,False,False,False,False,False,False,False,False
090410.KQ,덕신이피씨,3890.0,9.8,35900000000.0,1075303854,38.4,-51.3,0,1,False,False,False,False,False,False,False,False,True,False,False
463020.KQ,뉴엔AI,8240.0,9.7,74100000000.0,8026594070,51.2,-73.4,0,2,False,False,False,False,False,False,False,True,True,False,False
352820.KS,하이브,175700.0,9.5,7573900000000.0,53457233634,11.3,-56.7,0,0,False,False,False,False,False,False,False,False,False,False,False
044340.KQ,위닉스,3325.0,9.4,59400000000.0,10340941059,7.3,-49.6,0,0,False,False,False,False,False,False,False,False,False,False,False
137400.KQ,피엔티,28350.0,9.3,671600000000.0,4432562562,23.3,-54.3,0,1,False,False,False,False,True,False,False,False,False,False,False
228760.KQ,지노믹트리,10630.0,9.2,264300000000.0,1246856098,6.2,-68.1,0,0,False,False,False,False,False,False,False,False,False,False,False
041020.KQ,폴라리스오피스,2885.0,9.1,143300000000.0,1549477801,22.5,-52.6,0,0,False,False,False,False,False,False,False,False,False,False,False
214150.KQ,클래시스,32300.0,9.0,2107100000000.0,11943257140,2.5,-58.4,0,0,False,False,False,False,False,False,False,False,False,False,False
071970.KS,HD현대마린엔진,48950.0,8.9,1660500000000.0,13770227500,5.3,-58.6,0,0,False,False,False,False,False,False,False,False,False,False,False
460940.KQ,피앤에스로보틱스,5020.0,8.8,67500000000.0,1076198634,39.3,-66.1,0,2,False,False,False,False,False,False,False,True,True,False,False
161580.KQ,필옵틱스,26000.0,8.7,609500000000.0,3637890889,34.2,-59.9,0,1,False,False,False,False,False,False,False,False,True,False,False
098070.KQ,한텍,22850.0,8.6,254100000000.0,1505001393,9.9,-63.3,0,1,False,False,False,False,True,False,False,False,False,False,False
376900.KQ,로킷헬스케어,24600.0,8.5,428300000000.0,11005363737,74.2,-84.0,0,1,False,False,False,False,False,False,False,False,True,False,False
084110.KQ,휴온스글로벌,24500.0,8.3,310200000000.0,1093437092,21.9,-68.1,0,1,False,False,False,False,False,False,False,True,False,False,False
034220.KS,LG디스플레이,9010.0,8.2,4505000000000.0,49443590141,11.0,-49.8,0,0,False,False,False,False,False,False,False,False,False,False,False
075580.KS,세진중공업,9880.0,8.1,561700000000.0,2533918873,16.2,-63.9,0,0,False,False,False,False,False,False,False,False,False,False,False
382900.KQ,범한퓨얼셀,16940.0,8.0,148400000000.0,1357103525,43.4,-61.7,0,1,False,False,False,False,False,False,False,False,True,False,False
112040.KQ,위메이드,14860.0,7.9,504500000000.0,4680644800,18.2,-57.4,0,0,False,False,False,False,False,False,False,False,False,False,False
484590.KQ,삼양컴텍,6490.0,7.8,267500000000.0,1319156763,37.8,-71.3,0,2,False,False,False,False,False,False,False,True,True,False,False
247540.KQ,에코프로비엠,108000.0,7.7,10565700000000.0,59664333382,22.3,-58.5,0,1,False,False,False,False,True,False,False,False,False,False,False
215100.KQ,로보로보,3980.0,7.6,81000000000.0,1202843184,27.0,-74.0,0,0,False,False,False,False,False,False,False,False,False,False,False
474650.KQ,링크솔루션,22700.0,7.5,130600000000.0,1035686983,41.7,-75.7,0,1,False,False,False,False,False,False,False,False,True,False,False
011090.KS,에넥스,1190.0,7.4,14100000000.0,1635083901,31.1,-71.5,0,1,False,False,False,False,False,False,False,False,True,False,False
064350.KS,현대로템,122900.0,7.2,13413600000000.0,79317474910,8.7,-56.4,0,0,False,False,False,False,False,False,False,False,False,False,False
138610.KQ,나이벡,16050.0,7.1,182500000000.0,1312379254,42.9,-70.4,0,2,False,False,False,False,False,False,False,True,True,False,False
417860.KQ,오브젠,6960.0,7.0,32800000000.0,1200060692,19.8,-60.8,0,0,False,False,False,False,False,False,False,False,False,False,False
067160.KQ,SOOP,37850.0,6.9,435100000000.0,2557104947,2.4,-52.8,0,0,False,False,False,False,False,False,False,False,False,False,False
017860.KS,DS단석,11440.0,6.8,203200000000.0,1170858326,19.7,-56.7,0,0,False,False,False,False,False,False,False,False,False,False,False
900270.KQ,헝셩그룹,3760.0,6.7,19200000000.0,1455047317,79.0,-72.5,0,2,False,False,False,False,False,False,False,True,True,False,False
099430.KQ,바이오플러스,3330.0,6.6,205300000000.0,1013613893,8.6,-54.7,0,0,False,False,False,False,False,False,False,False,False,False,False
214370.KQ,케어젠,47300.0,6.5,2540700000000.0,5323797994,5.1,-69.2,0,1,False,False,False,False,True,False,False,False,False,False,False
439260.KS,대한조선,44500.0,6.4,1694900000000.0,3570223679,5.7,-59.4,0,1,False,False,False,False,True,False,False,False,False,False,False
439260.KS,대한조선,44500.0,6.4,1694900000000.0,3570223679,5.7,-59.4,0,1,False,False,False,False,True,False,False,False,False,False,False
475400.KQ,씨메스로보틱스,17110.0,6.1,202000000000.0,1301241339,27.5,-63.6,0,0,False,False,False,False,False,False,False,False,False,False,False
253450.KQ,스튜디오드래곤,21350.0,6.0,641700000000.0,1665451411,12.4,-58.1,0,0,False,False,False,False,False,False,False,False,False,False,False
003570.KS,SNT다이내믹스,28150.0,5.9,936100000000.0,2072010671,0.9,-63.2,0,0,False,False,True,False,False,False,False,False,False,False,False
092220.KS,KEC,2710.0,5.8,108800000000.0,1383808806,26.6,-74.1,0,1,False,False,False,False,True,False,False,False,False,False,False
432720.KQ,퀄리타스반도체,8530.0,5.7,121000000000.0,1190172229,49.1,-73.5,0,1,False,False,False,False,False,False,False,False,True,False,False
274090.KQ,켄코아에어로스페이스,9520.0,5.6,131100000000.0,2006457302,30.4,-76.0,0,2,False,False,False,False,True,False,False,False,True,False,False
230240.KQ,에치에프알,12130.0,5.5,161400000000.0,2889651288,7.8,-69.4,0,1,False,False,False,False,True,False,False,False,False,False,False
456160.KQ,지투지바이오,37050.0,5.4,616100000000.0,5662500763,65.4,-70.1,0,2,False,False,False,False,False,False,False,True,True,False,False
034230.KS,파라다이스,10040.0,5.3,930000000000.0,7192222723,9.6,-58.2,0,0,False,False,False,False,False,False,False,False,False,False,False
035900.KQ,JYP Ent.,38650.0,5.2,1373300000000.0,11827827011,1.6,-56.3,0,0,False,False,True,False,False,False,False,False,False,False,False
419530.KQ,SAMG엔터,19360.0,5.0,197600000000.0,2576780238,0.6,-70.7,0,0,False,False,False,False,False,False,False,False,False,False,False
488280.KQ,에스투더블유,9760.0,4.9,105700000000.0,1014461120,21.8,-75.6,0,0,False,False,False,False,False,False,False,False,False,False,False
039980.KQ,폴라리스AI,5000.0,4.8,71900000000.0,6126133093,33.0,-66.3,0,1,False,False,False,False,False,False,False,False,True,False,False
450080.KS,에코프로머티,35100.0,4.7,2485600000000.0,14670383080,29.5,-60.5,0,0,False,False,False,False,False,False,False,False,False,False,False
377480.KQ,마음AI,9720.0,4.6,69100000000.0,1728091881,25.7,-63.3,0,0,False,False,False,False,False,False,False,False,False,False,False
336570.KQ,원텍,4850.0,4.5,433000000000.0,3468682573,17.4,-57.6,0,0,False,False,False,False,False,False,False,False,False,False,False
085660.KQ,차바이오텍,8000.0,4.4,743800000000.0,3074388045,5.3,-66.6,0,1,False,False,False,False,True,False,False,False,False,False,False
462350.KQ,이노스페이스,5590.0,4.3,189400000000.0,2283114877,16.2,-73.1,0,1,False,False,False,False,True,False,False,False,False,False,False
042000.KQ,카페24,16040.0,4.2,387800000000.0,1233943088,6.9,-63.5,0,0,False,False,False,False,False,False,False,False,False,False,False
035760.KQ,CJ ENM,32150.0,4.1,705000000000.0,2693399147,14.4,-60.9,0,0,False,False,False,False,False,False,False,False,False,False,False
389650.KQ,넥스트바이오메디컬,32000.0,4.0,264900000000.0,1389342942,6.1,-68.3,0,0,False,False,False,False,False,False,False,False,False,False,False
011330.KS,유니켐,4360.0,3.8,43700000000.0,1371135811,42.5,-75.3,0,2,False,False,False,False,False,False,False,True,True,False,False
000250.KQ,삼천당제약,159000.0,3.7,3729700000000.0,35297009998,32.5,-87.1,0,2,False,False,False,False,True,False,False,False,True,False,False
298380.KQ,에이비엘바이오,69300.0,3.6,3879900000000.0,29767744980,15.9,-73.1,0,0,False,False,False,False,False,False,False,False,False,False,False
900300.KQ,오가닉티코스메틱,4060.0,3.5,83600000000.0,2313848908,163.5,-83.6,0,2,False,False,False,False,False,False,False,True,True,False,False
376300.KQ,디어유,17770.0,3.4,421800000000.0,1756855907,0.5,-69.8,0,0,False,False,False,False,False,False,False,False,False,False,False
381620.KQ,제닉스로보틱스,5810.0,3.3,76200000000.0,1140019544,27.4,-70.9,0,0,False,False,False,False,False,False,False,False,False,False,False
141080.KQ,리가켐바이오,90800.0,3.2,3361400000000.0,47161389834,18.1,-59.6,0,0,False,False,False,False,False,False,False,False,False,False,False
008830.KQ,대동기어,6200.0,3.1,118900000000.0,2550958428,13.7,-64.3,0,1,False,False,False,False,True,False,False,False,False,False,False
065350.KQ,신성델타테크,29000.0,3.0,797000000000.0,5347483339,28.3,-65.1,0,0,False,False,False,False,False,False,False,False,False,False,False
047920.KQ,HLB제약,7370.0,2.9,241700000000.0,2357726636,22.8,-66.9,0,0,False,False,False,False,False,False,False,False,False,False,False
484870.KS,엠앤씨솔루션,17700.0,2.7,486100000000.0,2318047341,36.0,-76.9,0,1,False,False,False,False,False,False,False,False,True,False,False
066910.KQ,손오공,1995.0,2.6,30700000000.0,1259555991,27.7,-66.8,0,0,False,False,False,False,False,False,False,False,False,False,False
287840.KQ,인투셀,18190.0,2.5,273200000000.0,1262338510,39.4,-75.7,0,1,False,False,False,False,False,False,False,False,True,False,False
900340.KQ,윙입푸드,1507.0,2.4,19000000000.0,1007614758,66.5,-68.6,0,2,False,False,False,False,False,False,False,True,True,False,False
087010.KQ,펩트론,157500.0,2.3,3672500000000.0,38323179276,60.7,-59.9,0,1,False,False,False,False,False,False,False,False,True,False,False
389470.KQ,인벤티지랩,27500.0,2.2,366000000000.0,1754376017,21.4,-73.0,0,0,False,False,False,False,False,False,False,False,False,False,False
051980.KQ,중앙첨단소재,1014.0,2.1,112600000000.0,1103516822,26.0,-76.7,0,1,False,False,False,False,False,False,False,True,False,False,False
322310.KQ,오로스테크놀로지,12480.0,2.0,116900000000.0,2186638637,14.4,-76.0,0,1,False,False,False,False,True,False,False,False,False,False,False
358570.KQ,지아이이노베이션,8100.0,1.9,522600000000.0,3916382853,25.2,-61.4,0,0,False,False,False,False,False,False,False,False,False,False,False
328130.KQ,루닛,8640.0,1.8,643300000000.0,3826814370,3.5,-64.8,0,0,False,False,False,False,False,False,False,False,False,False,False
348210.KQ,넥스틴,30800.0,1.6,322700000000.0,3227472230,24.2,-69.3,0,0,False,False,False,False,False,False,False,False,False,False,False
002020.KS,코오롱,25100.0,1.5,324000000000.0,2840503553,24.3,-71.5,0,1,False,False,False,False,True,False,False,False,False,False,False
062970.KQ,한국첨단소재,1914.0,1.4,54600000000.0,2469966965,0.8,-81.0,0,1,False,False,True,False,True,False,False,False,False,False,False
062970.KQ,한국첨단소재,1914.0,1.4,54600000000.0,2469966965,0.8,-81.0,0,1,False,False,True,False,True,False,False,False,False,False,False
160190.KQ,하이젠알앤엠,17330.0,1.2,535300000000.0,2471872402,57.5,-81.0,0,1,False,False,False,False,False,False,False,False,True,False,False
255220.KQ,SG,1084.0,1.1,118800000000.0,2389270522,4.7,-70.1,0,0,False,False,False,False,False,False,False,False,False,False,False
365330.KQ,에스와이스틸텍,1454.0,1.0,72900000000.0,1653504842,31.0,-74.2,0,1,False,False,False,False,False,False,False,False,True,False,False
082270.KQ,젬백스,10530.0,0.9,466200000000.0,2321724972,17.3,-82.7,0,0,False,False,False,False,False,False,False,False,False,False,False
397030.KQ,에이프릴바이오,17120.0,0.8,471800000000.0,8596370898,0.5,-77.7,0,1,False,False,False,False,True,False,False,False,False,False,False
348370.KQ,엔켐,19410.0,0.7,425300000000.0,6244450319,38.4,-81.5,0,1,False,False,False,False,False,False,False,False,True,False,False
210980.KS,SK디앤디,4220.0,0.5,78600000000.0,1572545061,59.9,-69.4,0,1,False,False,False,False,False,False,False,False,True,False,False
102940.KQ,코오롱생명과학,14700.0,0.4,192400000000.0,3566008601,11.3,-79.8,0,0,False,False,False,False,False,False,False,False,False,False,False
321370.KQ,센서뷰,1105.0,0.3,57100000000.0,3276288494,14.5,-95.7,0,1,False,False,False,False,True,False,False,False,False,False,False
950160.KQ,코오롱티슈진,17900.0,0.2,1521000000000.0,65022729623,56.1,-88.0,0,2,False,False,False,False,True,False,False,False,True,False,False
179900.KQ,유티아이,2175.0,0.1,43000000000.0,2139494847,29.5,-92.6,0,0,False,False,False,False,False,False,False,False,False,False,False
